1 0.0000000146666637
2 0.0000000136666655
3 0.8578129928333329
4 0.8527046668333335
5 0.5423000146666666
6 0.3200895973333333
7 0.2221544418333334
8 0.1374814416666666
9 0.1279319863333334
10 0.0421899973333333
11 -0.0000002853333363
12 -0.0000000863333345
13 0.5581170928333330
14 0.5902371668333334
15 0.3931067146666666
16 0.2605090973333333
17 0.1617542418333334
18 0.1098017416666666
19 0.0894627863333334
20 0.0233607973333333
21 -0.0000003853333361
22 -0.0000000863333345
23 0.3736498928333329
24 0.3722748668333334
25 0.2848201146666666
26 0.1827732973333333
27 0.1408593418333334
28 0.0930578416666666
29 0.0710100863333334
30 0.0206990973333333
31 -0.0000002853333363
32 -0.0000000863333345
33 0.2476568928333330
34 0.2430173668333334
35 0.2297198146666666
36 0.1278783973333333
37 0.1128955418333334
38 0.0734408416666666
39 0.0559768863333334
40 0.0136726973333333
41 -0.0000001853333362
42 0.0000000136666655
43 0.1812564928333330
44 0.1504506668333334
45 0.1709630146666666
46 0.1112827973333333
47 0.0835377418333334
48 0.0569199416666666
49 0.0440429863333334
50 0.0107184973333333
51 -0.0000002853333363
52 0.0000000136666655
53 0.1438875928333330
54 0.1270828668333334
55 0.1070895146666666
56 0.0847257973333333
57 0.0611899418333334
58 0.0415535416666666
59 0.0330209863333334
60 0.0062456973333333
61 -0.0000001853333362
62 -0.0000000863333345
63 0.0855320928333330
64 0.1381297668333334
65 0.0759947146666666
66 0.0569625973333333
67 0.0479506418333334
68 0.0300235416666666
69 0.0189875863333334
70 0.0027433973333333
71 -0.0000001853333362
72 0.0000000136666655
73 0.0278503928333330
74 0.1206631668333334
75 0.0804409146666666
76 0.0549918973333333
77 0.0348510418333334
78 0.0229162416666666
79 0.0091107863333334
80 0.0020304973333333
81 -0.0000001853333362
82 0.0000000136666655
83 0.0126294928333330
84 0.0817294668333334
85 0.0580122146666666
86 0.0474655973333333
87 0.0315728418333334
88 0.0179646416666666
89 0.0087268863333334
90 0.0006799973333333
91 -0.0000002853333363
92 -0.0000000863333345
93 0.0004634928333330
94 0.0640595668333334
95 0.0397254146666666
96 0.0306477973333333
97 0.0214197418333334
98 0.0114073416666666
99 0.0037066863333334
100 -0.0010001026666667
101 -0.0000002853333363
102 -0.0000000863333345
103 -0.0248957071666670
104 0.0638316668333334
105 0.0212556146666666
106 0.0205246973333333
107 0.0154448418333334
108 0.0063273416666666
109 -0.0000934136666666
110 -0.0025389026666667
111 0.0000000146666637
112 -0.0000000863333345
113 -0.0389693071666670
114 0.0393095668333334
115 0.0267572146666666
116 0.0142563973333333
117 0.0075654418333334
118 0.0031433416666666
119 -0.0045616136666666
120 -0.0029788026666667
121 -0.0000001853333362
122 -0.0000000863333345
123 -0.0382192071666670
124 0.0088011668333334
125 0.0314801146666666
126 0.0095224973333333
127 0.0003153418333334
128 0.0000255416666666
129 -0.0066608136666666
130 -0.0037181026666667
131 -0.0000003853333361
132 -0.0000000863333345
133 -0.0319702071666670
134 -0.0027827331666666
135 0.0138909146666666
136 0.0059891973333333
137 0.0032784418333334
138 -0.0036655583333334
139 -0.0090159136666666
140 -0.0045202026666667
141 -0.0000002853333363
142 -0.0000000863333345
143 -0.0281556071666670
144 -0.0148496331666666
145 0.0081296146666666
146 -0.0005148026666667
147 0.0029138418333334
148 -0.0060551583333334
149 -0.0097797136666666
150 -0.0047571026666667
151 -0.0000002853333363
152 -0.0000000863333345
153 -0.0293280071666670
154 -0.0189276331666666
155 0.0055712146666666
156 -0.0090042026666667
157 -0.0017385581666666
158 -0.0075273583333334
159 -0.0113184136666666
160 -0.0048161026666667
161 -0.0000002853333363
162 -0.0000000863333345
163 -0.0345665071666670
164 -0.0221895331666666
165 0.0001069146666666
166 -0.0085087026666667
167 -0.0086790581666666
168 -0.0077444583333334
169 -0.0134051136666666
170 -0.0048986026666667
171 -0.0000003853333361
172 -0.0000000863333345
173 -0.0372003071666670
174 -0.0132414331666666
175 -0.0181945853333334
176 -0.0052923026666667
177 -0.0160425581666666
178 -0.0125357583333334
179 -0.0137164136666666
180 -0.0048195026666667
181 -0.0000002853333363
182 -0.0000000863333345
183 -0.0261964071666670
184 -0.0072681331666666
185 -0.0239752853333334
186 -0.0175391026666667
187 -0.0150211581666666
188 -0.0171353583333334
189 -0.0169195136666666
190 -0.0055918026666667
191 -0.0000002853333363
192 -0.0000000863333345
193 -0.0104346071666670
194 -0.0103723331666666
195 -0.0180060853333334
196 -0.0209959026666667
197 -0.0202934581666666
198 -0.0183619583333334
199 -0.0185635136666666
200 -0.0063280026666667
201 -0.0000002853333363
202 -0.0000000863333345
203 -0.0106202071666670
204 -0.0139578331666666
205 -0.0113513853333334
206 -0.0195255026666667
207 -0.0178395581666666
208 -0.0203034583333334
209 -0.0205310136666666
210 -0.0066989026666667
211 -0.0000001853333362
212 -0.0000000863333345
213 -0.0168024071666670
214 -0.0140512331666666
215 -0.0075970853333334
216 -0.0218705026666667
217 -0.0169611581666666
218 -0.0181216583333334
219 -0.0199599136666666
220 -0.0069676026666667
221 -0.0000001853333362
222 0.0000000136666655
223 -0.0124510071666670
224 -0.0220386331666666
225 -0.0070121853333334
226 -0.0168885026666667
227 -0.0200316581666666
228 -0.0186498583333334
229 -0.0192019136666666
230 -0.0065792026666667
231 -0.0000002853333363
232 -0.0000000863333345
233 -0.0136108071666670
234 -0.0218156331666666
235 -0.0151912853333334
236 -0.0122565026666667
237 -0.0188258581666666
238 -0.0201776583333334
239 -0.0194379136666666
240 -0.0066759026666667
241 -0.0000002853333363
242 -0.0000000863333345
243 -0.0157675071666670
244 -0.0166392331666666
245 -0.0303131853333334
246 -0.0125853026666667
247 -0.0185199581666666
248 -0.0176509583333334
249 -0.0191952136666666
250 -0.0070944026666667
251 -0.0000003853333361
252 -0.0000000863333345
253 0.0016641928333330
254 -0.0219263331666666
255 -0.0277597853333334
256 -0.0185381026666667
257 -0.0209080581666666
258 -0.0183016583333334
259 -0.0206672136666666
260 -0.0071261026666667
261 0.0000000146666637
262 0.0000000136666655
263 0.0302367928333330
264 -0.0256096331666666
265 -0.0246014853333334
266 -0.0221670026666667
267 -0.0217707581666666
268 -0.0198299583333334
269 -0.0203311136666666
270 -0.0069728026666667
271 -0.0000002853333363
272 -0.0000000863333345
273 0.0357981928333330
274 -0.0183181331666666
275 -0.0261403853333334
276 -0.0220682026666667
277 -0.0189192581666666
278 -0.0205017583333334
279 -0.0222777136666666
280 -0.0070479026666667
281 -0.0000002853333363
282 0.0000000136666655
283 0.0184607928333330
284 -0.0204853331666666
285 -0.0116869853333334
286 -0.0226934026666667
287 -0.0194977581666666
288 -0.0197555583333334
289 -0.0218225136666666
290 -0.0070095026666667
291 -0.0000002853333363
292 -0.0000000863333345
293 0.0080665928333330
294 -0.0220785331666666
295 -0.0125241853333334
296 -0.0182134026666667
297 -0.0177162581666666
298 -0.0201184583333334
299 -0.0217712136666666
300 -0.0070575026666667
301 -0.0000002853333363
302 -0.0000000863333345
303 0.0145160928333330
304 -0.0258931331666666
305 -0.0176081853333334
306 -0.0209307026666667
307 -0.0184828581666666
308 -0.0178350583333334
309 -0.0211159136666666
310 -0.0067185026666667
311 -0.0000001853333362
312 -0.0000000863333345
313 0.0302468928333330
314 -0.0246503331666666
315 -0.0199572853333334
316 -0.0226673026666667
317 -0.0205159581666666
318 -0.0197154583333334
319 -0.0204434136666666
320 -0.0070908026666667
321 -0.0000003853333361
322 -0.0000000863333345
323 0.0305041928333330
324 -0.0156509331666666
325 -0.0147101853333334
326 -0.0208462026666667
327 -0.0210805581666666
328 -0.0188966583333334
329 -0.0210197136666666
330 -0.0073400026666667
331 -0.0000001853333362
332 0.0000000136666655
333 0.0288152928333330
334 -0.0166018331666666
335 -0.0130438853333334
336 -0.0141322026666667
337 -0.0228967581666666
338 -0.0162724583333334
339 -0.0213822136666666
340 -0.0067296026666667
341 -0.0000002853333363
342 -0.0000000863333345
343 0.0338419928333330
344 -0.0179852331666666
345 -0.0172815853333334
346 -0.0140380026666667
347 -0.0193663581666666
348 -0.0176022583333334
349 -0.0204788136666666
350 -0.0071313026666667
351 -0.0000002853333363
352 -0.0000000863333345
353 0.0373331928333330
354 -0.0046507331666666
355 -0.0240367853333334
356 -0.0202387026666667
357 -0.0176327581666666
358 -0.0170120583333334
359 -0.0197850136666666
360 -0.0069487026666667
361 -0.0000002853333363
362 -0.0000000863333345
363 0.0390197928333330
364 -0.0093372331666666
365 -0.0145355853333334
366 -0.0134802026666667
367 -0.0211237581666666
368 -0.0180796583333334
369 -0.0211294136666666
370 -0.0068724026666667
371 -0.0000001853333362
372 -0.0000000863333345
373 0.0354996928333330
374 -0.0064669331666666
375 -0.0142216853333334
376 -0.0100225026666667
377 -0.0191741581666666
378 -0.0192408583333334
379 -0.0199979136666666
380 -0.0068589026666667
381 -0.0000001853333362
382 -0.0000000863333345
383 0.0246304928333330
384 0.0175816668333334
385 -0.0181073853333334
386 -0.0164850026666667
387 -0.0193867581666666
388 -0.0183442583333334
389 -0.0198398136666666
390 -0.0067637026666667
391 -0.0000003853333361
392 -0.0000000863333345
393 0.0291654928333330
394 0.0186631668333334
395 -0.0164023853333334
396 -0.0146571026666667
397 -0.0213670581666666
398 -0.0186481583333334
399 -0.0191797136666666
400 -0.0062923026666667
401 -0.0000001853333362
402 0.0000000136666655
403 0.0537216928333330
404 -0.0002162331666666
405 -0.0062247853333334
406 -0.0213356026666667
407 -0.0211535581666666
408 -0.0181225583333334
409 -0.0193265136666666
410 -0.0059675026666667
411 -0.0000002853333363
412 -0.0000000863333345
413 0.0599913928333330
414 -0.0002314331666666
415 -0.0103602853333334
416 -0.0122699026666667
417 -0.0219223581666666
418 -0.0191362583333334
419 -0.0211920136666666
420 -0.0069854026666667
421 -0.0000002853333363
422 -0.0000000863333345
423 0.0433211928333330
424 0.0173718668333334
425 -0.0129733853333334
426 -0.0091112026666667
427 -0.0205519581666666
428 -0.0181957583333334
429 -0.0208039136666666
430 -0.0066914026666667
431 -0.0000002853333363
432 -0.0000000863333345
433 0.0313144928333330
434 0.0165869668333334
435 -0.0022725853333334
436 -0.0127451026666667
437 -0.0179793581666666
438 -0.0175796583333334
439 -0.0203634136666666
440 -0.0070590026666667
441 0.0000000146666637
442 -0.0000000863333345
443 0.0360248928333330
444 -0.0017293331666666
445 0.0026784146666666
446 -0.0130528026666667
447 -0.0160568581666666
448 -0.0156783583333334
449 -0.0195179136666666
450 -0.0062800026666667
451 -0.0000002853333363
452 -0.0000000863333345
453 0.0393101928333330
454 0.0086443668333334
455 -0.0075467853333334
456 -0.0108182026666667
457 -0.0144703581666666
458 -0.0163330583333334
459 -0.0197722136666666
460 -0.0062800026666667
461 -0.0000001853333362
462 -0.0000000863333345
463 0.0188008928333330
464 0.0356397668333334
465 -0.0098569853333334
466 -0.0127617026666667
467 -0.0156538581666666
468 -0.0167184583333334
469 -0.0195685136666666
470 -0.0064209026666667
471 -0.0000001853333362
472 -0.0000000863333345
473 0.0061247928333330
474 0.0230187668333334
475 -0.0017565853333334
476 -0.0127080026666667
477 -0.0175069581666666
478 -0.0158732583333334
479 -0.0194971136666666
480 -0.0064712026666667
481 -0.0000002853333363
482 -0.0000000863333345
483 0.0285571928333330
484 -0.0056217331666666
485 -0.0055368853333334
486 -0.0105715026666667
487 -0.0185994581666666
488 -0.0163204583333334
489 -0.0193568136666666
490 -0.0066011026666667
491 -0.0000001853333362
492 -0.0000000863333345
493 0.0451831928333330
494 0.0081803668333334
495 -0.0140642853333334
496 -0.0174380026666667
497 -0.0177891581666666
498 -0.0165462583333334
499 -0.0200609136666666
500 -0.0068569026666667
501 -0.0000003853333361
502 -0.0000000863333345
503 0.0401648928333330
504 0.0314732668333334
505 -0.0080376853333334
506 -0.0220385026666667
507 -0.0189248581666666
508 -0.0186445583333334
509 -0.0200329136666666
510 -0.0064013026666667
511 0.0000000146666637
512 -0.0000000863333345
513 0.0339795928333330
514 0.0414517668333334
515 -0.0030260853333334
516 -0.0181232026666667
517 -0.0197527581666666
518 -0.0190360583333334
519 -0.0200042136666666
520 -0.0067361026666667
521 -0.0000004853333362
522 -0.0000000863333345
523 0.0439419928333330
524 0.0380123668333334
525 -0.0030021853333334
526 -0.0155498026666667
527 -0.0171064581666666
528 -0.0175372583333334
529 -0.0206597136666666
530 -0.0068415026666667
531 -0.0000002853333363
532 -0.0000000863333345
533 0.0626778928333330
534 0.0213853668333334
535 0.0047713146666666
536 -0.0165989026666667
537 -0.0160434581666666
538 -0.0195666583333334
539 -0.0191298136666666
540 -0.0063961026666667
541 -0.0000001853333362
542 0.0000000136666655
543 0.0644480928333330
544 0.0174997668333334
545 0.0081088146666666
546 -0.0118299026666667
547 -0.0174568581666666
548 -0.0179971583333334
549 -0.0201117136666666
550 -0.0064466026666667
551 -0.0000001853333362
552 0.0000000136666655
553 0.0644543928333330
554 0.0339153668333334
555 0.0011175146666666
556 -0.0118403026666667
557 -0.0150440581666666
558 -0.0175044583333334
559 -0.0191702136666666
560 -0.0067061026666667
561 -0.0000001853333362
562 -0.0000000863333345
563 0.0829020928333330
564 0.0478295668333334
565 -0.0049882853333334
566 -0.0091717026666667
567 -0.0168736581666666
568 -0.0162373583333334
569 -0.0189734136666666
570 -0.0070307026666667
571 -0.0000002853333363
572 -0.0000000863333345
573 0.0962655928333330
574 0.0556678668333334
575 0.0005328146666666
576 -0.0042358026666667
577 -0.0135840581666666
578 -0.0170598583333334
579 -0.0172115136666666
580 -0.0069888026666667
581 -0.0000002853333363
582 -0.0000000863333345
583 0.0915827928333330
584 0.0656749668333334
585 0.0085569146666666
586 -0.0040680026666667
587 -0.0107042581666666
588 -0.0152721583333334
589 -0.0172896136666666
590 -0.0065170026666667
591 -0.0000001853333362
592 -0.0000000863333345
593 0.0948639928333330
594 0.0313364668333334
595 0.0293273146666666
596 -0.0004288026666667
597 -0.0065895581666666
598 -0.0121286583333334
599 -0.0175229136666666
600 -0.0061574026666667
601 -0.0000002853333363
602 0.0000000136666655
603 0.1030038928333330
604 0.0066496668333334
605 0.0216193146666666
606 0.0072617973333333
607 -0.0087469581666666
608 -0.0099431583333334
609 -0.0145177136666666
610 -0.0054679026666667
611 -0.0000002853333363
612 -0.0000000863333345
613 0.0918203928333330
614 0.0100707668333334
615 0.0092473146666666
616 0.0051964973333333
617 -0.0097889581666666
618 -0.0102904583333334
619 -0.0154858136666666
620 -0.0050733026666667
621 -0.0000002853333363
622 -0.0000000863333345
623 0.0781857928333330
624 0.0208487668333334
625 0.0051915146666666
626 -0.0048746026666667
627 -0.0043806581666666
628 -0.0107927583333334
629 -0.0147532136666666
630 -0.0057186026666667
631 -0.0000002853333363
632 0.0000000136666655
633 0.0698247928333330
634 0.0282962668333334
635 0.0139687146666666
636 -0.0050378026666667
637 -0.0073727581666666
638 -0.0115361583333334
639 -0.0149351136666666
640 -0.0056386026666667
641 -0.0000002853333363
642 -0.0000000863333345
643 0.0614621928333330
644 0.0347859668333334
645 0.0215355146666666
646 -0.0005277026666667
647 -0.0074223581666666
648 -0.0138139583333334
649 -0.0141673136666666
650 -0.0060695026666667
651 -0.0000001853333362
652 0.0000000136666655
653 0.0647874928333330
654 0.0344318668333334
655 0.0226565146666666
656 0.0026229973333333
657 -0.0088929581666666
658 -0.0123277583333334
659 -0.0158367136666666
660 -0.0054345026666667
661 -0.0000002853333363
662 -0.0000000863333345
663 0.0695316928333330
664 0.0391971668333334
665 0.0241676146666666
666 -0.0005054026666667
667 -0.0081132581666666
668 -0.0115883583333334
669 -0.0141182136666666
670 -0.0057441026666667
671 -0.0000002853333363
672 -0.0000000863333345
673 0.0602977928333330
674 0.0428529668333334
675 0.0313093146666666
676 0.0035767973333333
677 -0.0078320581666666
678 -0.0125739583333334
679 -0.0133918136666666
680 -0.0047898026666667
681 -0.0000002853333363
682 -0.0000000863333345
683 0.0542989928333330
684 0.0449832668333334
685 0.0174607146666666
686 0.0150506973333333
687 -0.0036090581666666
688 -0.0106836583333334
689 -0.0133288136666666
690 -0.0051646026666667
691 0.0000000146666637
692 -0.0000000863333345
693 0.0574177928333330
694 0.0409558668333334
695 0.0131774146666666
696 0.0084626973333333
697 -0.0012203581666666
698 -0.0076716583333334
699 -0.0128806136666666
700 -0.0053105026666667
701 -0.0000002853333363
702 0.0000000136666655
703 0.0451330928333330
704 0.0223272668333334
705 0.0333577146666666
706 0.0048890973333333
707 -0.0019940581666666
708 -0.0094782583333334
709 -0.0126627136666666
710 -0.0053682026666667
711 -0.0000002853333363
712 0.0000000136666655
713 0.0327416928333330
714 0.0033899668333334
715 0.0408564146666666
716 0.0146340973333333
717 -0.0007283581666666
718 -0.0097733583333334
719 -0.0138065136666666
720 -0.0052116026666667
721 -0.0000003853333361
722 -0.0000000863333345
723 0.0372174928333330
724 0.0097735668333334
725 0.0288913146666666
726 0.0078395973333333
727 -0.0032838581666666
728 -0.0082366583333334
729 -0.0114325136666666
730 -0.0048026026666667
731 -0.0000003853333361
732 -0.0000000863333345
733 0.0437644928333330
734 0.0171907668333334
735 0.0221271146666666
736 0.0112373973333333
737 -0.0097499581666666
738 -0.0101421583333334
739 -0.0129773136666666
740 -0.0045530026666667
741 -0.0000001853333362
742 -0.0000000863333345
743 0.0399515928333330
744 0.0295132668333334
745 0.0249210146666666
746 0.0081567973333333
747 -0.0068986581666666
748 -0.0097553583333334
749 -0.0145776136666666
750 -0.0055757026666667
751 -0.0000004853333362
752 -0.0000000863333345
753 0.0336358928333330
754 0.0381342668333334
755 0.0196662146666666
756 0.0036833973333333
757 -0.0019424581666666
758 -0.0105242583333334
759 -0.0139567136666666
760 -0.0049851026666667
761 -0.0000001853333362
762 -0.0000000863333345
763 0.0328379928333330
764 0.0256726668333334
765 0.0144939146666666
766 0.0052964973333333
767 -0.0045966581666666
768 -0.0076736583333334
769 -0.0134913136666666
770 -0.0047593026666667
771 -0.0000003853333361
772 -0.0000000863333345
773 0.0351137928333330
774 0.0169494668333334
775 -0.0025029853333334
776 0.0048289973333333
777 -0.0051617581666666
778 -0.0083316583333334
779 -0.0112883136666666
780 -0.0044357026666667
781 -0.0000001853333362
782 -0.0000000863333345
783 0.0379132928333330
784 0.0145881668333334
785 -0.0070235853333334
786 0.0047697973333333
787 -0.0102531581666666
788 -0.0111273583333334
789 -0.0129045136666666
790 -0.0048655026666667
791 -0.0000003853333361
792 -0.0000000863333345
793 0.0325338928333330
794 0.0112230668333334
795 -0.0021545853333334
796 -0.0022889026666667
797 -0.0057666581666666
798 -0.0099207583333334
799 -0.0145734136666666
800 -0.0050843026666667
801 -0.0000002853333363
802 -0.0000000863333345
803 0.0182881928333330
804 0.0123504668333334
805 0.0051893146666666
806 -0.0000106026666667
807 -0.0126212581666666
808 -0.0132185583333334
809 -0.0136336136666666
810 -0.0050453026666667
811 -0.0000003853333361
812 -0.0000000863333345
813 0.0174355928333330
814 0.0127384668333334
815 -0.0065411853333334
816 0.0009307973333333
817 -0.0102756581666666
818 -0.0120523583333334
819 -0.0166737136666666
820 -0.0054871026666667
821 -0.0000003853333361
822 -0.0000000863333345
823 0.0237108928333330
824 0.0132484668333334
825 -0.0103527853333334
826 -0.0066222026666667
827 -0.0115350581666666
828 -0.0119180583333334
829 -0.0163031136666666
830 -0.0055164026666667
831 -0.0000001853333362
832 -0.0000000863333345
833 0.0282090928333330
834 0.0113251668333334
835 -0.0129654853333334
836 -0.0091069026666667
837 -0.0152484581666666
838 -0.0124816583333334
839 -0.0169923136666666
840 -0.0061514026666667
841 -0.0000001853333362
842 0.0000000136666655
843 0.0310707928333330
844 0.0190974668333334
845 -0.0147135853333334
846 -0.0161748026666667
847 -0.0162583581666666
848 -0.0147147583333334
849 -0.0171360136666666
850 -0.0062435026666667
851 -0.0000002853333363
852 -0.0000000863333345
853 0.0499928928333330
854 0.0255448668333334
855 -0.0132665853333334
856 -0.0166170026666667
857 -0.0168538581666666
858 -0.0169936583333334
859 -0.0182542136666666
860 -0.0065583026666667
861 -0.0000002853333363
862 -0.0000000863333345
863 0.0815949928333330
864 0.0219897668333334
865 -0.0087326853333334
866 -0.0119893026666667
867 -0.0172348581666666
868 -0.0141483583333334
869 -0.0195559136666666
870 -0.0066787026666667
871 -0.0000003853333361
872 0.0000000136666655
873 0.0895531928333330
874 0.0256612668333334
875 -0.0051686853333334
876 -0.0073669026666667
877 -0.0104014581666666
878 -0.0153291583333334
879 -0.0191793136666666
880 -0.0065355026666667
881 -0.0000003853333361
882 -0.0000000863333345
883 0.0703434928333330
884 0.0438971668333334
885 -0.0031133853333334
886 -0.0053442026666667
887 -0.0121340581666666
888 -0.0143561583333334
889 -0.0184587136666666
890 -0.0053523026666667
891 0.0000000146666637
892 -0.0000000863333345
893 0.0460556928333330
894 0.0497074668333334
895 0.0098143146666666
896 -0.0038451026666667
897 -0.0126127581666666
898 -0.0133747583333334
899 -0.0178664136666666
900 -0.0064421026666667
901 -0.0000001853333362
902 0.0000000136666655
903 0.0254689928333330
904 0.0505377668333334
905 0.0247379146666666
906 -0.0093205026666667
907 -0.0085771581666666
908 -0.0131418583333334
909 -0.0163685136666666
910 -0.0063740026666667
911 -0.0000001853333362
912 -0.0000000863333345
913 0.0264694928333330
914 0.0456184668333334
915 0.0144226146666666
916 -0.0023839026666667
917 -0.0037206581666666
918 -0.0117704583333334
919 -0.0150806136666666
920 -0.0058044026666667
921 -0.0000004853333362
922 -0.0000000863333345
923 0.0504931928333330
924 0.0385637668333334
925 -0.0003104853333334
926 0.0021173973333333
927 -0.0046001581666666
928 -0.0097096583333334
929 -0.0129071136666666
930 -0.0054242026666667
931 -0.0000002853333363
932 -0.0000000863333345
933 0.0770607928333330
934 0.0324784668333334
935 0.0055297146666666
936 -0.0008265026666667
937 -0.0067283581666666
938 -0.0104948583333334
939 -0.0134946136666666
940 -0.0052647026666667
941 -0.0000001853333362
942 -0.0000000863333345
943 0.0896655928333330
944 0.0486815668333334
945 0.0093505146666666
946 -0.0057351026666667
947 -0.0074872581666666
948 -0.0113153583333334
949 -0.0132831136666666
950 -0.0056612026666667
951 -0.0000002853333363
952 -0.0000000863333345
953 0.0940431928333330
954 0.0647070668333334
955 0.0099778146666666
956 -0.0105737026666667
957 -0.0056068581666666
958 -0.0090179583333334
959 -0.0144395136666666
960 -0.0050812026666667
961 0.0000000146666637
962 -0.0000000863333345
963 0.1002637928333330
964 0.0699189668333334
965 0.0053376146666666
966 -0.0055473026666667
967 -0.0066090581666666
968 -0.0104175583333334
969 -0.0136467136666666
970 -0.0048648026666667
971 -0.0000002853333363
972 0.0000000136666655
973 0.0869767928333330
974 0.0799238668333334
975 0.0009768146666666
976 0.0023612973333333
977 -0.0108451581666666
978 -0.0080928583333334
979 -0.0130242136666666
980 -0.0049329026666667
981 -0.0000001853333362
982 -0.0000000863333345
983 0.0632016928333330
984 0.0712608668333334
985 0.0244794146666666
986 -0.0039095026666667
987 -0.0057012581666666
988 -0.0084771583333334
989 -0.0128245136666666
990 -0.0047386026666667
991 -0.0000002853333363
992 -0.0000000863333345
993 0.0373229928333330
994 0.0756621668333334
995 0.0181211146666666
996 0.0005336973333333
997 -0.0045652581666666
998 -0.0070488583333334
999 -0.0134947136666666
1000 -0.0045253026666667
1001 -0.0000002853333363
1002 0.0000000136666655
1003 0.0137501928333330
1004 0.0812410668333334
1005 0.0126939146666666
1006 -0.0007845026666667
1007 -0.0056779581666666
1008 -0.0086100583333334
1009 -0.0114961136666666
1010 -0.0033874026666667
1011 -0.0000001853333362
1012 0.0000000136666655
1013 0.0063267928333330
1014 0.0633827668333334
1015 0.0162120146666666
1016 0.0026545973333333
1017 -0.0055666581666666
1018 -0.0117205583333334
1019 -0.0118762136666666
1020 -0.0040749026666667
1021 -0.0000001853333362
1022 -0.0000000863333345
1023 0.0101988928333330
1024 0.0338823668333334
1025 0.0165641146666666
1026 0.0103833973333333
1027 -0.0074335581666666
1028 -0.0098957583333334
1029 -0.0137220136666666
1030 -0.0043668026666667
1031 -0.0000001853333362
1032 -0.0000000863333345
1033 0.0121677928333330
1034 0.0254638668333334
1035 0.0109393146666666
1036 0.0020654973333333
1037 -0.0088487581666666
1038 -0.0104362583333334
1039 -0.0116368136666666
1040 -0.0047913026666667
1041 -0.0000001853333362
1042 0.0000000136666655
1043 0.0132471928333330
1044 0.0168252668333334
1045 0.0120442146666666
1046 -0.0019723026666667
1047 -0.0094290581666666
1048 -0.0135969583333334
1049 -0.0131880136666666
1050 -0.0048795026666667
1051 -0.0000003853333361
1052 0.0000000136666655
1053 0.0041603928333330
1054 0.0183827668333334
1055 0.0101864146666666
1056 -0.0070450026666667
1057 -0.0069560581666666
1058 -0.0114510583333334
1059 -0.0162464136666666
1060 -0.0058184026666667
1061 0.0000000146666637
1062 0.0000000136666655
1063 -0.0074978071666670
1064 0.0229238668333334
1065 -0.0052718853333334
1066 -0.0027620026666667
1067 -0.0117780581666666
1068 -0.0137353583333334
1069 -0.0151205136666666
1070 -0.0055338026666667
1071 -0.0000001853333362
1072 0.0000000136666655
1073 -0.0095692071666670
1074 0.0037559668333334
1075 -0.0070015853333334
1076 -0.0070547026666667
1077 -0.0119549581666666
1078 -0.0136022583333334
1079 -0.0164670136666666
1080 -0.0058026026666667
1081 -0.0000002853333363
1082 -0.0000000863333345
1083 -0.0046706071666670
1084 -0.0135891331666666
1085 -0.0092894853333334
1086 -0.0130167026666667
1087 -0.0126717581666666
1088 -0.0147641583333334
1089 -0.0159267136666666
1090 -0.0061692026666667
1091 -0.0000003853333361
1092 -0.0000000863333345
1093 -0.0055346071666670
1094 -0.0094891331666666
1095 -0.0117769853333334
1096 -0.0196533026666667
1097 -0.0167152581666666
1098 -0.0167665583333334
1099 -0.0165093136666666
1100 -0.0058618026666667
1101 -0.0000003853333361
1102 -0.0000000863333345
1103 -0.0097466071666670
1104 -0.0012020331666666
1105 -0.0225592853333334
1106 -0.0177999026666667
1107 -0.0178057581666666
1108 -0.0180022583333334
1109 -0.0202823136666666
1110 -0.0064876026666667
1111 -0.0000001853333362
1112 -0.0000000863333345
1113 -0.0012555071666670
1114 -0.0108045331666666
1115 -0.0309147853333334
1116 -0.0145297026666667
1117 -0.0213223581666666
1118 -0.0169173583333334
1119 -0.0205133136666666
1120 -0.0069562026666667
1121 -0.0000001853333362
1122 -0.0000000863333345
1123 0.0023902928333330
1124 -0.0142545331666666
1125 -0.0239787853333334
1126 -0.0172893026666667
1127 -0.0206012581666666
1128 -0.0193426583333334
1129 -0.0207138136666666
1130 -0.0066437026666667
1131 -0.0000001853333362
1132 -0.0000000863333345
1133 -0.0043645071666670
1134 -0.0104464331666666
1135 -0.0155117853333334
1136 -0.0152002026666667
1137 -0.0197413581666666
1138 -0.0191102583333334
1139 -0.0208722136666666
1140 -0.0065386026666667
1141 -0.0000003853333361
1142 -0.0000000863333345
1143 -0.0133095071666670
1144 -0.0137474331666666
1145 -0.0103835853333334
1146 -0.0142277026666667
1147 -0.0164626581666666
1148 -0.0187494583333334
1149 -0.0210526136666666
1150 -0.0069028026666667
1151 -0.0000001853333362
1152 0.0000000136666655
1153 -0.0088026071666670
1154 -0.0115483331666666
1155 -0.0218038853333334
1156 -0.0164903026666667
1157 -0.0142690581666666
1158 -0.0179954583333334
1159 -0.0203505136666666
1160 -0.0070916026666667
1161 -0.0000001853333362
1162 0.0000000136666655
1163 0.0082945928333330
1164 -0.0071688331666666
1165 -0.0271116853333334
1166 -0.0148552026666667
1167 -0.0192218581666666
1168 -0.0188788583333334
1169 -0.0209059136666666
1170 -0.0069607026666667
1171 -0.0000001853333362
1172 -0.0000000863333345
1173 0.0050152928333330
1174 0.0192100668333334
1175 -0.0259763853333334
1176 -0.0175667026666667
1177 -0.0183408581666666
1178 -0.0205231583333334
1179 -0.0211330136666666
1180 -0.0066538026666667
1181 -0.0000002853333363
1182 0.0000000136666655
1183 -0.0020923071666670
1184 0.0346020668333334
1185 -0.0154343853333334
1186 -0.0152642026666667
1187 -0.0214490581666666
1188 -0.0211183583333334
1189 -0.0213070136666666
1190 -0.0065746026666667
1191 -0.0000002853333363
1192 -0.0000000863333345
1193 0.0122876928333330
1194 0.0255501668333334
1195 -0.0123463853333334
1196 -0.0105309026666667
1197 -0.0172073581666666
1198 -0.0193491583333334
1199 -0.0223942136666666
1200 -0.0075341026666667
1201 -0.0000003853333361
1202 -0.0000000863333345
1203 0.0293948928333330
1204 0.0117361668333334
1205 -0.0056605853333334
1206 -0.0129197026666667
1207 -0.0154943581666666
1208 -0.0192002583333334
1209 -0.0195040136666666
1210 -0.0072043026666667
1211 -0.0000001853333362
1212 -0.0000000863333345
1213 0.0333230928333330
1214 0.0064633668333334
1215 -0.0025023853333334
1216 -0.0134208026666667
1217 -0.0169947581666666
1218 -0.0172233583333334
1219 -0.0184416136666666
1220 -0.0066018026666667
1221 -0.0000001853333362
1222 -0.0000000863333345
1223 0.0327228928333330
1224 0.0154260668333334
1225 -0.0122765853333334
1226 -0.0118190026666667
1227 -0.0131001581666666
1228 -0.0151873583333334
1229 -0.0190704136666666
1230 -0.0066179026666667
1231 -0.0000002853333363
1232 0.0000000136666655
1233 0.0320793928333330
1234 0.0291615668333334
1235 -0.0120065853333334
1236 -0.0109786026666667
1237 -0.0159601581666666
1238 -0.0157087583333334
1239 -0.0181639136666666
1240 -0.0061250026666667
1241 -0.0000003853333361
1242 -0.0000000863333345
1243 0.0268107928333330
1244 0.0240359668333334
1245 0.0029705146666666
1246 -0.0128414026666667
1247 -0.0149328581666666
1248 -0.0164047583333334
1249 -0.0164334136666666
1250 -0.0061773026666667
1251 -0.0000001853333362
1252 -0.0000000863333345
1253 0.0169017928333330
1254 0.0202193668333334
1255 0.0011838146666666
1256 -0.0046294026666667
1257 -0.0144205581666666
1258 -0.0165646583333334
1259 -0.0177166136666666
1260 -0.0056993026666667
1261 -0.0000001853333362
1262 -0.0000000863333345
1263 0.0141507928333330
1264 0.0189771668333334
1265 -0.0062975853333334
1266 -0.0015716026666667
1267 -0.0132104581666666
1268 -0.0148169583333334
1269 -0.0175979136666666
1270 -0.0060172026666667
1271 -0.0000002853333363
1272 -0.0000000863333345
1273 0.0325776928333330
1274 0.0096933668333334
1275 -0.0078412853333334
1276 -0.0023211026666667
1277 -0.0111888581666666
1278 -0.0149086583333334
1279 -0.0180376136666666
1280 -0.0065929026666667
1281 -0.0000001853333362
1282 -0.0000000863333345
1283 0.0544505928333330
1284 0.0112488668333334
1285 -0.0039297853333334
1286 -0.0105089026666667
1287 -0.0098854581666666
1288 -0.0159872583333334
1289 -0.0173411136666666
1290 -0.0061918026666667
1291 0.0000000146666637
1292 -0.0000000863333345
1293 0.0692111928333330
1294 0.0058956668333334
1295 -0.0008456853333334
1296 -0.0022098026666667
1297 -0.0166040581666666
1298 -0.0163804583333334
1299 -0.0183765136666666
1300 -0.0063850026666667
1301 -0.0000002853333363
1302 -0.0000000863333345
1303 0.0785916928333330
1304 -0.0029597331666666
1305 0.0023079146666666
1306 -0.0048314026666667
1307 -0.0140898581666666
1308 -0.0168884583333334
1309 -0.0179664136666666
1310 -0.0067857026666667
1311 0.0000000146666637
1312 -0.0000000863333345
1313 0.0898438928333330
1314 0.0024127668333334
1315 0.0027885146666666
1316 -0.0123997026666667
1317 -0.0143910581666666
1318 -0.0161498583333334
1319 -0.0181840136666666
1320 -0.0066076026666667
1321 -0.0000001853333362
1322 -0.0000000863333345
1323 0.0986185928333330
1324 0.0132813668333334
1325 -0.0052242853333334
1326 -0.0063512026666667
1327 -0.0144373581666666
1328 -0.0155588583333334
1329 -0.0178132136666666
1330 -0.0067906026666667
1331 -0.0000003853333361
1332 0.0000000136666655
1333 0.0815012928333330
1334 0.0217375668333334
1335 0.0015482146666666
1336 -0.0080494026666667
1337 -0.0102106581666666
1338 -0.0119446583333334
1339 -0.0180023136666666
1340 -0.0063281026666667
1341 -0.0000001853333362
1342 0.0000000136666655
1343 0.0636579928333330
1344 0.0276664668333334
1345 0.0132207146666666
1346 -0.0074530026666667
1347 -0.0129122581666666
1348 -0.0120487583333334
1349 -0.0163903136666666
1350 -0.0058861026666667
1351 0.0000000146666637
1352 0.0000000136666655
1353 0.0693932928333330
1354 0.0394551668333334
1355 0.0114652146666666
1356 -0.0060813026666667
1357 -0.0104270581666666
1358 -0.0146813583333334
1359 -0.0158851136666666
1360 -0.0061143026666667
1361 -0.0000002853333363
1362 0.0000000136666655
1363 0.0773397928333330
1364 0.0545418668333334
1365 0.0123119146666666
1366 -0.0024683026666667
1367 -0.0096935581666666
1368 -0.0133338583333334
1369 -0.0163127136666666
1370 -0.0064379026666667
1371 -0.0000002853333363
1372 0.0000000136666655
1373 0.0845918928333330
1374 0.0590357668333334
1375 0.0225665146666666
1376 0.0029354973333333
1377 -0.0110936581666666
1378 -0.0126298583333334
1379 -0.0176100136666666
1380 -0.0056263026666667
1381 -0.0000002853333363
1382 0.0000000136666655
1383 0.0887808928333330
1384 0.0596509668333334
1385 0.0211599146666666
1386 0.0041076973333333
1387 -0.0029721581666666
1388 -0.0127188583333334
1389 -0.0152159136666666
1390 -0.0054455026666667
1391 -0.0000002853333363
1392 0.0000000136666655
1393 0.0934332928333330
1394 0.0603421668333334
1395 0.0126920146666666
1396 0.0072972973333333
1397 -0.0062637581666666
1398 -0.0113890583333334
1399 -0.0137936136666666
1400 -0.0047803026666667
1401 -0.0000002853333363
1402 -0.0000000863333345
1403 0.0694693928333330
1404 0.0685375668333334
1405 0.0251543146666666
1406 0.0043831973333333
1407 -0.0055961581666666
1408 -0.0106110583333334
1409 -0.0142014136666666
1410 -0.0052025026666667
1411 -0.0000001853333362
1412 0.0000000136666655
1413 0.0430971928333330
1414 0.0561434668333334
1415 0.0367903146666666
1416 0.0040901973333333
1417 0.0011174418333334
1418 -0.0076635583333334
1419 -0.0137969136666666
1420 -0.0049488026666667
1421 -0.0000001853333362
1422 -0.0000000863333345
1423 0.0379944928333330
1424 0.0385084668333334
1425 0.0208556146666666
1426 0.0114192973333333
1427 0.0013203418333334
1428 -0.0050060583333334
1429 -0.0114502136666666
1430 -0.0044938026666667
1431 -0.0000003853333361
1432 -0.0000000863333345
1433 0.0322876928333330
1434 0.0370876668333334
1435 0.0059135146666666
1436 0.0079542973333333
1437 -0.0011034581666666
1438 -0.0042713583333334
1439 -0.0117003136666666
1440 -0.0037971026666667
1441 -0.0000003853333361
1442 0.0000000136666655
1443 0.0179037928333330
1444 0.0194780668333334
1445 0.0142719146666666
1446 0.0017647973333333
1447 -0.0026308581666666
1448 -0.0067228583333334
1449 -0.0112264136666666
1450 -0.0038399026666667
1451 -0.0000003853333361
1452 -0.0000000863333345
1453 0.0012972928333330
1454 0.0099253668333334
1455 0.0135580146666666
1456 0.0020945973333333
1457 -0.0044865581666666
1458 -0.0091646583333334
1459 -0.0104998136666666
1460 -0.0043664026666667
1461 -0.0000002853333363
1462 0.0000000136666655
1463 -0.0070471071666670
1464 0.0142411668333334
1465 0.0104839146666666
1466 -0.0057421026666667
1467 -0.0048228581666666
1468 -0.0095676583333334
1469 -0.0137240136666666
1470 -0.0050941026666667
1471 -0.0000001853333362
1472 0.0000000136666655
1473 -0.0150717071666670
1474 0.0193979668333334
1475 0.0065607146666666
1476 -0.0126085026666667
1477 -0.0101442581666666
1478 -0.0096046583333334
1479 -0.0135277136666666
1480 -0.0051209026666667
1481 -0.0000001853333362
1482 -0.0000000863333345
1483 -0.0140315071666670
1484 -0.0022913331666666
1485 0.0077751146666666
1486 -0.0137064026666667
1487 -0.0124991581666666
1488 -0.0122657583333334
1489 -0.0154326136666666
1490 -0.0055606026666667
1491 0.0000000146666637
1492 -0.0000000863333345
1493 0.0031546928333330
1494 -0.0167214331666666
1495 -0.0086339853333334
1496 -0.0103608026666667
1497 -0.0143051581666666
1498 -0.0123030583333334
1499 -0.0172145136666666
1500 -0.0057294026666667
1501 -0.0000002853333363
1502 0.0000000136666655
1503 0.0214318928333330
1504 -0.0068419331666666
1505 -0.0243122853333334
1506 -0.0151600026666667
1507 -0.0149260581666666
1508 -0.0164598583333334
1509 -0.0172784136666666
1510 -0.0061602026666667
1511 0.0000000146666637
1512 -0.0000000863333345
1513 0.0069509928333330
1514 0.0128765668333334
1515 -0.0198723853333334
1516 -0.0189623026666667
1517 -0.0187925581666666
1518 -0.0176081583333334
1519 -0.0185279136666666
1520 -0.0061306026666667
1521 -0.0000002853333363
1522 -0.0000000863333345
1523 -0.0294554071666670
1524 0.0173340668333334
1525 -0.0083363853333334
1526 -0.0123403026666667
1527 -0.0184279581666666
1528 -0.0162041583333334
1529 -0.0199918136666666
1530 -0.0069649026666667
1531 0.0000000146666637
1532 -0.0000000863333345
1533 -0.0515533071666670
1534 0.0118748668333334
1535 -0.0097062853333334
1536 -0.0080516026666667
1537 -0.0147167581666666
1538 -0.0141734583333334
1539 -0.0183619136666666
1540 -0.0065486026666667
1541 -0.0000003853333361
1542 0.0000000136666655
1543 -0.0601505071666670
1544 -0.0005914331666666
1545 -0.0119828853333334
1546 -0.0082032026666667
1547 -0.0143982581666666
1548 -0.0125787583333334
1549 -0.0174424136666666
1550 -0.0062484026666667
1551 -0.0000002853333363
1552 0.0000000136666655
1553 -0.0649720071666670
1554 -0.0167357331666666
1555 -0.0158186853333334
1556 -0.0065837026666667
1557 -0.0147163581666666
1558 -0.0148494583333334
1559 -0.0174852136666666
1560 -0.0056019026666667
1561 -0.0000001853333362
1562 -0.0000000863333345
1563 -0.0708046071666670
1564 -0.0273004331666666
1565 -0.0134183853333334
1566 -0.0129097026666667
1567 -0.0166452581666666
1568 -0.0142969583333334
1569 -0.0181447136666666
1570 -0.0065205026666667
1571 -0.0000001853333362
1572 0.0000000136666655
1573 -0.0729754071666670
1574 -0.0349394331666666
1575 -0.0128783853333334
1576 -0.0189690026666667
1577 -0.0161349581666666
1578 -0.0166103583333334
1579 -0.0178718136666666
1580 -0.0065562026666667
1581 -0.0000001853333362
1582 0.0000000136666655
1583 -0.0725146071666670
1584 -0.0452023331666666
1585 -0.0138255853333334
1586 -0.0177585026666667
1587 -0.0185639581666666
1588 -0.0198779583333334
1589 -0.0184484136666666
1590 -0.0063358026666667
1591 -0.0000001853333362
1592 0.0000000136666655
1593 -0.0674022071666670
1594 -0.0485425331666666
1595 -0.0180802853333334
1596 -0.0202294026666667
1597 -0.0197834581666666
1598 -0.0214190583333334
1599 -0.0192987136666666
1600 -0.0069694026666667
1601 -0.0000002853333363
1602 -0.0000000863333345
1603 -0.0442134071666670
1604 -0.0539670331666666
1605 -0.0235661853333334
1606 -0.0202552026666667
1607 -0.0229834581666666
1608 -0.0195415583333334
1609 -0.0225406136666666
1610 -0.0069413026666667
1611 -0.0000003853333361
1612 -0.0000000863333345
1613 -0.0174162071666670
1614 -0.0455831331666666
1615 -0.0283338853333334
1616 -0.0237921026666667
1617 -0.0236224581666666
1618 -0.0198861583333334
1619 -0.0231432136666666
1620 -0.0075643026666667
1621 -0.0000003853333361
1622 0.0000000136666655
1623 0.0036384928333330
1624 -0.0268621331666666
1625 -0.0307457853333334
1626 -0.0264968026666667
1627 -0.0258192581666666
1628 -0.0213504583333334
1629 -0.0220697136666666
1630 -0.0073333026666667
1631 -0.0000002853333363
1632 -0.0000000863333345
1633 0.0081182928333330
1634 0.0007405668333334
1635 -0.0321713853333334
1636 -0.0322213026666667
1637 -0.0248169581666666
1638 -0.0213321583333334
1639 -0.0239417136666666
1640 -0.0073578026666667
1641 -0.0000003853333361
1642 0.0000000136666655
1643 0.0046840928333330
1644 0.0084579668333334
1645 -0.0227431853333334
1646 -0.0280867026666667
1647 -0.0257756581666666
1648 -0.0223461583333334
1649 -0.0239805136666666
1650 -0.0075747026666667
1651 -0.0000001853333362
1652 -0.0000000863333345
1653 0.0160505928333330
1654 0.0066029668333334
1655 -0.0200474853333334
1656 -0.0233158026666667
1657 -0.0251039581666666
1658 -0.0228854583333334
1659 -0.0234505136666666
1660 -0.0074261026666667
1661 -0.0000001853333362
1662 0.0000000136666655
1663 0.0237698928333330
1664 0.0052279668333334
1665 -0.0133694853333334
1666 -0.0198556026666667
1667 -0.0267494581666666
1668 -0.0237737583333334
1669 -0.0231904136666666
1670 -0.0073958026666667
1671 -0.0000001853333362
1672 -0.0000000863333345
1673 0.0220169928333330
1674 0.0040299668333334
1675 -0.0105662853333334
1676 -0.0201776026666667
1677 -0.0208306581666666
1678 -0.0221660583333334
1679 -0.0232045136666666
1680 -0.0074938026666667
1681 -0.0000001853333362
1682 -0.0000000863333345
1683 0.0240845928333330
1684 -0.0033028331666666
1685 -0.0115699853333334
1686 -0.0175048026666667
1687 -0.0230100581666666
1688 -0.0195393583333334
1689 -0.0207222136666666
1690 -0.0069395026666667
1691 -0.0000002853333363
1692 -0.0000000863333345
1693 0.0281468928333330
1694 -0.0051396331666666
1695 -0.0114085853333334
1696 -0.0196034026666667
1697 -0.0235740581666666
1698 -0.0199355583333334
1699 -0.0208378136666666
1700 -0.0070927026666667
1701 -0.0000002853333363
1702 -0.0000000863333345
1703 0.0274916928333330
1704 -0.0083963331666666
1705 -0.0126565853333334
1706 -0.0169214026666667
1707 -0.0233059581666666
1708 -0.0181455583333334
1709 -0.0224486136666666
1710 -0.0072834026666667
1711 0.0000001146666637
1712 -0.0000000863333345
1713 0.0324075928333330
1714 -0.0077404331666666
1715 -0.0172511853333334
1716 -0.0218235026666667
1717 -0.0223544581666666
1718 -0.0181194583333334
1719 -0.0217558136666666
1720 -0.0070921026666667
1721 -0.0000002853333363
1722 0.0000000136666655
1723 0.0507126928333330
1724 0.0046795668333334
1725 -0.0222393853333334
1726 -0.0238710026666667
1727 -0.0224173581666666
1728 -0.0200609583333334
1729 -0.0208686136666666
1730 -0.0073439026666667
1731 -0.0000002853333363
1732 -0.0000000863333345
1733 0.0726485928333330
1734 0.0258378668333334
1735 -0.0234048853333334
1736 -0.0195536026666667
1737 -0.0224676581666666
1738 -0.0202213583333334
1739 -0.0212954136666666
1740 -0.0070739026666667
1741 0.0000000146666637
1742 0.0000000136666655
1743 0.0966802928333330
1744 0.0310864668333334
1745 -0.0106378853333334
1746 -0.0170903026666667
1747 -0.0199508581666666
1748 -0.0194629583333334
1749 -0.0198050136666666
1750 -0.0070992026666667
1751 -0.0000001853333362
1752 -0.0000000863333345
1753 0.0964341928333330
1754 0.0443303668333334
1755 0.0006779146666666
1756 -0.0150248026666667
1757 -0.0172060581666666
1758 -0.0179847583333334
1759 -0.0198702136666666
1760 -0.0067398026666667
1761 -0.0000001853333362
1762 -0.0000000863333345
1763 0.0929545928333330
1764 0.0572141668333334
1765 -0.0042435853333334
1766 -0.0080599026666667
1767 -0.0129546581666666
1768 -0.0175327583333334
1769 -0.0187340136666666
1770 -0.0065064026666667
1771 -0.0000001853333362
1772 -0.0000000863333345
1773 0.1020818928333330
1774 0.0616859668333334
1775 -0.0080951853333334
1776 -0.0093882026666667
1777 -0.0112160581666666
1778 -0.0159879583333334
1779 -0.0175807136666666
1780 -0.0060396026666667
1781 -0.0000001853333362
1782 -0.0000000863333345
1783 0.1055648928333330
1784 0.0554062668333334
1785 0.0080693146666666
1786 -0.0081997026666667
1787 -0.0160063581666666
1788 -0.0153149583333334
1789 -0.0160372136666666
1790 -0.0060280026666667
1791 -0.0000002853333363
1792 -0.0000000863333345
1793 0.1035122928333330
1794 0.0357764668333334
1795 0.0215039146666666
1796 0.0000278973333333
1797 -0.0093093581666666
1798 -0.0129626583333334
1799 -0.0159629136666666
1800 -0.0063605026666667
1801 -0.0000003853333361
1802 -0.0000000863333345
1803 0.0958756928333330
1804 0.0333328668333334
1805 0.0111650146666666
1806 0.0033863973333333
1807 -0.0063632581666666
1808 -0.0082258583333334
1809 -0.0130734136666666
1810 -0.0053111026666667
1811 -0.0000001853333362
1812 0.0000000136666655
1813 0.0710029928333330
1814 0.0447793668333334
1815 -0.0028711853333334
1816 0.0041274973333333
1817 -0.0081521581666666
1818 -0.0079581583333334
1819 -0.0118907136666666
1820 -0.0049290026666667
1821 0.0000000146666637
1822 0.0000000136666655
1823 0.0433494928333330
1824 0.0516875668333334
1825 -0.0056801853333334
1826 0.0011025973333333
1827 -0.0112414581666666
1828 -0.0105414583333334
1829 -0.0132660136666666
1830 -0.0052702026666667
1831 -0.0000001853333362
1832 -0.0000000863333345
1833 0.0211750928333330
1834 0.0516443668333334
1835 -0.0065726853333334
1836 -0.0040283026666667
1837 -0.0060467581666666
1838 -0.0130482583333334
1839 -0.0142885136666666
1840 -0.0047651026666667
1841 -0.0000004853333362
1842 -0.0000000863333345
1843 0.0009433928333330
1844 0.0432545668333334
1845 0.0000956146666666
1846 -0.0027236026666667
1847 -0.0112989581666666
1848 -0.0111353583333334
1849 -0.0161665136666666
1850 -0.0048581026666667
1851 -0.0000001853333362
1852 0.0000000136666655
1853 -0.0025618071666670
1854 0.0214993668333334
1855 0.0042363146666666
1856 -0.0069125026666667
1857 -0.0119145581666666
1858 -0.0138409583333334
1859 -0.0139218136666666
1860 -0.0059350026666667
1861 -0.0000001853333362
1862 -0.0000000863333345
1863 0.0126718928333330
1864 -0.0007322331666666
1865 0.0012309146666666
1866 -0.0120649026666667
1867 -0.0145107581666666
1868 -0.0152570583333334
1869 -0.0152412136666666
1870 -0.0058440026666667
1871 -0.0000002853333363
1872 -0.0000000863333345
1873 0.0295375928333330
1874 -0.0043931331666666
1875 -0.0147043853333334
1876 -0.0160329026666667
1877 -0.0151084581666666
1878 -0.0164648583333334
1879 -0.0176438136666666
1880 -0.0056914026666667
1881 -0.0000003853333361
1882 -0.0000000863333345
1883 0.0205751928333330
1884 0.0011599668333334
1885 -0.0197123853333334
1886 -0.0149839026666667
1887 -0.0151228581666666
1888 -0.0160485583333334
1889 -0.0196109136666666
1890 -0.0064647026666667
1891 0.0000000146666637
1892 -0.0000000863333345
1893 0.0025121928333330
1894 -0.0046874331666666
1895 -0.0110636853333334
1896 -0.0166638026666667
1897 -0.0179649581666666
1898 -0.0155898583333334
1899 -0.0178033136666666
1900 -0.0064574026666667
1901 -0.0000001853333362
1902 -0.0000000863333345
1903 -0.0122005071666670
1904 -0.0023866331666666
1905 -0.0158072853333334
1906 -0.0141426026666667
1907 -0.0179609581666666
1908 -0.0163910583333334
1909 -0.0182076136666666
1910 -0.0067332026666667
1911 -0.0000003853333361
1912 0.0000000136666655
1913 -0.0287857071666670
1914 -0.0091654331666666
1915 -0.0123611853333334
1916 -0.0146087026666667
1917 -0.0147898581666666
1918 -0.0153739583333334
1919 -0.0197244136666666
1920 -0.0062282026666667
1921 -0.0000002853333363
1922 -0.0000000863333345
1923 -0.0450849071666670
1924 -0.0155789331666666
1925 -0.0104531853333334
1926 -0.0170634026666667
1927 -0.0150681581666666
1928 -0.0163535583333334
1929 -0.0200684136666666
1930 -0.0066769026666667
1931 -0.0000003853333361
1932 -0.0000000863333345
1933 -0.0522490071666670
1934 -0.0140808331666666
1935 -0.0191139853333334
1936 -0.0159391026666667
1937 -0.0176722581666666
1938 -0.0174894583333334
1939 -0.0195106136666666
1940 -0.0066913026666667
1941 -0.0000002853333363
1942 0.0000000136666655
1943 -0.0396412071666670
1944 -0.0054140331666666
1945 -0.0312211853333334
1946 -0.0170351026666667
1947 -0.0220250581666666
1948 -0.0187520583333334
1949 -0.0215568136666666
1950 -0.0065457026666667
1951 -0.0000002853333363
1952 0.0000000136666655
1953 -0.0136653071666670
1954 -0.0113642331666666
1955 -0.0301313853333334
1956 -0.0198756026666667
1957 -0.0221668581666666
1958 -0.0204048583333334
1959 -0.0223174136666666
1960 -0.0070934026666667
1961 -0.0000001853333362
1962 -0.0000000863333345
1963 0.0019391928333330
1964 -0.0183200331666666
1965 -0.0229924853333334
1966 -0.0212977026666667
1967 -0.0221622581666666
1968 -0.0202854583333334
1969 -0.0217242136666666
1970 -0.0076980026666667
1971 -0.0000003853333361
1972 -0.0000000863333345
1973 -0.0115988071666670
1974 -0.0118235331666666
1975 -0.0185936853333334
1976 -0.0159998026666667
1977 -0.0246141581666666
1978 -0.0211849583333334
1979 -0.0209259136666666
1980 -0.0077748026666667
1981 -0.0000002853333363
1982 -0.0000000863333345
1983 -0.0329569071666670
1984 -0.0119543331666666
1985 -0.0171228853333334
1986 -0.0170778026666667
1987 -0.0212759581666666
1988 -0.0170437583333334
1989 -0.0216783136666666
1990 -0.0071606026666667
1991 -0.0000001853333362
1992 -0.0000000863333345
1993 -0.0366751071666670
1994 -0.0233351331666666
1995 -0.0189926853333334
1996 -0.0214141026666667
1997 -0.0202493581666666
1998 -0.0172204583333334
1999 -0.0205835136666666
2000 -0.0063886026666667
2001 -0.0000002853333363
2002 -0.0000000863333345
2003 -0.0293520071666670
2004 -0.0296462331666666
2005 -0.0224850853333334
2006 -0.0182332026666667
2007 -0.0222588581666666
2008 -0.0201809583333334
2009 -0.0220189136666666
2010 -0.0071757026666667
2011 0.0000000146666637
2012 -0.0000000863333345
2013 -0.0219333071666670
2014 -0.0284000331666666
2015 -0.0177439853333334
2016 -0.0225357026666667
2017 -0.0208925581666666
2018 -0.0192119583333334
2019 -0.0226804136666666
2020 -0.0065898026666667
2021 -0.0000002853333363
2022 -0.0000000863333345
2023 -0.0064198071666670
2024 -0.0336978331666666
2025 -0.0174528853333334
2026 -0.0196530026666667
2027 -0.0222132581666666
2028 -0.0187499583333334
2029 -0.0219988136666666
2030 -0.0066816026666667
2031 -0.0000001853333362
2032 0.0000000136666655
2033 0.0160562928333330
2034 -0.0308423331666666
2035 -0.0249056853333334
2036 -0.0247586026666667
2037 -0.0209136581666666
2038 -0.0179231583333334
2039 -0.0213668136666666
2040 -0.0073286026666667
2041 -0.0000002853333363
2042 -0.0000000863333345
2043 0.0397532928333330
2044 -0.0260465331666666
2045 -0.0273778853333334
2046 -0.0279717026666667
2047 -0.0214157581666666
2048 -0.0197495583333334
2049 -0.0208551136666666
2050 -0.0071064026666667
2051 -0.0000001853333362
2052 -0.0000000863333345
2053 0.0568828928333330
2054 -0.0220077331666666
2055 -0.0250763853333334
2056 -0.0255130026666667
2057 -0.0236013581666666
2058 -0.0209770583333334
2059 -0.0212139136666666
2060 -0.0069291026666667
2061 -0.0000002853333363
2062 -0.0000000863333345
2063 0.0728819928333330
2064 -0.0189264331666666
2065 -0.0205752853333334
2066 -0.0249145026666667
2067 -0.0235167581666666
2068 -0.0204033583333334
2069 -0.0229025136666666
2070 -0.0076715026666667
2071 -0.0000002853333363
2072 -0.0000000863333345
2073 0.0857371928333330
2074 -0.0140053331666666
2075 -0.0196562853333334
2076 -0.0225607026666667
2077 -0.0235212581666666
2078 -0.0208154583333334
2079 -0.0230075136666666
2080 -0.0075028026666667
2081 0.0000000146666637
2082 -0.0000000863333345
2083 0.0895075928333330
2084 -0.0064822331666666
2085 -0.0191590853333334
2086 -0.0140447026666667
2087 -0.0218775581666666
2088 -0.0202588583333334
2089 -0.0225390136666666
2090 -0.0075497026666667
2091 -0.0000001853333362
2092 -0.0000000863333345
2093 0.0824614928333330
2094 0.0011959668333334
2095 -0.0119495853333334
2096 -0.0135522026666667
2097 -0.0181958581666666
2098 -0.0186779583333334
2099 -0.0207928136666666
2100 -0.0066372026666667
2101 -0.0000001853333362
2102 0.0000000136666655
2103 0.0607835928333330
2104 0.0044871668333334
2105 0.0009499146666666
2106 -0.0194823026666667
2107 -0.0193136581666666
2108 -0.0185667583333334
2109 -0.0194857136666666
2110 -0.0063391026666667
2111 -0.0000002853333363
2112 -0.0000000863333345
2113 0.0362592928333330
2114 0.0093780668333334
2115 -0.0070047853333334
2116 -0.0185043026666667
2117 -0.0205634581666666
2118 -0.0186612583333334
2119 -0.0191233136666666
2120 -0.0059281026666667
2121 -0.0000001853333362
2122 -0.0000000863333345
2123 0.0179552928333330
2124 0.0150308668333334
2125 -0.0089126853333334
2126 -0.0236832026666667
2127 -0.0189332581666666
2128 -0.0183558583333334
2129 -0.0199231136666666
2130 -0.0066921026666667
2131 -0.0000002853333363
2132 -0.0000000863333345
2133 0.0066106928333330
2134 0.0208313668333334
2135 0.0030900146666666
2136 -0.0266534026666667
2137 -0.0215819581666666
2138 -0.0186484583333334
2139 -0.0213554136666666
2140 -0.0065668026666667
2141 -0.0000001853333362
2142 -0.0000000863333345
2143 0.0133950928333330
2144 0.0251017668333334
2145 0.0030010146666666
2146 -0.0223465026666667
2147 -0.0203418581666666
2148 -0.0202830583333334
2149 -0.0197767136666666
2150 -0.0067408026666667
2151 -0.0000001853333362
2152 -0.0000000863333345
2153 0.0252579928333330
2154 0.0211878668333334
2155 -0.0096451853333334
2156 -0.0140594026666667
2157 -0.0182815581666666
2158 -0.0179825583333334
2159 -0.0213286136666666
2160 -0.0066858026666667
2161 -0.0000001853333362
2162 0.0000000136666655
2163 0.0317836928333330
2164 0.0084350668333334
2165 -0.0165881853333334
2166 -0.0163715026666667
2167 -0.0150501581666666
2168 -0.0171024583333334
2169 -0.0195608136666666
2170 -0.0062023026666667
2171 -0.0000003853333361
2172 -0.0000000863333345
2173 0.0429676928333330
2174 -0.0114494331666666
2175 -0.0072300853333334
2176 -0.0249347026666667
2177 -0.0139038581666666
2178 -0.0173957583333334
2179 -0.0195189136666666
2180 -0.0067952026666667
2181 -0.0000001853333362
2182 -0.0000000863333345
2183 0.0559032928333330
2184 -0.0177853331666666
2185 -0.0065596853333334
2186 -0.0233359026666667
2187 -0.0152995581666666
2188 -0.0188691583333334
2189 -0.0194689136666666
2190 -0.0065467026666667
2191 -0.0000003853333361
2192 0.0000000136666655
2193 0.0542432928333330
2194 0.0001254668333334
2195 -0.0102909853333334
2196 -0.0184778026666667
2197 -0.0169008581666666
2198 -0.0182039583333334
2199 -0.0201960136666666
2200 -0.0064676026666667
2201 -0.0000001853333362
2202 -0.0000000863333345
2203 0.0342089928333330
2204 0.0238838668333334
2205 -0.0095530853333334
2206 -0.0191446026666667
2207 -0.0167586581666666
2208 -0.0158157583333334
2209 -0.0189627136666666
2210 -0.0063310026666667
2211 -0.0000003853333361
2212 -0.0000000863333345
2213 0.0185394928333330
2214 0.0356411668333334
2215 -0.0093129853333334
2216 -0.0161458026666667
2217 -0.0148557581666666
2218 -0.0168951583333334
2219 -0.0197487136666666
2220 -0.0063734026666667
2221 -0.0000003853333361
2222 0.0000000136666655
2223 0.0109468928333330
2224 0.0262703668333334
2225 0.0058815146666666
2226 -0.0157368026666667
2227 -0.0153823581666666
2228 -0.0156528583333334
2229 -0.0186624136666666
2230 -0.0065435026666667
2231 -0.0000002853333363
2232 -0.0000000863333345
2233 0.0068863928333330
2234 0.0153754668333334
2235 0.0072851146666666
2236 -0.0062284026666667
2237 -0.0154149581666666
2238 -0.0122457583333334
2239 -0.0192526136666666
2240 -0.0061675026666667
2241 0.0000001146666637
2242 -0.0000000863333345
2243 0.0020069928333330
2244 0.0106030668333334
2245 0.0143980146666666
2246 -0.0052666026666667
2247 -0.0162512581666666
2248 -0.0123715583333334
2249 -0.0168094136666666
2250 -0.0060342026666667
2251 -0.0000001853333362
2252 0.0000000136666655
2253 0.0025673928333330
2254 0.0117108668333334
2255 0.0138491146666666
2256 -0.0037904026666667
2257 -0.0106027581666666
2258 -0.0131275583333334
2259 -0.0162099136666666
2260 -0.0061247026666667
2261 -0.0000002853333363
2262 -0.0000000863333345
2263 0.0086708928333330
2264 0.0099370668333334
2265 0.0129998146666666
2266 -0.0028581026666667
2267 -0.0072848581666666
2268 -0.0118117583333334
2269 -0.0163775136666666
2270 -0.0061983026666667
2271 -0.0000003853333361
2272 -0.0000000863333345
2273 0.0084494928333330
2274 0.0120814668333334
2275 0.0161735146666666
2276 -0.0018539026666667
2277 -0.0110999581666666
2278 -0.0134474583333334
2279 -0.0146954136666666
2280 -0.0055708026666667
2281 -0.0000002853333363
2282 0.0000000136666655
2283 0.0090216928333330
2284 0.0263684668333334
2285 0.0122224146666666
2286 -0.0055095026666667
2287 -0.0085297581666666
2288 -0.0153422583333334
2289 -0.0161447136666666
2290 -0.0052182026666667
2291 0.0000000146666637
2292 -0.0000000863333345
2293 0.0108521928333330
2294 0.0416973668333334
2295 0.0092027146666666
2296 -0.0086746026666667
2297 -0.0086062581666666
2298 -0.0115227583333334
2299 -0.0156533136666666
2300 -0.0058064026666667
2301 -0.0000003853333361
2302 -0.0000000863333345
2303 0.0256513928333330
2304 0.0402710668333334
2305 0.0012407146666666
2306 -0.0028678026666667
2307 -0.0071402581666666
2308 -0.0096704583333334
2309 -0.0153014136666666
2310 -0.0055531026666667
2311 0.0000000146666637
2312 -0.0000000863333345
2313 0.0303623928333330
2314 0.0305174668333334
2315 0.0053302146666666
2316 0.0006280973333333
2317 -0.0105108581666666
2318 -0.0087444583333334
2319 -0.0140100136666666
2320 -0.0053745026666667
2321 -0.0000001853333362
2322 0.0000000136666655
2323 0.0107210928333330
2324 0.0227490668333334
2325 0.0122636146666666
2326 -0.0004868026666667
2327 -0.0071704581666666
2328 -0.0109623583333334
2329 -0.0132748136666666
2330 -0.0056478026666667
2331 -0.0000002853333363
2332 -0.0000000863333345
2333 -0.0010094071666670
2334 0.0122848668333334
2335 0.0017266146666666
2336 0.0024071973333333
2337 -0.0088354581666666
2338 -0.0098757583333334
2339 -0.0164701136666666
2340 -0.0059040026666667
2341 -0.0000002853333363
2342 -0.0000000863333345
2343 -0.0045871071666670
2344 0.0096022668333334
2345 0.0006690146666666
2346 0.0007013973333333
2347 -0.0142068581666666
2348 -0.0104372583333334
2349 -0.0157104136666666
2350 -0.0063755026666667
2351 -0.0000001853333362
2352 -0.0000000863333345
2353 0.0090684928333330
2354 0.0071346668333334
2355 0.0061445146666666
2356 -0.0091996026666667
2357 -0.0141926581666666
2358 -0.0123324583333334
2359 -0.0172318136666666
2360 -0.0057658026666667
2361 -0.0000002853333363
2362 -0.0000000863333345
2363 0.0183843928333330
2364 0.0080353668333334
2365 0.0057120146666666
2366 -0.0129347026666667
2367 -0.0163501581666666
2368 -0.0123860583333334
2369 -0.0158644136666666
2370 -0.0061764026666667
2371 -0.0000001853333362
2372 0.0000000136666655
2373 0.0133941928333330
2374 0.0126186668333334
2375 -0.0010564853333334
2376 -0.0130328026666667
2377 -0.0163430581666666
2378 -0.0120147583333334
2379 -0.0155623136666666
2380 -0.0060589026666667
2381 -0.0000001853333362
2382 -0.0000000863333345
2383 0.0034806928333330
2384 0.0189695668333334
2385 -0.0159001853333334
2386 -0.0114109026666667
2387 -0.0122130581666666
2388 -0.0109268583333334
2389 -0.0160360136666666
2390 -0.0060873026666667
2391 -0.0000002853333363
2392 -0.0000000863333345
2393 -0.0104866071666670
2394 0.0195809668333334
2395 -0.0100839853333334
2396 -0.0110085026666667
2397 -0.0158973581666666
2398 -0.0114592583333334
2399 -0.0156468136666666
2400 -0.0062981026666667
2401 -0.0000002853333363
2402 -0.0000000863333345
2403 -0.0150362071666670
2404 0.0154245668333334
2405 -0.0019857853333334
2406 -0.0127996026666667
2407 -0.0141331581666666
2408 -0.0128776583333334
2409 -0.0165467136666666
2410 -0.0052382026666667
2411 -0.0000002853333363
2412 0.0000001136666655
2413 -0.0093226071666670
2414 -0.0017632331666666
2415 0.0011061146666666
2416 -0.0119775026666667
2417 -0.0137862581666666
2418 -0.0119524583333334
2419 -0.0128123136666666
2420 -0.0056385026666667
2421 0.0000000146666637
2422 -0.0000000863333345
2423 -0.0084135071666670
2424 -0.0077508331666666
2425 -0.0034818853333334
2426 -0.0125817026666667
2427 -0.0137043581666666
2428 -0.0123480583333334
2429 -0.0143435136666666
2430 -0.0046056026666667
2431 -0.0000001853333362
2432 -0.0000000863333345
2433 -0.0140497071666670
2434 -0.0004426331666666
2435 -0.0075863853333334
2436 -0.0153994026666667
2437 -0.0137839581666666
2438 -0.0119068583333334
2439 -0.0144106136666666
2440 -0.0059981026666667
2441 0.0000000146666637
2442 -0.0000000863333345
2443 -0.0256188071666670
2444 0.0102997668333334
2445 -0.0000366853333334
2446 -0.0143817026666667
2447 -0.0156569581666666
2448 -0.0136978583333334
2449 -0.0146387136666666
2450 -0.0060615026666667
2451 -0.0000002853333363
2452 -0.0000000863333345
2453 -0.0269143071666670
2454 0.0084859668333334
2455 0.0110832146666666
2456 -0.0189907026666667
2457 -0.0153394581666666
2458 -0.0134347583333334
2459 -0.0145734136666666
2460 -0.0059401026666667
2461 -0.0000002853333363
2462 -0.0000000863333345
2463 -0.0149347071666670
2464 0.0015616668333334
2465 0.0077309146666666
2466 -0.0154760026666667
2467 -0.0173563581666666
2468 -0.0140762583333334
2469 -0.0131436136666666
2470 -0.0061338026666667
2471 -0.0000002853333363
2472 -0.0000000863333345
2473 0.0050237928333330
2474 0.0025906668333334
2475 -0.0065947853333334
2476 -0.0123054026666667
2477 -0.0147794581666666
2478 -0.0129318583333334
2479 -0.0159161136666666
2480 -0.0050853026666667
2481 -0.0000002853333363
2482 -0.0000000863333345
2483 0.0365888928333330
2484 0.0037977668333334
2485 -0.0081125853333334
2486 -0.0173824026666667
2487 -0.0148593581666666
2488 -0.0129358583333334
2489 -0.0149255136666666
2490 -0.0053459026666667
2491 -0.0000001853333362
2492 -0.0000000863333345
2493 0.0717728928333330
2494 0.0063616668333334
2495 -0.0121851853333334
2496 -0.0165703026666667
2497 -0.0150568581666666
2498 -0.0125682583333334
2499 -0.0157895136666666
2500 -0.0059493026666667
2501 -0.0000001853333362
2502 -0.0000000863333345
2503 0.0866639928333330
2504 0.0166723668333334
2505 -0.0113233853333334
2506 -0.0188692026666667
2507 -0.0141655581666666
2508 -0.0141851583333334
2509 -0.0151501136666666
2510 -0.0059734026666667
2511 -0.0000003853333361
2512 -0.0000000863333345
2513 0.0747325928333330
2514 0.0264031668333334
2515 -0.0048700853333334
2516 -0.0168830026666667
2517 -0.0141561581666666
2518 -0.0152866583333334
2519 -0.0167069136666666
2520 -0.0054802026666667
2521 -0.0000001853333362
2522 0.0000000136666655
2523 0.0562810928333330
2524 0.0238069668333334
2525 0.0036326146666666
2526 -0.0125659026666667
2527 -0.0160013581666666
2528 -0.0122236583333334
2529 -0.0169597136666666
2530 -0.0057337026666667
2531 -0.0000002853333363
2532 -0.0000000863333345
2533 0.0437731928333330
2534 0.0210091668333334
2535 0.0126148146666666
2536 -0.0131875026666667
2537 -0.0176225581666666
2538 -0.0125465583333334
2539 -0.0171920136666666
2540 -0.0058294026666667
2541 -0.0000004853333362
2542 -0.0000000863333345
2543 0.0328332928333330
2544 0.0255154668333334
2545 0.0206140146666666
2546 -0.0088307026666667
2547 -0.0145367581666666
2548 -0.0139354583333334
2549 -0.0184314136666666
2550 -0.0061452026666667
2551 -0.0000002853333363
2552 -0.0000000863333345
2553 0.0322176928333330
2554 0.0205799668333334
2555 0.0218110146666666
2556 -0.0009790026666667
2557 -0.0105778581666666
2558 -0.0149171583333334
2559 -0.0165779136666666
2560 -0.0067733026666667
2561 -0.0000002853333363
2562 -0.0000000863333345
2563 0.0407781928333330
2564 0.0120837668333334
2565 0.0145669146666666
2566 -0.0032097026666667
2567 -0.0061608581666666
2568 -0.0127937583333334
2569 -0.0169903136666666
2570 -0.0055410026666667
2571 -0.0000001853333362
2572 0.0000000136666655
2573 0.0426969928333330
2574 0.0193130668333334
2575 0.0015851146666666
2576 0.0005191973333333
2577 -0.0064739581666666
2578 -0.0121072583333334
2579 -0.0160582136666666
2580 -0.0052807026666667
2581 -0.0000002853333363
2582 -0.0000000863333345
2583 0.0361147928333330
2584 0.0402835668333334
2585 0.0063790146666666
2586 -0.0069605026666667
2587 -0.0101031581666666
2588 -0.0105534583333334
2589 -0.0160013136666666
2590 -0.0053390026666667
2591 -0.0000002853333363
2592 0.0000000136666655
2593 0.0255699928333330
2594 0.0499256668333334
2595 0.0217772146666666
2596 -0.0077935026666667
2597 -0.0108594581666666
2598 -0.0116898583333334
2599 -0.0157415136666666
2600 -0.0058326026666667
2601 -0.0000003853333361
2602 -0.0000000863333345
2603 0.0226797928333330
2604 0.0571397668333334
2605 0.0125173146666666
2606 0.0037216973333333
2607 -0.0114436581666666
2608 -0.0108828583333334
2609 -0.0149607136666666
2610 -0.0058643026666667
2611 -0.0000002853333363
2612 -0.0000000863333345
2613 0.0288815928333330
2614 0.0572536668333334
2615 0.0100204146666666
2616 0.0029453973333333
2617 -0.0124859581666666
2618 -0.0125326583333334
2619 -0.0145241136666666
2620 -0.0057131026666667
2621 0.0000000146666637
2622 -0.0000000863333345
2623 0.0278555928333330
2624 0.0567927668333334
2625 0.0098669146666666
2626 0.0032650973333333
2627 -0.0117707581666666
2628 -0.0134182583333334
2629 -0.0163838136666666
2630 -0.0056496026666667
2631 -0.0000002853333363
2632 -0.0000000863333345
2633 0.0360620928333330
2634 0.0432177668333334
2635 0.0121958146666666
2636 0.0055338973333333
2637 -0.0063889581666666
2638 -0.0121257583333334
2639 -0.0168974136666666
2640 -0.0053674026666667
2641 -0.0000002853333363
2642 -0.0000000863333345
2643 0.0334530928333330
2644 0.0506316668333334
2645 0.0130528146666666
2646 -0.0003065026666667
2647 -0.0060408581666666
2648 -0.0097733583333334
2649 -0.0151632136666666
2650 -0.0054478026666667
2651 -0.0000002853333363
2652 -0.0000000863333345
2653 0.0262963928333330
2654 0.0405023668333334
2655 0.0282536146666666
2656 -0.0042440026666667
2657 -0.0034622581666666
2658 -0.0124026583333334
2659 -0.0124845136666666
2660 -0.0051578026666667
2661 -0.0000001853333362
2662 -0.0000000863333345
2663 0.0214076928333330
2664 0.0314731668333334
2665 0.0306748146666666
2666 0.0034771973333333
2667 -0.0063540581666666
2668 -0.0114912583333334
2669 -0.0142295136666666
2670 -0.0053101026666667
2671 -0.0000002853333363
2672 -0.0000000863333345
2673 0.0163150928333330
2674 0.0319985668333334
2675 0.0173415146666666
2676 0.0070433973333333
2677 -0.0074360581666666
2678 -0.0105423583333334
2679 -0.0116710136666666
2680 -0.0048651026666667
2681 -0.0000003853333361
2682 -0.0000000863333345
2683 0.0102547928333330
2684 0.0288459668333334
2685 0.0098242146666666
2686 -0.0020900026666667
2687 -0.0058202581666666
2688 -0.0083665583333334
2689 -0.0125745136666666
2690 -0.0048649026666667
2691 -0.0000003853333361
2692 -0.0000000863333345
2693 0.0097067928333330
2694 0.0163907668333334
2695 0.0105192146666666
2696 -0.0081268026666667
2697 -0.0083056581666666
2698 -0.0097574583333334
2699 -0.0142818136666666
2700 -0.0048289026666667
2701 -0.0000002853333363
2702 -0.0000000863333345
2703 0.0106388928333330
2704 0.0086144668333334
2705 0.0047720146666666
2706 -0.0068938026666667
2707 -0.0107220581666666
2708 -0.0112112583333334
2709 -0.0145592136666666
2710 -0.0052081026666667
2711 -0.0000003853333361
2712 -0.0000000863333345
2713 -0.0043190071666670
2714 0.0163884668333334
2715 -0.0005271853333334
2716 -0.0087894026666667
2717 -0.0117474581666666
2718 -0.0138389583333334
2719 -0.0158190136666666
2720 -0.0058039026666667
2721 -0.0000001853333362
2722 -0.0000000863333345
2723 -0.0094778071666670
2724 -0.0013144331666666
2725 0.0095358146666666
2726 -0.0087835026666667
2727 -0.0112200581666666
2728 -0.0148747583333334
2729 -0.0175895136666666
2730 -0.0053703026666667
2731 -0.0000002853333363
2732 -0.0000000863333345
2733 -0.0025588071666670
2734 -0.0153325331666666
2735 0.0180604146666666
2736 -0.0095260026666667
2737 -0.0163531581666666
2738 -0.0145955583333334
2739 -0.0191908136666666
2740 -0.0061516026666667
2741 -0.0000001853333362
2742 0.0000000136666655
2743 0.0003512928333330
2744 -0.0067518331666666
2745 0.0056717146666666
2746 -0.0088398026666667
2747 -0.0171310581666666
2748 -0.0156392583333334
2749 -0.0189254136666666
2750 -0.0063642026666667
2751 -0.0000002853333363
2752 0.0000000136666655
2753 0.0022494928333330
2754 0.0039422668333334
2755 -0.0074926853333334
2756 -0.0109132026666667
2757 -0.0107615581666666
2758 -0.0150816583333334
2759 -0.0183323136666666
2760 -0.0061326026666667
2761 -0.0000001853333362
2762 -0.0000000863333345
2763 0.0164222928333330
2764 0.0085296668333334
2765 -0.0077155853333334
2766 -0.0101414026666667
2767 -0.0144076581666666
2768 -0.0143703583333334
2769 -0.0179789136666666
2770 -0.0068115026666667
2771 -0.0000001853333362
2772 -0.0000000863333345
2773 0.0354758928333330
2774 0.0017941668333334
2775 0.0008397146666666
2776 -0.0092844026666667
2777 -0.0145390581666666
2778 -0.0144932583333334
2779 -0.0193610136666666
2780 -0.0066959026666667
2781 -0.0000002853333363
2782 0.0000000136666655
2783 0.0407663928333330
2784 -0.0061893331666666
2785 -0.0015064853333334
2786 -0.0036428026666667
2787 -0.0126496581666666
2788 -0.0139013583333334
2789 -0.0193396136666666
2790 -0.0065443026666667
2791 -0.0000003853333361
2792 0.0000000136666655
2793 0.0408242928333330
2794 -0.0014374331666666
2795 -0.0090010853333334
2796 -0.0075736026666667
2797 -0.0114931581666666
2798 -0.0108694583333334
2799 -0.0183514136666666
2800 -0.0063737026666667
2801 -0.0000001853333362
2802 0.0000000136666655
2803 0.0463638928333330
2804 0.0133189668333334
2805 -0.0056129853333334
2806 -0.0219275026666667
2807 -0.0138252581666666
2808 -0.0125394583333334
2809 -0.0154799136666666
2810 -0.0057129026666667
2811 -0.0000001853333362
2812 -0.0000000863333345
2813 0.0390619928333330
2814 0.0273298668333334
2815 -0.0057381853333334
2816 -0.0161788026666667
2817 -0.0156375581666666
2818 -0.0151570583333334
2819 -0.0169986136666666
2820 -0.0053369026666667
2821 -0.0000001853333362
2822 -0.0000000863333345
2823 0.0263589928333330
2824 0.0205483668333334
2825 -0.0040107853333334
2826 -0.0074827026666667
2827 -0.0156162581666666
2828 -0.0114209583333334
2829 -0.0176880136666666
2830 -0.0064142026666667
2831 -0.0000001853333362
2832 -0.0000000863333345
2833 0.0271649928333330
2834 0.0034287668333334
2835 -0.0046527853333334
2836 -0.0067972026666667
2837 -0.0133361581666666
2838 -0.0107072583333334
2839 -0.0161044136666666
2840 -0.0058703026666667
2841 -0.0000002853333363
2842 0.0000000136666655
2843 0.0237143928333330
2844 -0.0001617331666666
2845 0.0009663146666666
2846 -0.0062323026666667
2847 -0.0139132581666666
2848 -0.0120150583333334
2849 -0.0160123136666666
2850 -0.0059992026666667
2851 -0.0000001853333362
2852 -0.0000000863333345
2853 0.0221305928333330
2854 0.0069167668333334
2855 0.0035576146666666
2856 -0.0096966026666667
2857 -0.0108236581666666
2858 -0.0124240583333334
2859 -0.0155851136666666
2860 -0.0057241026666667
2861 -0.0000002853333363
2862 0.0000000136666655
2863 0.0393066928333330
2864 0.0002157668333334
2865 0.0004023146666666
2866 -0.0082588026666667
2867 -0.0127677581666666
2868 -0.0095697583333334
2869 -0.0148994136666666
2870 -0.0059564026666667
2871 0.0000000146666637
2872 -0.0000000863333345
2873 0.0546192928333330
2874 -0.0169271331666666
2875 -0.0006168853333334
2876 -0.0091464026666667
2877 -0.0090173581666666
2878 -0.0115923583333334
2879 -0.0151096136666666
2880 -0.0054448026666667
2881 -0.0000001853333362
2882 -0.0000000863333345
2883 0.0465785928333330
2884 -0.0113913331666666
2885 -0.0128163853333334
2886 0.0008323973333333
2887 -0.0112992581666666
2888 -0.0132153583333334
2889 -0.0142279136666666
2890 -0.0063976026666667
2891 -0.0000003853333361
2892 -0.0000000863333345
2893 0.0220978928333330
2894 0.0040467668333334
2895 -0.0150424853333334
2896 -0.0091389026666667
2897 -0.0093059581666666
2898 -0.0092010583333334
2899 -0.0156963136666666
2900 -0.0059981026666667
2901 -0.0000002853333363
2902 -0.0000000863333345
2903 0.0027218928333330
2904 0.0063063668333334
2905 -0.0100663853333334
2906 -0.0097491026666667
2907 -0.0114959581666666
2908 -0.0112051583333334
2909 -0.0151914136666666
2910 -0.0056108026666667
2911 -0.0000001853333362
2912 -0.0000000863333345
2913 -0.0033630071666670
2914 0.0023193668333334
2915 -0.0073762853333334
2916 -0.0066661026666667
2917 -0.0122119581666666
2918 -0.0148435583333334
2919 -0.0148219136666666
2920 -0.0054466026666667
2921 -0.0000002853333363
2922 -0.0000000863333345
2923 -0.0007758071666670
2924 -0.0079588331666666
2925 -0.0050006853333334
2926 -0.0055561026666667
2927 -0.0119561581666666
2928 -0.0143305583333334
2929 -0.0175149136666666
2930 -0.0055228026666667
2931 -0.0000003853333361
2932 -0.0000000863333345
2933 0.0039617928333330
2934 -0.0089065331666666
2935 -0.0145733853333334
2936 -0.0070662026666667
2937 -0.0112468581666666
2938 -0.0145816583333334
2939 -0.0168896136666666
2940 -0.0056833026666667
2941 -0.0000001853333362
2942 -0.0000000863333345
2943 0.0038101928333330
2944 -0.0065227331666666
2945 -0.0132209853333334
2946 -0.0082515026666667
2947 -0.0148412581666666
2948 -0.0143072583333334
2949 -0.0187454136666666
2950 -0.0061979026666667
2951 -0.0000001853333362
2952 -0.0000000863333345
2953 0.0022266928333330
2954 -0.0104457331666666
2955 -0.0111820853333334
2956 -0.0068589026666667
2957 -0.0111467581666666
2958 -0.0131883583333334
2959 -0.0198705136666666
2960 -0.0071028026666667
2961 -0.0000004853333362
2962 -0.0000000863333345
2963 0.0034164928333330
2964 -0.0077067331666666
2965 -0.0119838853333334
2966 -0.0146373026666667
2967 -0.0134921581666666
2968 -0.0132087583333334
2969 -0.0180995136666666
2970 -0.0060005026666667
2971 -0.0000001853333362
2972 -0.0000000863333345
2973 -0.0000409071666670
2974 -0.0059642331666666
2975 -0.0152840853333334
2976 -0.0163023026666667
2977 -0.0170851581666666
2978 -0.0156998583333334
2979 -0.0196547136666666
2980 -0.0066663026666667
2981 -0.0000002853333363
2982 -0.0000000863333345
2983 0.0076024928333330
2984 -0.0131257331666666
2985 -0.0245747853333334
2986 -0.0141592026666667
2987 -0.0186869581666666
2988 -0.0180619583333334
2989 -0.0185532136666666
2990 -0.0066603026666667
2991 -0.0000001853333362
2992 -0.0000000863333345
2993 0.0232360928333330
2994 -0.0166642331666666
2995 -0.0274604853333334
2996 -0.0189603026666667
2997 -0.0185933581666666
2998 -0.0174062583333334
2999 -0.0188022136666666
3000 -0.0066831026666667
3001 -0.0000002853333363
3002 -0.0000000863333345
3003 0.0312835928333330
3004 -0.0128819331666666
3005 -0.0156923853333334
3006 -0.0196203026666667
3007 -0.0233687581666666
3008 -0.0188826583333334
3009 -0.0200622136666666
3010 -0.0063419026666667
3011 -0.0000004853333362
3012 -0.0000000863333345
3013 0.0221614928333330
3014 -0.0053573331666666
3015 -0.0060252853333334
3016 -0.0173161026666667
3017 -0.0196160581666666
3018 -0.0217938583333334
3019 -0.0201201136666666
3020 -0.0071288026666667
3021 -0.0000002853333363
3022 -0.0000000863333345
3023 0.0082727928333330
3024 -0.0047934331666666
3025 -0.0081972853333334
3026 -0.0137578026666667
3027 -0.0147361581666666
3028 -0.0191596583333334
3029 -0.0210689136666666
3030 -0.0074937026666667
3031 -0.0000002853333363
3032 -0.0000000863333345
3033 0.0011466928333330
3034 -0.0099411331666666
3035 -0.0136873853333334
3036 -0.0141346026666667
3037 -0.0161547581666666
3038 -0.0151801583333334
3039 -0.0201917136666666
3040 -0.0069373026666667
3041 -0.0000002853333363
3042 -0.0000000863333345
3043 -0.0038617071666670
3044 -0.0110121331666666
3045 -0.0077371853333334
3046 -0.0197954026666667
3047 -0.0180891581666666
3048 -0.0167214583333334
3049 -0.0198177136666666
3050 -0.0067930026666667
3051 -0.0000001853333362
3052 0.0000000136666655
3053 -0.0054129071666670
3054 -0.0115186331666666
3055 -0.0027657853333334
3056 -0.0184851026666667
3057 -0.0214125581666666
3058 -0.0167261583333334
3059 -0.0206428136666666
3060 -0.0068056026666667
3061 -0.0000002853333363
3062 -0.0000000863333345
3063 -0.0005330071666670
3064 -0.0073889331666666
3065 -0.0065464853333334
3066 -0.0179094026666667
3067 -0.0202274581666666
3068 -0.0179740583333334
3069 -0.0214908136666666
3070 -0.0065071026666667
3071 -0.0000002853333363
3072 0.0000000136666655
3073 0.0175358928333330
3074 -0.0089259331666666
3075 -0.0105188853333334
3076 -0.0181436026666667
3077 -0.0192198581666666
3078 -0.0164032583333334
3079 -0.0208880136666666
3080 -0.0066233026666667
3081 0.0000000146666637
3082 -0.0000000863333345
3083 0.0243593928333330
3084 0.0015820668333334
3085 -0.0096049853333334
3086 -0.0156518026666667
3087 -0.0201600581666666
3088 -0.0163244583333334
3089 -0.0207920136666666
3090 -0.0071861026666667
3091 -0.0000003853333361
3092 -0.0000000863333345
3093 0.0217131928333330
3094 0.0177038668333334
3095 -0.0009515853333334
3096 -0.0117135026666667
3097 -0.0179295581666666
3098 -0.0177291583333334
3099 -0.0196706136666666
3100 -0.0073643026666667
3101 -0.0000001853333362
3102 0.0000000136666655
3103 0.0309232928333330
3104 0.0265866668333334
3105 0.0025976146666666
3106 -0.0101855026666667
3107 -0.0148866581666666
3108 -0.0154327583333334
3109 -0.0196099136666666
3110 -0.0063195026666667
3111 -0.0000001853333362
3112 -0.0000000863333345
3113 0.0464355928333330
3114 0.0284774668333334
3115 0.0006085146666666
3116 -0.0098070026666667
3117 -0.0155996581666666
3118 -0.0149786583333334
3119 -0.0169134136666666
3120 -0.0054513026666667
3121 -0.0000001853333362
3122 0.0000000136666655
3123 0.0429555928333330
3124 0.0350422668333334
3125 -0.0014997853333334
3126 -0.0050813026666667
3127 -0.0129036581666666
3128 -0.0147695583333334
3129 -0.0181309136666666
3130 -0.0063407026666667
3131 -0.0000001853333362
3132 -0.0000000863333345
3133 0.0185298928333330
3134 0.0410640668333334
3135 0.0001662146666666
3136 -0.0016714026666667
3137 -0.0136384581666666
3138 -0.0121269583333334
3139 -0.0171979136666666
3140 -0.0061950026666667
3141 -0.0000001853333362
3142 0.0000000136666655
3143 -0.0057308071666670
3144 0.0299965668333334
3145 0.0092201146666666
3146 -0.0088113026666667
3147 -0.0088949581666666
3148 -0.0115276583333334
3149 -0.0158172136666666
3150 -0.0063869026666667
3151 0.0000000146666637
3152 -0.0000000863333345
3153 -0.0079925071666670
3154 0.0137518668333334
3155 0.0049292146666666
3156 -0.0058236026666667
3157 -0.0117073581666666
3158 -0.0124077583333334
3159 -0.0151488136666666
3160 -0.0060250026666667
3161 -0.0000001853333362
3162 -0.0000000863333345
3163 0.0174903928333330
3164 -0.0071927331666666
3165 -0.0059492853333334
3166 -0.0062209026666667
3167 -0.0110304581666666
3168 -0.0126037583333334
3169 -0.0166531136666666
3170 -0.0059373026666667
3171 -0.0000001853333362
3172 -0.0000000863333345
3173 0.0333990928333330
3174 -0.0134487331666666
3175 -0.0174177853333334
3176 -0.0100391026666667
3177 -0.0122649581666666
3178 -0.0124623583333334
3179 -0.0168909136666666
3180 -0.0055352026666667
3181 -0.0000001853333362
3182 -0.0000000863333345
3183 0.0247450928333330
3184 -0.0031349331666666
3185 -0.0289593853333334
3186 -0.0134699026666667
3187 -0.0086179581666666
3188 -0.0149216583333334
3189 -0.0174473136666666
3190 -0.0059067026666667
3191 -0.0000002853333363
3192 -0.0000000863333345
3193 0.0138414928333330
3194 0.0097691668333334
3195 -0.0263697853333334
3196 -0.0119596026666667
3197 -0.0132275581666666
3198 -0.0158409583333334
3199 -0.0177225136666666
3200 -0.0059790026666667
3201 -0.0000002853333363
3202 -0.0000000863333345
3203 0.0209615928333330
3204 0.0186715668333334
3205 -0.0282647853333334
3206 -0.0147237026666667
3207 -0.0129618581666666
3208 -0.0147368583333334
3209 -0.0183530136666666
3210 -0.0066371026666667
3211 -0.0000001853333362
3212 -0.0000000863333345
3213 0.0329548928333330
3214 0.0174672668333334
3215 -0.0222423853333334
3216 -0.0193824026666667
3217 -0.0184109581666666
3218 -0.0148124583333334
3219 -0.0169450136666666
3220 -0.0062583026666667
3221 -0.0000002853333363
3222 -0.0000000863333345
3223 0.0396455928333330
3224 0.0124445668333334
3225 -0.0179682853333334
3226 -0.0147887026666667
3227 -0.0196742581666666
3228 -0.0153754583333334
3229 -0.0167874136666666
3230 -0.0063971026666667
3231 -0.0000001853333362
3232 -0.0000000863333345
3233 0.0375098928333330
3234 0.0202096668333334
3235 -0.0154850853333334
3236 -0.0114969026666667
3237 -0.0184052581666666
3238 -0.0162031583333334
3239 -0.0187159136666666
3240 -0.0066340026666667
3241 -0.0000002853333363
3242 -0.0000001863333345
3243 0.0421151928333330
3244 0.0189832668333334
3245 -0.0016972853333334
3246 -0.0124704026666667
3247 -0.0174332581666666
3248 -0.0170867583333334
3249 -0.0190882136666666
3250 -0.0063821026666667
3251 -0.0000002853333363
3252 0.0000000136666655
3253 0.0516965928333330
3254 0.0222235668333334
3255 -0.0028641853333334
3256 -0.0112723026666667
3257 -0.0137832581666666
3258 -0.0172884583333334
3259 -0.0197727136666666
3260 -0.0064584026666667
3261 -0.0000002853333363
3262 -0.0000000863333345
3263 0.0593891928333330
3264 0.0371182668333334
3265 -0.0069654853333334
3266 -0.0178291026666667
3267 -0.0167473581666666
3268 -0.0156408583333334
3269 -0.0187769136666666
3270 -0.0062364026666667
3271 -0.0000002853333363
3272 -0.0000000863333345
3273 0.0617939928333330
3274 0.0525071668333334
3275 -0.0061274853333334
3276 -0.0188346026666667
3277 -0.0191134581666666
3278 -0.0169905583333334
3279 -0.0181340136666666
3280 -0.0063638026666667
3281 -0.0000001853333362
3282 -0.0000000863333345
3283 0.0532653928333330
3284 0.0516348668333334
3285 -0.0045276853333334
3286 -0.0082091026666667
3287 -0.0189553581666666
3288 -0.0142625583333334
3289 -0.0169350136666666
3290 -0.0062023026666667
3291 -0.0000002853333363
3292 -0.0000000863333345
3293 0.0414429928333330
3294 0.0508905668333334
3295 -0.0067559853333334
3296 -0.0092498026666667
3297 -0.0113905581666666
3298 -0.0142180583333334
3299 -0.0147149136666666
3300 -0.0061062026666667
3301 -0.0000002853333363
3302 -0.0000000863333345
3303 0.0281712928333330
3304 0.0511783668333334
3305 -0.0084937853333334
3306 -0.0102780026666667
3307 -0.0086136581666666
3308 -0.0145382583333334
3309 -0.0147851136666666
3310 -0.0051514026666667
3311 -0.0000001853333362
3312 0.0000000136666655
3313 0.0202368928333330
3314 0.0423929668333334
3315 -0.0012792853333334
3316 -0.0110036026666667
3317 -0.0145431581666666
3318 -0.0134619583333334
3319 -0.0150355136666666
3320 -0.0051175026666667
3321 -0.0000001853333362
3322 -0.0000000863333345
3323 0.0253367928333330
3324 0.0248739668333334
3325 0.0021927146666666
3326 -0.0104202026666667
3327 -0.0163399581666666
3328 -0.0154233583333334
3329 -0.0158357136666666
3330 -0.0053095026666667
3331 -0.0000001853333362
3332 -0.0000000863333345
3333 0.0206743928333330
3334 0.0098842668333334
3335 0.0049851146666666
3336 -0.0121051026666667
3337 -0.0133863581666666
3338 -0.0143647583333334
3339 -0.0165071136666666
3340 -0.0065228026666667
3341 -0.0000002853333363
3342 -0.0000000863333345
3343 0.0023995928333330
3344 -0.0014632331666666
3345 0.0162849146666666
3346 -0.0125424026666667
3347 -0.0168653581666666
3348 -0.0144068583333334
3349 -0.0178370136666666
3350 -0.0060234026666667
3351 -0.0000001853333362
3352 -0.0000000863333345
3353 -0.0015342071666670
3354 -0.0105900331666666
3355 0.0015804146666666
3356 -0.0095585026666667
3357 -0.0127299581666666
3358 -0.0152313583333334
3359 -0.0189298136666666
3360 -0.0061935026666667
3361 -0.0000002853333363
3362 0.0000000136666655
3363 -0.0053566071666670
3364 -0.0098970331666666
3365 -0.0096524853333334
3366 -0.0193390026666667
3367 -0.0152669581666666
3368 -0.0141075583333334
3369 -0.0175921136666666
3370 -0.0059722026666667
3371 -0.0000001853333362
3372 -0.0000000863333345
3373 -0.0198063071666670
3374 -0.0065506331666666
3375 -0.0216194853333334
3376 -0.0182633026666667
3377 -0.0180532581666666
3378 -0.0151626583333334
3379 -0.0181807136666666
3380 -0.0058993026666667
3381 -0.0000002853333363
3382 -0.0000000863333345
3383 -0.0240621071666670
3384 -0.0134597331666666
3385 -0.0280856853333334
3386 -0.0212989026666667
3387 -0.0147896581666666
3388 -0.0182033583333334
3389 -0.0188740136666666
3390 -0.0064657026666667
3391 0.0000000146666637
3392 -0.0000000863333345
3393 -0.0161789071666670
3394 -0.0159384331666666
3395 -0.0289138853333334
3396 -0.0234505026666667
3397 -0.0170700581666666
3398 -0.0188338583333334
3399 -0.0207407136666666
3400 -0.0068828026666667
3401 -0.0000002853333363
3402 0.0000000136666655
3403 -0.0117494071666670
3404 -0.0122536331666666
3405 -0.0243862853333334
3406 -0.0192032026666667
3407 -0.0226900581666666
3408 -0.0202970583333334
3409 -0.0211810136666666
3410 -0.0070740026666667
3411 -0.0000001853333362
3412 -0.0000000863333345
3413 -0.0217949071666670
3414 0.0033681668333334
3415 -0.0246473853333334
3416 -0.0207014026666667
3417 -0.0229995581666666
3418 -0.0200204583333334
3419 -0.0220374136666666
3420 -0.0071744026666667
3421 0.0000000146666637
3422 -0.0000000863333345
3423 -0.0413211071666670
3424 0.0168144668333334
3425 -0.0260653853333334
3426 -0.0236052026666667
3427 -0.0238858581666666
3428 -0.0201116583333334
3429 -0.0226322136666666
3430 -0.0069207026666667
3431 -0.0000001853333362
3432 -0.0000000863333345
3433 -0.0562232071666670
3434 0.0061303668333334
3435 -0.0153734853333334
3436 -0.0252284026666667
3437 -0.0239794581666666
3438 -0.0215771583333334
3439 -0.0217160136666666
3440 -0.0071223026666667
3441 -0.0000002853333363
3442 -0.0000000863333345
3443 -0.0472644071666670
3444 -0.0218990331666666
3445 -0.0051878853333334
3446 -0.0236996026666667
3447 -0.0225744581666666
3448 -0.0225132583333334
3449 -0.0234317136666666
3450 -0.0072635026666667
3451 -0.0000001853333362
3452 -0.0000000863333345
3453 -0.0272198071666670
3454 -0.0300567331666666
3455 -0.0139098853333334
3456 -0.0250897026666667
3457 -0.0203374581666666
3458 -0.0200176583333334
3459 -0.0232966136666666
3460 -0.0072544026666667
3461 -0.0000001853333362
3462 0.0000000136666655
3463 -0.0076533071666670
3464 -0.0198419331666666
3465 -0.0242532853333334
3466 -0.0232269026666667
3467 -0.0227506581666666
3468 -0.0215135583333334
3469 -0.0227722136666666
3470 -0.0075026026666667
3471 -0.0000002853333363
3472 0.0000000136666655
3473 0.0051111928333330
3474 -0.0139450331666666
3475 -0.0161892853333334
3476 -0.0177943026666667
3477 -0.0270268581666666
3478 -0.0190124583333334
3479 -0.0235874136666666
3480 -0.0077137026666667
3481 -0.0000002853333363
3482 -0.0000000863333345
3483 0.0091957928333330
3484 -0.0067427331666666
3485 -0.0127019853333334
3486 -0.0101617026666667
3487 -0.0263743581666666
3488 -0.0188263583333334
3489 -0.0217291136666666
3490 -0.0074631026666667
3491 -0.0000002853333363
3492 -0.0000000863333345
3493 0.0076900928333330
3494 0.0010444668333334
3495 -0.0114632853333334
3496 -0.0060143026666667
3497 -0.0222491581666666
3498 -0.0205403583333334
3499 -0.0206672136666666
3500 -0.0071195026666667
3501 -0.0000001853333362
3502 0.0000000136666655
3503 0.0119901928333330
3504 0.0010565668333334
3505 -0.0042303853333334
3506 -0.0065452026666667
3507 -0.0185477581666666
3508 -0.0177292583333334
3509 -0.0214440136666666
3510 -0.0071196026666667
3511 -0.0000001853333362
3512 0.0000000136666655
3513 0.0218108928333330
3514 0.0084486668333334
3515 -0.0051644853333334
3516 -0.0160113026666667
3517 -0.0134086581666666
3518 -0.0163288583333334
3519 -0.0201052136666666
3520 -0.0068369026666667
3521 -0.0000001853333362
3522 0.0000000136666655
3523 0.0253204928333330
3524 0.0164460668333334
3525 -0.0003319853333334
3526 -0.0165621026666667
3527 -0.0193777581666666
3528 -0.0185053583333334
3529 -0.0191662136666666
3530 -0.0063307026666667
3531 -0.0000001853333362
3532 -0.0000000863333345
3533 0.0484599928333330
3534 0.0093592668333334
3535 0.0022390146666666
3536 -0.0121690026666667
3537 -0.0205844581666666
3538 -0.0172435583333334
3539 -0.0218014136666666
3540 -0.0064881026666667
3541 0.0000000146666637
3542 -0.0000000863333345
3543 0.0679550928333330
3544 0.0089196668333334
3545 0.0062603146666666
3546 -0.0125763026666667
3547 -0.0169019581666666
3548 -0.0177948583333334
3549 -0.0196344136666666
3550 -0.0071727026666667
3551 -0.0000002853333363
3552 -0.0000000863333345
3553 0.0565744928333330
3554 0.0173859668333334
3555 0.0118082146666666
3556 -0.0124689026666667
3557 -0.0157728581666666
3558 -0.0170831583333334
3559 -0.0185800136666666
3560 -0.0067676026666667
3561 -0.0000002853333363
3562 0.0000000136666655
3563 0.0307086928333330
3564 0.0337839668333334
3565 0.0056630146666666
3566 -0.0114903026666667
3567 -0.0157195581666666
3568 -0.0144504583333334
3569 -0.0197030136666666
3570 -0.0064797026666667
3571 -0.0000001853333362
3572 -0.0000000863333345
3573 0.0254791928333330
3574 0.0362425668333334
3575 -0.0044848853333334
3576 -0.0113085026666667
3577 -0.0154253581666666
3578 -0.0142225583333334
3579 -0.0182636136666666
3580 -0.0067614026666667
3581 -0.0000002853333363
3582 -0.0000000863333345
3583 0.0426505928333330
3584 0.0258149668333334
3585 -0.0103502853333334
3586 -0.0156477026666667
3587 -0.0136019581666666
3588 -0.0137024583333334
3589 -0.0186218136666666
3590 -0.0062847026666667
3591 0.0000000146666637
3592 -0.0000000863333345
3593 0.0558273928333330
3594 0.0220393668333334
3595 -0.0138203853333334
3596 -0.0151366026666667
3597 -0.0137709581666666
3598 -0.0151215583333334
3599 -0.0178325136666666
3600 -0.0063924026666667
3601 -0.0000003853333361
3602 -0.0000000863333345
3603 0.0549006928333330
3604 0.0226647668333334
3605 -0.0172024853333334
3606 -0.0071986026666667
3607 -0.0142737581666666
3608 -0.0145754583333334
3609 -0.0193093136666666
3610 -0.0061796026666667
3611 -0.0000002853333363
3612 0.0000000136666655
3613 0.0535609928333330
3614 0.0142246668333334
3615 -0.0128118853333334
3616 -0.0046414026666667
3617 -0.0126170581666666
3618 -0.0152569583333334
3619 -0.0182062136666666
3620 -0.0061385026666667
3621 -0.0000001853333362
3622 -0.0000000863333345
3623 0.0540381928333330
3624 0.0115618668333334
3625 -0.0020625853333334
3626 -0.0138483026666667
3627 -0.0131002581666666
3628 -0.0155290583333334
3629 -0.0177268136666666
3630 -0.0055907026666667
3631 -0.0000001853333362
3632 -0.0000000863333345
3633 0.0442278928333330
3634 0.0221945668333334
3635 -0.0019229853333334
3636 -0.0102741026666667
3637 -0.0170854581666666
3638 -0.0152871583333334
3639 -0.0166078136666666
3640 -0.0063959026666667
3641 -0.0000004853333362
3642 -0.0000000863333345
3643 0.0366202928333330
3644 0.0258608668333334
3645 0.0003771146666666
3646 -0.0091291026666667
3647 -0.0138097581666666
3648 -0.0129305583333334
3649 -0.0169933136666666
3650 -0.0064809026666667
3651 -0.0000002853333363
3652 -0.0000000863333345
3653 0.0310585928333330
3654 0.0203621668333334
3655 0.0033742146666666
3656 -0.0078471026666667
3657 -0.0134743581666666
3658 -0.0115781583333334
3659 -0.0161837136666666
3660 -0.0058008026666667
3661 -0.0000002853333363
3662 -0.0000000863333345
3663 0.0233882928333330
3664 0.0193898668333334
3665 0.0015333146666666
3666 -0.0081110026666667
3667 -0.0125338581666666
3668 -0.0146213583333334
3669 -0.0154802136666666
3670 -0.0054707026666667
3671 -0.0000002853333363
3672 -0.0000000863333345
3673 0.0272853928333330
3674 0.0069475668333334
3675 0.0026133146666666
3676 -0.0050522026666667
3677 -0.0124637581666666
3678 -0.0137792583333334
3679 -0.0181638136666666
3680 -0.0057847026666667
3681 0.0000000146666637
3682 0.0000000136666655
3683 0.0418703928333330
3684 0.0180077668333334
3685 -0.0119823853333334
3686 -0.0078577026666667
3687 -0.0118570581666666
3688 -0.0134703583333334
3689 -0.0173355136666666
3690 -0.0065666026666667
3691 0.0000000146666637
3692 0.0000000136666655
3693 0.0461969928333330
3694 0.0274659668333334
3695 -0.0181293853333334
3696 -0.0039325026666667
3697 -0.0168216581666666
3698 -0.0143337583333334
3699 -0.0168452136666666
3700 -0.0059718026666667
3701 -0.0000001853333362
3702 -0.0000000863333345
3703 0.0450104928333330
3704 0.0219236668333334
3705 -0.0172033853333334
3706 -0.0064675026666667
3707 -0.0140907581666666
3708 -0.0141506583333334
3709 -0.0185838136666666
3710 -0.0061486026666667
3711 -0.0000002853333363
3712 -0.0000000863333345
3713 0.0469949928333330
3714 0.0279772668333334
3715 -0.0191654853333334
3716 -0.0128522026666667
3717 -0.0164527581666666
3718 -0.0167482583333334
3719 -0.0188397136666666
3720 -0.0064097026666667
3721 -0.0000003853333361
3722 -0.0000000863333345
3723 0.0324143928333330
3724 0.0469741668333334
3725 -0.0137099853333334
3726 -0.0180784026666667
3727 -0.0169865581666666
3728 -0.0177961583333334
3729 -0.0204308136666666
3730 -0.0066303026666667
3731 -0.0000001853333362
3732 -0.0000000863333345
3733 0.0223944928333330
3734 0.0412716668333334
3735 -0.0014577853333334
3736 -0.0160765026666667
3737 -0.0207362581666666
3738 -0.0155565583333334
3739 -0.0200560136666666
3740 -0.0062958026666667
3741 0.0000000146666637
3742 -0.0000000863333345
3743 0.0366860928333330
3744 0.0095322668333334
3745 -0.0009163853333334
3746 -0.0092241026666667
3747 -0.0164182581666666
3748 -0.0165168583333334
3749 -0.0189862136666666
3750 -0.0061303026666667
3751 -0.0000001853333362
3752 -0.0000000863333345
3753 0.0541031928333330
3754 -0.0064901331666666
3755 -0.0050098853333334
3756 -0.0128142026666667
3757 -0.0167755581666666
3758 -0.0148034583333334
3759 -0.0172940136666666
3760 -0.0060427026666667
3761 -0.0000002853333363
3762 0.0000000136666655
3763 0.0499442928333330
3764 0.0123695668333334
3765 -0.0134121853333334
3766 -0.0148044026666667
3767 -0.0168411581666666
3768 -0.0155198583333334
3769 -0.0179507136666666
3770 -0.0058055026666667
3771 -0.0000001853333362
3772 0.0000000136666655
3773 0.0414014928333330
3774 0.0246145668333334
3775 -0.0076675853333334
3776 -0.0178768026666667
3777 -0.0150357581666666
3778 -0.0154422583333334
3779 -0.0204851136666666
3780 -0.0061078026666667
3781 -0.0000002853333363
3782 -0.0000000863333345
3783 0.0429971928333330
3784 0.0195714668333334
3785 -0.0042848853333334
3786 -0.0130278026666667
3787 -0.0187369581666666
3788 -0.0158671583333334
3789 -0.0193583136666666
3790 -0.0062702026666667
3791 -0.0000003853333361
3792 -0.0000000863333345
3793 0.0470916928333330
3794 0.0146679668333334
3795 -0.0072515853333334
3796 -0.0092481026666667
3797 -0.0159503581666666
3798 -0.0175607583333334
3799 -0.0197401136666666
3800 -0.0066393026666667
3801 -0.0000001853333362
3802 -0.0000000863333345
3803 0.0504939928333330
3804 0.0041610668333334
3805 -0.0038947853333334
3806 -0.0139648026666667
3807 -0.0123438581666666
3808 -0.0146792583333334
3809 -0.0178376136666666
3810 -0.0065365026666667
3811 -0.0000003853333361
3812 0.0000000136666655
3813 0.0395975928333330
3814 0.0106016668333334
3815 -0.0037654853333334
3816 -0.0113355026666667
3817 -0.0175277581666666
3818 -0.0142105583333334
3819 -0.0164855136666666
3820 -0.0058948026666667
3821 -0.0000001853333362
3822 0.0000000136666655
3823 0.0300980928333330
3824 0.0099211668333334
3825 0.0013189146666666
3826 -0.0099849026666667
3827 -0.0174471581666666
3828 -0.0144872583333334
3829 -0.0165994136666666
3830 -0.0059185026666667
3831 -0.0000002853333363
3832 0.0000000136666655
3833 0.0278563928333330
3834 0.0008022668333334
3835 0.0061519146666666
3836 -0.0060267026666667
3837 -0.0170923581666666
3838 -0.0176106583333334
3839 -0.0171500136666666
3840 -0.0059339026666667
3841 -0.0000002853333363
3842 0.0000000136666655
3843 0.0225014928333330
3844 0.0079713668333334
3845 0.0057868146666666
3846 -0.0123472026666667
3847 -0.0164578581666666
3848 -0.0158245583333334
3849 -0.0179867136666666
3850 -0.0057033026666667
3851 0.0000000146666637
3852 0.0000000136666655
3853 0.0307559928333330
3854 0.0166749668333334
3855 -0.0009758853333334
3856 -0.0129062026666667
3857 -0.0152376581666666
3858 -0.0172946583333334
3859 -0.0199833136666666
3860 -0.0060868026666667
3861 -0.0000002853333363
3862 0.0000000136666655
3863 0.0593846928333330
3864 0.0125927668333334
3865 -0.0105908853333334
3866 -0.0076090026666667
3867 -0.0165520581666666
3868 -0.0174195583333334
3869 -0.0192648136666666
3870 -0.0068012026666667
3871 -0.0000003853333361
3872 0.0000000136666655
3873 0.0770162928333330
3874 0.0127207668333334
3875 -0.0119150853333334
3876 -0.0105400026666667
3877 -0.0150210581666666
3878 -0.0162806583333334
3879 -0.0185218136666666
3880 -0.0067939026666667
3881 -0.0000002853333363
3882 -0.0000000863333345
3883 0.0689879928333330
3884 0.0195823668333334
3885 -0.0035160853333334
3886 -0.0127356026666667
3887 -0.0163865581666666
3888 -0.0148031583333334
3889 -0.0168118136666666
3890 -0.0062018026666667
3891 -0.0000004853333362
3892 -0.0000000863333345
3893 0.0640179928333330
3894 0.0242901668333334
3895 0.0008912146666666
3896 -0.0097507026666667
3897 -0.0169615581666666
3898 -0.0145008583333334
3899 -0.0171351136666666
3900 -0.0062171026666667
3901 -0.0000002853333363
3902 0.0000000136666655
3903 0.0500346928333330
3904 0.0494965668333334
3905 -0.0120266853333334
3906 -0.0065225026666667
3907 -0.0121210581666666
3908 -0.0152663583333334
3909 -0.0170143136666666
3910 -0.0060969026666667
3911 -0.0000002853333363
3912 -0.0000000863333345
3913 0.0318612928333330
3914 0.0579761668333334
3915 -0.0096510853333334
3916 -0.0094273026666667
3917 -0.0108873581666666
3918 -0.0139171583333334
3919 -0.0170253136666666
3920 -0.0060812026666667
3921 -0.0000001853333362
3922 -0.0000000863333345
3923 0.0213875928333330
3924 0.0358336668333334
3925 0.0073780146666666
3926 -0.0102837026666667
3927 -0.0117382581666666
3928 -0.0122538583333334
3929 -0.0166858136666666
3930 -0.0067776026666667
3931 -0.0000004853333362
3932 -0.0000000863333345
3933 0.0114861928333330
3934 0.0076934668333334
3935 0.0182812146666666
3936 -0.0057765026666667
3937 -0.0100442581666666
3938 -0.0133262583333334
3939 -0.0162127136666666
3940 -0.0057731026666667
3941 -0.0000003853333361
3942 -0.0000000863333345
3943 0.0058289928333330
3944 -0.0071343331666666
3945 0.0077561146666666
3946 -0.0048260026666667
3947 -0.0101250581666666
3948 -0.0139657583333334
3949 -0.0149184136666666
3950 -0.0056840026666667
3951 -0.0000002853333363
3952 -0.0000000863333345
3953 0.0028059928333330
3954 -0.0023924331666666
3955 -0.0057290853333334
3956 -0.0110895026666667
3957 -0.0135472581666666
3958 -0.0124063583333334
3959 -0.0164015136666666
3960 -0.0051547026666667
3961 -0.0000001853333362
3962 0.0000000136666655
3963 0.0135667928333330
3964 -0.0028233331666666
3965 -0.0103810853333334
3966 -0.0156604026666667
3967 -0.0192081581666666
3968 -0.0126066583333334
3969 -0.0169096136666666
3970 -0.0054696026666667
3971 -0.0000002853333363
3972 -0.0000000863333345
3973 0.0235423928333330
3974 0.0067653668333334
3975 -0.0152665853333334
3976 -0.0168616026666667
3977 -0.0193903581666666
3978 -0.0165314583333334
3979 -0.0188725136666666
3980 -0.0058102026666667
3981 -0.0000003853333361
3982 -0.0000000863333345
3983 0.0197760928333330
3984 0.0128657668333334
3985 -0.0008582853333334
3986 -0.0183961026666667
3987 -0.0179580581666666
3988 -0.0193917583333334
3989 -0.0184099136666666
3990 -0.0063971026666667
3991 -0.0000001853333362
3992 -0.0000000863333345
3993 0.0116685928333330
3994 0.0231234668333334
3995 0.0032995146666666
3996 -0.0116846026666667
3997 -0.0193595581666666
3998 -0.0201783583333334
3999 -0.0181222136666666
4000 -0.0066474026666667
4001 -0.0000002853333363
4002 -0.0000000863333345
4003 0.0027833928333330
4004 0.0252720668333334
4005 0.0105313146666666
4006 -0.0058368026666667
4007 -0.0172512581666666
4008 -0.0174156583333334
4009 -0.0188579136666666
4010 -0.0064515026666667
4011 -0.0000003853333361
4012 0.0000000136666655
4013 0.0147090928333330
4014 0.0032931668333334
4015 0.0191060146666666
4016 -0.0011731026666667
4017 -0.0144865581666666
4018 -0.0138941583333334
4019 -0.0183448136666666
4020 -0.0065574026666667
4021 -0.0000002853333363
4022 -0.0000000863333345
4023 0.0324634928333330
4024 0.0025140668333334
4025 0.0086089146666666
4026 -0.0009986026666667
4027 -0.0100646581666666
4028 -0.0157813583333334
4029 -0.0179365136666666
4030 -0.0054706026666667
4031 -0.0000003853333361
4032 0.0000000136666655
4033 0.0478964928333330
4034 0.0115206668333334
4035 0.0023343146666666
4036 -0.0094647026666667
4037 -0.0097564581666666
4038 -0.0124288583333334
4039 -0.0163724136666666
4040 -0.0057588026666667
4041 -0.0000003853333361
4042 0.0000000136666655
4043 0.0629590928333330
4044 0.0158984668333334
4045 0.0120970146666666
4046 -0.0143685026666667
4047 -0.0109544581666666
4048 -0.0138224583333334
4049 -0.0165479136666666
4050 -0.0055980026666667
4051 0.0000000146666637
4052 -0.0000000863333345
4053 0.0584857928333330
4054 0.0360610668333334
4055 0.0181665146666666
4056 -0.0095162026666667
4057 -0.0122176581666666
4058 -0.0124505583333334
4059 -0.0186781136666666
4060 -0.0058466026666667
4061 -0.0000003853333361
4062 0.0000000136666655
4063 0.0593218928333330
4064 0.0400217668333334
4065 0.0218813146666666
4066 -0.0032242026666667
4067 -0.0106821581666666
4068 -0.0135660583333334
4069 -0.0168506136666666
4070 -0.0064422026666667
4071 -0.0000001853333362
4072 -0.0000000863333345
4073 0.0719318928333330
4074 0.0316826668333334
4075 0.0092636146666666
4076 0.0029368973333333
4077 -0.0054668581666666
4078 -0.0126833583333334
4079 -0.0158266136666666
4080 -0.0056494026666667
4081 -0.0000001853333362
4082 -0.0000000863333345
4083 0.0723235928333330
4084 0.0301940668333334
4085 0.0014771146666666
4086 0.0041429973333333
4087 -0.0073604581666666
4088 -0.0122168583333334
4089 -0.0150141136666666
4090 -0.0053475026666667
4091 -0.0000002853333363
4092 0.0000000136666655
4093 0.0541561928333330
4094 0.0258552668333334
4095 0.0012747146666666
4096 0.0034841973333333
4097 -0.0093341581666666
4098 -0.0115527583333334
4099 -0.0152884136666666
4100 -0.0060826026666667
4101 -0.0000001853333362
4102 0.0000000136666655
4103 0.0436230928333330
4104 0.0191904668333334
4105 -0.0040211853333334
4106 -0.0021074026666667
4107 -0.0047462581666666
4108 -0.0118719583333334
4109 -0.0141666136666666
4110 -0.0053033026666667
4111 -0.0000002853333363
4112 0.0000000136666655
4113 0.0501917928333330
4114 0.0110625668333334
4115 -0.0022962853333334
4116 -0.0055910026666667
4117 -0.0093944581666666
4118 -0.0120319583333334
4119 -0.0151374136666666
4120 -0.0052631026666667
4121 -0.0000002853333363
4122 0.0000000136666655
4123 0.0500878928333330
4124 0.0206404668333334
4125 -0.0012522853333334
4126 -0.0086775026666667
4127 -0.0132931581666666
4128 -0.0130191583333334
4129 -0.0151815136666666
4130 -0.0059074026666667
4131 -0.0000001853333362
4132 -0.0000000863333345
4133 0.0506720928333330
4134 0.0315877668333334
4135 -0.0047785853333334
4136 -0.0051732026666667
4137 -0.0131406581666666
4138 -0.0145514583333334
4139 -0.0175238136666666
4140 -0.0057609026666667
4141 -0.0000001853333362
4142 -0.0000000863333345
4143 0.0622076928333330
4144 0.0226823668333334
4145 -0.0073756853333334
4146 -0.0052615026666667
4147 -0.0082868581666666
4148 -0.0156490583333334
4149 -0.0158664136666666
4150 -0.0059087026666667
4151 -0.0000004853333362
4152 -0.0000000863333345
4153 0.0508452928333330
4154 0.0121369668333334
4155 0.0031185146666666
4156 -0.0032925026666667
4157 -0.0135374581666666
4158 -0.0132529583333334
4159 -0.0171262136666666
4160 -0.0061456026666667
4161 -0.0000002853333363
4162 -0.0000000863333345
4163 0.0235763928333330
4164 0.0243875668333334
4165 0.0007166146666666
4166 -0.0079639026666667
4167 -0.0098308581666666
4168 -0.0154934583333334
4169 -0.0159543136666666
4170 -0.0060596026666667
4171 -0.0000001853333362
4172 0.0000000136666655
4173 0.0249076928333330
4174 0.0206305668333334
4175 -0.0029663853333334
4176 -0.0060728026666667
4177 -0.0098933581666666
4178 -0.0122165583333334
4179 -0.0170361136666666
4180 -0.0053350026666667
4181 -0.0000001853333362
4182 -0.0000000863333345
4183 0.0356515928333330
4184 0.0150331668333334
4185 -0.0014017853333334
4186 -0.0064637026666667
4187 -0.0127390581666666
4188 -0.0114104583333334
4189 -0.0147510136666666
4190 -0.0058278026666667
4191 -0.0000002853333363
4192 -0.0000000863333345
4193 0.0196830928333330
4194 0.0081701668333334
4195 0.0068144146666666
4196 -0.0044009026666667
4197 -0.0097696581666666
4198 -0.0117604583333334
4199 -0.0171749136666666
4200 -0.0052438026666667
4201 -0.0000001853333362
4202 -0.0000000863333345
4203 -0.0066914071666670
4204 0.0136731668333334
4205 0.0012349146666666
4206 -0.0063290026666667
4207 -0.0097107581666666
4208 -0.0106395583333334
4209 -0.0158974136666666
4210 -0.0048618026666667
4211 -0.0000002853333363
4212 -0.0000000863333345
4213 -0.0023093071666670
4214 -0.0041007331666666
4215 0.0041196146666666
4216 -0.0078272026666667
4217 -0.0150895581666666
4218 -0.0113387583333334
4219 -0.0151967136666666
4220 -0.0052967026666667
4221 -0.0000002853333363
4222 -0.0000000863333345
4223 0.0048590928333330
4224 -0.0009872331666666
4225 -0.0069291853333334
4226 -0.0053943026666667
4227 -0.0128422581666666
4228 -0.0153422583333334
4229 -0.0159528136666666
4230 -0.0057449026666667
4231 -0.0000002853333363
4232 0.0000000136666655
4233 -0.0034714071666670
4234 0.0118638668333334
4235 -0.0112215853333334
4236 -0.0060020026666667
4237 -0.0102777581666666
4238 -0.0165027583333334
4239 -0.0167090136666666
4240 -0.0061698026666667
4241 -0.0000002853333363
4242 -0.0000000863333345
4243 -0.0062213071666670
4244 0.0124456668333334
4245 -0.0036576853333334
4246 -0.0147413026666667
4247 -0.0131552581666666
4248 -0.0158466583333334
4249 -0.0164734136666666
4250 -0.0057402026666667
4251 -0.0000002853333363
4252 -0.0000000863333345
4253 -0.0112809071666670
4254 0.0134003668333334
4255 -0.0024568853333334
4256 -0.0138994026666667
4257 -0.0151951581666666
4258 -0.0181250583333334
4259 -0.0184364136666666
4260 -0.0061788026666667
4261 -0.0000001853333362
4262 -0.0000000863333345
4263 -0.0095373071666670
4264 0.0066475668333334
4265 0.0026066146666666
4266 -0.0134893026666667
4267 -0.0172292581666666
4268 -0.0183911583333334
4269 -0.0177891136666666
4270 -0.0066338026666667
4271 -0.0000001853333362
4272 -0.0000000863333345
4273 0.0002389928333330
4274 0.0079620668333334
4275 0.0009635146666666
4276 -0.0142388026666667
4277 -0.0158874581666666
4278 -0.0174295583333334
4279 -0.0198113136666666
4280 -0.0067519026666667
4281 -0.0000001853333362
4282 -0.0000000863333345
4283 0.0123711928333330
4284 0.0124889668333334
4285 -0.0048313853333334
4286 -0.0141945026666667
4287 -0.0177658581666666
4288 -0.0175237583333334
4289 -0.0185030136666666
4290 -0.0066142026666667
4291 -0.0000002853333363
4292 0.0000000136666655
4293 0.0141690928333330
4294 0.0167385668333334
4295 -0.0059908853333334
4296 -0.0155197026666667
4297 -0.0190493581666666
4298 -0.0170639583333334
4299 -0.0177603136666666
4300 -0.0061201026666667
4301 -0.0000001853333362
4302 0.0000000136666655
4303 0.0132842928333330
4304 0.0086988668333334
4305 0.0062847146666666
4306 -0.0191549026666667
4307 -0.0171057581666666
4308 -0.0180131583333334
4309 -0.0189178136666666
4310 -0.0069868026666667
4311 -0.0000002853333363
4312 -0.0000000863333345
4313 0.0103044928333330
4314 0.0087947668333334
4315 0.0102483146666666
4316 -0.0187664026666667
4317 -0.0148648581666666
4318 -0.0171153583333334
4319 -0.0196632136666666
4320 -0.0063552026666667
4321 -0.0000001853333362
4322 -0.0000000863333345
4323 0.0106612928333330
4324 0.0171978668333334
4325 0.0033179146666666
4326 -0.0111445026666667
4327 -0.0170066581666666
4328 -0.0160846583333334
4329 -0.0180810136666666
4330 -0.0059690026666667
4331 -0.0000001853333362
4332 -0.0000000863333345
4333 0.0207876928333330
4334 0.0170554668333334
4335 -0.0007022853333334
4336 -0.0121767026666667
4337 -0.0157603581666666
4338 -0.0128237583333334
4339 -0.0185585136666666
4340 -0.0058471026666667
4341 -0.0000001853333362
4342 0.0000000136666655
4343 0.0199895928333330
4344 0.0069584668333334
4345 0.0022897146666666
4346 -0.0126809026666667
4347 -0.0109609581666666
4348 -0.0132567583333334
4349 -0.0164308136666666
4350 -0.0058880026666667
4351 -0.0000001853333362
4352 -0.0000000863333345
4353 0.0022852928333330
4354 0.0049188668333334
4355 0.0001529146666666
4356 -0.0059566026666667
4357 -0.0129461581666666
4358 -0.0142687583333334
4359 -0.0158974136666666
4360 -0.0061313026666667
4361 0.0000000146666637
4362 -0.0000000863333345
4363 -0.0008236071666670
4364 0.0141605668333334
4365 -0.0104940853333334
4366 -0.0066872026666667
4367 -0.0112269581666666
4368 -0.0149911583333334
4369 -0.0151658136666666
4370 -0.0058042026666667
4371 -0.0000003853333361
4372 0.0000000136666655
4373 0.0145547928333330
4374 0.0183850668333334
4375 -0.0085563853333334
4376 -0.0155849026666667
4377 -0.0145824581666666
4378 -0.0113877583333334
4379 -0.0162940136666666
4380 -0.0056353026666667
4381 -0.0000001853333362
4382 0.0000000136666655
4383 0.0341187928333330
4384 0.0130461668333334
4385 -0.0077491853333334
4386 -0.0124426026666667
4387 -0.0166896581666666
4388 -0.0138964583333334
4389 -0.0168901136666666
4390 -0.0062206026666667
4391 -0.0000003853333361
4392 -0.0000000863333345
4393 0.0477164928333330
4394 0.0051313668333334
4395 -0.0107187853333334
4396 -0.0114597026666667
4397 -0.0155275581666666
4398 -0.0132180583333334
4399 -0.0177321136666666
4400 -0.0057826026666667
4401 -0.0000001853333362
4402 -0.0000000863333345
4403 0.0458513928333330
4404 -0.0017190331666666
4405 -0.0133147853333334
4406 -0.0098099026666667
4407 -0.0154634581666666
4408 -0.0130188583333334
4409 -0.0181790136666666
4410 -0.0063896026666667
4411 -0.0000002853333363
4412 -0.0000000863333345
4413 0.0225714928333330
4414 0.0051115668333334
4415 -0.0133425853333334
4416 -0.0092356026666667
4417 -0.0169500581666666
4418 -0.0155600583333334
4419 -0.0173954136666666
4420 -0.0061661026666667
4421 0.0000001146666637
4422 -0.0000000863333345
4423 0.0037370928333330
4424 0.0103776668333334
4425 -0.0054770853333334
4426 -0.0148073026666667
4427 -0.0170426581666666
4428 -0.0159286583333334
4429 -0.0179817136666666
4430 -0.0057354026666667
4431 -0.0000001853333362
4432 0.0000000136666655
4433 0.0005045928333330
4434 0.0134953668333334
4435 -0.0052177853333334
4436 -0.0123769026666667
4437 -0.0166687581666666
4438 -0.0161044583333334
4439 -0.0186885136666666
4440 -0.0061388026666667
4441 -0.0000003853333361
4442 0.0000000136666655
4443 0.0020479928333330
4444 0.0135459668333334
4445 -0.0072560853333334
4446 -0.0101516026666667
4447 -0.0152603581666666
4448 -0.0163466583333334
4449 -0.0198163136666666
4450 -0.0070539026666667
4451 -0.0000001853333362
4452 -0.0000000863333345
4453 -0.0001689071666670
4454 0.0070277668333334
4455 -0.0095667853333334
4456 -0.0079467026666667
4457 -0.0169332581666666
4458 -0.0157467583333334
4459 -0.0197118136666666
4460 -0.0066689026666667
4461 -0.0000002853333363
4462 -0.0000000863333345
4463 0.0082269928333330
4464 -0.0132703331666666
4465 -0.0059735853333334
4466 -0.0127461026666667
4467 -0.0160155581666666
4468 -0.0153288583333334
4469 -0.0199182136666666
4470 -0.0068257026666667
4471 -0.0000002853333363
4472 0.0000000136666655
4473 0.0150212928333330
4474 -0.0179766331666666
4475 -0.0079586853333334
4476 -0.0148696026666667
4477 -0.0178239581666666
4478 -0.0158846583333334
4479 -0.0187673136666666
4480 -0.0064528026666667
4481 0.0000000146666637
4482 -0.0000000863333345
4483 0.0112616928333330
4484 -0.0080275331666666
4485 -0.0123684853333334
4486 -0.0164613026666667
4487 -0.0180931581666666
4488 -0.0177843583333334
4489 -0.0189900136666666
4490 -0.0062754026666667
4491 -0.0000003853333361
4492 -0.0000000863333345
4493 -0.0016865071666670
4494 0.0034383668333334
4495 -0.0122324853333334
4496 -0.0148271026666667
4497 -0.0182107581666666
4498 -0.0182676583333334
4499 -0.0199763136666666
4500 -0.0067780026666667
4501 -0.0000003853333361
4502 -0.0000000863333345
4503 -0.0191331071666670
4504 0.0045745668333334
4505 -0.0020180853333334
4506 -0.0128897026666667
4507 -0.0178753581666666
4508 -0.0183899583333334
4509 -0.0193844136666666
4510 -0.0068282026666667
4511 -0.0000002853333363
4512 0.0000000136666655
4513 -0.0169719071666670
4514 -0.0062170331666666
4515 -0.0025260853333334
4516 -0.0118303026666667
4517 -0.0148694581666666
4518 -0.0160874583333334
4519 -0.0201892136666666
4520 -0.0065572026666667
4521 -0.0000001853333362
4522 -0.0000000863333345
4523 0.0050716928333330
4524 -0.0157564331666666
4525 -0.0125241853333334
4526 -0.0119401026666667
4527 -0.0144409581666666
4528 -0.0178482583333334
4529 -0.0199551136666666
4530 -0.0066088026666667
4531 -0.0000001853333362
4532 -0.0000000863333345
4533 0.0209138928333330
4534 -0.0087150331666666
4535 -0.0213995853333334
4536 -0.0113079026666667
4537 -0.0167204581666666
4538 -0.0172800583333334
4539 -0.0211308136666666
4540 -0.0069828026666667
4541 -0.0000001853333362
4542 -0.0000000863333345
4543 0.0173557928333330
4544 0.0060226668333334
4545 -0.0182123853333334
4546 -0.0157669026666667
4547 -0.0181756581666666
4548 -0.0171134583333334
4549 -0.0210152136666666
4550 -0.0066759026666667
4551 -0.0000001853333362
4552 -0.0000000863333345
4553 0.0154541928333330
4554 0.0108498668333334
4555 -0.0091675853333334
4556 -0.0125566026666667
4557 -0.0213283581666666
4558 -0.0182233583333334
4559 -0.0207654136666666
4560 -0.0066316026666667
4561 -0.0000002853333363
4562 -0.0000000863333345
4563 0.0135203928333330
4564 0.0172635668333334
4565 -0.0059939853333334
4566 -0.0126947026666667
4567 -0.0170928581666666
4568 -0.0179036583333334
4569 -0.0215834136666666
4570 -0.0068021026666667
4571 -0.0000001853333362
4572 0.0000000136666655
4573 0.0137440928333330
4574 0.0204614668333334
4575 -0.0122299853333334
4576 -0.0139676026666667
4577 -0.0132801581666666
4578 -0.0175954583333334
4579 -0.0200547136666666
4580 -0.0065402026666667
4581 -0.0000003853333361
4582 -0.0000000863333345
4583 0.0215337928333330
4584 0.0083776668333334
4585 -0.0139615853333334
4586 -0.0152417026666667
4587 -0.0142367581666666
4588 -0.0147109583333334
4589 -0.0183042136666666
4590 -0.0067365026666667
4591 -0.0000001853333362
4592 0.0000000136666655
4593 0.0359492928333330
4594 -0.0110220331666666
4595 -0.0103809853333334
4596 -0.0138002026666667
4597 -0.0182068581666666
4598 -0.0153333583333334
4599 -0.0167990136666666
4600 -0.0062762026666667
4601 -0.0000001853333362
4602 -0.0000000863333345
4603 0.0452326928333330
4604 -0.0198397331666666
4605 -0.0035978853333334
4606 -0.0175004026666667
4607 -0.0174030581666666
4608 -0.0150935583333334
4609 -0.0165369136666666
4610 -0.0065753026666667
4611 -0.0000001853333362
4612 -0.0000000863333345
4613 0.0495534928333330
4614 -0.0167029331666666
4615 -0.0021211853333334
4616 -0.0185479026666667
4617 -0.0149789581666666
4618 -0.0158783583333334
4619 -0.0190713136666666
4620 -0.0055481026666667
4621 -0.0000002853333363
4622 0.0000000136666655
4623 0.0515936928333330
4624 -0.0132270331666666
4625 -0.0064227853333334
4626 -0.0127165026666667
4627 -0.0136793581666666
4628 -0.0171837583333334
4629 -0.0199973136666666
4630 -0.0066363026666667
4631 -0.0000001853333362
4632 0.0000000136666655
4633 0.0447204928333330
4634 -0.0067829331666666
4635 -0.0121713853333334
4636 -0.0066569026666667
4637 -0.0145766581666666
4638 -0.0170625583333334
4639 -0.0194974136666666
4640 -0.0069936026666667
4641 -0.0000002853333363
4642 -0.0000000863333345
4643 0.0419300928333330
4644 -0.0093666331666666
4645 -0.0078789853333334
4646 -0.0089433026666667
4647 -0.0142894581666666
4648 -0.0173323583333334
4649 -0.0189541136666666
4650 -0.0066165026666667
4651 -0.0000001853333362
4652 -0.0000000863333345
4653 0.0400189928333330
4654 -0.0175201331666666
4655 -0.0078324853333334
4656 -0.0081621026666667
4657 -0.0174276581666666
4658 -0.0156136583333334
4659 -0.0195981136666666
4660 -0.0070142026666667
4661 -0.0000003853333361
4662 -0.0000000863333345
4663 0.0249553928333330
4664 -0.0163928331666666
4665 -0.0041370853333334
4666 -0.0169978026666667
4667 -0.0158546581666666
4668 -0.0165989583333334
4669 -0.0204984136666666
4670 -0.0067687026666667
4671 -0.0000001853333362
4672 -0.0000000863333345
4673 -0.0034632071666670
4674 -0.0158404331666666
4675 0.0005257146666666
4676 -0.0159056026666667
4677 -0.0161165581666666
4678 -0.0178042583333334
4679 -0.0211370136666666
4680 -0.0067737026666667
4681 -0.0000001853333362
4682 -0.0000000863333345
4683 -0.0142043071666670
4684 -0.0175983331666666
4685 -0.0046483853333334
4686 -0.0139202026666667
4687 -0.0169228581666666
4688 -0.0170588583333334
4689 -0.0200912136666666
4690 -0.0067675026666667
4691 0.0000000146666637
4692 -0.0000000863333345
4693 -0.0100724071666670
4694 -0.0174969331666666
4695 -0.0109629853333334
4696 -0.0132914026666667
4697 -0.0172377581666666
4698 -0.0172489583333334
4699 -0.0184692136666666
4700 -0.0067269026666667
4701 -0.0000001853333362
4702 -0.0000000863333345
4703 -0.0039170071666670
4704 -0.0153423331666666
4705 -0.0130500853333334
4706 -0.0133169026666667
4707 -0.0187382581666666
4708 -0.0177371583333334
4709 -0.0185571136666666
4710 -0.0072292026666667
4711 -0.0000002853333363
4712 -0.0000000863333345
4713 0.0046992928333330
4714 -0.0135645331666666
4715 -0.0058083853333334
4716 -0.0137502026666667
4717 -0.0240597581666666
4718 -0.0184398583333334
4719 -0.0192016136666666
4720 -0.0063829026666667
4721 -0.0000001853333362
4722 0.0000000136666655
4723 0.0131210928333330
4724 -0.0092316331666666
4725 -0.0066173853333334
4726 -0.0110439026666667
4727 -0.0233963581666666
4728 -0.0191813583333334
4729 -0.0208445136666666
4730 -0.0068576026666667
4731 -0.0000001853333362
4732 -0.0000000863333345
4733 0.0208391928333330
4734 -0.0022572331666666
4735 -0.0096571853333334
4736 -0.0154797026666667
4737 -0.0209294581666666
4738 -0.0164163583333334
4739 -0.0213804136666666
4740 -0.0066769026666667
4741 -0.0000001853333362
4742 -0.0000000863333345
4743 0.0263666928333330
4744 0.0122948668333334
4745 -0.0149484853333334
4746 -0.0183262026666667
4747 -0.0206768581666666
4748 -0.0184907583333334
4749 -0.0197537136666666
4750 -0.0063380026666667
4751 0.0000000146666637
4752 0.0000000136666655
4753 0.0251986928333330
4754 0.0249059668333334
4755 -0.0192359853333334
4756 -0.0168668026666667
4757 -0.0171952581666666
4758 -0.0176104583333334
4759 -0.0204286136666666
4760 -0.0070062026666667
4761 -0.0000001853333362
4762 -0.0000000863333345
4763 0.0253278928333330
4764 0.0256024668333334
4765 -0.0174563853333334
4766 -0.0114911026666667
4767 -0.0158026581666666
4768 -0.0173401583333334
4769 -0.0187827136666666
4770 -0.0070284026666667
4771 -0.0000001853333362
4772 0.0000000136666655
4773 0.0353972928333330
4774 0.0275314668333334
4775 -0.0172478853333334
4776 -0.0086022026666667
4777 -0.0160098581666666
4778 -0.0147661583333334
4779 -0.0190215136666666
4780 -0.0065696026666667
4781 -0.0000001853333362
4782 -0.0000000863333345
4783 0.0318431928333330
4784 0.0411609668333334
4785 -0.0079149853333334
4786 -0.0099449026666667
4787 -0.0122317581666666
4788 -0.0155947583333334
4789 -0.0191586136666666
4790 -0.0068211026666667
4791 -0.0000001853333362
4792 0.0000000136666655
4793 0.0214436928333330
4794 0.0472938668333334
4795 0.0056502146666666
4796 -0.0065897026666667
4797 -0.0152909581666666
4798 -0.0139249583333334
4799 -0.0202528136666666
4800 -0.0064207026666667
4801 -0.0000001853333362
4802 -0.0000000863333345
4803 0.0241905928333330
4804 0.0316247668333334
4805 0.0152057146666666
4806 -0.0083049026666667
4807 -0.0112896581666666
4808 -0.0154776583333334
4809 -0.0185100136666666
4810 -0.0060215026666667
4811 -0.0000002853333363
4812 -0.0000000863333345
4813 0.0248638928333330
4814 0.0307124668333334
4815 0.0102512146666666
4816 0.0006856973333333
4817 -0.0160612581666666
4818 -0.0141962583333334
4819 -0.0189503136666666
4820 -0.0067310026666667
4821 -0.0000001853333362
4822 -0.0000000863333345
4823 0.0171765928333330
4824 0.0303098668333334
4825 0.0114896146666666
4826 0.0017258973333333
4827 -0.0123366581666666
4828 -0.0144261583333334
4829 -0.0169128136666666
4830 -0.0057382026666667
4831 -0.0000002853333363
4832 0.0000000136666655
4833 0.0142504928333330
4834 0.0235488668333334
4835 0.0066553146666666
4836 0.0014704973333333
4837 -0.0102828581666666
4838 -0.0145453583333334
4839 -0.0168592136666666
4840 -0.0055747026666667
4841 -0.0000001853333362
4842 0.0000000136666655
4843 0.0036516928333330
4844 0.0268948668333334
4845 0.0074124146666666
4846 -0.0038739026666667
4847 -0.0082431581666666
4848 -0.0142938583333334
4849 -0.0168335136666666
4850 -0.0063515026666667
4851 -0.0000003853333361
4852 0.0000000136666655
4853 -0.0035476071666670
4854 0.0285146668333334
4855 0.0094378146666666
4856 -0.0075269026666667
4857 -0.0088600581666666
4858 -0.0149740583333334
4859 -0.0163169136666666
4860 -0.0060174026666667
4861 -0.0000002853333363
4862 -0.0000000863333345
4863 0.0086935928333330
4864 0.0198527668333334
4865 0.0068744146666666
4866 -0.0055316026666667
4867 -0.0146233581666666
4868 -0.0132855583333334
4869 -0.0169974136666666
4870 -0.0059875026666667
4871 -0.0000001853333362
4872 0.0000000136666655
4873 0.0207832928333330
4874 0.0086168668333334
4875 -0.0017423853333334
4876 -0.0088077026666667
4877 -0.0104604581666666
4878 -0.0154012583333334
4879 -0.0169285136666666
4880 -0.0058879026666667
4881 -0.0000001853333362
4882 -0.0000000863333345
4883 0.0161533928333330
4884 -0.0013521331666666
4885 -0.0106028853333334
4886 -0.0142237026666667
4887 -0.0113761581666666
4888 -0.0143499583333334
4889 -0.0178751136666666
4890 -0.0058890026666667
4891 -0.0000002853333363
4892 -0.0000000863333345
4893 -0.0052680071666670
4894 0.0003335668333334
4895 -0.0185885853333334
4896 -0.0160347026666667
4897 -0.0151400581666666
4898 -0.0152698583333334
4899 -0.0187530136666666
4900 -0.0064530026666667
4901 -0.0000002853333363
4902 -0.0000000863333345
4903 -0.0217183071666670
4904 -0.0082386331666666
4905 -0.0229736853333334
4906 -0.0119792026666667
4907 -0.0170013581666666
4908 -0.0172648583333334
4909 -0.0182689136666666
4910 -0.0065306026666667
4911 0.0000000146666637
4912 -0.0000000863333345
4913 -0.0245263071666670
4914 -0.0170634331666666
4915 -0.0265438853333334
4916 -0.0097779026666667
4917 -0.0171844581666666
4918 -0.0172400583333334
4919 -0.0195330136666666
4920 -0.0066241026666667
4921 -0.0000002853333363
4922 0.0000000136666655
4923 -0.0197903071666670
4924 -0.0188879331666666
4925 -0.0217369853333334
4926 -0.0175744026666667
4927 -0.0181029581666666
4928 -0.0174351583333334
4929 -0.0189493136666666
4930 -0.0064605026666667
4931 -0.0000001853333362
4932 -0.0000000863333345
4933 -0.0006569071666670
4934 -0.0239123331666666
4935 -0.0240268853333334
4936 -0.0179386026666667
4937 -0.0190673581666666
4938 -0.0180372583333334
4939 -0.0207978136666666
4940 -0.0065669026666667
4941 -0.0000002853333363
4942 0.0000000136666655
4943 0.0174165928333330
4944 -0.0167206331666666
4945 -0.0235220853333334
4946 -0.0193659026666667
4947 -0.0193883581666666
4948 -0.0194623583333334
4949 -0.0216008136666666
4950 -0.0069223026666667
4951 -0.0000003853333361
4952 0.0000000136666655
4953 0.0290492928333330
4954 0.0062422668333334
4955 -0.0258819853333334
4956 -0.0207837026666667
4957 -0.0209099581666666
4958 -0.0201784583333334
4959 -0.0215622136666666
4960 -0.0072584026666667
4961 -0.0000003853333361
4962 -0.0000000863333345
4963 0.0324217928333330
4964 0.0231681668333334
4965 -0.0273118853333334
4966 -0.0184189026666667
4967 -0.0215164581666666
4968 -0.0190393583333334
4969 -0.0217918136666666
4970 -0.0068098026666667
4971 -0.0000002853333363
4972 -0.0000000863333345
4973 0.0366121928333330
4974 0.0271866668333334
4975 -0.0214124853333334
4976 -0.0184245026666667
4977 -0.0208624581666666
4978 -0.0182345583333334
4979 -0.0208663136666666
4980 -0.0072964026666667
4981 -0.0000001853333362
4982 -0.0000000863333345
4983 0.0439880928333330
4984 0.0339789668333334
4985 -0.0234815853333334
4986 -0.0176185026666667
4987 -0.0181107581666666
4988 -0.0171954583333334
4989 -0.0197389136666666
4990 -0.0069781026666667
4991 -0.0000001853333362
4992 0.0000000136666655
4993 0.0511043928333330
4994 0.0298348668333334
4995 -0.0122709853333334
4996 -0.0198718026666667
4997 -0.0154394581666666
4998 -0.0196319583333334
4999 -0.0187921136666666
5000 -0.0069708026666667
5001 -0.0000003853333361
5002 0.0000000136666655
5003 0.0453248928333330
5004 0.0411674668333334
5005 -0.0172805853333334
5006 -0.0168898026666667
5007 -0.0145959581666666
5008 -0.0171508583333334
5009 -0.0203985136666666
5010 -0.0065857026666667
5011 -0.0000002853333363
5012 0.0000000136666655
5013 0.0388678928333330
5014 0.0520529668333334
5015 -0.0198273853333334
5016 -0.0149607026666667
5017 -0.0198728581666666
5018 -0.0166545583333334
5019 -0.0192989136666666
5020 -0.0065967026666667
5021 -0.0000003853333361
5022 -0.0000000863333345
5023 0.0387373928333330
5024 0.0388501668333334
5025 0.0027526146666666
5026 -0.0157559026666667
5027 -0.0217296581666666
5028 -0.0158938583333334
5029 -0.0214241136666666
5030 -0.0063062026666667
5031 -0.0000002853333363
5032 0.0000000136666655
5033 0.0343501928333330
5034 0.0201874668333334
5035 0.0123146146666666
5036 -0.0120964026666667
5037 -0.0202344581666666
5038 -0.0157950583333334
5039 -0.0196825136666666
5040 -0.0062544026666667
5041 -0.0000002853333363
5042 -0.0000000863333345
5043 0.0099501928333330
5044 0.0103312668333334
5045 -0.0025926853333334
5046 -0.0018411026666667
5047 -0.0161899581666666
5048 -0.0152930583333334
5049 -0.0185019136666666
5050 -0.0058802026666667
5051 -0.0000001853333362
5052 0.0000000136666655
5053 -0.0049030071666670
5054 0.0003262668333334
5055 -0.0034960853333334
5056 -0.0062331026666667
5057 -0.0174088581666666
5058 -0.0168213583333334
5059 -0.0168483136666666
5060 -0.0059822026666667
5061 -0.0000003853333361
5062 -0.0000000863333345
5063 0.0042405928333330
5064 -0.0067650331666666
5065 -0.0017442853333334
5066 -0.0138135026666667
5067 -0.0172207581666666
5068 -0.0156824583333334
5069 -0.0200525136666666
5070 -0.0057189026666667
5071 -0.0000002853333363
5072 -0.0000000863333345
5073 0.0180461928333330
5074 -0.0012454331666666
5075 -0.0153150853333334
5076 -0.0134007026666667
5077 -0.0179158581666666
5078 -0.0154880583333334
5079 -0.0190010136666666
5080 -0.0060660026666667
5081 -0.0000001853333362
5082 -0.0000000863333345
5083 0.0343212928333330
5084 0.0001279668333334
5085 -0.0188650853333334
5086 -0.0211721026666667
5087 -0.0191848581666666
5088 -0.0146571583333334
5089 -0.0194704136666666
5090 -0.0064807026666667
5091 -0.0000003853333361
5092 -0.0000000863333345
5093 0.0531623928333330
5094 -0.0053851331666666
5095 -0.0176482853333334
5096 -0.0201031026666667
5097 -0.0237343581666666
5098 -0.0166952583333334
5099 -0.0199537136666666
5100 -0.0067966026666667
5101 -0.0000001853333362
5102 -0.0000000863333345
5103 0.0602114928333330
5104 -0.0046234331666666
5105 -0.0126169853333334
5106 -0.0220190026666667
5107 -0.0208188581666666
5108 -0.0208966583333334
5109 -0.0198073136666666
5110 -0.0069411026666667
5111 -0.0000001853333362
5112 -0.0000000863333345
5113 0.0683233928333330
5114 -0.0004525331666666
5115 -0.0191998853333334
5116 -0.0183380026666667
5117 -0.0197171581666666
5118 -0.0194954583333334
5119 -0.0209988136666666
5120 -0.0068000026666667
5121 -0.0000001853333362
5122 -0.0000000863333345
5123 0.0958104928333330
5124 -0.0013166331666666
5125 -0.0271992853333334
5126 -0.0225139026666667
5127 -0.0192313581666666
5128 -0.0170459583333334
5129 -0.0200221136666666
5130 -0.0068946026666667
5131 -0.0000001853333362
5132 0.0000000136666655
5133 0.1134470928333330
5134 0.0071947668333334
5135 -0.0289873853333334
5136 -0.0194466026666667
5137 -0.0216091581666666
5138 -0.0194860583333334
5139 -0.0198964136666666
5140 -0.0068706026666667
5141 -0.0000002853333363
5142 0.0000000136666655
5143 0.0903951928333330
5144 0.0319550668333334
5145 -0.0266993853333334
5146 -0.0131227026666667
5147 -0.0247891581666666
5148 -0.0204964583333334
5149 -0.0216464136666666
5150 -0.0066959026666667
5151 -0.0000001853333362
5152 0.0000000136666655
5153 0.0642356928333330
5154 0.0267337668333334
5155 -0.0138411853333334
5156 -0.0091004026666667
5157 -0.0222186581666666
5158 -0.0192130583333334
5159 -0.0220203136666666
5160 -0.0066849026666667
5161 -0.0000002853333363
5162 0.0000000136666655
5163 0.0557457928333330
5164 0.0127614668333334
5165 -0.0054101853333334
5166 -0.0106488026666667
5167 -0.0164813581666666
5168 -0.0192831583333334
5169 -0.0201774136666666
5170 -0.0066486026666667
5171 -0.0000001853333362
5172 -0.0000000863333345
5173 0.0523760928333330
5174 0.0224035668333334
5175 -0.0062246853333334
5176 -0.0117651026666667
5177 -0.0148007581666666
5178 -0.0176085583333334
5179 -0.0197727136666666
5180 -0.0066333026666667
5181 -0.0000001853333362
5182 -0.0000000863333345
5183 0.0537096928333330
5184 0.0267780668333334
5185 0.0029660146666666
5186 -0.0121389026666667
5187 -0.0136840581666666
5188 -0.0161463583333334
5189 -0.0180127136666666
5190 -0.0068748026666667
5191 -0.0000001853333362
5192 -0.0000000863333345
5193 0.0555978928333330
5194 0.0233536668333334
5195 0.0106372146666666
5196 -0.0030206026666667
5197 -0.0103053581666666
5198 -0.0146235583333334
5199 -0.0194432136666666
5200 -0.0061472026666667
5201 -0.0000001853333362
5202 -0.0000000863333345
5203 0.0659453928333330
5204 0.0202779668333334
5205 0.0100570146666666
5206 0.0002222973333333
5207 -0.0078871581666666
5208 -0.0130277583333334
5209 -0.0158956136666666
5210 -0.0061309026666667
5211 -0.0000003853333361
5212 -0.0000000863333345
5213 0.0736987928333330
5214 0.0391361668333334
5215 0.0007815146666666
5216 -0.0046561026666667
5217 -0.0085909581666666
5218 -0.0119308583333334
5219 -0.0135462136666666
5220 -0.0058600026666667
5221 -0.0000003853333361
5222 -0.0000000863333345
5223 0.0486600928333330
5224 0.0638204668333334
5225 0.0110560146666666
5226 -0.0094913026666667
5227 -0.0074365581666666
5228 -0.0136331583333334
5229 -0.0152125136666666
5230 -0.0052594026666667
5231 -0.0000003853333361
5232 0.0000000136666655
5233 0.0103833928333330
5234 0.0571943668333334
5235 0.0232278146666666
5236 -0.0025968026666667
5237 -0.0040959581666666
5238 -0.0100180583333334
5239 -0.0144229136666666
5240 -0.0053723026666667
5241 -0.0000001853333362
5242 0.0000000136666655
5243 -0.0057120071666670
5244 0.0514313668333334
5245 0.0097257146666666
5246 0.0017078973333333
5247 -0.0003765581666666
5248 -0.0088920583333334
5249 -0.0134167136666666
5250 -0.0048866026666667
5251 -0.0000001853333362
5252 -0.0000000863333345
5253 0.0134642928333330
5254 0.0309019668333334
5255 -0.0002001853333334
5256 -0.0002332026666667
5257 -0.0044158581666666
5258 -0.0087702583333334
5259 -0.0131813136666666
5260 -0.0048907026666667
5261 -0.0000001853333362
5262 -0.0000000863333345
5263 0.0295125928333330
5264 0.0133937668333334
5265 0.0018251146666666
5266 -0.0025234026666667
5267 -0.0086254581666666
5268 -0.0109684583333334
5269 -0.0148121136666666
5270 -0.0053210026666667
5271 -0.0000002853333363
5272 -0.0000000863333345
5273 0.0295053928333330
5274 0.0131033668333334
5275 -0.0023187853333334
5276 -0.0028965026666667
5277 -0.0081042581666666
5278 -0.0123753583333334
5279 -0.0153375136666666
5280 -0.0058892026666667
5281 -0.0000001853333362
5282 -0.0000000863333345
5283 0.0287056928333330
5284 0.0191302668333334
5285 -0.0087927853333334
5286 -0.0088975026666667
5287 -0.0091457581666666
5288 -0.0118682583333334
5289 -0.0145210136666666
5290 -0.0056183026666667
5291 -0.0000001853333362
5292 -0.0000000863333345
5293 0.0351344928333330
5294 0.0194168668333334
5295 -0.0122568853333334
5296 -0.0125592026666667
5297 -0.0147921581666666
5298 -0.0084484583333334
5299 -0.0147236136666666
5300 -0.0055580026666667
5301 -0.0000001853333362
5302 0.0000000136666655
5303 0.0356318928333330
5304 0.0213148668333334
5305 -0.0108649853333334
5306 -0.0140976026666667
5307 -0.0124504581666666
5308 -0.0111473583333334
5309 -0.0172554136666666
5310 -0.0053016026666667
5311 -0.0000001853333362
5312 -0.0000000863333345
5313 0.0443780928333330
5314 0.0196108668333334
5315 -0.0102877853333334
5316 -0.0114964026666667
5317 -0.0135309581666666
5318 -0.0136926583333334
5319 -0.0174372136666666
5320 -0.0063220026666667
5321 -0.0000002853333363
5322 -0.0000000863333345
5323 0.0551299928333330
5324 0.0239429668333334
5325 -0.0088476853333334
5326 -0.0148716026666667
5327 -0.0124290581666666
5328 -0.0136196583333334
5329 -0.0179131136666666
5330 -0.0057815026666667
5331 -0.0000001853333362
5332 0.0000000136666655
5333 0.0433215928333330
5334 0.0307048668333334
5335 0.0008224146666666
5336 -0.0129257026666667
5337 -0.0131570581666666
5338 -0.0146437583333334
5339 -0.0177763136666666
5340 -0.0060779026666667
5341 -0.0000002853333363
5342 -0.0000000863333345
5343 0.0209543928333330
5344 0.0333299668333334
5345 -0.0075246853333334
5346 -0.0053974026666667
5347 -0.0104882581666666
5348 -0.0131660583333334
5349 -0.0180501136666666
5350 -0.0060662026666667
5351 0.0000000146666637
5352 -0.0000000863333345
5353 0.0104134928333330
5354 0.0187996668333334
5355 -0.0153837853333334
5356 -0.0042811026666667
5357 -0.0135380581666666
5358 -0.0122410583333334
5359 -0.0158794136666666
5360 -0.0059974026666667
5361 -0.0000001853333362
5362 0.0000000136666655
5363 0.0033056928333330
5364 -0.0066388331666666
5365 -0.0048821853333334
5366 -0.0071238026666667
5367 -0.0148055581666666
5368 -0.0141880583333334
5369 -0.0173338136666666
5370 -0.0058115026666667
5371 -0.0000003853333361
5372 -0.0000000863333345
5373 -0.0037186071666670
5374 -0.0252031331666666
5375 -0.0004932853333334
5376 -0.0100216026666667
5377 -0.0180636581666666
5378 -0.0153168583333334
5379 -0.0160596136666666
5380 -0.0059940026666667
5381 -0.0000002853333363
5382 -0.0000000863333345
5383 -0.0111999071666670
5384 -0.0303468331666666
5385 -0.0112944853333334
5386 -0.0145553026666667
5387 -0.0189502581666666
5388 -0.0157023583333334
5389 -0.0178672136666666
5390 -0.0061855026666667
5391 -0.0000004853333362
5392 -0.0000000863333345
5393 -0.0220911071666670
5394 -0.0271444331666666
5395 -0.0243262853333334
5396 -0.0187735026666667
5397 -0.0184326581666666
5398 -0.0166353583333334
5399 -0.0188071136666666
5400 -0.0064050026666667
5401 -0.0000002853333363
5402 0.0000000136666655
5403 -0.0308432071666670
5404 -0.0186244331666666
5405 -0.0316809853333334
5406 -0.0235499026666667
5407 -0.0179268581666666
5408 -0.0150137583333334
5409 -0.0201321136666666
5410 -0.0065961026666667
5411 -0.0000001853333362
5412 0.0000000136666655
5413 -0.0348585071666670
5414 -0.0182967331666666
5415 -0.0271849853333334
5416 -0.0232297026666667
5417 -0.0227631581666666
5418 -0.0186752583333334
5419 -0.0199176136666666
5420 -0.0067228026666667
5421 0.0000000146666637
5422 -0.0000000863333345
5423 -0.0298970071666670
5424 -0.0313699331666666
5425 -0.0224659853333334
5426 -0.0247040026666667
5427 -0.0193629581666666
5428 -0.0211147583333334
5429 -0.0220228136666666
5430 -0.0069892026666667
5431 -0.0000002853333363
5432 -0.0000000863333345
5433 -0.0266356071666670
5434 -0.0328538331666666
5435 -0.0244764853333334
5436 -0.0240892026666667
5437 -0.0229859581666666
5438 -0.0194040583333334
5439 -0.0220306136666666
5440 -0.0067618026666667
5441 -0.0000003853333361
5442 -0.0000000863333345
5443 -0.0343835071666670
5444 -0.0359353331666666
5445 -0.0099284853333334
5446 -0.0221844026666667
5447 -0.0214537581666666
5448 -0.0212356583333334
5449 -0.0239792136666666
5450 -0.0076252026666667
5451 -0.0000002853333363
5452 -0.0000000863333345
5453 -0.0313809071666670
5454 -0.0425802331666666
5455 -0.0129094853333334
5456 -0.0130540026666667
5457 -0.0179937581666666
5458 -0.0214452583333334
5459 -0.0222076136666666
5460 -0.0078232026666667
5461 -0.0000002853333363
5462 0.0000000136666655
5463 -0.0211849071666670
5464 -0.0396198331666666
5465 -0.0227946853333334
5466 -0.0124533026666667
5467 -0.0189610581666666
5468 -0.0183812583333334
5469 -0.0215720136666666
5470 -0.0071076026666667
5471 0.0000000146666637
5472 -0.0000000863333345
5473 -0.0091757071666670
5474 -0.0351497331666666
5475 -0.0208068853333334
5476 -0.0172094026666667
5477 -0.0199241581666666
5478 -0.0190800583333334
5479 -0.0217181136666666
5480 -0.0070959026666667
5481 -0.0000003853333361
5482 -0.0000000863333345
5483 0.0083332928333330
5484 -0.0314741331666666
5485 -0.0148449853333334
5486 -0.0246148026666667
5487 -0.0196908581666666
5488 -0.0184689583333334
5489 -0.0218701136666666
5490 -0.0069249026666667
5491 -0.0000002853333363
5492 -0.0000000863333345
5493 0.0388213928333330
5494 -0.0388190331666666
5495 -0.0126452853333334
5496 -0.0230070026666667
5497 -0.0210514581666666
5498 -0.0183363583333334
5499 -0.0214176136666666
5500 -0.0071983026666667
5501 -0.0000003853333361
5502 -0.0000000863333345
5503 0.0592978928333330
5504 -0.0275188331666666
5505 -0.0138877853333334
5506 -0.0233988026666667
5507 -0.0182944581666666
5508 -0.0202075583333334
5509 -0.0209713136666666
5510 -0.0069642026666667
5511 -0.0000001853333362
5512 -0.0000000863333345
5513 0.0580199928333330
5514 -0.0058005331666666
5515 -0.0155194853333334
5516 -0.0195767026666667
5517 -0.0172201581666666
5518 -0.0175815583333334
5519 -0.0221356136666666
5520 -0.0066111026666667
5521 -0.0000001853333362
5522 -0.0000000863333345
5523 0.0445993928333330
5524 -0.0000328331666666
5525 -0.0159926853333334
5526 -0.0148463026666667
5527 -0.0197792581666666
5528 -0.0164390583333334
5529 -0.0190817136666666
5530 -0.0066741026666667
5531 -0.0000001853333362
5532 0.0000000136666655
5533 0.0151119928333330
5534 0.0051586668333334
5535 -0.0134968853333334
5536 -0.0146517026666667
5537 -0.0160065581666666
5538 -0.0168460583333334
5539 -0.0198562136666666
5540 -0.0067617026666667
5541 -0.0000001853333362
5542 -0.0000000863333345
5543 -0.0012405071666670
5544 -0.0001091331666666
5545 -0.0060908853333334
5546 -0.0178383026666667
5547 -0.0160096581666666
5548 -0.0154503583333334
5549 -0.0192954136666666
5550 -0.0065013026666667
5551 -0.0000001853333362
5552 -0.0000000863333345
5553 0.0053239928333330
5554 -0.0152986331666666
5555 -0.0057207853333334
5556 -0.0192860026666667
5557 -0.0164171581666666
5558 -0.0171460583333334
5559 -0.0185503136666666
5560 -0.0065251026666667
5561 -0.0000002853333363
5562 -0.0000000863333345
5563 0.0170846928333330
5564 -0.0130616331666666
5565 -0.0153198853333334
5566 -0.0207528026666667
5567 -0.0207222581666666
5568 -0.0196301583333334
5569 -0.0186917136666666
5570 -0.0063329026666667
5571 -0.0000003853333361
5572 -0.0000000863333345
5573 0.0242321928333330
5574 -0.0127939331666666
5575 -0.0144357853333334
5576 -0.0229392026666667
5577 -0.0217984581666666
5578 -0.0210052583333334
5579 -0.0218425136666666
5580 -0.0069590026666667
5581 -0.0000002853333363
5582 0.0000000136666655
5583 0.0339301928333330
5584 -0.0179521331666666
5585 -0.0188715853333334
5586 -0.0202072026666667
5587 -0.0222391581666666
5588 -0.0193446583333334
5589 -0.0231282136666666
5590 -0.0072772026666667
5591 -0.0000001853333362
5592 -0.0000000863333345
5593 0.0375726928333330
5594 -0.0120628331666666
5595 -0.0251720853333334
5596 -0.0235795026666667
5597 -0.0198816581666666
5598 -0.0191995583333334
5599 -0.0206627136666666
5600 -0.0071334026666667
5601 -0.0000001853333362
5602 -0.0000000863333345
5603 0.0340237928333330
5604 0.0000149668333334
5605 -0.0212104853333334
5606 -0.0223075026666667
5607 -0.0257868581666666
5608 -0.0213024583333334
5609 -0.0215501136666666
5610 -0.0066506026666667
5611 -0.0000002853333363
5612 -0.0000000863333345
5613 0.0364999928333330
5614 0.0139123668333334
5615 -0.0226144853333334
5616 -0.0190879026666667
5617 -0.0226037581666666
5618 -0.0198916583333334
5619 -0.0230539136666666
5620 -0.0073193026666667
5621 -0.0000003853333361
5622 -0.0000000863333345
5623 0.0387944928333330
5624 0.0315804668333334
5625 -0.0189574853333334
5626 -0.0159343026666667
5627 -0.0185918581666666
5628 -0.0186389583333334
5629 -0.0221980136666666
5630 -0.0070036026666667
5631 -0.0000001853333362
5632 -0.0000000863333345
5633 0.0462870928333330
5634 0.0436407668333334
5635 -0.0098594853333334
5636 -0.0134741026666667
5637 -0.0151773581666666
5638 -0.0176978583333334
5639 -0.0205706136666666
5640 -0.0068834026666667
5641 -0.0000001853333362
5642 -0.0000000863333345
5643 0.0567617928333330
5644 0.0529319668333334
5645 -0.0003562853333334
5646 -0.0098193026666667
5647 -0.0147613581666666
5648 -0.0163772583333334
5649 -0.0185379136666666
5650 -0.0061646026666667
5651 -0.0000002853333363
5652 -0.0000000863333345
5653 0.0509225928333330
5654 0.0816743668333334
5655 -0.0006357853333334
5656 -0.0080215026666667
5657 -0.0142419581666666
5658 -0.0131026583333334
5659 -0.0168198136666666
5660 -0.0055687026666667
5661 -0.0000002853333363
5662 0.0000000136666655
5663 0.0300491928333330
5664 0.0888012668333334
5665 0.0095031146666666
5666 0.0032253973333333
5667 -0.0098064581666666
5668 -0.0137075583333334
5669 -0.0161553136666666
5670 -0.0058971026666667
5671 -0.0000001853333362
5672 -0.0000000863333345
5673 0.0203611928333330
5674 0.0784690668333334
5675 0.0097584146666666
5676 0.0083876973333333
5677 -0.0083171581666666
5678 -0.0104422583333334
5679 -0.0131136136666666
5680 -0.0057588026666667
5681 -0.0000001853333362
5682 -0.0000000863333345
5683 0.0293555928333330
5684 0.0642064668333334
5685 0.0064601146666666
5686 0.0004564973333333
5687 -0.0039981581666666
5688 -0.0131694583333334
5689 -0.0125406136666666
5690 -0.0047195026666667
5691 -0.0000002853333363
5692 -0.0000000863333345
5693 0.0455047928333330
5694 0.0570013668333334
5695 0.0031227146666666
5696 -0.0056537026666667
5697 -0.0066131581666666
5698 -0.0107026583333334
5699 -0.0155324136666666
5700 -0.0046371026666667
5701 -0.0000001853333362
5702 -0.0000000863333345
5703 0.0473428928333330
5704 0.0526520668333334
5705 0.0027541146666666
5706 -0.0086420026666667
5707 -0.0070526581666666
5708 -0.0111909583333334
5709 -0.0165908136666666
5710 -0.0052514026666667
5711 -0.0000001853333362
5712 -0.0000000863333345
5713 0.0337337928333330
5714 0.0411788668333334
5715 0.0084588146666666
5716 -0.0086026026666667
5717 -0.0077332581666666
5718 -0.0127908583333334
5719 -0.0149740136666666
5720 -0.0057620026666667
5721 -0.0000001853333362
5722 -0.0000000863333345
5723 0.0167320928333330
5724 0.0323674668333334
5725 0.0060844146666666
5726 -0.0035503026666667
5727 -0.0096216581666666
5728 -0.0111588583333334
5729 -0.0170877136666666
5730 -0.0053431026666667
5731 -0.0000002853333363
5732 -0.0000000863333345
5733 -0.0042490071666670
5734 0.0298751668333334
5735 0.0054862146666666
5736 -0.0000190026666667
5737 -0.0112497581666666
5738 -0.0125937583333334
5739 -0.0149106136666666
5740 -0.0060033026666667
5741 -0.0000001853333362
5742 -0.0000000863333345
5743 -0.0206422071666670
5744 0.0253078668333334
5745 0.0000096146666666
5746 -0.0016374026666667
5747 -0.0107715581666666
5748 -0.0132984583333334
5749 -0.0148765136666666
5750 -0.0058219026666667
5751 -0.0000001853333362
5752 -0.0000000863333345
5753 -0.0269902071666670
5754 0.0209336668333334
5755 -0.0023928853333334
5756 -0.0128822026666667
5757 -0.0087476581666666
5758 -0.0137160583333334
5759 -0.0148471136666666
5760 -0.0063094026666667
5761 -0.0000001853333362
5762 -0.0000000863333345
5763 -0.0216103071666670
5764 0.0150709668333334
5765 -0.0096416853333334
5766 -0.0112046026666667
5767 -0.0150712581666666
5768 -0.0143518583333334
5769 -0.0171720136666666
5770 -0.0062251026666667
5771 -0.0000002853333363
5772 -0.0000000863333345
5773 -0.0081662071666670
5774 0.0110014668333334
5775 -0.0158892853333334
5776 -0.0189365026666667
5777 -0.0126482581666666
5778 -0.0169987583333334
5779 -0.0173159136666666
5780 -0.0063283026666667
5781 -0.0000002853333363
5782 0.0000000136666655
5783 -0.0053067071666670
5784 0.0054452668333334
5785 -0.0075891853333334
5786 -0.0199520026666667
5787 -0.0177939581666666
5788 -0.0188153583333334
5789 -0.0187951136666666
5790 -0.0065132026666667
5791 0.0000000146666637
5792 -0.0000000863333345
5793 -0.0170609071666670
5794 0.0093392668333334
5795 -0.0055966853333334
5796 -0.0186155026666667
5797 -0.0182420581666666
5798 -0.0188103583333334
5799 -0.0204463136666666
5800 -0.0070610026666667
5801 -0.0000001853333362
5802 0.0000000136666655
5803 -0.0250494071666670
5804 0.0070981668333334
5805 -0.0060307853333334
5806 -0.0158234026666667
5807 -0.0171724581666666
5808 -0.0185635583333334
5809 -0.0209003136666666
5810 -0.0069572026666667
5811 -0.0000003853333361
5812 -0.0000000863333345
5813 -0.0196129071666670
5814 0.0088721668333334
5815 -0.0103239853333334
5816 -0.0177103026666667
5817 -0.0160195581666666
5818 -0.0188908583333334
5819 -0.0192202136666666
5820 -0.0067986026666667
5821 -0.0000002853333363
5822 -0.0000000863333345
5823 -0.0098095071666670
5824 0.0193198668333334
5825 -0.0076981853333334
5826 -0.0205828026666667
5827 -0.0194887581666666
5828 -0.0192937583333334
5829 -0.0201273136666666
5830 -0.0065636026666667
5831 -0.0000003853333361
5832 -0.0000000863333345
5833 -0.0049201071666670
5834 0.0311046668333334
5835 -0.0130352853333334
5836 -0.0141617026666667
5837 -0.0204014581666666
5838 -0.0178488583333334
5839 -0.0204816136666666
5840 -0.0069056026666667
5841 -0.0000001853333362
5842 -0.0000000863333345
5843 -0.0118598071666670
5844 0.0358537668333334
5845 -0.0085177853333334
5846 -0.0182110026666667
5847 -0.0178307581666666
5848 -0.0162916583333334
5849 -0.0190905136666666
5850 -0.0071303026666667
5851 -0.0000004853333362
5852 -0.0000000863333345
5853 -0.0297096071666670
5854 0.0300938668333334
5855 0.0018395146666666
5856 -0.0151903026666667
5857 -0.0165236581666666
5858 -0.0183029583333334
5859 -0.0195882136666666
5860 -0.0071324026666667
5861 -0.0000002853333363
5862 0.0000000136666655
5863 -0.0327781071666670
5864 0.0164593668333334
5865 0.0010706146666666
5866 -0.0085639026666667
5867 -0.0151871581666666
5868 -0.0174538583333334
5869 -0.0196838136666666
5870 -0.0069596026666667
5871 -0.0000003853333361
5872 -0.0000000863333345
5873 -0.0204485071666670
5874 -0.0004012331666666
5875 -0.0021491853333334
5876 -0.0069909026666667
5877 -0.0159346581666666
5878 -0.0160308583333334
5879 -0.0193899136666666
5880 -0.0068387026666667
5881 -0.0000002853333363
5882 -0.0000000863333345
5883 -0.0102518071666670
5884 -0.0093404331666666
5885 -0.0097193853333334
5886 -0.0075477026666667
5887 -0.0168719581666666
5888 -0.0161638583333334
5889 -0.0185250136666666
5890 -0.0066429026666667
5891 -0.0000001853333362
5892 -0.0000000863333345
5893 -0.0059315071666670
5894 -0.0139179331666666
5895 -0.0103019853333334
5896 -0.0111327026666667
5897 -0.0163351581666666
5898 -0.0168637583333334
5899 -0.0184417136666666
5900 -0.0066608026666667
5901 -0.0000001853333362
5902 -0.0000000863333345
5903 -0.0034600071666670
5904 -0.0164801331666666
5905 -0.0044768853333334
5906 -0.0189554026666667
5907 -0.0136553581666666
5908 -0.0155150583333334
5909 -0.0181638136666666
5910 -0.0067106026666667
5911 -0.0000001853333362
5912 -0.0000000863333345
5913 0.0016302928333330
5914 -0.0162970331666666
5915 -0.0036253853333334
5916 -0.0126912026666667
5917 -0.0170818581666666
5918 -0.0154166583333334
5919 -0.0184452136666666
5920 -0.0063636026666667
5921 -0.0000001853333362
5922 0.0000000136666655
5923 0.0105155928333330
5924 -0.0116170331666666
5925 -0.0043421853333334
5926 -0.0147674026666667
5927 -0.0171490581666666
5928 -0.0146300583333334
5929 -0.0187572136666666
5930 -0.0064445026666667
5931 -0.0000004853333362
5932 0.0000000136666655
5933 0.0157038928333330
5934 -0.0033514331666666
5935 -0.0031691853333334
5936 -0.0164005026666667
5937 -0.0168430581666666
5938 -0.0164443583333334
5939 -0.0174876136666666
5940 -0.0066505026666667
5941 -0.0000001853333362
5942 -0.0000000863333345
5943 0.0145521928333330
5944 0.0059493668333334
5945 -0.0049358853333334
5946 -0.0102932026666667
5947 -0.0187459581666666
5948 -0.0168279583333334
5949 -0.0188245136666666
5950 -0.0058931026666667
5951 -0.0000001853333362
5952 -0.0000000863333345
5953 0.0143602928333330
5954 0.0086054668333334
5955 -0.0090237853333334
5956 -0.0099363026666667
5957 -0.0157617581666666
5958 -0.0161288583333334
5959 -0.0188737136666666
5960 -0.0065443026666667
5961 -0.0000002853333363
5962 0.0000000136666655
5963 0.0067906928333330
5964 0.0071282668333334
5965 -0.0062350853333334
5966 -0.0136307026666667
5967 -0.0158808581666666
5968 -0.0160131583333334
5969 -0.0187764136666666
5970 -0.0061957026666667
5971 0.0000000146666637
5972 -0.0000000863333345
5973 -0.0012932071666670
5974 0.0052501668333334
5975 -0.0071869853333334
5976 -0.0119541026666667
5977 -0.0162568581666666
5978 -0.0157986583333334
5979 -0.0193485136666666
5980 -0.0061876026666667
5981 -0.0000003853333361
5982 -0.0000000863333345
5983 0.0022663928333330
5984 0.0030764668333334
5985 -0.0103632853333334
5986 -0.0096791026666667
5987 -0.0202647581666666
5988 -0.0156072583333334
5989 -0.0187384136666666
5990 -0.0065040026666667
5991 0.0000000146666637
5992 -0.0000000863333345
5993 0.0186476928333330
5994 -0.0003801331666666
5995 -0.0115791853333334
5996 -0.0110254026666667
5997 -0.0143547581666666
5998 -0.0182198583333334
5999 -0.0185366136666666
6000 -0.0065492026666667
