       1.0000000        0.0373072
       2.0000000        0.1027128
       3.0000000        0.1487465
       4.0000000        0.1753566
       5.0000000        0.1935540
       6.0000000        0.2073772
       7.0000000        0.2173325
       8.0000000        0.2260019
       9.0000000        0.2343856
      10.0000000        0.2411329
      11.0000000        0.2465939
      12.0000000        0.2524432
      13.0000000        0.2577681
      14.0000000        0.2615499
      15.0000000        0.2641326
      16.0000000        0.2651583
       1.0000000        0.0371351
       2.0000000        0.1027658
       3.0000000        0.1501940
       4.0000000        0.1803423
       5.0000000        0.2023381
       6.0000000        0.2182040
       7.0000000        0.2289791
       8.0000000        0.2367530
       9.0000000        0.2429941
      10.0000000        0.2486327
      11.0000000        0.2541979
      12.0000000        0.2588974
      13.0000000        0.2620647
      14.0000000        0.2646829
      15.0000000        0.2671369
      16.0000000        0.2681808
       1.0000000        0.0373659
       2.0000000        0.1053896
       3.0000000        0.1561013
       4.0000000        0.1878457
       5.0000000        0.2100020
       6.0000000        0.2263718
       7.0000000        0.2383457
       8.0000000        0.2468170
       9.0000000        0.2529405
      10.0000000        0.2583206
      11.0000000        0.2632924
      12.0000000        0.2666754
      13.0000000        0.2680935
      14.0000000        0.2683180
      15.0000000        0.2682676
      16.0000000        0.2682702
       1.0000000        0.0377728
       2.0000000        0.1073997
       3.0000000        0.1599550
       4.0000000        0.1920259
       5.0000000        0.2133653
       6.0000000        0.2285535
       7.0000000        0.2396282
       8.0000000        0.2476456
       9.0000000        0.2527504
      10.0000000        0.2562857
      11.0000000        0.2596065
      12.0000000        0.2626018
      13.0000000        0.2645527
      14.0000000        0.2657492
      15.0000000        0.2662626
      16.0000000        0.2662224
       1.0000000        0.0375049
       2.0000000        0.1075597
       3.0000000        0.1599447
       4.0000000        0.1897721
       5.0000000        0.2086941
       6.0000000        0.2230884
       7.0000000        0.2342953
       8.0000000        0.2421222
       9.0000000        0.2463188
      10.0000000        0.2481503
      11.0000000        0.2492164
      12.0000000        0.2506172
      13.0000000        0.2527059
      14.0000000        0.2548233
      15.0000000        0.2561433
      16.0000000        0.2565182
       1.0000000        0.0388042
       2.0000000        0.1108644
       3.0000000        0.1643061
       4.0000000        0.1940660
       5.0000000        0.2124133
       6.0000000        0.2263997
       7.0000000        0.2370405
       8.0000000        0.2439707
       9.0000000        0.2475954
      10.0000000        0.2488534
      11.0000000        0.2484207
      12.0000000        0.2475360
      13.0000000        0.2476862
      14.0000000        0.2481555
      15.0000000        0.2476384
      16.0000000        0.2470401
       1.0000000        0.0403003
       2.0000000        0.1155503
       3.0000000        0.1712046
       4.0000000        0.2011254
       5.0000000        0.2181185
       6.0000000        0.2303736
       7.0000000        0.2398039
       8.0000000        0.2454684
       9.0000000        0.2474512
      10.0000000        0.2474467
      11.0000000        0.2466501
      12.0000000        0.2453460
      13.0000000        0.2435355
      14.0000000        0.2409285
      15.0000000        0.2381776
      16.0000000        0.2369415
       1.0000000        0.0415973
       2.0000000        0.1189620
       3.0000000        0.1759023
       4.0000000        0.2066084
       5.0000000        0.2235707
       6.0000000        0.2333653
       7.0000000        0.2391924
       8.0000000        0.2438545
       9.0000000        0.2482219
      10.0000000        0.2518253
      11.0000000        0.2527640
      12.0000000        0.2496217
      13.0000000        0.2439708
      14.0000000        0.2374011
      15.0000000        0.2309923
      16.0000000        0.2280258
       1.0000000        0.0427609
       2.0000000        0.1213647
       3.0000000        0.1782875
       4.0000000        0.2104809
       5.0000000        0.2306326
       6.0000000        0.2422236
       7.0000000        0.2478710
       8.0000000        0.2516519
       9.0000000        0.2545124
      10.0000000        0.2560038
      11.0000000        0.2557957
      12.0000000        0.2522480
      13.0000000        0.2456281
      14.0000000        0.2394559
      15.0000000        0.2357951
      16.0000000        0.2345684
       1.0000000        0.0422419
       2.0000000        0.1188694
       3.0000000        0.1744169
       4.0000000        0.2077072
       5.0000000        0.2299246
       6.0000000        0.2433198
       7.0000000        0.2502680
       8.0000000        0.2545601
       9.0000000        0.2569290
      10.0000000        0.2569425
      11.0000000        0.2553587
      12.0000000        0.2524984
      13.0000000        0.2474733
      14.0000000        0.2410645
      15.0000000        0.2361381
      16.0000000        0.2344923
       1.0000000        0.0405606
       2.0000000        0.1135843
       3.0000000        0.1664623
       4.0000000        0.1976320
       5.0000000        0.2175579
       6.0000000        0.2303755
       7.0000000        0.2383718
       8.0000000        0.2437333
       9.0000000        0.2472953
      10.0000000        0.2481190
      11.0000000        0.2461506
      12.0000000        0.2429160
      13.0000000        0.2386396
      14.0000000        0.2334630
      15.0000000        0.2286772
      16.0000000        0.2265118
       1.0000000        0.0411718
       2.0000000        0.1129329
       3.0000000        0.1616804
       4.0000000        0.1902485
       5.0000000        0.2120233
       6.0000000        0.2282421
       7.0000000        0.2374161
       8.0000000        0.2416802
       9.0000000        0.2427516
      10.0000000        0.2414989
      11.0000000        0.2393230
      12.0000000        0.2363595
      13.0000000        0.2322892
      14.0000000        0.2271897
      15.0000000        0.2217213
      16.0000000        0.2190259
       1.0000000        0.0413488
       2.0000000        0.1129853
       3.0000000        0.1612307
       4.0000000        0.1895401
       5.0000000        0.2106693
       6.0000000        0.2269140
       7.0000000        0.2377790
       8.0000000        0.2424185
       9.0000000        0.2415617
      10.0000000        0.2388989
      11.0000000        0.2373708
      12.0000000        0.2357486
      13.0000000        0.2327806
      14.0000000        0.2289705
      15.0000000        0.2250940
      16.0000000        0.2232166
       1.0000000        0.0417872
       2.0000000        0.1142920
       3.0000000        0.1622390
       4.0000000        0.1890494
       5.0000000        0.2091409
       6.0000000        0.2244323
       7.0000000        0.2340998
       8.0000000        0.2392016
       9.0000000        0.2411762
      10.0000000        0.2421429
      11.0000000        0.2428332
      12.0000000        0.2424760
      13.0000000        0.2401842
      14.0000000        0.2353022
      15.0000000        0.2293652
      16.0000000        0.2265306
       1.0000000        0.0419797
       2.0000000        0.1152744
       3.0000000        0.1648679
       4.0000000        0.1931123
       5.0000000        0.2132603
       6.0000000        0.2276632
       7.0000000        0.2368682
       8.0000000        0.2429560
       9.0000000        0.2467055
      10.0000000        0.2495554
      11.0000000        0.2522758
      12.0000000        0.2528979
      13.0000000        0.2503677
      14.0000000        0.2461297
      15.0000000        0.2420311
      16.0000000        0.2402317
       1.0000000        0.0414514
       2.0000000        0.1132181
       3.0000000        0.1625111
       4.0000000        0.1923182
       5.0000000        0.2141857
       6.0000000        0.2294610
       7.0000000        0.2387536
       8.0000000        0.2454464
       9.0000000        0.2509874
      10.0000000        0.2554875
      11.0000000        0.2591593
      12.0000000        0.2620193
      13.0000000        0.2635628
      14.0000000        0.2624437
      15.0000000        0.2586415
      16.0000000        0.2563325
       1.0000000        0.0396458
       2.0000000        0.1087056
       3.0000000        0.1596809
       4.0000000        0.1942764
       5.0000000        0.2188555
       6.0000000        0.2338186
       7.0000000        0.2415217
       8.0000000        0.2475801
       9.0000000        0.2549108
      10.0000000        0.2629953
      11.0000000        0.2710443
      12.0000000        0.2784087
      13.0000000        0.2837662
      14.0000000        0.2864712
      15.0000000        0.2875143
      16.0000000        0.2878326
       1.0000000        0.0384737
       2.0000000        0.1071719
       3.0000000        0.1605590
       4.0000000        0.1974201
       5.0000000        0.2226504
       6.0000000        0.2383017
       7.0000000        0.2474056
       8.0000000        0.2557196
       9.0000000        0.2653111
      10.0000000        0.2753913
      11.0000000        0.2867140
      12.0000000        0.2987011
      13.0000000        0.3087860
      14.0000000        0.3159890
      15.0000000        0.3203624
      16.0000000        0.3218819
       1.0000000        0.0370345
       2.0000000        0.1046592
       3.0000000        0.1583749
       4.0000000        0.1958410
       5.0000000        0.2224221
       6.0000000        0.2406367
       7.0000000        0.2531068
       8.0000000        0.2643648
       9.0000000        0.2756739
      10.0000000        0.2859772
      11.0000000        0.2957610
      12.0000000        0.3052759
      13.0000000        0.3143738
      14.0000000        0.3226682
      15.0000000        0.3285749
      16.0000000        0.3306140
       1.0000000        0.0358886
       2.0000000        0.1031922
       3.0000000        0.1576998
       4.0000000        0.1954858
       5.0000000        0.2229077
       6.0000000        0.2447192
       7.0000000        0.2634457
       8.0000000        0.2795801
       9.0000000        0.2919668
      10.0000000        0.3004617
      11.0000000        0.3066382
      12.0000000        0.3118322
      13.0000000        0.3158568
      14.0000000        0.3181731
      15.0000000        0.3193119
      16.0000000        0.3197144
       1.0000000        0.0363515
       2.0000000        0.1046256
       3.0000000        0.1598361
       4.0000000        0.1988836
       5.0000000        0.2286386
       6.0000000        0.2523994
       7.0000000        0.2720134
       8.0000000        0.2885394
       9.0000000        0.3017601
      10.0000000        0.3101712
      11.0000000        0.3137544
      12.0000000        0.3148400
      13.0000000        0.3152688
      14.0000000        0.3148945
      15.0000000        0.3139994
      16.0000000        0.3135358
       1.0000000        0.0368064
       2.0000000        0.1055301
       3.0000000        0.1605768
       4.0000000        0.1991256
       5.0000000        0.2285324
       6.0000000        0.2516349
       7.0000000        0.2702359
       8.0000000        0.2862121
       9.0000000        0.2993988
      10.0000000        0.3085135
      11.0000000        0.3127499
      12.0000000        0.3130574
      13.0000000        0.3108696
      14.0000000        0.3076245
      15.0000000        0.3048764
      16.0000000        0.3038087
       1.0000000        0.0374324
       2.0000000        0.1060516
       3.0000000        0.1600002
       4.0000000        0.1980011
       5.0000000        0.2267197
       6.0000000        0.2477941
       7.0000000        0.2643978
       8.0000000        0.2794876
       9.0000000        0.2920227
      10.0000000        0.3006756
      11.0000000        0.3057453
      12.0000000        0.3067058
      13.0000000        0.3037903
      14.0000000        0.2995828
      15.0000000        0.2960339
      16.0000000        0.2945101
       1.0000000        0.0377668
       2.0000000        0.1083485
       3.0000000        0.1637763
       4.0000000        0.2015313
       5.0000000        0.2295213
       6.0000000        0.2493720
       7.0000000        0.2633988
       8.0000000        0.2749875
       9.0000000        0.2849787
      10.0000000        0.2930279
      11.0000000        0.2987460
      12.0000000        0.3004427
      13.0000000        0.2970930
      14.0000000        0.2911277
      15.0000000        0.2861260
      16.0000000        0.2841889
       1.0000000        0.0380578
       2.0000000        0.1099658
       3.0000000        0.1661742
       4.0000000        0.2029083
       5.0000000        0.2298290
       6.0000000        0.2491630
       7.0000000        0.2612057
       8.0000000        0.2687723
       9.0000000        0.2748377
      10.0000000        0.2799876
      11.0000000        0.2833735
      12.0000000        0.2841507
      13.0000000        0.2823839
      14.0000000        0.2787384
      15.0000000        0.2742589
      16.0000000        0.2719564
       1.0000000        0.0384836
       2.0000000        0.1110227
       3.0000000        0.1664632
       4.0000000        0.2008372
       5.0000000        0.2255155
       6.0000000        0.2432321
       7.0000000        0.2544745
       8.0000000        0.2614472
       9.0000000        0.2659113
      10.0000000        0.2688179
      11.0000000        0.2703761
      12.0000000        0.2698637
      13.0000000        0.2669697
      14.0000000        0.2629545
      15.0000000        0.2596286
      16.0000000        0.2583615
       1.0000000        0.0392276
       2.0000000        0.1133827
       3.0000000        0.1706606
       4.0000000        0.2063500
       5.0000000        0.2308506
       6.0000000        0.2476616
       7.0000000        0.2580234
       8.0000000        0.2638682
       9.0000000        0.2665944
      10.0000000        0.2668677
      11.0000000        0.2644603
      12.0000000        0.2595766
      13.0000000        0.2541459
      14.0000000        0.2494378
      15.0000000        0.2453442
      16.0000000        0.2434470
       1.0000000        0.0412714
       2.0000000        0.1199237
       3.0000000        0.1816009
       4.0000000        0.2192791
       5.0000000        0.2430967
       6.0000000        0.2580279
       7.0000000        0.2667832
       8.0000000        0.2714553
       9.0000000        0.2719118
      10.0000000        0.2684559
      11.0000000        0.2617323
      12.0000000        0.2527917
      13.0000000        0.2442936
      14.0000000        0.2378052
      15.0000000        0.2332737
      16.0000000        0.2315250
       1.0000000        0.0426184
       2.0000000        0.1230288
       3.0000000        0.1857729
       4.0000000        0.2241937
       5.0000000        0.2474860
       6.0000000        0.2604032
       7.0000000        0.2656251
       8.0000000        0.2660761
       9.0000000        0.2636827
      10.0000000        0.2601187
      11.0000000        0.2564795
      12.0000000        0.2524235
      13.0000000        0.2470551
      14.0000000        0.2403815
      15.0000000        0.2345971
      16.0000000        0.2323929
       1.0000000        0.0430832
       2.0000000        0.1251612
       3.0000000        0.1901658
       4.0000000        0.2291785
       5.0000000        0.2504253
       6.0000000        0.2591853
       7.0000000        0.2601511
       8.0000000        0.2581732
       9.0000000        0.2551748
      10.0000000        0.2518407
      11.0000000        0.2495305
      12.0000000        0.2481873
      13.0000000        0.2465304
      14.0000000        0.2430431
      15.0000000        0.2382962
      16.0000000        0.2358758
       1.0000000        0.0427496
       2.0000000        0.1243865
       3.0000000        0.1876868
       4.0000000        0.2221788
       5.0000000        0.2384498
       6.0000000        0.2455711
       7.0000000        0.2488241
       8.0000000        0.2515986
       9.0000000        0.2535577
      10.0000000        0.2523823
      11.0000000        0.2480805
      12.0000000        0.2430298
      13.0000000        0.2389620
      14.0000000        0.2360539
      15.0000000        0.2342009
      16.0000000        0.2335347
       1.0000000        0.0431385
       2.0000000        0.1232081
       3.0000000        0.1819774
       4.0000000        0.2128412
       5.0000000        0.2290607
       6.0000000        0.2398777
       7.0000000        0.2490326
       8.0000000        0.2569556
       9.0000000        0.2621124
      10.0000000        0.2623232
      11.0000000        0.2569926
      12.0000000        0.2489266
      13.0000000        0.2422577
      14.0000000        0.2388387
      15.0000000        0.2376117
      16.0000000        0.2372051
       1.0000000        0.0396033
       2.0000000        0.1125477
       3.0000000        0.1679131
       4.0000000        0.2026243
       5.0000000        0.2253728
       6.0000000        0.2398916
       7.0000000        0.2496213
       8.0000000        0.2570430
       9.0000000        0.2617258
      10.0000000        0.2623624
      11.0000000        0.2576282
      12.0000000        0.2491070
      13.0000000        0.2418128
      14.0000000        0.2382216
      15.0000000        0.2367646
      16.0000000        0.2362465
       1.0000000        0.0389589
       2.0000000        0.1089904
       3.0000000        0.1614159
       4.0000000        0.1954229
       5.0000000        0.2176414
       6.0000000        0.2304589
       7.0000000        0.2375488
       8.0000000        0.2416576
       9.0000000        0.2433699
      10.0000000        0.2429781
      11.0000000        0.2409287
      12.0000000        0.2377091
      13.0000000        0.2337995
      14.0000000        0.2295287
      15.0000000        0.2262925
      16.0000000        0.2252148
       1.0000000        0.0393297
       2.0000000        0.1086843
       3.0000000        0.1570120
       4.0000000        0.1854852
       5.0000000        0.2046116
       6.0000000        0.2165693
       7.0000000        0.2234139
       8.0000000        0.2282162
       9.0000000        0.2310730
      10.0000000        0.2319134
      11.0000000        0.2319166
      12.0000000        0.2317929
      13.0000000        0.2309344
      14.0000000        0.2290303
      15.0000000        0.2268818
      16.0000000        0.2259275
       1.0000000        0.0379343
       2.0000000        0.1047561
       3.0000000        0.1519929
       4.0000000        0.1793512
       5.0000000        0.1963956
       6.0000000        0.2069419
       7.0000000        0.2133067
       8.0000000        0.2193736
       9.0000000        0.2257452
      10.0000000        0.2299210
      11.0000000        0.2321583
      12.0000000        0.2336239
      13.0000000        0.2335848
      14.0000000        0.2330387
      15.0000000        0.2332944
      16.0000000        0.2336585
       1.0000000        0.0359658
       2.0000000        0.1001858
       3.0000000        0.1465797
       4.0000000        0.1739653
       5.0000000        0.1914505
       6.0000000        0.2038878
       7.0000000        0.2134242
       8.0000000        0.2206784
       9.0000000        0.2258748
      10.0000000        0.2294461
      11.0000000        0.2324032
      12.0000000        0.2354021
      13.0000000        0.2380212
      14.0000000        0.2410649
      15.0000000        0.2443985
      16.0000000        0.2459010
       1.0000000        0.0346709
       2.0000000        0.0967946
       3.0000000        0.1421030
       4.0000000        0.1702896
       5.0000000        0.1894206
       6.0000000        0.2021928
       7.0000000        0.2105933
       8.0000000        0.2169387
       9.0000000        0.2232273
      10.0000000        0.2300818
      11.0000000        0.2366556
      12.0000000        0.2421660
      13.0000000        0.2470049
      14.0000000        0.2519635
      15.0000000        0.2564908
      16.0000000        0.2584219
       1.0000000        0.0340726
       2.0000000        0.0973394
       3.0000000        0.1460480
       4.0000000        0.1768511
       5.0000000        0.1971638
       6.0000000        0.2102965
       7.0000000        0.2178686
       8.0000000        0.2230513
       9.0000000        0.2300674
      10.0000000        0.2393405
      11.0000000        0.2474347
      12.0000000        0.2533114
      13.0000000        0.2587530
      14.0000000        0.2642500
      15.0000000        0.2682039
      16.0000000        0.2695445
       1.0000000        0.0347178
       2.0000000        0.1001845
       3.0000000        0.1509552
       4.0000000        0.1816092
       5.0000000        0.2007566
       6.0000000        0.2131720
       7.0000000        0.2217395
       8.0000000        0.2302384
       9.0000000        0.2403017
      10.0000000        0.2500330
      11.0000000        0.2579457
      12.0000000        0.2643256
      13.0000000        0.2695214
      14.0000000        0.2740252
      15.0000000        0.2775382
      16.0000000        0.2788961
       1.0000000        0.0345116
       2.0000000        0.0983142
       3.0000000        0.1462000
       4.0000000        0.1755765
       5.0000000        0.1962832
       6.0000000        0.2123779
       7.0000000        0.2252102
       8.0000000        0.2359379
       9.0000000        0.2455616
      10.0000000        0.2545183
      11.0000000        0.2627413
      12.0000000        0.2700012
      13.0000000        0.2758259
      14.0000000        0.2796131
      15.0000000        0.2815462
      16.0000000        0.2821439
       1.0000000        0.0329783
       2.0000000        0.0931042
       3.0000000        0.1395945
       4.0000000        0.1716437
       5.0000000        0.1951019
       6.0000000        0.2116834
       7.0000000        0.2237477
       8.0000000        0.2333501
       9.0000000        0.2416764
      10.0000000        0.2495293
      11.0000000        0.2572329
      12.0000000        0.2649098
      13.0000000        0.2712216
      14.0000000        0.2751123
      15.0000000        0.2773042
      16.0000000        0.2780696
       1.0000000        0.0319498
       2.0000000        0.0910283
       3.0000000        0.1376333
       4.0000000        0.1699153
       5.0000000        0.1939571
       6.0000000        0.2109890
       7.0000000        0.2216912
       8.0000000        0.2288289
       9.0000000        0.2349462
      10.0000000        0.2404566
      11.0000000        0.2453088
      12.0000000        0.2500153
      13.0000000        0.2548586
      14.0000000        0.2590109
      15.0000000        0.2613993
      16.0000000        0.2620592
       1.0000000        0.0331744
       2.0000000        0.0950784
       3.0000000        0.1436651
       4.0000000        0.1756611
       5.0000000        0.1981795
       6.0000000        0.2140109
       7.0000000        0.2244288
       8.0000000        0.2314787
       9.0000000        0.2360741
      10.0000000        0.2383318
      11.0000000        0.2390038
      12.0000000        0.2392074
      13.0000000        0.2397235
      14.0000000        0.2406276
      15.0000000        0.2413359
      16.0000000        0.2415675
       1.0000000        0.0351225
       2.0000000        0.0992023
       3.0000000        0.1466392
       4.0000000        0.1753792
       5.0000000        0.1949934
       6.0000000        0.2091288
       7.0000000        0.2188969
       8.0000000        0.2254744
       9.0000000        0.2293173
      10.0000000        0.2304732
      11.0000000        0.2300446
      12.0000000        0.2296115
      13.0000000        0.2300972
      14.0000000        0.2315216
      15.0000000        0.2329993
      16.0000000        0.2335835
       1.0000000        0.0352426
       2.0000000        0.0992845
       3.0000000        0.1459347
       4.0000000        0.1735764
       5.0000000        0.1923625
       6.0000000        0.2053273
       7.0000000        0.2130342
       8.0000000        0.2180178
       9.0000000        0.2217679
      10.0000000        0.2231928
      11.0000000        0.2220968
      12.0000000        0.2208209
      13.0000000        0.2213209
      14.0000000        0.2230765
      15.0000000        0.2243873
      16.0000000        0.2247259
       1.0000000        0.0362805
       2.0000000        0.1030103
       3.0000000        0.1527149
       4.0000000        0.1823855
       5.0000000        0.2018579
       6.0000000        0.2141748
       7.0000000        0.2205103
       8.0000000        0.2238883
       9.0000000        0.2257381
      10.0000000        0.2249497
      11.0000000        0.2215794
      12.0000000        0.2178271
      13.0000000        0.2158479
      14.0000000        0.2149270
      15.0000000        0.2134722
      16.0000000        0.2125514
       1.0000000        0.0387573
       2.0000000        0.1093331
       3.0000000        0.1618273
       4.0000000        0.1947712
       5.0000000        0.2170216
       6.0000000        0.2293406
       7.0000000        0.2345461
       8.0000000        0.2373536
       9.0000000        0.2377955
      10.0000000        0.2343089
      11.0000000        0.2276005
      12.0000000        0.2195336
      13.0000000        0.2127938
      14.0000000        0.2091677
      15.0000000        0.2074927
      16.0000000        0.2069214
       1.0000000        0.0398123
       2.0000000        0.1123922
       3.0000000        0.1667719
       4.0000000        0.2009841
       5.0000000        0.2242103
       6.0000000        0.2386833
       7.0000000        0.2456957
       8.0000000        0.2476465
       9.0000000        0.2457170
      10.0000000        0.2399462
      11.0000000        0.2310992
      12.0000000        0.2214645
      13.0000000        0.2132957
      14.0000000        0.2069443
      15.0000000        0.2019821
      16.0000000        0.1999571
       1.0000000        0.0396037
       2.0000000        0.1110749
       3.0000000        0.1645580
       4.0000000        0.1995487
       5.0000000        0.2237727
       6.0000000        0.2379559
       7.0000000        0.2440147
       8.0000000        0.2448488
       9.0000000        0.2418165
      10.0000000        0.2359304
      11.0000000        0.2280343
      12.0000000        0.2191601
      13.0000000        0.2114782
      14.0000000        0.2050244
      15.0000000        0.1988227
      16.0000000        0.1958296
       1.0000000        0.0394165
       2.0000000        0.1099946
       3.0000000        0.1634360
       4.0000000        0.1997267
       5.0000000        0.2239466
       6.0000000        0.2361292
       7.0000000        0.2403845
       8.0000000        0.2410871
       9.0000000        0.2377104
      10.0000000        0.2301462
      11.0000000        0.2223496
      12.0000000        0.2168649
      13.0000000        0.2123363
      14.0000000        0.2080105
      15.0000000        0.2052695
      16.0000000        0.2045348
       1.0000000        0.0387198
       2.0000000        0.1081089
       3.0000000        0.1614730
       4.0000000        0.1979792
       5.0000000        0.2230472
       6.0000000        0.2382528
       7.0000000        0.2449207
       8.0000000        0.2456506
       9.0000000        0.2426001
      10.0000000        0.2377152
      11.0000000        0.2323856
      12.0000000        0.2272346
      13.0000000        0.2224862
      14.0000000        0.2180393
      15.0000000        0.2149338
      16.0000000        0.2138980
       1.0000000        0.0370003
       2.0000000        0.1040402
       3.0000000        0.1560039
       4.0000000        0.1917840
       5.0000000        0.2174117
       6.0000000        0.2346537
       7.0000000        0.2447086
       8.0000000        0.2496544
       9.0000000        0.2507348
      10.0000000        0.2492718
      11.0000000        0.2459304
      12.0000000        0.2403805
      13.0000000        0.2336874
      14.0000000        0.2282031
      15.0000000        0.2251432
      16.0000000        0.2241920
       1.0000000        0.0340845
       2.0000000        0.0960313
       3.0000000        0.1443378
       4.0000000        0.1776410
       5.0000000        0.2023326
       6.0000000        0.2214304
       7.0000000        0.2357315
       8.0000000        0.2453792
       9.0000000        0.2507233
      10.0000000        0.2525871
      11.0000000        0.2516654
      12.0000000        0.2488279
      13.0000000        0.2458088
      14.0000000        0.2437349
      15.0000000        0.2423778
      16.0000000        0.2418641
       1.0000000        0.0322534
       2.0000000        0.0922842
       3.0000000        0.1398402
       4.0000000        0.1724367
       5.0000000        0.1964553
       6.0000000        0.2146970
       7.0000000        0.2292601
       8.0000000        0.2417452
       9.0000000        0.2521613
      10.0000000        0.2600486
      11.0000000        0.2652795
      12.0000000        0.2681928
      13.0000000        0.2693029
      14.0000000        0.2691835
      15.0000000        0.2689560
      16.0000000        0.2689366
       1.0000000        0.0312567
       2.0000000        0.0902824
       3.0000000        0.1372381
       4.0000000        0.1690233
       5.0000000        0.1925618
       6.0000000        0.2108994
       7.0000000        0.2266788
       8.0000000        0.2419719
       9.0000000        0.2560053
      10.0000000        0.2667425
      11.0000000        0.2729958
      12.0000000        0.2760872
      13.0000000        0.2784444
      14.0000000        0.2808446
      15.0000000        0.2826506
      16.0000000        0.2832959
       1.0000000        0.0305951
       2.0000000        0.0888513
       3.0000000        0.1351651
       4.0000000        0.1659746
       5.0000000        0.1894342
       6.0000000        0.2088778
       7.0000000        0.2255726
       8.0000000        0.2410491
       9.0000000        0.2550192
      10.0000000        0.2659880
      11.0000000        0.2732526
      12.0000000        0.2777518
      13.0000000        0.2817709
      14.0000000        0.2863076
      15.0000000        0.2900084
      16.0000000        0.2914254
       1.0000000        0.0302496
       2.0000000        0.0882334
       3.0000000        0.1355846
       4.0000000        0.1681325
       5.0000000        0.1925452
       6.0000000        0.2119378
       7.0000000        0.2279356
       8.0000000        0.2421973
       9.0000000        0.2548477
      10.0000000        0.2645274
      11.0000000        0.2705056
      12.0000000        0.2743274
      13.0000000        0.2779396
      14.0000000        0.2819429
      15.0000000        0.2852450
      16.0000000        0.2864504
       1.0000000        0.0316283
       2.0000000        0.0923880
       3.0000000        0.1418915
       4.0000000        0.1751721
       5.0000000        0.1993971
       6.0000000        0.2185801
       7.0000000        0.2341719
       8.0000000        0.2471141
       9.0000000        0.2575341
      10.0000000        0.2649459
      11.0000000        0.2696719
      12.0000000        0.2728020
      13.0000000        0.2752432
      14.0000000        0.2771282
      15.0000000        0.2781629
      16.0000000        0.2784431
       1.0000000        0.0326022
       2.0000000        0.0955990
       3.0000000        0.1473491
       4.0000000        0.1824770
       5.0000000        0.2079477
       6.0000000        0.2272666
       7.0000000        0.2414613
       8.0000000        0.2516697
       9.0000000        0.2588536
      10.0000000        0.2639365
      11.0000000        0.2676573
      12.0000000        0.2698838
      13.0000000        0.2709134
      14.0000000        0.2719117
      15.0000000        0.2731343
      16.0000000        0.2736975
       1.0000000        0.0339784
       2.0000000        0.0984989
       3.0000000        0.1495088
       4.0000000        0.1826320
       5.0000000        0.2064641
       6.0000000        0.2247104
       7.0000000        0.2383487
       8.0000000        0.2484662
       9.0000000        0.2559894
      10.0000000        0.2611551
      11.0000000        0.2638984
      12.0000000        0.2643946
      13.0000000        0.2641975
      14.0000000        0.2648509
      15.0000000        0.2659191
      16.0000000        0.2664168
       1.0000000        0.0348865
       2.0000000        0.1002070
       3.0000000        0.1502716
       4.0000000        0.1818855
       5.0000000        0.2042945
       6.0000000        0.2214919
       7.0000000        0.2350455
       8.0000000        0.2458093
       9.0000000        0.2535394
      10.0000000        0.2580440
      11.0000000        0.2598917
      12.0000000        0.2604552
      13.0000000        0.2615855
      14.0000000        0.2636752
      15.0000000        0.2653044
      16.0000000        0.2657780
       1.0000000        0.0360130
       2.0000000        0.1027133
       3.0000000        0.1528557
       4.0000000        0.1833540
       5.0000000        0.2040389
       6.0000000        0.2197438
       7.0000000        0.2321034
       8.0000000        0.2415541
       9.0000000        0.2484326
      10.0000000        0.2536036
      11.0000000        0.2574584
      12.0000000        0.2602267
      13.0000000        0.2629211
      14.0000000        0.2657954
      15.0000000        0.2675368
      16.0000000        0.2679057
       1.0000000        0.0351152
       2.0000000        0.0993138
       3.0000000        0.1458736
       4.0000000        0.1739068
       5.0000000        0.1946251
       6.0000000        0.2113451
       7.0000000        0.2237248
       8.0000000        0.2330829
       9.0000000        0.2402746
      10.0000000        0.2452189
      11.0000000        0.2491610
      12.0000000        0.2529971
      13.0000000        0.2563129
      14.0000000        0.2583421
      15.0000000        0.2586774
      16.0000000        0.2584186
       1.0000000        0.0342518
       2.0000000        0.0953427
       3.0000000        0.1386711
       4.0000000        0.1655433
       5.0000000        0.1863647
       6.0000000        0.2024942
       7.0000000        0.2137312
       8.0000000        0.2222938
       9.0000000        0.2292908
      10.0000000        0.2339701
      11.0000000        0.2367131
      12.0000000        0.2390146
      13.0000000        0.2408702
      14.0000000        0.2421860
      15.0000000        0.2431708
      16.0000000        0.2435604
       1.0000000        0.0336755
       2.0000000        0.0931865
       3.0000000        0.1354452
       4.0000000        0.1613963
       5.0000000        0.1801379
       6.0000000        0.1943313
       7.0000000        0.2051382
       8.0000000        0.2132520
       9.0000000        0.2178068
      10.0000000        0.2196397
      11.0000000        0.2212682
      12.0000000        0.2235866
      13.0000000        0.2262050
      14.0000000        0.2296884
      15.0000000        0.2337938
      16.0000000        0.2358485
       1.0000000        0.0348776
       2.0000000        0.0969921
       3.0000000        0.1406578
       4.0000000        0.1659640
       5.0000000        0.1838278
       6.0000000        0.1969008
       7.0000000        0.2063256
       8.0000000        0.2140123
       9.0000000        0.2192419
      10.0000000        0.2212621
      11.0000000        0.2219384
      12.0000000        0.2235705
      13.0000000        0.2266772
      14.0000000        0.2302681
      15.0000000        0.2328792
      16.0000000        0.2337801
       1.0000000        0.0358988
       2.0000000        0.0984588
       3.0000000        0.1415354
       4.0000000        0.1682159
       5.0000000        0.1879260
       6.0000000        0.2010703
       7.0000000        0.2090296
       8.0000000        0.2155668
       9.0000000        0.2212937
      10.0000000        0.2251646
      11.0000000        0.2275996
      12.0000000        0.2298213
      13.0000000        0.2328971
      14.0000000        0.2366736
      15.0000000        0.2389831
      16.0000000        0.2393979
       1.0000000        0.0348128
       2.0000000        0.0961784
       3.0000000        0.1404572
       4.0000000        0.1689177
       5.0000000        0.1892481
       6.0000000        0.2035032
       7.0000000        0.2130457
       8.0000000        0.2197474
       9.0000000        0.2250185
      10.0000000        0.2293229
      11.0000000        0.2329302
      12.0000000        0.2361514
      13.0000000        0.2390793
      14.0000000        0.2416622
      15.0000000        0.2434779
      16.0000000        0.2440819
       1.0000000        0.0345829
       2.0000000        0.0970324
       3.0000000        0.1423460
       4.0000000        0.1707174
       5.0000000        0.1922917
       6.0000000        0.2092756
       7.0000000        0.2214165
       8.0000000        0.2296614
       9.0000000        0.2354769
      10.0000000        0.2399153
      11.0000000        0.2433752
      12.0000000        0.2458793
      13.0000000        0.2473596
      14.0000000        0.2479963
      15.0000000        0.2480766
      16.0000000        0.2479934
       1.0000000        0.0361034
       2.0000000        0.1001198
       3.0000000        0.1461223
       4.0000000        0.1750614
       5.0000000        0.1977264
       6.0000000        0.2171132
       7.0000000        0.2320834
       8.0000000        0.2424372
       9.0000000        0.2484804
      10.0000000        0.2504323
      11.0000000        0.2502585
      12.0000000        0.2511685
      13.0000000        0.2529673
      14.0000000        0.2527425
      15.0000000        0.2505997
      16.0000000        0.2494054
       1.0000000        0.0357524
       2.0000000        0.0986758
       3.0000000        0.1439220
       4.0000000        0.1737061
       5.0000000        0.1976185
       6.0000000        0.2173321
       7.0000000        0.2326745
       8.0000000        0.2438756
       9.0000000        0.2503255
      10.0000000        0.2530888
      11.0000000        0.2545792
      12.0000000        0.2548215
      13.0000000        0.2531509
      14.0000000        0.2511437
      15.0000000        0.2497695
      16.0000000        0.2491481
       1.0000000        0.0356274
       2.0000000        0.0991915
       3.0000000        0.1457925
       4.0000000        0.1766109
       5.0000000        0.1996844
       6.0000000        0.2162878
       7.0000000        0.2287790
       8.0000000        0.2395353
       9.0000000        0.2483248
      10.0000000        0.2545735
      11.0000000        0.2577863
      12.0000000        0.2572225
      13.0000000        0.2544599
      14.0000000        0.2526384
      15.0000000        0.2522334
      16.0000000        0.2522269
       1.0000000        0.0374849
       2.0000000        0.1035520
       3.0000000        0.1505188
       4.0000000        0.1806178
       5.0000000        0.2033685
       6.0000000        0.2204993
       7.0000000        0.2336992
       8.0000000        0.2448074
       9.0000000        0.2526560
      10.0000000        0.2558269
      11.0000000        0.2557542
      12.0000000        0.2545621
      13.0000000        0.2531052
      14.0000000        0.2512100
      15.0000000        0.2500125
      16.0000000        0.2497900
       1.0000000        0.0405944
       2.0000000        0.1108759
       3.0000000        0.1590852
       4.0000000        0.1898422
       5.0000000        0.2134223
       6.0000000        0.2305800
       7.0000000        0.2438193
       8.0000000        0.2554578
       9.0000000        0.2636630
      10.0000000        0.2666340
      11.0000000        0.2662948
      12.0000000        0.2641104
      13.0000000        0.2596713
      14.0000000        0.2549983
      15.0000000        0.2521407
      16.0000000        0.2512494
       1.0000000        0.0416393
       2.0000000        0.1137617
       3.0000000        0.1645671
       4.0000000        0.1973167
       5.0000000        0.2215018
       6.0000000        0.2385706
       7.0000000        0.2505944
       8.0000000        0.2605545
       9.0000000        0.2677118
      10.0000000        0.2706908
      11.0000000        0.2708486
      12.0000000        0.2688423
      13.0000000        0.2648923
      14.0000000        0.2600457
      15.0000000        0.2553676
      16.0000000        0.2531860
       1.0000000        0.0411999
       2.0000000        0.1136016
       3.0000000        0.1644508
       4.0000000        0.1941076
       5.0000000        0.2136769
       6.0000000        0.2281656
       7.0000000        0.2399511
       8.0000000        0.2503210
       9.0000000        0.2589587
      10.0000000        0.2651393
      11.0000000        0.2694150
      12.0000000        0.2715753
      13.0000000        0.2702427
      14.0000000        0.2654198
      15.0000000        0.2596206
      16.0000000        0.2568601
       1.0000000        0.0409536
       2.0000000        0.1116100
       3.0000000        0.1600721
       4.0000000        0.1878011
       5.0000000        0.2048696
       6.0000000        0.2166755
       7.0000000        0.2259917
       8.0000000        0.2342325
       9.0000000        0.2431034
      10.0000000        0.2525555
      11.0000000        0.2601589
      12.0000000        0.2635275
      13.0000000        0.2623897
      14.0000000        0.2579652
      15.0000000        0.2525015
      16.0000000        0.2498980
       1.0000000        0.0390069
       2.0000000        0.1050771
       3.0000000        0.1496115
       4.0000000        0.1768973
       5.0000000        0.1972223
       6.0000000        0.2118986
       7.0000000        0.2209647
       8.0000000        0.2269960
       9.0000000        0.2335603
      10.0000000        0.2422604
      11.0000000        0.2507334
      12.0000000        0.2556840
      13.0000000        0.2560922
      14.0000000        0.2529915
      15.0000000        0.2494549
      16.0000000        0.2481596
       1.0000000        0.0386816
       2.0000000        0.1042800
       3.0000000        0.1474620
       4.0000000        0.1729786
       5.0000000        0.1935607
       6.0000000        0.2101281
       7.0000000        0.2209643
       8.0000000        0.2280359
       9.0000000        0.2345787
      10.0000000        0.2413023
      11.0000000        0.2468702
      12.0000000        0.2513812
      13.0000000        0.2552002
      14.0000000        0.2572562
      15.0000000        0.2571009
      16.0000000        0.2565029
       1.0000000        0.0382201
       2.0000000        0.1046591
       3.0000000        0.1502915
       4.0000000        0.1773323
       5.0000000        0.1982059
       6.0000000        0.2162738
       7.0000000        0.2311514
       8.0000000        0.2428288
       9.0000000        0.2505837
      10.0000000        0.2551896
      11.0000000        0.2589840
      12.0000000        0.2633502
      13.0000000        0.2677922
      14.0000000        0.2715441
      15.0000000        0.2740011
      16.0000000        0.2747726
       1.0000000        0.0373151
       2.0000000        0.1035137
       3.0000000        0.1507306
       4.0000000        0.1801043
       5.0000000        0.2028795
       6.0000000        0.2221073
       7.0000000        0.2379384
       8.0000000        0.2507972
       9.0000000        0.2606206
      10.0000000        0.2667055
      11.0000000        0.2691777
      12.0000000        0.2709452
      13.0000000        0.2751418
      14.0000000        0.2807829
      15.0000000        0.2850195
      16.0000000        0.2865432
       1.0000000        0.0360037
       2.0000000        0.1001960
       3.0000000        0.1473182
       4.0000000        0.1785157
       5.0000000        0.2027076
       6.0000000        0.2225224
       7.0000000        0.2388723
       8.0000000        0.2512370
       9.0000000        0.2593204
      10.0000000        0.2645466
      11.0000000        0.2685449
      12.0000000        0.2725101
      13.0000000        0.2767909
      14.0000000        0.2806550
      15.0000000        0.2829863
      16.0000000        0.2836313
       1.0000000        0.0357207
       2.0000000        0.0998768
       3.0000000        0.1473356
       4.0000000        0.1794553
       5.0000000        0.2048144
       6.0000000        0.2246028
       7.0000000        0.2396074
       8.0000000        0.2513193
       9.0000000        0.2606193
      10.0000000        0.2674848
      11.0000000        0.2722999
      12.0000000        0.2760367
      13.0000000        0.2800764
      14.0000000        0.2843432
      15.0000000        0.2867743
      16.0000000        0.2872683
       1.0000000        0.0376171
       2.0000000        0.1043351
       3.0000000        0.1524240
       4.0000000        0.1842942
       5.0000000        0.2089772
       6.0000000        0.2272329
       7.0000000        0.2410447
       8.0000000        0.2534247
       9.0000000        0.2652933
      10.0000000        0.2758630
      11.0000000        0.2833729
      12.0000000        0.2877819
      13.0000000        0.2898722
      14.0000000        0.2904639
      15.0000000        0.2909668
      16.0000000        0.2913885
       1.0000000        0.0401100
       2.0000000        0.1104512
       3.0000000        0.1599925
       4.0000000        0.1914229
       5.0000000        0.2153438
       6.0000000        0.2338374
       7.0000000        0.2487926
       8.0000000        0.2620296
       9.0000000        0.2737785
      10.0000000        0.2840132
      11.0000000        0.2914308
      12.0000000        0.2945704
      13.0000000        0.2943373
      14.0000000        0.2929250
      15.0000000        0.2912051
      16.0000000        0.2902861
       1.0000000        0.0393567
       2.0000000        0.1087833
       3.0000000        0.1580615
       4.0000000        0.1894296
       5.0000000        0.2134699
       6.0000000        0.2325425
       7.0000000        0.2480983
       8.0000000        0.2614191
       9.0000000        0.2727369
      10.0000000        0.2825258
      11.0000000        0.2896758
      12.0000000        0.2925162
      13.0000000        0.2917814
      14.0000000        0.2896852
      15.0000000        0.2879901
      16.0000000        0.2874076
       1.0000000        0.0374199
       2.0000000        0.1025512
       3.0000000        0.1490206
       4.0000000        0.1811991
       5.0000000        0.2072229
       6.0000000        0.2266759
       7.0000000        0.2424929
       8.0000000        0.2572344
       9.0000000        0.2688700
      10.0000000        0.2768258
      11.0000000        0.2826163
      12.0000000        0.2864169
      13.0000000        0.2881465
      14.0000000        0.2883860
      15.0000000        0.2877957
      16.0000000        0.2873566
       1.0000000        0.0355705
       2.0000000        0.0992949
       3.0000000        0.1467643
       4.0000000        0.1792622
       5.0000000        0.2038929
       6.0000000        0.2215970
       7.0000000        0.2354497
       8.0000000        0.2488195
       9.0000000        0.2613860
      10.0000000        0.2709168
      11.0000000        0.2762183
      12.0000000        0.2793181
      13.0000000        0.2830721
      14.0000000        0.2866979
      15.0000000        0.2881726
      16.0000000        0.2883114
       1.0000000        0.0359197
       2.0000000        0.1008679
       3.0000000        0.1490535
       4.0000000        0.1798990
       5.0000000        0.2026650
       6.0000000        0.2195576
       7.0000000        0.2319442
       8.0000000        0.2436754
       9.0000000        0.2554030
      10.0000000        0.2645410
      11.0000000        0.2705358
      12.0000000        0.2758552
      13.0000000        0.2825691
      14.0000000        0.2891521
      15.0000000        0.2926679
      16.0000000        0.2934194
       1.0000000        0.0364075
       2.0000000        0.1023659
       3.0000000        0.1515269
       4.0000000        0.1831051
       5.0000000        0.2060683
       6.0000000        0.2229224
       7.0000000        0.2354835
       8.0000000        0.2472575
       9.0000000        0.2597722
      10.0000000        0.2711756
      11.0000000        0.2793757
      12.0000000        0.2850419
      13.0000000        0.2906058
      14.0000000        0.2963259
      15.0000000        0.2996218
      16.0000000        0.3002907
       1.0000000        0.0374624
       2.0000000        0.1057937
       3.0000000        0.1573060
       4.0000000        0.1894436
       5.0000000        0.2109334
       6.0000000        0.2261741
       7.0000000        0.2384121
       8.0000000        0.2511721
       9.0000000        0.2648064
      10.0000000        0.2772845
      11.0000000        0.2876545
      12.0000000        0.2957261
      13.0000000        0.3017011
      14.0000000        0.3054153
      15.0000000        0.3067472
      16.0000000        0.3068644
       1.0000000        0.0372711
       2.0000000        0.1061833
       3.0000000        0.1581472
       4.0000000        0.1900660
       5.0000000        0.2116812
       6.0000000        0.2269988
       7.0000000        0.2385566
       8.0000000        0.2504868
       9.0000000        0.2648035
      10.0000000        0.2794755
      11.0000000        0.2918401
      12.0000000        0.3011839
      13.0000000        0.3077347
      14.0000000        0.3115357
      15.0000000        0.3124975
      16.0000000        0.3122633
       1.0000000        0.0375118
       2.0000000        0.1066089
       3.0000000        0.1587357
       4.0000000        0.1916815
       5.0000000        0.2158260
       6.0000000        0.2344152
       7.0000000        0.2484755
       8.0000000        0.2605545
       9.0000000        0.2727946
      10.0000000        0.2850037
      11.0000000        0.2959098
      12.0000000        0.3049338
      13.0000000        0.3120181
      14.0000000        0.3164801
      15.0000000        0.3179531
      16.0000000        0.3180341
       1.0000000        0.0388122
       2.0000000        0.1091537
       3.0000000        0.1610676
       4.0000000        0.1940778
       5.0000000        0.2196539
       6.0000000        0.2402785
       7.0000000        0.2550865
       8.0000000        0.2654535
       9.0000000        0.2739121
      10.0000000        0.2816348
      11.0000000        0.2890260
      12.0000000        0.2965374
      13.0000000        0.3035427
      14.0000000        0.3086501
      15.0000000        0.3111694
      16.0000000        0.3117969
       1.0000000        0.0403663
       2.0000000        0.1118769
       3.0000000        0.1632308
       4.0000000        0.1959548
       5.0000000        0.2207477
       6.0000000        0.2388815
       7.0000000        0.2515210
       8.0000000        0.2616815
       9.0000000        0.2700278
      10.0000000        0.2769016
      11.0000000        0.2838566
      12.0000000        0.2906968
      13.0000000        0.2957372
      14.0000000        0.2979347
      15.0000000        0.2979944
      16.0000000        0.2977530
       1.0000000        0.0414197
       2.0000000        0.1133811
       3.0000000        0.1631216
       4.0000000        0.1937416
       5.0000000        0.2169049
       6.0000000        0.2346967
       7.0000000        0.2477622
       8.0000000        0.2570161
       9.0000000        0.2638912
      10.0000000        0.2710599
      11.0000000        0.2780769
      12.0000000        0.2821186
      13.0000000        0.2830704
      14.0000000        0.2812783
      15.0000000        0.2775341
      16.0000000        0.2754969
       1.0000000        0.0419653
       2.0000000        0.1137973
       3.0000000        0.1623525
       4.0000000        0.1921054
       5.0000000        0.2151037
       6.0000000        0.2319950
       7.0000000        0.2426618
       8.0000000        0.2499776
       9.0000000        0.2565405
      10.0000000        0.2633759
      11.0000000        0.2688054
      12.0000000        0.2712078
      13.0000000        0.2706755
      14.0000000        0.2683004
      15.0000000        0.2656971
      16.0000000        0.2645110
       1.0000000        0.0416906
       2.0000000        0.1120115
       3.0000000        0.1582234
       4.0000000        0.1873492
       5.0000000        0.2098341
       6.0000000        0.2249277
       7.0000000        0.2346193
       8.0000000        0.2425561
       9.0000000        0.2495172
      10.0000000        0.2552228
      11.0000000        0.2600394
      12.0000000        0.2633997
      13.0000000        0.2653109
      14.0000000        0.2670364
      15.0000000        0.2677855
      16.0000000        0.2676865
       1.0000000        0.0408116
       2.0000000        0.1102410
       3.0000000        0.1555525
       4.0000000        0.1831855
       5.0000000        0.2047174
       6.0000000        0.2197616
       7.0000000        0.2303289
       8.0000000        0.2408181
       9.0000000        0.2506740
      10.0000000        0.2568972
      11.0000000        0.2601674
      12.0000000        0.2628008
      13.0000000        0.2655150
      14.0000000        0.2692984
      15.0000000        0.2743510
      16.0000000        0.2770185
       1.0000000        0.0403500
       2.0000000        0.1088879
       3.0000000        0.1545025
       4.0000000        0.1829632
       5.0000000        0.2049330
       6.0000000        0.2214852
       7.0000000        0.2349886
       8.0000000        0.2473370
       9.0000000        0.2571149
      10.0000000        0.2627428
      11.0000000        0.2660553
      12.0000000        0.2693847
      13.0000000        0.2730923
      14.0000000        0.2773004
      15.0000000        0.2809561
      16.0000000        0.2823861
       1.0000000        0.0401445
       2.0000000        0.1096831
       3.0000000        0.1585945
       4.0000000        0.1911615
       5.0000000        0.2164977
       6.0000000        0.2347126
       7.0000000        0.2475797
       8.0000000        0.2577574
       9.0000000        0.2655889
      10.0000000        0.2712284
      11.0000000        0.2746878
      12.0000000        0.2765614
      13.0000000        0.2779000
      14.0000000        0.2791556
      15.0000000        0.2802849
      16.0000000        0.2807504
       1.0000000        0.0409905
       2.0000000        0.1131647
       3.0000000        0.1651803
       4.0000000        0.1991847
       5.0000000        0.2259103
       6.0000000        0.2459430
       7.0000000        0.2581682
       8.0000000        0.2653630
       9.0000000        0.2711031
      10.0000000        0.2760162
      11.0000000        0.2789114
      12.0000000        0.2795475
      13.0000000        0.2784773
      14.0000000        0.2766022
      15.0000000        0.2752101
      16.0000000        0.2747861
       1.0000000        0.0422842
       2.0000000        0.1160742
       3.0000000        0.1694264
       4.0000000        0.2050518
       5.0000000        0.2311401
       6.0000000        0.2494757
       7.0000000        0.2624831
       8.0000000        0.2717723
       9.0000000        0.2776681
      10.0000000        0.2807018
      11.0000000        0.2828476
      12.0000000        0.2841465
      13.0000000        0.2818283
      14.0000000        0.2743574
      15.0000000        0.2645244
      16.0000000        0.2597214
       1.0000000        0.0425994
       2.0000000        0.1156681
       3.0000000        0.1675235
       4.0000000        0.2003221
       5.0000000        0.2237887
       6.0000000        0.2418984
       7.0000000        0.2546629
       8.0000000        0.2629651
       9.0000000        0.2692618
      10.0000000        0.2738108
      11.0000000        0.2755192
      12.0000000        0.2745169
      13.0000000        0.2707430
      14.0000000        0.2639428
      15.0000000        0.2564568
      16.0000000        0.2531123
       1.0000000        0.0436533
       2.0000000        0.1198019
       3.0000000        0.1730171
       4.0000000        0.2041719
       5.0000000        0.2255947
       6.0000000        0.2416988
       7.0000000        0.2522738
       8.0000000        0.2590038
       9.0000000        0.2638890
      10.0000000        0.2666866
      11.0000000        0.2673013
      12.0000000        0.2660444
      13.0000000        0.2628045
      14.0000000        0.2581411
      15.0000000        0.2532235
      16.0000000        0.2508273
       1.0000000        0.0466665
       2.0000000        0.1271098
       3.0000000        0.1800612
       4.0000000        0.2094635
       5.0000000        0.2318723
       6.0000000        0.2498368
       7.0000000        0.2592565
       8.0000000        0.2620091
       9.0000000        0.2626778
      10.0000000        0.2615919
      11.0000000        0.2584116
      12.0000000        0.2546329
      13.0000000        0.2514096
      14.0000000        0.2487987
      15.0000000        0.2466271
      16.0000000        0.2456805
       1.0000000        0.0480399
       2.0000000        0.1306791
       3.0000000        0.1848652
       4.0000000        0.2138203
       5.0000000        0.2343253
       6.0000000        0.2496815
       7.0000000        0.2581343
       8.0000000        0.2617585
       9.0000000        0.2626070
      10.0000000        0.2594702
      11.0000000        0.2524139
      12.0000000        0.2459973
      13.0000000        0.2429963
      14.0000000        0.2411733
      15.0000000        0.2392134
      16.0000000        0.2383738
       1.0000000        0.0468313
       2.0000000        0.1297068
       3.0000000        0.1860682
       4.0000000        0.2157851
       5.0000000        0.2348786
       6.0000000        0.2478970
       7.0000000        0.2562791
       8.0000000        0.2628328
       9.0000000        0.2655424
      10.0000000        0.2615588
      11.0000000        0.2531888
      12.0000000        0.2445085
      13.0000000        0.2362309
      14.0000000        0.2291923
      15.0000000        0.2261239
      16.0000000        0.2258545
       1.0000000        0.0462879
       2.0000000        0.1303349
       3.0000000        0.1889773
       4.0000000        0.2182929
       5.0000000        0.2350586
       6.0000000        0.2468579
       7.0000000        0.2556054
       8.0000000        0.2616746
       9.0000000        0.2632056
      10.0000000        0.2586865
      11.0000000        0.2496026
      12.0000000        0.2391843
      13.0000000        0.2301549
      14.0000000        0.2240281
      15.0000000        0.2215128
      16.0000000        0.2210873
       1.0000000        0.0468692
       2.0000000        0.1303233
       3.0000000        0.1875590
       4.0000000        0.2177310
       5.0000000        0.2376191
       6.0000000        0.2538769
       7.0000000        0.2652422
       8.0000000        0.2693495
       9.0000000        0.2675625
      10.0000000        0.2630649
      11.0000000        0.2574036
      12.0000000        0.2500061
      13.0000000        0.2411435
      14.0000000        0.2336739
      15.0000000        0.2300709
      16.0000000        0.2293062
       1.0000000        0.0461271
       2.0000000        0.1278189
       3.0000000        0.1836963
       4.0000000        0.2151226
       5.0000000        0.2387688
       6.0000000        0.2579353
       7.0000000        0.2708408
       8.0000000        0.2769542
       9.0000000        0.2775044
      10.0000000        0.2749147
      11.0000000        0.2707148
      12.0000000        0.2640230
      13.0000000        0.2558857
      14.0000000        0.2501174
      15.0000000        0.2482372
      16.0000000        0.2481028
       1.0000000        0.0458544
       2.0000000        0.1271491
       3.0000000        0.1828306
       4.0000000        0.2139521
       5.0000000        0.2369143
       6.0000000        0.2558908
       7.0000000        0.2689517
       8.0000000        0.2757619
       9.0000000        0.2786520
      10.0000000        0.2803987
      11.0000000        0.2799363
      12.0000000        0.2742918
      13.0000000        0.2658087
      14.0000000        0.2596757
      15.0000000        0.2573041
      16.0000000        0.2567964
       1.0000000        0.0460998
       2.0000000        0.1274876
       3.0000000        0.1827238
       4.0000000        0.2137017
       5.0000000        0.2369614
       6.0000000        0.2542766
       7.0000000        0.2647609
       8.0000000        0.2719484
       9.0000000        0.2788250
      10.0000000        0.2852938
      11.0000000        0.2883517
      12.0000000        0.2846791
      13.0000000        0.2758031
      14.0000000        0.2677996
      15.0000000        0.2632891
      16.0000000        0.2617359
       1.0000000        0.0472184
       2.0000000        0.1274164
       3.0000000        0.1802763
       4.0000000        0.2129730
       5.0000000        0.2382671
       6.0000000        0.2548760
       7.0000000        0.2665188
       8.0000000        0.2783546
       9.0000000        0.2885805
      10.0000000        0.2953883
      11.0000000        0.2985077
      12.0000000        0.2964606
      13.0000000        0.2915741
      14.0000000        0.2886212
      15.0000000        0.2876493
      16.0000000        0.2871920
       1.0000000        0.0470099
       2.0000000        0.1262708
       3.0000000        0.1803049
       4.0000000        0.2146437
       5.0000000        0.2400032
       6.0000000        0.2590639
       7.0000000        0.2755560
       8.0000000        0.2917274
       9.0000000        0.3036306
      10.0000000        0.3096987
      11.0000000        0.3123872
      12.0000000        0.3123553
      13.0000000        0.3116868
      14.0000000        0.3123713
      15.0000000        0.3131977
      16.0000000        0.3133580
       1.0000000        0.0461976
       2.0000000        0.1256668
       3.0000000        0.1804466
       4.0000000        0.2140164
       5.0000000        0.2402442
       6.0000000        0.2620106
       7.0000000        0.2809318
       8.0000000        0.2988450
       9.0000000        0.3136184
      10.0000000        0.3224648
      11.0000000        0.3262486
      12.0000000        0.3263645
      13.0000000        0.3251126
      14.0000000        0.3255081
      15.0000000        0.3272007
      16.0000000        0.3282493
       1.0000000        0.0444898
       2.0000000        0.1219571
       3.0000000        0.1767322
       4.0000000        0.2113384
       5.0000000        0.2383878
       6.0000000        0.2614620
       7.0000000        0.2817809
       8.0000000        0.2997909
       9.0000000        0.3134471
      10.0000000        0.3208151
      11.0000000        0.3234603
      12.0000000        0.3243756
      13.0000000        0.3257202
      14.0000000        0.3287567
      15.0000000        0.3318900
      16.0000000        0.3330631
       1.0000000        0.0429711
       2.0000000        0.1191121
       3.0000000        0.1735749
       4.0000000        0.2082212
       5.0000000        0.2360992
       6.0000000        0.2595717
       7.0000000        0.2784039
       8.0000000        0.2932873
       9.0000000        0.3039808
      10.0000000        0.3103143
      11.0000000        0.3133495
      12.0000000        0.3142488
      13.0000000        0.3145701
      14.0000000        0.3164454
      15.0000000        0.3196220
      16.0000000        0.3211903
       1.0000000        0.0412692
       2.0000000        0.1158834
       3.0000000        0.1704404
       4.0000000        0.2046808
       5.0000000        0.2308120
       6.0000000        0.2519079
       7.0000000        0.2691355
       8.0000000        0.2839957
       9.0000000        0.2942018
      10.0000000        0.2981300
      11.0000000        0.2981993
      12.0000000        0.2971704
      13.0000000        0.2963710
      14.0000000        0.2972392
      15.0000000        0.3002271
      16.0000000        0.3020836
       1.0000000        0.0418139
       2.0000000        0.1181127
       3.0000000        0.1733397
       4.0000000        0.2057021
       5.0000000        0.2286786
       6.0000000        0.2475859
       7.0000000        0.2636615
       8.0000000        0.2767886
       9.0000000        0.2850049
      10.0000000        0.2874147
      11.0000000        0.2861452
      12.0000000        0.2839452
      13.0000000        0.2819459
      14.0000000        0.2800911
      15.0000000        0.2786343
      16.0000000        0.2781219
       1.0000000        0.0438465
       2.0000000        0.1219138
       3.0000000        0.1759749
       4.0000000        0.2064800
       5.0000000        0.2282189
       6.0000000        0.2450005
       7.0000000        0.2577823
       8.0000000        0.2686118
       9.0000000        0.2771376
      10.0000000        0.2814049
      11.0000000        0.2806637
      12.0000000        0.2767488
      13.0000000        0.2725227
      14.0000000        0.2700573
      15.0000000        0.2694756
      16.0000000        0.2694485
       1.0000000        0.0421915
       2.0000000        0.1167458
       3.0000000        0.1688735
       4.0000000        0.1990427
       5.0000000        0.2189819
       6.0000000        0.2334437
       7.0000000        0.2440994
       8.0000000        0.2518772
       9.0000000        0.2570976
      10.0000000        0.2596422
      11.0000000        0.2597206
      12.0000000        0.2583322
      13.0000000        0.2569911
      14.0000000        0.2561660
      15.0000000        0.2554182
      16.0000000        0.2550375
       1.0000000        0.0406223
       2.0000000        0.1122598
       3.0000000        0.1625327
       4.0000000        0.1913250
       5.0000000        0.2102643
       6.0000000        0.2243491
       7.0000000        0.2355332
       8.0000000        0.2432219
       9.0000000        0.2466560
      10.0000000        0.2480807
      11.0000000        0.2495081
      12.0000000        0.2511078
      13.0000000        0.2523772
      14.0000000        0.2532696
      15.0000000        0.2543378
      16.0000000        0.2548770
       1.0000000        0.0391233
       2.0000000        0.1080935
       3.0000000        0.1567382
       4.0000000        0.1851984
       5.0000000        0.2048785
       6.0000000        0.2213907
       7.0000000        0.2347656
       8.0000000        0.2433044
       9.0000000        0.2472259
      10.0000000        0.2490318
      11.0000000        0.2511014
      12.0000000        0.2537224
      13.0000000        0.2557258
      14.0000000        0.2562742
      15.0000000        0.2558313
      16.0000000        0.2554963
       1.0000000        0.0376929
       2.0000000        0.1046003
       3.0000000        0.1523848
       4.0000000        0.1813733
       5.0000000        0.2025747
       6.0000000        0.2200620
       7.0000000        0.2336441
       8.0000000        0.2423352
       9.0000000        0.2467943
      10.0000000        0.2495694
      11.0000000        0.2518908
      12.0000000        0.2538885
      13.0000000        0.2561018
      14.0000000        0.2588985
      15.0000000        0.2616902
      16.0000000        0.2629482
       1.0000000        0.0367821
       2.0000000        0.1024671
       3.0000000        0.1497061
       4.0000000        0.1789659
       5.0000000        0.2007000
       6.0000000        0.2172107
       7.0000000        0.2290682
       8.0000000        0.2382307
       9.0000000        0.2451169
      10.0000000        0.2492409
      11.0000000        0.2520439
      12.0000000        0.2559671
      13.0000000        0.2615143
      14.0000000        0.2668166
      15.0000000        0.2702655
      16.0000000        0.2713972
       1.0000000        0.0368668
       2.0000000        0.1029103
       3.0000000        0.1516435
       4.0000000        0.1827223
       5.0000000        0.2043791
       6.0000000        0.2197961
       7.0000000        0.2319710
       8.0000000        0.2418229
       9.0000000        0.2479712
      10.0000000        0.2520303
      11.0000000        0.2570011
      12.0000000        0.2632427
      13.0000000        0.2695504
      14.0000000        0.2753794
      15.0000000        0.2799617
      16.0000000        0.2817273
       1.0000000        0.0378320
       2.0000000        0.1061959
       3.0000000        0.1563680
       4.0000000        0.1877470
       5.0000000        0.2095578
       6.0000000        0.2245591
       7.0000000        0.2356766
       8.0000000        0.2456226
       9.0000000        0.2541444
      10.0000000        0.2611169
      11.0000000        0.2670226
      12.0000000        0.2723414
      13.0000000        0.2779780
      14.0000000        0.2833443
      15.0000000        0.2863329
      16.0000000        0.2869653
       1.0000000        0.0373468
       2.0000000        0.1052105
       3.0000000        0.1561296
       4.0000000        0.1886422
       5.0000000        0.2104517
       6.0000000        0.2252057
       7.0000000        0.2370635
       8.0000000        0.2482658
       9.0000000        0.2573895
      10.0000000        0.2631630
      11.0000000        0.2673514
      12.0000000        0.2715382
      13.0000000        0.2755490
      14.0000000        0.2795942
      15.0000000        0.2834556
      16.0000000        0.2851909
       1.0000000        0.0363515
       2.0000000        0.1037609
       3.0000000        0.1559366
       4.0000000        0.1890274
       5.0000000        0.2111577
       6.0000000        0.2268919
       7.0000000        0.2389187
       8.0000000        0.2485197
       9.0000000        0.2556882
      10.0000000        0.2610030
      11.0000000        0.2658034
      12.0000000        0.2710000
      13.0000000        0.2753541
      14.0000000        0.2781338
      15.0000000        0.2802048
      16.0000000        0.2811974
       1.0000000        0.0350282
       2.0000000        0.1013934
       3.0000000        0.1541970
       4.0000000        0.1876067
       5.0000000        0.2088605
       6.0000000        0.2222011
       7.0000000        0.2305268
       8.0000000        0.2380120
       9.0000000        0.2461399
      10.0000000        0.2536128
      11.0000000        0.2600514
      12.0000000        0.2655140
      13.0000000        0.2690188
      14.0000000        0.2704704
      15.0000000        0.2708185
      16.0000000        0.2708679
       1.0000000        0.0340327
       2.0000000        0.0996221
       3.0000000        0.1519146
       4.0000000        0.1838507
       5.0000000        0.2044891
       6.0000000        0.2193446
       7.0000000        0.2302727
       8.0000000        0.2390397
       9.0000000        0.2461354
      10.0000000        0.2512389
      11.0000000        0.2543651
      12.0000000        0.2559607
      13.0000000        0.2574632
      14.0000000        0.2599819
      15.0000000        0.2625878
      16.0000000        0.2637123
       1.0000000        0.0335479
       2.0000000        0.0981830
       3.0000000        0.1501331
       4.0000000        0.1842532
       5.0000000        0.2089181
       6.0000000        0.2269803
       7.0000000        0.2389359
       8.0000000        0.2462213
       9.0000000        0.2499358
      10.0000000        0.2509786
      11.0000000        0.2505755
      12.0000000        0.2501076
      13.0000000        0.2511877
      14.0000000        0.2541015
      15.0000000        0.2568576
      16.0000000        0.2578639
       1.0000000        0.0346336
       2.0000000        0.1011517
       3.0000000        0.1548546
       4.0000000        0.1903468
       5.0000000        0.2147928
       6.0000000        0.2318298
       7.0000000        0.2436405
       8.0000000        0.2513132
       9.0000000        0.2548976
      10.0000000        0.2551009
      11.0000000        0.2527148
      12.0000000        0.2488525
      13.0000000        0.2465600
      14.0000000        0.2478859
      15.0000000        0.2509644
      16.0000000        0.2524751
       1.0000000        0.0357391
       2.0000000        0.1045316
       3.0000000        0.1603244
       4.0000000        0.1967368
       5.0000000        0.2210188
       6.0000000        0.2371053
       7.0000000        0.2474727
       8.0000000        0.2539487
       9.0000000        0.2564137
      10.0000000        0.2552938
      11.0000000        0.2519572
      12.0000000        0.2479804
      13.0000000        0.2447959
      14.0000000        0.2431830
      15.0000000        0.2429246
      16.0000000        0.2430512
       1.0000000        0.0373612
       2.0000000        0.1092265
       3.0000000        0.1669148
       4.0000000        0.2034473
       5.0000000        0.2267690
       6.0000000        0.2412975
       7.0000000        0.2490910
       8.0000000        0.2517928
       9.0000000        0.2511064
      10.0000000        0.2489982
      11.0000000        0.2465779
      12.0000000        0.2435936
      13.0000000        0.2393578
      14.0000000        0.2343279
      15.0000000        0.2305235
      16.0000000        0.2291990
       1.0000000        0.0384952
       2.0000000        0.1108773
       3.0000000        0.1666962
       4.0000000        0.2001080
       5.0000000        0.2202217
       6.0000000        0.2328171
       7.0000000        0.2407199
       8.0000000        0.2446072
       9.0000000        0.2449519
      10.0000000        0.2438128
      11.0000000        0.2419353
      12.0000000        0.2376360
      13.0000000        0.2312247
      14.0000000        0.2250029
      15.0000000        0.2199492
      16.0000000        0.2177123
       1.0000000        0.0391151
       2.0000000        0.1113823
       3.0000000        0.1646383
       4.0000000        0.1958801
       5.0000000        0.2161208
       6.0000000        0.2296848
       7.0000000        0.2382857
       8.0000000        0.2430934
       9.0000000        0.2442411
      10.0000000        0.2430244
      11.0000000        0.2407206
      12.0000000        0.2360927
      13.0000000        0.2286136
      14.0000000        0.2214210
      15.0000000        0.2174979
      16.0000000        0.2164938
       1.0000000        0.0385936
       2.0000000        0.1092925
       3.0000000        0.1616097
       4.0000000        0.1940720
       5.0000000        0.2157813
       6.0000000        0.2288634
       7.0000000        0.2364064
       8.0000000        0.2411058
       9.0000000        0.2429832
      10.0000000        0.2426671
      11.0000000        0.2416771
      12.0000000        0.2388683
      13.0000000        0.2329399
      14.0000000        0.2258445
      15.0000000        0.2206469
      16.0000000        0.2188338
       1.0000000        0.0386231
       2.0000000        0.1084166
       3.0000000        0.1594291
       4.0000000        0.1908398
       5.0000000        0.2118566
       6.0000000        0.2253188
       7.0000000        0.2341473
       8.0000000        0.2398159
       9.0000000        0.2421965
      10.0000000        0.2431734
      11.0000000        0.2440051
      12.0000000        0.2418855
      13.0000000        0.2352785
      14.0000000        0.2276360
      15.0000000        0.2227177
      16.0000000        0.2212451
       1.0000000        0.0385943
       2.0000000        0.1064997
       3.0000000        0.1541721
       4.0000000        0.1832329
       5.0000000        0.2042284
       6.0000000        0.2199351
       7.0000000        0.2307441
       8.0000000        0.2366484
       9.0000000        0.2379110
      10.0000000        0.2362426
      11.0000000        0.2335701
      12.0000000        0.2291157
      13.0000000        0.2226961
      14.0000000        0.2163677
      15.0000000        0.2114968
      16.0000000        0.2095699
       1.0000000        0.0370868
       2.0000000        0.1024020
       3.0000000        0.1490885
       4.0000000        0.1791919
       5.0000000        0.2015284
       6.0000000        0.2179145
       7.0000000        0.2297900
       8.0000000        0.2375912
       9.0000000        0.2398885
      10.0000000        0.2375675
      11.0000000        0.2325705
      12.0000000        0.2259423
      13.0000000        0.2198921
      14.0000000        0.2161082
      15.0000000        0.2134959
      16.0000000        0.2121987
       1.0000000        0.0363547
       2.0000000        0.1016815
       3.0000000        0.1509464
       4.0000000        0.1839272
       5.0000000        0.2079610
       6.0000000        0.2256964
       7.0000000        0.2388362
       8.0000000        0.2478207
       9.0000000        0.2518991
      10.0000000        0.2506474
      11.0000000        0.2448186
      12.0000000        0.2373686
      13.0000000        0.2319536
      14.0000000        0.2292648
      15.0000000        0.2276119
      16.0000000        0.2267685
       1.0000000        0.0378766
       2.0000000        0.1058197
       3.0000000        0.1563148
       4.0000000        0.1899404
       5.0000000        0.2153274
       6.0000000        0.2330441
       7.0000000        0.2439415
       8.0000000        0.2520014
       9.0000000        0.2575812
      10.0000000        0.2579190
      11.0000000        0.2540129
      12.0000000        0.2492114
      13.0000000        0.2449475
      14.0000000        0.2412257
      15.0000000        0.2381358
      16.0000000        0.2368428
       1.0000000        0.0386371
       2.0000000        0.1076152
       3.0000000        0.1590514
       4.0000000        0.1928831
       5.0000000        0.2172699
       6.0000000        0.2335902
       7.0000000        0.2441098
       8.0000000        0.2519534
       9.0000000        0.2577000
      10.0000000        0.2609910
      11.0000000        0.2606004
      12.0000000        0.2562251
      13.0000000        0.2500760
      14.0000000        0.2435420
      15.0000000        0.2370715
      16.0000000        0.2340317
       1.0000000        0.0377867
       2.0000000        0.1047849
       3.0000000        0.1546215
       4.0000000        0.1887826
       5.0000000        0.2151109
       6.0000000        0.2342171
       7.0000000        0.2474990
       8.0000000        0.2575773
       9.0000000        0.2642958
      10.0000000        0.2667830
      11.0000000        0.2655472
      12.0000000        0.2609918
      13.0000000        0.2546380
      14.0000000        0.2492326
      15.0000000        0.2463205
      16.0000000        0.2456108
       1.0000000        0.0354689
       2.0000000        0.0997009
       3.0000000        0.1491290
       4.0000000        0.1839373
       5.0000000        0.2111992
       6.0000000        0.2315526
       7.0000000        0.2463015
       8.0000000        0.2573272
       9.0000000        0.2643853
      10.0000000        0.2668402
      11.0000000        0.2644234
      12.0000000        0.2583799
      13.0000000        0.2519845
      14.0000000        0.2479192
      15.0000000        0.2466256
      16.0000000        0.2466128
       1.0000000        0.0340539
       2.0000000        0.0964828
       3.0000000        0.1448852
       4.0000000        0.1778473
       5.0000000        0.2036588
       6.0000000        0.2237486
       7.0000000        0.2373243
       8.0000000        0.2464020
       9.0000000        0.2525062
      10.0000000        0.2553127
      11.0000000        0.2542736
      12.0000000        0.2497298
      13.0000000        0.2441205
      14.0000000        0.2406233
      15.0000000        0.2401805
      16.0000000        0.2406317
       1.0000000        0.0340242
       2.0000000        0.0961615
       3.0000000        0.1431444
       4.0000000        0.1736425
       5.0000000        0.1969712
       6.0000000        0.2160766
       7.0000000        0.2301926
       8.0000000        0.2391239
       9.0000000        0.2436416
      10.0000000        0.2450314
      11.0000000        0.2432592
      12.0000000        0.2383298
      13.0000000        0.2327439
      14.0000000        0.2295796
      15.0000000        0.2291645
      16.0000000        0.2294125
       1.0000000        0.0342653
       2.0000000        0.0973023
       3.0000000        0.1442676
       4.0000000        0.1732573
       5.0000000        0.1945652
       6.0000000        0.2113499
       7.0000000        0.2235776
       8.0000000        0.2323375
       9.0000000        0.2374370
      10.0000000        0.2379960
      11.0000000        0.2348959
      12.0000000        0.2304847
      13.0000000        0.2268603
      14.0000000        0.2240436
      15.0000000        0.2212828
      16.0000000        0.2198528
       1.0000000        0.0347788
       2.0000000        0.0994995
       3.0000000        0.1476919
       4.0000000        0.1764391
       5.0000000        0.1963331
       6.0000000        0.2110098
       7.0000000        0.2204445
       8.0000000        0.2258137
       9.0000000        0.2283233
      10.0000000        0.2282392
      11.0000000        0.2268146
      12.0000000        0.2261721
      13.0000000        0.2265001
      14.0000000        0.2264732
      15.0000000        0.2258137
      16.0000000        0.2254189
       1.0000000        0.0361782
       2.0000000        0.1027929
       3.0000000        0.1523907
       4.0000000        0.1825816
       5.0000000        0.2023796
       6.0000000        0.2152474
       7.0000000        0.2235289
       8.0000000        0.2284367
       9.0000000        0.2295547
      10.0000000        0.2280350
      11.0000000        0.2261085
      12.0000000        0.2243071
      13.0000000        0.2235301
      14.0000000        0.2246869
      15.0000000        0.2265370
      16.0000000        0.2273719
       1.0000000        0.0377206
       2.0000000        0.1069579
       3.0000000        0.1583017
       4.0000000        0.1885363
       5.0000000        0.2074990
       6.0000000        0.2194107
       7.0000000        0.2269145
       8.0000000        0.2316141
       9.0000000        0.2328251
      10.0000000        0.2302497
      11.0000000        0.2254314
      12.0000000        0.2208664
      13.0000000        0.2184723
      14.0000000        0.2176288
      15.0000000        0.2164961
      16.0000000        0.2156804
       1.0000000        0.0375187
       2.0000000        0.1062873
       3.0000000        0.1574470
       4.0000000        0.1887252
       5.0000000        0.2085253
       6.0000000        0.2193633
       7.0000000        0.2242817
       8.0000000        0.2272176
       9.0000000        0.2282773
      10.0000000        0.2268817
      11.0000000        0.2241542
      12.0000000        0.2208771
      13.0000000        0.2169565
      14.0000000        0.2125321
      15.0000000        0.2087557
      16.0000000        0.2072622
       1.0000000        0.0359527
       2.0000000        0.1027357
       3.0000000        0.1547144
       4.0000000        0.1878236
       5.0000000        0.2073178
       6.0000000        0.2168537
       7.0000000        0.2209096
       8.0000000        0.2234391
       9.0000000        0.2259632
      10.0000000        0.2271997
      11.0000000        0.2251181
      12.0000000        0.2193019
      13.0000000        0.2121891
      14.0000000        0.2063497
      15.0000000        0.2027226
      16.0000000        0.2014407
       1.0000000        0.0365308
       2.0000000        0.1050067
       3.0000000        0.1586244
       4.0000000        0.1919189
       5.0000000        0.2117085
       6.0000000        0.2230395
       7.0000000        0.2292854
       8.0000000        0.2322521
       9.0000000        0.2333495
      10.0000000        0.2326974
      11.0000000        0.2293681
      12.0000000        0.2237070
      13.0000000        0.2172716
      14.0000000        0.2126623
      15.0000000        0.2108458
      16.0000000        0.2105853
       1.0000000        0.0368909
       2.0000000        0.1057921
       3.0000000        0.1599453
       4.0000000        0.1947947
       5.0000000        0.2170347
       6.0000000        0.2301735
       7.0000000        0.2363583
       8.0000000        0.2385889
       9.0000000        0.2397585
      10.0000000        0.2397442
      11.0000000        0.2369320
      12.0000000        0.2303361
      13.0000000        0.2218589
      14.0000000        0.2154201
      15.0000000        0.2122701
      16.0000000        0.2114164
       1.0000000        0.0354204
       2.0000000        0.1019608
       3.0000000        0.1545853
       4.0000000        0.1888838
       5.0000000        0.2118330
       6.0000000        0.2258849
       7.0000000        0.2331198
       8.0000000        0.2365659
       9.0000000        0.2375949
      10.0000000        0.2370680
      11.0000000        0.2349892
      12.0000000        0.2300392
      13.0000000        0.2233335
      14.0000000        0.2172788
      15.0000000        0.2126418
      16.0000000        0.2107381
       1.0000000        0.0338872
       2.0000000        0.0971438
       3.0000000        0.1462802
       4.0000000        0.1780222
       5.0000000        0.1998081
       6.0000000        0.2141226
       7.0000000        0.2225567
       8.0000000        0.2275266
       9.0000000        0.2306181
      10.0000000        0.2320137
      11.0000000        0.2304202
      12.0000000        0.2248810
      13.0000000        0.2181222
      14.0000000        0.2139769
      15.0000000        0.2124021
      16.0000000        0.2119386
       1.0000000        0.0345007
       2.0000000        0.0972143
       3.0000000        0.1441499
       4.0000000        0.1737935
       5.0000000        0.1936595
       6.0000000        0.2066307
       7.0000000        0.2153219
       8.0000000        0.2220056
       9.0000000        0.2265141
      10.0000000        0.2279357
      11.0000000        0.2263368
      12.0000000        0.2222883
      13.0000000        0.2174281
      14.0000000        0.2141972
      15.0000000        0.2134321
      16.0000000        0.2135921
       1.0000000        0.0370922
       2.0000000        0.1023096
       3.0000000        0.1479814
       4.0000000        0.1751647
       5.0000000        0.1948893
       6.0000000        0.2106310
       7.0000000        0.2220731
       8.0000000        0.2294969
       9.0000000        0.2331590
      10.0000000        0.2335596
      11.0000000        0.2315927
      12.0000000        0.2285587
      13.0000000        0.2260309
      14.0000000        0.2248668
      15.0000000        0.2248259
      16.0000000        0.2250447
       1.0000000        0.0379023
       2.0000000        0.1050790
       3.0000000        0.1523595
       4.0000000        0.1792033
       5.0000000        0.1965974
       6.0000000        0.2099490
       7.0000000        0.2209055
       8.0000000        0.2297457
       9.0000000        0.2357625
      10.0000000        0.2377252
      11.0000000        0.2355422
      12.0000000        0.2318061
      13.0000000        0.2290840
      14.0000000        0.2275518
      15.0000000        0.2259109
      16.0000000        0.2249400
       1.0000000        0.0363990
       2.0000000        0.1015356
       3.0000000        0.1473853
       4.0000000        0.1739279
       5.0000000        0.1923440
       6.0000000        0.2061871
       7.0000000        0.2152832
       8.0000000        0.2210317
       9.0000000        0.2250310
      10.0000000        0.2263707
      11.0000000        0.2243380
      12.0000000        0.2210290
      13.0000000        0.2186880
      14.0000000        0.2178286
      15.0000000        0.2176659
      16.0000000        0.2176511
       1.0000000        0.0355890
       2.0000000        0.1002544
       3.0000000        0.1481939
       4.0000000        0.1772493
       5.0000000        0.1955324
       6.0000000        0.2059256
       7.0000000        0.2106261
       8.0000000        0.2135744
       9.0000000        0.2164693
      10.0000000        0.2178484
      11.0000000        0.2171347
      12.0000000        0.2157322
      13.0000000        0.2146951
      14.0000000        0.2143898
      15.0000000        0.2149134
      16.0000000        0.2154122
       1.0000000        0.0364209
       2.0000000        0.1030097
       3.0000000        0.1526002
       4.0000000        0.1822071
       5.0000000        0.1994600
       6.0000000        0.2077967
       7.0000000        0.2110110
       8.0000000        0.2137278
       9.0000000        0.2169068
      10.0000000        0.2185111
      11.0000000        0.2181877
      12.0000000        0.2167990
      13.0000000        0.2151116
      14.0000000        0.2140278
      15.0000000        0.2141002
      16.0000000        0.2144087
       1.0000000        0.0375792
       2.0000000        0.1050479
       3.0000000        0.1538178
       4.0000000        0.1819937
       5.0000000        0.1978483
       6.0000000        0.2064747
       7.0000000        0.2120667
       8.0000000        0.2163045
       9.0000000        0.2186904
      10.0000000        0.2203139
      11.0000000        0.2211446
      12.0000000        0.2195519
      13.0000000        0.2166422
      14.0000000        0.2134628
      15.0000000        0.2099542
      16.0000000        0.2081258
       1.0000000        0.0384823
       2.0000000        0.1060583
       3.0000000        0.1535849
       4.0000000        0.1804422
       5.0000000        0.1960718
       6.0000000        0.2061358
       7.0000000        0.2136931
       8.0000000        0.2184144
       9.0000000        0.2194522
      10.0000000        0.2193081
      11.0000000        0.2200201
      12.0000000        0.2209139
      13.0000000        0.2203933
      14.0000000        0.2174550
      15.0000000        0.2129315
      16.0000000        0.2106584
       1.0000000        0.0379433
       2.0000000        0.1049246
       3.0000000        0.1518350
       4.0000000        0.1780265
       5.0000000        0.1939505
       6.0000000        0.2048368
       7.0000000        0.2124572
       8.0000000        0.2175452
       9.0000000        0.2204060
      10.0000000        0.2213029
      11.0000000        0.2201635
      12.0000000        0.2178956
      13.0000000        0.2157916
      14.0000000        0.2141996
      15.0000000        0.2134467
      16.0000000        0.2133485
       1.0000000        0.0377566
       2.0000000        0.1049190
       3.0000000        0.1529971
       4.0000000        0.1800581
       5.0000000        0.1955900
       6.0000000        0.2055710
       7.0000000        0.2137421
       8.0000000        0.2216149
       9.0000000        0.2274722
      10.0000000        0.2301302
      11.0000000        0.2303773
      12.0000000        0.2293125
      13.0000000        0.2274314
      14.0000000        0.2249459
      15.0000000        0.2220098
      16.0000000        0.2205433
       1.0000000        0.0378998
       2.0000000        0.1066700
       3.0000000        0.1561959
       4.0000000        0.1833890
       5.0000000        0.1990724
       6.0000000        0.2090569
       7.0000000        0.2163756
       8.0000000        0.2236071
       9.0000000        0.2309782
      10.0000000        0.2364686
      11.0000000        0.2381783
      12.0000000        0.2371656
      13.0000000        0.2353121
      14.0000000        0.2329716
      15.0000000        0.2305992
      16.0000000        0.2295403
       1.0000000        0.0383293
       2.0000000        0.1074322
       3.0000000        0.1564426
       4.0000000        0.1832317
       5.0000000        0.2001941
       6.0000000        0.2130214
       7.0000000        0.2225343
       8.0000000        0.2284147
       9.0000000        0.2315096
      10.0000000        0.2342173
      11.0000000        0.2372773
      12.0000000        0.2395480
      13.0000000        0.2403118
      14.0000000        0.2386853
      15.0000000        0.2352984
      16.0000000        0.2334330
       1.0000000        0.0383801
       2.0000000        0.1065631
       3.0000000        0.1541994
       4.0000000        0.1809599
       5.0000000        0.1985858
       6.0000000        0.2117577
       7.0000000        0.2214939
       8.0000000        0.2280348
       9.0000000        0.2318636
      10.0000000        0.2341965
      11.0000000        0.2360357
      12.0000000        0.2379110
      13.0000000        0.2398897
      14.0000000        0.2413379
      15.0000000        0.2415408
      16.0000000        0.2412903
       1.0000000        0.0365130
       2.0000000        0.1018981
       3.0000000        0.1489204
       4.0000000        0.1771041
       5.0000000        0.1960285
       6.0000000        0.2092113
       7.0000000        0.2187303
       8.0000000        0.2259720
       9.0000000        0.2312264
      10.0000000        0.2344544
      11.0000000        0.2359047
      12.0000000        0.2365439
      13.0000000        0.2376990
      14.0000000        0.2402730
      15.0000000        0.2437326
      16.0000000        0.2455208
       1.0000000        0.0349813
       2.0000000        0.0982680
       3.0000000        0.1449550
       4.0000000        0.1742660
       5.0000000        0.1949243
       6.0000000        0.2094429
       7.0000000        0.2188116
       8.0000000        0.2250846
       9.0000000        0.2294736
      10.0000000        0.2318845
      11.0000000        0.2333445
      12.0000000        0.2358273
      13.0000000        0.2392475
      14.0000000        0.2420633
      15.0000000        0.2437877
      16.0000000        0.2444251
       1.0000000        0.0351045
       2.0000000        0.0992315
       3.0000000        0.1474369
       4.0000000        0.1781679
       5.0000000        0.1985628
       6.0000000        0.2109125
       7.0000000        0.2179509
       8.0000000        0.2225755
       9.0000000        0.2255781
      10.0000000        0.2268788
      11.0000000        0.2274117
      12.0000000        0.2285249
      13.0000000        0.2311186
      14.0000000        0.2350276
      15.0000000        0.2386001
      16.0000000        0.2400063
       1.0000000        0.0370263
       2.0000000        0.1044960
       3.0000000        0.1549196
       4.0000000        0.1859277
       5.0000000        0.2047092
       6.0000000        0.2151893
       7.0000000        0.2209153
       8.0000000        0.2236739
       9.0000000        0.2247860
      10.0000000        0.2263730
      11.0000000        0.2288453
      12.0000000        0.2309300
      13.0000000        0.2323639
      14.0000000        0.2331952
      15.0000000        0.2333232
      16.0000000        0.2332183
       1.0000000        0.0387459
       2.0000000        0.1107929
       3.0000000        0.1654159
       4.0000000        0.1980377
       5.0000000        0.2175712
       6.0000000        0.2285317
       7.0000000        0.2337252
       8.0000000        0.2366243
       9.0000000        0.2391080
      10.0000000        0.2414769
      11.0000000        0.2436978
      12.0000000        0.2448072
      13.0000000        0.2439886
      14.0000000        0.2422757
      15.0000000        0.2411711
      16.0000000        0.2408966
       1.0000000        0.0413178
       2.0000000        0.1172299
       3.0000000        0.1735227
       4.0000000        0.2059806
       5.0000000        0.2249290
       6.0000000        0.2352403
       7.0000000        0.2396948
       8.0000000        0.2413316
       9.0000000        0.2424890
      10.0000000        0.2439972
      11.0000000        0.2453759
      12.0000000        0.2457414
      13.0000000        0.2450276
      14.0000000        0.2441127
      15.0000000        0.2430720
      16.0000000        0.2424692
       1.0000000        0.0424117
       2.0000000        0.1190749
       3.0000000        0.1741839
       4.0000000        0.2052135
       5.0000000        0.2230938
       6.0000000        0.2329752
       7.0000000        0.2378432
       8.0000000        0.2399375
       9.0000000        0.2407749
      10.0000000        0.2412556
      11.0000000        0.2414616
      12.0000000        0.2413166
      13.0000000        0.2408269
      14.0000000        0.2400945
      15.0000000        0.2390433
      16.0000000        0.2384140
       1.0000000        0.0432894
       2.0000000        0.1207372
       3.0000000        0.1760015
       4.0000000        0.2076440
       5.0000000        0.2253009
       6.0000000        0.2335727
       7.0000000        0.2373447
       8.0000000        0.2395829
       9.0000000        0.2416610
      10.0000000        0.2436938
      11.0000000        0.2440233
      12.0000000        0.2431133
      13.0000000        0.2423994
      14.0000000        0.2423867
      15.0000000        0.2433160
      16.0000000        0.2439976
       1.0000000        0.0438025
       2.0000000        0.1206524
       3.0000000        0.1738068
       4.0000000        0.2038963
       5.0000000        0.2212160
       6.0000000        0.2306662
       7.0000000        0.2356978
       8.0000000        0.2381016
       9.0000000        0.2391370
      10.0000000        0.2399851
      11.0000000        0.2409951
      12.0000000        0.2421823
      13.0000000        0.2429404
      14.0000000        0.2432896
      15.0000000        0.2433039
      16.0000000        0.2431584
       1.0000000        0.0431596
       2.0000000        0.1189782
       3.0000000        0.1712098
       4.0000000        0.2002208
       5.0000000        0.2177782
       6.0000000        0.2276096
       7.0000000        0.2313189
       8.0000000        0.2329394
       9.0000000        0.2361065
      10.0000000        0.2410083
      11.0000000        0.2459095
      12.0000000        0.2494715
      13.0000000        0.2521777
      14.0000000        0.2546837
      15.0000000        0.2564962
      16.0000000        0.2570993
       1.0000000        0.0418567
       2.0000000        0.1164920
       3.0000000        0.1696596
       4.0000000        0.1997180
       5.0000000        0.2167630
       6.0000000        0.2252934
       7.0000000        0.2291412
       8.0000000        0.2327355
       9.0000000        0.2372273
      10.0000000        0.2417756
      11.0000000        0.2470399
      12.0000000        0.2528004
      13.0000000        0.2578959
      14.0000000        0.2614021
      15.0000000        0.2629282
      16.0000000        0.2632433
       1.0000000        0.0406771
       2.0000000        0.1138041
       3.0000000        0.1661034
       4.0000000        0.1957252
       5.0000000        0.2125186
       6.0000000        0.2208763
       7.0000000        0.2254790
       8.0000000        0.2306716
       9.0000000        0.2374202
      10.0000000        0.2442022
      11.0000000        0.2499221
      12.0000000        0.2540130
      13.0000000        0.2567166
      14.0000000        0.2593483
      15.0000000        0.2622161
      16.0000000        0.2635763
       1.0000000        0.0402403
       2.0000000        0.1121470
       3.0000000        0.1624623
       4.0000000        0.1900758
       5.0000000        0.2060402
       6.0000000        0.2146936
       7.0000000        0.2203392
       8.0000000        0.2277649
       9.0000000        0.2375585
      10.0000000        0.2467660
      11.0000000        0.2526228
      12.0000000        0.2553970
      13.0000000        0.2579484
      14.0000000        0.2609017
      15.0000000        0.2621411
      16.0000000        0.2621201
       1.0000000        0.0394096
       2.0000000        0.1083991
       3.0000000        0.1549344
       4.0000000        0.1801992
       5.0000000        0.1966197
       6.0000000        0.2080486
       7.0000000        0.2171393
       8.0000000        0.2269002
       9.0000000        0.2368907
      10.0000000        0.2447528
      11.0000000        0.2499012
      12.0000000        0.2540745
      13.0000000        0.2587936
      14.0000000        0.2626724
      15.0000000        0.2637150
      16.0000000        0.2634556
       1.0000000        0.0379541
       2.0000000        0.1040267
       3.0000000        0.1490408
       4.0000000        0.1760101
       5.0000000        0.1973064
       6.0000000        0.2141131
       7.0000000        0.2256933
       8.0000000        0.2343002
       9.0000000        0.2420319
      10.0000000        0.2485320
      11.0000000        0.2532094
      12.0000000        0.2572688
      13.0000000        0.2618570
      14.0000000        0.2668643
      15.0000000        0.2711158
      16.0000000        0.2728297
       1.0000000        0.0383498
       2.0000000        0.1066909
       3.0000000        0.1560560
       4.0000000        0.1875036
       5.0000000        0.2113811
       6.0000000        0.2296030
       7.0000000        0.2418988
       8.0000000        0.2499360
       9.0000000        0.2564633
      10.0000000        0.2623125
      11.0000000        0.2676959
      12.0000000        0.2733877
      13.0000000        0.2797472
      14.0000000        0.2864262
      15.0000000        0.2919511
      16.0000000        0.2941762
       1.0000000        0.0416424
       2.0000000        0.1167789
       3.0000000        0.1717824
       4.0000000        0.2065435
       5.0000000        0.2316775
       6.0000000        0.2501605
       7.0000000        0.2638422
       8.0000000        0.2742071
       9.0000000        0.2817745
      10.0000000        0.2880679
      11.0000000        0.2939409
      12.0000000        0.2997864
      13.0000000        0.3061056
      14.0000000        0.3120386
      15.0000000        0.3159651
      16.0000000        0.3172151
       1.0000000        0.0423526
       2.0000000        0.1208095
       3.0000000        0.1806746
       4.0000000        0.2185433
       5.0000000        0.2448563
       6.0000000        0.2636913
       7.0000000        0.2776543
       8.0000000        0.2893928
       9.0000000        0.2988836
      10.0000000        0.3054938
      11.0000000        0.3112974
      12.0000000        0.3188032
      13.0000000        0.3267571
      14.0000000        0.3324130
      15.0000000        0.3349892
      16.0000000        0.3355855
       1.0000000        0.0427923
       2.0000000        0.1219791
       3.0000000        0.1831236
       4.0000000        0.2216785
       5.0000000        0.2473558
       6.0000000        0.2655857
       7.0000000        0.2801962
       8.0000000        0.2941110
       9.0000000        0.3066568
      10.0000000        0.3158191
      11.0000000        0.3227105
      12.0000000        0.3290133
      13.0000000        0.3340987
      14.0000000        0.3376715
      15.0000000        0.3401326
      16.0000000        0.3410008
       1.0000000        0.0421449
       2.0000000        0.1193807
       3.0000000        0.1771199
       4.0000000        0.2130836
       5.0000000        0.2387868
       6.0000000        0.2590885
       7.0000000        0.2760342
       8.0000000        0.2911228
       9.0000000        0.3038934
      10.0000000        0.3138946
      11.0000000        0.3227423
      12.0000000        0.3312340
      13.0000000        0.3382055
      14.0000000        0.3431057
      15.0000000        0.3460768
      16.0000000        0.3470852
       1.0000000        0.0408817
       2.0000000        0.1144629
       3.0000000        0.1687613
       4.0000000        0.2040305
       5.0000000        0.2316512
       6.0000000        0.2549355
       7.0000000        0.2739810
       8.0000000        0.2897539
       9.0000000        0.3041871
      10.0000000        0.3171163
      11.0000000        0.3273994
      12.0000000        0.3357680
      13.0000000        0.3441673
      14.0000000        0.3525176
      15.0000000        0.3582230
      16.0000000        0.3600444
       1.0000000        0.0420741
       2.0000000        0.1165889
       3.0000000        0.1699226
       4.0000000        0.2046297
       5.0000000        0.2333117
       6.0000000        0.2585763
       7.0000000        0.2807685
       8.0000000        0.3000323
       9.0000000        0.3159999
      10.0000000        0.3299737
      11.0000000        0.3429002
      12.0000000        0.3543909
      13.0000000        0.3641110
      14.0000000        0.3719106
      15.0000000        0.3772231
      16.0000000        0.3792026
       1.0000000        0.0429605
       2.0000000        0.1193735
       3.0000000        0.1750532
       4.0000000        0.2116162
       5.0000000        0.2421148
       6.0000000        0.2698253
       7.0000000        0.2947936
       8.0000000        0.3170086
       9.0000000        0.3362748
      10.0000000        0.3522328
      11.0000000        0.3657277
      12.0000000        0.3777089
      13.0000000        0.3872611
      14.0000000        0.3933901
      15.0000000        0.3966945
      16.0000000        0.3977820
       1.0000000        0.0434088
       2.0000000        0.1217672
       3.0000000        0.1804339
       4.0000000        0.2200165
       5.0000000        0.2519279
       6.0000000        0.2790482
       7.0000000        0.3027690
       8.0000000        0.3246173
       9.0000000        0.3448083
      10.0000000        0.3629636
      11.0000000        0.3786284
      12.0000000        0.3900532
      13.0000000        0.3963374
      14.0000000        0.3993790
      15.0000000        0.4007828
      16.0000000        0.4011292
       1.0000000        0.0429689
       2.0000000        0.1209041
       3.0000000        0.1790207
       4.0000000        0.2164032
       5.0000000        0.2454055
       6.0000000        0.2707281
       7.0000000        0.2948007
       8.0000000        0.3180736
       9.0000000        0.3383271
      10.0000000        0.3557405
      11.0000000        0.3710224
      12.0000000        0.3821909
      13.0000000        0.3888460
      14.0000000        0.3934607
      15.0000000        0.3973940
      16.0000000        0.3991740
       1.0000000        0.0421338
       2.0000000        0.1185669
       3.0000000        0.1743754
       4.0000000        0.2092100
       5.0000000        0.2371473
       6.0000000        0.2621731
       7.0000000        0.2846057
       8.0000000        0.3055242
       9.0000000        0.3255438
      10.0000000        0.3440620
      11.0000000        0.3595258
      12.0000000        0.3706955
      13.0000000        0.3785210
      14.0000000        0.3846092
      15.0000000        0.3892328
      16.0000000        0.3910597
       1.0000000        0.0408246
       2.0000000        0.1160227
       3.0000000        0.1734118
       4.0000000        0.2106963
       5.0000000        0.2388074
       6.0000000        0.2610944
       7.0000000        0.2792356
       8.0000000        0.2962266
       9.0000000        0.3132927
      10.0000000        0.3293638
      11.0000000        0.3436918
      12.0000000        0.3560042
      13.0000000        0.3651894
      14.0000000        0.3709776
      15.0000000        0.3748045
      16.0000000        0.3764101
       1.0000000        0.0419980
       2.0000000        0.1194988
       3.0000000        0.1779903
       4.0000000        0.2145731
       5.0000000        0.2405068
       6.0000000        0.2596104
       7.0000000        0.2741764
       8.0000000        0.2877237
       9.0000000        0.3020678
      10.0000000        0.3166156
      11.0000000        0.3299414
      12.0000000        0.3412349
      13.0000000        0.3499443
      14.0000000        0.3555943
      15.0000000        0.3587824
      16.0000000        0.3598920
       1.0000000        0.0448973
       2.0000000        0.1261582
       3.0000000        0.1833473
       4.0000000        0.2148771
       5.0000000        0.2368524
       6.0000000        0.2541297
       7.0000000        0.2664705
       8.0000000        0.2772841
       9.0000000        0.2905694
      10.0000000        0.3059708
      11.0000000        0.3197359
      12.0000000        0.3300167
      13.0000000        0.3369092
      14.0000000        0.3397269
      15.0000000        0.3388451
      16.0000000        0.3377529
       1.0000000        0.0439141
       2.0000000        0.1224124
       3.0000000        0.1765045
       4.0000000        0.2064128
       5.0000000        0.2276991
       6.0000000        0.2439525
       7.0000000        0.2556473
       8.0000000        0.2671967
       9.0000000        0.2813159
      10.0000000        0.2955014
      11.0000000        0.3071428
      12.0000000        0.3149416
      13.0000000        0.3180095
      14.0000000        0.3171387
      15.0000000        0.3150008
      16.0000000        0.3140193
       1.0000000        0.0410667
       2.0000000        0.1139551
       3.0000000        0.1641465
       4.0000000        0.1926689
       5.0000000        0.2142814
       6.0000000        0.2317793
       7.0000000        0.2450463
       8.0000000        0.2574179
       9.0000000        0.2698597
      10.0000000        0.2802275
      11.0000000        0.2880484
      12.0000000        0.2933950
      13.0000000        0.2956836
      14.0000000        0.2952085
      15.0000000        0.2934710
      16.0000000        0.2924989
       1.0000000        0.0395335
       2.0000000        0.1090506
       3.0000000        0.1565276
       4.0000000        0.1847686
       5.0000000        0.2071678
       6.0000000        0.2246661
       7.0000000        0.2365725
       8.0000000        0.2470779
       9.0000000        0.2581643
      10.0000000        0.2674714
      11.0000000        0.2731302
      12.0000000        0.2758230
      13.0000000        0.2777015
      14.0000000        0.2782562
      15.0000000        0.2766788
      16.0000000        0.2754767
       1.0000000        0.0405705
       2.0000000        0.1105347
       3.0000000        0.1576069
       4.0000000        0.1858348
       5.0000000        0.2076246
       6.0000000        0.2227631
       7.0000000        0.2314013
       8.0000000        0.2390554
       9.0000000        0.2490844
      10.0000000        0.2596783
      11.0000000        0.2672304
      12.0000000        0.2713590
      13.0000000        0.2723936
      14.0000000        0.2704133
      15.0000000        0.2672578
      16.0000000        0.2657527
       1.0000000        0.0405350
       2.0000000        0.1122652
       3.0000000        0.1621358
       4.0000000        0.1902349
       5.0000000        0.2089102
       6.0000000        0.2220746
       7.0000000        0.2310620
       8.0000000        0.2385669
       9.0000000        0.2466117
      10.0000000        0.2553382
      11.0000000        0.2629758
      12.0000000        0.2672957
      13.0000000        0.2677341
      14.0000000        0.2660248
      15.0000000        0.2642773
      16.0000000        0.2635200
       1.0000000        0.0404776
       2.0000000        0.1130082
       3.0000000        0.1640264
       4.0000000        0.1919897
       5.0000000        0.2096822
       6.0000000        0.2233083
       7.0000000        0.2340580
       8.0000000        0.2423982
       9.0000000        0.2484094
      10.0000000        0.2518101
      11.0000000        0.2541997
      12.0000000        0.2570468
      13.0000000        0.2589490
      14.0000000        0.2590608
      15.0000000        0.2592483
      16.0000000        0.2596554
       1.0000000        0.0395227
       2.0000000        0.1095834
       3.0000000        0.1591545
       4.0000000        0.1880399
       5.0000000        0.2068430
       6.0000000        0.2197185
       7.0000000        0.2296891
       8.0000000        0.2387146
       9.0000000        0.2454640
      10.0000000        0.2484509
      11.0000000        0.2487238
      12.0000000        0.2483266
      13.0000000        0.2475424
      14.0000000        0.2456445
      15.0000000        0.2436706
      16.0000000        0.2429280
       1.0000000        0.0392574
       2.0000000        0.1087923
       3.0000000        0.1575096
       4.0000000        0.1850594
       5.0000000        0.2020915
       6.0000000        0.2136175
       7.0000000        0.2230150
       8.0000000        0.2317881
       9.0000000        0.2393253
      10.0000000        0.2440953
      11.0000000        0.2459957
      12.0000000        0.2461859
      13.0000000        0.2447827
      14.0000000        0.2418158
      15.0000000        0.2386169
      16.0000000        0.2372409
       1.0000000        0.0391472
       2.0000000        0.1079372
       3.0000000        0.1545041
       4.0000000        0.1791671
       5.0000000        0.1940947
       6.0000000        0.2043336
       7.0000000        0.2122016
       8.0000000        0.2194755
       9.0000000        0.2267540
      10.0000000        0.2330995
      11.0000000        0.2373648
      12.0000000        0.2397442
      13.0000000        0.2407041
      14.0000000        0.2406496
      15.0000000        0.2409074
      16.0000000        0.2412520
       1.0000000        0.0371911
       2.0000000        0.1030958
       3.0000000        0.1484782
       4.0000000        0.1728781
       5.0000000        0.1875993
       6.0000000        0.1967788
       7.0000000        0.2024837
       8.0000000        0.2080720
       9.0000000        0.2153831
      10.0000000        0.2240084
      11.0000000        0.2313898
      12.0000000        0.2353505
      13.0000000        0.2364194
      14.0000000        0.2362239
      15.0000000        0.2353624
      16.0000000        0.2347924
       1.0000000        0.0374217
       2.0000000        0.1037564
       3.0000000        0.1497375
       4.0000000        0.1739764
       5.0000000        0.1870320
       6.0000000        0.1950329
       7.0000000        0.2015066
       8.0000000        0.2082872
       9.0000000        0.2159732
      10.0000000        0.2232417
      11.0000000        0.2292045
      12.0000000        0.2342760
      13.0000000        0.2376540
      14.0000000        0.2372673
      15.0000000        0.2339076
      16.0000000        0.2319255
       1.0000000        0.0383196
       2.0000000        0.1068441
       3.0000000        0.1543159
       4.0000000        0.1786591
       5.0000000        0.1917135
       6.0000000        0.1997790
       7.0000000        0.2060106
       8.0000000        0.2126263
       9.0000000        0.2201933
      10.0000000        0.2281583
      11.0000000        0.2354892
      12.0000000        0.2409122
      13.0000000        0.2434491
      14.0000000        0.2430794
      15.0000000        0.2410121
      16.0000000        0.2398180
       1.0000000        0.0392462
       2.0000000        0.1101916
       3.0000000        0.1587943
       4.0000000        0.1820195
       5.0000000        0.1939929
       6.0000000        0.2022651
       7.0000000        0.2097430
       8.0000000        0.2178501
       9.0000000        0.2263947
      10.0000000        0.2344036
      11.0000000        0.2410837
      12.0000000        0.2463338
      13.0000000        0.2499317
      14.0000000        0.2508052
      15.0000000        0.2494084
      16.0000000        0.2483846
       1.0000000        0.0387057
       2.0000000        0.1083072
       3.0000000        0.1555400
       4.0000000        0.1782473
       5.0000000        0.1905245
       6.0000000        0.2000353
       7.0000000        0.2094013
       8.0000000        0.2185090
       9.0000000        0.2254597
      10.0000000        0.2302276
      11.0000000        0.2354246
      12.0000000        0.2417683
      13.0000000        0.2468873
      14.0000000        0.2492821
      15.0000000        0.2495807
      16.0000000        0.2493601
       1.0000000        0.0374857
       2.0000000        0.1042597
       3.0000000        0.1499981
       4.0000000        0.1735689
       5.0000000        0.1876154
       6.0000000        0.1976439
       7.0000000        0.2055321
       8.0000000        0.2126822
       9.0000000        0.2189064
      10.0000000        0.2237822
      11.0000000        0.2281207
      12.0000000        0.2328197
      13.0000000        0.2375944
      14.0000000        0.2419759
      15.0000000        0.2456281
      16.0000000        0.2471714
       1.0000000        0.0366484
       2.0000000        0.1016315
       3.0000000        0.1466839
       4.0000000        0.1724365
       5.0000000        0.1897180
       6.0000000        0.2007300
       7.0000000        0.2070677
       8.0000000        0.2121361
       9.0000000        0.2169751
      10.0000000        0.2208196
      11.0000000        0.2238690
      12.0000000        0.2272789
      13.0000000        0.2316701
      14.0000000        0.2368028
      15.0000000        0.2412656
      16.0000000        0.2430680
       1.0000000        0.0352879
       2.0000000        0.0992628
       3.0000000        0.1455909
       4.0000000        0.1724531
       5.0000000        0.1900463
       6.0000000        0.2031905
       7.0000000        0.2131279
       8.0000000        0.2204840
       9.0000000        0.2254485
      10.0000000        0.2288298
      11.0000000        0.2322169
      12.0000000        0.2358925
      13.0000000        0.2387548
      14.0000000        0.2408913
      15.0000000        0.2432679
      16.0000000        0.2445435
       1.0000000        0.0333710
       2.0000000        0.0942920
       3.0000000        0.1393639
       4.0000000        0.1661093
       5.0000000        0.1835157
       6.0000000        0.1963931
       7.0000000        0.2066627
       8.0000000        0.2163023
       9.0000000        0.2247249
      10.0000000        0.2301385
      11.0000000        0.2328436
      12.0000000        0.2345046
      13.0000000        0.2362299
      14.0000000        0.2381935
      15.0000000        0.2399952
      16.0000000        0.2407953
       1.0000000        0.0327392
       2.0000000        0.0922704
       3.0000000        0.1356879
       4.0000000        0.1610233
       5.0000000        0.1778151
       6.0000000        0.1904686
       7.0000000        0.2010127
       8.0000000        0.2116768
       9.0000000        0.2221812
      10.0000000        0.2299429
      11.0000000        0.2337485
      12.0000000        0.2353200
      13.0000000        0.2365443
      14.0000000        0.2382508
      15.0000000        0.2401963
      16.0000000        0.2411742
       1.0000000        0.0329354
       2.0000000        0.0921076
       3.0000000        0.1341482
       4.0000000        0.1585296
       5.0000000        0.1755279
       6.0000000        0.1885794
       7.0000000        0.1989142
       8.0000000        0.2088760
       9.0000000        0.2189907
      10.0000000        0.2276784
      11.0000000        0.2333778
      12.0000000        0.2358966
      13.0000000        0.2365273
      14.0000000        0.2371582
      15.0000000        0.2384879
      16.0000000        0.2392751
       1.0000000        0.0335696
       2.0000000        0.0947421
       3.0000000        0.1390008
       4.0000000        0.1638303
       5.0000000        0.1793143
       6.0000000        0.1910036
       7.0000000        0.2010750
       8.0000000        0.2108520
       9.0000000        0.2204214
      10.0000000        0.2284314
      11.0000000        0.2331017
      12.0000000        0.2344410
      13.0000000        0.2346778
      14.0000000        0.2359067
      15.0000000        0.2379813
      16.0000000        0.2390588
       1.0000000        0.0337839
       2.0000000        0.0952634
       3.0000000        0.1390134
       4.0000000        0.1631655
       5.0000000        0.1796635
       6.0000000        0.1936967
       7.0000000        0.2054963
       8.0000000        0.2152856
       9.0000000        0.2235260
      10.0000000        0.2290090
      11.0000000        0.2306709
      12.0000000        0.2305703
      13.0000000        0.2319404
      14.0000000        0.2353350
      15.0000000        0.2390158
      16.0000000        0.2406572
       1.0000000        0.0330355
       2.0000000        0.0932641
       3.0000000        0.1371379
       4.0000000        0.1630315
       5.0000000        0.1802114
       6.0000000        0.1923930
       7.0000000        0.2019638
       8.0000000        0.2108113
       9.0000000        0.2180725
      10.0000000        0.2218682
      11.0000000        0.2231692
      12.0000000        0.2248559
      13.0000000        0.2280668
      14.0000000        0.2321951
      15.0000000        0.2356772
      16.0000000        0.2370155
       1.0000000        0.0329546
       2.0000000        0.0926040
       3.0000000        0.1358450
       4.0000000        0.1609834
       5.0000000        0.1770082
       6.0000000        0.1877866
       7.0000000        0.1956707
       8.0000000        0.2025581
       9.0000000        0.2077493
      10.0000000        0.2103628
      11.0000000        0.2120681
      12.0000000        0.2154020
      13.0000000        0.2208137
      14.0000000        0.2262134
      15.0000000        0.2298349
      16.0000000        0.2310874
       1.0000000        0.0344296
       2.0000000        0.0965896
       3.0000000        0.1394770
       4.0000000        0.1619539
       5.0000000        0.1765308
       6.0000000        0.1877224
       7.0000000        0.1954201
       8.0000000        0.1998028
       9.0000000        0.2017163
      10.0000000        0.2033578
      11.0000000        0.2071140
      12.0000000        0.2120099
      13.0000000        0.2155921
      14.0000000        0.2176351
      15.0000000        0.2191152
      16.0000000        0.2198614
       1.0000000        0.0355973
       2.0000000        0.0989278
       3.0000000        0.1412529
       4.0000000        0.1624884
       5.0000000        0.1762686
       6.0000000        0.1866372
       7.0000000        0.1926355
       8.0000000        0.1955102
       9.0000000        0.1971483
      10.0000000        0.1987369
      11.0000000        0.2015282
      12.0000000        0.2051887
      13.0000000        0.2076955
      14.0000000        0.2094331
      15.0000000        0.2112508
      16.0000000        0.2120761
       1.0000000        0.0359695
       2.0000000        0.0996424
       3.0000000        0.1424997
       4.0000000        0.1637065
       5.0000000        0.1764544
       6.0000000        0.1855508
       7.0000000        0.1915327
       8.0000000        0.1971297
       9.0000000        0.2029201
      10.0000000        0.2069810
      11.0000000        0.2087662
      12.0000000        0.2093565
      13.0000000        0.2094507
      14.0000000        0.2096712
      15.0000000        0.2102561
      16.0000000        0.2104914
       1.0000000        0.0368007
       2.0000000        0.1019635
       3.0000000        0.1449438
       4.0000000        0.1654102
       5.0000000        0.1778072
       6.0000000        0.1878251
       7.0000000        0.1960277
       8.0000000        0.2038376
       9.0000000        0.2108090
      10.0000000        0.2148035
      11.0000000        0.2166040
      12.0000000        0.2184154
      13.0000000        0.2201171
      14.0000000        0.2207898
      15.0000000        0.2209802
      16.0000000        0.2211363
       1.0000000        0.0375394
       2.0000000        0.1037581
       3.0000000        0.1468387
       4.0000000        0.1677571
       5.0000000        0.1810162
       6.0000000        0.1905605
       7.0000000        0.1978987
       8.0000000        0.2055611
       9.0000000        0.2126956
      10.0000000        0.2182938
      11.0000000        0.2230037
      12.0000000        0.2271258
      13.0000000        0.2298207
      14.0000000        0.2316393
      15.0000000        0.2341028
      16.0000000        0.2356118
       1.0000000        0.0377995
       2.0000000        0.1041754
       3.0000000        0.1471831
       4.0000000        0.1689019
       5.0000000        0.1841621
       6.0000000        0.1960449
       7.0000000        0.2041783
       8.0000000        0.2106962
       9.0000000        0.2174052
      10.0000000        0.2241490
      11.0000000        0.2297686
      12.0000000        0.2333000
      13.0000000        0.2350947
      14.0000000        0.2369493
      15.0000000        0.2397535
      16.0000000        0.2413251
       1.0000000        0.0392761
       2.0000000        0.1059667
       3.0000000        0.1475421
       4.0000000        0.1696647
       5.0000000        0.1859975
       6.0000000        0.1975748
       7.0000000        0.2063260
       8.0000000        0.2157636
       9.0000000        0.2240439
      10.0000000        0.2287852
      11.0000000        0.2317970
      12.0000000        0.2347341
      13.0000000        0.2376728
      14.0000000        0.2409070
      15.0000000        0.2442920
      16.0000000        0.2459809
       1.0000000        0.0405140
       2.0000000        0.1077424
       3.0000000        0.1489200
       4.0000000        0.1702451
       5.0000000        0.1852524
       6.0000000        0.1980395
       7.0000000        0.2100022
       8.0000000        0.2212823
       9.0000000        0.2297347
      10.0000000        0.2334755
      11.0000000        0.2345105
      12.0000000        0.2365416
      13.0000000        0.2404426
      14.0000000        0.2442692
      15.0000000        0.2462007
      16.0000000        0.2465476
       1.0000000        0.0401009
       2.0000000        0.1071410
       3.0000000        0.1488723
       4.0000000        0.1713258
       5.0000000        0.1883133
       6.0000000        0.2022418
       7.0000000        0.2125646
       8.0000000        0.2211214
       9.0000000        0.2283146
      10.0000000        0.2334297
      11.0000000        0.2371321
      12.0000000        0.2406895
      13.0000000        0.2436116
      14.0000000        0.2442412
      15.0000000        0.2428933
      16.0000000        0.2419617
       1.0000000        0.0399799
       2.0000000        0.1085522
       3.0000000        0.1530965
       4.0000000        0.1774982
       5.0000000        0.1951687
       6.0000000        0.2072370
       7.0000000        0.2144876
       8.0000000        0.2219011
       9.0000000        0.2308173
      10.0000000        0.2382038
      11.0000000        0.2428143
      12.0000000        0.2460169
      13.0000000        0.2478881
      14.0000000        0.2479981
      15.0000000        0.2476971
      16.0000000        0.2477506
       1.0000000        0.0393438
       2.0000000        0.1082807
       3.0000000        0.1549873
       4.0000000        0.1810959
       5.0000000        0.1986200
       6.0000000        0.2096333
       7.0000000        0.2152052
       8.0000000        0.2191686
       9.0000000        0.2241640
      10.0000000        0.2300610
      11.0000000        0.2366991
      12.0000000        0.2432318
      13.0000000        0.2477221
      14.0000000        0.2493204
      15.0000000        0.2489276
      16.0000000        0.2485049
       1.0000000        0.0395374
       2.0000000        0.1090775
       3.0000000        0.1558104
       4.0000000        0.1804089
       5.0000000        0.1956369
       6.0000000        0.2048519
       7.0000000        0.2092843
       8.0000000        0.2123277
       9.0000000        0.2166663
      10.0000000        0.2226645
      11.0000000        0.2294969
      12.0000000        0.2353526
      13.0000000        0.2393091
      14.0000000        0.2417918
      15.0000000        0.2434150
      16.0000000        0.2441140
       1.0000000        0.0391705
       2.0000000        0.1081324
       3.0000000        0.1542583
       4.0000000        0.1766559
       5.0000000        0.1878408
       6.0000000        0.1941743
       7.0000000        0.2003809
       8.0000000        0.2078912
       9.0000000        0.2144957
      10.0000000        0.2209460
      11.0000000        0.2292036
      12.0000000        0.2369862
      13.0000000        0.2414185
      14.0000000        0.2430303
      15.0000000        0.2438091
      16.0000000        0.2441801
       1.0000000        0.0382547
       2.0000000        0.1063226
       3.0000000        0.1512419
       4.0000000        0.1716439
       5.0000000        0.1816692
       6.0000000        0.1890928
       7.0000000        0.1969656
       8.0000000        0.2047471
       9.0000000        0.2118815
      10.0000000        0.2198204
      11.0000000        0.2293528
      12.0000000        0.2384762
      13.0000000        0.2445912
      14.0000000        0.2468119
      15.0000000        0.2466056
      16.0000000        0.2461762
       1.0000000        0.0391381
       2.0000000        0.1060783
       3.0000000        0.1472853
       4.0000000        0.1662061
       5.0000000        0.1779598
       6.0000000        0.1874490
       7.0000000        0.1963112
       8.0000000        0.2051036
       9.0000000        0.2126846
      10.0000000        0.2195671
      11.0000000        0.2283998
      12.0000000        0.2386805
      13.0000000        0.2469476
      14.0000000        0.2518447
      15.0000000        0.2541063
      16.0000000        0.2547130
       1.0000000        0.0395057
       2.0000000        0.1046950
       3.0000000        0.1444979
       4.0000000        0.1659986
       5.0000000        0.1815845
       6.0000000        0.1932380
       7.0000000        0.2022424
       8.0000000        0.2103389
       9.0000000        0.2170672
      10.0000000        0.2227948
      11.0000000        0.2301705
      12.0000000        0.2390721
      13.0000000        0.2466077
      14.0000000        0.2518364
      15.0000000        0.2551468
      16.0000000        0.2562906
       1.0000000        0.0375650
       2.0000000        0.1012842
       3.0000000        0.1427357
       4.0000000        0.1677019
       5.0000000        0.1869932
       6.0000000        0.2010085
       7.0000000        0.2107525
       8.0000000        0.2191343
       9.0000000        0.2261795
      10.0000000        0.2313854
      11.0000000        0.2363112
      12.0000000        0.2423612
      13.0000000        0.2487028
      14.0000000        0.2535723
      15.0000000        0.2561778
      16.0000000        0.2569933
       1.0000000        0.0376519
       2.0000000        0.1038329
       3.0000000        0.1497283
       4.0000000        0.1770498
       5.0000000        0.1964629
       6.0000000        0.2112145
       7.0000000        0.2236385
       8.0000000        0.2355323
       9.0000000        0.2442138
      10.0000000        0.2480747
      11.0000000        0.2508087
      12.0000000        0.2550957
      13.0000000        0.2594755
      14.0000000        0.2636062
      15.0000000        0.2681254
      16.0000000        0.2704027
       1.0000000        0.0379719
       2.0000000        0.1069684
       3.0000000        0.1573351
       4.0000000        0.1873593
       5.0000000        0.2088595
       6.0000000        0.2264981
       7.0000000        0.2415902
       8.0000000        0.2544335
       9.0000000        0.2631178
      10.0000000        0.2675162
      11.0000000        0.2696191
      12.0000000        0.2708749
      13.0000000        0.2729124
      14.0000000        0.2768724
      15.0000000        0.2813315
      16.0000000        0.2833135
       1.0000000        0.0381253
       2.0000000        0.1092318
       3.0000000        0.1634494
       4.0000000        0.1970958
       5.0000000        0.2217723
       6.0000000        0.2416921
       7.0000000        0.2570713
       8.0000000        0.2684105
       9.0000000        0.2761789
      10.0000000        0.2811462
      11.0000000        0.2839200
      12.0000000        0.2851938
      13.0000000        0.2867665
      14.0000000        0.2897985
      15.0000000        0.2932940
      16.0000000        0.2948585
       1.0000000        0.0373411
       2.0000000        0.1069132
       3.0000000        0.1603015
       4.0000000        0.1952552
       5.0000000        0.2221554
       6.0000000        0.2432275
       7.0000000        0.2583408
       8.0000000        0.2695338
       9.0000000        0.2781555
      10.0000000        0.2847444
      11.0000000        0.2903934
      12.0000000        0.2954189
      13.0000000        0.2991300
      14.0000000        0.3016897
      15.0000000        0.3037762
      16.0000000        0.3047522
       1.0000000        0.0366358
       2.0000000        0.1047782
       3.0000000        0.1570942
       4.0000000        0.1909590
       5.0000000        0.2164976
       6.0000000        0.2376509
       7.0000000        0.2557898
       8.0000000        0.2711688
       9.0000000        0.2817310
      10.0000000        0.2872508
      11.0000000        0.2907505
      12.0000000        0.2945120
      13.0000000        0.2987448
      14.0000000        0.3025594
      15.0000000        0.3050069
      16.0000000        0.3058212
       1.0000000        0.0383846
       2.0000000        0.1087840
       3.0000000        0.1613636
       4.0000000        0.1949846
       5.0000000        0.2213445
       6.0000000        0.2433923
       7.0000000        0.2605887
       8.0000000        0.2738741
       9.0000000        0.2841904
      10.0000000        0.2915902
      11.0000000        0.2960098
      12.0000000        0.2986165
      13.0000000        0.3008783
      14.0000000        0.3027695
      15.0000000        0.3039498
      16.0000000        0.3042943
       1.0000000        0.0387267
       2.0000000        0.1100183
       3.0000000        0.1645595
       4.0000000        0.2002558
       5.0000000        0.2263815
       6.0000000        0.2465315
       7.0000000        0.2626025
       8.0000000        0.2755344
       9.0000000        0.2854279
      10.0000000        0.2926970
      11.0000000        0.2970328
      12.0000000        0.2988438
      13.0000000        0.2991831
      14.0000000        0.2992403
      15.0000000        0.3002241
      16.0000000        0.3010548
       1.0000000        0.0402772
       2.0000000        0.1135888
       3.0000000        0.1686308
       4.0000000        0.2042466
       5.0000000        0.2313237
       6.0000000        0.2522922
       7.0000000        0.2674632
       8.0000000        0.2786000
       9.0000000        0.2861392
      10.0000000        0.2901717
      11.0000000        0.2924532
      12.0000000        0.2939141
      13.0000000        0.2948067
      14.0000000        0.2956462
      15.0000000        0.2963856
      16.0000000        0.2966654
       1.0000000        0.0420691
       2.0000000        0.1179612
       3.0000000        0.1743910
       4.0000000        0.2108900
       5.0000000        0.2383654
       6.0000000        0.2589867
       7.0000000        0.2724141
       8.0000000        0.2799648
       9.0000000        0.2827184
      10.0000000        0.2818828
      11.0000000        0.2805766
      12.0000000        0.2815871
      13.0000000        0.2846713
      14.0000000        0.2879450
      15.0000000        0.2895823
      16.0000000        0.2897957
       1.0000000        0.0428053
       2.0000000        0.1192777
       3.0000000        0.1750030
       4.0000000        0.2103111
       5.0000000        0.2364013
       6.0000000        0.2552514
       7.0000000        0.2668558
       8.0000000        0.2732939
       9.0000000        0.2763931
      10.0000000        0.2776804
      11.0000000        0.2783831
      12.0000000        0.2788051
      13.0000000        0.2790749
      14.0000000        0.2788782
      15.0000000        0.2779472
      16.0000000        0.2773973
       1.0000000        0.0412002
       2.0000000        0.1151311
       3.0000000        0.1701251
       4.0000000        0.2062524
       5.0000000        0.2323822
       6.0000000        0.2507479
       7.0000000        0.2626938
       8.0000000        0.2694285
       9.0000000        0.2716637
      10.0000000        0.2720647
      11.0000000        0.2727169
      12.0000000        0.2729261
      13.0000000        0.2725848
      14.0000000        0.2720733
      15.0000000        0.2720351
      16.0000000        0.2723131
       1.0000000        0.0412048
       2.0000000        0.1148427
       3.0000000        0.1690075
       4.0000000        0.2039352
       5.0000000        0.2294572
       6.0000000        0.2468492
       7.0000000        0.2563280
       8.0000000        0.2600690
       9.0000000        0.2605608
      10.0000000        0.2608965
      11.0000000        0.2629389
      12.0000000        0.2664026
      13.0000000        0.2694836
      14.0000000        0.2709194
      15.0000000        0.2712194
      16.0000000        0.2712081
       1.0000000        0.0417072
       2.0000000        0.1158864
       3.0000000        0.1696392
       4.0000000        0.2032535
       5.0000000        0.2265700
       6.0000000        0.2406755
       7.0000000        0.2461409
       8.0000000        0.2476722
       9.0000000        0.2490774
      10.0000000        0.2513188
      11.0000000        0.2547573
      12.0000000        0.2591056
      13.0000000        0.2625177
      14.0000000        0.2628035
      15.0000000        0.2608844
      16.0000000        0.2598222
       1.0000000        0.0405104
       2.0000000        0.1135113
       3.0000000        0.1666645
       4.0000000        0.1990993
       5.0000000        0.2210404
       6.0000000        0.2332320
       7.0000000        0.2364237
       8.0000000        0.2369404
       9.0000000        0.2391317
      10.0000000        0.2428041
      11.0000000        0.2469767
      12.0000000        0.2514544
      13.0000000        0.2551798
      14.0000000        0.2561862
      15.0000000        0.2545078
      16.0000000        0.2532454
       1.0000000        0.0392901
       2.0000000        0.1107815
       3.0000000        0.1625139
       4.0000000        0.1924994
       5.0000000        0.2124569
       6.0000000        0.2259320
       7.0000000        0.2337039
       8.0000000        0.2380888
       9.0000000        0.2403232
      10.0000000        0.2418536
      11.0000000        0.2452675
      12.0000000        0.2504179
      13.0000000        0.2550165
      14.0000000        0.2582302
      15.0000000        0.2602178
      16.0000000        0.2609192
       1.0000000        0.0388865
       2.0000000        0.1101243
       3.0000000        0.1621625
       4.0000000        0.1924129
       5.0000000        0.2124209
       6.0000000        0.2266458
       7.0000000        0.2357589
       8.0000000        0.2401889
       9.0000000        0.2418935
      10.0000000        0.2450979
      11.0000000        0.2517554
      12.0000000        0.2589436
      13.0000000        0.2643312
      14.0000000        0.2682944
      15.0000000        0.2706257
      16.0000000        0.2712723
       1.0000000        0.0392346
       2.0000000        0.1114361
       3.0000000        0.1653658
       4.0000000        0.1973515
       5.0000000        0.2168803
       6.0000000        0.2282007
       7.0000000        0.2342094
       8.0000000        0.2386619
       9.0000000        0.2443108
      10.0000000        0.2524786
      11.0000000        0.2619273
      12.0000000        0.2699755
      13.0000000        0.2765429
      14.0000000        0.2830134
      15.0000000        0.2883381
      16.0000000        0.2903554
       1.0000000        0.0414372
       2.0000000        0.1171555
       3.0000000        0.1726589
       4.0000000        0.2039106
       5.0000000        0.2216836
       6.0000000        0.2314862
       7.0000000        0.2370312
       8.0000000        0.2425857
       9.0000000        0.2507180
      10.0000000        0.2614156
      11.0000000        0.2718763
      12.0000000        0.2806226
      13.0000000        0.2890558
      14.0000000        0.2977952
      15.0000000        0.3048291
      16.0000000        0.3075500
       1.0000000        0.0410906
       2.0000000        0.1161438
       3.0000000        0.1709754
       4.0000000        0.2029520
       5.0000000        0.2230557
       6.0000000        0.2351346
       7.0000000        0.2418553
       8.0000000        0.2465860
       9.0000000        0.2514905
      10.0000000        0.2580110
      11.0000000        0.2671497
      12.0000000        0.2782822
      13.0000000        0.2886729
      14.0000000        0.2964647
      15.0000000        0.3013098
      16.0000000        0.3029984
       1.0000000        0.0401939
       2.0000000        0.1140068
       3.0000000        0.1685209
       4.0000000        0.2000952
       5.0000000        0.2200829
       6.0000000        0.2334606
       7.0000000        0.2423526
       8.0000000        0.2487995
       9.0000000        0.2531475
      10.0000000        0.2560812
      11.0000000        0.2619311
      12.0000000        0.2727931
      13.0000000        0.2843871
      14.0000000        0.2924167
      15.0000000        0.2969939
      16.0000000        0.2986989
       1.0000000        0.0385026
       2.0000000        0.1093750
       3.0000000        0.1615258
       4.0000000        0.1908214
       5.0000000        0.2091782
       6.0000000        0.2230178
       7.0000000        0.2337055
       8.0000000        0.2415659
       9.0000000        0.2465159
      10.0000000        0.2500637
      11.0000000        0.2554308
      12.0000000        0.2638291
      13.0000000        0.2733862
      14.0000000        0.2814176
      15.0000000        0.2864110
      16.0000000        0.2880719
       1.0000000        0.0374766
       2.0000000        0.1056423
       3.0000000        0.1542722
       4.0000000        0.1807170
       5.0000000        0.1971901
       6.0000000        0.2099563
       7.0000000        0.2204318
       8.0000000        0.2289027
       9.0000000        0.2355451
      10.0000000        0.2409253
      11.0000000        0.2464382
      12.0000000        0.2519590
      13.0000000        0.2560614
      14.0000000        0.2587543
      15.0000000        0.2608993
      16.0000000        0.2619258
       1.0000000        0.0363120
       2.0000000        0.1007888
       3.0000000        0.1443973
       4.0000000        0.1671726
       5.0000000        0.1824324
       6.0000000        0.1953610
       7.0000000        0.2066427
       8.0000000        0.2167400
       9.0000000        0.2251475
      10.0000000        0.2310919
      11.0000000        0.2349835
      12.0000000        0.2373894
      13.0000000        0.2380856
      14.0000000        0.2377161
      15.0000000        0.2375322
      16.0000000        0.2375860
       1.0000000        0.0348014
       2.0000000        0.0955428
       3.0000000        0.1356801
       4.0000000        0.1568254
       5.0000000        0.1716789
       6.0000000        0.1853218
       7.0000000        0.1988447
       8.0000000        0.2104143
       9.0000000        0.2185796
      10.0000000        0.2233888
      11.0000000        0.2254401
      12.0000000        0.2266388
      13.0000000        0.2285569
      14.0000000        0.2299981
      15.0000000        0.2295503
      16.0000000        0.2288328
       1.0000000        0.0346412
       2.0000000        0.0950454
       3.0000000        0.1352951
       4.0000000        0.1577682
       5.0000000        0.1753832
       6.0000000        0.1918007
       7.0000000        0.2051890
       8.0000000        0.2138825
       9.0000000        0.2198129
      10.0000000        0.2249166
      11.0000000        0.2282700
      12.0000000        0.2299535
      13.0000000        0.2322383
      14.0000000        0.2353644
      15.0000000        0.2374232
      16.0000000        0.2379552
       1.0000000        0.0354353
       2.0000000        0.0983278
       3.0000000        0.1420462
       4.0000000        0.1681032
       5.0000000        0.1887604
       6.0000000        0.2064094
       7.0000000        0.2193199
       8.0000000        0.2278965
       9.0000000        0.2334107
      10.0000000        0.2365943
      11.0000000        0.2386867
      12.0000000        0.2411701
      13.0000000        0.2444248
      14.0000000        0.2476380
      15.0000000        0.2497228
      16.0000000        0.2504074
       1.0000000        0.0359555
       2.0000000        0.1007386
       3.0000000        0.1481987
       4.0000000        0.1789333
       5.0000000        0.2035069
       6.0000000        0.2228864
       7.0000000        0.2360989
       8.0000000        0.2452340
       9.0000000        0.2507527
      10.0000000        0.2529765
      11.0000000        0.2547128
      12.0000000        0.2571200
      13.0000000        0.2595387
      14.0000000        0.2625074
      15.0000000        0.2659636
      16.0000000        0.2676364
       1.0000000        0.0364059
       2.0000000        0.1040084
       3.0000000        0.1566733
       4.0000000        0.1926722
       5.0000000        0.2208507
       6.0000000        0.2421458
       7.0000000        0.2565815
       8.0000000        0.2660675
       9.0000000        0.2709203
      10.0000000        0.2722794
      11.0000000        0.2731317
      12.0000000        0.2748131
      13.0000000        0.2768512
      14.0000000        0.2790950
      15.0000000        0.2810959
      16.0000000        0.2818906
       1.0000000        0.0356246
       2.0000000        0.1033335
       3.0000000        0.1593163
       4.0000000        0.2000355
       5.0000000        0.2316357
       6.0000000        0.2550265
       7.0000000        0.2705952
       8.0000000        0.2794037
       9.0000000        0.2826830
      10.0000000        0.2830629
      11.0000000        0.2835830
      12.0000000        0.2855913
      13.0000000        0.2886740
      14.0000000        0.2917558
      15.0000000        0.2941470
      16.0000000        0.2951344
       1.0000000        0.0359425
       2.0000000        0.1044189
       3.0000000        0.1611205
       4.0000000        0.2024668
       5.0000000        0.2343078
       6.0000000        0.2566308
       7.0000000        0.2705407
       8.0000000        0.2797419
       9.0000000        0.2859320
      10.0000000        0.2899801
      11.0000000        0.2928321
      12.0000000        0.2945138
      13.0000000        0.2958791
      14.0000000        0.2981290
      15.0000000        0.3005011
      16.0000000        0.3015120
       1.0000000        0.0348869
       2.0000000        0.1016567
       3.0000000        0.1565798
       4.0000000        0.1951279
       5.0000000        0.2241923
       6.0000000        0.2459845
       7.0000000        0.2617605
       8.0000000        0.2743436
       9.0000000        0.2849216
      10.0000000        0.2925767
      11.0000000        0.2962832
      12.0000000        0.2969736
      13.0000000        0.2967467
      14.0000000        0.2965315
      15.0000000        0.2961392
      16.0000000        0.2959051
       1.0000000        0.0350799
       2.0000000        0.1008950
       3.0000000        0.1537773
       4.0000000        0.1915127
       5.0000000        0.2213670
       6.0000000        0.2448607
       7.0000000        0.2626066
       8.0000000        0.2758893
       9.0000000        0.2853595
      10.0000000        0.2917506
      11.0000000        0.2953277
      12.0000000        0.2962565
      13.0000000        0.2953396
      14.0000000        0.2935942
      15.0000000        0.2915471
      16.0000000        0.2904562
       1.0000000        0.0351466
       2.0000000        0.1008517
       3.0000000        0.1544612
       4.0000000        0.1939516
       5.0000000        0.2249945
       6.0000000        0.2480705
       7.0000000        0.2645727
       8.0000000        0.2768956
       9.0000000        0.2853264
      10.0000000        0.2903876
      11.0000000        0.2927433
      12.0000000        0.2923166
      13.0000000        0.2904672
      14.0000000        0.2889032
      15.0000000        0.2879453
      16.0000000        0.2875499
       1.0000000        0.0348326
       2.0000000        0.1014501
       3.0000000        0.1571790
       4.0000000        0.1981016
       5.0000000        0.2301979
       6.0000000        0.2544081
       7.0000000        0.2710353
       8.0000000        0.2812110
       9.0000000        0.2861132
      10.0000000        0.2878035
      11.0000000        0.2868620
      12.0000000        0.2839153
      13.0000000        0.2812093
      14.0000000        0.2798649
      15.0000000        0.2787672
      16.0000000        0.2780363
       1.0000000        0.0347171
       2.0000000        0.1028784
       3.0000000        0.1613239
       4.0000000        0.2040105
       5.0000000        0.2368083
       6.0000000        0.2607479
       7.0000000        0.2762398
       8.0000000        0.2852921
       9.0000000        0.2889260
      10.0000000        0.2881773
      11.0000000        0.2846219
      12.0000000        0.2794787
      13.0000000        0.2742054
      14.0000000        0.2696446
      15.0000000        0.2659018
      16.0000000        0.2643074
       1.0000000        0.0361566
       2.0000000        0.1064021
       3.0000000        0.1655127
       4.0000000        0.2082000
       5.0000000        0.2406779
       6.0000000        0.2637509
       7.0000000        0.2786573
       8.0000000        0.2879866
       9.0000000        0.2918185
      10.0000000        0.2905081
      11.0000000        0.2863006
      12.0000000        0.2811288
      13.0000000        0.2764485
      14.0000000        0.2731304
      15.0000000        0.2708355
      16.0000000        0.2698579
       1.0000000        0.0373467
       2.0000000        0.1082886
       3.0000000        0.1664836
       4.0000000        0.2078555
       5.0000000        0.2387881
       6.0000000        0.2607132
       7.0000000        0.2757243
       8.0000000        0.2853740
       9.0000000        0.2888222
      10.0000000        0.2873303
      11.0000000        0.2839355
      12.0000000        0.2804011
      13.0000000        0.2770063
      14.0000000        0.2737699
      15.0000000        0.2714409
      16.0000000        0.2706395
       1.0000000        0.0367467
       2.0000000        0.1066529
       3.0000000        0.1635695
       4.0000000        0.2032183
       5.0000000        0.2325452
       6.0000000        0.2531086
       7.0000000        0.2665497
       8.0000000        0.2754790
       9.0000000        0.2806934
      10.0000000        0.2832170
      11.0000000        0.2842876
      12.0000000        0.2839348
      13.0000000        0.2817085
      14.0000000        0.2778910
      15.0000000        0.2742438
      16.0000000        0.2728310
       1.0000000        0.0353612
       2.0000000        0.1029988
       3.0000000        0.1573819
       4.0000000        0.1940867
       5.0000000        0.2221093
       6.0000000        0.2441032
       7.0000000        0.2595998
       8.0000000        0.2688066
       9.0000000        0.2727439
      10.0000000        0.2739979
      11.0000000        0.2745126
      12.0000000        0.2743017
      13.0000000        0.2733779
      14.0000000        0.2718586
      15.0000000        0.2697514
      16.0000000        0.2686286
       1.0000000        0.0348165
       2.0000000        0.1020616
       3.0000000        0.1566415
       4.0000000        0.1930352
       5.0000000        0.2195376
       6.0000000        0.2391487
       7.0000000        0.2526442
       8.0000000        0.2613856
       9.0000000        0.2656870
      10.0000000        0.2657124
      11.0000000        0.2632070
      12.0000000        0.2606336
      13.0000000        0.2591631
      14.0000000        0.2580798
      15.0000000        0.2566468
      16.0000000        0.2558466
       1.0000000        0.0350987
       2.0000000        0.1035104
       3.0000000        0.1594107
       4.0000000        0.1950427
       5.0000000        0.2182873
       6.0000000        0.2349758
       7.0000000        0.2475006
       8.0000000        0.2560886
       9.0000000        0.2606822
      10.0000000        0.2616918
      11.0000000        0.2593154
      12.0000000        0.2542888
      13.0000000        0.2493224
      14.0000000        0.2470428
      15.0000000        0.2467734
      16.0000000        0.2468204
       1.0000000        0.0352207
       2.0000000        0.1023585
       3.0000000        0.1549766
       4.0000000        0.1879271
       5.0000000        0.2105960
       6.0000000        0.2274352
       7.0000000        0.2393824
       8.0000000        0.2469605
       9.0000000        0.2508635
      10.0000000        0.2521082
      11.0000000        0.2513638
      12.0000000        0.2488518
      13.0000000        0.2453249
      14.0000000        0.2414315
      15.0000000        0.2376037
      16.0000000        0.2358143
       1.0000000        0.0363548
       2.0000000        0.1033875
       3.0000000        0.1541003
       4.0000000        0.1875308
       5.0000000        0.2129712
       6.0000000        0.2306412
       7.0000000        0.2407413
       8.0000000        0.2469010
       9.0000000        0.2516707
      10.0000000        0.2551805
      11.0000000        0.2560815
      12.0000000        0.2533112
      13.0000000        0.2484272
      14.0000000        0.2433641
      15.0000000        0.2386806
      16.0000000        0.2365069
       1.0000000        0.0385454
       2.0000000        0.1081545
       3.0000000        0.1603721
       4.0000000        0.1953844
       5.0000000        0.2210263
       6.0000000        0.2375220
       7.0000000        0.2469736
       8.0000000        0.2539541
       9.0000000        0.2603263
      10.0000000        0.2649086
      11.0000000        0.2659450
      12.0000000        0.2634003
      13.0000000        0.2598290
      14.0000000        0.2568095
      15.0000000        0.2537236
      16.0000000        0.2520036
       1.0000000        0.0405090
       2.0000000        0.1139244
       3.0000000        0.1681315
       4.0000000        0.2017936
       5.0000000        0.2246550
       6.0000000        0.2403963
       7.0000000        0.2521229
       8.0000000        0.2626984
       9.0000000        0.2713311
      10.0000000        0.2759457
      11.0000000        0.2764026
      12.0000000        0.2745919
      13.0000000        0.2724299
      14.0000000        0.2700002
      15.0000000        0.2670029
      16.0000000        0.2654442
       1.0000000        0.0425541
       2.0000000        0.1187398
       3.0000000        0.1728311
       4.0000000        0.2045033
       5.0000000        0.2270360
       6.0000000        0.2459664
       7.0000000        0.2619290
       8.0000000        0.2746589
       9.0000000        0.2839031
      10.0000000        0.2894856
      11.0000000        0.2916343
      12.0000000        0.2913704
      13.0000000        0.2890882
      14.0000000        0.2848917
      15.0000000        0.2803844
      16.0000000        0.2783075
       1.0000000        0.0435801
       2.0000000        0.1206138
       3.0000000        0.1746143
       4.0000000        0.2070376
       5.0000000        0.2310874
       6.0000000        0.2512696
       7.0000000        0.2689143
       8.0000000        0.2834747
       9.0000000        0.2928614
      10.0000000        0.2973724
      11.0000000        0.3001849
      12.0000000        0.3027834
      13.0000000        0.3023745
      14.0000000        0.2976680
      15.0000000        0.2922909
      16.0000000        0.2900820
       1.0000000        0.0436237
       2.0000000        0.1203901
       3.0000000        0.1745513
       4.0000000        0.2088167
       5.0000000        0.2352384
       6.0000000        0.2556443
       7.0000000        0.2717762
       8.0000000        0.2844023
       9.0000000        0.2919205
      10.0000000        0.2954199
      11.0000000        0.2980211
      12.0000000        0.3008807
      13.0000000        0.3021879
      14.0000000        0.3005586
      15.0000000        0.2976856
      16.0000000        0.2963935
       1.0000000        0.0447689
       2.0000000        0.1230569
       3.0000000        0.1792184
       4.0000000        0.2157968
       5.0000000        0.2412321
       6.0000000        0.2591972
       7.0000000        0.2751018
       8.0000000        0.2884036
       9.0000000        0.2957361
      10.0000000        0.2983476
      11.0000000        0.2988811
      12.0000000        0.2979401
      13.0000000        0.2961092
      14.0000000        0.2950872
      15.0000000        0.2952179
      16.0000000        0.2954222
       1.0000000        0.0476597
       2.0000000        0.1331099
       3.0000000        0.1960000
       4.0000000        0.2341475
       5.0000000        0.2591073
       6.0000000        0.2783749
       7.0000000        0.2942623
       8.0000000        0.3048794
       9.0000000        0.3094418
      10.0000000        0.3098847
      11.0000000        0.3086540
      12.0000000        0.3069416
      13.0000000        0.3060819
      14.0000000        0.3071624
      15.0000000        0.3094595
      16.0000000        0.3107034
       1.0000000        0.0496128
       2.0000000        0.1390830
       3.0000000        0.2056825
       4.0000000        0.2479812
       5.0000000        0.2774645
       6.0000000        0.2992889
       7.0000000        0.3157272
       8.0000000        0.3259324
       9.0000000        0.3276798
      10.0000000        0.3239124
      11.0000000        0.3201624
      12.0000000        0.3180450
      13.0000000        0.3171017
      14.0000000        0.3178089
      15.0000000        0.3196279
      16.0000000        0.3206126
       1.0000000        0.0499450
       2.0000000        0.1401829
       3.0000000        0.2076837
       4.0000000        0.2517740
       5.0000000        0.2847357
       6.0000000        0.3105370
       7.0000000        0.3287854
       8.0000000        0.3385463
       9.0000000        0.3392194
      10.0000000        0.3340006
      11.0000000        0.3277832
      12.0000000        0.3225123
      13.0000000        0.3184648
      14.0000000        0.3160427
      15.0000000        0.3151226
      16.0000000        0.3149815
       1.0000000        0.0493473
       2.0000000        0.1386311
       3.0000000        0.2065736
       4.0000000        0.2522344
       5.0000000        0.2871491
       6.0000000        0.3146382
       7.0000000        0.3331804
       8.0000000        0.3410985
       9.0000000        0.3400463
      10.0000000        0.3336987
      11.0000000        0.3258585
      12.0000000        0.3193473
      13.0000000        0.3149617
      14.0000000        0.3113262
      15.0000000        0.3076480
      16.0000000        0.3059020
       1.0000000        0.0490620
       2.0000000        0.1389905
       3.0000000        0.2085704
       4.0000000        0.2557534
       5.0000000        0.2908241
       6.0000000        0.3159144
       7.0000000        0.3320756
       8.0000000        0.3401597
       9.0000000        0.3400868
      10.0000000        0.3338191
      11.0000000        0.3253173
      12.0000000        0.3183700
      13.0000000        0.3137940
      14.0000000        0.3096924
      15.0000000        0.3050165
      16.0000000        0.3026792
       1.0000000        0.0476225
       2.0000000        0.1364389
       3.0000000        0.2063005
       4.0000000        0.2538700
       5.0000000        0.2893410
       6.0000000        0.3137905
       7.0000000        0.3276007
       8.0000000        0.3340126
       9.0000000        0.3348371
      10.0000000        0.3312139
      11.0000000        0.3252509
      12.0000000        0.3188160
      13.0000000        0.3117207
      14.0000000        0.3035334
      15.0000000        0.2960033
      16.0000000        0.2927796
       1.0000000        0.0484039
       2.0000000        0.1374300
       3.0000000        0.2070143
       4.0000000        0.2537324
       5.0000000        0.2859509
       6.0000000        0.3069075
       7.0000000        0.3193471
       8.0000000        0.3250753
       9.0000000        0.3249091
      10.0000000        0.3212521
      11.0000000        0.3164273
      12.0000000        0.3105271
      13.0000000        0.3037399
      14.0000000        0.2967995
      15.0000000        0.2906176
      16.0000000        0.2878594
       1.0000000        0.0486149
       2.0000000        0.1367113
       3.0000000        0.2019878
       4.0000000        0.2423168
       5.0000000        0.2703120
       6.0000000        0.2903494
       7.0000000        0.3030708
       8.0000000        0.3092708
       9.0000000        0.3101273
      10.0000000        0.3078647
      11.0000000        0.3040947
      12.0000000        0.2995918
      13.0000000        0.2943236
      14.0000000        0.2880735
      15.0000000        0.2822049
      16.0000000        0.2797544
       1.0000000        0.0472516
       2.0000000        0.1312096
       3.0000000        0.1916344
       4.0000000        0.2289861
       5.0000000        0.2551040
       6.0000000        0.2730530
       7.0000000        0.2849845
       8.0000000        0.2928497
       9.0000000        0.2969327
      10.0000000        0.2976340
      11.0000000        0.2948822
      12.0000000        0.2878796
      13.0000000        0.2784156
      14.0000000        0.2709292
      15.0000000        0.2668647
      16.0000000        0.2655305
       1.0000000        0.0467508
       2.0000000        0.1293842
       3.0000000        0.1878521
       4.0000000        0.2233675
       5.0000000        0.2481772
       6.0000000        0.2646250
       7.0000000        0.2738523
       8.0000000        0.2789850
       9.0000000        0.2824351
      10.0000000        0.2841740
      11.0000000        0.2819223
      12.0000000        0.2745668
      13.0000000        0.2644040
      14.0000000        0.2549922
      15.0000000        0.2482223
      16.0000000        0.2455470
       1.0000000        0.0476461
       2.0000000        0.1314956
       3.0000000        0.1896837
       4.0000000        0.2229759
       5.0000000        0.2455405
       6.0000000        0.2601583
       7.0000000        0.2680788
       8.0000000        0.2726035
       9.0000000        0.2746786
      10.0000000        0.2742407
      11.0000000        0.2709126
      12.0000000        0.2631513
      13.0000000        0.2520279
      14.0000000        0.2418310
      15.0000000        0.2349674
      16.0000000        0.2324826
       1.0000000        0.0477913
       2.0000000        0.1303852
       3.0000000        0.1868825
       4.0000000        0.2201925
       5.0000000        0.2431575
       6.0000000        0.2576739
       7.0000000        0.2657684
       8.0000000        0.2705028
       9.0000000        0.2716689
      10.0000000        0.2681499
      11.0000000        0.2605221
      12.0000000        0.2498622
      13.0000000        0.2378003
      14.0000000        0.2271279
      15.0000000        0.2191305
      16.0000000        0.2158509
       1.0000000        0.0472786
       2.0000000        0.1293913
       3.0000000        0.1853046
       4.0000000        0.2176389
       5.0000000        0.2403195
       6.0000000        0.2560864
       7.0000000        0.2663951
       8.0000000        0.2723643
       9.0000000        0.2717706
      10.0000000        0.2641228
      11.0000000        0.2514535
      12.0000000        0.2366432
      13.0000000        0.2235251
      14.0000000        0.2147650
      15.0000000        0.2098093
      16.0000000        0.2079820
       1.0000000        0.0464612
       2.0000000        0.1276669
       3.0000000        0.1841750
       4.0000000        0.2178605
       5.0000000        0.2408485
       6.0000000        0.2554928
       7.0000000        0.2633369
       8.0000000        0.2663327
       9.0000000        0.2644813
      10.0000000        0.2572055
      11.0000000        0.2451742
      12.0000000        0.2312564
      13.0000000        0.2198588
      14.0000000        0.2139050
      15.0000000        0.2123518
      16.0000000        0.2122563
       1.0000000        0.0466932
       2.0000000        0.1298191
       3.0000000        0.1881680
       4.0000000        0.2218550
       5.0000000        0.2433282
       6.0000000        0.2557375
       7.0000000        0.2626715
       8.0000000        0.2664873
       9.0000000        0.2651379
      10.0000000        0.2584446
      11.0000000        0.2481255
      12.0000000        0.2361544
      13.0000000        0.2254746
      14.0000000        0.2187268
      15.0000000        0.2154933
      16.0000000        0.2145184
       1.0000000        0.0451030
       2.0000000        0.1256381
       3.0000000        0.1825259
       4.0000000        0.2154447
       5.0000000        0.2373468
       6.0000000        0.2517669
       7.0000000        0.2596576
       8.0000000        0.2622678
       9.0000000        0.2602736
      10.0000000        0.2555779
      11.0000000        0.2488529
      12.0000000        0.2385722
      13.0000000        0.2264454
      14.0000000        0.2172798
      15.0000000        0.2121401
      16.0000000        0.2104276
       1.0000000        0.0440371
       2.0000000        0.1227726
       3.0000000        0.1789021
       4.0000000        0.2117000
       5.0000000        0.2341740
       6.0000000        0.2502088
       7.0000000        0.2590750
       8.0000000        0.2622344
       9.0000000        0.2613399
      10.0000000        0.2576538
      11.0000000        0.2512625
      12.0000000        0.2407777
      13.0000000        0.2285018
      14.0000000        0.2183404
      15.0000000        0.2124985
      16.0000000        0.2108958
       1.0000000        0.0441522
       2.0000000        0.1250224
       3.0000000        0.1846634
       4.0000000        0.2198927
       5.0000000        0.2430607
       6.0000000        0.2586882
       7.0000000        0.2679729
       8.0000000        0.2724718
       9.0000000        0.2717087
      10.0000000        0.2652603
      11.0000000        0.2555216
      12.0000000        0.2455992
      13.0000000        0.2377904
      14.0000000        0.2325169
      15.0000000        0.2291665
      16.0000000        0.2279849
       1.0000000        0.0460691
       2.0000000        0.1302038
       3.0000000        0.1916012
       4.0000000        0.2275210
       5.0000000        0.2510107
       6.0000000        0.2647754
       7.0000000        0.2700860
       8.0000000        0.2710705
       9.0000000        0.2684935
      10.0000000        0.2620722
      11.0000000        0.2540651
      12.0000000        0.2479771
      13.0000000        0.2457723
      14.0000000        0.2454237
      15.0000000        0.2442491
      16.0000000        0.2433774
       1.0000000        0.0458845
       2.0000000        0.1302907
       3.0000000        0.1933939
       4.0000000        0.2325696
       5.0000000        0.2579614
       6.0000000        0.2695526
       7.0000000        0.2712433
       8.0000000        0.2703379
       9.0000000        0.2682869
      10.0000000        0.2648052
      11.0000000        0.2612404
      12.0000000        0.2576863
      13.0000000        0.2527314
      14.0000000        0.2473697
      15.0000000        0.2441658
      16.0000000        0.2433274
       1.0000000        0.0468224
       2.0000000        0.1326592
       3.0000000        0.1959358
       4.0000000        0.2319171
       5.0000000        0.2515585
       6.0000000        0.2611350
       7.0000000        0.2663839
       8.0000000        0.2693436
       9.0000000        0.2685616
      10.0000000        0.2652167
      11.0000000        0.2621642
      12.0000000        0.2600238
      13.0000000        0.2572641
      14.0000000        0.2526915
      15.0000000        0.2477433
      16.0000000        0.2455529
       1.0000000        0.0459470
       2.0000000        0.1301824
       3.0000000        0.1923151
       4.0000000        0.2268889
       5.0000000        0.2461561
       6.0000000        0.2576502
       7.0000000        0.2644136
       8.0000000        0.2671573
       9.0000000        0.2658829
      10.0000000        0.2623834
      11.0000000        0.2600386
      12.0000000        0.2591121
      13.0000000        0.2575061
      14.0000000        0.2550390
      15.0000000        0.2531147
      16.0000000        0.2524872
       1.0000000        0.0451484
       2.0000000        0.1269845
       3.0000000        0.1863613
       4.0000000        0.2208622
       5.0000000        0.2434339
       6.0000000        0.2585067
       7.0000000        0.2662083
       8.0000000        0.2689055
       9.0000000        0.2690080
      10.0000000        0.2669243
      11.0000000        0.2626381
      12.0000000        0.2588722
      13.0000000        0.2584502
      14.0000000        0.2599847
      15.0000000        0.2614123
      16.0000000        0.2619871
       1.0000000        0.0439724
       2.0000000        0.1220413
       3.0000000        0.1768852
       4.0000000        0.2090671
       5.0000000        0.2318987
       6.0000000        0.2478355
       7.0000000        0.2560396
       8.0000000        0.2598845
       9.0000000        0.2615976
      10.0000000        0.2606973
      11.0000000        0.2578155
      12.0000000        0.2558206
      13.0000000        0.2563992
      14.0000000        0.2576368
      15.0000000        0.2581303
      16.0000000        0.2582051
       1.0000000        0.0433498
       2.0000000        0.1197570
       3.0000000        0.1737850
       4.0000000        0.2057453
       5.0000000        0.2273215
       6.0000000        0.2427281
       7.0000000        0.2520524
       8.0000000        0.2568312
       9.0000000        0.2593002
      10.0000000        0.2601700
      11.0000000        0.2596083
      12.0000000        0.2575595
      13.0000000        0.2548714
      14.0000000        0.2522002
      15.0000000        0.2500392
      16.0000000        0.2491827
       1.0000000        0.0436475
       2.0000000        0.1208629
       3.0000000        0.1760303
       4.0000000        0.2081959
       5.0000000        0.2283837
       6.0000000        0.2419219
       7.0000000        0.2524000
       8.0000000        0.2622501
       9.0000000        0.2702425
      10.0000000        0.2740943
      11.0000000        0.2736892
      12.0000000        0.2696666
      13.0000000        0.2635753
      14.0000000        0.2586499
      15.0000000        0.2567507
      16.0000000        0.2565310
       1.0000000        0.0436252
       2.0000000        0.1219868
       3.0000000        0.1791898
       4.0000000        0.2127632
       5.0000000        0.2338272
       6.0000000        0.2492508
       7.0000000        0.2627767
       8.0000000        0.2751970
       9.0000000        0.2836229
      10.0000000        0.2874914
      11.0000000        0.2887101
      12.0000000        0.2877670
      13.0000000        0.2847916
      14.0000000        0.2810086
      15.0000000        0.2777083
      16.0000000        0.2762574
       1.0000000        0.0439491
       2.0000000        0.1226028
       3.0000000        0.1787193
       4.0000000        0.2107561
       5.0000000        0.2307341
       6.0000000        0.2456610
       7.0000000        0.2598412
       8.0000000        0.2720439
       9.0000000        0.2795841
      10.0000000        0.2853903
      11.0000000        0.2921803
      12.0000000        0.2973908
      13.0000000        0.2988743
      14.0000000        0.2971038
      15.0000000        0.2936525
      16.0000000        0.2917756
       1.0000000        0.0438935
       2.0000000        0.1213112
       3.0000000        0.1743285
       4.0000000        0.2033572
       5.0000000        0.2234734
       6.0000000        0.2395416
       7.0000000        0.2517337
       8.0000000        0.2613235
       9.0000000        0.2693353
      10.0000000        0.2764922
      11.0000000        0.2825264
      12.0000000        0.2865276
      13.0000000        0.2886446
      14.0000000        0.2903104
      15.0000000        0.2925465
      16.0000000        0.2937927
       1.0000000        0.0425622
       2.0000000        0.1173620
       3.0000000        0.1691260
       4.0000000        0.1982928
       5.0000000        0.2187914
       6.0000000        0.2348440
       7.0000000        0.2453966
       8.0000000        0.2514395
       9.0000000        0.2569765
      10.0000000        0.2646588
      11.0000000        0.2732025
      12.0000000        0.2801798
      13.0000000        0.2847809
      14.0000000        0.2882294
      15.0000000        0.2913237
      16.0000000        0.2926655
       1.0000000        0.0411071
       2.0000000        0.1132710
       3.0000000        0.1635727
       4.0000000        0.1931619
       5.0000000        0.2136081
       6.0000000        0.2285488
       7.0000000        0.2382917
       8.0000000        0.2444388
       9.0000000        0.2503276
      10.0000000        0.2584065
      11.0000000        0.2670884
      12.0000000        0.2731436
      13.0000000        0.2768762
      14.0000000        0.2803407
      15.0000000        0.2832923
      16.0000000        0.2843667
       1.0000000        0.0389251
       2.0000000        0.1085818
       3.0000000        0.1589742
       4.0000000        0.1885985
       5.0000000        0.2065624
       6.0000000        0.2183173
       7.0000000        0.2283023
       8.0000000        0.2378619
       9.0000000        0.2460602
      10.0000000        0.2537295
      11.0000000        0.2615323
      12.0000000        0.2676765
      13.0000000        0.2701207
      14.0000000        0.2689109
      15.0000000        0.2665303
      16.0000000        0.2654472
       1.0000000        0.0394836
       2.0000000        0.1116201
       3.0000000        0.1648774
       4.0000000        0.1945474
       5.0000000        0.2102753
       6.0000000        0.2193969
       7.0000000        0.2273487
       8.0000000        0.2360906
       9.0000000        0.2447346
      10.0000000        0.2523736
      11.0000000        0.2583731
      12.0000000        0.2624393
      13.0000000        0.2647209
      14.0000000        0.2657099
      15.0000000        0.2656298
      16.0000000        0.2653392
       1.0000000        0.0405699
       2.0000000        0.1139477
       3.0000000        0.1669889
       4.0000000        0.1956681
       5.0000000        0.2104079
       6.0000000        0.2184472
       7.0000000        0.2252270
       8.0000000        0.2321070
       9.0000000        0.2373636
      10.0000000        0.2404799
      11.0000000        0.2427944
      12.0000000        0.2462285
      13.0000000        0.2506588
      14.0000000        0.2541040
      15.0000000        0.2552628
      16.0000000        0.2552503
       1.0000000        0.0398689
       2.0000000        0.1121653
       3.0000000        0.1642687
       4.0000000        0.1929655
       5.0000000        0.2088948
       6.0000000        0.2179729
       7.0000000        0.2244422
       8.0000000        0.2297479
       9.0000000        0.2332092
      10.0000000        0.2343060
      11.0000000        0.2342526
      12.0000000        0.2349717
      13.0000000        0.2375024
      14.0000000        0.2413727
      15.0000000        0.2445630
      16.0000000        0.2456721
       1.0000000        0.0390432
       2.0000000        0.1094198
       3.0000000        0.1586796
       4.0000000        0.1840095
       5.0000000        0.1984518
       6.0000000        0.2094944
       7.0000000        0.2184365
       8.0000000        0.2242396
       9.0000000        0.2275572
      10.0000000        0.2286305
      11.0000000        0.2275737
      12.0000000        0.2264715
      13.0000000        0.2277832
      14.0000000        0.2317879
      15.0000000        0.2357491
      16.0000000        0.2371918
       1.0000000        0.0371829
       2.0000000        0.1041656
       3.0000000        0.1504664
       4.0000000        0.1739662
       5.0000000        0.1884832
       6.0000000        0.2007409
       7.0000000        0.2112138
       8.0000000        0.2191581
       9.0000000        0.2237707
      10.0000000        0.2251036
      11.0000000        0.2242445
      12.0000000        0.2227108
      13.0000000        0.2228431
      14.0000000        0.2254103
      15.0000000        0.2278080
      16.0000000        0.2285088
       1.0000000        0.0366783
       2.0000000        0.1015168
       3.0000000        0.1465441
       4.0000000        0.1716485
       5.0000000        0.1875746
       6.0000000        0.1985803
       7.0000000        0.2065637
       8.0000000        0.2127358
       9.0000000        0.2165530
      10.0000000        0.2180834
      11.0000000        0.2187453
      12.0000000        0.2190444
      13.0000000        0.2186922
      14.0000000        0.2187744
      15.0000000        0.2193340
      16.0000000        0.2195662
       1.0000000        0.0354207
       2.0000000        0.0989623
       3.0000000        0.1439161
       4.0000000        0.1702907
       5.0000000        0.1881322
       6.0000000        0.1998807
       7.0000000        0.2074227
       8.0000000        0.2134619
       9.0000000        0.2184045
      10.0000000        0.2215231
      11.0000000        0.2220992
      12.0000000        0.2201103
      13.0000000        0.2170170
      14.0000000        0.2153306
      15.0000000        0.2159230
      16.0000000        0.2166936
       1.0000000        0.0349518
       2.0000000        0.0975726
       3.0000000        0.1416638
       4.0000000        0.1673393
       5.0000000        0.1854140
       6.0000000        0.1989188
       7.0000000        0.2086724
       8.0000000        0.2161744
       9.0000000        0.2219971
      10.0000000        0.2255302
      11.0000000        0.2260464
      12.0000000        0.2240236
      13.0000000        0.2214757
      14.0000000        0.2195996
      15.0000000        0.2180870
      16.0000000        0.2173570
       1.0000000        0.0351558
       2.0000000        0.0975098
       3.0000000        0.1405449
       4.0000000        0.1656233
       5.0000000        0.1845287
       6.0000000        0.2003943
       7.0000000        0.2131981
       8.0000000        0.2229281
       9.0000000        0.2295629
      10.0000000        0.2327538
      11.0000000        0.2335822
      12.0000000        0.2342804
      13.0000000        0.2353555
      14.0000000        0.2353162
      15.0000000        0.2337458
      16.0000000        0.2327343
       1.0000000        0.0353441
       2.0000000        0.0977642
       3.0000000        0.1418377
       4.0000000        0.1696018
       5.0000000        0.1908576
       6.0000000        0.2072807
       7.0000000        0.2195243
       8.0000000        0.2293754
       9.0000000        0.2376506
      10.0000000        0.2439951
      11.0000000        0.2480172
      12.0000000        0.2504123
      13.0000000        0.2520624
      14.0000000        0.2530891
      15.0000000        0.2538682
      16.0000000        0.2542522
       1.0000000        0.0338817
       2.0000000        0.0952462
       3.0000000        0.1407005
       4.0000000        0.1689706
       5.0000000        0.1889904
       6.0000000        0.2046720
       7.0000000        0.2169707
       8.0000000        0.2269909
       9.0000000        0.2354785
      10.0000000        0.2425320
      11.0000000        0.2490779
      12.0000000        0.2557728
      13.0000000        0.2614730
      14.0000000        0.2654281
      15.0000000        0.2677641
      16.0000000        0.2685109
       1.0000000        0.0332966
       2.0000000        0.0942039
       3.0000000        0.1391189
       4.0000000        0.1661457
       5.0000000        0.1853828
       6.0000000        0.2014104
       7.0000000        0.2156720
       8.0000000        0.2283273
       9.0000000        0.2386683
      10.0000000        0.2470295
      11.0000000        0.2547355
      12.0000000        0.2630675
      13.0000000        0.2714870
      14.0000000        0.2776719
      15.0000000        0.2802219
      16.0000000        0.2805756
       1.0000000        0.0326803
       2.0000000        0.0928787
       3.0000000        0.1375125
       4.0000000        0.1643491
       5.0000000        0.1842957
       6.0000000        0.2029562
       7.0000000        0.2204097
       8.0000000        0.2356153
       9.0000000        0.2486770
      10.0000000        0.2599071
      11.0000000        0.2693979
      12.0000000        0.2777439
      13.0000000        0.2858000
      14.0000000        0.2937586
      15.0000000        0.3001152
      16.0000000        0.3025104
       1.0000000        0.0335365
       2.0000000        0.0947043
       3.0000000        0.1399836
       4.0000000        0.1687555
       5.0000000        0.1917693
       6.0000000        0.2124453
       7.0000000        0.2300896
       8.0000000        0.2451399
       9.0000000        0.2590196
      10.0000000        0.2719684
      11.0000000        0.2834308
      12.0000000        0.2933022
      13.0000000        0.3024532
      14.0000000        0.3112043
      15.0000000        0.3182370
      16.0000000        0.3210710
       1.0000000        0.0355047
       2.0000000        0.0995858
       3.0000000        0.1466862
       4.0000000        0.1774167
       5.0000000        0.2024031
       6.0000000        0.2239087
       7.0000000        0.2423824
       8.0000000        0.2592963
       9.0000000        0.2740307
      10.0000000        0.2859077
      11.0000000        0.2961825
      12.0000000        0.3061408
      13.0000000        0.3155094
      14.0000000        0.3233283
      15.0000000        0.3288503
      16.0000000        0.3309510
       1.0000000        0.0369544
       2.0000000        0.1024964
       3.0000000        0.1505541
       4.0000000        0.1821556
       5.0000000        0.2067177
       6.0000000        0.2272188
       7.0000000        0.2459454
       8.0000000        0.2637874
       9.0000000        0.2788894
      10.0000000        0.2909398
      11.0000000        0.3016614
      12.0000000        0.3114263
      13.0000000        0.3193420
      14.0000000        0.3251362
      15.0000000        0.3285374
      16.0000000        0.3296072
       1.0000000        0.0370517
       2.0000000        0.1030578
       3.0000000        0.1510833
       4.0000000        0.1815956
       5.0000000        0.2043196
       6.0000000        0.2233596
       7.0000000        0.2412209
       8.0000000        0.2580829
       9.0000000        0.2724727
      10.0000000        0.2839836
      11.0000000        0.2943981
      12.0000000        0.3037331
      13.0000000        0.3100452
      14.0000000        0.3142034
      15.0000000        0.3175748
      16.0000000        0.3190648
       1.0000000        0.0379385
       2.0000000        0.1059270
       3.0000000        0.1546564
       4.0000000        0.1837615
       5.0000000        0.2051454
       6.0000000        0.2235989
       7.0000000        0.2397806
       8.0000000        0.2533741
       9.0000000        0.2636564
      10.0000000        0.2716649
      11.0000000        0.2801020
      12.0000000        0.2893153
      13.0000000        0.2969652
      14.0000000        0.3021680
      15.0000000        0.3055013
      16.0000000        0.3067646
       1.0000000        0.0378108
       2.0000000        0.1047973
       3.0000000        0.1520176
       4.0000000        0.1813239
       5.0000000        0.2038065
       6.0000000        0.2212388
       7.0000000        0.2344304
       8.0000000        0.2450259
       9.0000000        0.2536008
      10.0000000        0.2607136
      11.0000000        0.2680136
      12.0000000        0.2756490
      13.0000000        0.2823593
      14.0000000        0.2874034
      15.0000000        0.2907712
      16.0000000        0.2920074
       1.0000000        0.0356167
       2.0000000        0.0994204
       3.0000000        0.1457234
       4.0000000        0.1755980
       5.0000000        0.1986535
       6.0000000        0.2161794
       7.0000000        0.2283208
       8.0000000        0.2370596
       9.0000000        0.2437911
      10.0000000        0.2497152
      11.0000000        0.2561501
      12.0000000        0.2629462
      13.0000000        0.2695387
      14.0000000        0.2758255
      15.0000000        0.2807608
      16.0000000        0.2826535
       1.0000000        0.0339473
       2.0000000        0.0945285
       3.0000000        0.1396026
       4.0000000        0.1698974
       5.0000000        0.1924845
       6.0000000        0.2092828
       7.0000000        0.2217323
       8.0000000        0.2313367
       9.0000000        0.2386333
      10.0000000        0.2450776
      11.0000000        0.2520339
      12.0000000        0.2590438
      13.0000000        0.2659612
      14.0000000        0.2724035
      15.0000000        0.2764337
      16.0000000        0.2775651
       1.0000000        0.0332594
       2.0000000        0.0929249
       3.0000000        0.1371898
       4.0000000        0.1668383
       5.0000000        0.1901051
       6.0000000        0.2086014
       7.0000000        0.2226992
       8.0000000        0.2335476
       9.0000000        0.2413987
      10.0000000        0.2475384
      11.0000000        0.2540730
      12.0000000        0.2614951
      13.0000000        0.2689506
      14.0000000        0.2745208
      15.0000000        0.2770927
      16.0000000        0.2776480
       1.0000000        0.0337123
       2.0000000        0.0938513
       3.0000000        0.1383036
       4.0000000        0.1686321
       5.0000000        0.1938705
       6.0000000        0.2150165
       7.0000000        0.2304123
       8.0000000        0.2406411
       9.0000000        0.2481500
      10.0000000        0.2549483
      11.0000000        0.2615680
      12.0000000        0.2676759
      13.0000000        0.2722952
      14.0000000        0.2751258
      15.0000000        0.2774985
      16.0000000        0.2787669
       1.0000000        0.0329950
       2.0000000        0.0924497
       3.0000000        0.1370126
       4.0000000        0.1678363
       5.0000000        0.1932467
       6.0000000        0.2133863
       7.0000000        0.2275215
       8.0000000        0.2379242
       9.0000000        0.2469526
      10.0000000        0.2551136
      11.0000000        0.2616697
      12.0000000        0.2666530
      13.0000000        0.2707985
      14.0000000        0.2744834
      15.0000000        0.2775370
      16.0000000        0.2788417
       1.0000000        0.0329896
       2.0000000        0.0936336
       3.0000000        0.1389545
       4.0000000        0.1676089
       5.0000000        0.1891572
       6.0000000        0.2064045
       7.0000000        0.2199990
       8.0000000        0.2316040
       9.0000000        0.2427121
      10.0000000        0.2536030
      11.0000000        0.2629946
      12.0000000        0.2694450
      13.0000000        0.2734374
      14.0000000        0.2768813
      15.0000000        0.2800848
      16.0000000        0.2814471
       1.0000000        0.0323313
       2.0000000        0.0918185
       3.0000000        0.1351948
       4.0000000        0.1612885
       5.0000000        0.1813693
       6.0000000        0.1985587
       7.0000000        0.2118842
       8.0000000        0.2227731
       9.0000000        0.2338169
      10.0000000        0.2455896
      11.0000000        0.2561503
      12.0000000        0.2636108
      13.0000000        0.2681217
      14.0000000        0.2700848
      15.0000000        0.2700935
      16.0000000        0.2697591
       1.0000000        0.0311138
       2.0000000        0.0890866
       3.0000000        0.1333879
       4.0000000        0.1614527
       5.0000000        0.1821214
       6.0000000        0.1990621
       7.0000000        0.2130349
       8.0000000        0.2250651
       9.0000000        0.2362645
      10.0000000        0.2468756
      11.0000000        0.2558976
      12.0000000        0.2616426
      13.0000000        0.2632999
      14.0000000        0.2621717
      15.0000000        0.2606800
      16.0000000        0.2601846
       1.0000000        0.0308787
       2.0000000        0.0882612
       3.0000000        0.1330349
       4.0000000        0.1625539
       5.0000000        0.1838621
       6.0000000        0.2000330
       7.0000000        0.2137728
       8.0000000        0.2272760
       9.0000000        0.2388839
      10.0000000        0.2462080
      11.0000000        0.2493699
      12.0000000        0.2500582
      13.0000000        0.2488742
      14.0000000        0.2464959
      15.0000000        0.2445032
      16.0000000        0.2437820
       1.0000000        0.0309790
       2.0000000        0.0894640
       3.0000000        0.1361779
       4.0000000        0.1674412
       5.0000000        0.1904200
       6.0000000        0.2081237
       7.0000000        0.2222486
       8.0000000        0.2342201
       9.0000000        0.2430485
      10.0000000        0.2473545
      11.0000000        0.2479410
      12.0000000        0.2462454
      13.0000000        0.2429041
      14.0000000        0.2391909
      15.0000000        0.2366756
      16.0000000        0.2358686
       1.0000000        0.0319280
       2.0000000        0.0931406
       3.0000000        0.1430388
       4.0000000        0.1765702
       5.0000000        0.2000048
       6.0000000        0.2168074
       7.0000000        0.2296106
       8.0000000        0.2396564
       9.0000000        0.2461390
      10.0000000        0.2485633
      11.0000000        0.2477259
      12.0000000        0.2447602
      13.0000000        0.2409802
      14.0000000        0.2372472
      15.0000000        0.2341262
      16.0000000        0.2328192
       1.0000000        0.0337963
       2.0000000        0.0980006
       3.0000000        0.1492525
       4.0000000        0.1829781
       5.0000000        0.2064036
       6.0000000        0.2232252
       7.0000000        0.2355575
       8.0000000        0.2443253
       9.0000000        0.2493284
      10.0000000        0.2505056
      11.0000000        0.2492217
      12.0000000        0.2467671
      13.0000000        0.2434374
      14.0000000        0.2393123
      15.0000000        0.2348668
      16.0000000        0.2327280
       1.0000000        0.0364882
       2.0000000        0.1042489
       3.0000000        0.1572081
       4.0000000        0.1923420
       5.0000000        0.2169118
       6.0000000        0.2340879
       7.0000000        0.2462709
       8.0000000        0.2546291
       9.0000000        0.2583843
      10.0000000        0.2575862
      11.0000000        0.2537733
      12.0000000        0.2479235
      13.0000000        0.2412914
      14.0000000        0.2356281
      15.0000000        0.2317769
      16.0000000        0.2304524
       1.0000000        0.0385502
       2.0000000        0.1092109
       3.0000000        0.1625571
       4.0000000        0.1974152
       5.0000000        0.2238217
       6.0000000        0.2435925
       7.0000000        0.2561621
       8.0000000        0.2630292
       9.0000000        0.2654902
      10.0000000        0.2639016
      11.0000000        0.2584583
      12.0000000        0.2503809
      13.0000000        0.2415174
      14.0000000        0.2334903
      15.0000000        0.2276802
      16.0000000        0.2254933
       1.0000000        0.0387944
       2.0000000        0.1092542
       3.0000000        0.1623865
       4.0000000        0.1976591
       5.0000000        0.2243840
       6.0000000        0.2447669
       7.0000000        0.2586795
       8.0000000        0.2663284
       9.0000000        0.2678908
      10.0000000        0.2642958
      11.0000000        0.2569463
      12.0000000        0.2470675
      13.0000000        0.2370313
      14.0000000        0.2283535
      15.0000000        0.2215048
      16.0000000        0.2186726
       1.0000000        0.0380353
       2.0000000        0.1067011
       3.0000000        0.1592509
       4.0000000        0.1960613
       5.0000000        0.2237682
       6.0000000        0.2423857
       7.0000000        0.2533880
       8.0000000        0.2591715
       9.0000000        0.2597950
      10.0000000        0.2556887
      11.0000000        0.2489582
      12.0000000        0.2403354
      13.0000000        0.2308722
      14.0000000        0.2229765
      15.0000000        0.2177595
      16.0000000        0.2157795
       1.0000000        0.0383099
       2.0000000        0.1075596
       3.0000000        0.1610565
       4.0000000        0.1979406
       5.0000000        0.2237859
       6.0000000        0.2399431
       7.0000000        0.2490722
       8.0000000        0.2526728
       9.0000000        0.2506253
      10.0000000        0.2447263
      11.0000000        0.2385243
      12.0000000        0.2336866
      13.0000000        0.2297062
      14.0000000        0.2264967
      15.0000000        0.2240370
      16.0000000        0.2229912
       1.0000000        0.0384068
       2.0000000        0.1078371
       3.0000000        0.1609290
       4.0000000        0.1964097
       5.0000000        0.2206310
       6.0000000        0.2345788
       7.0000000        0.2405108
       8.0000000        0.2416824
       9.0000000        0.2393538
      10.0000000        0.2341676
      11.0000000        0.2288470
      12.0000000        0.2255949
      13.0000000        0.2245699
      14.0000000        0.2250091
      15.0000000        0.2254418
      16.0000000        0.2254535
       1.0000000        0.0388575
       2.0000000        0.1087893
       3.0000000        0.1611677
       4.0000000        0.1956241
       5.0000000        0.2193409
       6.0000000        0.2327006
       7.0000000        0.2372324
       8.0000000        0.2369867
       9.0000000        0.2348894
      10.0000000        0.2318827
      11.0000000        0.2294126
      12.0000000        0.2291074
      13.0000000        0.2308376
      14.0000000        0.2325178
      15.0000000        0.2324414
      16.0000000        0.2319513
       1.0000000        0.0388520
       2.0000000        0.1088739
       3.0000000        0.1606613
       4.0000000        0.1927608
       5.0000000        0.2134950
       6.0000000        0.2250172
       7.0000000        0.2295331
       8.0000000        0.2312538
       9.0000000        0.2325132
      10.0000000        0.2332839
      11.0000000        0.2342588
      12.0000000        0.2353555
      13.0000000        0.2359553
      14.0000000        0.2366467
      15.0000000        0.2374088
      16.0000000        0.2377079
       1.0000000        0.0378587
       2.0000000        0.1050617
       3.0000000        0.1532803
       4.0000000        0.1830508
       5.0000000        0.2036920
       6.0000000        0.2164532
       7.0000000        0.2224827
       8.0000000        0.2256518
       9.0000000        0.2284957
      10.0000000        0.2320487
      11.0000000        0.2356481
      12.0000000        0.2371065
      13.0000000        0.2362143
      14.0000000        0.2347977
      15.0000000        0.2339179
      16.0000000        0.2336554
       1.0000000        0.0360226
       2.0000000        0.0989195
       3.0000000        0.1445327
       4.0000000        0.1750555
       5.0000000        0.1973062
       6.0000000        0.2109845
       7.0000000        0.2185342
       8.0000000        0.2237200
       9.0000000        0.2281327
      10.0000000        0.2327742
      11.0000000        0.2370084
      12.0000000        0.2402210
      13.0000000        0.2420662
      14.0000000        0.2422125
      15.0000000        0.2413937
      16.0000000        0.2408400
       1.0000000        0.0352879
       2.0000000        0.0983493
       3.0000000        0.1465790
       4.0000000        0.1791781
       5.0000000        0.2002486
       6.0000000        0.2115444
       7.0000000        0.2181138
       8.0000000        0.2248200
       9.0000000        0.2321858
      10.0000000        0.2383803
      11.0000000        0.2433846
      12.0000000        0.2477549
      13.0000000        0.2506645
      14.0000000        0.2519985
      15.0000000        0.2524790
      16.0000000        0.2525911
       1.0000000        0.0353318
       2.0000000        0.1006121
       3.0000000        0.1514556
       4.0000000        0.1828100
       5.0000000        0.2009226
       6.0000000        0.2114442
       7.0000000        0.2188323
       8.0000000        0.2262128
       9.0000000        0.2346160
      10.0000000        0.2429837
      11.0000000        0.2501936
      12.0000000        0.2552090
      13.0000000        0.2580124
      14.0000000        0.2600197
      15.0000000        0.2615804
      16.0000000        0.2622536
       1.0000000        0.0343608
       2.0000000        0.0982054
       3.0000000        0.1476711
       4.0000000        0.1783975
       5.0000000        0.1971641
       6.0000000        0.2088666
       7.0000000        0.2168047
       8.0000000        0.2233754
       9.0000000        0.2306035
      10.0000000        0.2390319
      11.0000000        0.2470365
      12.0000000        0.2528007
      13.0000000        0.2561938
      14.0000000        0.2584337
      15.0000000        0.2599935
      16.0000000        0.2605470
       1.0000000        0.0332322
       2.0000000        0.0949472
       3.0000000        0.1437735
       4.0000000        0.1758736
       5.0000000        0.1966643
       6.0000000        0.2091289
       7.0000000        0.2156038
       8.0000000        0.2196085
       9.0000000        0.2242038
      10.0000000        0.2296996
      11.0000000        0.2338615
      12.0000000        0.2360113
      13.0000000        0.2374325
      14.0000000        0.2386880
      15.0000000        0.2398831
      16.0000000        0.2404628
       1.0000000        0.0334426
       2.0000000        0.0963539
       3.0000000        0.1459966
       4.0000000        0.1774023
       5.0000000        0.1966407
       6.0000000        0.2071887
       7.0000000        0.2128170
       8.0000000        0.2172073
       9.0000000        0.2211971
      10.0000000        0.2238208
      11.0000000        0.2244991
      12.0000000        0.2236302
      13.0000000        0.2219944
      14.0000000        0.2207852
      15.0000000        0.2207188
      16.0000000        0.2209596
       1.0000000        0.0334312
       2.0000000        0.0961696
       3.0000000        0.1446533
       4.0000000        0.1745113
       5.0000000        0.1932013
       6.0000000        0.2044331
       7.0000000        0.2103210
       8.0000000        0.2137181
       9.0000000        0.2164504
      10.0000000        0.2188386
      11.0000000        0.2205257
      12.0000000        0.2201577
      13.0000000        0.2169007
      14.0000000        0.2126289
      15.0000000        0.2097832
      16.0000000        0.2089305
       1.0000000        0.0328936
       2.0000000        0.0935925
       3.0000000        0.1398751
       4.0000000        0.1693662
       5.0000000        0.1890208
       6.0000000        0.2008775
       7.0000000        0.2066150
       8.0000000        0.2096748
       9.0000000        0.2130060
      10.0000000        0.2171617
      11.0000000        0.2205285
      12.0000000        0.2210136
      13.0000000        0.2185840
      14.0000000        0.2155214
      15.0000000        0.2134022
      16.0000000        0.2126178
       1.0000000        0.0317123
       2.0000000        0.0904692
       3.0000000        0.1356649
       4.0000000        0.1645166
       5.0000000        0.1842690
       6.0000000        0.1977702
       7.0000000        0.2060346
       8.0000000        0.2112041
       9.0000000        0.2152371
      10.0000000        0.2189508
      11.0000000        0.2225607
      12.0000000        0.2249160
      13.0000000        0.2252716
      14.0000000        0.2245039
      15.0000000        0.2238195
      16.0000000        0.2235923
       1.0000000        0.0318383
       2.0000000        0.0905970
       3.0000000        0.1348822
       4.0000000        0.1624900
       5.0000000        0.1817518
       6.0000000        0.1958531
       7.0000000        0.2061442
       8.0000000        0.2138486
       9.0000000        0.2190637
      10.0000000        0.2229630
      11.0000000        0.2271294
      12.0000000        0.2308676
      13.0000000        0.2326361
      14.0000000        0.2326275
      15.0000000        0.2322357
      16.0000000        0.2320982
       1.0000000        0.0316795
       2.0000000        0.0901069
       3.0000000        0.1343312
       4.0000000        0.1628159
       5.0000000        0.1837933
       6.0000000        0.1995461
       7.0000000        0.2109353
       8.0000000        0.2190482
       9.0000000        0.2244284
      10.0000000        0.2282710
      11.0000000        0.2319334
      12.0000000        0.2352465
      13.0000000        0.2373768
      14.0000000        0.2386854
      15.0000000        0.2396722
      16.0000000        0.2400523
       1.0000000        0.0314707
       2.0000000        0.0910944
       3.0000000        0.1386079
       4.0000000        0.1701244
       5.0000000        0.1925662
       6.0000000        0.2084138
       7.0000000        0.2187285
       8.0000000        0.2261902
       9.0000000        0.2322950
      10.0000000        0.2367826
      11.0000000        0.2398720
      12.0000000        0.2422030
      13.0000000        0.2444708
      14.0000000        0.2470526
      15.0000000        0.2491780
      16.0000000        0.2499572
       1.0000000        0.0310857
       2.0000000        0.0907532
       3.0000000        0.1396410
       4.0000000        0.1732689
       5.0000000        0.1976689
       6.0000000        0.2143335
       7.0000000        0.2238095
       8.0000000        0.2295410
       9.0000000        0.2341624
      10.0000000        0.2383701
      11.0000000        0.2421538
      12.0000000        0.2453511
      13.0000000        0.2479722
      14.0000000        0.2498298
      15.0000000        0.2506992
      16.0000000        0.2508936
       1.0000000        0.0305167
       2.0000000        0.0886116
       3.0000000        0.1354666
       4.0000000        0.1673612
       5.0000000        0.1901532
       6.0000000        0.2055765
       7.0000000        0.2157967
       8.0000000        0.2235324
       9.0000000        0.2288119
      10.0000000        0.2316142
      11.0000000        0.2336110
      12.0000000        0.2357142
      13.0000000        0.2371124
      14.0000000        0.2372596
      15.0000000        0.2368308
      16.0000000        0.2365902
       1.0000000        0.0304634
       2.0000000        0.0874649
       3.0000000        0.1314947
       4.0000000        0.1600037
       5.0000000        0.1806619
       6.0000000        0.1956562
       7.0000000        0.2057254
       8.0000000        0.2130019
       9.0000000        0.2188632
      10.0000000        0.2233779
      11.0000000        0.2265216
      12.0000000        0.2277852
      13.0000000        0.2269027
      14.0000000        0.2243694
      15.0000000        0.2215357
      16.0000000        0.2203135
       1.0000000        0.0304527
       2.0000000        0.0865157
       3.0000000        0.1286129
       4.0000000        0.1559184
       5.0000000        0.1764463
       6.0000000        0.1914338
       7.0000000        0.2015533
       8.0000000        0.2086821
       9.0000000        0.2134180
      10.0000000        0.2157080
      11.0000000        0.2167541
      12.0000000        0.2169195
      13.0000000        0.2156262
      14.0000000        0.2136637
      15.0000000        0.2122440
      16.0000000        0.2117258
       1.0000000        0.0306741
       2.0000000        0.0869453
       3.0000000        0.1286980
       4.0000000        0.1553885
       5.0000000        0.1758717
       6.0000000        0.1918766
       7.0000000        0.2033892
       8.0000000        0.2111489
       9.0000000        0.2156662
      10.0000000        0.2172511
      11.0000000        0.2173016
      12.0000000        0.2171974
      13.0000000        0.2170156
      14.0000000        0.2165547
      15.0000000        0.2161064
      16.0000000        0.2159249
       1.0000000        0.0312543
       2.0000000        0.0893784
       3.0000000        0.1333736
       4.0000000        0.1615444
       5.0000000        0.1836440
       6.0000000        0.2021385
       7.0000000        0.2156226
       8.0000000        0.2242540
       9.0000000        0.2284099
      10.0000000        0.2290948
      11.0000000        0.2285654
      12.0000000        0.2277778
      13.0000000        0.2268136
      14.0000000        0.2264721
      15.0000000        0.2271137
      16.0000000        0.2276119
       1.0000000        0.0328779
       2.0000000        0.0944184
       3.0000000        0.1422831
       4.0000000        0.1737114
       5.0000000        0.1974401
       6.0000000        0.2158394
       7.0000000        0.2285822
       8.0000000        0.2368208
       9.0000000        0.2412326
      10.0000000        0.2422502
      11.0000000        0.2411453
      12.0000000        0.2390228
      13.0000000        0.2364430
      14.0000000        0.2341917
      15.0000000        0.2330979
      16.0000000        0.2328806
       1.0000000        0.0342731
       2.0000000        0.0984257
       3.0000000        0.1466949
       4.0000000        0.1760434
       5.0000000        0.1979430
       6.0000000        0.2154590
       7.0000000        0.2272652
       8.0000000        0.2346672
       9.0000000        0.2394707
      10.0000000        0.2420392
      11.0000000        0.2427294
      12.0000000        0.2417647
      13.0000000        0.2391346
      14.0000000        0.2363005
      15.0000000        0.2349428
      16.0000000        0.2347405
       1.0000000        0.0346030
       2.0000000        0.0982375
       3.0000000        0.1457345
       4.0000000        0.1753541
       5.0000000        0.1963747
       6.0000000        0.2113080
       7.0000000        0.2214331
       8.0000000        0.2291944
       9.0000000        0.2360072
      10.0000000        0.2421235
      11.0000000        0.2470042
      12.0000000        0.2499304
      13.0000000        0.2504172
      14.0000000        0.2488829
      15.0000000        0.2468573
      16.0000000        0.2459554
       1.0000000        0.0339039
       2.0000000        0.0963014
       3.0000000        0.1436134
       4.0000000        0.1739818
       5.0000000        0.1958263
       6.0000000        0.2115633
       7.0000000        0.2229283
       8.0000000        0.2326559
       9.0000000        0.2412519
      10.0000000        0.2482601
      11.0000000        0.2540202
      12.0000000        0.2579461
      13.0000000        0.2593220
      14.0000000        0.2589270
      15.0000000        0.2577955
      16.0000000        0.2571197
       1.0000000        0.0349000
       2.0000000        0.0977153
       3.0000000        0.1433214
       4.0000000        0.1722799
       5.0000000        0.1945345
       6.0000000        0.2115904
       7.0000000        0.2238621
       8.0000000        0.2339404
       9.0000000        0.2431185
      10.0000000        0.2511954
      11.0000000        0.2580689
      12.0000000        0.2631858
      13.0000000        0.2663026
      14.0000000        0.2672545
      15.0000000        0.2663098
      16.0000000        0.2655430
       1.0000000        0.0367562
       2.0000000        0.1018487
       3.0000000        0.1478895
       4.0000000        0.1764166
       5.0000000        0.1973010
       6.0000000        0.2129368
       7.0000000        0.2261815
       8.0000000        0.2389237
       9.0000000        0.2495727
      10.0000000        0.2569417
      11.0000000        0.2616300
      12.0000000        0.2646394
      13.0000000        0.2673446
      14.0000000        0.2700593
      15.0000000        0.2716306
      16.0000000        0.2719399
       1.0000000        0.0387392
       2.0000000        0.1064010
       3.0000000        0.1528165
       4.0000000        0.1800837
       5.0000000        0.1994189
       6.0000000        0.2148536
       7.0000000        0.2285538
       8.0000000        0.2407740
       9.0000000        0.2490664
      10.0000000        0.2526261
      11.0000000        0.2546954
      12.0000000        0.2580523
      13.0000000        0.2620762
      14.0000000        0.2647983
      15.0000000        0.2660423
      16.0000000        0.2664475
       1.0000000        0.0383653
       2.0000000        0.1052462
       3.0000000        0.1512536
       4.0000000        0.1789727
       5.0000000        0.1988744
       6.0000000        0.2132995
       7.0000000        0.2242959
       8.0000000        0.2336649
       9.0000000        0.2404726
      10.0000000        0.2442457
      11.0000000        0.2473654
      12.0000000        0.2510456
      13.0000000        0.2540903
      14.0000000        0.2560358
      15.0000000        0.2565625
      16.0000000        0.2564288
       1.0000000        0.0390717
       2.0000000        0.1051315
       3.0000000        0.1497476
       4.0000000        0.1778642
       5.0000000        0.1977571
       6.0000000        0.2102206
       7.0000000        0.2188375
       8.0000000        0.2276319
       9.0000000        0.2363404
      10.0000000        0.2431969
      11.0000000        0.2477116
      12.0000000        0.2502249
      13.0000000        0.2506089
      14.0000000        0.2500895
      15.0000000        0.2498475
      16.0000000        0.2498710
       1.0000000        0.0391945
       2.0000000        0.1048028
       3.0000000        0.1490127
       4.0000000        0.1771150
       5.0000000        0.1971598
       6.0000000        0.2095542
       7.0000000        0.2177772
       8.0000000        0.2258603
       9.0000000        0.2340515
      10.0000000        0.2410839
      11.0000000        0.2461627
      12.0000000        0.2488871
      13.0000000        0.2505453
      14.0000000        0.2528489
      15.0000000        0.2547298
      16.0000000        0.2551602
       1.0000000        0.0394516
       2.0000000        0.1072774
       3.0000000        0.1540312
       4.0000000        0.1825622
       5.0000000        0.2025928
       6.0000000        0.2161539
       7.0000000        0.2255103
       8.0000000        0.2331142
       9.0000000        0.2389109
      10.0000000        0.2436871
      11.0000000        0.2489918
      12.0000000        0.2540028
      13.0000000        0.2578117
      14.0000000        0.2611822
      15.0000000        0.2643056
      16.0000000        0.2657658
       1.0000000        0.0395346
       2.0000000        0.1086447
       3.0000000        0.1579391
       4.0000000        0.1886933
       5.0000000        0.2094595
       6.0000000        0.2236391
       7.0000000        0.2338486
       8.0000000        0.2412582
       9.0000000        0.2464491
      10.0000000        0.2501017
      11.0000000        0.2536016
      12.0000000        0.2574875
      13.0000000        0.2606215
      14.0000000        0.2635293
      15.0000000        0.2663029
      16.0000000        0.2674445
       1.0000000        0.0399263
       2.0000000        0.1100592
       3.0000000        0.1605675
       4.0000000        0.1925093
       5.0000000        0.2154404
       6.0000000        0.2308790
       7.0000000        0.2385956
       8.0000000        0.2422443
       9.0000000        0.2455581
      10.0000000        0.2486629
      11.0000000        0.2510412
      12.0000000        0.2530427
      13.0000000        0.2553442
      14.0000000        0.2585474
      15.0000000        0.2613777
      16.0000000        0.2624002
       1.0000000        0.0403526
       2.0000000        0.1106849
       3.0000000        0.1594480
       4.0000000        0.1890063
       5.0000000        0.2114049
       6.0000000        0.2271086
       7.0000000        0.2350184
       8.0000000        0.2392321
       9.0000000        0.2428248
      10.0000000        0.2452383
      11.0000000        0.2471717
      12.0000000        0.2499476
      13.0000000        0.2531585
      14.0000000        0.2564895
      15.0000000        0.2599951
      16.0000000        0.2616991
       1.0000000        0.0401688
       2.0000000        0.1112720
       3.0000000        0.1607591
       4.0000000        0.1893427
       5.0000000        0.2088003
       6.0000000        0.2218136
       7.0000000        0.2291264
       8.0000000        0.2329833
       9.0000000        0.2349677
      10.0000000        0.2365482
      11.0000000        0.2397169
      12.0000000        0.2442228
      13.0000000        0.2480421
      14.0000000        0.2508179
      15.0000000        0.2530181
      16.0000000        0.2539383
       1.0000000        0.0401113
       2.0000000        0.1119769
       3.0000000        0.1631872
       4.0000000        0.1925189
       5.0000000        0.2096933
       6.0000000        0.2190089
       7.0000000        0.2246964
       8.0000000        0.2295403
       9.0000000        0.2332699
      10.0000000        0.2357269
      11.0000000        0.2383224
      12.0000000        0.2414273
      13.0000000        0.2448662
      14.0000000        0.2490705
      15.0000000        0.2528883
      16.0000000        0.2543959
       1.0000000        0.0409623
       2.0000000        0.1134123
       3.0000000        0.1639966
       4.0000000        0.1924528
       5.0000000        0.2098382
       6.0000000        0.2207557
       7.0000000        0.2281827
       8.0000000        0.2332334
       9.0000000        0.2361095
      10.0000000        0.2382520
      11.0000000        0.2409754
      12.0000000        0.2443155
      13.0000000        0.2481390
      14.0000000        0.2528593
      15.0000000        0.2574906
      16.0000000        0.2595784
       1.0000000        0.0413051
       2.0000000        0.1137478
       3.0000000        0.1638952
       4.0000000        0.1931150
       5.0000000        0.2123136
       6.0000000        0.2241148
       7.0000000        0.2302902
       8.0000000        0.2333063
       9.0000000        0.2354956
      10.0000000        0.2390367
      11.0000000        0.2443196
      12.0000000        0.2494108
      13.0000000        0.2530102
      14.0000000        0.2559508
      15.0000000        0.2582245
      16.0000000        0.2591041
       1.0000000        0.0414547
       2.0000000        0.1154259
       3.0000000        0.1672683
       4.0000000        0.1962509
       5.0000000        0.2142992
       6.0000000        0.2248216
       7.0000000        0.2302814
       8.0000000        0.2353324
       9.0000000        0.2413326
      10.0000000        0.2463902
      11.0000000        0.2494124
      12.0000000        0.2513648
      13.0000000        0.2539555
      14.0000000        0.2574206
      15.0000000        0.2601206
      16.0000000        0.2610174
       1.0000000        0.0400610
       2.0000000        0.1130044
       3.0000000        0.1651530
       4.0000000        0.1939417
       5.0000000        0.2120152
       6.0000000        0.2239523
       7.0000000        0.2319723
       8.0000000        0.2386777
       9.0000000        0.2442642
      10.0000000        0.2478399
      11.0000000        0.2500983
      12.0000000        0.2529253
      13.0000000        0.2568518
      14.0000000        0.2606051
      15.0000000        0.2632401
      16.0000000        0.2642659
       1.0000000        0.0390191
       2.0000000        0.1114069
       3.0000000        0.1655167
       4.0000000        0.1971928
       5.0000000        0.2174337
       6.0000000        0.2311576
       7.0000000        0.2396152
       8.0000000        0.2456220
       9.0000000        0.2510546
      10.0000000        0.2550490
      11.0000000        0.2572347
      12.0000000        0.2592512
      13.0000000        0.2626081
      14.0000000        0.2663725
      15.0000000        0.2691823
      16.0000000        0.2703194
       1.0000000        0.0388988
       2.0000000        0.1112104
       3.0000000        0.1656436
       4.0000000        0.1976314
       5.0000000        0.2176523
       6.0000000        0.2308340
       7.0000000        0.2397813
       8.0000000        0.2477314
       9.0000000        0.2559944
      10.0000000        0.2627272
      11.0000000        0.2661329
      12.0000000        0.2683526
      13.0000000        0.2722732
      14.0000000        0.2776418
      15.0000000        0.2819516
      16.0000000        0.2834837
       1.0000000        0.0376261
       2.0000000        0.1077877
       3.0000000        0.1616331
       4.0000000        0.1949876
       5.0000000        0.2160496
       6.0000000        0.2287927
       7.0000000        0.2367057
       8.0000000        0.2445871
       9.0000000        0.2537876
      10.0000000        0.2622182
      11.0000000        0.2689350
      12.0000000        0.2742415
      13.0000000        0.2786932
      14.0000000        0.2828763
      15.0000000        0.2864287
      16.0000000        0.2879221
       1.0000000        0.0388646
       2.0000000        0.1104156
       3.0000000        0.1645421
       4.0000000        0.1976221
       5.0000000        0.2182760
       6.0000000        0.2308365
       7.0000000        0.2386206
       8.0000000        0.2446184
       9.0000000        0.2498223
      10.0000000        0.2562072
      11.0000000        0.2651866
      12.0000000        0.2740239
      13.0000000        0.2798276
      14.0000000        0.2826448
      15.0000000        0.2843441
      16.0000000        0.2851525
       1.0000000        0.0396616
       2.0000000        0.1121169
       3.0000000        0.1655369
       4.0000000        0.1964534
       5.0000000        0.2146199
       6.0000000        0.2257331
       7.0000000        0.2326531
       8.0000000        0.2372213
       9.0000000        0.2418897
      10.0000000        0.2481373
      11.0000000        0.2555064
      12.0000000        0.2626903
      13.0000000        0.2681692
      14.0000000        0.2718884
      15.0000000        0.2745303
      16.0000000        0.2756329
       1.0000000        0.0398137
       2.0000000        0.1111472
       3.0000000        0.1626922
       4.0000000        0.1921228
       5.0000000        0.2094982
       6.0000000        0.2201782
       7.0000000        0.2265649
       8.0000000        0.2309366
       9.0000000        0.2346149
      10.0000000        0.2388621
      11.0000000        0.2447471
      12.0000000        0.2512743
      13.0000000        0.2567250
      14.0000000        0.2609477
      15.0000000        0.2646264
      16.0000000        0.2663412
       1.0000000        0.0418490
       2.0000000        0.1154623
       3.0000000        0.1666405
       4.0000000        0.1942865
       5.0000000        0.2097128
       6.0000000        0.2182218
       7.0000000        0.2225116
       8.0000000        0.2267044
       9.0000000        0.2324037
      10.0000000        0.2375925
      11.0000000        0.2414449
      12.0000000        0.2459419
      13.0000000        0.2514435
      14.0000000        0.2563471
      15.0000000        0.2596105
      16.0000000        0.2607864
       1.0000000        0.0437303
       2.0000000        0.1195831
       3.0000000        0.1706177
       4.0000000        0.1981545
       5.0000000        0.2146680
       6.0000000        0.2238966
       7.0000000        0.2275118
       8.0000000        0.2294724
       9.0000000        0.2314750
      10.0000000        0.2329304
      11.0000000        0.2346535
      12.0000000        0.2385607
      13.0000000        0.2446261
      14.0000000        0.2499361
      15.0000000        0.2526536
      16.0000000        0.2533449
       1.0000000        0.0433796
       2.0000000        0.1197654
       3.0000000        0.1709022
       4.0000000        0.1982380
       5.0000000        0.2165383
       6.0000000        0.2272974
       7.0000000        0.2294277
       8.0000000        0.2276223
       9.0000000        0.2267371
      10.0000000        0.2260471
      11.0000000        0.2254937
      12.0000000        0.2281431
      13.0000000        0.2335981
      14.0000000        0.2375685
      15.0000000        0.2383402
      16.0000000        0.2380806
       1.0000000        0.0425447
       2.0000000        0.1178456
       3.0000000        0.1686240
       4.0000000        0.1956159
       5.0000000        0.2118805
       6.0000000        0.2193101
       7.0000000        0.2190095
       8.0000000        0.2151004
       9.0000000        0.2108494
      10.0000000        0.2081768
      11.0000000        0.2091301
      12.0000000        0.2146198
      13.0000000        0.2220307
      14.0000000        0.2277906
      15.0000000        0.2306090
      16.0000000        0.2313073
       1.0000000        0.0427190
       2.0000000        0.1184786
       3.0000000        0.1696317
       4.0000000        0.1956272
       5.0000000        0.2089436
       6.0000000        0.2131474
       7.0000000        0.2114386
       8.0000000        0.2070297
       9.0000000        0.2015084
      10.0000000        0.1980990
      11.0000000        0.2001066
      12.0000000        0.2062546
      13.0000000        0.2127024
      14.0000000        0.2179001
      15.0000000        0.2216933
      16.0000000        0.2231408
       1.0000000        0.0454903
       2.0000000        0.1253089
       3.0000000        0.1770826
       4.0000000        0.1993703
       5.0000000        0.2084275
       6.0000000        0.2116257
       7.0000000        0.2111106
       8.0000000        0.2085753
       9.0000000        0.2049550
      10.0000000        0.2019519
      11.0000000        0.2016427
      12.0000000        0.2046917
      13.0000000        0.2102647
      14.0000000        0.2165047
      15.0000000        0.2212608
      16.0000000        0.2230561
       1.0000000        0.0453681
       2.0000000        0.1249970
       3.0000000        0.1760704
       4.0000000        0.1976912
       5.0000000        0.2075547
       6.0000000        0.2117478
       7.0000000        0.2107539
       8.0000000        0.2078346
       9.0000000        0.2049598
      10.0000000        0.2032724
      11.0000000        0.2041184
      12.0000000        0.2057898
      13.0000000        0.2055960
      14.0000000        0.2052615
      15.0000000        0.2071884
      16.0000000        0.2087948
       1.0000000        0.0418162
       2.0000000        0.1164417
       3.0000000        0.1659727
       4.0000000        0.1892980
       5.0000000        0.2008371
       6.0000000        0.2045269
       7.0000000        0.2038791
       8.0000000        0.2039448
       9.0000000        0.2049773
      10.0000000        0.2062591
      11.0000000        0.2080292
      12.0000000        0.2083063
      13.0000000        0.2062290
      14.0000000        0.2039321
      15.0000000        0.2029001
      16.0000000        0.2027417
       1.0000000        0.0410302
       2.0000000        0.1130528
       3.0000000        0.1610409
       4.0000000        0.1857019
       5.0000000        0.1997415
       6.0000000        0.2067660
       7.0000000        0.2100826
       8.0000000        0.2129845
       9.0000000        0.2149869
      10.0000000        0.2155046
      11.0000000        0.2156136
      12.0000000        0.2156907
      13.0000000        0.2156126
      14.0000000        0.2150209
      15.0000000        0.2137039
      16.0000000        0.2129130
       1.0000000        0.0415560
       2.0000000        0.1144200
       3.0000000        0.1631474
       4.0000000        0.1898787
       5.0000000        0.2073792
       6.0000000        0.2176165
       7.0000000        0.2219749
       8.0000000        0.2238736
       9.0000000        0.2243555
      10.0000000        0.2243440
      11.0000000        0.2257122
      12.0000000        0.2273907
      13.0000000        0.2271488
      14.0000000        0.2249767
      15.0000000        0.2220738
      16.0000000        0.2206563
       1.0000000        0.0407398
       2.0000000        0.1143136
       3.0000000        0.1660635
       4.0000000        0.1947873
       5.0000000        0.2132187
       6.0000000        0.2247334
       7.0000000        0.2298267
       8.0000000        0.2307344
       9.0000000        0.2308488
      10.0000000        0.2325649
      11.0000000        0.2343024
      12.0000000        0.2332103
      13.0000000        0.2293845
      14.0000000        0.2239855
      15.0000000        0.2181399
      16.0000000        0.2153418
       1.0000000        0.0399844
       2.0000000        0.1130537
       3.0000000        0.1660543
       4.0000000        0.1962086
       5.0000000        0.2147923
       6.0000000        0.2261363
       7.0000000        0.2320214
       8.0000000        0.2348944
       9.0000000        0.2363655
      10.0000000        0.2371626
      11.0000000        0.2362180
      12.0000000        0.2315492
      13.0000000        0.2240592
      14.0000000        0.2170659
      15.0000000        0.2124805
      16.0000000        0.2107895
       1.0000000        0.0401548
       2.0000000        0.1136846
       3.0000000        0.1663435
       4.0000000        0.1957743
       5.0000000        0.2147688
       6.0000000        0.2267276
       7.0000000        0.2329564
       8.0000000        0.2368251
       9.0000000        0.2390060
      10.0000000        0.2385769
      11.0000000        0.2355649
      12.0000000        0.2300644
      13.0000000        0.2228381
      14.0000000        0.2161731
      15.0000000        0.2118502
      16.0000000        0.2104158
       1.0000000        0.0396879
       2.0000000        0.1120654
       3.0000000        0.1643676
       4.0000000        0.1955958
       5.0000000        0.2172773
       6.0000000        0.2304078
       7.0000000        0.2360940
       8.0000000        0.2392240
       9.0000000        0.2415295
      10.0000000        0.2423531
      11.0000000        0.2401838
      12.0000000        0.2339454
      13.0000000        0.2254939
      14.0000000        0.2180030
      15.0000000        0.2128479
      16.0000000        0.2109113
       1.0000000        0.0389038
       2.0000000        0.1101364
       3.0000000        0.1617503
       4.0000000        0.1922742
       5.0000000        0.2136359
       6.0000000        0.2283103
       7.0000000        0.2362739
       8.0000000        0.2396124
       9.0000000        0.2399281
      10.0000000        0.2375542
      11.0000000        0.2324764
      12.0000000        0.2257055
      13.0000000        0.2190003
      14.0000000        0.2134529
      15.0000000        0.2093216
      16.0000000        0.2076565
       1.0000000        0.0381137
       2.0000000        0.1093580
       3.0000000        0.1623309
       4.0000000        0.1923784
       5.0000000        0.2119217
       6.0000000        0.2264964
       7.0000000        0.2360721
       8.0000000        0.2401898
       9.0000000        0.2392732
      10.0000000        0.2344392
      11.0000000        0.2276030
      12.0000000        0.2208717
      13.0000000        0.2151751
      14.0000000        0.2098371
      15.0000000        0.2051600
      16.0000000        0.2032174
       1.0000000        0.0397940
       2.0000000        0.1135757
       3.0000000        0.1685437
       4.0000000        0.2009382
       5.0000000        0.2221710
       6.0000000        0.2364452
       7.0000000        0.2444152
       8.0000000        0.2472496
       9.0000000        0.2465013
      10.0000000        0.2431301
      11.0000000        0.2371760
      12.0000000        0.2294269
      13.0000000        0.2211341
      14.0000000        0.2142839
      15.0000000        0.2107153
      16.0000000        0.2098543
       1.0000000        0.0404899
       2.0000000        0.1159840
       3.0000000        0.1738431
       4.0000000        0.2096226
       5.0000000        0.2332735
       6.0000000        0.2486875
       7.0000000        0.2571144
       8.0000000        0.2597190
       9.0000000        0.2574415
      10.0000000        0.2515878
      11.0000000        0.2438785
      12.0000000        0.2351844
      13.0000000        0.2263928
      14.0000000        0.2190066
      15.0000000        0.2139376
      16.0000000        0.2120073
       1.0000000        0.0399257
       2.0000000        0.1150674
       3.0000000        0.1745854
       4.0000000        0.2136173
       5.0000000        0.2394609
       6.0000000        0.2550105
       7.0000000        0.2631087
       8.0000000        0.2662396
       9.0000000        0.2646565
      10.0000000        0.2584541
      11.0000000        0.2490945
      12.0000000        0.2390131
      13.0000000        0.2307727
      14.0000000        0.2256374
      15.0000000        0.2229301
      16.0000000        0.2220273
       1.0000000        0.0403567
       2.0000000        0.1154505
       3.0000000        0.1752406
       4.0000000        0.2156653
       5.0000000        0.2429087
       6.0000000        0.2589875
       7.0000000        0.2667436
       8.0000000        0.2688990
       9.0000000        0.2672633
      10.0000000        0.2625165
      11.0000000        0.2550759
      12.0000000        0.2464884
      13.0000000        0.2387630
      14.0000000        0.2331281
      15.0000000        0.2292997
      16.0000000        0.2277163
       1.0000000        0.0398491
       2.0000000        0.1139914
       3.0000000        0.1728128
       4.0000000        0.2134165
       5.0000000        0.2424830
       6.0000000        0.2606139
       7.0000000        0.2692603
       8.0000000        0.2717606
       9.0000000        0.2700904
      10.0000000        0.2652408
      11.0000000        0.2588318
      12.0000000        0.2526714
      13.0000000        0.2473127
      14.0000000        0.2427216
      15.0000000        0.2391878
      16.0000000        0.2378187
       1.0000000        0.0394998
       2.0000000        0.1126038
       3.0000000        0.1689863
       4.0000000        0.2057631
       5.0000000        0.2316810
       6.0000000        0.2490178
       7.0000000        0.2585233
       8.0000000        0.2627534
       9.0000000        0.2642514
      10.0000000        0.2641215
      11.0000000        0.2625830
      12.0000000        0.2596202
      13.0000000        0.2555518
      14.0000000        0.2511799
      15.0000000        0.2478873
      16.0000000        0.2467327
       1.0000000        0.0373001
       2.0000000        0.1069357
       3.0000000        0.1612391
       4.0000000        0.1961434
       5.0000000        0.2199787
       6.0000000        0.2355852
       7.0000000        0.2446852
       8.0000000        0.2506685
       9.0000000        0.2566465
      10.0000000        0.2628340
      11.0000000        0.2673242
      12.0000000        0.2690184
      13.0000000        0.2679130
      14.0000000        0.2647627
      15.0000000        0.2611586
      16.0000000        0.2595215
       1.0000000        0.0349141
       2.0000000        0.1021984
       3.0000000        0.1569116
       4.0000000        0.1921826
       5.0000000        0.2148511
       6.0000000        0.2293553
       7.0000000        0.2380831
       8.0000000        0.2441371
       9.0000000        0.2507247
      10.0000000        0.2587903
      11.0000000        0.2664721
      12.0000000        0.2718416
      13.0000000        0.2747613
      14.0000000        0.2761199
      15.0000000        0.2766437
      16.0000000        0.2767272
       1.0000000        0.0346803
       2.0000000        0.1008461
       3.0000000        0.1534041
       4.0000000        0.1862637
       5.0000000        0.2076385
       6.0000000        0.2227913
       7.0000000        0.2330173
       8.0000000        0.2401234
       9.0000000        0.2473489
      10.0000000        0.2565994
      11.0000000        0.2666907
      12.0000000        0.2753569
      13.0000000        0.2819145
      14.0000000        0.2867965
      15.0000000        0.2898424
      16.0000000        0.2908637
       1.0000000        0.0349916
       2.0000000        0.1006902
       3.0000000        0.1514790
       4.0000000        0.1832919
       5.0000000        0.2053582
       6.0000000        0.2213119
       7.0000000        0.2324718
       8.0000000        0.2412830
       9.0000000        0.2492049
      10.0000000        0.2573550
      11.0000000        0.2672324
      12.0000000        0.2780163
      13.0000000        0.2871088
      14.0000000        0.2940170
      15.0000000        0.2992010
      16.0000000        0.3013538
       1.0000000        0.0347270
       2.0000000        0.0990854
       3.0000000        0.1482593
       4.0000000        0.1798617
       5.0000000        0.2027429
       6.0000000        0.2200699
       7.0000000        0.2341657
       8.0000000        0.2471006
       9.0000000        0.2576260
      10.0000000        0.2650123
      11.0000000        0.2715844
      12.0000000        0.2787957
      13.0000000        0.2857209
      14.0000000        0.2914507
      15.0000000        0.2957090
      16.0000000        0.2974191
       1.0000000        0.0343307
       2.0000000        0.0979849
       3.0000000        0.1465912
       4.0000000        0.1774569
       5.0000000        0.2001587
       6.0000000        0.2196839
       7.0000000        0.2369293
       8.0000000        0.2507924
       9.0000000        0.2603169
      10.0000000        0.2667321
      11.0000000        0.2722465
      12.0000000        0.2772110
      13.0000000        0.2810688
      14.0000000        0.2831105
      15.0000000        0.2831025
      16.0000000        0.2826419
       1.0000000        0.0345640
       2.0000000        0.0984326
       3.0000000        0.1476613
       4.0000000        0.1804602
       5.0000000        0.2053799
       6.0000000        0.2257884
       7.0000000        0.2428431
       8.0000000        0.2564964
       9.0000000        0.2657747
      10.0000000        0.2715431
      11.0000000        0.2767047
      12.0000000        0.2826255
      13.0000000        0.2878925
      14.0000000        0.2909021
      15.0000000        0.2916885
      16.0000000        0.2916505
       1.0000000        0.0352984
       2.0000000        0.1001844
       3.0000000        0.1507254
       4.0000000        0.1855006
       5.0000000        0.2117154
       6.0000000        0.2320229
       7.0000000        0.2477261
       8.0000000        0.2595565
       9.0000000        0.2683999
      10.0000000        0.2759508
      11.0000000        0.2834630
      12.0000000        0.2905940
      13.0000000        0.2962778
      14.0000000        0.2995601
      15.0000000        0.3010446
      16.0000000        0.3015604
       1.0000000        0.0351575
       2.0000000        0.1006890
       3.0000000        0.1519721
       4.0000000        0.1857679
       5.0000000        0.2102155
       6.0000000        0.2298849
       7.0000000        0.2464076
       8.0000000        0.2602424
       9.0000000        0.2717776
      10.0000000        0.2818400
      11.0000000        0.2903103
      12.0000000        0.2962191
      13.0000000        0.2994638
      14.0000000        0.3009449
      15.0000000        0.3017622
      16.0000000        0.3021045
       1.0000000        0.0354647
       2.0000000        0.1003022
       3.0000000        0.1499563
       4.0000000        0.1826725
       5.0000000        0.2071844
       6.0000000        0.2280837
       7.0000000        0.2466285
       8.0000000        0.2626383
       9.0000000        0.2760948
      10.0000000        0.2872828
      11.0000000        0.2958792
      12.0000000        0.3012629
      13.0000000        0.3040457
      14.0000000        0.3057426
      15.0000000        0.3073682
      16.0000000        0.3082041
       1.0000000        0.0352540
       2.0000000        0.0995367
       3.0000000        0.1486678
       4.0000000        0.1824037
       5.0000000        0.2091472
       6.0000000        0.2306604
       7.0000000        0.2484570
       8.0000000        0.2650678
       9.0000000        0.2802707
      10.0000000        0.2925482
      11.0000000        0.3013750
      12.0000000        0.3074484
      13.0000000        0.3116722
      14.0000000        0.3147180
      15.0000000        0.3168815
      16.0000000        0.3177098
       1.0000000        0.0342832
       2.0000000        0.0975769
       3.0000000        0.1465218
       4.0000000        0.1794823
       5.0000000        0.2053600
       6.0000000        0.2269958
       7.0000000        0.2453904
       8.0000000        0.2620460
       9.0000000        0.2766747
      10.0000000        0.2883056
      11.0000000        0.2970811
      12.0000000        0.3042112
      13.0000000        0.3103583
      14.0000000        0.3146083
      15.0000000        0.3161764
      16.0000000        0.3163538
       1.0000000        0.0340084
       2.0000000        0.0966955
       3.0000000        0.1452616
       4.0000000        0.1774865
       5.0000000        0.2015302
       6.0000000        0.2217803
       7.0000000        0.2401637
       8.0000000        0.2569137
       9.0000000        0.2705663
      10.0000000        0.2808687
      11.0000000        0.2901862
      12.0000000        0.2990950
      13.0000000        0.3059486
      14.0000000        0.3101880
      15.0000000        0.3123170
      16.0000000        0.3128922
       1.0000000        0.0350120
       2.0000000        0.0984601
       3.0000000        0.1459112
       4.0000000        0.1765375
       5.0000000        0.1999754
       6.0000000        0.2203721
       7.0000000        0.2383296
       8.0000000        0.2540219
       9.0000000        0.2675455
      10.0000000        0.2790754
      11.0000000        0.2898094
      12.0000000        0.3005536
      13.0000000        0.3088601
      14.0000000        0.3128055
      15.0000000        0.3138512
      16.0000000        0.3139490
       1.0000000        0.0357433
       2.0000000        0.0994546
       3.0000000        0.1455319
       4.0000000        0.1754892
       5.0000000        0.1994839
       6.0000000        0.2200053
       7.0000000        0.2380387
       8.0000000        0.2541283
       9.0000000        0.2682430
      10.0000000        0.2808092
      11.0000000        0.2921956
      12.0000000        0.3017294
      13.0000000        0.3082249
      14.0000000        0.3109277
      15.0000000        0.3111164
      16.0000000        0.3109098
       1.0000000        0.0369438
       2.0000000        0.1006901
       3.0000000        0.1450226
       4.0000000        0.1749619
       5.0000000        0.1994311
       6.0000000        0.2188521
       7.0000000        0.2357386
       8.0000000        0.2520983
       9.0000000        0.2664840
      10.0000000        0.2787285
      11.0000000        0.2894785
      12.0000000        0.2974541
      13.0000000        0.3034692
      14.0000000        0.3083471
      15.0000000        0.3107181
      16.0000000        0.3111501
       1.0000000        0.0380085
       2.0000000        0.1035860
       3.0000000        0.1491765
       4.0000000        0.1787025
       5.0000000        0.2017390
       6.0000000        0.2199630
       7.0000000        0.2350725
       8.0000000        0.2493308
       9.0000000        0.2620275
      10.0000000        0.2722550
      11.0000000        0.2815562
      12.0000000        0.2910190
      13.0000000        0.3007717
      14.0000000        0.3097816
      15.0000000        0.3162143
      16.0000000        0.3186125
       1.0000000        0.0389118
       2.0000000        0.1059176
       3.0000000        0.1527516
       4.0000000        0.1832960
       5.0000000        0.2063047
       6.0000000        0.2220111
       7.0000000        0.2328925
       8.0000000        0.2437157
       9.0000000        0.2547231
      10.0000000        0.2647839
      11.0000000        0.2749746
      12.0000000        0.2854165
      13.0000000        0.2955851
      14.0000000        0.3051515
      15.0000000        0.3125067
      16.0000000        0.3153507
       1.0000000        0.0392994
       2.0000000        0.1077603
       3.0000000        0.1554298
       4.0000000        0.1850133
       5.0000000        0.2060037
       6.0000000        0.2198713
       7.0000000        0.2305287
       8.0000000        0.2424492
       9.0000000        0.2543582
      10.0000000        0.2643667
      11.0000000        0.2738999
      12.0000000        0.2831664
      13.0000000        0.2901587
      14.0000000        0.2943699
      15.0000000        0.2967121
      16.0000000        0.2974438
       1.0000000        0.0399569
       2.0000000        0.1081891
       3.0000000        0.1534596
       4.0000000        0.1808012
       5.0000000        0.2028752
       6.0000000        0.2206867
       7.0000000        0.2335543
       8.0000000        0.2439488
       9.0000000        0.2540688
      10.0000000        0.2637089
      11.0000000        0.2713555
      12.0000000        0.2772620
      13.0000000        0.2815110
      14.0000000        0.2836714
      15.0000000        0.2837565
      16.0000000        0.2832816
       1.0000000        0.0407909
       2.0000000        0.1103642
       3.0000000        0.1558460
       4.0000000        0.1835628
       5.0000000        0.2073643
       6.0000000        0.2268269
       7.0000000        0.2410223
       8.0000000        0.2518196
       9.0000000        0.2610403
      10.0000000        0.2686118
      11.0000000        0.2724288
      12.0000000        0.2726031
      13.0000000        0.2723548
      14.0000000        0.2735862
      15.0000000        0.2750134
      16.0000000        0.2755126
       1.0000000        0.0413401
       2.0000000        0.1113529
       3.0000000        0.1576021
       4.0000000        0.1869681
       5.0000000        0.2118859
       6.0000000        0.2314213
       7.0000000        0.2458884
       8.0000000        0.2581587
       9.0000000        0.2679887
      10.0000000        0.2732311
      11.0000000        0.2747303
      12.0000000        0.2742590
      13.0000000        0.2731167
      14.0000000        0.2705356
      15.0000000        0.2659347
      16.0000000        0.2633930
       1.0000000        0.0406853
       2.0000000        0.1097751
       3.0000000        0.1562973
       4.0000000        0.1866401
       5.0000000        0.2117712
       6.0000000        0.2304442
       7.0000000        0.2426883
       8.0000000        0.2523492
       9.0000000        0.2603582
      10.0000000        0.2645126
      11.0000000        0.2649034
      12.0000000        0.2632819
      13.0000000        0.2618262
      14.0000000        0.2603008
      15.0000000        0.2574943
      16.0000000        0.2557698
       1.0000000        0.0405771
       2.0000000        0.1106012
       3.0000000        0.1585222
       4.0000000        0.1877557
       5.0000000        0.2098335
       6.0000000        0.2263009
       7.0000000        0.2371429
       8.0000000        0.2438951
       9.0000000        0.2479594
      10.0000000        0.2504608
      11.0000000        0.2519279
      12.0000000        0.2529524
      13.0000000        0.2545959
      14.0000000        0.2564019
      15.0000000        0.2569474
      16.0000000        0.2567045
       1.0000000        0.0403261
       2.0000000        0.1103900
       3.0000000        0.1590935
       4.0000000        0.1885376
       5.0000000        0.2086210
       6.0000000        0.2220351
       7.0000000        0.2314029
       8.0000000        0.2386309
       9.0000000        0.2431293
      10.0000000        0.2455649
      11.0000000        0.2476630
      12.0000000        0.2503052
      13.0000000        0.2531250
      14.0000000        0.2555926
      15.0000000        0.2575347
      16.0000000        0.2583397
       1.0000000        0.0420097
       2.0000000        0.1146722
       3.0000000        0.1643053
       4.0000000        0.1929641
       5.0000000        0.2112027
       6.0000000        0.2218115
       7.0000000        0.2291935
       8.0000000        0.2363620
       9.0000000        0.2421885
      10.0000000        0.2463063
      11.0000000        0.2486982
      12.0000000        0.2494698
      13.0000000        0.2507720
      14.0000000        0.2538923
      15.0000000        0.2574542
      16.0000000        0.2590770
       1.0000000        0.0453780
       2.0000000        0.1236790
       3.0000000        0.1755787
       4.0000000        0.2031414
       5.0000000        0.2197507
       6.0000000        0.2303030
       7.0000000        0.2376042
       8.0000000        0.2436795
       9.0000000        0.2489941
      10.0000000        0.2536655
      11.0000000        0.2571807
      12.0000000        0.2591875
      13.0000000        0.2611827
      14.0000000        0.2639028
      15.0000000        0.2668447
      16.0000000        0.2682589
       1.0000000        0.0481033
       2.0000000        0.1301067
       3.0000000        0.1836516
       4.0000000        0.2111403
       5.0000000        0.2273712
       6.0000000        0.2379838
       7.0000000        0.2446213
       8.0000000        0.2490730
       9.0000000        0.2534789
      10.0000000        0.2590499
      11.0000000        0.2647170
      12.0000000        0.2696677
      13.0000000        0.2744580
      14.0000000        0.2777092
      15.0000000        0.2785066
      16.0000000        0.2783411
       1.0000000        0.0478787
       2.0000000        0.1295398
       3.0000000        0.1829664
       4.0000000        0.2113260
       5.0000000        0.2281949
       6.0000000        0.2390939
       7.0000000        0.2464411
       8.0000000        0.2517963
       9.0000000        0.2564882
      10.0000000        0.2619889
      11.0000000        0.2676666
      12.0000000        0.2721498
      13.0000000        0.2758386
      14.0000000        0.2780420
      15.0000000        0.2768982
      16.0000000        0.2752927
       1.0000000        0.0460838
       2.0000000        0.1258756
       3.0000000        0.1791473
       4.0000000        0.2078680
       5.0000000        0.2264055
       6.0000000        0.2403802
       7.0000000        0.2511711
       8.0000000        0.2581834
       9.0000000        0.2605521
      10.0000000        0.2610103
      11.0000000        0.2623678
      12.0000000        0.2638953
      13.0000000        0.2649355
      14.0000000        0.2670029
      15.0000000        0.2696041
      16.0000000        0.2706715
       1.0000000        0.0435469
       2.0000000        0.1219292
       3.0000000        0.1788371
       4.0000000        0.2117383
       5.0000000        0.2309147
       6.0000000        0.2426395
       7.0000000        0.2513482
       8.0000000        0.2579311
       9.0000000        0.2610468
      10.0000000        0.2620703
      11.0000000        0.2629464
      12.0000000        0.2628685
      13.0000000        0.2620879
      14.0000000        0.2625214
      15.0000000        0.2641804
      16.0000000        0.2651720
       1.0000000        0.0426599
       2.0000000        0.1202790
       3.0000000        0.1779530
       4.0000000        0.2129095
       5.0000000        0.2348714
       6.0000000        0.2482564
       7.0000000        0.2563640
       8.0000000        0.2621722
       9.0000000        0.2654148
      10.0000000        0.2655187
      11.0000000        0.2643331
      12.0000000        0.2648641
      13.0000000        0.2685426
      14.0000000        0.2737405
      15.0000000        0.2777410
      16.0000000        0.2791857
       1.0000000        0.0424204
       2.0000000        0.1191535
       3.0000000        0.1762016
       4.0000000        0.2115740
       5.0000000        0.2354020
       6.0000000        0.2517405
       7.0000000        0.2623537
       8.0000000        0.2687059
       9.0000000        0.2707831
      10.0000000        0.2697052
      11.0000000        0.2693648
      12.0000000        0.2719199
      13.0000000        0.2759710
      14.0000000        0.2798035
      15.0000000        0.2827110
      16.0000000        0.2838513
       1.0000000        0.0407012
       2.0000000        0.1143715
       3.0000000        0.1702262
       4.0000000        0.2073167
       5.0000000        0.2344594
       6.0000000        0.2530691
       7.0000000        0.2636712
       8.0000000        0.2697069
       9.0000000        0.2731009
      10.0000000        0.2742717
      11.0000000        0.2747497
      12.0000000        0.2757938
      13.0000000        0.2766711
      14.0000000        0.2767737
      15.0000000        0.2768078
      16.0000000        0.2769033
       1.0000000        0.0395086
       2.0000000        0.1124451
       3.0000000        0.1688077
       4.0000000        0.2061353
       5.0000000        0.2333162
       6.0000000        0.2527614
       7.0000000        0.2649951
       8.0000000        0.2720526
       9.0000000        0.2758664
      10.0000000        0.2778817
      11.0000000        0.2787832
      12.0000000        0.2790909
      13.0000000        0.2795655
      14.0000000        0.2804728
      15.0000000        0.2811036
      16.0000000        0.2812062
       1.0000000        0.0381952
       2.0000000        0.1094103
       3.0000000        0.1646613
       4.0000000        0.2007682
       5.0000000        0.2264298
       6.0000000        0.2448989
       7.0000000        0.2572244
       8.0000000        0.2647191
       9.0000000        0.2691954
      10.0000000        0.2722176
      11.0000000        0.2734578
      12.0000000        0.2720506
      13.0000000        0.2689845
      14.0000000        0.2664262
      15.0000000        0.2654099
      16.0000000        0.2653061
       1.0000000        0.0372007
       2.0000000        0.1065610
       3.0000000        0.1604593
       4.0000000        0.1957109
       5.0000000        0.2203115
       6.0000000        0.2370271
       7.0000000        0.2477729
       8.0000000        0.2550972
       9.0000000        0.2600320
      10.0000000        0.2625863
      11.0000000        0.2629874
      12.0000000        0.2611488
      13.0000000        0.2575644
      14.0000000        0.2536797
      15.0000000        0.2507983
      16.0000000        0.2497294
       1.0000000        0.0361301
       2.0000000        0.1052198
       3.0000000        0.1603055
       4.0000000        0.1952380
       5.0000000        0.2187581
       6.0000000        0.2352183
       7.0000000        0.2453430
       8.0000000        0.2508524
       9.0000000        0.2533039
      10.0000000        0.2532046
      11.0000000        0.2511427
      12.0000000        0.2483858
      13.0000000        0.2461990
      14.0000000        0.2443276
      15.0000000        0.2422612
      16.0000000        0.2412058
       1.0000000        0.0354564
       2.0000000        0.1032674
       3.0000000        0.1578003
       4.0000000        0.1939601
       5.0000000        0.2195625
       6.0000000        0.2373481
       7.0000000        0.2480537
       8.0000000        0.2532029
       9.0000000        0.2542035
      10.0000000        0.2522659
      11.0000000        0.2488600
      12.0000000        0.2455740
      13.0000000        0.2431923
      14.0000000        0.2412144
      15.0000000        0.2389707
      16.0000000        0.2377998
       1.0000000        0.0343858
       2.0000000        0.1006320
       3.0000000        0.1543707
       4.0000000        0.1898331
       5.0000000        0.2146314
       6.0000000        0.2319341
       7.0000000        0.2424589
       8.0000000        0.2475184
       9.0000000        0.2481822
      10.0000000        0.2459908
      11.0000000        0.2431040
      12.0000000        0.2404834
      13.0000000        0.2381047
      14.0000000        0.2363521
      15.0000000        0.2353989
      16.0000000        0.2350819
       1.0000000        0.0335011
       2.0000000        0.0977715
       3.0000000        0.1490845
       4.0000000        0.1820219
       5.0000000        0.2040043
       6.0000000        0.2179212
       7.0000000        0.2261985
       8.0000000        0.2315405
       9.0000000        0.2347178
      10.0000000        0.2361658
      11.0000000        0.2361605
      12.0000000        0.2347210
      13.0000000        0.2324436
      14.0000000        0.2301988
      15.0000000        0.2283185
      16.0000000        0.2275151
       1.0000000        0.0323442
       2.0000000        0.0939930
       3.0000000        0.1430487
       4.0000000        0.1743780
       5.0000000        0.1948171
       6.0000000        0.2085812
       7.0000000        0.2181724
       8.0000000        0.2247502
       9.0000000        0.2284435
      10.0000000        0.2296968
      11.0000000        0.2294347
      12.0000000        0.2285070
      13.0000000        0.2274716
      14.0000000        0.2259291
      15.0000000        0.2236508
      16.0000000        0.2223779
       1.0000000        0.0309037
       2.0000000        0.0892725
       3.0000000        0.1353076
       4.0000000        0.1650966
       5.0000000        0.1854871
       6.0000000        0.1999686
       7.0000000        0.2098421
       8.0000000        0.2154379
       9.0000000        0.2178966
      10.0000000        0.2199534
      11.0000000        0.2225921
      12.0000000        0.2240754
      13.0000000        0.2232617
      14.0000000        0.2207896
      15.0000000        0.2181494
      16.0000000        0.2170316
       1.0000000        0.0306931
       2.0000000        0.0879875
       3.0000000        0.1323301
       4.0000000        0.1603824
       5.0000000        0.1792588
       6.0000000        0.1924208
       7.0000000        0.2012444
       8.0000000        0.2069344
       9.0000000        0.2109976
      10.0000000        0.2155481
      11.0000000        0.2211598
      12.0000000        0.2252522
      13.0000000        0.2261508
      14.0000000        0.2258395
      15.0000000        0.2260384
      16.0000000        0.2262841
       1.0000000        0.0305133
       2.0000000        0.0872460
       3.0000000        0.1308348
       4.0000000        0.1583102
       5.0000000        0.1772205
       6.0000000        0.1910130
       7.0000000        0.2008709
       8.0000000        0.2081748
       9.0000000        0.2140510
      10.0000000        0.2194258
      11.0000000        0.2242041
      12.0000000        0.2270703
      13.0000000        0.2282759
      14.0000000        0.2293772
      15.0000000        0.2305962
      16.0000000        0.2311072
       1.0000000        0.0301055
       2.0000000        0.0859856
       3.0000000        0.1288232
       4.0000000        0.1560952
       5.0000000        0.1754982
       6.0000000        0.1900259
       7.0000000        0.2004331
       8.0000000        0.2077199
       9.0000000        0.2133231
      10.0000000        0.2181921
      11.0000000        0.2225012
      12.0000000        0.2262018
      13.0000000        0.2295130
      14.0000000        0.2322291
      15.0000000        0.2339669
      16.0000000        0.2345862
       1.0000000        0.0307289
       2.0000000        0.0875325
       3.0000000        0.1309918
       4.0000000        0.1589012
       5.0000000        0.1785869
       6.0000000        0.1925805
       7.0000000        0.2028125
       8.0000000        0.2116443
       9.0000000        0.2195681
      10.0000000        0.2262543
      11.0000000        0.2316774
      12.0000000        0.2356417
      13.0000000        0.2382120
      14.0000000        0.2396772
      15.0000000        0.2406671
      16.0000000        0.2411147
       1.0000000        0.0315847
       2.0000000        0.0904960
       3.0000000        0.1365160
       4.0000000        0.1666493
       5.0000000        0.1879208
       6.0000000        0.2034515
       7.0000000        0.2153230
       8.0000000        0.2249477
       9.0000000        0.2329367
      10.0000000        0.2397866
      11.0000000        0.2449371
      12.0000000        0.2475836
      13.0000000        0.2480541
      14.0000000        0.2470613
      15.0000000        0.2452048
      16.0000000        0.2441415
       1.0000000        0.0325604
       2.0000000        0.0934467
       3.0000000        0.1411327
       4.0000000        0.1730366
       5.0000000        0.1968574
       6.0000000        0.2152142
       7.0000000        0.2289583
       8.0000000        0.2395393
       9.0000000        0.2479708
      10.0000000        0.2542234
      11.0000000        0.2574072
      12.0000000        0.2575338
      13.0000000        0.2562690
      14.0000000        0.2550176
      15.0000000        0.2537116
      16.0000000        0.2529747
       1.0000000        0.0331930
       2.0000000        0.0949245
       3.0000000        0.1431559
       4.0000000        0.1760648
       5.0000000        0.2019238
       6.0000000        0.2224553
       7.0000000        0.2376536
       8.0000000        0.2486279
       9.0000000        0.2557854
      10.0000000        0.2594042
      11.0000000        0.2599503
      12.0000000        0.2581067
      13.0000000        0.2550609
      14.0000000        0.2516249
      15.0000000        0.2486010
      16.0000000        0.2473614
       1.0000000        0.0339620
       2.0000000        0.0964915
       3.0000000        0.1449895
       4.0000000        0.1785271
       5.0000000        0.2052801
       6.0000000        0.2262243
       7.0000000        0.2408754
       8.0000000        0.2500358
       9.0000000        0.2556120
      10.0000000        0.2590379
      11.0000000        0.2594370
      12.0000000        0.2565474
      13.0000000        0.2519765
      14.0000000        0.2468500
      15.0000000        0.2421625
      16.0000000        0.2401826
       1.0000000        0.0329127
       2.0000000        0.0948879
       3.0000000        0.1444985
       4.0000000        0.1786880
       5.0000000        0.2044050
       6.0000000        0.2239476
       7.0000000        0.2385326
       8.0000000        0.2488198
       9.0000000        0.2542988
      10.0000000        0.2556714
      11.0000000        0.2554893
      12.0000000        0.2554586
      13.0000000        0.2547194
      14.0000000        0.2517452
      15.0000000        0.2473722
      16.0000000        0.2451335
       1.0000000        0.0335452
       2.0000000        0.0972865
       3.0000000        0.1492313
       4.0000000        0.1851774
       5.0000000        0.2114105
       6.0000000        0.2300112
       7.0000000        0.2428474
       8.0000000        0.2521600
       9.0000000        0.2578484
      10.0000000        0.2602601
      11.0000000        0.2617259
      12.0000000        0.2633829
      13.0000000        0.2644041
      14.0000000        0.2639477
      15.0000000        0.2621941
      16.0000000        0.2611334
       1.0000000        0.0352510
       2.0000000        0.1020256
       3.0000000        0.1555844
       4.0000000        0.1911868
       5.0000000        0.2161998
       6.0000000        0.2343776
       7.0000000        0.2479136
       8.0000000        0.2578320
       9.0000000        0.2639099
      10.0000000        0.2674112
      11.0000000        0.2703552
      12.0000000        0.2728720
      13.0000000        0.2745794
      14.0000000        0.2762808
      15.0000000        0.2780394
      16.0000000        0.2788112
       1.0000000        0.0373767
       2.0000000        0.1061501
       3.0000000        0.1589675
       4.0000000        0.1933206
       5.0000000        0.2176960
       6.0000000        0.2350237
       7.0000000        0.2477441
       8.0000000        0.2582067
       9.0000000        0.2666314
      10.0000000        0.2728875
      11.0000000        0.2773347
      12.0000000        0.2802961
      13.0000000        0.2827682
      14.0000000        0.2854373
      15.0000000        0.2870972
      16.0000000        0.2874689
       1.0000000        0.0373203
       2.0000000        0.1058168
       3.0000000        0.1575340
       4.0000000        0.1898844
       5.0000000        0.2124415
       6.0000000        0.2296311
       7.0000000        0.2437214
       8.0000000        0.2558445
       9.0000000        0.2655845
      10.0000000        0.2725967
      11.0000000        0.2777371
      12.0000000        0.2823211
      13.0000000        0.2866715
      14.0000000        0.2908158
      15.0000000        0.2940851
      16.0000000        0.2953667
       1.0000000        0.0374222
       2.0000000        0.1055060
       3.0000000        0.1551459
       4.0000000        0.1855465
       5.0000000        0.2078641
       6.0000000        0.2244048
       7.0000000        0.2366961
       8.0000000        0.2491693
       9.0000000        0.2624669
      10.0000000        0.2730629
      11.0000000        0.2799979
      12.0000000        0.2852776
      13.0000000        0.2905369
      14.0000000        0.2954227
      15.0000000        0.2989191
      16.0000000        0.3001459
       1.0000000        0.0366739
       2.0000000        0.1028318
       3.0000000        0.1511117
       4.0000000        0.1815937
       5.0000000        0.2045407
       6.0000000        0.2223092
       7.0000000        0.2369773
       8.0000000        0.2513656
       9.0000000        0.2643484
      10.0000000        0.2739941
      11.0000000        0.2805610
      12.0000000        0.2856062
      13.0000000        0.2906037
      14.0000000        0.2951910
      15.0000000        0.2980319
      16.0000000        0.2989553
       1.0000000        0.0357864
       2.0000000        0.1023884
       3.0000000        0.1533545
       4.0000000        0.1862420
       5.0000000        0.2117562
       6.0000000        0.2326490
       7.0000000        0.2482240
       8.0000000        0.2598688
       9.0000000        0.2699852
      10.0000000        0.2795422
      11.0000000        0.2876014
      12.0000000        0.2937482
      13.0000000        0.2992224
      14.0000000        0.3037234
      15.0000000        0.3053022
      16.0000000        0.3052223
       1.0000000        0.0362816
       2.0000000        0.1041480
       3.0000000        0.1573043
       4.0000000        0.1931304
       5.0000000        0.2201321
       6.0000000        0.2400968
       7.0000000        0.2547437
       8.0000000        0.2667636
       9.0000000        0.2770432
      10.0000000        0.2855487
      11.0000000        0.2918993
      12.0000000        0.2960843
      13.0000000        0.2998994
      14.0000000        0.3038446
      15.0000000        0.3062780
      16.0000000        0.3068891
       1.0000000        0.0379700
       2.0000000        0.1081972
       3.0000000        0.1625763
       4.0000000        0.1986018
       5.0000000        0.2246208
       6.0000000        0.2442129
       7.0000000        0.2612714
       8.0000000        0.2775726
       9.0000000        0.2904541
      10.0000000        0.2988120
      11.0000000        0.3043602
      12.0000000        0.3081216
      13.0000000        0.3112219
      14.0000000        0.3156913
      15.0000000        0.3210167
      16.0000000        0.3235253
       1.0000000        0.0388480
       2.0000000        0.1100896
       3.0000000        0.1635488
       4.0000000        0.1977693
       5.0000000        0.2240472
       6.0000000        0.2464780
       7.0000000        0.2674187
       8.0000000        0.2873189
       9.0000000        0.3028949
      10.0000000        0.3127046
      11.0000000        0.3189250
      12.0000000        0.3241135
      13.0000000        0.3293484
      14.0000000        0.3345078
      15.0000000        0.3385100
      16.0000000        0.3399843
       1.0000000        0.0383463
       2.0000000        0.1089324
       3.0000000        0.1620152
       4.0000000        0.1966218
       5.0000000        0.2247377
       6.0000000        0.2499489
       7.0000000        0.2718291
       8.0000000        0.2901034
       9.0000000        0.3045204
      10.0000000        0.3150468
      11.0000000        0.3222634
      12.0000000        0.3273312
      13.0000000        0.3314946
      14.0000000        0.3348618
      15.0000000        0.3366876
      16.0000000        0.3370801
       1.0000000        0.0381079
       2.0000000        0.1089344
       3.0000000        0.1631268
       4.0000000        0.1977254
       5.0000000        0.2248882
       6.0000000        0.2488850
       7.0000000        0.2687220
       8.0000000        0.2847324
       9.0000000        0.2975686
      10.0000000        0.3077531
      11.0000000        0.3148758
      12.0000000        0.3184871
      13.0000000        0.3199036
      14.0000000        0.3207585
      15.0000000        0.3212480
      16.0000000        0.3213170
       1.0000000        0.0376070
       2.0000000        0.1079762
       3.0000000        0.1616691
       4.0000000        0.1952420
       5.0000000        0.2204917
       6.0000000        0.2423146
       7.0000000        0.2606350
       8.0000000        0.2753219
       9.0000000        0.2863835
      10.0000000        0.2939020
      11.0000000        0.2980105
      12.0000000        0.2993649
      13.0000000        0.2995445
      14.0000000        0.2992089
      15.0000000        0.2982495
      16.0000000        0.2976903
       1.0000000        0.0366796
       2.0000000        0.1046849
       3.0000000        0.1557991
       4.0000000        0.1880373
       5.0000000        0.2129925
       6.0000000        0.2343287
       7.0000000        0.2516173
       8.0000000        0.2649033
       9.0000000        0.2741199
      10.0000000        0.2797758
      11.0000000        0.2834957
      12.0000000        0.2861664
      13.0000000        0.2869889
      14.0000000        0.2854716
      15.0000000        0.2830395
      16.0000000        0.2819089
       1.0000000        0.0356821
       2.0000000        0.1012980
       3.0000000        0.1507224
       4.0000000        0.1827360
       5.0000000        0.2071857
       6.0000000        0.2263889
       7.0000000        0.2415442
       8.0000000        0.2540727
       9.0000000        0.2633675
      10.0000000        0.2690315
      11.0000000        0.2723019
      12.0000000        0.2741531
      13.0000000        0.2744227
      14.0000000        0.2730838
      15.0000000        0.2712973
      16.0000000        0.2705074
       1.0000000        0.0353114
       2.0000000        0.1006365
       3.0000000        0.1495735
       4.0000000        0.1806911
       5.0000000        0.2050147
       6.0000000        0.2245639
       7.0000000        0.2391865
       8.0000000        0.2502236
       9.0000000        0.2584386
      10.0000000        0.2644446
      11.0000000        0.2682216
      12.0000000        0.2687783
      13.0000000        0.2665965
      14.0000000        0.2635288
      15.0000000        0.2609254
      16.0000000        0.2598639
       1.0000000        0.0348416
       2.0000000        0.0991727
       3.0000000        0.1474009
       4.0000000        0.1778636
       5.0000000        0.2005492
       6.0000000        0.2179025
       7.0000000        0.2311009
       8.0000000        0.2428049
       9.0000000        0.2533631
      10.0000000        0.2613952
      11.0000000        0.2657285
      12.0000000        0.2658153
      13.0000000        0.2631587
      14.0000000        0.2599341
      15.0000000        0.2570227
      16.0000000        0.2556756
       1.0000000        0.0357988
       2.0000000        0.1011366
       3.0000000        0.1486341
       4.0000000        0.1764353
       5.0000000        0.1951410
       6.0000000        0.2090574
       7.0000000        0.2222848
       8.0000000        0.2369410
       9.0000000        0.2496793
      10.0000000        0.2575526
      11.0000000        0.2611648
      12.0000000        0.2614775
      13.0000000        0.2595406
      14.0000000        0.2575628
      15.0000000        0.2567134
      16.0000000        0.2565282
       1.0000000        0.0371823
       2.0000000        0.1020641
       3.0000000        0.1459549
       4.0000000        0.1704593
       5.0000000        0.1881999
       6.0000000        0.2043273
       7.0000000        0.2200047
       8.0000000        0.2324948
       9.0000000        0.2391420
      10.0000000        0.2432503
      11.0000000        0.2480139
      12.0000000        0.2516652
      13.0000000        0.2529510
      14.0000000        0.2533121
      15.0000000        0.2540652
      16.0000000        0.2545962
       1.0000000        0.0349008
       2.0000000        0.0954656
       3.0000000        0.1365654
       4.0000000        0.1616701
       5.0000000        0.1817570
       6.0000000        0.1974764
       7.0000000        0.2090832
       8.0000000        0.2176797
       9.0000000        0.2240372
      10.0000000        0.2300084
      11.0000000        0.2361258
      12.0000000        0.2413152
      13.0000000        0.2445725
      14.0000000        0.2460921
      15.0000000        0.2466041
      16.0000000        0.2466741
       1.0000000        0.0323964
       2.0000000        0.0909170
       3.0000000        0.1325955
       4.0000000        0.1577551
       5.0000000        0.1771266
       6.0000000        0.1931204
       7.0000000        0.2058135
       8.0000000        0.2157197
       9.0000000        0.2224068
      10.0000000        0.2272376
      11.0000000        0.2334760
      12.0000000        0.2406655
      13.0000000        0.2457769
      14.0000000        0.2484508
      15.0000000        0.2500718
      16.0000000        0.2507508
       1.0000000        0.0319566
       2.0000000        0.0914375
       3.0000000        0.1354426
       4.0000000        0.1615140
       5.0000000        0.1802508
       6.0000000        0.1964140
       7.0000000        0.2105161
       8.0000000        0.2211992
       9.0000000        0.2278770
      10.0000000        0.2329994
      11.0000000        0.2393334
      12.0000000        0.2462818
      13.0000000        0.2519671
      14.0000000        0.2563262
      15.0000000        0.2594413
      16.0000000        0.2605845
       1.0000000        0.0320289
       2.0000000        0.0909280
       3.0000000        0.1348424
       4.0000000        0.1624611
       5.0000000        0.1834126
       6.0000000        0.2011838
       7.0000000        0.2160247
       8.0000000        0.2276365
       9.0000000        0.2354200
      10.0000000        0.2399288
      11.0000000        0.2428853
      12.0000000        0.2454611
      13.0000000        0.2481372
      14.0000000        0.2510430
      15.0000000        0.2536079
      16.0000000        0.2546814
       1.0000000        0.0320821
       2.0000000        0.0911029
       3.0000000        0.1363472
       4.0000000        0.1665769
       5.0000000        0.1895943
       6.0000000        0.2083939
       7.0000000        0.2237056
       8.0000000        0.2347958
       9.0000000        0.2411559
      10.0000000        0.2439160
      11.0000000        0.2447158
      12.0000000        0.2445046
      13.0000000        0.2439581
      14.0000000        0.2440648
      15.0000000        0.2450995
      16.0000000        0.2457543
       1.0000000        0.0323367
       2.0000000        0.0911931
       3.0000000        0.1359067
       4.0000000        0.1664721
       5.0000000        0.1905593
       6.0000000        0.2093959
       7.0000000        0.2225419
       8.0000000        0.2308099
       9.0000000        0.2347320
      10.0000000        0.2353574
      11.0000000        0.2347089
      12.0000000        0.2342950
      13.0000000        0.2344948
      14.0000000        0.2345849
      15.0000000        0.2340057
      16.0000000        0.2335907
       1.0000000        0.0349122
       2.0000000        0.0963122
       3.0000000        0.1406641
       4.0000000        0.1705724
       5.0000000        0.1939253
       6.0000000        0.2106575
       7.0000000        0.2206920
       8.0000000        0.2267399
       9.0000000        0.2301560
      10.0000000        0.2305085
      11.0000000        0.2292383
      12.0000000        0.2285312
      13.0000000        0.2285938
      14.0000000        0.2288056
      15.0000000        0.2288489
      16.0000000        0.2287701
       1.0000000        0.0370429
       2.0000000        0.1004522
       3.0000000        0.1451561
       4.0000000        0.1752941
       5.0000000        0.1980654
       6.0000000        0.2133052
       7.0000000        0.2224412
       8.0000000        0.2283012
       9.0000000        0.2320054
      10.0000000        0.2334726
      11.0000000        0.2328164
      12.0000000        0.2302265
      13.0000000        0.2262259
      14.0000000        0.2227537
      15.0000000        0.2214362
      16.0000000        0.2214089
       1.0000000        0.0363082
       2.0000000        0.0982511
       3.0000000        0.1419122
       4.0000000        0.1717624
       5.0000000        0.1949119
       6.0000000        0.2113528
       7.0000000        0.2221980
       8.0000000        0.2298072
       9.0000000        0.2341441
      10.0000000        0.2344939
      11.0000000        0.2316961
      12.0000000        0.2276789
      13.0000000        0.2239155
      14.0000000        0.2210305
      15.0000000        0.2188087
      16.0000000        0.2178320
       1.0000000        0.0357716
       2.0000000        0.0976452
       3.0000000        0.1417385
       4.0000000        0.1717228
       5.0000000        0.1951460
       6.0000000        0.2117161
       7.0000000        0.2223145
       8.0000000        0.2299303
       9.0000000        0.2355084
      10.0000000        0.2381776
      11.0000000        0.2372213
      12.0000000        0.2337099
      13.0000000        0.2297486
      14.0000000        0.2252110
      15.0000000        0.2200159
      16.0000000        0.2173891
       1.0000000        0.0350193
       2.0000000        0.0984537
       3.0000000        0.1456643
       4.0000000        0.1764683
       5.0000000        0.1997039
       6.0000000        0.2173948
       7.0000000        0.2297282
       8.0000000        0.2380085
       9.0000000        0.2423481
      10.0000000        0.2424882
      11.0000000        0.2406315
      12.0000000        0.2381368
      13.0000000        0.2337686
      14.0000000        0.2280465
      15.0000000        0.2228805
      16.0000000        0.2206282
       1.0000000        0.0346627
       2.0000000        0.0992939
       3.0000000        0.1489760
       4.0000000        0.1816306
       5.0000000        0.2066795
       6.0000000        0.2260567
       7.0000000        0.2388799
       8.0000000        0.2453637
       9.0000000        0.2469599
      10.0000000        0.2458465
      11.0000000        0.2435603
      12.0000000        0.2403672
      13.0000000        0.2357448
      14.0000000        0.2302293
      15.0000000        0.2260374
      16.0000000        0.2245907
       1.0000000        0.0359595
       2.0000000        0.1031661
       3.0000000        0.1559434
       4.0000000        0.1917254
       5.0000000        0.2182315
       6.0000000        0.2365010
       7.0000000        0.2459140
       8.0000000        0.2487796
       9.0000000        0.2488018
      10.0000000        0.2477910
      11.0000000        0.2458287
      12.0000000        0.2424264
      13.0000000        0.2373373
      14.0000000        0.2318849
      15.0000000        0.2281380
      16.0000000        0.2268929
       1.0000000        0.0390118
       2.0000000        0.1106798
       3.0000000        0.1664577
       4.0000000        0.2046743
       5.0000000        0.2309067
       6.0000000        0.2451023
       7.0000000        0.2505387
       8.0000000        0.2526689
       9.0000000        0.2532691
      10.0000000        0.2519039
      11.0000000        0.2486726
      12.0000000        0.2440899
      13.0000000        0.2390438
      14.0000000        0.2340474
      15.0000000        0.2299426
      16.0000000        0.2283017
       1.0000000        0.0408628
       2.0000000        0.1163068
       3.0000000        0.1747201
       4.0000000        0.2113850
       5.0000000        0.2330868
       6.0000000        0.2431989
       7.0000000        0.2467242
       8.0000000        0.2495750
       9.0000000        0.2526976
      10.0000000        0.2544782
      11.0000000        0.2538264
      12.0000000        0.2499779
      13.0000000        0.2432822
      14.0000000        0.2361762
      15.0000000        0.2307463
      16.0000000        0.2286130
       1.0000000        0.0438990
       2.0000000        0.1221520
       3.0000000        0.1779279
       4.0000000        0.2091973
       5.0000000        0.2267089
       6.0000000        0.2345319
       7.0000000        0.2374038
       8.0000000        0.2410702
       9.0000000        0.2465483
      10.0000000        0.2517911
      11.0000000        0.2537032
      12.0000000        0.2503879
      13.0000000        0.2431469
      14.0000000        0.2345115
      15.0000000        0.2270461
      16.0000000        0.2239933
       1.0000000        0.0428755
       2.0000000        0.1196732
       3.0000000        0.1731531
       4.0000000        0.2014458
       5.0000000        0.2169439
       6.0000000        0.2248581
       7.0000000        0.2294283
       8.0000000        0.2353066
       9.0000000        0.2422294
      10.0000000        0.2466846
      11.0000000        0.2467237
      12.0000000        0.2439509
      13.0000000        0.2395282
      14.0000000        0.2330204
      15.0000000        0.2261336
      16.0000000        0.2230225
       1.0000000        0.0413236
       2.0000000        0.1150963
       3.0000000        0.1658426
       4.0000000        0.1935286
       5.0000000        0.2111520
       6.0000000        0.2216670
       7.0000000        0.2276995
       8.0000000        0.2332718
       9.0000000        0.2382747
      10.0000000        0.2403546
      11.0000000        0.2389230
      12.0000000        0.2354389
      13.0000000        0.2317720
      14.0000000        0.2290739
      15.0000000        0.2273050
      16.0000000        0.2265636
       1.0000000        0.0408825
       2.0000000        0.1119229
       3.0000000        0.1598986
       4.0000000        0.1883615
       5.0000000        0.2092433
       6.0000000        0.2239425
       7.0000000        0.2332043
       8.0000000        0.2384928
       9.0000000        0.2406341
      10.0000000        0.2409970
      11.0000000        0.2407524
      12.0000000        0.2397689
      13.0000000        0.2376944
      14.0000000        0.2356186
      15.0000000        0.2347711
      16.0000000        0.2346870
       1.0000000        0.0411292
       2.0000000        0.1119199
       3.0000000        0.1596378
       4.0000000        0.1893895
       5.0000000        0.2135711
       6.0000000        0.2316090
       7.0000000        0.2425522
       8.0000000        0.2483143
       9.0000000        0.2495222
      10.0000000        0.2484821
      11.0000000        0.2477992
      12.0000000        0.2474055
      13.0000000        0.2461580
      14.0000000        0.2438589
      15.0000000        0.2410486
      16.0000000        0.2395922
       1.0000000        0.0412684
       2.0000000        0.1121644
       3.0000000        0.1594320
       4.0000000        0.1884237
       5.0000000        0.2127325
       6.0000000        0.2318098
       7.0000000        0.2439599
       8.0000000        0.2508239
       9.0000000        0.2533379
      10.0000000        0.2530088
      11.0000000        0.2518937
      12.0000000        0.2501735
      13.0000000        0.2474818
      14.0000000        0.2443178
      15.0000000        0.2412785
      16.0000000        0.2398128
       1.0000000        0.0415736
       2.0000000        0.1135721
       3.0000000        0.1611418
       4.0000000        0.1886957
       5.0000000        0.2102101
       6.0000000        0.2263929
       7.0000000        0.2361798
       8.0000000        0.2410645
       9.0000000        0.2430731
      10.0000000        0.2444479
      11.0000000        0.2462655
      12.0000000        0.2477143
      13.0000000        0.2478905
      14.0000000        0.2466704
      15.0000000        0.2451236
      16.0000000        0.2444783
       1.0000000        0.0426617
       2.0000000        0.1147384
       3.0000000        0.1616176
       4.0000000        0.1896479
       5.0000000        0.2101480
       6.0000000        0.2224240
       7.0000000        0.2283548
       8.0000000        0.2318559
       9.0000000        0.2344983
      10.0000000        0.2371106
      11.0000000        0.2402219
      12.0000000        0.2422187
      13.0000000        0.2429811
      14.0000000        0.2441107
      15.0000000        0.2456144
      16.0000000        0.2462819
       1.0000000        0.0427456
       2.0000000        0.1150078
       3.0000000        0.1628144
       4.0000000        0.1918339
       5.0000000        0.2128844
       6.0000000        0.2258963
       7.0000000        0.2326496
       8.0000000        0.2369080
       9.0000000        0.2396672
      10.0000000        0.2414609
      11.0000000        0.2420782
      12.0000000        0.2407816
      13.0000000        0.2397391
      14.0000000        0.2410792
      15.0000000        0.2435042
      16.0000000        0.2446304
       1.0000000        0.0408227
       2.0000000        0.1114816
       3.0000000        0.1607451
       4.0000000        0.1913889
       5.0000000        0.2126434
       6.0000000        0.2248571
       7.0000000        0.2311123
       8.0000000        0.2364612
       9.0000000        0.2411656
      10.0000000        0.2444060
      11.0000000        0.2468565
      12.0000000        0.2484569
      13.0000000        0.2500436
      14.0000000        0.2525597
      15.0000000        0.2548484
      16.0000000        0.2556734
       1.0000000        0.0385663
       2.0000000        0.1084379
       3.0000000        0.1606089
       4.0000000        0.1931323
       5.0000000        0.2143914
       6.0000000        0.2271643
       7.0000000        0.2333771
       8.0000000        0.2367953
       9.0000000        0.2399918
      10.0000000        0.2445046
      11.0000000        0.2501303
      12.0000000        0.2553274
      13.0000000        0.2605487
      14.0000000        0.2661486
      15.0000000        0.2703793
      16.0000000        0.2718309
       1.0000000        0.0374668
       2.0000000        0.1059639
       3.0000000        0.1569460
       4.0000000        0.1878011
       5.0000000        0.2069058
       6.0000000        0.2172332
       7.0000000        0.2223704
       8.0000000        0.2268144
       9.0000000        0.2315444
      10.0000000        0.2370214
      11.0000000        0.2440726
      12.0000000        0.2511435
      13.0000000        0.2574392
      14.0000000        0.2625087
      15.0000000        0.2653167
      16.0000000        0.2660331
       1.0000000        0.0375308
       2.0000000        0.1056032
       3.0000000        0.1552086
       4.0000000        0.1841016
       5.0000000        0.2017915
       6.0000000        0.2120209
       7.0000000        0.2181506
       8.0000000        0.2241380
       9.0000000        0.2310739
      10.0000000        0.2380824
      11.0000000        0.2443135
      12.0000000        0.2494104
      13.0000000        0.2534706
      14.0000000        0.2569374
      15.0000000        0.2594102
      16.0000000        0.2602193
       1.0000000        0.0376730
       2.0000000        0.1061746
       3.0000000        0.1558281
       4.0000000        0.1844302
       5.0000000        0.2017300
       6.0000000        0.2117589
       7.0000000        0.2188207
       8.0000000        0.2269790
       9.0000000        0.2348533
      10.0000000        0.2402800
      11.0000000        0.2445666
      12.0000000        0.2488362
      13.0000000        0.2526523
      14.0000000        0.2557853
      15.0000000        0.2587149
      16.0000000        0.2601812
       1.0000000        0.0387624
       2.0000000        0.1094699
       3.0000000        0.1595850
       4.0000000        0.1860341
       5.0000000        0.2019457
       6.0000000        0.2138277
       7.0000000        0.2227750
       8.0000000        0.2297678
       9.0000000        0.2356834
      10.0000000        0.2404496
      11.0000000        0.2446948
      12.0000000        0.2495645
      13.0000000        0.2551272
      14.0000000        0.2604023
      15.0000000        0.2641605
      16.0000000        0.2655262
       1.0000000        0.0406775
       2.0000000        0.1131427
       3.0000000        0.1617812
       4.0000000        0.1872086
       5.0000000        0.2045339
       6.0000000        0.2175897
       7.0000000        0.2260979
       8.0000000        0.2321830
       9.0000000        0.2386726
      10.0000000        0.2465359
      11.0000000        0.2549838
      12.0000000        0.2621382
      13.0000000        0.2669598
      14.0000000        0.2699175
      15.0000000        0.2713240
      16.0000000        0.2716226
       1.0000000        0.0405290
       2.0000000        0.1118600
       3.0000000        0.1608305
       4.0000000        0.1878501
       5.0000000        0.2042882
       6.0000000        0.2146740
       7.0000000        0.2226972
       8.0000000        0.2317117
       9.0000000        0.2418568
      10.0000000        0.2519107
      11.0000000        0.2600160
      12.0000000        0.2646790
      13.0000000        0.2670740
      14.0000000        0.2689483
      15.0000000        0.2702485
      16.0000000        0.2706568
       1.0000000        0.0397993
       2.0000000        0.1104381
       3.0000000        0.1597832
       4.0000000        0.1874375
       5.0000000        0.2049397
       6.0000000        0.2173642
       7.0000000        0.2274686
       8.0000000        0.2369017
       9.0000000        0.2458881
      10.0000000        0.2535517
      11.0000000        0.2579754
      12.0000000        0.2601301
      13.0000000        0.2623858
      14.0000000        0.2639365
      15.0000000        0.2638792
      16.0000000        0.2636142
       1.0000000        0.0398704
       2.0000000        0.1103242
       3.0000000        0.1604919
       4.0000000        0.1907146
       5.0000000        0.2118416
       6.0000000        0.2285362
       7.0000000        0.2414541
       8.0000000        0.2499045
       9.0000000        0.2551502
      10.0000000        0.2593198
      11.0000000        0.2625085
      12.0000000        0.2645524
      13.0000000        0.2657096
      14.0000000        0.2662275
      15.0000000        0.2664909
      16.0000000        0.2666118
       1.0000000        0.0390688
       2.0000000        0.1095900
       3.0000000        0.1625608
       4.0000000        0.1962775
       5.0000000        0.2188202
       6.0000000        0.2340587
       7.0000000        0.2451246
       8.0000000        0.2553753
       9.0000000        0.2653101
      10.0000000        0.2724068
      11.0000000        0.2752110
      12.0000000        0.2746178
      13.0000000        0.2726308
      14.0000000        0.2707753
      15.0000000        0.2690585
      16.0000000        0.2680902
       1.0000000        0.0404057
       2.0000000        0.1144542
       3.0000000        0.1705710
       4.0000000        0.2050596
       5.0000000        0.2265523
       6.0000000        0.2404239
       7.0000000        0.2519099
       8.0000000        0.2643109
       9.0000000        0.2764501
      10.0000000        0.2858177
      11.0000000        0.2909896
      12.0000000        0.2922472
      13.0000000        0.2902605
      14.0000000        0.2848326
      15.0000000        0.2780752
      16.0000000        0.2749265
       1.0000000        0.0411436
       2.0000000        0.1158867
       3.0000000        0.1721519
       4.0000000        0.2085151
       5.0000000        0.2343904
       6.0000000        0.2530409
       7.0000000        0.2668472
       8.0000000        0.2784136
       9.0000000        0.2884603
      10.0000000        0.2974245
      11.0000000        0.3053626
      12.0000000        0.3104814
      13.0000000        0.3100338
      14.0000000        0.3041466
      15.0000000        0.2969295
      16.0000000        0.2936421
       1.0000000        0.0406068
       2.0000000        0.1138984
       3.0000000        0.1692007
       4.0000000        0.2057238
       5.0000000        0.2328027
       6.0000000        0.2536896
       7.0000000        0.2705835
       8.0000000        0.2851748
       9.0000000        0.2978242
      10.0000000        0.3093185
      11.0000000        0.3194410
      12.0000000        0.3258985
      13.0000000        0.3274003
      14.0000000        0.3255896
      15.0000000        0.3230065
      16.0000000        0.3217979
       1.0000000        0.0403819
       2.0000000        0.1140702
       3.0000000        0.1692407
       4.0000000        0.2039735
       5.0000000        0.2296210
       6.0000000        0.2510636
       7.0000000        0.2691925
       8.0000000        0.2851706
       9.0000000        0.3004241
      10.0000000        0.3144504
      11.0000000        0.3253206
      12.0000000        0.3322323
      13.0000000        0.3368099
      14.0000000        0.3405816
      15.0000000        0.3430605
      16.0000000        0.3438845
       1.0000000        0.0404527
       2.0000000        0.1142170
       3.0000000        0.1691516
       4.0000000        0.2032800
       5.0000000        0.2285495
       6.0000000        0.2503157
       7.0000000        0.2700140
       8.0000000        0.2883948
       9.0000000        0.3053654
      10.0000000        0.3195839
      11.0000000        0.3297413
      12.0000000        0.3360238
      13.0000000        0.3401686
      14.0000000        0.3435572
      15.0000000        0.3460253
      16.0000000        0.3469166
       1.0000000        0.0407478
       2.0000000        0.1140676
       3.0000000        0.1680016
       4.0000000        0.2025150
       5.0000000        0.2292238
       6.0000000        0.2522359
       7.0000000        0.2719541
       8.0000000        0.2890057
       9.0000000        0.3052278
      10.0000000        0.3209156
      11.0000000        0.3337935
      12.0000000        0.3415496
      13.0000000        0.3447967
      14.0000000        0.3467786
      15.0000000        0.3493558
      16.0000000        0.3507876
       1.0000000        0.0413205
       2.0000000        0.1156842
       3.0000000        0.1706387
       4.0000000        0.2060662
       5.0000000        0.2339156
       6.0000000        0.2570813
       7.0000000        0.2752080
       8.0000000        0.2908090
       9.0000000        0.3063399
      10.0000000        0.3209751
      11.0000000        0.3324249
      12.0000000        0.3405408
      13.0000000        0.3472323
      14.0000000        0.3536294
      15.0000000        0.3584991
      16.0000000        0.3602339
       1.0000000        0.0405704
       2.0000000        0.1150267
       3.0000000        0.1722038
       4.0000000        0.2100223
       5.0000000        0.2387708
       6.0000000        0.2611424
       7.0000000        0.2768198
       8.0000000        0.2884577
       9.0000000        0.3001742
      10.0000000        0.3127762
      11.0000000        0.3241851
      12.0000000        0.3333276
      13.0000000        0.3414613
      14.0000000        0.3487847
      15.0000000        0.3535522
      16.0000000        0.3551174
       1.0000000        0.0381571
       2.0000000        0.1094468
       3.0000000        0.1643354
       4.0000000        0.1988968
       5.0000000        0.2237227
       6.0000000        0.2432987
       7.0000000        0.2581198
       8.0000000        0.2693950
       9.0000000        0.2793566
      10.0000000        0.2897679
      11.0000000        0.3003681
      12.0000000        0.3097069
      13.0000000        0.3176513
      14.0000000        0.3244012
      15.0000000        0.3289658
      16.0000000        0.3305031
       1.0000000        0.0359085
       2.0000000        0.1030180
       3.0000000        0.1540654
       4.0000000        0.1854322
       5.0000000        0.2079085
       6.0000000        0.2259139
       7.0000000        0.2396751
       8.0000000        0.2505076
       9.0000000        0.2601969
      10.0000000        0.2693498
      11.0000000        0.2777024
      12.0000000        0.2847957
      13.0000000        0.2910943
      14.0000000        0.2971092
      15.0000000        0.3015461
      16.0000000        0.3030549
       1.0000000        0.0351718
       2.0000000        0.1008159
       3.0000000        0.1504180
       4.0000000        0.1806460
       5.0000000        0.2024746
       6.0000000        0.2197212
       7.0000000        0.2325568
       8.0000000        0.2426901
       9.0000000        0.2512637
      10.0000000        0.2584188
      11.0000000        0.2655062
      12.0000000        0.2740623
      13.0000000        0.2832845
      14.0000000        0.2906665
      15.0000000        0.2945717
      16.0000000        0.2955374
       1.0000000        0.0346065
       2.0000000        0.0992752
       3.0000000        0.1484267
       4.0000000        0.1789152
       5.0000000        0.2015968
       6.0000000        0.2204095
       7.0000000        0.2345764
       8.0000000        0.2441988
       9.0000000        0.2509342
      10.0000000        0.2577466
      11.0000000        0.2663451
      12.0000000        0.2760377
      13.0000000        0.2857777
      14.0000000        0.2949701
      15.0000000        0.3018700
      16.0000000        0.3044070
       1.0000000        0.0348455
       2.0000000        0.0999219
       3.0000000        0.1500066
       4.0000000        0.1815805
       5.0000000        0.2043822
       6.0000000        0.2229713
       7.0000000        0.2377251
       8.0000000        0.2487831
       9.0000000        0.2574404
      10.0000000        0.2650366
      11.0000000        0.2722047
      12.0000000        0.2801222
      13.0000000        0.2899103
      14.0000000        0.2995344
      15.0000000        0.3056360
      16.0000000        0.3075239
       1.0000000        0.0360196
       2.0000000        0.1034948
       3.0000000        0.1565233
       4.0000000        0.1919158
       5.0000000        0.2187358
       6.0000000        0.2395082
       7.0000000        0.2541234
       8.0000000        0.2648962
       9.0000000        0.2737757
      10.0000000        0.2812002
      11.0000000        0.2877452
      12.0000000        0.2950790
      13.0000000        0.3035436
      14.0000000        0.3107676
      15.0000000        0.3146614
      16.0000000        0.3157129
       1.0000000        0.0364005
       2.0000000        0.1049426
       3.0000000        0.1596814
       4.0000000        0.1970461
       5.0000000        0.2253743
       6.0000000        0.2469341
       7.0000000        0.2622240
       8.0000000        0.2737758
       9.0000000        0.2838153
      10.0000000        0.2925899
      11.0000000        0.3000509
      12.0000000        0.3069822
      13.0000000        0.3133706
      14.0000000        0.3172663
      15.0000000        0.3177572
      16.0000000        0.3173189
       1.0000000        0.0361336
       2.0000000        0.1048286
       3.0000000        0.1603458
       4.0000000        0.1977111
       5.0000000        0.2245357
       6.0000000        0.2437735
       7.0000000        0.2566565
       8.0000000        0.2657306
       9.0000000        0.2735502
      10.0000000        0.2816529
      11.0000000        0.2904643
      12.0000000        0.2988282
      13.0000000        0.3050726
      14.0000000        0.3083086
      15.0000000        0.3090965
      16.0000000        0.3090321
       1.0000000        0.0378148
       2.0000000        0.1085330
       3.0000000        0.1632165
       4.0000000        0.1977578
       5.0000000        0.2215927
       6.0000000        0.2374744
       7.0000000        0.2465317
       8.0000000        0.2525470
       9.0000000        0.2590957
      10.0000000        0.2676821
      11.0000000        0.2777771
      12.0000000        0.2877596
      13.0000000        0.2958934
      14.0000000        0.3008459
      15.0000000        0.3024665
      16.0000000        0.3025793
       1.0000000        0.0393791
       2.0000000        0.1119712
       3.0000000        0.1663301
       4.0000000        0.1990694
       5.0000000        0.2208613
       6.0000000        0.2353998
       7.0000000        0.2435631
       8.0000000        0.2478910
       9.0000000        0.2529924
      10.0000000        0.2609252
      11.0000000        0.2696386
      12.0000000        0.2775568
      13.0000000        0.2851409
      14.0000000        0.2917858
      15.0000000        0.2959870
      16.0000000        0.2972912
       1.0000000        0.0408649
       2.0000000        0.1151053
       3.0000000        0.1687880
       4.0000000        0.2001966
       5.0000000        0.2214044
       6.0000000        0.2355840
       7.0000000        0.2430391
       8.0000000        0.2465733
       9.0000000        0.2506558
      10.0000000        0.2579322
      11.0000000        0.2669505
      12.0000000        0.2743786
      13.0000000        0.2791429
      14.0000000        0.2825669
      15.0000000        0.2851305
      16.0000000        0.2861200
       1.0000000        0.0407086
       2.0000000        0.1154076
       3.0000000        0.1705199
       4.0000000        0.2034549
       5.0000000        0.2251303
       6.0000000        0.2383363
       7.0000000        0.2447021
       8.0000000        0.2477406
       9.0000000        0.2516146
      10.0000000        0.2586773
      11.0000000        0.2669105
      12.0000000        0.2732640
      13.0000000        0.2780997
      14.0000000        0.2822427
      15.0000000        0.2843607
      16.0000000        0.2847148
       1.0000000        0.0402240
       2.0000000        0.1139709
       3.0000000        0.1688055
       4.0000000        0.2021043
       5.0000000        0.2239755
       6.0000000        0.2368722
       7.0000000        0.2428162
       8.0000000        0.2463886
       9.0000000        0.2503759
      10.0000000        0.2554479
      11.0000000        0.2619647
      12.0000000        0.2689269
      13.0000000        0.2741673
      14.0000000        0.2772881
      15.0000000        0.2793528
      16.0000000        0.2802302
       1.0000000        0.0395704
       2.0000000        0.1119473
       3.0000000        0.1655211
       4.0000000        0.1982587
       5.0000000        0.2200514
       6.0000000        0.2335071
       7.0000000        0.2409293
       8.0000000        0.2456987
       9.0000000        0.2484871
      10.0000000        0.2499226
      11.0000000        0.2526802
      12.0000000        0.2580552
      13.0000000        0.2643761
      14.0000000        0.2698133
      15.0000000        0.2738732
      16.0000000        0.2755846
       1.0000000        0.0394542
       2.0000000        0.1108570
       3.0000000        0.1637746
       4.0000000        0.1970464
       5.0000000        0.2197528
       6.0000000        0.2346031
       7.0000000        0.2427581
       8.0000000        0.2459205
       9.0000000        0.2450729
      10.0000000        0.2439552
      11.0000000        0.2465411
      12.0000000        0.2509127
      13.0000000        0.2539785
      14.0000000        0.2562536
      15.0000000        0.2592569
      16.0000000        0.2609847
       1.0000000        0.0399042
       2.0000000        0.1122136
       3.0000000        0.1657400
       4.0000000        0.1986847
       5.0000000        0.2204731
       6.0000000        0.2342273
       7.0000000        0.2414856
       8.0000000        0.2439590
       9.0000000        0.2429105
      10.0000000        0.2412593
      11.0000000        0.2411685
      12.0000000        0.2419006
      13.0000000        0.2420840
      14.0000000        0.2421761
      15.0000000        0.2429568
      16.0000000        0.2434759
       1.0000000        0.0396910
       2.0000000        0.1115662
       3.0000000        0.1635094
       4.0000000        0.1937278
       5.0000000        0.2135133
       6.0000000        0.2265755
       7.0000000        0.2340341
       8.0000000        0.2373945
       9.0000000        0.2384006
      10.0000000        0.2385426
      11.0000000        0.2374078
      12.0000000        0.2343770
      13.0000000        0.2308824
      14.0000000        0.2291641
      15.0000000        0.2293885
      16.0000000        0.2297486
       1.0000000        0.0380287
       2.0000000        0.1067877
       3.0000000        0.1556821
       4.0000000        0.1836668
       5.0000000        0.2030794
       6.0000000        0.2180704
       7.0000000        0.2277945
       8.0000000        0.2320122
       9.0000000        0.2337227
      10.0000000        0.2354664
      11.0000000        0.2357831
      12.0000000        0.2331192
      13.0000000        0.2291898
      14.0000000        0.2259434
      15.0000000        0.2238494
      16.0000000        0.2231095
       1.0000000        0.0378071
       2.0000000        0.1054169
       3.0000000        0.1527224
       4.0000000        0.1795484
       5.0000000        0.1983021
       6.0000000        0.2119440
       7.0000000        0.2201998
       8.0000000        0.2253629
       9.0000000        0.2295682
      10.0000000        0.2321921
      11.0000000        0.2323903
      12.0000000        0.2314889
      13.0000000        0.2304920
      14.0000000        0.2290786
      15.0000000        0.2271560
      16.0000000        0.2261196
       1.0000000        0.0373908
       2.0000000        0.1045400
       3.0000000        0.1523745
       4.0000000        0.1802928
       5.0000000        0.1985796
       6.0000000        0.2099617
       7.0000000        0.2174199
       8.0000000        0.2243831
       9.0000000        0.2304400
      10.0000000        0.2340902
      11.0000000        0.2361614
      12.0000000        0.2381220
      13.0000000        0.2390455
      14.0000000        0.2378799
      15.0000000        0.2360032
      16.0000000        0.2352278
       1.0000000        0.0357538
       2.0000000        0.1001462
       3.0000000        0.1469699
       4.0000000        0.1750056
       5.0000000        0.1930340
       6.0000000        0.2052474
       7.0000000        0.2151935
       8.0000000        0.2239438
       9.0000000        0.2304408
      10.0000000        0.2351513
      11.0000000        0.2391124
      12.0000000        0.2431197
      13.0000000        0.2467645
      14.0000000        0.2483953
      15.0000000        0.2478058
      16.0000000        0.2471159
       1.0000000        0.0349165
       2.0000000        0.0976817
       3.0000000        0.1432231
       4.0000000        0.1702564
       5.0000000        0.1887611
       6.0000000        0.2034498
       7.0000000        0.2152888
       8.0000000        0.2249016
       9.0000000        0.2337387
      10.0000000        0.2419652
      11.0000000        0.2477883
      12.0000000        0.2511679
      13.0000000        0.2536841
      14.0000000        0.2555154
      15.0000000        0.2555186
      16.0000000        0.2549180
       1.0000000        0.0343460
       2.0000000        0.0961433
       3.0000000        0.1414610
       4.0000000        0.1694582
       5.0000000        0.1900757
       6.0000000        0.2070159
       7.0000000        0.2204604
       8.0000000        0.2319911
       9.0000000        0.2427244
      10.0000000        0.2518775
      11.0000000        0.2582871
      12.0000000        0.2625325
      13.0000000        0.2663317
      14.0000000        0.2693954
      15.0000000        0.2707705
      16.0000000        0.2710982
       1.0000000        0.0323136
       2.0000000        0.0915891
       3.0000000        0.1373428
       4.0000000        0.1689243
       5.0000000        0.1943791
       6.0000000        0.2148681
       7.0000000        0.2292768
       8.0000000        0.2388967
       9.0000000        0.2473154
      10.0000000        0.2573596
      11.0000000        0.2672220
      12.0000000        0.2735169
      13.0000000        0.2772554
      14.0000000        0.2811801
      15.0000000        0.2848153
      16.0000000        0.2862793
       1.0000000        0.0313894
       2.0000000        0.0908376
       3.0000000        0.1389777
       4.0000000        0.1736139
       5.0000000        0.2017141
       6.0000000        0.2242352
       7.0000000        0.2400808
       8.0000000        0.2509853
       9.0000000        0.2604285
      10.0000000        0.2696995
      11.0000000        0.2775849
      12.0000000        0.2837282
      13.0000000        0.2893416
      14.0000000        0.2944783
      15.0000000        0.2978129
      16.0000000        0.2988753
       1.0000000        0.0320291
       2.0000000        0.0922298
       3.0000000        0.1409410
       4.0000000        0.1762769
       5.0000000        0.2042549
       6.0000000        0.2261851
       7.0000000        0.2430204
       8.0000000        0.2561235
       9.0000000        0.2664563
      10.0000000        0.2753806
      11.0000000        0.2837443
      12.0000000        0.2909278
      13.0000000        0.2961675
      14.0000000        0.3000328
      15.0000000        0.3030815
      16.0000000        0.3043972
       1.0000000        0.0324412
       2.0000000        0.0934898
       3.0000000        0.1428618
       4.0000000        0.1770280
       5.0000000        0.2017912
       6.0000000        0.2210912
       7.0000000        0.2369840
       8.0000000        0.2502760
       9.0000000        0.2616742
      10.0000000        0.2714935
      11.0000000        0.2795657
      12.0000000        0.2859681
      13.0000000        0.2905173
      14.0000000        0.2930809
      15.0000000        0.2943073
      16.0000000        0.2946568
       1.0000000        0.0313730
       2.0000000        0.0909325
       3.0000000        0.1383502
       4.0000000        0.1694257
       5.0000000        0.1922219
       6.0000000        0.2109527
       7.0000000        0.2267689
       8.0000000        0.2405635
       9.0000000        0.2519887
      10.0000000        0.2601600
      11.0000000        0.2662176
      12.0000000        0.2715815
      13.0000000        0.2758558
      14.0000000        0.2785180
      15.0000000        0.2797113
      16.0000000        0.2799816
       1.0000000        0.0314036
       2.0000000        0.0901784
       3.0000000        0.1351291
       4.0000000        0.1643305
       5.0000000        0.1876816
       6.0000000        0.2078053
       7.0000000        0.2235505
       8.0000000        0.2354670
       9.0000000        0.2445101
      10.0000000        0.2508904
      11.0000000        0.2556398
      12.0000000        0.2599284
      13.0000000        0.2637056
      14.0000000        0.2661467
      15.0000000        0.2670595
      16.0000000        0.2672184
       1.0000000        0.0295463
       2.0000000        0.0848432
       3.0000000        0.1282056
       4.0000000        0.1582289
       5.0000000        0.1821160
       6.0000000        0.2008574
       7.0000000        0.2143481
       8.0000000        0.2246257
       9.0000000        0.2332837
      10.0000000        0.2399875
      11.0000000        0.2442181
      12.0000000        0.2471019
      13.0000000        0.2495544
      14.0000000        0.2511123
      15.0000000        0.2512887
      16.0000000        0.2510158
       1.0000000        0.0286062
       2.0000000        0.0822033
       3.0000000        0.1248661
       4.0000000        0.1538607
       5.0000000        0.1755128
       6.0000000        0.1931745
       7.0000000        0.2076225
       8.0000000        0.2185826
       9.0000000        0.2258889
      10.0000000        0.2303415
      11.0000000        0.2329641
      12.0000000        0.2349530
      13.0000000        0.2362882
      14.0000000        0.2360578
      15.0000000        0.2349239
      16.0000000        0.2343799
       1.0000000        0.0285585
       2.0000000        0.0827274
       3.0000000        0.1258157
       4.0000000        0.1549123
       5.0000000        0.1777487
       6.0000000        0.1969848
       7.0000000        0.2116459
       8.0000000        0.2213767
       9.0000000        0.2275151
      10.0000000        0.2312129
      11.0000000        0.2328441
      12.0000000        0.2331509
      13.0000000        0.2326498
      14.0000000        0.2321315
      15.0000000        0.2323654
      16.0000000        0.2326952
       1.0000000        0.0291167
       2.0000000        0.0845844
       3.0000000        0.1291051
       4.0000000        0.1594321
       5.0000000        0.1831901
       6.0000000        0.2031645
       7.0000000        0.2189359
       8.0000000        0.2298019
       9.0000000        0.2360901
      10.0000000        0.2396345
      11.0000000        0.2420701
      12.0000000        0.2430380
      13.0000000        0.2421117
      14.0000000        0.2407252
      15.0000000        0.2403518
      16.0000000        0.2405102
       1.0000000        0.0302887
       2.0000000        0.0878496
       3.0000000        0.1336394
       4.0000000        0.1635184
       5.0000000        0.1854994
       6.0000000        0.2039302
       7.0000000        0.2190118
       8.0000000        0.2303628
       9.0000000        0.2382405
      10.0000000        0.2434707
      11.0000000        0.2469363
      12.0000000        0.2487605
      13.0000000        0.2492665
      14.0000000        0.2495337
      15.0000000        0.2498180
      16.0000000        0.2498788
       1.0000000        0.0311950
       2.0000000        0.0897423
       3.0000000        0.1349171
       4.0000000        0.1631126
       5.0000000        0.1833260
       6.0000000        0.2000304
       7.0000000        0.2141136
       8.0000000        0.2250687
       9.0000000        0.2319733
      10.0000000        0.2351525
      11.0000000        0.2368408
      12.0000000        0.2386149
      13.0000000        0.2403200
      14.0000000        0.2415663
      15.0000000        0.2422429
      16.0000000        0.2424182
       1.0000000        0.0308627
       2.0000000        0.0886412
       3.0000000        0.1331884
       4.0000000        0.1608509
       5.0000000        0.1797822
       6.0000000        0.1944036
       7.0000000        0.2059008
       8.0000000        0.2142883
       9.0000000        0.2197815
      10.0000000        0.2228993
      11.0000000        0.2247314
      12.0000000        0.2265122
      13.0000000        0.2281954
      14.0000000        0.2292396
      15.0000000        0.2299927
      16.0000000        0.2304154
       1.0000000        0.0317518
       2.0000000        0.0918983
       3.0000000        0.1393299
       4.0000000        0.1695318
       5.0000000        0.1896155
       6.0000000        0.2033256
       7.0000000        0.2130191
       8.0000000        0.2204650
       9.0000000        0.2254480
      10.0000000        0.2278526
      11.0000000        0.2289083
      12.0000000        0.2296415
      13.0000000        0.2304868
      14.0000000        0.2312287
      15.0000000        0.2312461
      16.0000000        0.2310512
       1.0000000        0.0327094
       2.0000000        0.0947582
       3.0000000        0.1436408
       4.0000000        0.1746285
       5.0000000        0.1959657
       6.0000000        0.2119277
       7.0000000        0.2243093
       8.0000000        0.2338218
       9.0000000        0.2399025
      10.0000000        0.2430370
      11.0000000        0.2448643
      12.0000000        0.2465272
      13.0000000        0.2484366
      14.0000000        0.2503098
      15.0000000        0.2512482
      16.0000000        0.2513769
       1.0000000        0.0341855
       2.0000000        0.0980106
       3.0000000        0.1473172
       4.0000000        0.1791383
       5.0000000        0.2022716
       6.0000000        0.2195057
       7.0000000        0.2313728
       8.0000000        0.2404592
       9.0000000        0.2484886
      10.0000000        0.2549537
      11.0000000        0.2597591
      12.0000000        0.2638552
      13.0000000        0.2675019
      14.0000000        0.2704207
      15.0000000        0.2723608
      16.0000000        0.2730349
       1.0000000        0.0358801
       2.0000000        0.1021758
       3.0000000        0.1532857
       4.0000000        0.1860839
       5.0000000        0.2095044
       6.0000000        0.2272599
       7.0000000        0.2405095
       8.0000000        0.2516024
       9.0000000        0.2616401
      10.0000000        0.2701278
      11.0000000        0.2772033
      12.0000000        0.2825553
      13.0000000        0.2854049
      14.0000000        0.2857459
      15.0000000        0.2847768
      16.0000000        0.2841746
       1.0000000        0.0362592
       2.0000000        0.1038368
       3.0000000        0.1561915
       4.0000000        0.1896782
       5.0000000        0.2129801
       6.0000000        0.2303107
       7.0000000        0.2446367
       8.0000000        0.2579517
       9.0000000        0.2697266
      10.0000000        0.2786168
      11.0000000        0.2836370
      12.0000000        0.2850870
      13.0000000        0.2850333
      14.0000000        0.2848007
      15.0000000        0.2845434
      16.0000000        0.2843884
       1.0000000        0.0355559
       2.0000000        0.1023713
       3.0000000        0.1553175
       4.0000000        0.1908225
       5.0000000        0.2166267
       6.0000000        0.2354517
       7.0000000        0.2492567
       8.0000000        0.2600031
       9.0000000        0.2670408
      10.0000000        0.2701888
      11.0000000        0.2709219
      12.0000000        0.2706610
      13.0000000        0.2703915
      14.0000000        0.2696763
      15.0000000        0.2682924
      16.0000000        0.2675135
       1.0000000        0.0350458
       2.0000000        0.1017469
       3.0000000        0.1560784
       4.0000000        0.1937444
       5.0000000        0.2213604
       6.0000000        0.2404829
       7.0000000        0.2518924
       8.0000000        0.2580459
       9.0000000        0.2599733
      10.0000000        0.2587733
      11.0000000        0.2571918
      12.0000000        0.2561918
      13.0000000        0.2549019
      14.0000000        0.2535883
      15.0000000        0.2532052
      16.0000000        0.2533070
       1.0000000        0.0364714
       2.0000000        0.1062229
       3.0000000        0.1633853
       4.0000000        0.2027433
       5.0000000        0.2296710
       6.0000000        0.2450810
       7.0000000        0.2509841
       8.0000000        0.2509715
       9.0000000        0.2481375
      10.0000000        0.2453866
      11.0000000        0.2442521
      12.0000000        0.2449467
      13.0000000        0.2470494
      14.0000000        0.2493063
      15.0000000        0.2508569
      16.0000000        0.2514557
       1.0000000        0.0378642
       2.0000000        0.1100977
       3.0000000        0.1679701
       4.0000000        0.2048569
       5.0000000        0.2275563
       6.0000000        0.2386454
       7.0000000        0.2413810
       8.0000000        0.2411979
       9.0000000        0.2412547
      10.0000000        0.2424171
      11.0000000        0.2444298
      12.0000000        0.2467496
      13.0000000        0.2497502
      14.0000000        0.2529704
      15.0000000        0.2547520
      16.0000000        0.2550664
       1.0000000        0.0398741
       2.0000000        0.1141548
       3.0000000        0.1701883
       4.0000000        0.2020839
       5.0000000        0.2204981
       6.0000000        0.2321929
       7.0000000        0.2392355
       8.0000000        0.2427361
       9.0000000        0.2445453
      10.0000000        0.2466196
      11.0000000        0.2494797
      12.0000000        0.2523420
      13.0000000        0.2550959
      14.0000000        0.2579215
      15.0000000        0.2602955
      16.0000000        0.2612454
       1.0000000        0.0397501
       2.0000000        0.1129317
       3.0000000        0.1664187
       4.0000000        0.1966817
       5.0000000        0.2157772
       6.0000000        0.2291980
       7.0000000        0.2390671
       8.0000000        0.2471347
       9.0000000        0.2525660
      10.0000000        0.2537511
      11.0000000        0.2525718
      12.0000000        0.2523252
      13.0000000        0.2530140
      14.0000000        0.2530685
      15.0000000        0.2526004
      16.0000000        0.2523822
       1.0000000        0.0403625
       2.0000000        0.1139768
       3.0000000        0.1675322
       4.0000000        0.1982518
       5.0000000        0.2172270
       6.0000000        0.2296565
       7.0000000        0.2392987
       8.0000000        0.2480764
       9.0000000        0.2537386
      10.0000000        0.2551446
      11.0000000        0.2543873
      12.0000000        0.2528288
      13.0000000        0.2501174
      14.0000000        0.2464531
      15.0000000        0.2432467
      16.0000000        0.2420030
       1.0000000        0.0432301
       2.0000000        0.1198696
       3.0000000        0.1730078
       4.0000000        0.2020028
       5.0000000        0.2187744
       6.0000000        0.2281801
       7.0000000        0.2341319
       8.0000000        0.2396208
       9.0000000        0.2443233
      10.0000000        0.2483168
      11.0000000        0.2516042
      12.0000000        0.2522382
      13.0000000        0.2495127
      14.0000000        0.2446049
      15.0000000        0.2398049
      16.0000000        0.2378288
       1.0000000        0.0434166
       2.0000000        0.1199006
       3.0000000        0.1726705
       4.0000000        0.2008840
       5.0000000        0.2162794
       6.0000000        0.2240145
       7.0000000        0.2282000
       8.0000000        0.2322038
       9.0000000        0.2358916
      10.0000000        0.2393970
      11.0000000        0.2436998
      12.0000000        0.2474796
      13.0000000        0.2494883
      14.0000000        0.2494990
      15.0000000        0.2477415
      16.0000000        0.2465861
       1.0000000        0.0424516
       2.0000000        0.1161894
       3.0000000        0.1661340
       4.0000000        0.1933697
       5.0000000        0.2086095
       6.0000000        0.2164130
       7.0000000        0.2223603
       8.0000000        0.2282948
       9.0000000        0.2318434
      10.0000000        0.2342569
      11.0000000        0.2378457
      12.0000000        0.2419066
      13.0000000        0.2458578
      14.0000000        0.2496155
      15.0000000        0.2522990
      16.0000000        0.2532290
       1.0000000        0.0429245
       2.0000000        0.1168013
       3.0000000        0.1656505
       4.0000000        0.1911952
       5.0000000        0.2060106
       6.0000000        0.2152191
       7.0000000        0.2223556
       8.0000000        0.2294196
       9.0000000        0.2355007
      10.0000000        0.2398875
      11.0000000        0.2445806
      12.0000000        0.2505182
      13.0000000        0.2557667
      14.0000000        0.2578259
      15.0000000        0.2567390
      16.0000000        0.2556625
       1.0000000        0.0444023
       2.0000000        0.1202809
       3.0000000        0.1706149
       4.0000000        0.1979682
       5.0000000        0.2144775
       6.0000000        0.2248996
       7.0000000        0.2326963
       8.0000000        0.2401496
       9.0000000        0.2466310
      10.0000000        0.2525288
      11.0000000        0.2585289
      12.0000000        0.2630895
      13.0000000        0.2664242
      14.0000000        0.2694157
      15.0000000        0.2710825
      16.0000000        0.2713820
       1.0000000        0.0439957
       2.0000000        0.1212045
       3.0000000        0.1736331
       4.0000000        0.2012599
       5.0000000        0.2173825
       6.0000000        0.2280323
       7.0000000        0.2358326
       8.0000000        0.2415425
       9.0000000        0.2451514
      10.0000000        0.2481890
      11.0000000        0.2518789
      12.0000000        0.2555736
      13.0000000        0.2589474
      14.0000000        0.2622515
      15.0000000        0.2645243
      16.0000000        0.2652277
       1.0000000        0.0426805
       2.0000000        0.1181967
       3.0000000        0.1694474
       4.0000000        0.1970230
       5.0000000        0.2150256
       6.0000000        0.2268745
       7.0000000        0.2328414
       8.0000000        0.2350575
       9.0000000        0.2353350
      10.0000000        0.2353337
      11.0000000        0.2374224
      12.0000000        0.2426472
      13.0000000        0.2491208
      14.0000000        0.2531480
      15.0000000        0.2534065
      16.0000000        0.2527432
       1.0000000        0.0423860
       2.0000000        0.1168942
       3.0000000        0.1667362
       4.0000000        0.1937895
       5.0000000        0.2121156
       6.0000000        0.2249011
       7.0000000        0.2323903
       8.0000000        0.2353230
       9.0000000        0.2347069
      10.0000000        0.2328662
      11.0000000        0.2329110
      12.0000000        0.2364455
      13.0000000        0.2416318
      14.0000000        0.2452496
      15.0000000        0.2460656
      16.0000000        0.2458868
