1 0.0460506658333344
2 0.0536614658333345
3 0.0595889658333344
4 0.0584175658333344
5 0.0500333658333343
6 0.0356099658333342
7 0.0203598658333344
8 0.0049197658333342
9 -0.0016269341666657
10 -0.0039849341666658
11 0.0042013658333344
12 0.0227465658333346
13 0.0361320658333342
14 0.0563446658333344
15 0.0720493658333345
16 0.0737598658333343
17 0.0630679658333344
18 0.0491842658333344
19 0.0203849658333342
20 -0.0210762341666655
21 -0.0486201341666654
22 -0.0577800341666657
23 -0.0713908341666656
24 -0.0866557341666656
25 -0.0864289341666655
26 -0.0820370341666656
27 -0.0803902341666656
28 -0.0740631341666655
29 -0.0572256341666657
30 -0.0402023341666657
31 -0.0286892341666656
32 -0.0178526341666658
33 -0.0095901341666655
34 0.0022802658333343
35 0.0067394658333342
36 0.0163757658333346
37 0.0271854658333344
38 0.0232029658333341
39 0.0111576658333346
40 0.0185174658333342
41 0.0351902658333345
42 0.0368012658333345
43 0.0322434658333344
44 0.0237053658333344
45 0.0125097658333342
46 -0.0017633341666659
47 -0.0077509341666655
48 -0.0102008341666657
49 -0.0227905341666657
50 -0.0317534341666654
51 -0.0217872341666658
52 -0.0075122341666658
53 -0.0063819341666655
54 -0.0144138341666658
55 -0.0204076341666655
56 -0.0314736341666655
57 -0.0515380341666658
58 -0.0608433341666657
59 -0.0648046341666655
60 -0.0667157341666655
61 -0.0582825341666657
62 -0.0480094341666657
63 -0.0493962341666658
64 -0.0527735341666657
65 -0.0514978341666654
66 -0.0542045341666655
67 -0.0664218341666656
68 -0.0705610341666656
69 -0.0586318341666656
70 -0.0444949341666656
71 -0.0410587341666657
72 -0.0459236341666656
73 -0.0414889341666655
74 -0.0340684341666657
75 -0.0227309341666655
76 -0.0186548341666657
77 -0.0251414341666658
78 -0.0222471341666655
79 -0.0048906341666655
80 0.0197652658333345
81 0.0520723658333342
82 0.0907147658333343
83 0.1217580658333342
84 0.1318941658333346
85 0.1222295658333343
86 0.1051569658333342
87 0.0765942658333345
88 0.0564917658333344
89 0.0351340658333346
90 0.0191750658333345
91 0.0121492658333344
92 -0.0046607341666656
93 -0.0263440341666659
94 -0.0418563341666656
95 -0.0431723341666657
96 -0.0415128341666655
97 -0.0561884341666659
98 -0.0770096341666657
99 -0.0974019341666654
100 -0.1101407341666656
101 -0.1112867341666655
102 -0.1071937341666658
103 -0.0926069341666658
104 -0.0739188341666654
105 -0.0586143341666658
106 -0.0311384341666656
107 0.0082137658333346
108 0.0364211658333344
109 0.0487750658333344
110 0.0578938658333343
111 0.0662934658333345
112 0.0673968658333344
113 0.0529741658333345
114 0.0317801658333345
115 0.0050058658333345
116 -0.0184589341666657
117 -0.0248174341666658
118 -0.0218521341666658
119 -0.0162941341666656
120 -0.0172761341666656
121 -0.0277480341666658
122 -0.0398308341666658
123 -0.0486402341666659
124 -0.0540092341666658
125 -0.0486176341666655
126 -0.0511646341666658
127 -0.0595207341666657
128 -0.0586530341666656
129 -0.0484901341666655
130 -0.0415312341666656
131 -0.0388948341666655
132 -0.0437909341666658
133 -0.0419964341666654
134 -0.0295430341666658
135 -0.0222536341666655
136 -0.0133791341666658
137 0.0165499658333346
138 0.0500494658333341
139 0.0712826658333343
140 0.0787839658333342
141 0.0712794658333342
142 0.0596280658333344
143 0.0470322658333342
144 0.0362243658333345
145 0.0327442658333346
146 0.0305602658333344
147 0.0308404658333346
148 0.0197383658333345
149 0.0019165658333344
150 -0.0076800341666656
151 0.0026440658333344
152 0.0232273658333342
153 0.0344456658333345
154 0.0359061658333344
155 0.0377953658333343
156 0.0375646658333344
157 0.0319793658333345
158 0.0208415658333343
159 0.0129511658333343
160 0.0102299658333345
161 0.0203278658333343
162 0.0343670658333344
163 0.0411455658333342
164 0.0385750658333341
165 0.0273238658333343
166 0.0126242658333342
167 -0.0006336341666655
168 -0.0014474341666655
169 0.0188411658333343
170 0.0448170658333344
171 0.0512609658333343
172 0.0400194658333342
173 0.0384410658333345
174 0.0399941658333343
175 0.0422446658333344
176 0.0442279658333344
177 0.0454387658333344
178 0.0432669658333342
179 0.0530378658333341
180 0.0794844658333345
181 0.0999395658333344
182 0.1103608658333344
183 0.1183265658333346
184 0.1209103658333341
185 0.1196061658333343
186 0.1124746658333344
187 0.1032448658333345
188 0.0886827658333345
189 0.0722077658333342
190 0.0568532658333343
191 0.0399845658333344
192 0.0286798658333343
193 0.0180821658333343
194 0.0021303658333345
195 -0.0270979341666657
196 -0.0461937341666658
197 -0.0466567341666657
198 -0.0471896341666658
199 -0.0489384341666654
200 -0.0427062341666655
201 -0.0273612341666656
202 -0.0101154341666656
203 -0.0036381341666658
204 -0.0083405341666656
205 -0.0086437341666659
206 0.0069805658333344
207 0.0179663658333342
208 0.0273922658333343
209 0.0428173658333342
210 0.0489437658333345
211 0.0416210658333345
212 0.0336970658333344
213 0.0288880658333341
214 0.0363280658333345
215 0.0440859658333346
216 0.0491137658333343
217 0.0550948658333343
218 0.0629230658333344
219 0.0597818658333344
220 0.0360422658333341
221 0.0090846658333343
222 -0.0053118341666658
223 -0.0150979341666657
224 -0.0279071341666657
225 -0.0412108341666655
226 -0.0587514341666657
227 -0.0720611341666655
228 -0.0723020341666656
229 -0.0696374341666655
230 -0.0691948341666655
231 -0.0579783341666658
232 -0.0293786341666658
233 0.0023334658333343
234 0.0148570658333345
235 0.0097961658333343
236 0.0026576658333344
237 0.0038151658333345
238 0.0031606658333345
239 -0.0079588341666654
240 -0.0150478341666656
241 -0.0032459341666655
242 0.0198429658333343
243 0.0339741658333343
244 0.0308538658333344
245 0.0154816658333345
246 0.0047599658333342
247 -0.0041067341666658
248 -0.0011481341666655
249 0.0126953658333342
250 0.0174623658333344
251 0.0149555658333345
252 0.0201877658333345
253 0.0176606658333345
254 0.0028973658333342
255 -0.0187236341666654
256 -0.0403557341666656
257 -0.0561964341666656
258 -0.0609382341666658
259 -0.0567604341666654
260 -0.0495117341666655
261 -0.0609240341666655
262 -0.0660122341666658
263 -0.0551917341666655
264 -0.0354360341666657
265 -0.0246607341666656
266 -0.0248423341666655
267 -0.0203053341666655
268 -0.0000429341666655
269 0.0247636658333343
270 0.0420719658333342
271 0.0452148658333344
272 0.0372142658333345
273 0.0352983658333343
274 0.0526985658333343
275 0.0798789658333345
276 0.1004465658333342
277 0.0991337658333342
278 0.0814468658333345
279 0.0593962658333345
280 0.0405409658333342
281 0.0293720658333343
282 0.0258082658333345
283 0.0317106658333342
284 0.0375966658333344
285 0.0328938658333344
286 0.0189891658333345
287 0.0014758658333345
288 -0.0204211341666656
289 -0.0385598341666658
290 -0.0479200341666655
291 -0.0504203341666658
292 -0.0483959341666655
293 -0.0452192341666655
294 -0.0378968341666654
295 -0.0383566341666657
296 -0.0474702341666657
297 -0.0600756341666657
298 -0.0623674341666658
299 -0.0522883341666658
300 -0.0429734341666657
301 -0.0354057341666656
302 -0.0303614341666658
303 -0.0240146341666656
304 -0.0206706341666658
305 -0.0235044341666657
306 -0.0324131341666658
307 -0.0268151341666658
308 -0.0047390341666658
309 0.0226142658333344
310 0.0367270658333343
311 0.0377987658333345
312 0.0308988658333345
313 0.0178896658333345
314 -0.0008722341666658
315 -0.0159905341666655
316 -0.0217938341666657
317 -0.0213481341666655
318 -0.0155734341666656
319 -0.0098174341666657
320 0.0035992658333344
321 0.0298674658333344
322 0.0590956658333344
323 0.0746805658333343
324 0.0791158658333342
325 0.0765608658333345
326 0.0725729658333343
327 0.0644382658333345
328 0.0533718658333342
329 0.0562960658333345
330 0.0721939658333342
331 0.0866218658333344
332 0.0831205658333345
333 0.0771872658333344
334 0.0704971658333342
335 0.0610023658333345
336 0.0473880658333345
337 0.0329110658333343
338 0.0387809658333342
339 0.0384053658333343
340 0.0323658658333343
341 0.0347344658333344
342 0.0444916658333345
343 0.0704182658333345
344 0.0921777658333345
345 0.0944148658333344
346 0.0898226658333345
347 0.1032872658333344
348 0.1280193658333344
349 0.1417799658333343
350 0.1274962658333343
351 0.0907951658333346
352 0.0585185658333343
353 0.0535946658333342
354 0.0664546658333345
355 0.0706903658333342
356 0.0585593658333345
357 0.0535271658333345
358 0.0562031658333342
359 0.0456383658333341
360 0.0232179658333345
361 0.0048649658333342
362 -0.0091040341666657
363 -0.0145304341666654
364 -0.0059819341666656
365 0.0144448658333345
366 0.0327394658333344
367 0.0419743658333345
368 0.0260355658333342
369 -0.0026723341666655
370 -0.0156709341666654
371 -0.0112665341666656
372 -0.0047057341666656
373 -0.0022896341666656
374 -0.0028932341666654
375 -0.0038806341666655
376 0.0043421658333345
377 0.0186233658333346
378 0.0295689658333345
379 0.0273871658333342
380 0.0131590658333343
381 0.0141032658333344
382 0.0276858658333343
383 0.0425007658333345
384 0.0556992658333342
385 0.0640631658333342
386 0.0633349658333344
387 0.0633891658333345
388 0.0714898658333345
389 0.0682757658333344
390 0.0555749658333342
391 0.0623940658333342
392 0.0781452658333341
393 0.0710374658333341
394 0.0426121658333343
395 0.0142749658333345
396 -0.0132859341666656
397 -0.0410007341666656
398 -0.0597857341666654
399 -0.0680555341666658
400 -0.0682231341666655
401 -0.0603216341666655
402 -0.0472326341666656
403 -0.0267523341666656
404 0.0006666658333345
405 0.0343794658333345
406 0.0695565658333344
407 0.1090968658333344
408 0.1406033658333343
409 0.1466508658333345
410 0.1447761658333344
411 0.1316988658333345
412 0.1133750658333343
413 0.1037051658333343
414 0.1025691658333345
415 0.1115540658333343
416 0.1077251658333345
417 0.0923714658333346
418 0.0728235658333345
419 0.0572518658333343
420 0.0450953658333342
421 0.0354498658333342
422 0.0232680658333342
423 0.0101301658333344
424 0.0009477658333346
425 -0.0052095341666658
426 -0.0031893341666658
427 0.0012701658333345
428 0.0180616658333346
429 0.0486117658333343
430 0.0729411658333343
431 0.0847732658333342
432 0.0787174658333343
433 0.0680035658333344
434 0.0577147658333343
435 0.0451841658333345
436 0.0292521658333342
437 0.0090153658333345
438 -0.0038084341666655
439 0.0092567658333342
440 0.0332426658333342
441 0.0547376658333345
442 0.0687884658333342
443 0.0704814658333341
444 0.0517907658333345
445 0.0307265658333344
446 0.0239872658333344
447 0.0186776658333345
448 0.0085016658333346
449 0.0030733658333344
450 0.0011394658333344
451 0.0055386658333343
452 0.0118645658333345
453 0.0124631658333345
454 -0.0024460341666654
455 -0.0298532341666657
456 -0.0364994341666658
457 -0.0384471341666655
458 -0.0469655341666657
459 -0.0482729341666657
460 -0.0432884341666657
461 -0.0427106341666654
462 -0.0371045341666658
463 -0.0324865341666656
464 -0.0289823341666655
465 -0.0311164341666657
466 -0.0204417341666656
467 -0.0036450341666656
468 0.0035142658333345
469 -0.0085230341666658
470 -0.0172576341666657
471 -0.0036806341666655
472 0.0207861658333344
473 0.0322892658333345
474 0.0300503658333344
475 0.0231174658333342
476 0.0236617658333342
477 0.0280893658333343
478 0.0327436658333342
479 0.0332282658333343
480 0.0319691658333343
481 0.0299801658333343
482 0.0239485658333343
483 0.0132669658333344
484 0.0112715658333342
485 0.0179297658333342
486 0.0259732658333345
487 0.0322822658333344
488 0.0288837658333345
489 0.0210457658333345
490 0.0115855658333341
491 -0.0105191341666657
492 -0.0371356341666655
493 -0.0646869341666658
494 -0.0880045341666658
495 -0.0965904341666657
496 -0.0886153341666658
497 -0.0882638341666655
498 -0.0914120341666655
499 -0.0869908341666656
500 -0.0595465341666657
501 -0.0152555341666658
502 0.0313423658333343
503 0.0655802658333342
504 0.0814633658333346
505 0.0949742658333346
506 0.1061258658333344
507 0.0935225658333345
508 0.0698584658333345
509 0.0510310658333344
510 0.0373348658333343
511 0.0275418658333342
512 0.0080654658333343
513 -0.0012044341666657
514 0.0160612658333346
515 0.0374188658333345
516 0.0404240658333346
517 0.0339818658333342
518 0.0385275658333342
519 0.0548575658333346
520 0.0704382658333342
521 0.0838563658333342
522 0.0788281658333343
523 0.0578885658333346
524 0.0310806658333345
525 0.0230704658333343
526 0.0309260658333343
527 0.0268735658333346
528 0.0090688658333344
529 0.0034250658333344
530 0.0042852658333343
531 0.0015213658333342
532 0.0035160658333342
533 -0.0047657341666656
534 -0.0168086341666656
535 -0.0278082341666654
536 -0.0301127341666656
537 -0.0287264341666655
538 -0.0195308341666656
539 -0.0128523341666655
540 -0.0245858341666656
541 -0.0440606341666658
542 -0.0509584341666658
543 -0.0443280341666656
544 -0.0274375341666655
545 -0.0112371341666657
546 -0.0148118341666654
547 -0.0204141341666655
548 -0.0221632341666655
549 -0.0392818341666659
550 -0.0506272341666656
551 -0.0579722341666655
552 -0.0626866341666656
553 -0.0573933341666657
554 -0.0427037341666656
555 -0.0303852341666655
556 -0.0290033341666658
557 -0.0339783341666657
558 -0.0391636341666657
559 -0.0393390341666655
560 -0.0247378341666655
561 -0.0061865341666656
562 0.0123439658333342
563 0.0326249658333344
564 0.0584713658333342
565 0.0774313658333345
566 0.0873190658333343
567 0.0863443658333343
568 0.0719846658333343
569 0.0424888658333344
570 0.0179228658333344
571 0.0045803658333345
572 -0.0114572341666657
573 -0.0305944341666655
574 -0.0421839341666654
575 -0.0462557341666656
576 -0.0538965341666655
577 -0.0669419341666657
578 -0.0833833341666654
579 -0.0908467341666657
580 -0.0907807341666658
581 -0.0856858341666658
582 -0.0719159341666655
583 -0.0584584341666656
584 -0.0437364341666657
585 -0.0290837341666657
586 -0.0149432341666658
587 -0.0043478341666656
588 0.0118875658333342
589 0.0216271658333342
590 0.0188378658333344
591 0.0152485658333346
592 0.0141477658333344
593 0.0228993658333345
594 0.0371987658333341
595 0.0323941658333342
596 0.0218066658333345
597 0.0217445658333344
598 0.0236990658333345
599 0.0241072658333343
600 0.0204723658333346
1 0.0144930658333342
2 0.0506019658333345
3 0.0773192658333341
4 0.0915923658333342
5 0.1010951658333346
6 0.0987370658333342
7 0.0895673658333345
8 0.0650547658333345
9 0.0354515658333345
10 0.0228967658333343
11 0.0171470658333344
12 0.0037640658333342
13 -0.0127668341666656
14 -0.0209424341666655
15 -0.0342590341666655
16 -0.0587122341666655
17 -0.0850918341666658
18 -0.0981640341666656
19 -0.1023297341666658
20 -0.1003781341666659
21 -0.0948503341666656
22 -0.0904629341666658
23 -0.0927820341666656
24 -0.0876612341666658
25 -0.0793398341666656
26 -0.0814760341666658
27 -0.0834988341666656
28 -0.0803820341666657
29 -0.0747744341666658
30 -0.0672192341666658
31 -0.0605947341666657
32 -0.0526102341666657
33 -0.0370019341666659
34 -0.0211880341666655
35 -0.0040205341666657
36 0.0073325658333343
37 0.0067094658333344
38 0.0005031658333343
39 -0.0143748341666656
40 -0.0318677341666658
41 -0.0356122341666656
42 -0.0390118341666654
43 -0.0515922341666655
44 -0.0544204341666656
45 -0.0461885341666655
46 -0.0398911341666657
47 -0.0369449341666654
48 -0.0406709341666658
49 -0.0402629341666656
50 -0.0300166341666657
51 -0.0161080341666655
52 0.0023655658333341
53 0.0142370658333344
54 0.0167404658333346
55 0.0082734658333345
56 0.0106460658333343
57 0.0203768658333345
58 0.0318471658333346
59 0.0431079658333342
60 0.0528854658333344
61 0.0675885658333342
62 0.0836245658333343
63 0.0819543658333344
64 0.0621132658333345
65 0.0450416658333346
66 0.0286352658333344
67 0.0110128658333344
68 0.0007912658333344
69 -0.0103755341666658
70 -0.0302860341666658
71 -0.0507260341666655
72 -0.0498997341666656
73 -0.0405471341666654
74 -0.0202234341666658
75 0.0041793658333344
76 0.0144019658333345
77 0.0091513658333344
78 -0.0061761341666657
79 -0.0211981341666658
80 -0.0329350341666657
81 -0.0367125341666656
82 -0.0366505341666659
83 -0.0461286341666658
84 -0.0666289341666655
85 -0.0745240341666658
86 -0.0660982341666658
87 -0.0497382341666657
88 -0.0269331341666654
89 -0.0086320341666655
90 0.0087972658333344
91 0.0208667658333344
92 0.0253394658333344
93 0.0278905658333342
94 0.0339291658333343
95 0.0283181658333342
96 0.0049801658333344
97 -0.0164970341666657
98 -0.0268950341666656
99 -0.0158618341666656
100 -0.0029398341666655
101 0.0078209658333344
102 0.0198470658333343
103 0.0345502658333343
104 0.0359076658333342
105 0.0233620658333344
106 0.0006821658333345
107 -0.0199115341666656
108 -0.0387679341666658
109 -0.0565704341666655
110 -0.0640199341666658
111 -0.0490870341666656
112 -0.0306160341666657
113 -0.0183308341666657
114 -0.0071811341666654
115 -0.0013958341666656
116 -0.0103702341666656
117 -0.0238871341666655
118 -0.0293198341666656
119 -0.0167120341666656
120 0.0013591658333345
121 0.0071141658333342
122 0.0044008658333343
123 -0.0049965341666658
124 -0.0184214341666658
125 -0.0325906341666657
126 -0.0447368341666659
127 -0.0518203341666656
128 -0.0570551341666659
129 -0.0486757341666655
130 -0.0339930341666657
131 -0.0127475341666656
132 -0.0003190341666657
133 0.0086229658333346
134 0.0228073658333345
135 0.0331794658333342
136 0.0297045658333341
137 0.0191421658333342
138 0.0077502658333342
139 0.0021349658333345
140 -0.0102958341666657
141 -0.0376698341666657
142 -0.0713731341666657
143 -0.0951795341666655
144 -0.1049361341666657
145 -0.1134851341666656
146 -0.1180427341666657
147 -0.1182659341666654
148 -0.1106945341666656
149 -0.1049577341666654
150 -0.0929563341666655
151 -0.0758233341666656
152 -0.0561411341666656
153 -0.0534591341666655
154 -0.0631984341666656
155 -0.0600807341666658
156 -0.0555623341666656
157 -0.0496177341666657
158 -0.0389877341666658
159 -0.0131793341666655
160 0.0153572658333343
161 0.0369163658333345
162 0.0482972658333343
163 0.0485295658333342
164 0.0437268658333343
165 0.0354281658333342
166 0.0504097658333342
167 0.0849412658333342
168 0.1025301658333344
169 0.1134887658333343
170 0.1281394658333346
171 0.1475790658333342
172 0.1680411658333343
173 0.1757607658333344
174 0.1661732658333341
175 0.1483833658333342
176 0.1345341658333346
177 0.1264569658333343
178 0.1065072658333341
179 0.0735600658333344
180 0.0507504658333344
181 0.0482465658333342
182 0.0581486658333343
183 0.0764202658333342
184 0.0941014658333343
185 0.1073178658333345
186 0.0994767658333342
187 0.0721901658333342
188 0.0548813658333343
189 0.0463903658333344
190 0.0357857658333343
191 0.0323997658333344
192 0.0404946658333345
193 0.0467801658333342
194 0.0481183658333344
195 0.0519947658333342
196 0.0498353658333341
197 0.0302810658333343
198 0.0156175658333342
199 0.0208990658333343
200 0.0420771658333345
201 0.0491921658333343
202 0.0333730658333344
203 0.0138240658333344
204 0.0163174658333345
205 0.0374005658333343
206 0.0466982658333341
207 0.0478185658333343
208 0.0346786658333342
209 0.0207592658333344
210 0.0130399658333342
211 0.0057937658333342
212 -0.0084367341666658
213 -0.0322051341666656
214 -0.0575557341666655
215 -0.0722471341666657
216 -0.0849257341666658
217 -0.0986510341666658
218 -0.1020865341666655
219 -0.0851057341666657
220 -0.0614809341666658
221 -0.0429043341666655
222 -0.0214892341666655
223 0.0026605658333345
224 0.0234846658333345
225 0.0340617658333344
226 0.0218386658333345
227 -0.0088475341666658
228 -0.0390209341666656
229 -0.0601197341666655
230 -0.0685453341666658
231 -0.0625336341666656
232 -0.0476139341666655
233 -0.0213443341666655
234 0.0103602658333344
235 0.0200913658333342
236 0.0170029658333344
237 0.0097849658333344
238 0.0087495658333343
239 0.0032474658333346
240 0.0004241658333344
241 -0.0002731341666657
242 -0.0117807341666656
243 -0.0300187341666658
244 -0.0386590341666655
245 -0.0360979341666656
246 -0.0376196341666657
247 -0.0472686341666657
248 -0.0517931341666658
249 -0.0457640341666656
250 -0.0317965341666655
251 -0.0174163341666658
252 0.0022932658333343
253 0.0255159658333342
254 0.0386304658333345
255 0.0435271658333343
256 0.0451184658333346
257 0.0555724658333343
258 0.0691053658333343
259 0.0807704658333344
260 0.0665113658333345
261 0.0434097658333346
262 0.0237199658333345
263 0.0138175658333344
264 0.0203399658333345
265 0.0306139658333344
266 0.0339257658333345
267 0.0381419658333342
268 0.0289562658333344
269 0.0137771658333343
270 0.0035424658333345
271 0.0067382658333344
272 0.0238552658333342
273 0.0471772658333345
274 0.0711287658333344
275 0.0828831658333344
276 0.0899739658333343
277 0.0948949658333342
278 0.0870776658333345
279 0.0699178658333341
280 0.0458501658333343
281 0.0259574658333341
282 0.0077264658333345
283 -0.0093180341666654
284 -0.0217252341666656
285 -0.0323137341666655
286 -0.0317633341666657
287 -0.0209978341666655
288 -0.0186750341666655
289 -0.0226867341666654
290 -0.0230189341666658
291 -0.0237773341666658
292 -0.0300289341666655
293 -0.0351897341666656
294 -0.0415263341666656
295 -0.0442313341666658
296 -0.0383150341666658
297 -0.0286986341666657
298 -0.0316755341666655
299 -0.0385462341666658
300 -0.0368829341666657
301 -0.0201883341666655
302 0.0019040658333345
303 0.0137528658333346
304 0.0222342658333345
305 0.0262353658333345
306 0.0180360658333343
307 0.0012612658333344
308 -0.0155656341666655
309 -0.0222019341666657
310 -0.0266244341666657
311 -0.0374859341666656
312 -0.0448279341666655
313 -0.0503467341666655
314 -0.0590254341666658
315 -0.0681695341666657
316 -0.0683468341666655
317 -0.0586599341666658
318 -0.0511102341666656
319 -0.0530160341666654
320 -0.0502058341666656
321 -0.0416824341666655
322 -0.0366943341666657
323 -0.0417235341666657
324 -0.0581188341666659
325 -0.0719350341666658
326 -0.0786000341666657
327 -0.0809663341666655
328 -0.0880678341666656
329 -0.1003157341666658
330 -0.1112814341666657
331 -0.1068405341666656
332 -0.0916731341666654
333 -0.0749524341666659
334 -0.0690102341666656
335 -0.0655513341666656
336 -0.0536205341666656
337 -0.0274201341666656
338 0.0003580658333342
339 0.0230290658333345
340 0.0305440658333342
341 0.0380384658333344
342 0.0483574658333343
343 0.0545384658333345
344 0.0403717658333345
345 0.0245723658333343
346 0.0145534658333344
347 0.0128820658333342
348 0.0109881658333344
349 0.0121017658333344
350 0.0217813658333346
351 0.0254407658333342
352 0.0218298658333342
353 0.0104957658333342
354 -0.0040504341666656
355 -0.0174655341666656
356 -0.0325184341666658
357 -0.0430790341666656
358 -0.0488456341666654
359 -0.0503984341666657
360 -0.0563793341666656
361 -0.0584939341666657
362 -0.0588876341666658
363 -0.0661175341666658
364 -0.0760413341666655
365 -0.0766737341666657
366 -0.0748927341666659
367 -0.0674703341666656
368 -0.0614924341666656
369 -0.0507734341666657
370 -0.0471590341666657
371 -0.0417975341666654
372 -0.0197830341666658
373 0.0107981658333345
374 0.0279512658333343
375 0.0386508658333344
376 0.0421579658333342
377 0.0316804658333343
378 0.0171616658333344
379 0.0101308658333346
380 0.0126750658333346
381 0.0253866658333344
382 0.0356976658333346
383 0.0458101658333345
384 0.0576001658333345
385 0.0554997658333343
386 0.0444649658333343
387 0.0310066658333343
388 0.0274474658333346
389 0.0299104658333342
390 0.0275051658333343
391 0.0215331658333344
392 0.0189996658333342
393 0.0089815658333343
394 -0.0046922341666655
395 -0.0188334341666656
396 -0.0377406341666657
397 -0.0453712341666654
398 -0.0377837341666658
399 -0.0372087341666658
400 -0.0376175341666656
401 -0.0335830341666656
402 -0.0158249341666656
403 0.0111791658333344
404 0.0293265658333342
405 0.0339230658333345
406 0.0281337658333345
407 0.0191337658333341
408 0.0037924658333344
409 -0.0123778341666658
410 -0.0226943341666654
411 -0.0332613341666654
412 -0.0437797341666655
413 -0.0482939341666655
414 -0.0479778341666655
415 -0.0512923341666656
416 -0.0552881341666658
417 -0.0551400341666657
418 -0.0491465341666655
419 -0.0375596341666657
420 -0.0304752341666656
421 -0.0322311341666657
422 -0.0327764341666654
423 -0.0437918341666657
424 -0.0638851341666657
425 -0.0808378341666658
426 -0.0863212341666655
427 -0.0937127341666657
428 -0.1077407341666659
429 -0.1195445341666654
430 -0.1200993341666656
431 -0.1209085341666656
432 -0.1132869341666658
433 -0.0949515341666656
434 -0.0666487341666655
435 -0.0347475341666654
436 -0.0009144341666656
437 0.0341613658333344
438 0.0519294658333345
439 0.0587896658333342
440 0.0594371658333341
441 0.0551767658333344
442 0.0498792658333342
443 0.0633295658333344
444 0.0893442658333345
445 0.1039949658333343
446 0.1058440658333342
447 0.0928738658333343
448 0.0726189658333345
449 0.0578521658333342
450 0.0355804658333345
451 0.0062936658333346
452 -0.0186603341666656
453 -0.0387085341666658
454 -0.0513283341666657
455 -0.0598398341666657
456 -0.0599313341666656
457 -0.0470872341666655
458 -0.0333290341666657
459 -0.0338822341666658
460 -0.0471218341666657
461 -0.0578574341666656
462 -0.0634412341666657
463 -0.0682054341666656
464 -0.0728969341666654
465 -0.0773594341666657
466 -0.0769000341666657
467 -0.0710224341666654
468 -0.0588763341666656
469 -0.0489163341666656
470 -0.0341504341666656
471 -0.0143514341666657
472 -0.0043281341666654
473 -0.0153230341666655
474 -0.0328821341666656
475 -0.0383065341666655
476 -0.0347702341666656
477 -0.0335646341666656
478 -0.0368852341666654
479 -0.0442541341666658
480 -0.0386205341666654
481 -0.0260266341666657
482 -0.0156455341666657
483 0.0025579658333346
484 0.0234832658333342
485 0.0249814658333345
486 0.0271058658333345
487 0.0434875658333342
488 0.0737077658333343
489 0.0958953658333344
490 0.1189470658333343
491 0.1439122658333343
492 0.1394460658333343
493 0.1203148658333344
494 0.1053348658333344
495 0.0900209658333342
496 0.0711960658333344
497 0.0550702658333342
498 0.0605678658333342
499 0.0672060658333344
500 0.0674125658333344
501 0.0553544658333345
502 0.0373497658333344
503 0.0247070658333342
504 0.0285248658333344
505 0.0328205658333345
506 0.0435535658333341
507 0.0502087658333346
508 0.0588146658333342
509 0.0592789658333341
510 0.0565332658333344
511 0.0573906658333345
512 0.0538719658333342
513 0.0582375658333345
514 0.0627351658333342
515 0.0606254658333345
516 0.0533203658333345
517 0.0467387658333345
518 0.0281455658333343
519 0.0116016658333344
520 0.0031978658333345
521 -0.0039455341666654
522 0.0030456658333344
523 0.0147032658333344
524 0.0315423658333343
525 0.0462064658333343
526 0.0437991658333345
527 0.0318074658333343
528 0.0224634658333343
529 0.0061774658333342
530 -0.0022341341666658
531 -0.0018259341666655
532 0.0088431658333343
533 0.0280502658333344
534 0.0466501658333343
535 0.0582362658333344
536 0.0674830658333345
537 0.0673364658333342
538 0.0568984658333345
539 0.0439077658333344
540 0.0231092658333343
541 0.0017929658333342
542 -0.0104399341666657
543 -0.0154230341666657
544 -0.0163267341666655
545 -0.0077730341666657
546 0.0068198658333345
547 0.0374550658333344
548 0.0682153658333342
549 0.0708964658333344
550 0.0631834658333346
551 0.0630380658333345
552 0.0690856658333345
553 0.0872651658333345
554 0.1130206658333344
555 0.1286399658333344
556 0.1404993658333344
557 0.1667082658333343
558 0.1834240658333344
559 0.1966186658333342
560 0.2064999658333342
561 0.1949129658333342
562 0.1630622658333345
563 0.1297795658333345
564 0.1041263658333342
565 0.0821888658333343
566 0.0565746658333341
567 0.0327788658333343
568 0.0238715658333342
569 0.0169440658333344
570 0.0011559658333344
571 -0.0085888341666656
572 -0.0147035341666655
573 -0.0176779341666657
574 -0.0280038341666655
575 -0.0379271341666656
576 -0.0432895341666657
577 -0.0465060341666654
578 -0.0495594341666656
579 -0.0512788341666655
580 -0.0459433341666657
581 -0.0381707341666657
582 -0.0307087341666659
583 -0.0309294341666657
584 -0.0312632341666657
585 -0.0340937341666656
586 -0.0419659341666656
587 -0.0521213341666655
588 -0.0652850341666658
589 -0.0819048341666657
590 -0.0907402341666654
591 -0.0858098341666658
592 -0.0856207341666657
593 -0.0922766341666654
594 -0.1078983341666655
595 -0.1239187341666654
596 -0.1276171341666656
597 -0.1226081341666658
598 -0.1295732341666658
599 -0.1422450341666655
600 -0.1502840341666656
1 0.0079238658333343
2 0.0058644658333344
3 0.0040702658333345
4 0.0009880658333343
5 0.0121093658333344
6 0.0129457658333343
7 -0.0047822341666657
8 -0.0170147341666658
9 -0.0245995341666658
10 -0.0196012341666658
11 -0.0054920341666658
12 0.0076306658333345
13 0.0163225658333346
14 0.0181175658333346
15 0.0159701658333344
16 0.0108446658333343
17 -0.0007132341666658
18 -0.0147387341666656
19 -0.0267526341666655
20 -0.0224559341666657
21 -0.0037120341666657
22 0.0081386658333344
23 0.0190731658333343
24 0.0341868658333344
25 0.0542079658333345
26 0.0810471658333345
27 0.0961293658333342
28 0.0866536658333343
29 0.0568426658333343
30 0.0322051658333344
31 0.0174898658333342
32 0.0118946658333345
33 0.0025661658333345
34 -0.0031198341666658
35 -0.0045016341666657
36 -0.0002233341666655
37 0.0106987658333342
38 0.0085374658333341
39 0.0119073658333342
40 0.0139076658333344
41 0.0176151658333343
42 0.0281680658333343
43 0.0379250658333343
44 0.0544960658333342
45 0.0737684658333344
46 0.0817924658333342
47 0.0769494658333345
48 0.0570454658333341
49 0.0302116658333342
50 0.0143350658333343
51 0.0065365658333345
52 -0.0023591341666656
53 -0.0131284341666658
54 -0.0348955341666657
55 -0.0451314341666658
56 -0.0430114341666656
57 -0.0255942341666655
58 -0.0047936341666657
59 0.0064861658333344
60 0.0111351658333345
61 0.0235877658333346
62 0.0445664658333342
63 0.0502567658333342
64 0.0408902658333345
65 0.0303718658333345
66 0.0326540658333343
67 0.0449122658333345
68 0.0567835658333342
69 0.0714487658333343
70 0.0791469658333344
71 0.0749140658333345
72 0.0575353658333344
73 0.0344293658333346
74 0.0185439658333344
75 0.0176068658333342
76 0.0151623658333344
77 0.0199518658333342
78 0.0396140658333342
79 0.0563908658333343
80 0.0569384658333343
81 0.0508964658333344
82 0.0390224658333342
83 0.0261080658333341
84 0.0084711658333343
85 -0.0016921341666656
86 0.0005828658333344
87 0.0118884658333345
88 0.0342744658333345
89 0.0475147658333341
90 0.0606118658333346
91 0.0773671658333344
92 0.0794288658333344
93 0.0692952658333343
94 0.0596100658333345
95 0.0600436658333345
96 0.0661800658333345
97 0.0640887658333344
98 0.0544358658333342
99 0.0372286658333345
100 0.0251615658333342
101 0.0185902658333346
102 0.0171645658333341
103 0.0207705658333341
104 0.0314251658333342
105 0.0386595658333344
106 0.0304812658333344
107 0.0227625658333341
108 0.0172215658333346
109 0.0039571658333344
110 -0.0241142341666656
111 -0.0522916341666657
112 -0.0735754341666657
113 -0.0783951341666658
114 -0.0744738341666658
115 -0.0729778341666658
116 -0.0739144341666655
117 -0.0754100341666657
118 -0.0771125341666656
119 -0.0664645341666654
120 -0.0487525341666655
121 -0.0468959341666655
122 -0.0536918341666657
123 -0.0660343341666656
124 -0.0649098341666656
125 -0.0489988341666656
126 -0.0312909341666656
127 -0.0181794341666657
128 -0.0084411341666657
129 -0.0099323341666655
130 -0.0172228341666658
131 -0.0243494341666657
132 -0.0350531341666658
133 -0.0399644341666656
134 -0.0450122341666654
135 -0.0439009341666656
136 -0.0421783341666657
137 -0.0447620341666655
138 -0.0520840341666657
139 -0.0627917341666655
140 -0.0681056341666655
141 -0.0711781341666655
142 -0.0766737341666657
143 -0.0812378341666657
144 -0.0796541341666654
145 -0.0820977341666658
146 -0.0861572341666657
147 -0.0943014341666655
148 -0.0991822341666655
149 -0.0950359341666656
150 -0.0884364341666655
151 -0.0792886341666654
152 -0.0678513341666656
153 -0.0659645341666657
154 -0.0653138341666657
155 -0.0593963341666655
156 -0.0480090341666655
157 -0.0295484341666659
158 -0.0104073341666657
159 0.0067749658333343
160 0.0285535658333345
161 0.0571252658333345
162 0.0710761658333343
163 0.0684254658333345
164 0.0650199658333341
165 0.0575776658333345
166 0.0517667658333343
167 0.0529396658333345
168 0.0534158658333346
169 0.0539936658333344
170 0.0446839658333342
171 0.0352366658333345
172 0.0348091658333343
173 0.0416407658333342
174 0.0384792658333342
175 0.0221022658333343
176 0.0156391658333344
177 0.0206939658333343
178 0.0207905658333343
179 0.0136413658333345
180 0.0237297658333344
181 0.0466606658333344
182 0.0623870658333345
183 0.0522261658333343
184 0.0211509658333342
185 -0.0010385341666654
186 -0.0138014341666657
187 -0.0212029341666655
188 -0.0238379341666657
189 -0.0153898341666658
190 0.0047931658333344
191 0.0285622658333344
192 0.0355566658333344
193 0.0291200658333342
194 0.0215576658333343
195 0.0151646658333342
196 0.0082562658333343
197 0.0043998658333342
198 0.0043212658333345
199 0.0256731658333345
200 0.0528518658333343
201 0.0755014658333342
202 0.0963275658333345
203 0.1218926658333346
204 0.1216340658333341
205 0.1003008658333342
206 0.0844946658333345
207 0.0760917658333344
208 0.0628826658333344
209 0.0413650658333342
210 0.0193931658333342
211 -0.0086225341666655
212 -0.0275268341666655
213 -0.0404021341666656
214 -0.0467628341666657
215 -0.0648697341666655
216 -0.0878631341666658
217 -0.1037540341666658
218 -0.0975244341666657
219 -0.0889114341666657
220 -0.0732231341666658
221 -0.0373115341666654
222 0.0070696658333342
223 0.0440382658333345
224 0.0793042658333345
225 0.1169391658333345
226 0.1345741658333344
227 0.1246533658333342
228 0.0970056658333345
229 0.0659507658333345
230 0.0302447658333342
231 -0.0007491341666657
232 -0.0102324341666655
233 -0.0054355341666654
234 -0.0084907341666658
235 -0.0216116341666654
236 -0.0399888341666657
237 -0.0416110341666656
238 -0.0427315341666659
239 -0.0506311341666654
240 -0.0507065341666655
241 -0.0500973341666655
242 -0.0651060341666656
243 -0.0791992341666656
244 -0.0822704341666656
245 -0.0772500341666658
246 -0.0655448341666656
247 -0.0479908341666655
248 -0.0332205341666656
249 -0.0218286341666656
250 -0.0112850341666655
251 -0.0019764341666657
252 0.0088638658333342
253 0.0276751658333345
254 0.0484374658333344
255 0.0635100658333343
256 0.0600542658333345
257 0.0434412658333345
258 0.0315564658333343
259 0.0172453658333342
260 -0.0079776341666657
261 -0.0243984341666654
262 -0.0191248341666657
263 0.0016133658333342
264 0.0271545658333343
265 0.0579291658333343
266 0.0906575658333342
267 0.1195807658333345
268 0.1302867658333344
269 0.0978274658333342
270 0.0463958658333343
271 0.0072282658333345
272 -0.0161837341666655
273 -0.0306125341666657
274 -0.0379199341666658
275 -0.0433350341666658
276 -0.0481276341666654
277 -0.0571799341666654
278 -0.0717931341666658
279 -0.0764537341666656
280 -0.0608683341666656
281 -0.0400372341666655
282 -0.0259140341666657
283 -0.0290790341666658
284 -0.0484599341666656
285 -0.0674510341666656
286 -0.0672053341666659
287 -0.0632654341666656
288 -0.0620047341666656
289 -0.0541144341666655
290 -0.0484511341666658
291 -0.0482284341666657
292 -0.0403014341666657
293 -0.0140047341666656
294 0.0212673658333342
295 0.0539378658333343
296 0.0722576658333343
297 0.0687897658333343
298 0.0511984658333344
299 0.0360564658333344
300 0.0228884658333341
301 0.0018713658333342
302 -0.0049609341666654
303 -0.0007433341666658
304 -0.0070815341666655
305 -0.0166914341666655
306 -0.0123186341666655
307 0.0062815658333344
308 0.0191212658333342
309 0.0174877658333346
310 0.0158391658333343
311 0.0196846658333345
312 0.0194549658333343
313 0.0244731658333341
314 0.0320702658333345
315 0.0406713658333344
316 0.0380840658333343
317 0.0243457658333344
318 0.0057706658333343
319 -0.0112413341666655
320 -0.0215879341666656
321 -0.0249909341666656
322 -0.0142975341666656
323 -0.0076345341666655
324 -0.0040988341666655
325 0.0003353658333345
326 0.0045541658333343
327 0.0090437658333342
328 0.0190605658333345
329 0.0254365658333344
330 0.0340464658333341
331 0.0500483658333342
332 0.0516386658333343
333 0.0372274658333343
334 0.0242565658333342
335 0.0183549658333342
336 0.0330390658333344
337 0.0518636658333342
338 0.0689410658333345
339 0.0823943658333341
340 0.0840452658333342
341 0.0859666658333342
342 0.1032281658333343
343 0.1143589658333344
344 0.1018270658333345
345 0.0714409658333341
346 0.0368081658333343
347 0.0168404658333343
348 0.0134832658333344
349 0.0148937658333343
350 0.0282674658333342
351 0.0630091658333343
352 0.0971033658333345
353 0.1108941658333342
354 0.0993883658333345
355 0.0750376658333343
356 0.0565733658333345
357 0.0378605658333342
358 0.0175613658333345
359 0.0137353658333343
360 0.0311614658333346
361 0.0451213658333343
362 0.0560921658333342
363 0.0560383658333343
364 0.0364953658333342
365 0.0078292658333345
366 -0.0107479341666656
367 -0.0279347341666658
368 -0.0558851341666657
369 -0.0821829341666658
370 -0.0863399341666655
371 -0.0787916341666657
372 -0.0667691341666656
373 -0.0533134341666655
374 -0.0381326341666655
375 -0.0250092341666655
376 -0.0162575341666655
377 -0.0170395341666656
378 -0.0244172341666657
379 -0.0280967341666658
380 -0.0367509341666659
381 -0.0466401341666658
382 -0.0499293341666656
383 -0.0417264341666654
384 -0.0326439341666656
385 -0.0309591341666655
386 -0.0338596341666655
387 -0.0425311341666657
388 -0.0504620341666655
389 -0.0492563341666656
390 -0.0443495341666655
391 -0.0439318341666657
392 -0.0449714341666656
393 -0.0398370341666658
394 -0.0198580341666657
395 0.0032108658333345
396 0.0057245658333342
397 -0.0007449341666654
398 0.0037015658333344
399 0.0136763658333345
400 0.0278815658333342
401 0.0388708658333345
402 0.0383385658333344
403 0.0482245658333342
404 0.0785425658333345
405 0.1053422658333343
406 0.1076944658333345
407 0.0846316658333341
408 0.0388281658333343
409 -0.0012673341666658
410 -0.0138017341666656
411 0.0017473658333342
412 0.0295792658333345
413 0.0569060658333345
414 0.0756121658333342
415 0.0851375658333344
416 0.1073640658333344
417 0.1252227658333345
418 0.1197560658333345
419 0.1107511658333342
420 0.1058741658333342
421 0.0935355658333346
422 0.0789349658333345
423 0.0676334658333344
424 0.0452367658333341
425 0.0100539658333343
426 -0.0091597341666656
427 0.0005998658333342
428 0.0191315658333342
429 0.0279528658333343
430 0.0238170658333345
431 0.0143995658333345
432 0.0168986658333345
433 0.0342282658333342
434 0.0469684658333342
435 0.0491292658333342
436 0.0398113658333346
437 0.0385928658333343
438 0.0413038658333345
439 0.0461503658333342
440 0.0359951658333344
441 0.0155534658333343
442 -0.0067274341666654
443 -0.0269955341666654
444 -0.0441543341666657
445 -0.0575481341666655
446 -0.0661770341666656
447 -0.0587122341666655
448 -0.0480826341666658
449 -0.0470553341666657
450 -0.0488430341666657
451 -0.0398174341666655
452 -0.0229055341666657
453 -0.0134319341666655
454 -0.0195920341666658
455 -0.0277894341666656
456 -0.0349890341666654
457 -0.0433561341666655
458 -0.0405259341666655
459 -0.0334503341666657
460 -0.0272715341666658
461 -0.0262969341666657
462 -0.0326638341666659
463 -0.0442842341666658
464 -0.0498985341666658
465 -0.0475176341666654
466 -0.0413288341666656
467 -0.0365602341666658
468 -0.0445689341666657
469 -0.0596109341666655
470 -0.0723082341666657
471 -0.0750610341666658
472 -0.0695882341666656
473 -0.0571957341666658
474 -0.0430741341666656
475 -0.0273646341666658
476 -0.0118387341666657
477 -0.0042620341666657
478 -0.0046589341666659
479 0.0065076658333343
480 0.0248976658333344
481 0.0347793658333342
482 0.0473265658333344
483 0.0612296658333342
484 0.0761573658333345
485 0.0853385658333345
486 0.0823696658333342
487 0.0815609658333343
488 0.0846710658333345
489 0.0851540658333345
490 0.0781714658333343
491 0.0707625658333342
492 0.0545362658333342
493 0.0467840658333345
494 0.0453988658333344
495 0.0412420658333343
496 0.0372206658333343
497 0.0346809658333345
498 0.0343616658333343
499 0.0421027658333344
500 0.0572316658333345
501 0.0618299658333346
502 0.0525717658333344
503 0.0420442658333342
504 0.0411764658333342
505 0.0441225658333342
506 0.0415682658333343
507 0.0292405658333346
508 0.0243918658333344
509 0.0351032658333343
510 0.0491338658333342
511 0.0522503658333342
512 0.0535053658333342
513 0.0475694658333343
514 0.0415394658333343
515 0.0402249658333345
516 0.0386862658333342
517 0.0358161658333342
518 0.0270250658333344
519 0.0118145658333342
520 -0.0009909341666656
521 -0.0100541341666656
522 -0.0200891341666658
523 -0.0230798341666656
524 -0.0179787341666655
525 -0.0044509341666656
526 0.0166594658333343
527 0.0342232658333343
528 0.0403498658333343
529 0.0399646658333346
530 0.0499868658333344
531 0.0680999658333343
532 0.0803219658333343
533 0.0768713658333344
534 0.0460243658333344
535 0.0139520658333345
536 0.0005851658333342
537 0.0000341658333345
538 0.0133381658333342
539 0.0207673658333345
540 0.0199669658333343
541 0.0087473658333344
542 -0.0006930341666656
543 -0.0081236341666657
544 -0.0023485341666656
545 0.0111403658333344
546 0.0356052658333343
547 0.0534575658333343
548 0.0532888658333341
549 0.0350305658333343
550 0.0116708658333344
551 -0.0051894341666658
552 -0.0279269341666657
553 -0.0505341341666656
554 -0.0599788341666656
555 -0.0616258341666658
556 -0.0580272341666657
557 -0.0555689341666659
558 -0.0490073341666655
559 -0.0470425341666658
560 -0.0570190341666654
561 -0.0581936341666656
562 -0.0483444341666655
563 -0.0352204341666655
564 -0.0180209341666657
565 -0.0168649341666658
566 -0.0260245341666656
567 -0.0227212341666658
568 -0.0109253341666657
569 -0.0081786341666654
570 -0.0198140341666657
571 -0.0399939341666657
572 -0.0544963341666658
573 -0.0714818341666654
574 -0.0852842341666658
575 -0.0920564341666656
576 -0.0936129341666656
577 -0.0965167341666655
578 -0.0933155341666656
579 -0.0899730341666656
580 -0.0797172341666657
581 -0.0733397341666655
582 -0.0689225341666657
583 -0.0626816341666658
584 -0.0480589341666655
585 -0.0390328341666657
586 -0.0308606341666655
587 -0.0328895341666655
588 -0.0462696341666655
589 -0.0607504341666658
590 -0.0743675341666656
591 -0.0906972341666656
592 -0.0995222341666655
593 -0.1131171341666657
594 -0.1336773341666655
595 -0.1394679341666656
596 -0.1248805341666657
597 -0.1105258341666655
598 -0.0958854341666657
599 -0.0804302341666658
600 -0.0626864341666655
1 0.0347473658333342
2 0.0093820658333343
3 -0.0083637341666658
4 -0.0183135341666656
5 -0.0136912341666657
6 0.0050710658333344
7 0.0169355658333346
8 0.0176671658333345
9 0.0068719658333345
10 -0.0079164341666655
11 -0.0185276341666656
12 -0.0328008341666655
13 -0.0406163341666654
14 -0.0358863341666655
15 -0.0302810341666655
16 -0.0237459341666657
17 -0.0210584341666658
18 -0.0153823341666657
19 -0.0193189341666655
20 -0.0332861341666657
21 -0.0421879341666656
22 -0.0426356341666656
23 -0.0465733341666654
24 -0.0492102341666656
25 -0.0425597341666655
26 -0.0314455341666657
27 -0.0190768341666656
28 -0.0084784341666655
29 -0.0045864341666655
30 0.0019374658333344
31 0.0096527658333345
32 0.0056502658333342
33 -0.0016545341666658
34 -0.0086612341666656
35 -0.0098191341666656
36 -0.0028415341666657
37 0.0098722658333346
38 0.0198238658333345
39 0.0152878658333342
40 0.0086770658333344
41 0.0068210658333343
42 0.0007454658333343
43 0.0011249658333345
44 0.0062869658333344
45 0.0162607658333345
46 0.0237139658333345
47 0.0266143658333342
48 0.0356147658333343
49 0.0351952658333343
50 0.0194940658333342
51 0.0007250658333344
52 -0.0152332341666654
53 -0.0267708341666655
54 -0.0272203341666657
55 -0.0270326341666656
56 -0.0402533341666658
57 -0.0567248341666655
58 -0.0579007341666657
59 -0.0559660341666657
60 -0.0536507341666654
61 -0.0422852341666657
62 -0.0291029341666658
63 -0.0185584341666658
64 0.0072165658333345
65 0.0416401658333343
66 0.0590231658333344
67 0.0606543658333343
68 0.0576962658333344
69 0.0600222658333345
70 0.0787761658333346
71 0.1043534658333343
72 0.1283428658333343
73 0.1321780658333345
74 0.1169702658333343
75 0.1059544658333342
76 0.1031185658333342
77 0.0958406658333342
78 0.0922852658333344
79 0.0879322658333344
80 0.0830359658333344
81 0.0815402658333344
82 0.0688290658333344
83 0.0561173658333343
84 0.0407803658333346
85 0.0246663658333341
86 0.0243564658333342
87 0.0275746658333342
88 0.0112735658333345
89 -0.0093211341666657
90 -0.0239917341666658
91 -0.0330351341666657
92 -0.0408700341666655
93 -0.0395424341666657
94 -0.0273712341666656
95 -0.0094200341666655
96 0.0037412658333342
97 0.0053015658333342
98 0.0013683658333346
99 -0.0048189341666656
100 -0.0058319341666655
101 -0.0061014341666654
102 0.0060763658333345
103 0.0231780658333345
104 0.0287712658333343
105 0.0292417658333344
106 0.0315635658333342
107 0.0434908658333342
108 0.0679481658333345
109 0.0865271658333344
110 0.0974966658333343
111 0.0981881658333346
112 0.0882359658333343
113 0.0759990658333343
114 0.0693285658333345
115 0.0593980658333342
116 0.0332913658333345
117 0.0006866658333342
118 -0.0156221341666658
119 -0.0167678341666657
120 -0.0080510341666655
121 -0.0008698341666658
122 -0.0057947341666655
123 -0.0151687341666658
124 -0.0061546341666658
125 0.0177229658333342
126 0.0382562658333345
127 0.0437103658333342
128 0.0322489658333343
129 0.0270266658333345
130 0.0190599658333341
131 0.0184308658333343
132 0.0144178658333343
133 0.0003778658333342
134 -0.0075466341666655
135 -0.0210146341666655
136 -0.0348601341666654
137 -0.0445855341666657
138 -0.0535003341666656
139 -0.0504352341666658
140 -0.0420800341666658
141 -0.0375412341666657
142 -0.0262358341666658
143 -0.0130847341666658
144 0.0060670658333342
145 0.0204950658333343
146 0.0325893658333345
147 0.0382625658333344
148 0.0277184658333343
149 0.0087758658333343
150 -0.0112364341666655
151 -0.0207396341666657
152 -0.0197000341666658
153 -0.0189053341666656
154 -0.0225731341666657
155 -0.0376990341666654
156 -0.0520082341666654
157 -0.0629247341666654
158 -0.0649893341666656
159 -0.0539869341666654
160 -0.0392401341666657
161 -0.0263088341666657
162 -0.0104913341666655
163 0.0040916658333345
164 0.0142007658333343
165 0.0217844658333344
166 0.0233451658333346
167 0.0271872658333345
168 0.0325432658333344
169 0.0349347658333343
170 0.0351922658333343
171 0.0459360658333345
172 0.0577161658333343
173 0.0625996658333343
174 0.0635156658333345
175 0.0658735658333343
176 0.0727260658333342
177 0.0809926658333344
178 0.0889544658333343
179 0.0846607658333345
180 0.0752427658333343
181 0.0639332658333345
182 0.0448570658333343
183 0.0208220658333342
184 0.0075864658333344
185 -0.0016322341666655
186 -0.0061799341666657
187 0.0007516658333344
188 0.0086928658333343
189 0.0098987658333343
190 0.0016898658333342
191 -0.0021062341666656
192 0.0014969658333341
193 0.0052856658333345
194 -0.0003749341666657
195 -0.0193393341666654
196 -0.0384916341666655
197 -0.0532584341666658
198 -0.0686840341666657
199 -0.0801518341666658
200 -0.0856556341666654
201 -0.0882012341666658
202 -0.0913217341666654
203 -0.0819165341666657
204 -0.0676958341666656
205 -0.0556689341666656
206 -0.0536877341666657
207 -0.0498168341666658
208 -0.0440039341666658
209 -0.0346960341666658
210 -0.0377267341666658
211 -0.0413468341666658
212 -0.0429903341666655
213 -0.0505430341666657
214 -0.0589228341666654
215 -0.0524039341666658
216 -0.0329124341666658
217 -0.0197784341666658
218 -0.0220884341666658
219 -0.0280276341666656
220 -0.0269733341666658
221 -0.0222293341666657
222 -0.0141146341666656
223 -0.0065131341666658
224 -0.0043358341666657
225 -0.0022307341666656
226 0.0004968658333344
227 -0.0071286341666656
228 -0.0100816341666659
229 -0.0031379341666655
230 0.0045536658333343
231 0.0066913658333343
232 0.0046233658333343
233 -0.0030177341666655
234 0.0071060658333342
235 0.0224221658333343
236 0.0332383658333342
237 0.0471066658333346
238 0.0553255658333343
239 0.0642836658333343
240 0.0812488658333343
241 0.0937394658333344
242 0.1075854658333344
243 0.1068120658333345
244 0.0876446658333343
245 0.0683400658333344
246 0.0476379658333346
247 0.0293015658333342
248 0.0058353658333345
249 -0.0195126341666656
250 -0.0359021341666654
251 -0.0497661341666658
252 -0.0528960341666656
253 -0.0509380341666654
254 -0.0520409341666657
255 -0.0470415341666657
256 -0.0336023341666656
257 -0.0099274341666655
258 0.0113581658333342
259 0.0220841658333342
260 0.0182824658333343
261 0.0202559658333343
262 0.0362128658333343
263 0.0589791658333345
264 0.0621367658333343
265 0.0378642658333344
266 0.0036335658333342
267 -0.0226813341666658
268 -0.0380778341666654
269 -0.0534350341666658
270 -0.0603386341666656
271 -0.0559711341666658
272 -0.0473406341666656
273 -0.0386263341666657
274 -0.0346405341666656
275 -0.0203861341666656
276 0.0007106658333345
277 0.0116615658333346
278 0.0118943658333341
279 0.0104750658333344
280 0.0180386658333345
281 0.0287362658333343
282 0.0393807658333345
283 0.0581745658333346
284 0.0749888658333342
285 0.0659597658333344
286 0.0336634658333343
287 0.0049638658333344
288 -0.0130382341666655
289 -0.0328908341666656
290 -0.0489162341666658
291 -0.0574365341666656
292 -0.0539683341666657
293 -0.0377998341666657
294 -0.0132895341666655
295 0.0110757658333345
296 0.0299634658333345
297 0.0302118658333344
298 0.0186207658333344
299 -0.0045902341666655
300 -0.0136895341666659
301 -0.0124412341666655
302 -0.0212940341666656
303 -0.0311059341666655
304 -0.0322808341666656
305 -0.0285891341666655
306 -0.0169715341666659
307 0.0110451658333344
308 0.0415089658333345
309 0.0488991658333342
310 0.0540604658333343
311 0.0659861658333343
312 0.0777160658333345
313 0.0902726658333344
314 0.0967973658333343
315 0.0779268658333345
316 0.0600790658333343
317 0.0443500658333345
318 0.0339283658333343
319 0.0306450658333342
320 0.0258853658333345
321 0.0147745658333345
322 0.0047092658333345
323 0.0007868658333345
324 -0.0056162341666655
325 -0.0345341341666656
326 -0.0671256341666657
327 -0.0756220341666656
328 -0.0770945341666658
329 -0.0905502341666655
330 -0.0824530341666656
331 -0.0468263341666657
332 -0.0149617341666657
333 0.0115194658333344
334 0.0226293658333345
335 0.0176923658333346
336 0.0035963658333342
337 -0.0150281341666658
338 -0.0356646341666655
339 -0.0338903341666654
340 -0.0188454341666655
341 -0.0106606341666655
342 -0.0070024341666657
343 0.0070389658333343
344 0.0240542658333345
345 0.0360978658333342
346 0.0463381658333342
347 0.0513518658333343
348 0.0495752658333344
349 0.0492340658333346
350 0.0409620658333343
351 0.0303750658333342
352 0.0188032658333341
353 0.0103568658333342
354 0.0150810658333342
355 0.0259569658333345
356 0.0229271658333343
357 0.0111859658333344
358 0.0121735658333342
359 0.0174498658333344
360 0.0261138658333344
361 0.0368759658333344
362 0.0399402658333345
363 0.0548268658333342
364 0.0752484658333343
365 0.0853163658333345
366 0.0716619658333344
367 0.0483405658333345
368 0.0324793658333342
369 0.0179796658333342
370 0.0034742658333342
371 -0.0087332341666655
372 -0.0113330341666655
373 -0.0011071341666655
374 0.0125399658333345
375 0.0080840658333345
376 -0.0021898341666655
377 -0.0056049341666657
378 -0.0019643341666655
379 -0.0000319341666657
380 0.0044469658333344
381 0.0167076658333345
382 0.0338648658333343
383 0.0523231658333345
384 0.0744024658333342
385 0.0869689658333344
386 0.0746530658333344
387 0.0484053658333345
388 0.0307197658333345
389 0.0312262658333342
390 0.0357056658333343
391 0.0282729658333345
392 0.0171041658333344
393 -0.0034944341666656
394 -0.0294231341666658
395 -0.0497749341666656
396 -0.0575600341666656
397 -0.0548086341666658
398 -0.0477811341666659
399 -0.0305687341666658
400 -0.0081631341666655
401 0.0069157658333343
402 0.0016209658333342
403 -0.0056725341666657
404 -0.0093074341666655
405 -0.0005411341666655
406 0.0187987658333344
407 0.0327223658333344
408 0.0336746658333342
409 0.0370546658333342
410 0.0382172658333344
411 0.0347035658333343
412 0.0289084658333345
413 0.0271622658333341
414 0.0346171658333345
415 0.0323976658333343
416 0.0217734658333342
417 0.0130766658333346
418 0.0108521658333345
419 0.0046275658333346
420 -0.0035193341666657
421 -0.0017470341666654
422 0.0017438658333342
423 -0.0025038341666654
424 -0.0050878341666656
425 -0.0088882341666658
426 -0.0173793341666655
427 -0.0221606341666658
428 -0.0299872341666658
429 -0.0373412341666657
430 -0.0276720341666659
431 -0.0062211341666658
432 0.0197296658333346
433 0.0474614658333343
434 0.0632140658333342
435 0.0698611658333346
436 0.0771842658333344
437 0.0796981658333342
438 0.0890469658333344
439 0.0848657658333343
440 0.0633111658333343
441 0.0457637658333345
442 0.0243810658333343
443 -0.0009330341666658
444 -0.0219002341666656
445 -0.0336455341666655
446 -0.0423349341666657
447 -0.0452061341666656
448 -0.0395418341666658
449 -0.0211272341666655
450 -0.0023806341666655
451 0.0059491658333344
452 0.0137738658333344
453 0.0239736658333345
454 0.0332569658333344
455 0.0478076658333344
456 0.0553489658333342
457 0.0481496658333342
458 0.0336464658333342
459 0.0235677658333344
460 0.0180788658333344
461 0.0227052658333342
462 0.0307017658333342
463 0.0362147658333343
464 0.0453513658333344
465 0.0438797658333345
466 0.0339056658333345
467 0.0316193658333344
468 0.0374240658333345
469 0.0452449658333345
470 0.0519886658333344
471 0.0540613658333342
472 0.0375446658333343
473 0.0127217658333345
474 -0.0018041341666657
475 -0.0094221341666656
476 -0.0104848341666655
477 -0.0200839341666654
478 -0.0372219341666655
479 -0.0518462341666655
480 -0.0585672341666656
481 -0.0613733341666656
482 -0.0520939341666655
483 -0.0405050341666655
484 -0.0345065341666655
485 -0.0296685341666656
486 -0.0213486341666655
487 -0.0227301341666655
488 -0.0353140341666656
489 -0.0429953341666658
490 -0.0458482341666655
491 -0.0435349341666655
492 -0.0345606341666658
493 -0.0225836341666654
494 -0.0221492341666658
495 -0.0325603341666656
496 -0.0329988341666656
497 -0.0235382341666655
498 -0.0270281341666658
499 -0.0392004341666659
500 -0.0460213341666655
501 -0.0496102341666655
502 -0.0492450341666655
503 -0.0444155341666654
504 -0.0307517341666657
505 -0.0163326341666656
506 -0.0044424341666658
507 0.0172994658333345
508 0.0370267658333345
509 0.0562602658333344
510 0.0626216658333343
511 0.0558178658333341
512 0.0443375658333345
513 0.0337699658333341
514 0.0244763658333342
515 0.0165836658333345
516 0.0049602658333345
517 0.0067206658333343
518 0.0095445658333344
519 0.0043290658333341
520 0.0117709658333345
521 0.0357961658333346
522 0.0576753658333344
523 0.0628655658333344
524 0.0516974658333345
525 0.0405467658333345
526 0.0249174658333344
527 0.0164849658333344
528 0.0063827658333344
529 -0.0093983341666655
530 -0.0347818341666657
531 -0.0596649341666655
532 -0.0748273341666654
533 -0.0805264341666656
534 -0.0792803341666657
535 -0.0695007341666658
536 -0.0535782341666655
537 -0.0417459341666655
538 -0.0351317341666655
539 -0.0351944341666655
540 -0.0439837341666656
541 -0.0531166341666656
542 -0.0537471341666658
543 -0.0517810341666656
544 -0.0416159341666655
545 -0.0333978341666659
546 -0.0240833341666655
547 -0.0214081341666654
548 -0.0239468341666655
549 -0.0311826341666657
550 -0.0415309341666656
551 -0.0520722341666655
552 -0.0530809341666658
553 -0.0419651341666656
554 -0.0258974341666658
555 -0.0060783341666655
556 0.0048268658333344
557 0.0101115658333342
558 0.0152587658333343
559 0.0261669658333346
560 0.0335140658333342
561 0.0360639658333342
562 0.0335394658333343
563 0.0347155658333342
564 0.0440983658333343
565 0.0518428658333345
566 0.0505342658333343
567 0.0389756658333344
568 0.0273722658333342
569 0.0250182658333342
570 0.0264531658333342
571 0.0435449658333344
572 0.0500427658333344
573 0.0414736658333346
574 0.0299642658333346
575 0.0196468658333342
576 0.0157202658333344
577 0.0093622658333343
578 0.0028184658333346
579 0.0028223658333344
580 0.0080987658333345
581 0.0195843658333343
582 0.0312345658333344
583 0.0365144658333345
584 0.0456771658333341
585 0.0593558658333344
586 0.0587292658333345
587 0.0595553658333343
588 0.0589777658333341
589 0.0525113658333343
590 0.0294690658333345
591 0.0041415658333341
592 -0.0180488341666658
593 -0.0308964341666655
594 -0.0383399341666655
595 -0.0453704341666659
596 -0.0493443341666655
597 -0.0532193341666658
598 -0.0547821341666657
599 -0.0632687341666656
600 -0.0735931341666656
1 0.0236892658333345
2 0.0232216658333342
3 0.0282223658333343
4 0.0165836658333345
5 -0.0029484341666657
6 -0.0075517341666655
7 -0.0048259341666657
8 -0.0082520341666656
9 -0.0306415341666657
10 -0.0513867341666656
11 -0.0525924341666655
12 -0.0478556341666656
13 -0.0536767341666655
14 -0.0638609341666658
15 -0.0631575341666655
16 -0.0511559341666659
17 -0.0286091341666657
18 -0.0030514341666654
19 0.0132292658333344
20 0.0270633658333344
21 0.0341828658333343
22 0.0323308658333343
23 0.0319943658333344
24 0.0156298658333345
25 -0.0134043341666654
26 -0.0399926341666657
27 -0.0592761341666654
28 -0.0945786341666657
29 -0.1161421341666657
30 -0.1093299341666656
31 -0.0863463341666657
32 -0.0537872341666654
33 -0.0200775341666657
34 0.0045581658333345
35 0.0250941658333343
36 0.0382787658333346
37 0.0369055658333344
38 0.0410560658333345
39 0.0587925658333344
40 0.0791854658333344
41 0.1027091658333346
42 0.1157300658333345
43 0.1167570658333346
44 0.1175773658333346
45 0.1294886658333345
46 0.1391242658333343
47 0.1359100658333343
48 0.1172525658333345
49 0.0874369658333345
50 0.0626089658333342
51 0.0400361658333344
52 0.0267740658333344
53 0.0203929658333344
54 0.0093496658333345
55 -0.0008035341666655
56 -0.0111648341666655
57 -0.0171753341666658
58 -0.0141267341666658
59 -0.0008763341666658
60 0.0102020658333344
61 0.0154572658333345
62 0.0161986658333344
63 0.0175383658333343
64 0.0255682658333343
65 0.0322850658333342
66 0.0427379658333344
67 0.0515462658333345
68 0.0491786658333342
69 0.0387567658333343
70 0.0193020658333345
71 0.0046319658333345
72 0.0023853658333342
73 -0.0085428341666658
74 -0.0234154341666657
75 -0.0438592341666655
76 -0.0517690341666657
77 -0.0404234341666658
78 -0.0229727341666655
79 0.0033570658333342
80 0.0259470658333343
81 0.0361250658333345
82 0.0519809658333346
83 0.0796215658333344
84 0.1138263658333343
85 0.1355813658333345
86 0.1399503658333345
87 0.1334365658333345
88 0.1145303658333345
89 0.0912406658333342
90 0.0640928658333344
91 0.0398887658333344
92 0.0253959658333343
93 0.0228199658333343
94 0.0299531658333345
95 0.0278052658333343
96 0.0063857658333344
97 -0.0107778341666656
98 -0.0143754341666655
99 -0.0226167341666654
100 -0.0443324341666655
101 -0.0643092341666658
102 -0.0701674341666658
103 -0.0678426341666656
104 -0.0616510341666658
105 -0.0600453341666656
106 -0.0612813341666656
107 -0.0552325341666657
108 -0.0417220341666655
109 -0.0214960341666655
110 0.0011203658333345
111 0.0086155658333342
112 0.0144121658333343
113 0.0262154658333342
114 0.0453827658333346
115 0.0582523658333343
116 0.0636798658333344
117 0.0532759658333344
118 0.0306463658333342
119 0.0039237658333344
120 -0.0140551341666657
121 -0.0225250341666658
122 -0.0257895341666656
123 -0.0296230341666655
124 -0.0389568341666657
125 -0.0546449341666655
126 -0.0832427341666655
127 -0.0956070341666657
128 -0.0879867341666656
129 -0.0782084341666658
130 -0.0706980341666656
131 -0.0669412341666655
132 -0.0698293341666658
133 -0.0839934341666657
134 -0.1018395341666656
135 -0.1086352341666657
136 -0.0986811341666658
137 -0.0766510341666655
138 -0.0545463341666657
139 -0.0369349341666658
140 -0.0346147341666656
141 -0.0406013341666656
142 -0.0485785341666656
143 -0.0521055341666656
144 -0.0550609341666655
145 -0.0635354341666656
146 -0.0666257341666658
147 -0.0625094341666657
148 -0.0571478341666656
149 -0.0576354341666656
150 -0.0691119341666657
151 -0.0780077341666656
152 -0.0857782341666655
153 -0.1015519341666655
154 -0.1142893341666658
155 -0.1267156341666658
156 -0.1367712341666656
157 -0.1394427341666655
158 -0.1343966341666656
159 -0.1279401341666655
160 -0.1260902341666656
161 -0.1342706341666657
162 -0.1427279341666656
163 -0.1427211341666657
164 -0.1385448341666655
165 -0.1267370341666658
166 -0.1073427341666657
167 -0.0938247341666658
168 -0.0848920341666655
169 -0.0724894341666658
170 -0.0641934341666657
171 -0.0527872341666655
172 -0.0547075341666656
173 -0.0620086341666655
174 -0.0564277341666655
175 -0.0386349341666659
176 -0.0199865341666658
177 -0.0101014341666654
178 -0.0144934341666656
179 -0.0186568341666655
180 -0.0135782341666655
181 -0.0117914341666658
182 -0.0169137341666659
183 -0.0175781341666656
184 -0.0134008341666658
185 -0.0082589341666655
186 -0.0018486341666657
187 0.0042422658333345
188 0.0073709658333345
189 0.0050357658333344
190 0.0106992658333342
191 0.0126901658333343
192 0.0064873658333342
193 0.0023750658333346
194 0.0079858658333345
195 0.0165881658333342
196 0.0306161658333344
197 0.0500002658333343
198 0.0670030658333345
199 0.0740301658333342
200 0.0544848658333343
201 0.0374152658333342
202 0.0307558658333345
203 0.0291060658333344
204 0.0307424658333342
205 0.0209229658333343
206 0.0036694658333345
207 -0.0188343341666655
208 -0.0506346341666655
209 -0.0798105341666657
210 -0.0972378341666658
211 -0.1060870341666655
212 -0.1158760341666656
213 -0.1179014341666655
214 -0.1129478341666657
215 -0.1043152341666658
216 -0.1034929341666655
217 -0.1122778341666657
218 -0.1193609341666657
219 -0.1100460341666656
220 -0.0841697341666658
221 -0.0550837341666655
222 -0.0288885341666658
223 -0.0007602341666657
224 0.0319254658333343
225 0.0606735658333344
226 0.0720275658333343
227 0.0541372658333343
228 0.0353964658333346
229 0.0272967658333343
230 0.0373141658333345
231 0.0465079658333343
232 0.0405981658333343
233 0.0303800658333344
234 0.0243456658333345
235 0.0244677658333345
236 0.0231733658333342
237 0.0081981658333343
238 -0.0073755341666657
239 -0.0183994341666658
240 -0.0214170341666655
241 -0.0091093341666655
242 0.0078025658333343
243 0.0258012658333344
244 0.0499201658333344
245 0.0840145658333342
246 0.1162397658333343
247 0.1336270658333345
248 0.1431635658333343
249 0.1500426658333343
250 0.1503717658333343
251 0.1440165658333346
252 0.1275740658333344
253 0.1093406658333342
254 0.0997540658333342
255 0.0951174658333342
256 0.0828935658333343
257 0.0724151658333345
258 0.0673457658333345
259 0.0707625658333342
260 0.0668164658333343
261 0.0612816658333344
262 0.0669618658333344
263 0.0782550658333343
264 0.0963940658333344
265 0.1015552658333343
266 0.0920111658333345
267 0.0736831658333346
268 0.0598537658333345
269 0.0490212658333342
270 0.0291374658333345
271 0.0186235658333342
272 0.0148603658333344
273 0.0129269658333344
274 -0.0014622341666657
275 -0.0214162341666655
276 -0.0308280341666656
277 -0.0273835341666655
278 -0.0274863341666656
279 -0.0441630341666657
280 -0.0674615341666658
281 -0.0851145341666655
282 -0.0936194341666656
283 -0.0909239341666654
284 -0.0827527341666658
285 -0.0743654341666655
286 -0.0545133341666655
287 -0.0320343341666658
288 -0.0195438341666656
289 -0.0115192341666654
290 0.0059999658333343
291 0.0292604658333344
292 0.0454711658333342
293 0.0575655658333343
294 0.0746662658333346
295 0.0759772658333344
296 0.0713529658333343
297 0.0784889658333343
298 0.0938657658333342
299 0.1175866658333344
300 0.1385810658333342
301 0.1408488658333344
302 0.1110199658333344
303 0.0677292658333344
304 0.0498774658333345
305 0.0536205658333344
306 0.0511759658333344
307 0.0296162658333343
308 -0.0034026341666658
309 -0.0358252341666656
310 -0.0552470341666655
311 -0.0671605341666655
312 -0.0776105341666655
313 -0.0812335341666657
314 -0.0939606341666654
315 -0.1020291341666657
316 -0.0971578341666657
317 -0.0866809341666657
318 -0.0792103341666657
319 -0.0751603341666658
320 -0.0593046341666654
321 -0.0501187341666656
322 -0.0561212341666657
323 -0.0749442341666655
324 -0.0947062341666656
325 -0.1089714341666657
326 -0.1090533341666657
327 -0.1007665341666657
328 -0.0936352341666655
329 -0.0844892341666656
330 -0.0811574341666654
331 -0.0768657341666654
332 -0.0758313341666654
333 -0.0648036341666658
334 -0.0378952341666658
335 -0.0015154341666657
336 0.0326196658333342
337 0.0539764658333342
338 0.0587499658333344
339 0.0564381658333342
340 0.0525036658333344
341 0.0366668658333342
342 0.0060594658333342
343 -0.0150621341666657
344 -0.0339981341666657
345 -0.0456093341666657
346 -0.0519579341666656
347 -0.0523095341666657
348 -0.0475823341666657
349 -0.0382458341666658
350 -0.0224820341666656
351 -0.0032343341666659
352 0.0165861658333344
353 0.0391826658333345
354 0.0511117658333342
355 0.0504174658333345
356 0.0413897658333342
357 0.0292812658333346
358 0.0170334658333342
359 0.0132247658333342
360 0.0159033658333345
361 0.0082599658333344
362 -0.0157607341666655
363 -0.0229287341666655
364 -0.0173990341666657
365 -0.0197778341666655
366 -0.0236280341666655
367 -0.0165821341666654
368 -0.0145795341666655
369 -0.0083834341666655
370 0.0000058658333342
371 0.0102678658333342
372 0.0089033658333344
373 -0.0014273341666655
374 -0.0095767341666657
375 -0.0231310341666657
376 -0.0338506341666656
377 -0.0183482341666656
378 0.0226244658333346
379 0.0677407658333342
380 0.0930605658333343
381 0.0877993658333343
382 0.0804812658333343
383 0.0837794658333344
384 0.0844012658333342
385 0.0770995658333344
386 0.0730910658333346
387 0.0817605658333345
388 0.0873792658333343
389 0.0828379658333342
390 0.0621921658333342
391 0.0438838658333345
392 0.0276192658333345
393 0.0026623658333342
394 -0.0170970341666656
395 -0.0299337341666654
396 -0.0404352341666656
397 -0.0533461341666657
398 -0.0558967341666659
399 -0.0411393341666657
400 -0.0143886341666657
401 0.0055357658333341
402 0.0155961658333346
403 0.0323302658333344
404 0.0464806658333345
405 0.0466040658333342
406 0.0438064658333341
407 0.0347121658333345
408 0.0269108658333344
409 0.0207948658333343
410 0.0200221658333342
411 0.0244504658333344
412 0.0242554658333343
413 0.0198970658333342
414 0.0133507658333345
415 -0.0030023341666658
416 -0.0218406341666655
417 -0.0391992341666656
418 -0.0571965341666658
419 -0.0677367341666657
420 -0.0778267341666656
421 -0.0982130341666658
422 -0.1204294341666658
423 -0.1357745341666656
424 -0.1380281341666656
425 -0.1415095341666657
426 -0.1468089341666658
427 -0.1473714341666654
428 -0.1424560341666656
429 -0.1397696341666657
430 -0.1293507341666658
431 -0.1172670341666655
432 -0.1192324341666655
433 -0.1252382341666656
434 -0.1106111341666658
435 -0.0838468341666658
436 -0.0572738341666654
437 -0.0359998341666659
438 -0.0173177341666655
439 -0.0025701341666657
440 -0.0003640341666657
441 -0.0020588341666659
442 -0.0023314341666656
443 -0.0030804341666655
444 -0.0019007341666657
445 0.0040573658333343
446 0.0147263658333343
447 0.0199732658333343
448 0.0208981658333345
449 0.0130747658333346
450 0.0014610658333343
451 -0.0038294341666658
452 -0.0085004341666655
453 -0.0111767341666655
454 -0.0221506341666657
455 -0.0372009341666657
456 -0.0525276341666658
457 -0.0538580341666655
458 -0.0481889341666655
459 -0.0489042341666655
460 -0.0569073341666657
461 -0.0648622341666658
462 -0.0681080341666656
463 -0.0693668341666656
464 -0.0702696341666655
465 -0.0721319341666655
466 -0.0741780341666658
467 -0.0755797341666655
468 -0.0693710341666658
469 -0.0485215341666656
470 -0.0276780341666658
471 -0.0218748341666655
472 -0.0224895341666658
473 -0.0193109341666657
474 -0.0205416341666655
475 -0.0224198341666657
476 -0.0151845341666657
477 0.0023538658333342
478 0.0228086658333342
479 0.0491093658333344
480 0.0636833658333344
481 0.0547080658333345
482 0.0433672658333344
483 0.0463223658333343
484 0.0559254658333344
485 0.0575664658333346
486 0.0607372658333345
487 0.0570755658333342
488 0.0529605658333345
489 0.0452455658333344
490 0.0440420658333345
491 0.0541040658333345
492 0.0654032658333343
493 0.0667434658333343
494 0.0627705658333344
495 0.0574305658333345
496 0.0572652658333346
497 0.0553511658333345
498 0.0610105658333344
499 0.0541965658333345
500 0.0346597658333345
501 0.0178021658333343
502 0.0039481658333345
503 -0.0065917341666655
504 -0.0031674341666657
505 -0.0037227341666655
506 -0.0112209341666656
507 -0.0152995341666657
508 -0.0205249341666658
509 -0.0243834341666656
510 -0.0289853341666655
511 -0.0400049341666655
512 -0.0474712341666654
513 -0.0527762341666658
514 -0.0483369341666657
515 -0.0406639341666657
516 -0.0194590341666658
517 -0.0058954341666655
518 -0.0006342341666659
519 0.0014981658333344
520 0.0020679658333345
521 0.0106051658333342
522 0.0246921658333346
523 0.0241838658333342
524 0.0121151658333343
525 0.0068667658333346
526 0.0066164658333343
527 -0.0011479341666658
528 -0.0146022341666656
529 -0.0286451341666658
530 -0.0359586341666658
531 -0.0470599341666658
532 -0.0537002341666657
533 -0.0393767341666655
534 -0.0154389341666659
535 0.0059426658333344
536 0.0181134658333342
537 0.0277511658333345
538 0.0386559658333345
539 0.0470714658333344
540 0.0374934658333346
541 0.0217773658333344
542 0.0183601658333346
543 0.0257047658333343
544 0.0280544658333342
545 0.0207674658333343
546 0.0188717658333344
547 0.0194573658333344
548 0.0159894658333344
549 0.0198625658333342
550 0.0198902658333342
551 0.0210745658333344
552 0.0263162658333345
553 0.0316613658333345
554 0.0320169658333342
555 0.0261672658333345
556 0.0295310658333343
557 0.0455735658333345
558 0.0564149658333344
559 0.0445436658333342
560 0.0274812658333343
561 0.0224847658333345
562 0.0152242658333344
563 0.0110148658333342
564 0.0224198658333346
565 0.0492830658333343
566 0.0726588658333345
567 0.0870201658333345
568 0.0959117658333342
569 0.0965769658333344
570 0.0855814658333345
571 0.0814182658333342
572 0.0684161658333342
573 0.0389985658333343
574 0.0059311658333345
575 -0.0134020341666656
576 -0.0166282341666655
577 -0.0178060341666657
578 -0.0256960341666654
579 -0.0318884341666656
580 -0.0395088341666656
581 -0.0466805341666658
582 -0.0555379341666655
583 -0.0646668341666659
584 -0.0693823341666655
585 -0.0742535341666657
586 -0.0892823341666658
587 -0.1067404341666656
588 -0.1149054341666655
589 -0.1148110341666655
590 -0.1125629341666659
591 -0.1094161341666657
592 -0.0978200341666655
593 -0.0843612341666655
594 -0.0757559341666658
595 -0.0672669341666658
596 -0.0468670341666657
597 -0.0123142341666655
598 0.0192039658333343
599 0.0436346658333342
600 0.0560493658333345
1 -0.0106676341666656
2 -0.0107422341666656
3 -0.0107757341666654
4 -0.0140370341666656
5 -0.0186920341666656
6 -0.0169081341666657
7 -0.0173583341666657
8 -0.0217727341666656
9 -0.0239496341666658
10 -0.0239906341666658
11 -0.0192015341666658
12 -0.0177839341666655
13 -0.0237212341666657
14 -0.0263020341666658
15 -0.0246525341666657
16 -0.0200578341666655
17 -0.0143175341666657
18 -0.0158743341666656
19 -0.0223532341666655
20 -0.0378885341666657
21 -0.0577566341666658
22 -0.0753397341666657
23 -0.0807593341666655
24 -0.0692583341666655
25 -0.0481230341666659
26 -0.0301935341666657
27 -0.0134620341666656
28 0.0042351658333342
29 0.0216624658333342
30 0.0423927658333345
31 0.0539475658333344
32 0.0633996658333342
33 0.0751343658333345
34 0.0809307658333345
35 0.0712779658333345
36 0.0612007658333344
37 0.0594884658333346
38 0.0642717658333343
39 0.0711204658333342
40 0.0785666658333342
41 0.0862201658333341
42 0.0887133658333346
43 0.0919926658333345
44 0.0900648658333343
45 0.0778856658333344
46 0.0674699658333342
47 0.0719383658333346
48 0.0902238658333343
49 0.1051110658333343
50 0.1108336658333342
51 0.1092615658333345
52 0.1032738658333345
53 0.0892407658333343
54 0.0700444658333343
55 0.0630868658333346
56 0.0630822658333345
57 0.0692295658333344
58 0.0702404658333342
59 0.0572788658333345
60 0.0296929658333345
61 0.0115958658333342
62 0.0103129658333345
63 0.0124315658333343
64 0.0155920658333342
65 0.0275356658333346
66 0.0224501658333343
67 -0.0038034341666657
68 -0.0349701341666657
69 -0.0519461341666658
70 -0.0535823341666655
71 -0.0521930341666654
72 -0.0483200341666659
73 -0.0387642341666656
74 -0.0252482341666656
75 -0.0099779341666655
76 0.0045137658333343
77 0.0073750658333345
78 0.0002946658333345
79 -0.0122306341666656
80 -0.0240435341666658
81 -0.0494454341666657
82 -0.0664702341666654
83 -0.0685847341666657
84 -0.0556111341666656
85 -0.0350893341666656
86 -0.0207462341666655
87 -0.0189024341666655
88 -0.0161234341666656
89 0.0065282658333343
90 0.0382742658333344
91 0.0461389658333342
92 0.0387531658333344
93 0.0386463658333343
94 0.0475731658333345
95 0.0601818658333344
96 0.0712730658333345
97 0.0787018658333345
98 0.0774881658333344
99 0.0720785658333343
100 0.0686264658333342
101 0.0606404658333344
102 0.0580954658333344
103 0.0585988658333343
104 0.0494261658333341
105 0.0497206658333345
106 0.0562487658333342
107 0.0516571658333342
108 0.0471963658333343
109 0.0456771658333341
110 0.0301349658333345
111 -0.0000200341666656
112 -0.0245634341666658
113 -0.0266292341666658
114 -0.0147294341666657
115 -0.0054029341666655
116 -0.0062185341666656
117 -0.0171599341666657
118 -0.0270039341666655
119 -0.0302500341666656
120 -0.0335471341666658
121 -0.0402413341666654
122 -0.0409435341666655
123 -0.0341395341666657
124 -0.0225014341666658
125 -0.0131255341666656
126 -0.0025057341666654
127 -0.0025088341666657
128 -0.0047748341666658
129 0.0015469658333345
130 0.0092399658333342
131 0.0146698658333344
132 0.0181163658333343
133 0.0134613658333342
134 0.0096559658333342
135 0.0028930658333342
136 -0.0079066341666656
137 -0.0172154341666655
138 -0.0280997341666658
139 -0.0340956341666656
140 -0.0490883341666657
141 -0.0612291341666658
142 -0.0605611341666656
143 -0.0498492341666656
144 -0.0377287341666657
145 -0.0286835341666656
146 -0.0254330341666655
147 -0.0331718341666658
148 -0.0401291341666656
149 -0.0353376341666656
150 -0.0228096341666655
151 -0.0194101341666655
152 -0.0193437341666658
153 -0.0172825341666658
154 -0.0246201341666659
155 -0.0500592341666657
156 -0.0711462341666658
157 -0.0813282341666657
158 -0.0808714341666654
159 -0.0772803341666655
160 -0.0739092341666656
161 -0.0674212341666656
162 -0.0704119341666658
163 -0.0720343341666658
164 -0.0657610341666657
165 -0.0553764341666656
166 -0.0514322341666658
167 -0.0455414341666658
168 -0.0328454341666657
169 -0.0135798341666655
170 -0.0027772341666656
171 -0.0021070341666656
172 -0.0024437341666657
173 -0.0100991341666656
174 -0.0281905341666655
175 -0.0453645341666657
176 -0.0624359341666656
177 -0.0779728341666655
178 -0.0784502341666657
179 -0.0848824341666656
180 -0.0934757341666654
181 -0.0981799341666658
182 -0.0979378341666655
183 -0.0886490341666657
184 -0.0742697341666658
185 -0.0575572341666657
186 -0.0365825341666657
187 -0.0090467341666658
188 0.0180041658333345
189 0.0418944658333342
190 0.0594244658333345
191 0.0634778658333341
192 0.0591793658333342
193 0.0631843658333344
194 0.0678572658333345
195 0.0597378658333345
196 0.0368937658333341
197 0.0047299658333344
198 -0.0199063341666657
199 -0.0360888341666659
200 -0.0510600341666656
201 -0.0501800341666656
202 -0.0406906341666655
203 -0.0277068341666658
204 -0.0060041341666657
205 0.0113324658333345
206 0.0123132658333343
207 -0.0089329341666655
208 -0.0308487341666654
209 -0.0374666341666656
210 -0.0340938341666654
211 -0.0279343341666656
212 -0.0198118341666658
213 -0.0110480341666657
214 0.0009477658333346
215 0.0162374658333344
216 0.0275976658333343
217 0.0299944658333344
218 0.0255441658333342
219 0.0164823658333342
220 0.0195025658333345
221 0.0189495658333345
222 0.0132802658333344
223 0.0073403658333344
224 -0.0007423341666657
225 -0.0064024341666657
226 0.0043265658333342
227 0.0269458658333344
228 0.0411887658333345
229 0.0494314658333344
230 0.0431995658333344
231 0.0221132658333345
232 0.0076495658333342
233 0.0038987658333345
234 0.0132682658333345
235 0.0145385658333343
236 0.0077073658333342
237 -0.0025114341666654
238 -0.0180866341666657
239 -0.0274208341666657
240 -0.0297777341666658
241 -0.0324512341666656
242 -0.0449195341666657
243 -0.0615545341666657
244 -0.0654136341666658
245 -0.0588012341666655
246 -0.0511099341666656
247 -0.0467438341666657
248 -0.0443131341666656
249 -0.0403748341666654
250 -0.0263720341666658
251 -0.0054208341666655
252 0.0162085658333342
253 0.0241026658333343
254 0.0179597658333344
255 0.0042027658333343
256 -0.0035335341666656
257 -0.0032774341666655
258 -0.0030132341666658
259 -0.0103741341666654
260 -0.0212161341666657
261 -0.0355783341666656
262 -0.0401885341666657
263 -0.0398244341666656
264 -0.0353700341666658
265 -0.0309392341666657
266 -0.0302567341666657
267 -0.0386446341666655
268 -0.0486984341666656
269 -0.0489449341666655
270 -0.0549930341666656
271 -0.0675731341666657
272 -0.0639315341666657
273 -0.0495297341666658
274 -0.0392372341666656
275 -0.0315152341666658
276 -0.0329971341666657
277 -0.0332321341666657
278 -0.0276112341666654
279 -0.0007462341666655
280 0.0303903658333344
281 0.0515854658333343
282 0.0631584658333342
283 0.0735407658333345
284 0.0876363658333346
285 0.0903151658333345
286 0.0759881658333343
287 0.0584886658333343
288 0.0426292658333343
289 0.0225004658333345
290 -0.0098018341666655
291 -0.0403512341666659
292 -0.0414922341666655
293 -0.0198798341666655
294 -0.0028795341666656
295 0.0080139658333342
296 0.0179418658333343
297 0.0159861658333345
298 0.0104343658333343
299 0.0003007658333343
300 -0.0100243341666655
301 -0.0114667341666657
302 -0.0049435341666655
303 -0.0068985341666656
304 -0.0189661341666656
305 -0.0228270341666654
306 -0.0112663341666654
307 -0.0027894341666657
308 0.0074041658333344
309 0.0192943658333342
310 0.0374002658333343
311 0.0434463658333342
312 0.0312713658333346
313 0.0192992658333342
314 0.0108340658333343
315 0.0190480658333345
316 0.0356390658333345
317 0.0464005658333342
318 0.0440998658333345
319 0.0356605658333344
320 0.0223766658333342
321 0.0114145658333342
322 -0.0136466341666655
323 -0.0379821341666657
324 -0.0498213341666656
325 -0.0532950341666658
326 -0.0639216341666655
327 -0.0821161341666659
328 -0.0964723341666658
329 -0.1018875341666656
330 -0.1007511341666656
331 -0.1021083341666658
332 -0.1054901341666659
333 -0.1103136341666655
334 -0.1079283341666657
335 -0.0851001341666655
336 -0.0561560341666656
337 -0.0295689341666656
338 -0.0077751341666654
339 0.0042387658333345
340 0.0028370658333343
341 0.0059425658333345
342 0.0151364658333342
343 0.0213315658333344
344 0.0264560658333344
345 0.0253303658333341
346 0.0286854658333344
347 0.0392672658333342
348 0.0515649658333341
349 0.0711703658333342
350 0.0832084658333345
351 0.0844327658333341
352 0.0857452658333342
353 0.0818608658333342
354 0.0902553658333343
355 0.1153496658333344
356 0.1311181658333345
357 0.1352997658333344
358 0.1357576658333342
359 0.1278376658333342
360 0.1088446658333342
361 0.0970648658333344
362 0.0968668658333343
363 0.0979964658333343
364 0.0961265658333343
365 0.0890297658333346
366 0.0816674658333345
367 0.0761118658333344
368 0.0635327658333344
369 0.0531167658333342
370 0.0396241658333345
371 0.0228275658333343
372 0.0137717658333343
373 0.0070635658333345
374 -0.0130116341666655
375 -0.0314025341666655
376 -0.0379990341666656
377 -0.0397482341666655
378 -0.0396469341666656
379 -0.0434910341666654
380 -0.0478038341666656
381 -0.0608306341666656
382 -0.0658273341666655
383 -0.0605995341666659
384 -0.0541194341666658
385 -0.0517991341666657
386 -0.0583864341666658
387 -0.0711472341666655
388 -0.0833054341666655
389 -0.0921249341666655
390 -0.0850696341666657
391 -0.0719511341666657
392 -0.0623177341666659
393 -0.0538517341666656
394 -0.0341315341666655
395 -0.0144269341666656
396 0.0020650658333343
397 0.0123547658333343
398 0.0285011658333345
399 0.0573024658333345
400 0.0896506658333345
401 0.1093342658333345
402 0.1187894658333342
403 0.1183171658333344
404 0.1217849658333345
405 0.1281496658333343
406 0.1348631658333344
407 0.1328860658333344
408 0.1270279658333342
409 0.1220630658333342
410 0.1111383658333343
411 0.1008494658333343
412 0.0932732658333344
413 0.0815318658333344
414 0.0725971658333342
415 0.0645668658333345
416 0.0555115658333345
417 0.0518454658333343
418 0.0624656658333342
419 0.0671135658333344
420 0.0560709658333343
421 0.0324755658333342
422 0.0156289658333342
423 0.0069042658333345
424 0.0042089658333344
425 0.0192280658333344
426 0.0379947658333344
427 0.0520108658333345
428 0.0446305658333346
429 0.0330544658333345
430 0.0299346658333342
431 0.0321729658333343
432 0.0370011658333342
433 0.0431098658333342
434 0.0329841658333345
435 0.0114344658333345
436 -0.0122641341666658
437 -0.0259647341666658
438 -0.0271660341666657
439 -0.0297909341666656
440 -0.0321623341666655
441 -0.0309002341666655
442 -0.0313838341666655
443 -0.0357066341666656
444 -0.0427513341666654
445 -0.0520339341666656
446 -0.0645028341666656
447 -0.0781684341666655
448 -0.0859199341666654
449 -0.0772804341666657
450 -0.0575398341666657
451 -0.0437301341666658
452 -0.0387228341666654
453 -0.0325937341666656
454 -0.0214201341666658
455 0.0086453658333343
456 0.0415390658333346
457 0.0628075658333342
458 0.0738474658333343
459 0.0821223658333343
460 0.0925358658333342
461 0.1027828658333343
462 0.1011056658333342
463 0.0895721658333342
464 0.0800465658333342
465 0.0795459658333342
466 0.0805171658333346
467 0.0737066658333343
468 0.0624864658333344
469 0.0510462658333344
470 0.0347442658333343
471 0.0160577658333345
472 -0.0009479341666658
473 -0.0187920341666659
474 -0.0353504341666655
475 -0.0386751341666658
476 -0.0354445341666656
477 -0.0404152341666655
478 -0.0437656341666655
479 -0.0423684341666655
480 -0.0380949341666654
481 -0.0283157341666658
482 -0.0144646341666657
483 -0.0081973341666655
484 -0.0190963341666657
485 -0.0389343341666657
486 -0.0572675341666655
487 -0.0587445341666655
488 -0.0507533341666657
489 -0.0470322341666658
490 -0.0585832341666657
491 -0.0807790341666657
492 -0.0981943341666658
493 -0.1086215341666654
494 -0.1093327341666654
495 -0.0932140341666656
496 -0.0694226341666657
497 -0.0419278341666658
498 -0.0212228341666658
499 -0.0065441341666657
500 -0.0022739341666655
501 -0.0037888341666656
502 -0.0108019341666656
503 -0.0284141341666655
504 -0.0493389341666655
505 -0.0538411341666656
506 -0.0412856341666656
507 -0.0158852341666655
508 0.0075164658333344
509 0.0149058658333345
510 0.0142434658333346
511 0.0089387658333342
512 0.0045705658333342
513 -0.0004524341666658
514 -0.0029912341666658
515 -0.0135231341666655
516 -0.0324777341666658
517 -0.0424115341666655
518 -0.0370393341666655
519 -0.0307101341666658
520 -0.0351007341666656
521 -0.0428598341666655
522 -0.0409189341666658
523 -0.0336495341666656
524 -0.0280155341666655
525 -0.0278721341666657
526 -0.0300189341666655
527 -0.0252814341666658
528 -0.0134483341666658
529 -0.0079439341666658
530 -0.0050329341666657
531 0.0000819658333344
532 0.0118487658333342
533 0.0319380658333341
534 0.0497355658333345
535 0.0659840658333342
536 0.0851233658333346
537 0.1147939658333343
538 0.1355336658333344
539 0.1337742658333343
540 0.1177430658333343
541 0.1104329658333345
542 0.1077861658333346
543 0.0938845658333345
544 0.0696044658333346
545 0.0486176658333344
546 0.0373959658333343
547 0.0407466658333342
548 0.0411460658333342
549 0.0299378658333342
550 0.0104004658333343
551 -0.0115145341666656
552 -0.0256445341666658
553 -0.0281224341666655
554 -0.0290354341666657
555 -0.0351144341666658
556 -0.0445589341666657
557 -0.0551039341666657
558 -0.0522877341666654
559 -0.0388416341666655
560 -0.0177137341666658
561 0.0079906658333342
562 0.0193556658333343
563 0.0139526658333344
564 0.0145080658333345
565 0.0130415658333343
566 0.0093721658333346
567 0.0090668658333342
568 0.0088863658333342
569 0.0208076658333343
570 0.0449244658333345
571 0.0707316658333346
572 0.0855971658333345
573 0.1009306658333342
574 0.1036889658333342
575 0.0977993658333345
576 0.0915442658333343
577 0.0824478658333345
578 0.0783460658333341
579 0.0732543658333342
580 0.0595541658333345
581 0.0459484658333342
582 0.0328638658333342
583 0.0162465658333342
584 -0.0057860341666656
585 -0.0303712341666658
586 -0.0428701341666655
587 -0.0525642341666654
588 -0.0583509341666657
589 -0.0588492341666655
590 -0.0634994341666655
591 -0.0794826341666655
592 -0.0948155341666657
593 -0.1060764341666656
594 -0.0968279341666656
595 -0.0630694341666658
596 -0.0296653341666655
597 -0.0034375341666655
598 0.0226819658333342
599 0.0388142658333344
600 0.0444750658333342
1 -0.0734851341666656
2 -0.0603535341666657
3 -0.0614851341666656
4 -0.0756622341666655
5 -0.0780606341666656
6 -0.0692866341666658
7 -0.0610117341666658
8 -0.0495887341666656
9 -0.0347390341666656
10 -0.0216103341666658
11 -0.0059560341666658
12 0.0104302658333344
13 0.0242491658333344
14 0.0416842658333345
15 0.0492673658333342
16 0.0474247658333344
17 0.0438763658333343
18 0.0308864658333343
19 0.0125663658333344
20 -0.0000131341666658
21 -0.0081871341666657
22 -0.0188043341666657
23 -0.0327032341666658
24 -0.0462225341666658
25 -0.0590784341666657
26 -0.0632043341666657
27 -0.0516155341666655
28 -0.0355439341666655
29 -0.0231958341666658
30 -0.0214526341666654
31 -0.0305445341666655
32 -0.0445879341666657
33 -0.0532037341666656
34 -0.0545402341666654
35 -0.0484306341666656
36 -0.0317166341666657
37 0.0028023658333343
38 0.0421319658333346
39 0.0663202658333342
40 0.0781662658333344
41 0.0879611658333346
42 0.0889700658333346
43 0.0729901658333345
44 0.0570732658333344
45 0.0439525658333344
46 0.0206931658333342
47 -0.0013489341666655
48 -0.0090956341666657
49 -0.0012122341666658
50 0.0101152658333343
51 0.0091753658333342
52 0.0182492658333344
53 0.0337393658333345
54 0.0309816658333344
55 0.0079963658333342
56 -0.0228570341666656
57 -0.0484143341666656
58 -0.0684880341666658
59 -0.0836333341666657
60 -0.0858396341666658
61 -0.0833518341666655
62 -0.0717021341666655
63 -0.0633694341666655
64 -0.0642401341666656
65 -0.0667468341666657
66 -0.0588995341666658
67 -0.0600639341666658
68 -0.0709104341666658
69 -0.0770068341666654
70 -0.0887136341666657
71 -0.1051531341666658
72 -0.1178220341666658
73 -0.1148151341666654
74 -0.1053669341666654
75 -0.0948201341666657
76 -0.0748887341666657
77 -0.0533194341666658
78 -0.0326135341666656
79 -0.0047169341666655
80 0.0153501658333344
81 0.0332966658333342
82 0.0534824658333344
83 0.0791154658333344
84 0.0997198658333343
85 0.1109391658333343
86 0.1162012658333342
87 0.1102698658333345
88 0.1087477658333342
89 0.1162033658333343
90 0.1126072658333341
91 0.0914846658333341
92 0.0735760658333344
93 0.0672045658333342
94 0.0642614658333343
95 0.0600027658333344
96 0.0455715658333342
97 0.0362781658333344
98 0.0228712658333343
99 0.0148720658333343
100 0.0141206658333344
101 0.0217206658333344
102 0.0277665658333341
103 0.0283009658333344
104 0.0184676658333345
105 -0.0039717341666656
106 -0.0296241341666654
107 -0.0530760341666658
108 -0.0666442341666658
109 -0.0637465341666656
110 -0.0485422341666655
111 -0.0327953341666656
112 -0.0187865341666655
113 -0.0076220341666655
114 0.0060794658333343
115 0.0291677658333342
116 0.0525773658333342
117 0.0740353658333341
118 0.0779519658333343
119 0.0723647658333344
120 0.0643082658333345
121 0.0699128658333343
122 0.0775936658333345
123 0.0787641658333342
124 0.0736054658333343
125 0.0686754658333344
126 0.0613898658333345
127 0.0547208658333345
128 0.0423287658333344
129 0.0334299658333346
130 0.0178288658333345
131 -0.0061209341666655
132 -0.0344367341666656
133 -0.0652024341666655
134 -0.0917447341666655
135 -0.1010089341666656
136 -0.0986970341666655
137 -0.0913820341666658
138 -0.0778203341666655
139 -0.0631078341666655
140 -0.0563193341666657
141 -0.0537558341666657
142 -0.0419993341666656
143 -0.0096918341666656
144 0.0270929658333343
145 0.0533930658333341
146 0.0584471658333343
147 0.0604109658333343
148 0.0737135658333345
149 0.0845224658333343
150 0.0749102658333345
151 0.0555409658333343
152 0.0354253658333343
153 0.0096682658333345
154 -0.0234963341666656
155 -0.0354223341666655
156 -0.0337201341666655
157 -0.0287951341666655
158 -0.0131378341666655
159 0.0051201658333344
160 0.0164503658333341
161 0.0271528658333344
162 0.0452960658333343
163 0.0603095658333346
164 0.0712998658333341
165 0.0763430658333344
166 0.0746717658333345
167 0.0632027658333345
168 0.0353381658333345
169 0.0021921658333341
170 -0.0113823341666657
171 -0.0083535341666656
172 0.0009176658333345
173 0.0126641658333342
174 0.0251787658333344
175 0.0274278658333342
176 0.0205303658333342
177 0.0170609658333345
178 0.0209651658333345
179 0.0351045658333344
180 0.0623779658333343
181 0.0821680658333341
182 0.0825335658333342
183 0.0571305658333343
184 0.0291014658333344
185 0.0134292658333344
186 0.0018317658333342
187 0.0009555658333342
188 0.0158048658333345
189 0.0343030658333343
190 0.0276318658333343
191 0.0192246658333342
192 -0.0029370341666657
193 -0.0203673341666657
194 -0.0253382341666657
195 -0.0311384341666656
196 -0.0336606341666656
197 -0.0298468341666656
198 -0.0324463341666656
199 -0.0429624341666655
200 -0.0577034341666658
201 -0.0658259341666656
202 -0.0614684341666658
203 -0.0503745341666657
204 -0.0414599341666655
205 -0.0371948341666655
206 -0.0278636341666658
207 -0.0106551341666656
208 -0.0033598341666656
209 -0.0062989341666655
210 -0.0151636341666657
211 -0.0067367341666658
212 0.0138461658333342
213 0.0306005658333341
214 0.0337720658333343
215 0.0246957658333344
216 0.0148193658333344
217 0.0125402658333345
218 0.0108499658333345
219 0.0024039658333344
220 0.0014565658333345
221 0.0035014658333345
222 -0.0036043341666656
223 -0.0164140341666656
224 -0.0248214341666655
225 -0.0220017341666656
226 -0.0139704341666658
227 -0.0046741341666658
228 0.0060222658333342
229 0.0066198658333345
230 0.0004595658333342
231 -0.0029708341666654
232 -0.0104347341666657
233 -0.0187692341666654
234 -0.0182438341666655
235 -0.0163692341666657
236 -0.0199312341666658
237 -0.0163153341666655
238 -0.0148788341666655
239 -0.0165521341666657
240 -0.0177415341666656
241 -0.0230230341666657
242 -0.0248125341666658
243 -0.0301572341666656
244 -0.0407480341666657
245 -0.0549145341666657
246 -0.0698854341666655
247 -0.0767189341666654
248 -0.0772169341666658
249 -0.0676435341666655
250 -0.0579174341666655
251 -0.0667025341666658
252 -0.0784587341666656
253 -0.0739942341666655
254 -0.0621758341666658
255 -0.0514350341666656
256 -0.0380779341666657
257 -0.0206128341666658
258 -0.0079724341666658
259 -0.0047460341666659
260 -0.0088445341666659
261 -0.0215608341666655
262 -0.0374649341666657
263 -0.0487146341666658
264 -0.0552414341666658
265 -0.0542252341666658
266 -0.0490337341666658
267 -0.0426144341666657
268 -0.0409624341666657
269 -0.0450660341666658
270 -0.0454104341666657
271 -0.0342107341666655
272 -0.0289949341666658
273 -0.0382743341666658
274 -0.0529599341666658
275 -0.0524826341666658
276 -0.0476824341666657
277 -0.0437823341666657
278 -0.0342551341666657
279 -0.0235175341666656
280 -0.0140762341666658
281 -0.0123653341666659
282 -0.0101268341666656
283 -0.0039036341666656
284 0.0003480658333346
285 0.0090305658333345
286 0.0207821658333343
287 0.0285593658333343
288 0.0207170658333342
289 0.0012920658333342
290 -0.0097324341666658
291 -0.0083411341666655
292 0.0144343658333344
293 0.0337907658333343
294 0.0380928658333342
295 0.0348993658333345
296 0.0248764658333345
297 0.0091309658333345
298 -0.0107793341666658
299 -0.0180801341666657
300 -0.0243868341666658
301 -0.0407844341666657
302 -0.0584369341666657
303 -0.0660821341666655
304 -0.0738841341666658
305 -0.0752784341666657
306 -0.0650587341666657
307 -0.0445101341666656
308 -0.0327226341666655
309 -0.0378482341666655
310 -0.0475757341666658
311 -0.0677828341666658
312 -0.0846232341666657
313 -0.1001500341666657
314 -0.1034715341666654
315 -0.0936244341666654
316 -0.0796137341666658
317 -0.0669907341666658
318 -0.0597583341666654
319 -0.0507551341666654
320 -0.0434753341666658
321 -0.0447205341666654
322 -0.0526197341666657
323 -0.0601471341666655
324 -0.0645421341666657
325 -0.0537125341666655
326 -0.0372230341666655
327 -0.0326167341666657
328 -0.0276482341666657
329 -0.0157703341666657
330 0.0008522658333345
331 0.0221105658333345
332 0.0349137658333345
333 0.0336999658333346
334 0.0328370658333346
335 0.0394750658333343
336 0.0441693658333344
337 0.0491939658333345
338 0.0418638658333346
339 0.0309423658333343
340 0.0295733658333344
341 0.0342764658333343
342 0.0350039658333343
343 0.0155389658333345
344 -0.0088349341666656
345 -0.0229204341666658
346 -0.0402451341666659
347 -0.0479524341666657
348 -0.0434594341666656
349 -0.0391432341666658
350 -0.0420059341666654
351 -0.0487229341666655
352 -0.0494476341666656
353 -0.0428570341666656
354 -0.0168850341666658
355 0.0018669658333343
356 0.0080760658333343
357 0.0070897658333342
358 0.0058164658333344
359 0.0018866658333345
360 -0.0026806341666656
361 -0.0059984341666657
362 -0.0027614341666657
363 0.0124551658333343
364 0.0276481658333343
365 0.0381325658333345
366 0.0451459658333344
367 0.0501127658333345
368 0.0520183658333342
369 0.0468369658333345
370 0.0334611658333341
371 0.0150890658333345
372 -0.0033943341666656
373 -0.0202229341666658
374 -0.0372133341666658
375 -0.0535871341666656
376 -0.0662514341666656
377 -0.0768076341666655
378 -0.0912749341666657
379 -0.0969300341666655
380 -0.0988273341666654
381 -0.1031231341666659
382 -0.1105913341666658
383 -0.1159640341666655
384 -0.1133242341666656
385 -0.1014341341666656
386 -0.0927204341666656
387 -0.0855665341666656
388 -0.0760071341666655
389 -0.0658318341666657
390 -0.0478764341666658
391 -0.0289592341666656
392 -0.0157447341666654
393 -0.0209192341666657
394 -0.0421862341666657
395 -0.0612039341666657
396 -0.0688963341666655
397 -0.0738556341666659
398 -0.0736106341666658
399 -0.0778953341666657
400 -0.0901453341666656
401 -0.0958343341666654
402 -0.0935473341666655
403 -0.0819646341666656
404 -0.0664110341666655
405 -0.0573468341666659
406 -0.0555254341666656
407 -0.0605878341666655
408 -0.0677552341666656
409 -0.0672458341666657
410 -0.0639089341666654
411 -0.0539973341666657
412 -0.0506045341666654
413 -0.0488958341666654
414 -0.0419546341666654
415 -0.0332382341666655
416 -0.0276384341666658
417 -0.0263456341666655
418 -0.0378416341666656
419 -0.0545831341666658
420 -0.0620160341666658
421 -0.0467033341666658
422 -0.0204901341666655
423 0.0019094658333345
424 0.0069067658333344
425 -0.0046825341666659
426 -0.0162504341666656
427 -0.0358413341666655
428 -0.0428138341666657
429 -0.0381077341666658
430 -0.0416255341666658
431 -0.0560401341666656
432 -0.0608985341666655
433 -0.0436866341666655
434 -0.0197997341666656
435 0.0065806658333343
436 0.0407371658333342
437 0.0824580658333343
438 0.1263289658333342
439 0.1473991658333342
440 0.1394196658333344
441 0.1216561658333344
442 0.1096217658333343
443 0.1034399658333345
444 0.0962521658333344
445 0.0937696658333342
446 0.0906134658333344
447 0.0910952658333342
448 0.1018842658333345
449 0.1082940658333342
450 0.1110934658333345
451 0.1119306658333343
452 0.1072964658333344
453 0.0867261658333343
454 0.0573362658333343
455 0.0300019658333341
456 0.0190605658333345
457 0.0197259658333344
458 0.0186000658333345
459 0.0102411658333343
460 -0.0011699341666658
461 -0.0125415341666657
462 -0.0261007341666657
463 -0.0375478341666655
464 -0.0485680341666654
465 -0.0580944341666658
466 -0.0628880341666656
467 -0.0737509341666658
468 -0.0860806341666658
469 -0.0885274341666658
470 -0.0933202341666655
471 -0.1093608341666656
472 -0.1281028341666657
473 -0.1472940341666655
474 -0.1536352341666656
475 -0.1547798341666655
476 -0.1446827341666657
477 -0.1245122341666658
478 -0.0996193341666656
479 -0.0719733341666657
480 -0.0464968341666658
481 -0.0181861341666658
482 0.0157982658333342
483 0.0446293658333343
484 0.0725955658333342
485 0.0914301658333345
486 0.0998414658333342
487 0.0972839658333342
488 0.0900992658333344
489 0.0813416658333344
490 0.0553742658333345
491 0.0402986658333342
492 0.0457989658333342
493 0.0534072658333344
494 0.0550788658333343
495 0.0508351658333344
496 0.0591122658333343
497 0.0729968658333342
498 0.0786526658333342
499 0.0798677658333342
500 0.0765104658333344
501 0.0745959658333342
502 0.0663974658333344
503 0.0412977658333342
504 0.0078493658333345
505 -0.0186579341666655
506 -0.0330157341666655
507 -0.0451997341666655
508 -0.0525958341666657
509 -0.0554024341666657
510 -0.0615693341666654
511 -0.0625319341666657
512 -0.0634233341666657
513 -0.0535254341666658
514 -0.0261085341666658
515 0.0108043658333346
516 0.0322754658333344
517 0.0392356658333344
518 0.0353437658333342
519 0.0158688658333346
520 -0.0074893341666655
521 -0.0277630341666657
522 -0.0459506341666658
523 -0.0672872341666655
524 -0.0712075341666658
525 -0.0696365341666656
526 -0.0705506341666657
527 -0.0763394341666657
528 -0.0833832341666656
529 -0.0838590341666658
530 -0.0940538341666657
531 -0.1117493341666655
532 -0.1203005341666659
533 -0.1119939341666658
534 -0.0929050341666655
535 -0.0729867341666655
536 -0.0596674341666654
537 -0.0547561341666656
538 -0.0613548341666657
539 -0.0785788341666658
540 -0.0826245341666656
541 -0.0757648341666655
542 -0.0725296341666657
543 -0.0694710341666656
544 -0.0619408341666658
545 -0.0593980341666658
546 -0.0626684341666657
547 -0.0721610341666659
548 -0.0785890341666655
549 -0.0792896341666656
550 -0.0719721341666655
551 -0.0563303341666654
552 -0.0470733341666656
553 -0.0357061341666656
554 -0.0282028341666658
555 -0.0139547341666657
556 0.0160604658333345
557 0.0487190658333345
558 0.0722446658333342
559 0.0863493658333345
560 0.0990087658333345
561 0.1082778658333345
562 0.1056513658333342
563 0.0783729658333345
564 0.0566467658333343
565 0.0545201658333343
566 0.0617321658333343
567 0.0636235658333342
568 0.0664328658333342
569 0.0656476658333345
570 0.0502123658333344
571 0.0256196658333345
572 0.0031222658333343
573 -0.0111286341666657
574 -0.0128780341666657
575 0.0006964658333342
576 0.0100219658333343
577 0.0111904658333342
578 0.0155264658333345
579 0.0182335658333344
580 0.0027559658333343
581 -0.0221343341666658
582 -0.0503768341666655
583 -0.0800857341666656
584 -0.1000217341666656
585 -0.1036783341666658
586 -0.0975173341666657
587 -0.0842097341666657
588 -0.0770654341666654
589 -0.0849806341666657
590 -0.0855564341666657
591 -0.0785302341666658
592 -0.0640683341666657
593 -0.0463318341666659
594 -0.0181910341666658
595 0.0080184658333344
596 0.0295554658333343
597 0.0384170658333343
598 0.0494382658333343
599 0.0466922658333342
600 0.0281998658333342
1 -0.0363116341666658
2 -0.0222231341666657
3 -0.0081374341666658
4 0.0190914658333345
5 0.0553730658333342
6 0.0816896658333341
7 0.0850736658333342
8 0.0799002658333343
9 0.0815917658333345
10 0.0782404658333342
11 0.0714095658333345
12 0.0734493658333344
13 0.0717522658333345
14 0.0672469658333346
15 0.0541265658333345
16 0.0220494658333346
17 -0.0171678341666657
18 -0.0615739341666655
19 -0.0963451341666657
20 -0.1137729341666658
21 -0.1169443341666656
22 -0.1172990341666655
23 -0.1162490341666658
24 -0.1033563341666657
25 -0.0896928341666658
26 -0.0697386341666655
27 -0.0486810341666657
28 -0.0371231341666656
29 -0.0250361341666658
30 -0.0089979341666657
31 0.0188481658333344
32 0.0449531658333342
33 0.0597534658333343
34 0.0646428658333345
35 0.0622635658333341
36 0.0422406658333343
37 0.0234280658333343
38 0.0060173658333342
39 -0.0059545341666656
40 -0.0157109341666657
41 -0.0255362341666658
42 -0.0298110341666655
43 -0.0238658341666658
44 -0.0190042341666659
45 -0.0308794341666658
46 -0.0480098341666655
47 -0.0673448341666658
48 -0.0815707341666658
49 -0.0847441341666655
50 -0.0763524341666657
51 -0.0576453341666658
52 -0.0340370341666656
53 -0.0041362341666655
54 0.0217138658333345
55 0.0389411658333345
56 0.0485187658333341
57 0.0399003658333346
58 0.0215202658333342
59 -0.0003263341666657
60 -0.0172172341666657
61 -0.0330242341666658
62 -0.0348144341666656
63 -0.0259911341666657
64 -0.0167946341666658
65 -0.0093899341666654
66 -0.0023310341666658
67 0.0091838658333345
68 0.0089063658333344
69 0.0195003658333341
70 0.0422845658333344
71 0.0626168658333341
72 0.0799848658333344
73 0.0786960658333342
74 0.0604889658333345
75 0.0304804658333344
76 -0.0100096341666656
77 -0.0437632341666658
78 -0.0671391341666658
79 -0.0824650341666655
80 -0.0936764341666656
81 -0.0944201341666657
82 -0.0906187341666658
83 -0.0854710341666656
84 -0.0685240341666655
85 -0.0371034341666658
86 -0.0111783341666656
87 0.0047449658333343
88 0.0124308658333345
89 0.0179208658333345
90 0.0278279658333345
91 0.0409472658333345
92 0.0603840658333343
93 0.0748489658333344
94 0.0795104658333345
95 0.0790056658333342
96 0.0793435658333346
97 0.0701305658333342
98 0.0618872658333345
99 0.0490936658333343
100 0.0327492658333344
101 0.0259839658333343
102 0.0294789658333343
103 0.0426144658333345
104 0.0592362658333343
105 0.0566817658333343
106 0.0494949658333343
107 0.0374059658333343
108 0.0292542658333343
109 0.0330177658333342
110 0.0441149658333342
111 0.0493325658333346
112 0.0400944658333344
113 0.0212960658333343
114 0.0066482658333342
115 -0.0039456341666657
116 -0.0135852341666656
117 -0.0286230341666656
118 -0.0393880341666657
119 -0.0439664341666655
120 -0.0409853341666655
121 -0.0335493341666657
122 -0.0238455341666657
123 -0.0286843341666656
124 -0.0445780341666655
125 -0.0527557341666656
126 -0.0468540341666657
127 -0.0326525341666657
128 -0.0239118341666655
129 -0.0181401341666656
130 -0.0159544341666655
131 -0.0123680341666654
132 -0.0082106341666655
133 -0.0026071341666656
134 -0.0024149341666657
135 -0.0089195341666657
136 -0.0117385341666658
137 -0.0154129341666658
138 -0.0215443341666655
139 -0.0239718341666655
140 -0.0220106341666657
141 -0.0267879341666655
142 -0.0351188341666657
143 -0.0369296341666656
144 -0.0398392341666658
145 -0.0397586341666658
146 -0.0399871341666658
147 -0.0394907341666655
148 -0.0342633341666656
149 -0.0279593341666655
150 -0.0228416341666655
151 -0.0180448341666657
152 -0.0131011341666656
153 -0.0140617341666656
154 -0.0127890341666657
155 -0.0102717341666656
156 -0.0067773341666655
157 -0.0019415341666655
158 0.0091486658333344
159 0.0164560658333341
160 0.0054132658333343
161 -0.0063283341666658
162 0.0034862658333346
163 0.0302221658333344
164 0.0486829658333345
165 0.0468805658333342
166 0.0388504658333342
167 0.0326118658333345
168 0.0399098658333346
169 0.0642705658333345
170 0.0923298658333342
171 0.1052201658333343
172 0.1151832658333345
173 0.1254586658333343
174 0.1181881658333346
175 0.0924542658333345
176 0.0671414658333345
177 0.0641131658333345
178 0.0728169658333342
179 0.0765609658333344
180 0.0741614658333343
181 0.0640388658333344
182 0.0433737658333344
183 0.0213711658333344
184 0.0037280658333345
185 -0.0063432341666658
186 -0.0070807341666654
187 -0.0078909341666655
188 -0.0138443341666656
189 -0.0254113341666655
190 -0.0316324341666658
191 -0.0263356341666658
192 -0.0223707341666657
193 -0.0252447341666655
194 -0.0283835341666658
195 -0.0265296341666654
196 -0.0245402341666656
197 -0.0323150341666656
198 -0.0517614341666657
199 -0.0587676341666659
200 -0.0552017341666655
201 -0.0562658341666658
202 -0.0587272341666658
203 -0.0645370341666656
204 -0.0730749341666654
205 -0.0817446341666654
206 -0.0800045341666658
207 -0.0810084341666655
208 -0.0873776341666654
209 -0.0955041341666658
210 -0.1000478341666655
211 -0.0808594341666655
212 -0.0454133341666658
213 -0.0191054341666654
214 -0.0192074341666655
215 -0.0368260341666655
216 -0.0427764341666657
217 -0.0426344341666658
218 -0.0336941341666654
219 -0.0253630341666655
220 -0.0123445341666657
221 0.0203910658333344
222 0.0585874658333343
223 0.0761046658333342
224 0.0711263658333343
225 0.0657487658333342
226 0.0756689658333345
227 0.0760906658333345
228 0.0542593658333343
229 0.0203736658333344
230 -0.0043068341666657
231 -0.0132652341666657
232 -0.0205110341666654
233 -0.0257281341666658
234 -0.0227802341666656
235 -0.0180239341666657
236 -0.0164118341666657
237 -0.0195344341666654
238 -0.0193451341666657
239 -0.0256419341666656
240 -0.0240030341666655
241 -0.0035841341666658
242 0.0264112658333344
243 0.0458906658333342
244 0.0386465658333344
245 0.0083983658333344
246 -0.0132508341666657
247 -0.0152639341666658
248 -0.0121964341666656
249 0.0032003658333344
250 0.0304171658333345
251 0.0579297658333342
252 0.0704176658333342
253 0.0674115658333343
254 0.0630094658333342
255 0.0749737658333345
256 0.0775321658333343
257 0.0719837658333344
258 0.0578837658333344
259 0.0338807658333344
260 0.0072011658333344
261 -0.0102247341666657
262 -0.0284200341666656
263 -0.0448167341666657
264 -0.0664662341666657
265 -0.0865355341666656
266 -0.0883742341666656
267 -0.0838974341666656
268 -0.0790958341666657
269 -0.0853737341666658
270 -0.1055069341666655
271 -0.1141931341666655
272 -0.1059829341666658
273 -0.0909285341666655
274 -0.0725310341666656
275 -0.0543178341666657
276 -0.0335123341666654
277 -0.0281755341666656
278 -0.0346699341666659
279 -0.0433544341666656
280 -0.0419094341666657
281 -0.0330996341666658
282 -0.0294920341666658
283 -0.0375915341666655
284 -0.0451386341666655
285 -0.0520248341666658
286 -0.0655479341666658
287 -0.0773906341666657
288 -0.0664730341666657
289 -0.0430896341666656
290 -0.0248315341666658
291 -0.0097196341666654
292 -0.0015461341666656
293 -0.0014317341666654
294 -0.0008895341666655
295 0.0040310658333342
296 -0.0002999341666658
297 -0.0055679341666655
298 -0.0047232341666654
299 0.0223909658333343
300 0.0572521658333343
301 0.0675928658333342
302 0.0563716658333342
303 0.0345710658333345
304 0.0172282658333343
305 0.0074535658333343
306 0.0068634658333342
307 0.0193922658333343
308 0.0381845658333342
309 0.0525869658333344
310 0.0592724658333346
311 0.0558793658333343
312 0.0567482658333343
313 0.0547584658333342
314 0.0437807658333345
315 0.0247494658333345
316 0.0106422658333343
317 0.0048425658333344
318 0.0068804658333343
319 0.0048734658333345
320 -0.0022489341666656
321 0.0044255658333343
322 0.0239437658333346
323 0.0365916658333343
324 0.0159696658333344
325 -0.0049480341666657
326 -0.0183305341666657
327 -0.0224679341666656
328 -0.0220355341666658
329 -0.0232613341666656
330 -0.0152821341666658
331 0.0006308658333345
332 0.0242440658333343
333 0.0357902658333344
334 0.0229762658333343
335 0.0074873658333345
336 0.0034660658333343
337 -0.0103180341666658
338 -0.0212274341666658
339 -0.0295372341666655
340 -0.0360639341666658
341 -0.0459080341666658
342 -0.0521017341666656
343 -0.0550283341666655
344 -0.0548958341666657
345 -0.0471647341666657
346 -0.0324460341666657
347 -0.0173035341666656
348 0.0066556658333345
349 0.0409318658333344
350 0.0749118658333345
351 0.0813071658333344
352 0.0694337658333342
353 0.0458951658333344
354 0.0250088658333345
355 0.0119416658333344
356 -0.0023323341666655
357 -0.0187896341666658
358 -0.0293097341666657
359 -0.0329016341666657
360 -0.0259654341666655
361 -0.0107174341666658
362 -0.0002603341666658
363 0.0027915658333342
364 0.0062846658333342
365 0.0114834658333343
366 0.0118266658333344
367 0.0012870658333344
368 -0.0127549341666655
369 -0.0250806341666658
370 -0.0391085341666657
371 -0.0522694341666656
372 -0.0630316341666655
373 -0.0684499341666656
374 -0.0720814341666656
375 -0.0777957341666657
376 -0.0925846341666658
377 -0.1073451341666658
378 -0.1173946341666658
379 -0.1262733341666658
380 -0.1204097341666657
381 -0.1097453341666657
382 -0.1036821341666658
383 -0.0960251341666658
384 -0.0858549341666657
385 -0.0640844341666655
386 -0.0388792341666657
387 -0.0303766341666658
388 -0.0266477341666658
389 -0.0155485341666655
390 0.0007744658333344
391 0.0134847658333346
392 0.0248524658333342
393 0.0343303658333345
394 0.0373821658333342
395 0.0437322658333343
396 0.0664638658333345
397 0.0895179658333345
398 0.1042284658333346
399 0.1121252658333343
400 0.1125847658333345
401 0.1033426658333343
402 0.0895839658333344
403 0.0765595658333345
404 0.0712980658333344
405 0.0682329658333343
406 0.0672558658333342
407 0.0642114658333344
408 0.0670830658333346
409 0.0731277658333345
410 0.0668388658333345
411 0.0561363658333343
412 0.0456560658333345
413 0.0380690658333345
414 0.0287950658333345
415 0.0188906658333345
416 0.0255783658333342
417 0.0401940658333344
418 0.0382820658333345
419 0.0179038658333344
420 0.0014818658333344
421 -0.0134247341666658
422 -0.0202606341666658
423 -0.0230618341666657
424 -0.0262692341666657
425 -0.0296750341666656
426 -0.0224157341666658
427 -0.0177882341666655
428 -0.0296698341666657
429 -0.0496599341666655
430 -0.0454071341666658
431 -0.0212627341666658
432 0.0007870658333342
433 0.0141183658333341
434 0.0287625658333344
435 0.0409037658333342
436 0.0362667658333344
437 0.0261310658333342
438 0.0139237658333342
439 0.0000741658333343
440 -0.0105018341666656
441 -0.0262799341666655
442 -0.0349096341666657
443 -0.0271654341666658
444 -0.0079317341666658
445 0.0028870658333342
446 0.0202253658333342
447 0.0432496658333346
448 0.0629766658333342
449 0.0730669658333345
450 0.0711815658333346
451 0.0645250658333345
452 0.0505284658333345
453 0.0376217658333342
454 0.0281064658333343
455 0.0211121658333342
456 0.0153296658333342
457 0.0192852658333345
458 0.0249752658333344
459 0.0260870658333343
460 0.0109203658333343
461 -0.0079590341666655
462 -0.0166148341666656
463 -0.0163917341666657
464 -0.0067565341666658
465 0.0055739658333342
466 0.0230276658333342
467 0.0469038658333343
468 0.0671566658333345
469 0.0700912658333341
470 0.0765032658333342
471 0.0844076658333344
472 0.0888374658333344
473 0.0891730658333345
474 0.0910081658333342
475 0.0848208658333345
476 0.0624991658333345
477 0.0330970658333345
478 0.0234027658333344
479 0.0455972658333343
480 0.0695658658333342
481 0.0841892658333343
482 0.0947531658333345
483 0.1056329658333341
484 0.1168196658333343
485 0.1149711658333343
486 0.0963517658333344
487 0.0712692658333345
488 0.0369190658333345
489 0.0050303658333344
490 -0.0169793341666655
491 -0.0391541341666657
492 -0.0627784341666655
493 -0.0788206341666657
494 -0.0878756341666658
495 -0.0958834341666654
496 -0.0955960341666655
497 -0.0860548341666658
498 -0.0684737341666657
499 -0.0503331341666655
500 -0.0387258341666659
501 -0.0285176341666658
502 -0.0165178341666659
503 -0.0081180341666656
504 -0.0036801341666655
505 0.0003089658333342
506 0.0202446658333342
507 0.0382155658333345
508 0.0507043658333344
509 0.0610623658333345
510 0.0440149658333344
511 0.0250461658333343
512 0.0174353658333342
513 0.0188829658333343
514 0.0308603658333344
515 0.0456585658333344
516 0.0604486658333343
517 0.0703630658333343
518 0.0714573658333344
519 0.0603443658333345
520 0.0479457658333344
521 0.0236004658333342
522 -0.0060158341666656
523 -0.0229430341666657
524 -0.0283980341666656
525 -0.0215927341666657
526 -0.0192904341666655
527 -0.0293208341666658
528 -0.0393540341666658
529 -0.0516991341666655
530 -0.0629868341666655
531 -0.0735790341666656
532 -0.0781981341666658
533 -0.0746451341666656
534 -0.0645436341666654
535 -0.0601030341666657
536 -0.0565349341666654
537 -0.0463401341666656
538 -0.0358991341666655
539 -0.0243218341666656
540 -0.0173388341666656
541 -0.0266249341666658
542 -0.0351560341666657
543 -0.0305026341666657
544 -0.0209352341666658
545 -0.0213188341666655
546 -0.0330142341666657
547 -0.0500093341666656
548 -0.0514036341666655
549 -0.0449416341666655
550 -0.0431083341666656
551 -0.0369476341666655
552 -0.0265852341666655
553 -0.0134932341666656
554 -0.0028063341666655
555 -0.0000466341666656
556 -0.0006794341666656
557 -0.0051316341666658
558 -0.0142424341666656
559 -0.0173115341666654
560 -0.0099177341666659
561 -0.0037200341666654
562 0.0085385658333346
563 0.0177885658333343
564 0.0207474658333342
565 0.0175573658333343
566 0.0090303658333344
567 -0.0022975341666656
568 -0.0147593341666656
569 -0.0236451341666655
570 -0.0399724341666658
571 -0.0479395341666655
572 -0.0392958341666656
573 -0.0214376341666656
574 0.0078783658333346
575 0.0453241658333345
576 0.0858246658333344
577 0.1232011658333345
578 0.1455279658333342
579 0.1547719658333344
580 0.1605921658333345
581 0.1560567658333345
582 0.1487545658333342
583 0.1657522658333344
584 0.1801594658333343
585 0.1879752658333342
586 0.1944760658333342
587 0.1973359658333345
588 0.1830032658333343
589 0.1643206658333343
590 0.1424158658333345
591 0.1320770658333346
592 0.1333832658333343
593 0.1313653658333345
594 0.1167941658333342
595 0.1013969658333345
596 0.0730487658333345
597 0.0375137658333342
598 0.0118171658333344
599 0.0057994658333342
600 0.0082570658333343
1 -0.0940536341666656
2 -0.0883028341666656
3 -0.0727448341666657
4 -0.0505061341666657
5 -0.0292618341666655
6 -0.0114666341666658
7 -0.0113469341666654
8 -0.0285244341666657
9 -0.0455900341666657
10 -0.0586578341666657
11 -0.0683825341666657
12 -0.0659239341666655
13 -0.0602473341666658
14 -0.0554351341666655
15 -0.0442510341666655
16 -0.0227773341666655
17 0.0066090658333344
18 0.0291242658333344
19 0.0472605658333345
20 0.0551181658333344
21 0.0555348658333346
22 0.0576238658333343
23 0.0523658658333344
24 0.0365350658333345
25 0.0254763658333346
26 0.0128362658333345
27 0.0005755658333344
28 -0.0027700341666654
29 0.0009913658333343
30 0.0067164658333345
31 0.0094945658333345
32 0.0103434658333343
33 0.0163147658333345
34 0.0359945658333345
35 0.0505360658333345
36 0.0480710658333345
37 0.0322922658333344
38 0.0227951658333345
39 0.0177466658333345
40 0.0252683658333344
41 0.0352166658333344
42 0.0273273658333344
43 0.0048407658333343
44 -0.0180962341666655
45 -0.0400582341666658
46 -0.0639995341666655
47 -0.0789776341666655
48 -0.0805692341666657
49 -0.0747636341666658
50 -0.0606470341666658
51 -0.0438979341666657
52 -0.0347774341666658
53 -0.0283746341666657
54 -0.0240955341666655
55 -0.0203789341666658
56 -0.0122682341666658
57 -0.0143935341666657
58 -0.0205135341666658
59 -0.0267601341666657
60 -0.0263490341666657
61 -0.0241036341666656
62 -0.0270258341666656
63 -0.0322021341666656
64 -0.0384703341666657
65 -0.0370972341666658
66 -0.0384932341666655
67 -0.0381918341666658
68 -0.0291980341666656
69 -0.0045535341666656
70 0.0172968658333343
71 0.0266067658333342
72 0.0297541658333342
73 0.0203193658333345
74 -0.0022875341666655
75 -0.0181228341666655
76 -0.0243721341666658
77 -0.0311470341666658
78 -0.0375087341666656
79 -0.0424785341666656
80 -0.0462920341666657
81 -0.0492935341666656
82 -0.0592826341666655
83 -0.0630562341666656
84 -0.0553832341666656
85 -0.0450003341666658
86 -0.0341485341666656
87 -0.0260684341666657
88 -0.0178338341666655
89 0.0018058658333344
90 0.0287912658333345
91 0.0503541658333342
92 0.0554637658333346
93 0.0601723658333344
94 0.0703071658333343
95 0.0751172658333346
96 0.0712047658333343
97 0.0723737658333343
98 0.0786425658333343
99 0.0807370658333344
100 0.0655660658333344
101 0.0468473658333344
102 0.0327913658333343
103 0.0279436658333343
104 0.0291236658333345
105 0.0261185658333343
106 0.0311548658333343
107 0.0375368658333342
108 0.0524482658333345
109 0.0732856658333345
110 0.0818769658333345
111 0.0773849658333345
112 0.0673082658333342
113 0.0568102658333345
114 0.0620974658333342
115 0.0659251658333342
116 0.0615815658333343
117 0.0499373658333342
118 0.0384824658333343
119 0.0230711658333345
120 0.0089400658333343
121 0.0046293658333343
122 0.0050388658333342
123 0.0095348658333343
124 0.0103010658333345
125 0.0185539658333345
126 0.0323547658333343
127 0.0449248658333343
128 0.0487974658333346
129 0.0429975658333341
130 0.0299054658333344
131 0.0172364658333342
132 0.0045851658333342
133 -0.0028725341666656
134 0.0024585658333343
135 0.0031656658333343
136 -0.0064854341666658
137 -0.0227505341666658
138 -0.0310217341666656
139 -0.0357000341666658
140 -0.0512720341666655
141 -0.0678756341666658
142 -0.0785919341666657
143 -0.0811155341666656
144 -0.0752198341666657
145 -0.0636605341666656
146 -0.0490607341666656
147 -0.0409531341666658
148 -0.0309441341666656
149 -0.0126640341666655
150 0.0026851658333342
151 0.0187965658333344
152 0.0401866658333345
153 0.0551040658333344
154 0.0627224658333345
155 0.0640319658333341
156 0.0599115658333345
157 0.0462080658333344
158 0.0337845658333342
159 0.0161911658333342
160 0.0101057658333343
161 0.0180828658333345
162 0.0299348658333343
163 0.0299886658333341
164 0.0260649658333345
165 0.0247704658333343
166 0.0306091658333343
167 0.0359618658333343
168 0.0409823658333344
169 0.0497751658333345
170 0.0442400658333342
171 0.0206027658333343
172 0.0002015658333345
173 -0.0083908341666659
174 -0.0057906341666656
175 -0.0123815341666655
176 -0.0321995341666654
177 -0.0486395341666657
178 -0.0486233341666655
179 -0.0387768341666654
180 -0.0274156341666658
181 -0.0139321341666658
182 0.0049670658333345
183 0.0200353658333343
184 0.0446139658333342
185 0.0679229658333345
186 0.0784851658333343
187 0.0714400658333343
188 0.0642840658333346
189 0.0637152658333342
190 0.0666898658333341
191 0.0674434658333345
192 0.0649843658333342
193 0.0667184658333344
194 0.0693721658333342
195 0.0782542658333343
196 0.0953927658333344
197 0.1137295658333342
198 0.1189387658333345
199 0.1074582658333343
200 0.0850973658333345
201 0.0570423658333343
202 0.0425953658333342
203 0.0314901658333344
204 0.0194017658333343
205 -0.0065261341666658
206 -0.0264347341666658
207 -0.0372162341666655
208 -0.0431681341666654
209 -0.0502936341666658
210 -0.0537471341666658
211 -0.0394089341666657
212 -0.0113877341666657
213 0.0222501658333343
214 0.0599447658333343
215 0.0767729658333343
216 0.0782943658333344
217 0.0714360658333342
218 0.0607775658333343
219 0.0498715658333344
220 0.0443971658333342
221 0.0406946658333345
222 0.0383959658333342
223 0.0397893658333341
224 0.0523555658333343
225 0.0544072658333343
226 0.0485436658333342
227 0.0376624658333342
228 0.0133834658333343
229 -0.0250898341666654
230 -0.0570294341666657
231 -0.0736233341666654
232 -0.0851643341666657
233 -0.0949467341666654
234 -0.0932231341666658
235 -0.0784184341666658
236 -0.0774953341666658
237 -0.0861459341666655
238 -0.0895989341666654
239 -0.0692267341666657
240 -0.0401629341666658
241 -0.0171858341666655
242 -0.0013876341666657
243 0.0067140658333344
244 0.0141240658333341
245 0.0193897658333344
246 0.0442325658333345
247 0.0710238658333342
248 0.0968259658333341
249 0.1001405658333345
250 0.0905860658333344
251 0.0966007658333345
252 0.0885364658333345
253 0.0644638658333343
254 0.0471172658333345
255 0.0476848658333342
256 0.0508692658333345
257 0.0429875658333345
258 0.0318713658333345
259 0.0336607658333343
260 0.0479725658333345
261 0.0648539658333345
262 0.0797520658333344
263 0.0718674658333343
264 0.0553831658333341
265 0.0475140658333344
266 0.0502718658333343
267 0.0634783658333342
268 0.0786862658333343
269 0.0959548658333342
270 0.1099438658333343
271 0.1151037658333345
272 0.1101874658333344
273 0.1078506658333342
274 0.0946174658333345
275 0.0816502658333342
276 0.0765759658333343
277 0.0778949658333343
278 0.0698722658333342
279 0.0514836658333344
280 0.0289713658333342
281 0.0117071658333345
282 0.0122229658333342
283 0.0212660658333346
284 0.0156153658333342
285 -0.0007342341666656
286 -0.0223942341666659
287 -0.0488353341666659
288 -0.0775635341666656
289 -0.1050171341666655
290 -0.1214161341666657
291 -0.1183596341666657
292 -0.1004920341666655
293 -0.0828636341666655
294 -0.0613879341666657
295 -0.0394411341666658
296 -0.0295523341666657
297 -0.0315022341666658
298 -0.0380632341666658
299 -0.0544916341666655
300 -0.0842448341666655
301 -0.1032466341666658
302 -0.0982111341666658
303 -0.0859554341666655
304 -0.0680111341666656
305 -0.0438430341666658
306 -0.0133454341666654
307 0.0072526658333345
308 0.0068456658333345
309 -0.0097224341666657
310 -0.0242845341666658
311 -0.0306562341666656
312 -0.0283295341666658
313 -0.0218206341666658
314 -0.0243662341666657
315 -0.0298497341666657
316 -0.0282433341666657
317 -0.0164870341666656
318 0.0028328658333345
319 0.0167484658333343
320 0.0198912658333343
321 0.0205161658333344
322 0.0300109658333345
323 0.0387220658333343
324 0.0407044658333344
325 0.0419074658333343
326 0.0509103658333343
327 0.0575437658333344
328 0.0650354658333345
329 0.0687697658333342
330 0.0592762658333346
331 0.0323600658333345
332 -0.0041586341666657
333 -0.0315166341666657
334 -0.0475682341666657
335 -0.0470890341666657
336 -0.0332563341666656
337 -0.0009809341666656
338 0.0407474658333342
339 0.0751930658333344
340 0.1058907658333346
341 0.1380150658333346
342 0.1572437658333343
343 0.1496471658333345
344 0.1327450658333342
345 0.1244889658333346
346 0.1275067658333344
347 0.1278031658333343
348 0.1085198658333342
349 0.0821835658333345
350 0.0736930658333343
351 0.0683372658333345
352 0.0536435658333345
353 0.0391170658333344
354 0.0291898658333345
355 0.0335038658333344
356 0.0425275658333342
357 0.0442881658333345
358 0.0412102658333344
359 0.0366905658333345
360 0.0365270658333343
361 0.0375845658333342
362 0.0405173658333342
363 0.0465589658333343
364 0.0560792658333344
365 0.0732213658333345
366 0.0939874658333344
367 0.1131395658333343
368 0.1256385658333343
369 0.1299647658333343
370 0.1265591658333345
371 0.1159149658333343
372 0.0966122658333344
373 0.0796992658333342
374 0.0650251658333345
375 0.0501385658333344
376 0.0335785658333343
377 0.0218686658333342
378 0.0138319658333343
379 0.0101846658333344
380 0.0169356658333344
381 0.0311299658333342
382 0.0524967658333342
383 0.0681985658333342
384 0.0808667658333344
385 0.0919781658333343
386 0.0997476658333345
387 0.1083448658333341
388 0.1078643658333345
389 0.1067458658333345
390 0.0962895658333345
391 0.0846905658333346
392 0.0761954658333344
393 0.0639148658333344
394 0.0508696658333343
395 0.0245876658333342
396 0.0056041658333346
397 -0.0109323341666658
398 -0.0132040341666655
399 -0.0079821341666655
400 -0.0142793341666656
401 -0.0207564341666657
402 -0.0189001341666657
403 -0.0116062341666656
404 -0.0169615341666658
405 -0.0298649341666657
406 -0.0344000341666657
407 -0.0325164341666655
408 -0.0328347341666655
409 -0.0324989341666657
410 -0.0487728341666656
411 -0.0638110341666658
412 -0.0675142341666657
413 -0.0658462341666657
414 -0.0591234341666658
415 -0.0442875341666658
416 -0.0247556341666657
417 0.0044977658333343
418 0.0235671658333345
419 0.0366365658333345
420 0.0469175658333345
421 0.0646470658333342
422 0.0861598658333342
423 0.0929211658333342
424 0.1015159658333342
425 0.1185947658333344
426 0.1384123658333345
427 0.1327491658333342
428 0.1039622658333346
429 0.0901377658333344
430 0.0834327658333343
431 0.0703868658333344
432 0.0427070658333344
433 0.0033852658333342
434 -0.0299206341666656
435 -0.0494331341666658
436 -0.0630983341666655
437 -0.0678213341666658
438 -0.0678159341666658
439 -0.0651588341666658
440 -0.0559428341666655
441 -0.0519649341666657
442 -0.0526580341666656
443 -0.0487630341666656
444 -0.0410190341666659
445 -0.0319838341666658
446 -0.0281656341666658
447 -0.0416481341666657
448 -0.0585854341666656
449 -0.0685864341666655
450 -0.0727969341666657
451 -0.0647780341666655
452 -0.0405944341666657
453 -0.0103955341666655
454 0.0227605658333343
455 0.0556126658333342
456 0.0778977658333342
457 0.0938183658333345
458 0.0950035658333341
459 0.0794280658333344
460 0.0589100658333344
461 0.0477051658333343
462 0.0441105658333343
463 0.0359612658333344
464 0.0400593658333341
465 0.0411342658333345
466 0.0439307658333346
467 0.0559723658333344
468 0.0550750658333343
469 0.0369581658333344
470 0.0151738658333342
471 0.0033584658333345
472 0.0021566658333345
473 -0.0079546341666656
474 -0.0285071341666656
475 -0.0522771341666655
476 -0.0634778341666657
477 -0.0664598341666656
478 -0.0621301341666656
479 -0.0614020341666657
480 -0.0625789341666656
481 -0.0700572341666654
482 -0.0771539341666658
483 -0.0822047341666656
484 -0.0903740341666657
485 -0.0910113341666658
486 -0.0794648341666657
487 -0.0637704341666656
488 -0.0641989341666656
489 -0.0798521341666656
490 -0.0926510341666655
491 -0.0864602341666658
492 -0.0762040341666657
493 -0.0692846341666655
494 -0.0701268341666657
495 -0.0747690341666658
496 -0.0643810341666655
497 -0.0275967341666656
498 0.0124254658333345
499 0.0370335658333345
500 0.0481117658333345
501 0.0584009658333344
502 0.0732640658333343
503 0.1036209658333345
504 0.1380435658333345
505 0.1539469658333346
506 0.1535006658333344
507 0.1407314658333343
508 0.1194136658333345
509 0.0845509658333343
510 0.0483440658333345
511 0.0282174658333343
512 0.0138997658333344
513 -0.0015473341666659
514 -0.0089395341666658
515 -0.0128808341666655
516 -0.0074588341666657
517 0.0105482658333345
518 0.0268150658333344
519 0.0393672658333344
520 0.0475779658333342
521 0.0381429658333343
522 0.0199002658333343
523 0.0119627658333346
524 0.0168126658333345
525 0.0147569658333344
526 0.0015517658333342
527 -0.0134524341666657
528 -0.0157848341666655
529 -0.0210128341666658
530 -0.0191385341666654
531 -0.0023149341666655
532 0.0216212658333346
533 0.0362254658333345
534 0.0467086658333344
535 0.0601941658333343
536 0.0706325658333342
537 0.0729903658333342
538 0.0603067658333343
539 0.0458065658333342
540 0.0294497658333341
541 0.0108704658333343
542 -0.0093538341666655
543 -0.0214465341666656
544 -0.0258516341666657
545 -0.0300304341666657
546 -0.0241540341666657
547 -0.0151799341666656
548 -0.0040103341666655
549 0.0092804658333345
550 0.0109769658333345
551 0.0118747658333342
552 0.0086383658333342
553 0.0123384658333343
554 0.0190866658333344
555 0.0202808658333344
556 0.0141022658333343
557 0.0035362658333344
558 -0.0030119341666657
559 -0.0051753341666658
560 0.0021107658333341
561 0.0121264658333344
562 0.0129534658333346
563 0.0111762658333343
564 0.0166066658333341
565 0.0205105658333342
566 0.0173831658333343
567 0.0025318658333342
568 -0.0185134341666657
569 -0.0270841341666657
570 -0.0188111341666657
571 -0.0154434341666656
572 -0.0082661341666657
573 0.0127797658333342
574 0.0250531658333344
575 0.0241604658333343
576 0.0163985658333345
577 0.0048046658333343
578 0.0100799658333344
579 0.0200202658333342
580 0.0263728658333342
581 0.0268753658333343
582 0.0216840658333344
583 0.0065995658333344
584 -0.0011617341666654
585 0.0000524658333343
586 -0.0022899341666656
587 -0.0063774341666658
588 -0.0152658341666658
589 -0.0366795341666655
590 -0.0628961341666656
591 -0.0656262341666656
592 -0.0437421341666657
593 -0.0110050341666654
594 0.0134539658333344
595 0.0309661658333344
596 0.0559108658333343
597 0.0687105658333342
598 0.0565137658333343
599 0.0376886658333344
600 0.0305289658333345
1 0.0274515658333345
2 0.0404801658333342
3 0.0575699658333342
4 0.0563696658333344
5 0.0390985658333345
6 0.0227657658333342
7 0.0084136658333342
8 -0.0041189341666654
9 -0.0121271341666658
10 -0.0154279341666657
11 -0.0218151341666655
12 -0.0311523341666655
13 -0.0326890341666655
14 -0.0338281341666655
15 -0.0334229341666656
16 -0.0380396341666658
17 -0.0315189341666655
18 -0.0238651341666656
19 -0.0125202341666655
20 0.0026211658333342
21 0.0166541658333346
22 0.0178171658333341
23 0.0150383658333344
24 0.0067490658333345
25 0.0041359658333344
26 0.0058075658333343
27 0.0017434658333344
28 -0.0041597341666657
29 -0.0006001341666657
30 0.0102974658333346
31 0.0209717658333344
32 0.0431877658333342
33 0.0622712658333344
34 0.0688950658333343
35 0.0692127658333344
36 0.0695142658333343
37 0.0734231658333342
38 0.0830789658333342
39 0.0989388658333343
40 0.1025747658333342
41 0.0944067658333343
42 0.0919320658333342
43 0.0810730658333343
44 0.0658435658333345
45 0.0509016658333343
46 0.0419946658333346
47 0.0414114658333342
48 0.0431256658333345
49 0.0398902658333342
50 0.0288658658333345
51 0.0211287658333346
52 0.0156437658333344
53 0.0167280658333344
54 0.0194427658333343
55 0.0262037658333343
56 0.0441553658333342
57 0.0746389658333344
58 0.1096194658333345
59 0.1220842658333345
60 0.1120599658333346
61 0.0933185658333344
62 0.0820717658333345
63 0.0736854658333344
64 0.0773683658333342
65 0.0931554658333344
66 0.1048629658333344
67 0.0971212658333345
68 0.0753111658333343
69 0.0791835658333344
70 0.1004429658333343
71 0.1195623658333345
72 0.1291787658333345
73 0.1409084658333342
74 0.1557940658333345
75 0.1625747658333343
76 0.1662467658333342
77 0.1589133658333344
78 0.1317442658333343
79 0.0814834658333345
80 0.0326309658333344
81 0.0041046658333346
82 -0.0167353341666656
83 -0.0389475341666659
84 -0.0574276341666655
85 -0.0552304341666656
86 -0.0328372341666658
87 -0.0070321341666655
88 0.0159641658333345
89 0.0341876658333344
90 0.0446513658333343
91 0.0433368658333344
92 0.0407197658333343
93 0.0347459658333342
94 0.0397394658333345
95 0.0561694658333343
96 0.0763121658333343
97 0.0865682658333342
98 0.0776746658333343
99 0.0730100658333344
100 0.0720701658333343
101 0.0732191658333345
102 0.0762097658333345
103 0.0659451658333343
104 0.0454522658333345
105 0.0360872658333342
106 0.0339720658333342
107 0.0310737658333342
108 0.0412117658333342
109 0.0492345658333342
110 0.0527198658333345
111 0.0507181658333344
112 0.0449583658333346
113 0.0327240658333343
114 0.0233386658333345
115 0.0105972658333342
116 0.0062583658333342
117 0.0040216658333345
118 -0.0086391341666658
119 -0.0115369341666658
120 -0.0051913341666658
121 -0.0065873341666656
122 -0.0118945341666659
123 -0.0183120341666658
124 -0.0154793341666655
125 0.0006502658333343
126 0.0231437658333342
127 0.0340885658333345
128 0.0380129658333344
129 0.0464435658333344
130 0.0566237658333342
131 0.0624688658333343
132 0.0636677658333342
133 0.0577367658333343
134 0.0480165658333345
135 0.0271696658333345
136 0.0017156658333342
137 -0.0116701341666658
138 -0.0243630341666656
139 -0.0326251341666657
140 -0.0209224341666658
141 -0.0079666341666655
142 -0.0151018341666656
143 -0.0254431341666654
144 -0.0193374341666654
145 0.0064742658333343
146 0.0420870658333343
147 0.0548109658333344
148 0.0382219658333343
149 0.0126920658333343
150 0.0009141658333345
151 -0.0015038341666656
152 -0.0055126341666658
153 -0.0099090341666654
154 -0.0174601341666656
155 -0.0228765341666657
156 -0.0297072341666658
157 -0.0372866341666658
158 -0.0440814341666655
159 -0.0486859341666657
160 -0.0580933341666658
161 -0.0692640341666655
162 -0.0777640341666657
163 -0.0811607341666658
164 -0.0855608341666656
165 -0.0804504341666656
166 -0.0697869341666655
167 -0.0584736341666656
168 -0.0471367341666658
169 -0.0477270341666656
170 -0.0452555341666656
171 -0.0387663341666658
172 -0.0316562341666655
173 -0.0263421341666654
174 -0.0262357341666655
175 -0.0213402341666655
176 -0.0165369341666657
177 -0.0172831341666657
178 -0.0215594341666656
179 -0.0097811341666656
180 -0.0061443341666658
181 -0.0208175341666657
182 -0.0277792341666658
183 -0.0264641341666656
184 -0.0280957341666657
185 -0.0339342341666655
186 -0.0444131341666658
187 -0.0572392341666657
188 -0.0663747341666658
189 -0.0689372341666656
190 -0.0675182341666658
191 -0.0573495341666654
192 -0.0423791341666657
193 -0.0190141341666656
194 0.0101429658333343
195 0.0295510658333344
196 0.0295479658333342
197 0.0228337658333344
198 0.0210322658333344
199 0.0264541658333344
200 0.0334777658333345
201 0.0340907658333345
202 0.0366935658333345
203 0.0426297658333343
204 0.0501832658333345
205 0.0611312658333345
206 0.0631257658333344
207 0.0657255658333344
208 0.0762009658333342
209 0.0801792658333342
210 0.0787605658333344
211 0.0766845658333342
212 0.0722480658333344
213 0.0621164658333342
214 0.0437169658333345
215 0.0342188658333344
216 0.0219778658333345
217 -0.0055627341666655
218 -0.0348260341666657
219 -0.0531509341666658
220 -0.0625477341666656
221 -0.0586895341666658
222 -0.0515720341666657
223 -0.0235064341666655
224 0.0103478658333342
225 0.0299100658333344
226 0.0352379658333342
227 0.0418574658333344
228 0.0583866658333343
229 0.0783553658333345
230 0.0977994658333343
231 0.1076886658333343
232 0.1196529658333345
233 0.1316624658333345
234 0.1399161658333345
235 0.1272240658333343
236 0.1018113658333344
237 0.0695762658333345
238 0.0412798658333342
239 0.0319447658333343
240 0.0166798658333343
241 -0.0041076341666657
242 -0.0296726341666655
243 -0.0441643341666658
244 -0.0444852341666655
245 -0.0346191341666655
246 -0.0178410341666657
247 -0.0096333341666655
248 -0.0043773341666657
249 -0.0027737341666656
250 -0.0019458341666656
251 -0.0034353341666655
252 -0.0089605341666656
253 -0.0059983341666658
254 0.0033363658333343
255 0.0194273658333342
256 0.0374358658333342
257 0.0503650658333346
258 0.0729732658333342
259 0.0911358658333343
260 0.0893966658333345
261 0.0816152658333342
262 0.0822477658333343
263 0.0794763658333344
264 0.0810143658333344
265 0.0897341658333342
266 0.0896223658333342
267 0.0756620658333342
268 0.0580493658333343
269 0.0299741658333343
270 0.0054030658333342
271 -0.0178377341666658
272 -0.0398149341666656
273 -0.0502721341666654
274 -0.0530907341666658
275 -0.0593560341666657
276 -0.0690579341666657
277 -0.0719940341666656
278 -0.0556438341666659
279 -0.0362664341666656
280 -0.0153428341666655
281 0.0156087658333344
282 0.0523506658333344
283 0.0790804658333344
284 0.0915069658333345
285 0.1061255658333344
286 0.1236385658333345
287 0.1214115658333346
288 0.0888417658333345
289 0.0642189658333345
290 0.0594308658333342
291 0.0702054658333342
292 0.0800203658333345
293 0.0880716658333345
294 0.0801935658333344
295 0.0516575658333345
296 0.0315019658333342
297 0.0357325658333343
298 0.0520516658333343
299 0.0628981658333343
300 0.0795973658333344
301 0.0881974658333342
302 0.0867499658333344
303 0.0767478658333345
304 0.0495881658333341
305 0.0277446658333345
306 0.0226224658333343
307 0.0068086658333342
308 -0.0228534341666657
309 -0.0470879341666657
310 -0.0584429341666657
311 -0.0556379341666657
312 -0.0563419341666656
313 -0.0677379341666655
314 -0.0801280341666657
315 -0.0829253341666658
316 -0.0814494341666658
317 -0.0882132341666657
318 -0.0847812341666656
319 -0.0761878341666655
320 -0.0680667341666656
321 -0.0556353341666656
322 -0.0409013341666657
323 -0.0220775341666655
324 -0.0085550341666658
325 -0.0089785341666655
326 -0.0159656341666659
327 -0.0144549341666655
328 -0.0066625341666655
329 -0.0018025341666656
330 -0.0019803341666655
331 -0.0056005341666658
332 -0.0077312341666658
333 -0.0121014341666656
334 -0.0238518341666656
335 -0.0349840341666656
336 -0.0443143341666659
337 -0.0561806341666657
338 -0.0657411341666658
339 -0.0746548341666657
340 -0.0795717341666657
341 -0.0784104341666656
342 -0.0710388341666657
343 -0.0659309341666656
344 -0.0523357341666655
345 -0.0331142341666655
346 -0.0085798341666656
347 0.0118269658333343
348 0.0207110658333343
349 0.0188635658333345
350 0.0127834658333343
351 0.0064431658333342
352 0.0064225658333346
353 0.0123090658333345
354 0.0050276658333344
355 -0.0118602341666656
356 -0.0185316341666657
357 -0.0161869341666656
358 -0.0264132341666659
359 -0.0313232341666656
360 -0.0330722341666658
361 -0.0488884341666656
362 -0.0666350341666657
363 -0.0744451341666656
364 -0.0630319341666659
365 -0.0513152341666658
366 -0.0492978341666657
367 -0.0537270341666658
368 -0.0607598341666655
369 -0.0664997341666655
370 -0.0709686341666655
371 -0.0733164341666654
372 -0.0668731341666655
373 -0.0509682341666657
374 -0.0400834341666658
375 -0.0267303341666656
376 -0.0173482341666658
377 -0.0241592341666657
378 -0.0303697341666656
379 -0.0338109341666657
380 -0.0342991341666656
381 -0.0352132341666658
382 -0.0310627341666656
383 -0.0273260341666655
384 -0.0240310341666659
385 -0.0172753341666656
386 -0.0098615341666655
387 -0.0007764341666658
388 0.0096421658333345
389 0.0104489658333344
390 0.0056124658333343
391 0.0051994658333343
392 0.0077855658333346
393 0.0166631658333345
394 0.0123261658333345
395 0.0003087658333345
396 -0.0170056341666656
397 -0.0199656341666659
398 -0.0276134341666658
399 -0.0367827341666658
400 -0.0472590341666654
401 -0.0566566341666657
402 -0.0582963341666658
403 -0.0433520341666656
404 -0.0264363341666658
405 -0.0232828341666655
406 -0.0225188341666658
407 -0.0065842341666658
408 0.0206397658333342
409 0.0415894658333342
410 0.0486795658333343
411 0.0457730658333344
412 0.0432239658333344
413 0.0440963658333344
414 0.0482445658333344
415 0.0409163658333345
416 0.0277719658333342
417 0.0139330658333345
418 -0.0016558341666655
419 -0.0210786341666656
420 -0.0413873341666657
421 -0.0649892341666658
422 -0.0860425341666655
423 -0.1020724341666654
424 -0.1079359341666657
425 -0.1052798341666654
426 -0.0918000341666656
427 -0.0770356341666658
428 -0.0648089341666656
429 -0.0624487341666655
430 -0.0652197341666656
431 -0.0733047341666655
432 -0.0734478341666658
433 -0.0622884341666659
434 -0.0510328341666657
435 -0.0431055341666657
436 -0.0383083341666657
437 -0.0362719341666655
438 -0.0253489341666655
439 -0.0163342341666657
440 -0.0097641341666654
441 -0.0057473341666658
442 -0.0043026341666654
443 -0.0087228341666656
444 -0.0215859341666658
445 -0.0434004341666658
446 -0.0637275341666657
447 -0.0849832341666654
448 -0.0956708341666657
449 -0.0970768341666655
450 -0.1003697341666658
451 -0.1083481341666657
452 -0.1135240341666655
453 -0.1082241341666657
454 -0.0989699341666657
455 -0.0938732341666655
456 -0.0965545341666658
457 -0.0999478341666657
458 -0.0945800341666656
459 -0.0754244341666657
460 -0.0537860341666656
461 -0.0352762341666657
462 -0.0097085341666658
463 0.0112010658333346
464 0.0293965658333342
465 0.0577742658333342
466 0.0847420658333342
467 0.0945867658333341
468 0.0836018658333342
469 0.0608582658333345
470 0.0389621658333343
471 0.0160702658333345
472 -0.0119613341666658
473 -0.0329575341666657
474 -0.0422336341666658
475 -0.0409920341666656
476 -0.0344813341666654
477 -0.0146463341666658
478 0.0074433658333342
479 0.0170854658333344
480 0.0184112658333344
481 0.0207807658333343
482 0.0340475658333346
483 0.0399688658333344
484 0.0584689658333342
485 0.0751179658333343
486 0.0857058658333343
487 0.0873343658333345
488 0.0847577658333343
489 0.0801104658333345
490 0.0907359658333342
491 0.1087603658333345
492 0.1291061658333343
493 0.1406180658333342
494 0.1408010658333345
495 0.1378804658333346
496 0.1394548658333346
497 0.1206703658333343
498 0.0827151658333345
499 0.0448859658333345
500 0.0226386658333344
501 0.0066547658333342
502 -0.0117449341666656
503 -0.0275293341666658
504 -0.0395975341666657
505 -0.0435921341666656
506 -0.0380671341666656
507 -0.0356255341666656
508 -0.0369789341666658
509 -0.0450531341666656
510 -0.0415130341666656
511 -0.0181850341666658
512 0.0107058658333345
513 0.0410677658333345
514 0.0668304658333345
515 0.0882188658333343
516 0.1113706658333342
517 0.1410908658333345
518 0.1614426658333343
519 0.1538913658333345
520 0.1316933658333346
521 0.1128220658333343
522 0.1124477658333345
523 0.1143541658333342
524 0.1010080658333345
525 0.0867239658333343
526 0.0767759658333342
527 0.0627702658333344
528 0.0388588658333342
529 0.0184121658333343
530 0.0116684658333344
531 0.0034058658333342
532 -0.0057308341666658
533 -0.0120203341666656
534 -0.0044396341666655
535 0.0096268658333343
536 0.0167091658333343
537 0.0174943658333344
538 0.0242482658333345
539 0.0327471658333343
540 0.0288895658333344
541 0.0080310658333342
542 -0.0162912341666654
543 -0.0282377341666655
544 -0.0269401341666655
545 -0.0097984341666657
546 0.0094761658333344
547 0.0254222658333343
548 0.0362398658333345
549 0.0426350658333345
550 0.0469589658333343
551 0.0492491658333343
552 0.0298380658333341
553 -0.0003255341666657
554 -0.0273926341666657
555 -0.0371287341666657
556 -0.0332316341666656
557 -0.0270206341666657
558 -0.0250664341666655
559 -0.0347593341666657
560 -0.0477773341666659
561 -0.0665883341666658
562 -0.0954738341666657
563 -0.1199708341666654
564 -0.1348627341666657
565 -0.1459281341666658
566 -0.1525727341666658
567 -0.1467125341666655
568 -0.1295345341666656
569 -0.1091494341666657
570 -0.0915227341666656
571 -0.0714808341666657
572 -0.0454382341666655
573 -0.0228799341666654
574 -0.0183500341666658
575 -0.0301954341666657
576 -0.0432161341666655
577 -0.0435713341666655
578 -0.0384132341666654
579 -0.0341921341666658
580 -0.0403893341666657
581 -0.0617453341666656
582 -0.0698890341666658
583 -0.0616499341666654
584 -0.0396256341666654
585 -0.0258116341666654
586 -0.0318969341666655
587 -0.0433235341666656
588 -0.0576270341666656
589 -0.0726136341666654
590 -0.0793247341666659
591 -0.0752276341666658
592 -0.0545822341666655
593 -0.0280597341666655
594 -0.0054025341666657
595 0.0081499658333342
596 0.0176795658333342
597 0.0230318658333344
598 0.0217054658333344
599 0.0212900658333344
600 0.0270039658333343
1 -0.0554911341666657
2 -0.0527750341666655
3 -0.0416182341666658
4 -0.0414995341666655
5 -0.0484397341666658
6 -0.0608212341666658
7 -0.0746421341666657
8 -0.0833511341666657
9 -0.0751060341666658
10 -0.0552643341666657
11 -0.0241762341666658
12 -0.0039130341666658
13 -0.0023464341666655
14 -0.0102941341666658
15 -0.0209214341666657
16 -0.0319193341666657
17 -0.0509264341666658
18 -0.0772569341666656
19 -0.1040757341666656
20 -0.1191473341666658
21 -0.1203603341666657
22 -0.1133190341666657
23 -0.1079811341666654
24 -0.1062407341666658
25 -0.1098194341666656
26 -0.1167924341666655
27 -0.1156903341666657
28 -0.1071303341666656
29 -0.0911678341666655
30 -0.0771959341666655
31 -0.0703695341666655
32 -0.0561187341666658
33 -0.0346349341666659
34 -0.0215195341666656
35 -0.0161967341666656
36 -0.0201298341666658
37 -0.0270428341666658
38 -0.0284170341666656
39 -0.0318391341666655
40 -0.0405267341666655
41 -0.0471444341666656
42 -0.0513207341666657
43 -0.0586213341666655
44 -0.0572971341666655
45 -0.0486838341666656
46 -0.0227541341666657
47 0.0179544658333342
48 0.0638413658333343
49 0.1004015658333341
50 0.1059936658333345
51 0.0787414658333345
52 0.0327392658333343
53 -0.0183589341666655
54 -0.0668061341666655
55 -0.1010615341666656
56 -0.1251702341666658
57 -0.1451879341666658
58 -0.1536540341666655
59 -0.1565854341666655
60 -0.1700934341666658
61 -0.1811339341666658
62 -0.1838218341666655
63 -0.1819675341666658
64 -0.1781191341666655
65 -0.1692245341666658
66 -0.1581827341666657
67 -0.1486331341666656
68 -0.1307327341666658
69 -0.1033049341666659
70 -0.0826327341666655
71 -0.0704218341666656
72 -0.0613979341666657
73 -0.0594545341666657
74 -0.0497505341666655
75 -0.0344305341666655
76 -0.0171398341666658
77 -0.0024260341666658
78 0.0086581658333342
79 0.0179223658333343
80 0.0238887658333344
81 0.0269572658333344
82 0.0346000658333345
83 0.0519229658333344
84 0.0614578658333342
85 0.0639021658333343
86 0.0769587658333344
87 0.1082262658333342
88 0.1403741658333342
89 0.1494990658333344
90 0.1367410658333346
91 0.1016070658333343
92 0.0678829658333342
93 0.0397369658333342
94 0.0242706658333343
95 0.0089453658333345
96 0.0049820658333344
97 0.0217676658333343
98 0.0371855658333344
99 0.0387156658333345
100 0.0306498658333343
101 0.0147113658333344
102 0.0100131658333344
103 0.0414588658333344
104 0.0953112658333342
105 0.1280377658333345
106 0.1224506658333344
107 0.0955259658333345
108 0.0720196658333343
109 0.0498612658333344
110 0.0298676658333346
111 0.0231649658333342
112 0.0373725658333344
113 0.0434978658333343
114 0.0439011658333341
115 0.0389661658333345
116 0.0181322658333345
117 -0.0152659341666657
118 -0.0417936341666656
119 -0.0592948341666655
120 -0.0614021341666655
121 -0.0500365341666655
122 -0.0298264341666656
123 -0.0236900341666657
124 -0.0290162341666655
125 -0.0311976341666655
126 -0.0265674341666657
127 -0.0293905341666658
128 -0.0326179341666655
129 -0.0329951341666654
130 -0.0353507341666655
131 -0.0369706341666656
132 -0.0379459341666655
133 -0.0281711341666657
134 -0.0095823341666654
135 0.0020930658333342
136 0.0092126658333345
137 0.0156208658333346
138 0.0027063658333342
139 -0.0286914341666655
140 -0.0531698341666655
141 -0.0619078341666657
142 -0.0679559341666658
143 -0.0806062341666656
144 -0.1078436341666658
145 -0.1368536341666657
146 -0.1490143341666657
147 -0.1423809341666655
148 -0.1232549341666656
149 -0.1121949341666655
150 -0.1158287341666657
151 -0.1246056341666657
152 -0.1278704341666654
153 -0.1295216341666658
154 -0.1301002341666657
155 -0.1302258341666658
156 -0.1319369341666659
157 -0.1395559341666655
158 -0.1484555341666658
159 -0.1518004341666654
160 -0.1476006341666656
161 -0.1434838341666658
162 -0.1429624341666655
163 -0.1396535341666656
164 -0.1284462341666655
165 -0.1150258341666657
166 -0.0890904341666658
167 -0.0559181341666655
168 -0.0337969341666655
169 -0.0272514341666654
170 -0.0302999341666657
171 -0.0327120341666656
172 -0.0258372341666657
173 -0.0171841341666656
174 -0.0123284341666658
175 -0.0116982341666656
176 -0.0125566341666659
177 -0.0180289341666655
178 -0.0286705341666655
179 -0.0334969341666658
180 -0.0414428341666655
181 -0.0523116341666658
182 -0.0620716341666658
183 -0.0619038341666656
184 -0.0567571341666655
185 -0.0605991341666656
186 -0.0789822341666655
187 -0.0906281341666655
188 -0.1043163341666657
189 -0.1154877341666656
190 -0.1155870341666656
191 -0.1065781341666656
192 -0.0884805341666657
193 -0.0633336341666655
194 -0.0335994341666654
195 -0.0027112341666657
196 0.0150661658333342
197 0.0265018658333345
198 0.0350455658333342
199 0.0325434658333346
200 0.0240943658333346
201 0.0079684658333345
202 -0.0007153341666655
203 -0.0096384341666655
204 -0.0146848341666654
205 -0.0133472341666656
206 -0.0099362341666658
207 -0.0074050341666658
208 -0.0073681341666658
209 -0.0152444341666658
210 -0.0084610341666655
211 0.0130563658333345
212 0.0393726658333344
213 0.0594734658333342
214 0.0767525658333343
215 0.0908419658333344
216 0.0949224658333345
217 0.0903430658333342
218 0.0703310658333343
219 0.0441212658333345
220 0.0244498658333345
221 0.0291012658333343
222 0.0326822658333343
223 0.0296138658333343
224 0.0192056658333342
225 0.0117586658333342
226 0.0068059658333341
227 -0.0001862341666659
228 -0.0045268341666658
229 0.0073765658333342
230 0.0151416658333345
231 0.0061341658333345
232 -0.0174018341666655
233 -0.0289559341666656
234 -0.0321544341666655
235 -0.0412825341666658
236 -0.0504271341666658
237 -0.0572554341666658
238 -0.0558206341666656
239 -0.0471663341666657
240 -0.0348014341666656
241 -0.0279224341666655
242 -0.0270841341666657
243 -0.0232385341666657
244 -0.0138751341666659
245 0.0045778658333342
246 0.0252602658333343
247 0.0341367658333342
248 0.0215236658333344
249 0.0079538658333345
250 0.0066366658333346
251 0.0077144658333346
252 0.0026162658333342
253 0.0003533658333343
254 0.0057135658333345
255 0.0190072658333342
256 0.0258969658333346
257 0.0161682658333344
258 -0.0025317341666655
259 -0.0178611341666657
260 -0.0186137341666655
261 -0.0231236341666659
262 -0.0418716341666658
263 -0.0774566341666656
264 -0.1084567341666656
265 -0.1236020341666655
266 -0.1308180341666656
267 -0.1346754341666658
268 -0.1325957341666655
269 -0.1179541341666654
270 -0.0967416341666656
271 -0.0704525341666655
272 -0.0515145341666656
273 -0.0429334341666658
274 -0.0346892341666658
275 -0.0197569341666655
276 -0.0003485341666658
277 0.0273579658333345
278 0.0580268658333343
279 0.0780597658333342
280 0.0976874658333342
281 0.1117410658333342
282 0.1047717658333345
283 0.1040138658333345
284 0.1046419658333342
285 0.0936527658333342
286 0.0663936658333344
287 0.0409208658333342
288 0.0362731658333342
289 0.0521223658333345
290 0.0579816658333345
291 0.0549932658333345
292 0.0510798658333345
293 0.0462545658333342
294 0.0411889658333342
295 0.0380967658333344
296 0.0238498658333341
297 0.0069244658333343
298 -0.0063172341666657
299 -0.0032788341666659
300 0.0091537658333345
301 0.0178246658333343
302 0.0135253658333343
303 0.0028921658333343
304 -0.0014063341666657
305 0.0005472658333345
306 -0.0023015341666657
307 -0.0127053341666659
308 -0.0166401341666655
309 -0.0132036341666657
310 -0.0152899341666655
311 -0.0135598341666658
312 -0.0076183341666658
313 -0.0112349341666658
314 -0.0203939341666657
315 -0.0295246341666657
316 -0.0347188341666658
317 -0.0343574341666657
318 -0.0358254341666657
319 -0.0414374341666655
320 -0.0394918341666655
321 -0.0357344341666654
322 -0.0325533341666655
323 -0.0330956341666657
324 -0.0422970341666655
325 -0.0423476341666658
326 -0.0277655341666656
327 -0.0133650341666658
328 -0.0071535341666658
329 -0.0154642341666658
330 -0.0303329341666658
331 -0.0400362341666658
332 -0.0373933341666657
333 -0.0237990341666658
334 -0.0167627341666656
335 -0.0253406341666658
336 -0.0311350341666659
337 -0.0307670341666655
338 -0.0260623341666655
339 -0.0109248341666657
340 0.0063971658333344
341 0.0203623658333343
342 0.0324799658333346
343 0.0390721658333342
344 0.0383625658333342
345 0.0272106658333344
346 0.0083834658333344
347 -0.0047332341666655
348 -0.0037857341666658
349 0.0128643658333343
350 0.0298475658333341
351 0.0421891658333342
352 0.0672468658333343
353 0.0947621658333344
354 0.1085353658333346
355 0.1186234658333345
356 0.1236815658333343
357 0.1156418658333345
358 0.1039023658333345
359 0.1037850658333346
360 0.1050437658333343
361 0.0938378658333345
362 0.0692495658333345
363 0.0427259658333345
364 0.0150004658333343
365 -0.0060817341666657
366 -0.0277722341666657
367 -0.0520681341666656
368 -0.0679290341666658
369 -0.0795514341666657
370 -0.0940262341666656
371 -0.1106110341666655
372 -0.1312907341666656
373 -0.1469344341666656
374 -0.1471541341666658
375 -0.1362517341666658
376 -0.1167696341666655
377 -0.0866971341666658
378 -0.0604778341666656
379 -0.0397756341666655
380 -0.0227887341666655
381 -0.0055553341666656
382 0.0160587658333342
383 0.0377867658333342
384 0.0477639658333344
385 0.0511182658333342
386 0.0576013658333343
387 0.0580116658333343
388 0.0393752658333342
389 0.0258473658333345
390 0.0174405658333345
391 0.0173974658333345
392 0.0202381658333342
393 0.0259538658333343
394 0.0287131658333344
395 0.0309944658333343
396 0.0229561658333344
397 0.0162338658333345
398 0.0159664658333343
399 0.0242676658333343
400 0.0338579658333344
401 0.0426884658333342
402 0.0488289658333345
403 0.0496511658333345
404 0.0435882658333342
405 0.0255165658333345
406 0.0070860658333345
407 0.0107996658333342
408 0.0235884658333343
409 0.0323801658333345
410 0.0448018658333345
411 0.0678488658333345
412 0.0925416658333345
413 0.1050767658333345
414 0.1075593658333345
415 0.1099338658333342
416 0.1107144658333343
417 0.1181283658333343
418 0.1219571658333343
419 0.1171738658333346
420 0.1134202658333345
421 0.1064980658333345
422 0.0989329658333342
423 0.0909545658333344
424 0.0863200658333345
425 0.0784315658333345
426 0.0735713658333346
427 0.0683138658333342
428 0.0646884658333344
429 0.0582314658333343
430 0.0490820658333342
431 0.0342894658333344
432 0.0146157658333346
433 -0.0047915341666656
434 -0.0167952341666657
435 -0.0174020341666656
436 -0.0079325341666658
437 -0.0091336341666657
438 -0.0169721341666658
439 -0.0226934341666656
440 -0.0248726341666656
441 -0.0299148341666657
442 -0.0424986341666655
443 -0.0483911341666659
444 -0.0422268341666658
445 -0.0168320341666655
446 0.0231561658333344
447 0.0629986658333346
448 0.0933236658333345
449 0.1204743658333345
450 0.1373169658333344
451 0.1505151658333346
452 0.1477708658333343
453 0.1335639658333343
454 0.1155605658333343
455 0.1124278658333342
456 0.1214034658333345
457 0.1189415658333344
458 0.1135888658333344
459 0.1072203658333342
460 0.0896292658333344
461 0.0705185658333343
462 0.0474634658333342
463 0.0286551658333343
464 0.0186412658333341
465 0.0208632658333343
466 0.0233079658333342
467 0.0184461658333341
468 0.0089161658333343
469 -0.0006280341666658
470 -0.0191679341666657
471 -0.0385903341666656
472 -0.0461340341666658
473 -0.0516303341666657
474 -0.0629144341666654
475 -0.0770233341666655
476 -0.0863467341666655
477 -0.0781967341666658
478 -0.0637881341666655
479 -0.0478884341666657
480 -0.0352258341666656
481 -0.0263405341666658
482 -0.0170896341666658
483 0.0000367658333342
484 0.0234896658333343
485 0.0298536658333344
486 0.0287850658333344
487 0.0381764658333346
488 0.0531801658333344
489 0.0654479658333345
490 0.0703256658333342
491 0.0660943658333344
492 0.0600081658333345
493 0.0648558658333345
494 0.0717860658333342
495 0.0668562658333345
496 0.0581228658333344
497 0.0606545658333344
498 0.0656875658333345
499 0.0570448658333342
500 0.0397993658333342
501 0.0213663658333343
502 0.0087945658333344
503 -0.0009474341666658
504 -0.0003464341666657
505 -0.0045965341666658
506 -0.0264173341666658
507 -0.0438929341666658
508 -0.0549535341666658
509 -0.0594950341666656
510 -0.0623805341666657
511 -0.0647509341666654
512 -0.0675335341666656
513 -0.0565227341666654
514 -0.0437776341666658
515 -0.0344147341666656
516 -0.0196393341666656
517 0.0039906658333342
518 0.0132687658333341
519 0.0009839658333344
520 -0.0244491341666655
521 -0.0493203341666657
522 -0.0539493341666657
523 -0.0427664341666656
524 -0.0309815341666657
525 -0.0223100341666655
526 -0.0134668341666657
527 -0.0083370341666655
528 -0.0065597341666654
529 -0.0113966341666658
530 -0.0181148341666657
531 -0.0231936341666654
532 -0.0301586341666655
533 -0.0338632341666658
534 -0.0328289341666657
535 -0.0289935341666658
536 -0.0114687341666655
537 -0.0032174341666655
538 0.0021571658333341
539 0.0193775658333344
540 0.0450277658333342
541 0.0475234658333346
542 0.0356221658333342
543 0.0285724658333342
544 0.0124164658333346
545 -0.0145012341666657
546 -0.0360199341666658
547 -0.0543933341666656
548 -0.0600696341666658
549 -0.0596091341666658
550 -0.0666084341666657
551 -0.0656545341666654
552 -0.0529378341666655
553 -0.0333573341666655
554 -0.0141511341666658
555 0.0125195658333346
556 0.0326515658333344
557 0.0385241658333344
558 0.0442700658333344
559 0.0549858658333342
560 0.0678891658333343
561 0.0657228658333344
562 0.0501009658333342
563 0.0414193658333342
564 0.0348710658333342
565 0.0280336658333344
566 0.0228426658333345
567 0.0243699658333343
568 0.0313316658333345
569 0.0357477658333343
570 0.0311210658333345
571 0.0204451658333342
572 0.0002517658333345
573 -0.0266569341666658
574 -0.0545403341666657
575 -0.0800125341666655
576 -0.0889791341666655
577 -0.0794457341666654
578 -0.0728462341666658
579 -0.0672837341666654
580 -0.0696172341666657
581 -0.0810667341666655
582 -0.0869731341666657
583 -0.0847229341666655
584 -0.0714916341666658
585 -0.0470721341666658
586 -0.0254228341666658
587 -0.0106510341666657
588 -0.0057116341666656
589 -0.0047050341666655
590 0.0081895658333342
591 0.0311408658333345
592 0.0482772658333341
593 0.0557071658333346
594 0.0465047658333342
595 0.0315993658333342
596 0.0205049658333345
597 0.0193728658333345
598 0.0301318658333343
599 0.0536928658333342
600 0.0755600658333342
1 -0.0336953341666657
2 -0.0254255341666658
3 -0.0239335341666655
4 -0.0353627341666658
5 -0.0478520341666657
6 -0.0467726341666657
7 -0.0466612341666655
8 -0.0475029341666655
9 -0.0452516341666658
10 -0.0339545341666656
11 -0.0195444341666655
12 -0.0065983341666658
13 0.0015319658333341
14 0.0154066658333343
15 0.0203911658333342
16 0.0162143658333345
17 -0.0016257341666654
18 -0.0231872341666657
19 -0.0402896341666654
20 -0.0350582341666654
21 -0.0278043341666656
22 -0.0262658341666655
23 -0.0227366341666655
24 -0.0150582341666659
25 0.0029009658333345
26 0.0179295658333345
27 0.0261967658333342
28 0.0335414658333342
29 0.0288067658333344
30 0.0234393658333345
31 0.0250095658333342
32 0.0132947658333342
33 -0.0048253341666658
34 -0.0197108341666659
35 -0.0330642341666656
36 -0.0471486341666658
37 -0.0630154341666658
38 -0.0761304341666658
39 -0.0687958341666657
40 -0.0485312341666657
41 -0.0300505341666657
42 -0.0154326341666655
43 -0.0054177341666657
44 -0.0179820341666654
45 -0.0405069341666655
46 -0.0608672341666656
47 -0.0622952341666658
48 -0.0538975341666657
49 -0.0387201341666654
50 -0.0233764341666656
51 -0.0235028341666657
52 -0.0337112341666654
53 -0.0518355341666656
54 -0.0640727341666656
55 -0.0596654341666656
56 -0.0406599341666656
57 -0.0056983341666657
58 0.0256365658333344
59 0.0500642658333343
60 0.0510841658333345
61 0.0370894658333345
62 0.0230732658333346
63 0.0220409658333343
64 0.0274239658333344
65 0.0256492658333345
66 0.0128778658333344
67 0.0013234658333343
68 0.0091790658333344
69 0.0363301658333341
70 0.0666004658333343
71 0.0948482658333343
72 0.1051270658333343
73 0.1020189658333344
74 0.1003093658333345
75 0.0998938658333342
76 0.0953754658333343
77 0.0862228658333342
78 0.0711832658333345
79 0.0592945658333344
80 0.0531416658333344
81 0.0522322658333345
82 0.0585022658333343
83 0.0745696658333346
84 0.0870951658333343
85 0.0984502658333342
86 0.1061458658333345
87 0.1047508658333345
88 0.0979554658333344
89 0.0885330658333343
90 0.0719208658333343
91 0.0370436658333344
92 -0.0054734341666656
93 -0.0287061341666655
94 -0.0356226341666654
95 -0.0392972341666655
96 -0.0412803341666654
97 -0.0485928341666657
98 -0.0527326341666656
99 -0.0492281341666656
100 -0.0379106341666655
101 -0.0268656341666658
102 -0.0099358341666655
103 0.0050595658333346
104 0.0239092658333342
105 0.0439490658333344
106 0.0606520658333345
107 0.0705659658333344
108 0.0763945658333345
109 0.0743969658333343
110 0.0605900658333343
111 0.0425170658333345
112 0.0212081658333343
113 -0.0019346341666657
114 -0.0191165341666655
115 -0.0255295341666657
116 -0.0308234341666656
117 -0.0433384341666656
118 -0.0589579341666657
119 -0.0635731341666657
120 -0.0613436341666658
121 -0.0601903341666659
122 -0.0596243341666658
123 -0.0571247341666656
124 -0.0617242341666655
125 -0.0762674341666658
126 -0.0924797341666657
127 -0.0998032341666657
128 -0.1092826341666657
129 -0.1213416341666655
130 -0.1251062341666658
131 -0.1156501341666658
132 -0.1020579341666656
133 -0.0876425341666658
134 -0.0826138341666658
135 -0.0916703341666656
136 -0.1078662341666656
137 -0.1147730341666655
138 -0.1045457341666656
139 -0.0961368341666655
140 -0.0851924341666654
141 -0.0713602341666655
142 -0.0504263341666658
143 -0.0315009341666657
144 -0.0168652341666657
145 -0.0160101341666659
146 -0.0180733341666657
147 -0.0281302341666656
148 -0.0453676341666656
149 -0.0533935341666658
150 -0.0532806341666658
151 -0.0424679341666656
152 -0.0356526341666656
153 -0.0399321341666656
154 -0.0431781341666655
155 -0.0465876341666656
156 -0.0513621341666655
157 -0.0530752341666658
158 -0.0588870341666659
159 -0.0675104341666657
160 -0.0824944341666658
161 -0.0965849341666658
162 -0.0988878341666655
163 -0.0879459341666657
164 -0.0865280341666654
165 -0.0832837341666655
166 -0.0793797341666655
167 -0.0712010341666658
168 -0.0503913341666657
169 -0.0347776341666655
170 -0.0369652341666655
171 -0.0346843341666658
172 -0.0221406341666657
173 -0.0112310341666655
174 0.0088932658333345
175 0.0363564658333342
176 0.0632715658333343
177 0.0871930658333344
178 0.1085160658333342
179 0.1175658658333343
180 0.1297501658333342
181 0.1353635658333343
182 0.1352451658333345
183 0.1316504658333342
184 0.1170764658333345
185 0.1055329658333344
186 0.0970156658333345
187 0.0797668658333341
188 0.0523106658333345
189 0.0334128658333341
190 0.0164603658333342
191 0.0031538658333345
192 -0.0022159341666654
193 0.0064463658333342
194 0.0269847658333342
195 0.0387262658333345
196 0.0421191658333342
197 0.0458112658333345
198 0.0311992658333344
199 -0.0047155341666656
200 -0.0245041341666656
201 -0.0241216341666655
202 -0.0357556341666658
203 -0.0578779341666658
204 -0.0710415341666657
205 -0.0776073341666654
206 -0.0819681341666656
207 -0.0799154341666655
208 -0.0670651341666657
209 -0.0538676341666657
210 -0.0503290341666656
211 -0.0516473341666654
212 -0.0575634341666658
213 -0.0620623341666655
214 -0.0687986341666655
215 -0.0794891341666655
216 -0.0916721341666658
217 -0.0938016341666654
218 -0.0782174341666657
219 -0.0615488341666657
220 -0.0476932341666658
221 -0.0377329341666655
222 -0.0396451341666655
223 -0.0458429341666657
224 -0.0485190341666657
225 -0.0359053341666655
226 -0.0208942341666658
227 -0.0256837341666656
228 -0.0425334341666654
229 -0.0591996341666658
230 -0.0642380341666655
231 -0.0606999341666659
232 -0.0603973341666655
233 -0.0661951341666658
234 -0.0666845341666655
235 -0.0569428341666658
236 -0.0496006341666657
237 -0.0604827341666656
238 -0.0683477341666658
239 -0.0629043341666655
240 -0.0500341341666655
241 -0.0426826341666655
242 -0.0371394341666655
243 -0.0289728341666655
244 -0.0123805341666658
245 0.0060500658333345
246 0.0211409658333346
247 0.0361382658333342
248 0.0494084658333342
249 0.0611513658333345
250 0.0755903658333343
251 0.0801085658333345
252 0.0636430658333342
253 0.0458573658333346
254 0.0353659658333343
255 0.0296285658333342
256 0.0209550658333342
257 0.0033718658333344
258 -0.0195991341666657
259 -0.0335233341666656
260 -0.0261426341666655
261 -0.0208359341666657
262 -0.0156325341666657
263 -0.0034004341666658
264 0.0062337658333345
265 0.0100051658333342
266 0.0272710658333342
267 0.0572653658333344
268 0.0736783658333344
269 0.0800680658333341
270 0.0840656658333345
271 0.0906080658333344
272 0.0980978658333345
273 0.0901675658333345
274 0.0646454658333342
275 0.0322359658333342
276 0.0025408658333346
277 -0.0298718341666655
278 -0.0535162341666657
279 -0.0613383341666656
280 -0.0583053341666657
281 -0.0557818341666656
282 -0.0527071341666656
283 -0.0558073341666656
284 -0.0672311341666658
285 -0.0798638341666655
286 -0.0926634341666657
287 -0.0904636341666656
288 -0.0730709341666658
289 -0.0488645341666656
290 -0.0170560341666657
291 0.0069390658333344
292 0.0153530658333345
293 0.0175120658333343
294 0.0077948658333344
295 -0.0024200341666658
296 0.0045969658333345
297 0.0225002658333344
298 0.0415549658333343
299 0.0507439658333344
300 0.0615590658333343
301 0.0544343658333344
302 0.0305213658333345
303 0.0062263658333346
304 -0.0147597341666654
305 -0.0314007341666658
306 -0.0407950341666656
307 -0.0482259341666658
308 -0.0538612341666656
309 -0.0539957341666657
310 -0.0464050341666655
311 -0.0324418341666655
312 -0.0273200341666655
313 -0.0173214341666657
314 -0.0040437341666655
315 0.0028861658333343
316 0.0065565658333342
317 0.0173638658333344
318 0.0301153658333342
319 0.0420648658333342
320 0.0513830658333343
321 0.0645439658333342
322 0.0799549658333345
323 0.0992656658333342
324 0.1223860658333344
325 0.1424565658333345
326 0.1535628658333343
327 0.1421006658333344
328 0.1238609658333343
329 0.1032569658333342
330 0.0795605658333343
331 0.0621750658333342
332 0.0514480658333345
333 0.0337057658333344
334 0.0133568658333343
335 -0.0022489341666656
336 -0.0101219341666656
337 -0.0181085341666658
338 -0.0352325341666657
339 -0.0472874341666656
340 -0.0529139341666656
341 -0.0493684341666656
342 -0.0404750341666658
343 -0.0384609341666655
344 -0.0409026341666658
345 -0.0358403341666658
346 -0.0310136341666656
347 -0.0249591341666657
348 -0.0049737341666658
349 0.0203546658333345
350 0.0348901658333345
351 0.0369194658333343
352 0.0371896658333344
353 0.0285187658333346
354 0.0091881658333341
355 -0.0091729341666658
356 -0.0181439341666656
357 -0.0344278341666655
358 -0.0551820341666658
359 -0.0776014341666658
360 -0.0922846341666657
361 -0.0984993341666658
362 -0.0989517341666657
363 -0.0932593341666657
364 -0.0904618341666654
365 -0.0862448341666657
366 -0.0808444341666656
367 -0.0727879341666657
368 -0.0665186341666657
369 -0.0560959341666658
370 -0.0460174341666657
371 -0.0371428341666658
372 -0.0200938341666657
373 0.0044961658333342
374 0.0251966658333345
375 0.0407361658333345
376 0.0624445658333346
377 0.0834310658333344
378 0.0884888658333343
379 0.0777111658333345
380 0.0588054658333346
381 0.0429054658333343
382 0.0402339658333344
383 0.0546646658333345
384 0.0767663658333344
385 0.0944621658333342
386 0.0906842658333344
387 0.0755081658333343
388 0.0543392658333341
389 0.0372827658333343
390 0.0264978658333344
391 0.0224906658333341
392 0.0133019658333344
393 0.0043587658333344
394 0.0164035658333344
395 0.0336172658333345
396 0.0354370658333343
397 0.0229130658333343
398 0.0026398658333342
399 -0.0180702341666654
400 -0.0323523341666658
401 -0.0373270341666658
402 -0.0392933341666657
403 -0.0360270341666658
404 -0.0251658341666658
405 -0.0067919341666656
406 0.0136819658333343
407 0.0325550658333342
408 0.0353879658333343
409 0.0227324658333345
410 0.0114071658333343
411 0.0058272658333345
412 -0.0035617341666656
413 -0.0123112341666656
414 -0.0204141341666655
415 -0.0255201341666655
416 -0.0233946341666655
417 -0.0180677341666655
418 -0.0259453341666656
419 -0.0320511341666658
420 -0.0412187341666654
421 -0.0567349341666659
422 -0.0775070341666657
423 -0.0867409341666656
424 -0.0950043341666658
425 -0.1048339341666655
426 -0.1080573341666655
427 -0.0938272341666657
428 -0.0770246341666656
429 -0.0580578341666658
430 -0.0303264341666658
431 -0.0084124341666656
432 0.0031684658333342
433 0.0113763658333346
434 0.0147370658333346
435 0.0197374658333342
436 0.0376638658333341
437 0.0571867658333343
438 0.0698459658333346
439 0.0811645658333342
440 0.0966139658333343
441 0.0989407658333343
442 0.0908327658333343
443 0.0862824658333343
444 0.0845793658333345
445 0.0947343658333342
446 0.1097868658333345
447 0.1218853658333345
448 0.1265641658333343
449 0.1060098658333342
450 0.0688873658333344
451 0.0333473658333343
452 0.0166120658333342
453 0.0085132658333342
454 -0.0056293341666658
455 -0.0298266341666658
456 -0.0477130341666658
457 -0.0566012341666657
458 -0.0646323341666655
459 -0.0661786341666657
460 -0.0686374341666656
461 -0.0667542341666656
462 -0.0616872341666657
463 -0.0475813341666655
464 -0.0349520341666656
465 -0.0273534341666655
466 -0.0135913341666658
467 0.0128906658333343
468 0.0380742658333344
469 0.0427250658333342
470 0.0241438658333344
471 -0.0000558341666657
472 -0.0054468341666656
473 0.0106807658333343
474 0.0403149658333342
475 0.0592819658333346
476 0.0628170658333342
477 0.0591194658333345
478 0.0619757658333344
479 0.0553849658333343
480 0.0427239658333343
481 0.0273050658333345
482 0.0223653658333345
483 0.0193554658333341
484 0.0084744658333342
485 -0.0002338341666657
486 0.0012298658333343
487 0.0152621658333345
488 0.0298655658333344
489 0.0423010658333345
490 0.0515286658333345
491 0.0581828658333343
492 0.0720014658333343
493 0.0829889658333345
494 0.0833821658333345
495 0.0800314658333345
496 0.0737786658333341
497 0.0744628658333344
498 0.0780667658333343
499 0.0684827658333345
500 0.0593461658333343
501 0.0488731658333346
502 0.0329047658333343
503 0.0261697658333344
504 0.0240918658333342
505 0.0203150658333344
506 0.0071535658333342
507 -0.0080715341666657
508 -0.0164140341666656
509 -0.0197565341666657
510 -0.0277488341666658
511 -0.0311223341666658
512 -0.0163432341666656
513 0.0114502658333344
514 0.0328282658333343
515 0.0280126658333342
516 0.0149780658333345
517 0.0136038658333342
518 0.0235905658333344
519 0.0424400658333344
520 0.0552526658333345
521 0.0706999658333345
522 0.0852982658333343
523 0.1016008658333343
524 0.1100698658333346
525 0.1013255658333345
526 0.0842298658333345
527 0.0677286658333345
528 0.0559788658333344
529 0.0455848658333342
530 0.0448166658333342
531 0.0461729658333345
532 0.0476149658333345
533 0.0517685658333344
534 0.0453333658333341
535 0.0269725658333342
536 0.0104268658333342
537 -0.0012684341666658
538 -0.0163110341666655
539 -0.0239491341666658
540 -0.0274296341666656
541 -0.0192851341666658
542 -0.0079062341666658
543 -0.0028529341666657
544 -0.0070352341666657
545 -0.0108039341666655
546 -0.0155562341666657
547 -0.0289192341666658
548 -0.0395990341666654
549 -0.0414895341666655
550 -0.0426452341666654
551 -0.0426486341666656
552 -0.0473981341666656
553 -0.0530378341666657
554 -0.0532961341666658
555 -0.0522345341666655
556 -0.0401666341666655
557 -0.0266625341666655
558 -0.0221757341666655
559 -0.0177527341666655
560 -0.0048668341666658
561 0.0152761658333342
562 0.0315905658333344
563 0.0415919658333346
564 0.0470180658333343
565 0.0559449658333344
566 0.0563396658333342
567 0.0442803658333344
568 0.0231584658333341
569 -0.0027741341666658
570 -0.0176987341666655
571 -0.0263230341666656
572 -0.0395503341666656
573 -0.0458698341666657
574 -0.0368133341666654
575 -0.0102481341666656
576 0.0210268658333344
577 0.0528275658333341
578 0.0735030658333344
579 0.0724434658333344
580 0.0367450658333341
581 -0.0002709341666658
582 -0.0188132341666658
583 -0.0349514341666657
584 -0.0685168341666658
585 -0.1042339341666656
586 -0.1274955341666657
587 -0.1369042341666655
588 -0.1330104341666658
589 -0.1103537341666656
590 -0.0820523341666655
591 -0.0731989341666655
592 -0.0910850341666656
593 -0.1126890341666655
594 -0.1302424341666657
595 -0.1403098341666658
596 -0.1396407341666657
597 -0.1303109341666655
598 -0.1162311341666658
599 -0.1009402341666656
600 -0.0832895341666657
1 -0.0070093341666655
2 0.0014921658333344
3 -0.0013322341666657
4 -0.0112625341666654
5 -0.0184372341666657
6 -0.0280636341666658
7 -0.0480942341666655
8 -0.0710240341666655
9 -0.0911563341666657
10 -0.1052101341666658
11 -0.1151081341666655
12 -0.1102282341666658
13 -0.0999942341666658
14 -0.0972745341666656
15 -0.1016286341666657
16 -0.1009686341666658
17 -0.0833587341666657
18 -0.0606208341666656
19 -0.0482894341666658
20 -0.0386020341666655
21 -0.0215147341666655
22 0.0052868658333343
23 0.0203002658333342
24 0.0169457658333343
25 0.0075738658333342
26 0.0087332658333343
27 0.0128628658333345
28 0.0088154658333344
29 0.0124202658333346
30 0.0159755658333345
31 0.0153852658333342
32 0.0095975658333343
33 0.0026183658333343
34 -0.0079891341666656
35 -0.0119811341666658
36 -0.0059387341666657
37 0.0112446658333343
38 0.0175464658333344
39 0.0045560658333343
40 -0.0124624341666655
41 -0.0189790341666658
42 -0.0208187341666655
43 -0.0256445341666658
44 -0.0371336341666657
45 -0.0540258341666657
46 -0.0617188341666655
47 -0.0635886341666656
48 -0.0554836341666656
49 -0.0363937341666656
50 -0.0223419341666657
51 -0.0217850341666654
52 -0.0218302341666656
53 -0.0113496341666655
54 0.0073948658333345
55 0.0192008658333345
56 0.0060003658333345
57 -0.0074548341666656
58 -0.0123835341666658
59 -0.0196074341666654
60 -0.0220644341666656
61 -0.0131405341666655
62 0.0065146658333344
63 0.0118218658333342
64 0.0021974658333344
65 -0.0035332341666656
66 -0.0002287341666656
67 0.0093039658333343
68 0.0133621658333345
69 0.0040203658333344
70 -0.0158492341666658
71 -0.0316951341666658
72 -0.0361976341666654
73 -0.0377660341666655
74 -0.0423745341666657
75 -0.0472947341666656
76 -0.0480926341666654
77 -0.0459743341666656
78 -0.0426276341666658
79 -0.0398193341666655
80 -0.0339557341666659
81 -0.0290564341666655
82 -0.0241383341666657
83 -0.0179317341666656
84 -0.0080072341666657
85 0.0045371658333342
86 0.0137676658333343
87 0.0045405658333344
88 -0.0126931341666658
89 -0.0204385341666655
90 -0.0233623341666656
91 -0.0211808341666657
92 -0.0102000341666657
93 0.0037913658333344
94 0.0155545658333343
95 0.0261694658333345
96 0.0221161658333342
97 0.0136331658333342
98 0.0253050658333343
99 0.0531682658333343
100 0.0675009658333345
101 0.0564057658333343
102 0.0316709658333343
103 0.0106934658333344
104 -0.0104083341666654
105 -0.0341875341666658
106 -0.0554701341666655
107 -0.0678805341666657
108 -0.0719358341666658
109 -0.0693538341666655
110 -0.0662185341666657
111 -0.0737378341666655
112 -0.0771885341666656
113 -0.0671405341666658
114 -0.0476972341666655
115 -0.0311262341666656
116 -0.0274150341666655
117 -0.0358491341666656
118 -0.0375030341666656
119 -0.0331808341666657
120 -0.0190085341666655
121 -0.0038042341666658
122 0.0119648658333342
123 0.0303507658333344
124 0.0465258658333343
125 0.0567700658333345
126 0.0696857658333343
127 0.0739211658333345
128 0.0785405658333342
129 0.0815901658333344
130 0.0795896658333342
131 0.0827246658333345
132 0.0738136658333342
133 0.0622254658333343
134 0.0586575658333341
135 0.0657670658333345
136 0.0730145658333345
137 0.0749335658333345
138 0.0783259658333342
139 0.0893467658333345
140 0.0879200658333343
141 0.0729944658333346
142 0.0449898658333345
143 0.0148383658333344
144 -0.0061648341666656
145 -0.0156180341666659
146 -0.0215534341666657
147 -0.0228943341666659
148 -0.0181114341666655
149 -0.0082703341666654
150 -0.0063026341666657
151 -0.0212334341666658
152 -0.0398751341666657
153 -0.0573969341666656
154 -0.0613999341666656
155 -0.0652588341666656
156 -0.0804627341666655
157 -0.0915958341666658
158 -0.1007382341666658
159 -0.1070919341666658
160 -0.1043205341666655
161 -0.0880655341666658
162 -0.0604783341666657
163 -0.0373158341666655
164 -0.0226597341666657
165 -0.0136221341666656
166 -0.0068968341666658
167 0.0057553658333345
168 0.0079011658333346
169 -0.0145289341666657
170 -0.0387251341666657
171 -0.0448709341666658
172 -0.0333146341666657
173 -0.0239657341666657
174 -0.0314508341666655
175 -0.0468228341666657
176 -0.0636137341666658
177 -0.0743876341666656
178 -0.0745871341666655
179 -0.0639369341666658
180 -0.0579495341666658
181 -0.0515370341666657
182 -0.0533241341666657
183 -0.0610800341666655
184 -0.0552573341666656
185 -0.0373076341666656
186 -0.0124835341666656
187 0.0153642658333344
188 0.0420900658333343
189 0.0623264658333342
190 0.0754814658333345
191 0.0744760658333345
192 0.0654909658333342
193 0.0503060658333343
194 0.0360506658333342
195 0.0262386658333345
196 0.0150397658333343
197 -0.0015862341666657
198 -0.0192033341666655
199 -0.0382705341666658
200 -0.0519911341666655
201 -0.0534375341666657
202 -0.0494513341666658
203 -0.0442654341666655
204 -0.0290694341666655
205 -0.0102719341666657
206 0.0000831658333342
207 0.0050814658333342
208 0.0140924658333343
209 0.0184040658333342
210 0.0193246658333344
211 0.0105421658333342
212 -0.0069316341666656
213 -0.0208811341666655
214 -0.0370255341666654
215 -0.0482275341666658
216 -0.0496504341666655
217 -0.0502981341666655
218 -0.0361446341666656
219 -0.0185738341666655
220 -0.0191309341666654
221 -0.0319102341666655
222 -0.0267817341666658
223 -0.0069208341666656
224 0.0158692658333344
225 0.0278449658333342
226 0.0260292658333343
227 0.0175691658333346
228 0.0108220658333344
229 0.0134521658333342
230 0.0158525658333342
231 0.0099032658333345
232 0.0024381658333343
233 -0.0068160341666657
234 -0.0209718341666658
235 -0.0259309341666656
236 -0.0181461341666656
237 -0.0049278341666654
238 0.0153051658333343
239 0.0365414658333343
240 0.0422849658333342
241 0.0329803658333345
242 0.0169038658333345
243 -0.0074496341666657
244 -0.0357579341666656
245 -0.0537024341666656
246 -0.0584756341666655
247 -0.0597005341666654
248 -0.0727714341666656
249 -0.0979898341666656
250 -0.1116542341666658
251 -0.1045826341666656
252 -0.0850640341666655
253 -0.0658271341666659
254 -0.0591158341666658
255 -0.0643689341666658
256 -0.0733599341666658
257 -0.0826237341666656
258 -0.0889369341666657
259 -0.1005494341666657
260 -0.1074817341666656
261 -0.0972099341666657
262 -0.0665033341666654
263 -0.0384030341666657
264 -0.0305327341666657
265 -0.0366463341666656
266 -0.0356462341666655
267 -0.0188973341666658
268 0.0000417658333345
269 0.0177130658333344
270 0.0276128658333343
271 0.0242388658333343
272 0.0115190658333342
273 0.0051638658333344
274 0.0031749658333342
275 -0.0030600341666656
276 -0.0121097341666658
277 -0.0190637341666657
278 -0.0169318341666655
279 -0.0165912341666656
280 -0.0252182341666658
281 -0.0357983341666657
282 -0.0387187341666655
283 -0.0376260341666654
284 -0.0353032341666655
285 -0.0394314341666657
286 -0.0415971341666657
287 -0.0302684341666657
288 -0.0099735341666656
289 0.0046026658333345
290 0.0105239658333343
291 0.0210521658333342
292 0.0405150658333344
293 0.0651971658333346
294 0.0742620658333344
295 0.0685795658333346
296 0.0582890658333342
297 0.0410247658333343
298 0.0267621658333344
299 0.0256005658333343
300 0.0225474658333344
301 0.0202701658333342
302 0.0247570658333345
303 0.0179930658333345
304 0.0128615658333344
305 -0.0017445341666655
306 -0.0340806341666657
307 -0.0621634341666657
308 -0.0788676341666656
309 -0.0850972341666658
310 -0.0863448341666655
311 -0.0902455341666655
312 -0.0879723341666656
313 -0.0898339341666659
314 -0.0890789341666656
315 -0.0839495341666656
316 -0.0850936341666655
317 -0.0875739341666657
318 -0.0850084341666655
319 -0.0803050341666656
320 -0.0757174341666658
321 -0.0690373341666657
322 -0.0660440341666657
323 -0.0645531341666659
324 -0.0614653341666656
325 -0.0598005341666656
326 -0.0570106341666659
327 -0.0500410341666657
328 -0.0447698341666656
329 -0.0330692341666659
330 -0.0164735341666655
331 -0.0116735341666656
332 -0.0169602341666657
333 -0.0315067341666655
334 -0.0517597341666658
335 -0.0636379341666657
336 -0.0758269341666655
337 -0.0921836341666658
338 -0.0997349341666656
339 -0.0917440341666658
340 -0.0726101341666658
341 -0.0562357341666657
342 -0.0477402341666657
343 -0.0433158341666657
344 -0.0369847341666656
345 -0.0346892341666658
346 -0.0359154341666654
347 -0.0506074341666656
348 -0.0672131341666655
349 -0.0702984341666655
350 -0.0624577341666654
351 -0.0537829341666658
352 -0.0413037341666658
353 -0.0177155341666655
354 0.0007902658333343
355 0.0145553658333344
356 0.0214470658333346
357 0.0204646658333343
358 0.0156172658333342
359 0.0068367658333344
360 -0.0094683341666655
361 -0.0233220341666658
362 -0.0364849341666655
363 -0.0367824341666658
364 -0.0317671341666657
365 -0.0290255341666654
366 -0.0245035341666657
367 -0.0224555341666655
368 -0.0110550341666658
369 0.0141762658333344
370 0.0411617658333343
371 0.0593028658333346
372 0.0630181658333342
373 0.0509030658333343
374 0.0332423658333343
375 0.0233186658333344
376 0.0086989658333345
377 -0.0015002341666657
378 -0.0126078341666656
379 -0.0139277341666655
380 -0.0087249341666658
381 -0.0059138341666656
382 0.0074524658333344
383 0.0197794658333343
384 0.0114375658333343
385 -0.0027464341666654
386 -0.0199809341666657
387 -0.0337276341666657
388 -0.0457714341666655
389 -0.0563797341666659
390 -0.0512990341666657
391 -0.0303318341666658
392 -0.0169168341666657
393 -0.0061871341666655
394 -0.0037992341666655
395 -0.0155788341666656
396 -0.0285306341666658
397 -0.0352838341666657
398 -0.0352873341666657
399 -0.0334290341666654
400 -0.0330284341666656
401 -0.0292508341666657
402 -0.0219705341666656
403 -0.0083077341666655
404 0.0038499658333344
405 0.0138455658333343
406 0.0178757658333342
407 0.0302451658333345
408 0.0446617658333341
409 0.0452860658333343
410 0.0403596658333343
411 0.0427397658333342
412 0.0467980658333342
413 0.0359145658333344
414 0.0156926658333343
415 -0.0078586341666655
416 -0.0302317341666658
417 -0.0489405341666656
418 -0.0561036341666656
419 -0.0532768341666658
420 -0.0483963341666658
421 -0.0546743341666658
422 -0.0629472341666655
423 -0.0673120341666658
424 -0.0660891341666656
425 -0.0603717341666656
426 -0.0604823341666658
427 -0.0641292341666655
428 -0.0648433341666657
429 -0.0451385341666657
430 -0.0213693341666654
431 -0.0034467341666655
432 0.0211345658333344
433 0.0519246658333343
434 0.0795773658333343
435 0.1078223658333344
436 0.1269294658333342
437 0.1380982658333343
438 0.1322185658333344
439 0.1310397658333344
440 0.1412608658333343
441 0.1450676658333343
442 0.1372603658333342
443 0.1230110658333343
444 0.0971174658333345
445 0.0679782658333346
446 0.0492843658333344
447 0.0327891658333344
448 0.0211211658333346
449 0.0249894658333343
450 0.0327506658333343
451 0.0418670658333342
452 0.0549193658333342
453 0.0705701658333342
454 0.0872297658333343
455 0.0935681658333345
456 0.0900062658333343
457 0.0725055658333345
458 0.0527857658333342
459 0.0470953658333344
460 0.0526492658333342
461 0.0545378658333342
462 0.0534684658333342
463 0.0393406658333344
464 0.0202857658333344
465 0.0101042658333346
466 0.0033494658333342
467 0.0048046658333343
468 0.0140061658333344
469 0.0161678658333342
470 0.0074974658333344
471 0.0057975658333342
472 0.0230148658333342
473 0.0450610658333344
474 0.0619393658333345
475 0.0719450658333343
476 0.0697563658333342
477 0.0710306658333342
478 0.0943074658333343
479 0.1209447658333342
480 0.1403785658333345
481 0.1499152658333345
482 0.1377697658333346
483 0.1097553658333346
484 0.0735053658333342
485 0.0417889658333346
486 0.0232158658333343
487 0.0139672658333345
488 0.0108742658333343
489 0.0041459658333345
490 0.0060376658333343
491 0.0140914658333342
492 0.0253651658333345
493 0.0419618658333345
494 0.0423672658333345
495 0.0292853658333345
496 0.0238474658333345
497 0.0327567658333345
498 0.0423063658333342
499 0.0464748658333343
500 0.0333794658333342
501 0.0159077658333344
502 -0.0095380341666655
503 -0.0418323341666658
504 -0.0610136341666658
505 -0.0608171341666655
506 -0.0611549341666655
507 -0.0654551341666658
508 -0.0708724341666658
509 -0.0762640341666656
510 -0.0714952341666657
511 -0.0570973341666656
512 -0.0375802341666658
513 -0.0247020341666655
514 -0.0143763341666658
515 -0.0017028341666658
516 0.0144762658333342
517 0.0437874658333341
518 0.0660820658333345
519 0.0749207658333342
520 0.0750230658333342
521 0.0808844658333343
522 0.0912290658333346
523 0.0826399658333345
524 0.0640719658333344
525 0.0418894658333344
526 0.0231098658333342
527 0.0118002658333345
528 0.0015735658333345
529 -0.0117640341666658
530 -0.0204416341666658
531 -0.0197686341666659
532 -0.0223432341666658
533 -0.0183215341666658
534 0.0035561658333343
535 0.0297015658333342
536 0.0474752658333344
537 0.0633223658333342
538 0.0664366658333342
539 0.0613922658333346
540 0.0578371658333343
541 0.0644203658333344
542 0.0746377658333341
543 0.0656473658333345
544 0.0498194658333344
545 0.0357804658333345
546 0.0264560658333344
547 0.0325051658333342
548 0.0442965658333345
549 0.0590571658333343
550 0.0802953658333343
551 0.1082125658333344
552 0.1174409658333344
553 0.1193154658333344
554 0.1205343658333344
555 0.1219418658333344
556 0.1287725658333345
557 0.1232986658333344
558 0.1071163658333343
559 0.0939353658333344
560 0.0694562658333342
561 0.0440175658333342
562 0.0382026658333343
563 0.0355259658333344
564 0.0174081658333343
565 -0.0137304341666655
566 -0.0283239341666657
567 -0.0324079341666654
568 -0.0307256341666657
569 -0.0217770341666657
570 -0.0116288341666655
571 0.0014177658333345
572 0.0157059658333343
573 0.0304361658333345
574 0.0374290658333343
575 0.0488393658333344
576 0.0695154658333346
577 0.0848162658333345
578 0.0938904658333342
579 0.0902344658333343
580 0.0677304658333342
581 0.0405678658333342
582 0.0096783658333344
583 0.0012611658333346
584 0.0121802658333343
585 0.0205509658333343
586 0.0231933658333343
587 0.0253303658333341
588 0.0213698658333343
589 -0.0022150341666656
590 -0.0347693341666657
591 -0.0470133341666656
592 -0.0639244341666658
593 -0.0876095341666656
594 -0.1044782341666655
595 -0.1029031341666657
596 -0.0801218341666656
597 -0.0571404341666657
598 -0.0512114341666656
599 -0.0515085341666657
600 -0.0538623341666655
1 0.0057972658333343
2 0.0062418658333345
3 0.0136715658333344
4 0.0292306658333343
5 0.0515636658333345
6 0.0567244658333346
7 0.0454493658333344
8 0.0343066658333342
9 0.0367668658333344
10 0.0432016658333345
11 0.0372157658333343
12 0.0165654658333345
13 -0.0130452341666656
14 -0.0377919341666657
15 -0.0496473341666657
16 -0.0553886341666656
17 -0.0482808341666656
18 -0.0379882341666655
19 -0.0306727341666657
20 -0.0230159341666658
21 -0.0111343341666656
22 -0.0173837341666658
23 -0.0397268341666654
24 -0.0583493341666657
25 -0.0706052341666656
26 -0.0886226341666658
27 -0.1100245341666657
28 -0.1166516341666655
29 -0.1147901341666655
30 -0.1158034341666658
31 -0.1194307341666656
32 -0.1150100341666658
33 -0.1120783341666658
34 -0.1059293341666656
35 -0.0868477341666658
36 -0.0573921341666654
37 -0.0298368341666655
38 -0.0133803341666656
39 -0.0071382341666655
40 -0.0071786341666655
41 -0.0081463341666654
42 -0.0026511341666655
43 0.0043649658333345
44 0.0085834658333344
45 0.0047494658333345
46 0.0034749658333344
47 0.0094991658333345
48 0.0257527658333343
49 0.0477279658333343
50 0.0660229658333344
51 0.0754912658333344
52 0.0734079658333342
53 0.0602494658333343
54 0.0377811658333345
55 0.0142545658333342
56 -0.0095666341666658
57 -0.0198298341666656
58 -0.0178399341666657
59 -0.0199118341666655
60 -0.0273275341666657
61 -0.0334978341666656
62 -0.0399051341666659
63 -0.0473333341666655
64 -0.0546982341666657
65 -0.0659059341666657
66 -0.0784847341666657
67 -0.0890919341666656
68 -0.1015826341666655
69 -0.1039163341666658
70 -0.0991919341666656
71 -0.1008110341666657
72 -0.1059502341666656
73 -0.1086332341666658
74 -0.1103642341666657
75 -0.1162338341666658
76 -0.1237208341666656
77 -0.1263165341666657
78 -0.1243880341666657
79 -0.1219210341666654
80 -0.1131560341666655
81 -0.1011707341666654
82 -0.0932794341666656
83 -0.0954658341666654
84 -0.0987138341666656
85 -0.0921277341666658
86 -0.0829542341666656
87 -0.0800300341666658
88 -0.0801197341666655
89 -0.0801868341666658
90 -0.0869882341666655
91 -0.0950196341666656
92 -0.0938719341666658
93 -0.0828908341666654
94 -0.0633159341666656
95 -0.0444865341666656
96 -0.0274372341666655
97 -0.0208513341666658
98 -0.0254911341666655
99 -0.0221565341666659
100 -0.0085309341666657
101 -0.0015191341666658
102 -0.0139417341666657
103 -0.0309250341666658
104 -0.0573901341666656
105 -0.0781311341666657
106 -0.0851379341666658
107 -0.0828413341666656
108 -0.0836556341666657
109 -0.0773602341666657
110 -0.0596499341666656
111 -0.0342060341666657
112 -0.0188024341666657
113 0.0022048658333342
114 0.0294052658333341
115 0.0541471658333346
116 0.0584632658333342
117 0.0544446658333344
118 0.0565517658333343
119 0.0766900658333345
120 0.1157595658333346
121 0.1624492658333345
122 0.1947005658333345
123 0.1971450658333342
124 0.1898351658333342
125 0.1755800658333344
126 0.1705879658333345
127 0.1741754658333345
128 0.1697272658333344
129 0.1498649658333342
130 0.1311762658333344
131 0.1230886658333343
132 0.1220809658333342
133 0.1094434658333343
134 0.0823356658333343
135 0.0492342658333342
136 0.0272481658333343
137 0.0180255658333341
138 0.0156408658333342
139 0.0084694658333344
140 -0.0038175341666657
141 -0.0202735341666656
142 -0.0443337341666656
143 -0.0603447341666659
144 -0.0710796341666655
145 -0.0805731341666656
146 -0.0806049341666655
147 -0.0788555341666655
148 -0.0716070341666657
149 -0.0540940341666656
150 -0.0275950341666658
151 0.0046323658333343
152 0.0260399658333346
153 0.0239560658333344
154 0.0037056658333343
155 -0.0214155341666658
156 -0.0406751341666656
157 -0.0418404341666658
158 -0.0309577341666656
159 -0.0187139341666658
160 -0.0089359341666655
161 0.0045713658333342
162 0.0239909658333342
163 0.0376244658333342
164 0.0476649658333343
165 0.0479741658333341
166 0.0505747658333342
167 0.0562115658333342
168 0.0552553658333346
169 0.0468749658333345
170 0.0334836658333342
171 0.0040054658333344
172 -0.0099981341666657
173 0.0017974658333344
174 0.0299256658333342
175 0.0591284658333344
176 0.0758016658333345
177 0.0954482658333342
178 0.1087487658333344
179 0.1167693658333344
180 0.1234951658333343
181 0.1242218658333343
182 0.1183846658333345
183 0.1151213658333345
184 0.0957432658333341
185 0.0646164658333346
186 0.0333583658333345
187 0.0135123658333343
188 0.0163354658333343
189 0.0339035658333344
190 0.0487170658333342
191 0.0484753658333346
192 0.0413902658333343
193 0.0486854658333344
194 0.0658346658333344
195 0.0722758658333342
196 0.0587184658333344
197 0.0433300658333344
198 0.0483251658333343
199 0.0511359658333346
200 0.0364591658333344
201 0.0228917658333345
202 0.0144550658333342
203 0.0054262658333344
204 -0.0059857341666656
205 -0.0108866341666656
206 -0.0210145341666657
207 -0.0337192341666657
208 -0.0446463341666656
209 -0.0482376341666657
210 -0.0463178341666657
211 -0.0470923341666656
212 -0.0387274341666655
213 -0.0099570341666655
214 0.0215150658333343
215 0.0471230658333344
216 0.0504549658333344
217 0.0306650658333343
218 0.0016129658333344
219 -0.0241116341666658
220 -0.0433594341666654
221 -0.0508267341666655
222 -0.0505871341666655
223 -0.0513338341666656
224 -0.0519116341666654
225 -0.0414383341666658
226 -0.0265839341666658
227 -0.0113891341666656
228 -0.0007786341666658
229 0.0038817658333343
230 0.0077858658333345
231 0.0144226658333344
232 0.0369777658333343
233 0.0594085658333343
234 0.0563295658333343
235 0.0394397658333343
236 0.0171918658333343
237 -0.0076525341666658
238 -0.0218307341666657
239 -0.0241431341666658
240 -0.0174637341666655
241 -0.0026956341666655
242 0.0133481658333343
243 0.0310339658333345
244 0.0406597658333343
245 0.0305369658333343
246 0.0226260658333342
247 0.0199008658333342
248 0.0178295658333343
249 0.0122974658333344
250 0.0029335658333345
251 -0.0068017341666655
252 -0.0137757341666656
253 -0.0140158341666656
254 -0.0188127341666657
255 -0.0175600341666655
256 0.0019401658333345
257 0.0135776658333344
258 0.0044328658333344
259 -0.0034489341666655
260 0.0074811658333345
261 0.0351303658333344
262 0.0584757658333341
263 0.0728504658333344
264 0.0741267658333342
265 0.0561198658333342
266 0.0154613658333345
267 -0.0233825341666658
268 -0.0454905341666656
269 -0.0500185341666657
270 -0.0489228341666657
271 -0.0367519341666656
272 -0.0294952341666654
273 -0.0301412341666656
274 -0.0187922341666655
275 -0.0068425341666658
276 0.0051977658333344
277 0.0229548658333343
278 0.0419805658333345
279 0.0541188658333343
280 0.0536557658333345
281 0.0584762658333342
282 0.0660259658333344
283 0.0765713658333342
284 0.0849833658333345
285 0.0831577658333345
286 0.0688920658333343
287 0.0438711658333344
288 0.0239119658333342
289 0.0272177658333344
290 0.0371431658333345
291 0.0354132658333342
292 0.0207917658333345
293 0.0156957658333345
294 0.0159655658333344
295 0.0187370658333346
296 0.0167664658333342
297 0.0150324658333343
298 0.0116994658333343
299 0.0005921658333343
300 -0.0133528341666658
301 -0.0178737341666655
302 -0.0147499341666655
303 -0.0171660341666655
304 -0.0288655341666657
305 -0.0514350341666656
306 -0.0794400341666655
307 -0.0975484341666655
308 -0.1013060341666656
309 -0.0884548341666656
310 -0.0691766341666655
311 -0.0554718341666658
312 -0.0374378341666657
313 -0.0216644341666656
314 -0.0109887341666655
315 -0.0054578341666658
316 0.0033035658333342
317 0.0083710658333342
318 0.0031228658333342
319 -0.0080006341666659
320 -0.0276286341666658
321 -0.0399579341666656
322 -0.0475903341666655
323 -0.0620509341666655
324 -0.0857356341666655
325 -0.1003760341666657
326 -0.1024233341666658
327 -0.1082894341666658
328 -0.1164593341666658
329 -0.1160256341666654
330 -0.1085956341666656
331 -0.1008062341666656
332 -0.0848541341666658
333 -0.0675526341666655
334 -0.0533954341666658
335 -0.0449120341666656
336 -0.0457453341666656
337 -0.0539961341666655
338 -0.0687059341666658
339 -0.0903186341666657
340 -0.1107565341666654
341 -0.1167069341666656
342 -0.1130020341666658
343 -0.1045271341666658
344 -0.0959447341666655
345 -0.0891226341666655
346 -0.0856895341666655
347 -0.0848988341666654
348 -0.0869550341666656
349 -0.0880331341666656
350 -0.0803160341666658
351 -0.0703281341666657
352 -0.0615744341666655
353 -0.0590852341666657
354 -0.0545535341666659
355 -0.0437791341666656
356 -0.0324440341666659
357 -0.0358201341666655
358 -0.0420869341666656
359 -0.0393492341666657
360 -0.0370004341666657
361 -0.0332636341666657
362 -0.0246757341666655
363 -0.0041724341666658
364 0.0261399658333343
365 0.0632746658333345
366 0.1021206658333345
367 0.1262522658333345
368 0.1210316658333346
369 0.0990120658333344
370 0.0689030658333345
371 0.0417152658333344
372 0.0330975658333346
373 0.0369129658333343
374 0.0405466658333342
375 0.0367774658333344
376 0.0246999658333342
377 0.0129849658333345
378 0.0081875658333344
379 0.0191560658333345
380 0.0256182658333342
381 0.0313480658333343
382 0.0408103658333343
383 0.0520880658333343
384 0.0597408658333345
385 0.0627838658333344
386 0.0599394658333345
387 0.0468151658333342
388 0.0249899658333343
389 0.0056613658333342
390 -0.0047919341666658
391 -0.0210382341666655
392 -0.0376746341666658
393 -0.0578902341666656
394 -0.0685172341666656
395 -0.0635308341666656
396 -0.0613276341666658
397 -0.0464835341666658
398 -0.0224663341666655
399 0.0023876658333344
400 0.0189083658333344
401 0.0250482658333344
402 0.0312350658333345
403 0.0295563658333342
404 0.0125388658333345
405 -0.0044099341666657
406 -0.0018383341666657
407 0.0042382658333344
408 0.0121199658333344
409 0.0231890658333342
410 0.0268797658333342
411 0.0183021658333344
412 0.0087337658333344
413 -0.0034316341666658
414 -0.0257202341666658
415 -0.0574954341666656
416 -0.0803555341666655
417 -0.0907479341666657
418 -0.0908690341666656
419 -0.0805549341666656
420 -0.0740383341666657
421 -0.0779990341666656
422 -0.0873166341666658
423 -0.0855919341666658
424 -0.0659414341666658
425 -0.0421305341666658
426 -0.0356541341666659
427 -0.0433226341666657
428 -0.0499646341666655
429 -0.0455824341666657
430 -0.0312044341666655
431 -0.0225600341666659
432 -0.0278106341666655
433 -0.0336965341666655
434 -0.0289920341666656
435 -0.0207653341666658
436 -0.0183551341666655
437 -0.0229222341666655
438 -0.0296343341666656
439 -0.0266519341666656
440 -0.0168675341666655
441 0.0044276658333344
442 0.0215700658333344
443 0.0266951658333343
444 0.0258275658333345
445 0.0321823658333344
446 0.0315513658333342
447 0.0231902658333345
448 0.0071532658333342
449 -0.0075125341666658
450 -0.0200469341666656
451 -0.0210903341666655
452 -0.0095849341666656
453 0.0030755658333343
454 0.0078001658333342
455 -0.0009138341666657
456 -0.0107942341666658
457 -0.0096129341666655
458 0.0021489658333342
459 0.0140256658333344
460 0.0209616658333345
461 0.0172895658333343
462 0.0056310658333345
463 -0.0028393341666657
464 -0.0023554341666658
465 0.0039141658333341
466 0.0154365658333342
467 0.0319737658333343
468 0.0573439658333346
469 0.0815313658333343
470 0.1002758658333343
471 0.1100954658333344
472 0.1221568658333343
473 0.1312110658333343
474 0.1323318658333346
475 0.1308351658333344
476 0.1172774658333342
477 0.0927523658333342
478 0.0781616658333344
479 0.0660336658333343
480 0.0457981658333342
481 0.0378147658333345
482 0.0381300658333346
483 0.0279413658333345
484 0.0074173658333345
485 -0.0088158341666658
486 -0.0177324341666658
487 -0.0262374341666658
488 -0.0258809341666657
489 -0.0103978341666657
490 0.0161555658333343
491 0.0320955658333344
492 0.0396051658333345
493 0.0422534658333342
494 0.0326873658333344
495 0.0319571658333344
496 0.0542703658333346
497 0.0791172658333346
498 0.1078475658333344
499 0.1371808658333342
500 0.1563958658333342
501 0.1459519658333344
502 0.1182184658333343
503 0.1095993658333345
504 0.1137512658333342
505 0.1034938658333342
506 0.0890804658333342
507 0.0794005658333345
508 0.0841542658333343
509 0.0792482658333342
510 0.0678583658333345
511 0.0529990658333346
512 0.0440079658333343
513 0.0217122658333344
514 -0.0124698341666658
515 -0.0344163341666657
516 -0.0446291341666658
517 -0.0460161341666656
518 -0.0397715341666656
519 -0.0240722341666655
520 -0.0082611341666659
521 0.0075479658333344
522 0.0229830658333343
523 0.0291028658333343
524 0.0163281658333343
525 -0.0002790341666659
526 -0.0156438341666658
527 -0.0255721341666657
528 -0.0221462341666658
529 -0.0175523341666657
530 -0.0160228341666655
531 -0.0058034341666655
532 0.0064913658333343
533 0.0131912658333344
534 0.0252919658333344
535 0.0437445658333342
536 0.0585294658333342
537 0.0788826658333344
538 0.0963311658333343
539 0.0925683658333343
540 0.0753266658333342
541 0.0697907658333343
542 0.0620834658333345
543 0.0474141658333345
544 0.0374981658333344
545 0.0369852658333345
546 0.0231208658333344
547 0.0052954658333344
548 -0.0073458341666655
549 -0.0111420341666655
550 -0.0212278341666656
551 -0.0290282341666654
552 -0.0317001341666656
553 -0.0402878341666657
554 -0.0552980341666656
555 -0.0561355341666658
556 -0.0525249341666658
557 -0.0468784341666657
558 -0.0458266341666658
559 -0.0489697341666657
560 -0.0410565341666658
561 -0.0271597341666658
562 -0.0121009341666656
563 0.0060450658333342
564 0.0304113658333343
565 0.0518189658333346
566 0.0457336658333345
567 0.0307857658333344
568 0.0184947658333345
569 0.0091113658333342
570 -0.0098961341666657
571 -0.0282599341666656
572 -0.0284110341666657
573 -0.0076909341666656
574 0.0097987658333345
575 0.0191187658333343
576 0.0207038658333345
577 0.0286394658333342
578 0.0438271658333345
579 0.0498845658333344
580 0.0665961658333343
581 0.0950401658333342
582 0.1171768658333345
583 0.1209633658333344
584 0.1212368658333345
585 0.1198510658333345
586 0.1038082658333344
587 0.0829474658333345
588 0.0711006658333342
589 0.0699529658333344
590 0.0690759658333344
591 0.0685605658333341
592 0.0791557658333342
593 0.0797901658333342
594 0.0653425658333342
595 0.0493565658333344
596 0.0365845658333344
597 0.0156559658333344
598 -0.0084072341666657
599 -0.0116692341666655
600 0.0032695658333344
1 0.0689015658333343
2 0.0633310658333341
3 0.0650750658333346
4 0.0656907658333346
5 0.0554081658333345
6 0.0402548658333344
7 0.0294909658333342
8 0.0236146658333345
9 0.0140655658333344
10 0.0058651658333342
11 0.0045333658333342
12 0.0102078658333342
13 0.0196058658333342
14 0.0172574658333344
15 0.0114766658333343
16 0.0091686658333345
17 0.0027713658333344
18 -0.0063468341666657
19 -0.0006811341666655
20 0.0099677658333341
21 0.0040138658333344
22 -0.0122585341666657
23 -0.0269375341666658
24 -0.0356840341666658
25 -0.0357249341666654
26 -0.0383517341666657
27 -0.0504341341666654
28 -0.0625804341666658
29 -0.0771771341666656
30 -0.0936549341666657
31 -0.1070308341666655
32 -0.1169680341666655
33 -0.1173779341666656
34 -0.1241733341666658
35 -0.1392124341666658
36 -0.1394600341666656
37 -0.1285820341666657
38 -0.1145402341666655
39 -0.0997387341666656
40 -0.0842382341666656
41 -0.0608205341666657
42 -0.0442950341666655
43 -0.0348511341666655
44 -0.0193782341666657
45 -0.0043174341666656
46 0.0057222658333345
47 -0.0026420341666658
48 -0.0308573341666656
49 -0.0549288341666658
50 -0.0706876341666658
51 -0.0734152341666658
52 -0.0759920341666658
53 -0.0725074341666656
54 -0.0509402341666658
55 -0.0127697341666657
56 0.0292685658333345
57 0.0650542658333344
58 0.0870676658333345
59 0.1038757658333345
60 0.1065754658333344
61 0.1015033658333344
62 0.0951744658333342
63 0.0770471658333345
64 0.0570656658333344
65 0.0455796658333343
66 0.0540076658333342
67 0.0633884658333344
68 0.0651789658333342
69 0.0515135658333343
70 0.0379585658333346
71 0.0231847658333342
72 0.0159754658333342
73 0.0138791658333344
74 0.0038740658333345
75 -0.0120733341666655
76 -0.0271606341666657
77 -0.0400109341666655
78 -0.0467234341666658
79 -0.0543088341666658
80 -0.0669446341666657
81 -0.0766128341666654
82 -0.0724256341666658
83 -0.0554556341666657
84 -0.0422402341666657
85 -0.0405621341666658
86 -0.0404292341666657
87 -0.0469155341666658
88 -0.0692679341666658
89 -0.0811656341666658
90 -0.0715819341666655
91 -0.0635045341666656
92 -0.0681278341666656
93 -0.0765228341666657
94 -0.0789020341666657
95 -0.0751754341666655
96 -0.0608290341666655
97 -0.0406501341666656
98 -0.0323594341666658
99 -0.0245369341666657
100 -0.0193929341666657
101 -0.0155440341666657
102 -0.0079037341666655
103 0.0093675658333345
104 0.0208221658333345
105 0.0283257658333342
106 0.0309852658333343
107 0.0307106658333343
108 0.0176941658333343
109 0.0001936658333346
110 -0.0116748341666657
111 -0.0232887341666657
112 -0.0333804341666655
113 -0.0359755341666657
114 -0.0432346341666658
115 -0.0430366341666657
116 -0.0366484341666657
117 -0.0161204341666656
118 -0.0027135341666655
119 -0.0095173341666657
120 -0.0206607341666656
121 -0.0362407341666655
122 -0.0665489341666659
123 -0.1022032341666654
124 -0.1210373341666657
125 -0.1183666341666658
126 -0.1072566341666654
127 -0.0905969341666655
128 -0.0694961341666658
129 -0.0517461341666658
130 -0.0428502341666657
131 -0.0384189341666659
132 -0.0310162341666658
133 -0.0249779341666656
134 -0.0131951341666658
135 0.0031315658333342
136 0.0240460658333346
137 0.0477424658333345
138 0.0629278658333345
139 0.0661823658333343
140 0.0659104658333343
141 0.0571913658333343
142 0.0412597658333342
143 0.0261852658333344
144 0.0059190658333343
145 -0.0103865341666656
146 -0.0083993341666657
147 -0.0040283341666658
148 -0.0022739341666655
149 -0.0001182341666657
150 -0.0036418341666655
151 -0.0130259341666656
152 -0.0169236341666656
153 -0.0161733341666657
154 -0.0249515341666657
155 -0.0379248341666658
156 -0.0373083341666658
157 -0.0263764341666657
158 -0.0204072341666657
159 -0.0271363341666655
160 -0.0382636341666656
161 -0.0480173341666656
162 -0.0545008341666655
163 -0.0538499341666658
164 -0.0493822341666657
165 -0.0308792341666657
166 -0.0031497341666658
167 0.0179207658333342
168 0.0323392658333344
169 0.0420952658333342
170 0.0372449658333345
171 0.0071278658333345
172 -0.0184052341666656
173 -0.0142902341666655
174 0.0181122658333344
175 0.0593982658333343
176 0.0861824658333346
177 0.0938594658333343
178 0.0979258658333344
179 0.0856080658333345
180 0.0634616658333345
181 0.0561086658333343
182 0.0525564658333342
183 0.0557681658333342
184 0.0604245658333342
185 0.0687252658333342
186 0.0745781658333344
187 0.0745482658333345
188 0.0790042658333343
189 0.0823290658333344
190 0.0806194658333346
191 0.0790464658333345
192 0.0733119658333345
193 0.0676097658333346
194 0.0629993658333343
195 0.0470831658333344
196 0.0120870658333345
197 -0.0167039341666655
198 -0.0191308341666656
199 -0.0117663341666656
200 -0.0063512341666656
201 0.0013250658333344
202 0.0142612658333343
203 0.0314002658333346
204 0.0544827658333342
205 0.0624124658333343
206 0.0520611658333343
207 0.0356197658333341
208 0.0300649658333345
209 0.0290004658333345
210 0.0370085658333346
211 0.0373512658333341
212 0.0226752658333345
213 0.0089379658333342
214 -0.0054849341666658
215 -0.0248592341666658
216 -0.0366085341666658
217 -0.0465873341666656
218 -0.0646469341666656
219 -0.0805646341666657
220 -0.0871105341666656
221 -0.0874156341666654
222 -0.0910871341666657
223 -0.0898190341666658
224 -0.0819443341666655
225 -0.0619048341666657
226 -0.0393280341666657
227 -0.0212345341666658
228 -0.0061189341666656
229 0.0131239658333344
230 0.0336820658333346
231 0.0512463658333342
232 0.0689283658333344
233 0.0787766658333342
234 0.0628580658333342
235 0.0349833658333343
236 0.0130899658333345
237 0.0081957658333343
238 0.0153771658333341
239 0.0300173658333343
240 0.0490208658333344
241 0.0526198658333343
242 0.0452307658333342
243 0.0351526658333343
244 0.0201704658333344
245 0.0035157658333342
246 -0.0056642341666655
247 0.0073453658333342
248 0.0210540658333342
249 0.0250616658333342
250 0.0287393658333341
251 0.0322113658333345
252 0.0200611658333343
253 0.0037433658333343
254 -0.0189114341666659
255 -0.0326620341666657
256 -0.0249681341666657
257 -0.0116437341666655
258 -0.0003706341666656
259 0.0024527658333344
260 0.0055439658333345
261 0.0118366658333344
262 0.0100201658333345
263 0.0085888658333344
264 0.0153393658333343
265 0.0208514658333345
266 0.0160987658333345
267 0.0197275658333345
268 0.0282106658333343
269 0.0398288658333343
270 0.0511442658333343
271 0.0584174658333345
272 0.0642129658333346
273 0.0622130658333342
274 0.0603490658333343
275 0.0524921658333342
276 0.0390847658333344
277 0.0206506658333345
278 0.0098124658333343
279 0.0076372658333344
280 -0.0029398341666655
281 -0.0171580341666657
282 -0.0222670341666658
283 -0.0139890341666655
284 -0.0114437341666656
285 -0.0267919341666656
286 -0.0434913341666658
287 -0.0449736341666656
288 -0.0453170341666658
289 -0.0595289341666656
290 -0.0663343341666658
291 -0.0721000341666658
292 -0.0685216341666655
293 -0.0520656341666657
294 -0.0244340341666658
295 0.0172770658333343
296 0.0451860658333345
297 0.0642946658333345
298 0.0727512658333342
299 0.0630894658333343
300 0.0398725658333343
301 0.0175247658333344
302 0.0037944658333342
303 -0.0030936341666656
304 -0.0069340341666657
305 -0.0155725341666657
306 -0.0153321341666657
307 0.0010501658333344
308 0.0074710658333346
309 0.0211982658333345
310 0.0335849658333345
311 0.0429476658333345
312 0.0446112658333342
313 0.0394955658333345
314 0.0242048658333345
315 -0.0048569341666655
316 -0.0320027341666655
317 -0.0470239341666656
318 -0.0481040341666654
319 -0.0386498341666655
320 -0.0262756341666655
321 -0.0193780341666656
322 -0.0167307341666656
323 -0.0122720341666658
324 -0.0041186341666655
325 0.0050321658333345
326 0.0196084658333344
327 0.0121806658333345
328 -0.0099155341666655
329 -0.0187356341666658
330 -0.0170674341666657
331 -0.0148064341666658
332 -0.0223381341666657
333 -0.0315746341666658
334 -0.0335476341666658
335 -0.0172446341666657
336 0.0126500658333342
337 0.0336799658333344
338 0.0400675658333345
339 0.0513151658333344
340 0.0649653658333342
341 0.0601312658333342
342 0.0342846658333342
343 0.0052180658333345
344 -0.0121590341666655
345 -0.0220868341666658
346 -0.0325303341666658
347 -0.0355256341666657
348 -0.0348879341666657
349 -0.0376177341666657
350 -0.0431239341666658
351 -0.0562912341666655
352 -0.0672615341666658
353 -0.0679917341666658
354 -0.0545639341666657
355 -0.0441174341666657
356 -0.0574274341666658
357 -0.0723119341666658
358 -0.0669509341666656
359 -0.0518404341666656
360 -0.0370828341666658
361 -0.0227226341666658
362 -0.0151306341666655
363 -0.0110152341666656
364 -0.0121691341666654
365 -0.0114872341666659
366 -0.0133350341666656
367 -0.0138431341666658
368 -0.0243141341666657
369 -0.0252355341666655
370 -0.0099883341666658
371 0.0217910658333342
372 0.0448717658333342
373 0.0468892658333342
374 0.0424785658333344
375 0.0403210658333344
376 0.0307911658333344
377 0.0261434658333344
378 0.0198205658333341
379 0.0117957658333343
380 0.0056656658333343
381 -0.0061691341666656
382 -0.0216354341666656
383 -0.0387823341666658
384 -0.0490647341666657
385 -0.0632825341666656
386 -0.0796765341666656
387 -0.0871335341666657
388 -0.0888903341666656
389 -0.0897151341666658
390 -0.0885323341666657
391 -0.0894597341666659
392 -0.0911998341666655
393 -0.0895100341666657
394 -0.0843417341666655
395 -0.0849540341666657
396 -0.0894402341666658
397 -0.0879344341666655
398 -0.0799713341666655
399 -0.0801886341666656
400 -0.0884175341666658
401 -0.0936200341666655
402 -0.0845631341666655
403 -0.0701030341666655
404 -0.0592278341666654
405 -0.0448060341666658
406 -0.0418784341666658
407 -0.0511895341666655
408 -0.0610443341666658
409 -0.0557891341666656
410 -0.0441749341666657
411 -0.0322675341666656
412 -0.0182187341666658
413 0.0041358658333341
414 0.0329323658333345
415 0.0535415658333345
416 0.0627602658333344
417 0.0626310658333344
418 0.0504176658333342
419 0.0311416658333346
420 0.0054675658333343
421 -0.0096642341666655
422 -0.0148301341666657
423 -0.0273221341666656
424 -0.0411974341666657
425 -0.0462884341666658
426 -0.0415890341666656
427 -0.0370661341666656
428 -0.0250894341666656
429 -0.0020658341666655
430 0.0058773658333342
431 -0.0099399341666655
432 -0.0341987341666656
433 -0.0552371341666658
434 -0.0683690341666656
435 -0.0708876341666658
436 -0.0732374341666655
437 -0.0737359341666655
438 -0.0704168341666658
439 -0.0553755341666657
440 -0.0399190341666658
441 -0.0331340341666655
442 -0.0353295341666655
443 -0.0397586341666658
444 -0.0453580341666657
445 -0.0477517341666656
446 -0.0442926341666658
447 -0.0390185341666656
448 -0.0406148341666657
449 -0.0440716341666656
450 -0.0465766341666658
451 -0.0463810341666657
452 -0.0423211341666656
453 -0.0292424341666657
454 -0.0148376341666658
455 -0.0050296341666658
456 -0.0022587341666656
457 -0.0024861341666655
458 0.0037461658333342
459 0.0188039658333343
460 0.0448281658333345
461 0.0585428658333345
462 0.0651893658333345
463 0.0646074658333342
464 0.0585728658333342
465 0.0666213658333343
466 0.0844473658333342
467 0.0965434658333342
468 0.1002121658333341
469 0.0966666658333342
470 0.0677707658333344
471 0.0239204658333345
472 -0.0022585341666654
473 -0.0117474341666655
474 -0.0125000341666657
475 -0.0136128341666657
476 -0.0283747341666656
477 -0.0529455341666658
478 -0.0690879341666655
479 -0.0665848341666657
480 -0.0562369341666655
481 -0.0466010341666658
482 -0.0358509341666657
483 -0.0206469341666655
484 -0.0202877341666658
485 -0.0235715341666656
486 -0.0217348341666654
487 -0.0175486341666655
488 -0.0193380341666658
489 -0.0240193341666655
490 -0.0368827341666655
491 -0.0560794341666657
492 -0.0711965341666656
493 -0.0762225341666656
494 -0.0778490341666656
495 -0.0817494341666656
496 -0.0795598341666657
497 -0.0767259341666655
498 -0.0761695341666657
499 -0.0695755341666655
500 -0.0499642341666657
501 -0.0441252341666658
502 -0.0433461341666654
503 -0.0233566341666656
504 0.0070905658333342
505 0.0398879658333344
506 0.0589406658333345
507 0.0528716658333344
508 0.0358379658333345
509 0.0198195658333344
510 0.0045913658333343
511 -0.0167906341666657
512 -0.0354048341666657
513 -0.0346961341666656
514 -0.0358990341666656
515 -0.0439103341666658
516 -0.0429051341666655
517 -0.0322419341666658
518 -0.0232172341666654
519 -0.0153131341666657
520 -0.0131963341666657
521 -0.0329328341666657
522 -0.0626459341666656
523 -0.0776717341666657
524 -0.0762432341666655
525 -0.0641164341666656
526 -0.0522309341666656
527 -0.0367657341666656
528 -0.0224378341666656
529 -0.0126287341666655
530 -0.0063059341666656
531 -0.0004652341666658
532 0.0041996658333345
533 0.0050735658333343
534 0.0109727658333343
535 0.0186566658333343
536 0.0080503658333342
537 -0.0188400341666655
538 -0.0494879341666659
539 -0.0776575341666654
540 -0.0994061341666654
541 -0.1110570341666657
542 -0.1166990341666656
543 -0.1180355341666655
544 -0.1105843341666657
545 -0.0931988341666656
546 -0.0811607341666658
547 -0.0752347341666657
548 -0.0638097341666657
549 -0.0573772341666658
550 -0.0634878341666658
551 -0.0676342341666656
552 -0.0540974341666658
553 -0.0352774341666655
554 -0.0226613341666657
555 -0.0145678341666655
556 -0.0145192341666656
557 -0.0122291341666658
558 -0.0089914341666657
559 0.0068432658333344
560 0.0295341658333346
561 0.0405813658333343
562 0.0438870658333346
563 0.0504440658333345
564 0.0547397658333342
565 0.0485640658333342
566 0.0564917658333344
567 0.0743952658333344
568 0.0783371658333345
569 0.0803290658333342
570 0.0916396658333345
571 0.1052190658333343
572 0.1023012658333342
573 0.0972876658333344
574 0.0895700658333345
575 0.0798002658333345
576 0.0694120658333341
577 0.0564185658333343
578 0.0327440658333344
579 0.0053478658333344
580 -0.0175186341666658
581 -0.0296145341666656
582 -0.0324732341666656
583 -0.0438043341666656
584 -0.0709488341666655
585 -0.1031257341666656
586 -0.1345646341666655
587 -0.1590607341666654
588 -0.1666209341666658
589 -0.1605020341666656
590 -0.1412032341666656
591 -0.1159714341666658
592 -0.0985931341666655
593 -0.0913135341666655
594 -0.0789430341666657
595 -0.0651566341666658
596 -0.0545959341666657
597 -0.0485947341666657
598 -0.0527023341666655
599 -0.0572359341666657
600 -0.0546020341666655
1 0.0129495658333343
2 0.0303761658333346
3 0.0441928658333341
4 0.0606301658333344
5 0.0752000658333345
6 0.0827475658333343
7 0.0789196658333342
8 0.0613779658333344
9 0.0503064658333345
10 0.0414974658333342
11 0.0277020658333345
12 0.0115020658333345
13 -0.0064642341666659
14 -0.0248859341666656
15 -0.0333856341666658
16 -0.0278387341666657
17 -0.0144104341666655
18 -0.0071627341666658
19 -0.0059512341666657
20 -0.0038586341666655
21 0.0084153658333346
22 0.0127471658333342
23 0.0163036658333344
24 0.0070958658333344
25 -0.0127424341666655
26 -0.0292067341666655
27 -0.0461469341666656
28 -0.0589234341666658
29 -0.0567365341666655
30 -0.0467234341666658
31 -0.0397365341666656
32 -0.0397174341666657
33 -0.0335988341666655
34 -0.0274660341666655
35 -0.0395207341666657
36 -0.0638013341666657
37 -0.0705593341666657
38 -0.0715523341666655
39 -0.0791680341666656
40 -0.0811836341666656
41 -0.0699363341666657
42 -0.0481570341666657
43 -0.0195026341666655
44 0.0058625658333344
45 0.0225539658333345
46 0.0318300658333341
47 0.0479273658333343
48 0.0773958658333345
49 0.1183132658333346
50 0.1514326658333345
51 0.1690356658333343
52 0.1571195658333342
53 0.1193407658333343
54 0.0786824658333343
55 0.0427125658333343
56 0.0091214658333345
57 -0.0292713341666655
58 -0.0568144341666654
59 -0.0577735341666656
60 -0.0462419341666656
61 -0.0377899341666654
62 -0.0271782341666658
63 -0.0084816341666656
64 0.0150557658333343
65 0.0308190658333345
66 0.0412729658333344
67 0.0413409658333346
68 0.0257090658333343
69 0.0082487658333346
70 -0.0011718341666658
71 0.0038491658333344
72 0.0045347658333346
73 -0.0028317341666657
74 -0.0150547341666658
75 -0.0260946341666655
76 -0.0416053341666656
77 -0.0553578341666658
78 -0.0684755341666659
79 -0.0779163341666655
80 -0.0869957341666656
81 -0.0836347341666657
82 -0.0739761341666658
83 -0.0770659341666655
84 -0.0804716341666656
85 -0.0753194341666656
86 -0.0596456341666656
87 -0.0480644341666658
88 -0.0399838341666658
89 -0.0249944341666657
90 -0.0107291341666658
91 -0.0077558341666655
92 -0.0158230341666656
93 -0.0214221341666656
94 -0.0174826341666656
95 -0.0004413341666658
96 0.0217023658333342
97 0.0371345658333344
98 0.0448324658333346
99 0.0403748658333343
100 0.0219799658333342
101 0.0066575658333345
102 0.0008666658333345
103 -0.0059451341666654
104 -0.0188214341666657
105 -0.0301808341666656
106 -0.0449835341666658
107 -0.0587856341666657
108 -0.0638512341666657
109 -0.0603895341666658
110 -0.0586247341666657
111 -0.0534614341666657
112 -0.0508969341666656
113 -0.0574369341666658
114 -0.0599370341666656
115 -0.0475876341666654
116 -0.0282055341666658
117 -0.0041207341666656
118 0.0164687658333342
119 0.0252264658333345
120 0.0315620658333344
121 0.0472334658333344
122 0.0680765658333344
123 0.0853406658333342
124 0.0936994658333345
125 0.1036533658333343
126 0.1113205658333345
127 0.1092735658333344
128 0.1016221658333345
129 0.0982726658333344
130 0.0978082658333346
131 0.0925082658333345
132 0.0817078658333346
133 0.0763769658333344
134 0.0757922658333343
135 0.0684504658333345
136 0.0478526658333345
137 0.0349951658333345
138 0.0404896658333342
139 0.0417554658333343
140 0.0530243658333345
141 0.0762706658333343
142 0.0995425658333344
143 0.1085868658333342
144 0.1053240658333343
145 0.1048215658333342
146 0.1077018658333344
147 0.1076009658333343
148 0.1046419658333342
149 0.1015063658333344
150 0.0910200658333342
151 0.0834848658333343
152 0.0800843658333346
153 0.0830247658333345
154 0.0859335658333342
155 0.0849048658333342
156 0.0894822658333343
157 0.0916907658333344
158 0.0859705658333345
159 0.0747990658333344
160 0.0641032658333343
161 0.0478151658333346
162 0.0339793658333343
163 0.0224439658333342
164 0.0142352658333342
165 0.0050072658333344
166 -0.0088080341666656
167 -0.0158884341666656
168 0.0001633658333344
169 0.0166823658333342
170 0.0205702658333342
171 0.0248036658333342
172 0.0383154658333344
173 0.0644634658333345
174 0.0961326658333346
175 0.1308181658333343
176 0.1627047658333343
177 0.1804135658333346
178 0.1848791658333342
179 0.1835686658333344
180 0.1663147658333344
181 0.1330792658333344
182 0.0995139658333342
183 0.0757036658333345
184 0.0623795658333344
185 0.0460958658333341
186 0.0360996658333343
187 0.0371446658333343
188 0.0455117658333344
189 0.0595846658333343
190 0.0813411658333343
191 0.0869912658333343
192 0.0930194658333345
193 0.0935527658333344
194 0.0734411658333345
195 0.0364174658333343
196 0.0033133658333342
197 -0.0117892341666654
198 -0.0186061341666655
199 -0.0218048341666655
200 -0.0320900341666657
201 -0.0396258341666655
202 -0.0356546341666655
203 -0.0217499341666656
204 -0.0012186341666656
205 0.0243818658333343
206 0.0389191658333345
207 0.0383436658333345
208 0.0370038658333343
209 0.0358203658333345
210 0.0303676658333343
211 0.0257547658333341
212 0.0295229658333342
213 0.0308169658333344
214 0.0316102658333342
215 0.0338247658333342
216 0.0191054658333343
217 0.0060507658333342
218 -0.0113494341666658
219 -0.0281324341666656
220 -0.0362626341666656
221 -0.0386699341666654
222 -0.0267637341666656
223 -0.0096673341666658
224 -0.0064631341666654
225 -0.0056323341666658
226 0.0026595658333344
227 0.0015191658333342
228 -0.0092843341666655
229 -0.0094375341666657
230 -0.0003440341666656
231 0.0037049658333346
232 -0.0064821341666654
233 -0.0315671341666657
234 -0.0524501341666657
235 -0.0654528341666656
236 -0.0695174341666656
237 -0.0616752341666658
238 -0.0502896341666657
239 -0.0416911341666655
240 -0.0455704341666658
241 -0.0468522341666655
242 -0.0422579341666656
243 -0.0303517341666657
244 -0.0113838341666654
245 0.0096976658333343
246 0.0253082658333343
247 0.0256023658333344
248 0.0124802658333345
249 -0.0114064341666658
250 -0.0219004341666658
251 -0.0225771341666658
252 -0.0379890341666655
253 -0.0586047341666656
254 -0.0739654341666656
255 -0.0820148341666656
256 -0.0843938341666655
257 -0.0787761341666657
258 -0.0741698341666654
259 -0.0724877341666654
260 -0.0608004341666657
261 -0.0396234341666655
262 -0.0231845341666657
263 -0.0205868341666657
264 -0.0243049341666657
265 -0.0187167341666656
266 0.0070980658333344
267 0.0360048658333345
268 0.0478540658333344
269 0.0386481658333344
270 0.0242416658333342
271 0.0212979658333343
272 0.0166385658333343
273 0.0071989658333345
274 -0.0025221341666657
275 0.0073747658333345
276 0.0296561658333343
277 0.0460556658333342
278 0.0657393658333345
279 0.0812866658333342
280 0.0724238658333345
281 0.0447829658333343
282 0.0144351658333344
283 -0.0031329341666657
284 -0.0083952341666658
285 -0.0100107341666655
286 -0.0221515341666656
287 -0.0352956341666655
288 -0.0429070341666655
289 -0.0398529341666656
290 -0.0363153341666655
291 -0.0201414341666655
292 0.0096490658333344
293 0.0362232658333346
294 0.0409924658333343
295 0.0321966658333341
296 0.0322310658333342
297 0.0299401658333345
298 0.0218208658333343
299 0.0192403658333342
300 0.0227634658333344
301 0.0294566658333344
302 0.0407073658333346
303 0.0455399658333344
304 0.0412304658333342
305 0.0272311658333342
306 0.0215945658333343
307 0.0223794658333345
308 0.0231914658333343
309 0.0144258658333345
310 0.0028422658333342
311 0.0035662658333342
312 0.0111449658333345
313 0.0176986658333345
314 0.0335262658333342
315 0.0598009658333343
316 0.0892097658333344
317 0.1085900658333343
318 0.1050617658333342
319 0.0859760658333344
320 0.0759367658333345
321 0.0665005658333344
322 0.0610963658333343
323 0.0484578658333343
324 0.0300725658333345
325 0.0203373658333343
326 0.0260570658333346
327 0.0327245658333344
328 0.0259406658333345
329 0.0113658658333344
330 0.0068426658333345
331 0.0070265658333342
332 0.0034562658333344
333 -0.0033879341666658
334 -0.0084363341666656
335 -0.0029056341666656
336 0.0080658658333346
337 0.0220168658333342
338 0.0368455658333344
339 0.0458063658333345
340 0.0579287658333345
341 0.0665322658333345
342 0.0727984658333343
343 0.0658457658333345
344 0.0504884658333342
345 0.0229709658333346
346 0.0022222658333342
347 0.0068751658333341
348 0.0101048658333345
349 -0.0007915341666656
350 -0.0066067341666658
351 0.0022886658333343
352 0.0072546658333343
353 0.0072702658333346
354 0.0101382658333344
355 0.0244812658333342
356 0.0357551658333342
357 0.0154543658333344
358 -0.0214231341666657
359 -0.0486125341666654
360 -0.0619352341666657
361 -0.0633946341666656
362 -0.0630628341666655
363 -0.0638258341666655
364 -0.0668346341666655
365 -0.0582245341666656
366 -0.0431440341666658
367 -0.0307750341666657
368 -0.0101199341666658
369 0.0103730658333343
370 0.0178273658333343
371 0.0101702658333345
372 0.0042836658333343
373 0.0026142658333344
374 0.0064775658333343
375 0.0054377658333342
376 -0.0072504341666657
377 -0.0199551341666657
378 -0.0210644341666657
379 -0.0119309341666658
380 0.0033481658333345
381 0.0076326658333343
382 0.0054130658333342
383 0.0244125658333343
384 0.0436291658333343
385 0.0386471658333343
386 0.0170562658333342
387 -0.0075064341666655
388 -0.0278757341666656
389 -0.0391976341666656
390 -0.0487001341666655
391 -0.0524226341666658
392 -0.0537359341666654
393 -0.0558586341666656
394 -0.0531703341666656
395 -0.0441526341666658
396 -0.0343918341666658
397 -0.0204283341666658
398 -0.0125738341666657
399 -0.0234613341666656
400 -0.0475380341666658
401 -0.0771581341666656
402 -0.0988459341666656
403 -0.1025788341666658
404 -0.0863389341666658
405 -0.0617167341666658
406 -0.0349771341666658
407 -0.0237334341666657
408 -0.0364322341666656
409 -0.0563724341666658
410 -0.0717518341666659
411 -0.0794124341666658
412 -0.0765307341666657
413 -0.0632163341666656
414 -0.0416641341666657
415 -0.0284774341666658
416 -0.0179656341666656
417 -0.0065186341666656
418 0.0064200658333342
419 0.0223607658333345
420 0.0343878658333345
421 0.0433089658333343
422 0.0513716658333343
423 0.0539324658333342
424 0.0526023658333346
425 0.0446116658333344
426 0.0458474658333343
427 0.0577468658333342
428 0.0622384658333344
429 0.0525446658333344
430 0.0479509658333344
431 0.0453457658333343
432 0.0329197658333342
433 0.0202366658333344
434 0.0107463658333344
435 0.0019277658333343
436 0.0014053658333344
437 0.0049408658333343
438 0.0085809658333345
439 0.0055662658333344
440 0.0062518658333341
441 0.0185333658333344
442 0.0291079658333344
443 0.0291650658333342
444 0.0218872658333344
445 0.0109231658333342
446 0.0039806658333346
447 -0.0044438341666657
448 -0.0170849341666655
449 -0.0272930341666657
450 -0.0305883341666657
451 -0.0322923341666654
452 -0.0290596341666656
453 -0.0183087341666655
454 0.0051737658333342
455 0.0348693658333343
456 0.0567752658333345
457 0.0652088658333345
458 0.0620903658333343
459 0.0602821658333346
460 0.0714551658333344
461 0.0959872658333345
462 0.1175353658333345
463 0.1199839658333341
464 0.1027788658333342
465 0.0756531658333341
466 0.0540684658333346
467 0.0485887658333342
468 0.0537166658333343
469 0.0634683658333342
470 0.0683459658333345
471 0.0637611658333346
472 0.0560927658333346
473 0.0542960658333342
474 0.0665073658333344
475 0.0948972658333345
476 0.1317185658333342
477 0.1651331658333342
478 0.1800618658333342
479 0.1869220658333344
480 0.1912249658333343
481 0.1944324658333345
482 0.2033421658333343
483 0.1869573658333343
484 0.1511313658333342
485 0.1164994658333343
486 0.0914601658333343
487 0.0769361658333345
488 0.0644663658333342
489 0.0607527658333344
490 0.0518004658333342
491 0.0302834658333344
492 0.0144112658333344
493 0.0176327658333344
494 0.0320423658333344
495 0.0579033658333343
496 0.0798995658333346
497 0.0790329658333344
498 0.0652882658333342
499 0.0394179658333345
500 0.0191435658333345
501 0.0097233658333344
502 0.0051025658333343
503 0.0077198658333342
504 0.0115700658333342
505 0.0174845658333345
506 0.0249160658333345
507 0.0269700658333343
508 0.0268964658333344
509 0.0267958658333343
510 0.0273343658333345
511 0.0201745658333343
512 0.0068432658333344
513 0.0005759658333342
514 0.0003929658333344
515 0.0094053658333344
516 0.0162966658333343
517 0.0140291658333345
518 0.0165977658333345
519 0.0160343658333342
520 0.0125209658333345
521 0.0060420658333342
522 0.0009801658333344
523 -0.0008295341666655
524 0.0132552658333345
525 0.0482753658333341
526 0.0855934658333344
527 0.1103850658333343
528 0.1244120658333343
529 0.1375795658333345
530 0.1465483658333344
531 0.1493298658333342
532 0.1634780658333344
533 0.1704747658333345
534 0.1493860658333341
535 0.1194725658333344
536 0.0944554658333345
537 0.0658983658333345
538 0.0377410658333344
539 0.0191485658333344
540 0.0078573658333343
541 0.0043110658333343
542 -0.0023438341666657
543 -0.0158567341666656
544 -0.0310118341666659
545 -0.0322178341666657
546 -0.0286669341666657
547 -0.0264918341666656
548 -0.0226439341666658
549 -0.0165713341666658
550 -0.0086189341666656
551 0.0056912658333346
552 0.0208832658333344
553 0.0281752658333345
554 0.0266360658333342
555 0.0235758658333345
556 0.0201155658333345
557 0.0213010658333346
558 0.0105250658333342
559 0.0022502658333345
560 0.0071653658333344
561 0.0132915658333346
562 0.0124376658333345
563 0.0145965658333345
564 0.0217221658333342
565 0.0253889658333342
566 0.0332720658333345
567 0.0543429658333343
568 0.0767809658333345
569 0.1001138658333343
570 0.1112809658333345
571 0.1215604658333342
572 0.1392498658333343
573 0.1393101658333342
574 0.1110652658333344
575 0.0670032658333342
576 0.0178632658333342
577 -0.0174072341666656
578 -0.0296411341666656
579 -0.0257834341666658
580 -0.0120726341666657
581 0.0022565658333344
582 0.0205335658333343
583 0.0316044658333343
584 0.0359436658333343
585 0.0239378658333345
586 0.0160405658333342
587 0.0175724658333345
588 0.0109397658333346
589 0.0078590658333342
590 0.0122942658333343
591 0.0152767658333341
592 0.0083698658333344
593 -0.0041078341666658
594 -0.0034288341666655
595 0.0080342658333343
596 0.0191673658333342
597 0.0131263658333345
598 -0.0028094341666658
599 -0.0074640341666656
600 0.0048976658333344
1 -0.0497003341666655
2 -0.0388897341666659
3 -0.0365826341666655
4 -0.0296995341666655
5 -0.0161195341666658
6 -0.0017193341666655
7 0.0094403658333344
8 0.0121091658333343
9 0.0123934658333344
10 0.0188961658333344
11 0.0291483658333345
12 0.0347771658333342
13 0.0319020658333344
14 0.0277470658333345
15 0.0279803658333342
16 0.0358034658333342
17 0.0491062658333346
18 0.0648252658333344
19 0.0729757658333345
20 0.0696532658333342
21 0.0687740658333342
22 0.0588454658333344
23 0.0371838658333346
24 0.0057602658333344
25 -0.0154787341666656
26 -0.0249589341666656
27 -0.0338719341666658
28 -0.0400022341666655
29 -0.0406552341666657
30 -0.0376803341666658
31 -0.0387375341666658
32 -0.0335208341666657
33 -0.0351834341666657
34 -0.0430850341666655
35 -0.0430620341666654
36 -0.0329541341666655
37 -0.0187361341666659
38 -0.0070179341666656
39 0.0042505658333343
40 0.0058547658333343
41 0.0038653658333345
42 0.0061159658333345
43 0.0166894658333345
44 0.0072336658333345
45 -0.0159027341666658
46 -0.0347912341666659
47 -0.0537048341666657
48 -0.0639945341666657
49 -0.0593585341666656
50 -0.0425285341666655
51 -0.0250738341666654
52 -0.0164422341666657
53 -0.0163000341666657
54 -0.0267484341666657
55 -0.0341742341666658
56 -0.0408518341666655
57 -0.0494552341666656
58 -0.0536102341666655
59 -0.0532602341666655
60 -0.0639880341666657
61 -0.0816705341666655
62 -0.0871702341666656
63 -0.0890494341666654
64 -0.0921788341666656
65 -0.0812688341666656
66 -0.0623987341666656
67 -0.0459653341666657
68 -0.0401803341666658
69 -0.0434018341666658
70 -0.0509055341666658
71 -0.0412027341666654
72 -0.0195213341666656
73 0.0037266658333341
74 0.0228056658333342
75 0.0299085658333342
76 0.0211152658333345
77 0.0084704658333346
78 -0.0015351341666658
79 -0.0057394341666654
80 -0.0053327341666658
81 -0.0117048341666655
82 -0.0138967341666656
83 -0.0075417341666655
84 -0.0079181341666654
85 -0.0069465341666657
86 0.0015902658333342
87 0.0099357658333346
88 0.0136998658333343
89 0.0171157658333345
90 0.0228206658333345
91 0.0236958658333344
92 0.0240547658333345
93 0.0171486658333344
94 0.0147203658333344
95 0.0210805658333344
96 0.0225508658333342
97 0.0164661658333345
98 0.0140957658333343
99 0.0208609658333345
100 0.0261958658333343
101 0.0224440658333345
102 0.0202834658333342
103 0.0269222658333343
104 0.0396400658333342
105 0.0511581658333342
106 0.0567905658333343
107 0.0520561658333345
108 0.0392358658333345
109 0.0233096658333345
110 0.0093891658333343
111 0.0064146658333342
112 0.0064670658333346
113 0.0011990658333345
114 -0.0009464341666656
115 0.0044636658333346
116 0.0031545658333343
117 -0.0033233341666659
118 -0.0044817341666659
119 -0.0024330341666658
120 -0.0094620341666656
121 -0.0162246341666656
122 -0.0282170341666657
123 -0.0386785341666656
124 -0.0444135341666656
125 -0.0516575341666656
126 -0.0549997341666657
127 -0.0606877341666658
128 -0.0632168341666657
129 -0.0575434341666656
130 -0.0477770341666655
131 -0.0413416341666655
132 -0.0339873341666657
133 -0.0348141341666657
134 -0.0353632341666654
135 -0.0398210341666658
136 -0.0461259341666658
137 -0.0481638341666657
138 -0.0475072341666656
139 -0.0452174341666658
140 -0.0468687341666656
141 -0.0511942341666658
142 -0.0575767341666658
143 -0.0692067341666656
144 -0.0828372341666657
145 -0.0920607341666657
146 -0.0901845341666658
147 -0.0826032341666658
148 -0.0625843341666656
149 -0.0402522341666658
150 -0.0310679341666655
151 -0.0291850341666655
152 -0.0196116341666657
153 -0.0074131341666654
154 -0.0040404341666656
155 -0.0048654341666658
156 -0.0092699341666655
157 -0.0159075341666655
158 -0.0326935341666656
159 -0.0491446341666655
160 -0.0507634341666656
161 -0.0346156341666655
162 -0.0175489341666655
163 -0.0034818341666658
164 0.0097304658333344
165 0.0237626658333343
166 0.0350009658333343
167 0.0297888658333343
168 0.0080049658333343
169 -0.0219837341666658
170 -0.0515553341666655
171 -0.0716133341666656
172 -0.0865313341666658
173 -0.0885028341666656
174 -0.0804450341666656
175 -0.0718996341666656
176 -0.0827503341666658
177 -0.0912939341666656
178 -0.0821996341666655
179 -0.0617530341666654
180 -0.0485021341666658
181 -0.0625178341666657
182 -0.0978944341666654
183 -0.1215141341666657
184 -0.1207939341666657
185 -0.1177924341666658
186 -0.1208350341666655
187 -0.1187338341666657
188 -0.1080542341666657
189 -0.1028040341666658
190 -0.0935020341666655
191 -0.0791079341666658
192 -0.0600106341666655
193 -0.0402056341666657
194 -0.0226052341666656
195 -0.0119872341666656
196 0.0053867658333342
197 0.0338015658333344
198 0.0719589658333342
199 0.0976658658333345
200 0.1105540658333344
201 0.1171706658333345
202 0.1082854658333345
203 0.0877591658333343
204 0.0658603658333345
205 0.0492812658333341
206 0.0389970658333345
207 0.0403693658333344
208 0.0526117658333343
209 0.0620890658333342
210 0.0663111658333344
211 0.0644325658333345
212 0.0567554658333345
213 0.0572533658333345
214 0.0533174658333344
215 0.0363291658333345
216 0.0132861658333345
217 -0.0053117341666655
218 -0.0157263341666658
219 -0.0344673341666657
220 -0.0602220341666655
221 -0.0843586341666658
222 -0.1009871341666657
223 -0.1095286341666655
224 -0.1119403341666656
225 -0.1103922341666657
226 -0.1031175341666657
227 -0.0880465341666659
228 -0.0656013341666655
229 -0.0415409341666657
230 -0.0311064341666656
231 -0.0358933341666656
232 -0.0433820341666658
233 -0.0385719341666655
234 -0.0214284341666655
235 -0.0054321341666657
236 -0.0014943341666656
237 -0.0037969341666657
238 -0.0045356341666656
239 -0.0003561341666658
240 -0.0042610341666656
241 -0.0164174341666659
242 -0.0234921341666658
243 -0.0206244341666655
244 -0.0120150341666658
245 -0.0073468341666656
246 -0.0094046341666658
247 -0.0136426341666658
248 -0.0209969341666656
249 -0.0321659341666658
250 -0.0442290341666656
251 -0.0546500341666656
252 -0.0632396341666657
253 -0.0580029341666655
254 -0.0389710341666656
255 -0.0185013341666656
256 -0.0101692341666655
257 -0.0121407341666657
258 -0.0107366341666655
259 -0.0065963341666655
260 0.0015153658333342
261 0.0141476658333342
262 0.0311429658333342
263 0.0426483658333345
264 0.0430896658333344
265 0.0368557658333342
266 0.0344395658333343
267 0.0303690658333342
268 0.0340964658333345
269 0.0482041658333343
270 0.0527730658333345
271 0.0485581658333345
272 0.0499573658333343
273 0.0589853658333346
274 0.0780844658333342
275 0.1032193658333345
276 0.1165359658333345
277 0.1138696658333345
278 0.1086760658333343
279 0.1046555658333346
280 0.1054176658333343
281 0.0930544658333345
282 0.0663540658333344
283 0.0512289658333343
284 0.0476362658333342
285 0.0409411658333343
286 0.0300165658333342
287 0.0261124658333345
288 0.0107339658333343
289 -0.0150352341666657
290 -0.0345439341666656
291 -0.0396507341666656
292 -0.0468685341666655
293 -0.0534224341666656
294 -0.0542935341666655
295 -0.0495035341666656
296 -0.0375153341666659
297 -0.0279191341666656
298 -0.0240980341666654
299 -0.0195428341666655
300 -0.0193966341666658
301 -0.0213924341666658
302 -0.0191520341666656
303 -0.0073436341666655
304 0.0011936658333345
305 -0.0040486341666655
306 -0.0159089341666658
307 -0.0291813341666658
308 -0.0374028341666657
309 -0.0470476341666655
310 -0.0577681341666656
311 -0.0650713341666656
312 -0.0669178341666656
313 -0.0696668341666657
314 -0.0673855341666658
315 -0.0608563341666657
316 -0.0554544341666658
317 -0.0424749341666657
318 -0.0269580341666655
319 -0.0204272341666658
320 -0.0139833341666655
321 -0.0085048341666658
322 -0.0104668341666656
323 -0.0061211341666656
324 0.0057568658333342
325 0.0277430658333344
326 0.0475072658333344
327 0.0567936658333346
328 0.0707747658333342
329 0.0870590658333343
330 0.0961874658333342
331 0.1023264658333343
332 0.0944297658333344
333 0.0658798658333342
334 0.0448943658333345
335 0.0460382658333343
336 0.0449094658333342
337 0.0358840658333341
338 0.0237702658333343
339 0.0189386658333341
340 0.0223052658333343
341 0.0304335658333343
342 0.0258127658333343
343 0.0154153658333342
344 0.0081057658333346
345 -0.0047495341666655
346 -0.0251809341666656
347 -0.0461960341666656
348 -0.0699727341666656
349 -0.0943632341666656
350 -0.1047856341666655
351 -0.0901330341666657
352 -0.0618543341666657
353 -0.0396905341666658
354 -0.0209140341666658
355 -0.0145641341666658
356 -0.0166734341666657
357 -0.0214258341666658
358 -0.0350501341666658
359 -0.0523589341666657
360 -0.0704991341666656
361 -0.0880637341666657
362 -0.1046510341666655
363 -0.1138335341666656
364 -0.1170289341666657
365 -0.1182449341666656
366 -0.1147989341666658
367 -0.1103497341666655
368 -0.1117055341666657
369 -0.1131430341666655
370 -0.0960073341666656
371 -0.0775050341666654
372 -0.0710660341666656
373 -0.0577674341666659
374 -0.0345454341666658
375 -0.0114291341666655
376 0.0081221658333344
377 0.0295871658333344
378 0.0430788658333343
379 0.0536795658333342
380 0.0573729658333342
381 0.0456181658333343
382 0.0379123658333342
383 0.0262516658333345
384 0.0107828658333342
385 -0.0013432341666655
386 -0.0188595341666655
387 -0.0450609341666657
388 -0.0642193341666655
389 -0.0606381341666657
390 -0.0465046341666655
391 -0.0228496341666657
392 0.0058548658333342
393 0.0379499658333344
394 0.0577248658333342
395 0.0647521658333345
396 0.0855239658333344
397 0.1111549658333342
398 0.1209623658333343
399 0.1170659658333344
400 0.1052160658333343
401 0.0842799658333342
402 0.0691627658333345
403 0.0676183658333342
404 0.0663892658333345
405 0.0592617658333343
406 0.0474362658333343
407 0.0310301658333345
408 0.0119581658333345
409 -0.0116991341666655
410 -0.0236963341666656
411 -0.0201817341666657
412 -0.0162527341666658
413 -0.0169936341666657
414 -0.0252356341666657
415 -0.0482458341666656
416 -0.0621820341666655
417 -0.0590428341666658
418 -0.0446783341666657
419 -0.0204705341666656
420 0.0072068658333344
421 0.0327656658333342
422 0.0505865658333344
423 0.0558471658333342
424 0.0450325658333344
425 0.0351417658333344
426 0.0309962658333345
427 0.0312553658333345
428 0.0229893658333342
429 0.0153737658333344
430 0.0082147658333342
431 0.0019572658333344
432 0.0092103658333342
433 0.0181983658333342
434 0.0066783658333343
435 -0.0093252341666656
436 -0.0059184341666656
437 0.0085862658333342
438 0.0155756658333344
439 0.0153855658333342
440 0.0136788658333344
441 0.0200691658333345
442 0.0326577658333345
443 0.0432044658333344
444 0.0542693658333344
445 0.0532856658333345
446 0.0412332658333345
447 0.0280599658333345
448 0.0266144658333345
449 0.0244653658333345
450 0.0232834658333343
451 0.0208192658333344
452 0.0211257658333341
453 0.0253422658333342
454 0.0243049658333345
455 0.0187634658333344
456 0.0030326658333344
457 -0.0135514341666658
458 -0.0377438341666658
459 -0.0629721341666656
460 -0.0799860341666658
461 -0.0799254341666655
462 -0.0612108341666655
463 -0.0415130341666656
464 -0.0362666341666658
465 -0.0454977341666658
466 -0.0471863341666658
467 -0.0458531341666655
468 -0.0389059341666655
469 -0.0287390341666658
470 -0.0145049341666654
471 0.0036937658333343
472 0.0247921658333343
473 0.0347454658333342
474 0.0292876658333343
475 0.0098470658333345
476 -0.0109263341666654
477 -0.0270143341666658
478 -0.0354489341666655
479 -0.0451460341666658
480 -0.0549403341666657
481 -0.0642017341666659
482 -0.0773745341666658
483 -0.0788041341666657
484 -0.0688110341666657
485 -0.0631892341666656
486 -0.0742748341666655
487 -0.0800444341666657
488 -0.0794680341666658
489 -0.0760173341666657
490 -0.0685887341666658
491 -0.0574198341666659
492 -0.0480397341666658
493 -0.0370636341666657
494 -0.0370169341666657
495 -0.0483878341666655
496 -0.0551583341666655
497 -0.0518250341666655
498 -0.0509861341666658
499 -0.0534325341666655
500 -0.0456910341666656
501 -0.0332832341666656
502 -0.0406812341666658
503 -0.0609466341666658
504 -0.0756135341666657
505 -0.0802688341666657
506 -0.0751731341666657
507 -0.0727176341666658
508 -0.0711360341666656
509 -0.0699586341666656
510 -0.0641141341666658
511 -0.0599756341666655
512 -0.0675429341666658
513 -0.0731012341666655
514 -0.0664497341666657
515 -0.0469781341666655
516 -0.0201847341666657
517 0.0045011658333345
518 0.0211671658333343
519 0.0293372658333344
520 0.0379582658333342
521 0.0373503658333343
522 0.0271391658333342
523 0.0092197658333344
524 -0.0081241341666658
525 -0.0144265341666658
526 -0.0113304341666658
527 -0.0040240341666657
528 0.0045456658333345
529 0.0167134658333343
530 0.0393333658333344
531 0.0564952658333344
532 0.0520636658333342
533 0.0366677658333345
534 0.0245515658333342
535 0.0143872658333342
536 0.0017890658333344
537 -0.0234683341666657
538 -0.0511998341666655
539 -0.0626748341666659
540 -0.0626838341666658
541 -0.0561649341666657
542 -0.0611537341666657
543 -0.0689956341666655
544 -0.0700685341666656
545 -0.0566524341666654
546 -0.0579585341666657
547 -0.0654340341666657
548 -0.0819680341666658
549 -0.1014196341666658
550 -0.1069204341666659
551 -0.0856949341666655
552 -0.0644986341666658
553 -0.0540452341666655
554 -0.0412004341666656
555 -0.0259494341666655
556 -0.0106972341666656
557 0.0139201658333343
558 0.0404415658333344
559 0.0526045658333345
560 0.0620922658333343
561 0.0742774658333345
562 0.0826995658333343
563 0.0866217658333341
564 0.0717492658333345
565 0.0441467658333345
566 0.0237969658333346
567 0.0055302658333343
568 -0.0055119341666656
569 -0.0218101341666657
570 -0.0471390341666655
571 -0.0705668341666654
572 -0.0843913341666656
573 -0.0942790341666657
574 -0.1043252341666658
575 -0.1091938341666658
576 -0.1099905341666658
577 -0.1116091341666658
578 -0.1207562341666657
579 -0.1253358341666657
580 -0.1176284341666656
581 -0.1085382341666659
582 -0.0952618341666658
583 -0.0796345341666655
584 -0.0736276341666655
585 -0.0728093341666658
586 -0.0698188341666657
587 -0.0520627341666655
588 -0.0234262341666658
589 -0.0003022341666656
590 0.0192950658333344
591 0.0207412658333346
592 0.0068294658333343
593 -0.0239480341666658
594 -0.0468409341666658
595 -0.0544969341666657
596 -0.0558650341666658
597 -0.0547528341666657
598 -0.0458117341666657
599 -0.0289991341666656
600 -0.0162699341666657
1 -0.0632248341666655
2 -0.0814508341666658
3 -0.0834489341666655
4 -0.0819896341666655
5 -0.0865327341666657
6 -0.0962978341666658
7 -0.0971475341666657
8 -0.0947807341666658
9 -0.0799456341666658
10 -0.0565665341666657
11 -0.0242664341666656
12 0.0125978658333343
13 0.0541093658333343
14 0.0911303658333344
15 0.1124863658333344
16 0.1280926658333343
17 0.1361392658333345
18 0.1370246658333345
19 0.1347222658333345
20 0.1235717658333342
21 0.1225294658333342
22 0.1164150658333343
23 0.0902828658333346
24 0.0484132658333345
25 0.0149049658333342
26 -0.0005567341666657
27 -0.0135517341666658
28 -0.0345670341666655
29 -0.0567291341666656
30 -0.0640711341666655
31 -0.0494975341666657
32 -0.0376049341666658
33 -0.0503732341666656
34 -0.0713625341666657
35 -0.0843171341666658
36 -0.0837546341666657
37 -0.0753775341666656
38 -0.0617139341666655
39 -0.0426739341666655
40 -0.0205653341666658
41 -0.0011317341666657
42 0.0131022658333344
43 0.0292566658333344
44 0.0400034658333341
45 0.0315413658333346
46 0.0140493658333343
47 -0.0034661341666657
48 -0.0230757341666656
49 -0.0420092341666658
50 -0.0497952341666656
51 -0.0473751341666655
52 -0.0449231341666656
53 -0.0386078341666658
54 -0.0252425341666656
55 -0.0170275341666657
56 -0.0150367341666655
57 -0.0139384341666657
58 -0.0146651341666657
59 0.0005580658333342
60 0.0337811658333345
61 0.0761784658333342
62 0.1128421658333343
63 0.1359753658333345
64 0.1465916658333342
65 0.1438054658333345
66 0.1325471658333344
67 0.1154911658333342
68 0.0965206658333342
69 0.0848941658333344
70 0.0744121658333343
71 0.0656933658333343
72 0.0674929658333343
73 0.0666320658333341
74 0.0605388658333346
75 0.0485516658333345
76 0.0309961658333342
77 0.0193343658333345
78 0.0156031658333342
79 0.0016392658333344
80 -0.0245766341666656
81 -0.0492649341666658
82 -0.0593292341666656
83 -0.0631393341666655
84 -0.0653565341666655
85 -0.0571289341666654
86 -0.0463683341666656
87 -0.0477171341666658
88 -0.0613068341666656
89 -0.0599636341666656
90 -0.0462141341666658
91 -0.0457958341666655
92 -0.0475338341666656
93 -0.0390714341666656
94 -0.0336012341666656
95 -0.0257074341666654
96 -0.0152548341666656
97 -0.0001327341666655
98 0.0137426658333344
99 0.0194465658333343
100 0.0085064658333343
101 -0.0210726341666656
102 -0.0565187341666658
103 -0.0813339341666657
104 -0.1050067341666656
105 -0.1308311341666655
106 -0.1540660341666658
107 -0.1639976341666656
108 -0.1576600341666659
109 -0.1360740341666657
110 -0.1134475341666654
111 -0.0893947341666657
112 -0.0686478341666654
113 -0.0508094341666658
114 -0.0370155341666658
115 -0.0329053341666659
116 -0.0427134341666657
117 -0.0452591341666655
118 -0.0417199341666659
119 -0.0410897341666656
120 -0.0371019341666656
121 -0.0370103341666654
122 -0.0372028341666657
123 -0.0341313341666658
124 -0.0226113341666658
125 -0.0261610341666656
126 -0.0388433341666659
127 -0.0445425341666654
128 -0.0400110341666657
129 -0.0305978341666657
130 -0.0291383341666656
131 -0.0217889341666657
132 0.0040390658333345
133 0.0328459658333342
134 0.0586436658333342
135 0.0813102658333342
136 0.0950713658333342
137 0.0939646658333344
138 0.0761775658333343
139 0.0515937658333345
140 0.0288170658333344
141 0.0190471658333342
142 0.0100086658333343
143 -0.0108012341666655
144 -0.0346103341666657
145 -0.0570765341666655
146 -0.0769458341666658
147 -0.0926803341666655
148 -0.0967066341666656
149 -0.0952952341666657
150 -0.0893927341666658
151 -0.0774029341666655
152 -0.0686685341666657
153 -0.0667377341666655
154 -0.0673981341666656
155 -0.0653858341666655
156 -0.0546547341666654
157 -0.0408365341666657
158 -0.0187425341666656
159 0.0055471658333341
160 0.0451615658333342
161 0.0893786658333342
162 0.1352907658333344
163 0.1729295658333343
164 0.1973345658333345
165 0.2038262658333343
166 0.1904834658333345
167 0.1719015658333345
168 0.1366743658333345
169 0.0963728658333345
170 0.0655520658333342
171 0.0310376658333342
172 0.0002463658333345
173 -0.0183807341666657
174 -0.0366287341666656
175 -0.0524258341666655
176 -0.0666000341666657
177 -0.0816839341666658
178 -0.0818934341666657
179 -0.0693695341666656
180 -0.0632535341666656
181 -0.0634291341666655
182 -0.0724321341666658
183 -0.0856313341666657
184 -0.0931861341666655
185 -0.0884633341666659
186 -0.0738541341666656
187 -0.0589431341666655
188 -0.0511445341666654
189 -0.0586130341666657
190 -0.0738523341666655
191 -0.0872130341666657
192 -0.0850109341666658
193 -0.0650526341666655
194 -0.0429364341666658
195 -0.0341607341666657
196 -0.0275731341666656
197 -0.0197471341666655
198 -0.0092192341666655
199 0.0035813658333343
200 0.0183120658333342
201 0.0148229658333343
202 0.0042307658333343
203 -0.0029859341666656
204 -0.0077447341666654
205 -0.0213375341666655
206 -0.0321009341666656
207 -0.0343818341666657
208 -0.0403132341666654
209 -0.0450140341666656
210 -0.0467938341666656
211 -0.0481041341666657
212 -0.0528165341666655
213 -0.0587256341666658
214 -0.0651845341666655
215 -0.0695779341666656
216 -0.0640204341666655
217 -0.0469375341666658
218 -0.0332428341666655
219 -0.0353845341666656
220 -0.0485312341666657
221 -0.0525602341666658
222 -0.0378411341666656
223 -0.0210195341666655
224 -0.0026869341666655
225 0.0021029658333345
226 0.0005828658333344
227 -0.0041372341666657
228 -0.0089632341666657
229 -0.0138158341666657
230 -0.0204530341666658
231 -0.0225043341666655
232 -0.0181463341666657
233 -0.0259056341666657
234 -0.0293415341666656
235 -0.0263239341666655
236 -0.0213160341666656
237 -0.0151469341666655
238 -0.0055527341666655
239 0.0013404658333345
240 0.0095571658333342
241 0.0209653658333342
242 0.0390797658333342
243 0.0581547658333346
244 0.0638084658333344
245 0.0683898658333342
246 0.0828716658333342
247 0.0951271658333344
248 0.0991018658333345
249 0.1011822658333346
250 0.1067700658333344
251 0.1022427658333345
252 0.0842303658333345
253 0.0678158658333343
254 0.0534624658333342
255 0.0257331658333344
256 0.0052651658333343
257 -0.0207142341666655
258 -0.0365816341666658
259 -0.0413263341666656
260 -0.0458594341666658
261 -0.0358973341666657
262 -0.0164453341666655
263 -0.0035943341666655
264 0.0018836658333345
265 0.0057320658333344
266 0.0007902658333343
267 -0.0072885341666655
268 -0.0063908341666656
269 -0.0008897341666656
270 -0.0014801341666657
271 -0.0102838341666658
272 -0.0182418341666657
273 -0.0218707341666655
274 -0.0099026341666657
275 0.0062883658333344
276 0.0239372658333346
277 0.0321255658333341
278 0.0291454658333343
279 0.0161206658333342
280 0.0073198658333342
281 0.0159725658333345
282 0.0302939658333345
283 0.0327704658333343
284 0.0263165658333344
285 0.0243407658333346
286 0.0318692658333344
287 0.0491848658333343
288 0.0731885658333344
289 0.0855351658333343
290 0.0846586658333344
291 0.0799164658333344
292 0.0710629658333342
293 0.0659293658333344
294 0.0586202658333344
295 0.0452536658333345
296 0.0283668658333345
297 0.0110843658333342
298 0.0066390658333342
299 0.0181167658333345
300 0.0308456658333345
301 0.0379911658333345
302 0.0332023658333345
303 0.0299694658333345
304 0.0291287658333346
305 0.0253592658333344
306 0.0273362658333345
307 0.0248892658333344
308 0.0209903658333346
309 0.0114882658333344
310 -0.0039989341666655
311 -0.0208703341666658
312 -0.0290180341666657
313 -0.0184487341666655
314 -0.0079671341666656
315 -0.0076176341666656
316 -0.0040976341666656
317 -0.0004451341666658
318 -0.0011094341666658
319 -0.0094602341666659
320 -0.0105353341666659
321 -0.0061775341666657
322 -0.0030157341666657
323 0.0047375658333344
324 -0.0005169341666655
325 -0.0132197341666656
326 -0.0229435341666657
327 -0.0299931341666655
328 -0.0456688341666656
329 -0.0666431341666658
330 -0.0925012341666656
331 -0.1120645341666657
332 -0.1136460341666656
333 -0.0952026341666659
334 -0.0736549341666657
335 -0.0516300341666658
336 -0.0299094341666657
337 -0.0149138341666655
338 -0.0077812341666657
339 -0.0129868341666657
340 -0.0293944341666657
341 -0.0453076341666656
342 -0.0359647341666656
343 -0.0193045341666656
344 -0.0162459341666654
345 -0.0184419341666655
346 -0.0207395341666659
347 -0.0270865341666657
348 -0.0367025341666656
349 -0.0500405341666657
350 -0.0612078341666655
351 -0.0691995341666658
352 -0.0708448341666656
353 -0.0674038341666656
354 -0.0488418341666654
355 -0.0088471341666656
356 0.0271859658333344
357 0.0492671658333346
358 0.0759506658333344
359 0.1066700658333342
360 0.1234232658333343
361 0.1275801658333342
362 0.1262071658333346
363 0.1039985658333342
364 0.0741587658333343
365 0.0515153658333345
366 0.0498597658333342
367 0.0475989658333345
368 0.0401172658333344
369 0.0494096658333345
370 0.0706900658333343
371 0.0848173658333344
372 0.0973645658333342
373 0.1020343658333345
374 0.0947333658333345
375 0.0809318658333344
376 0.0609100658333341
377 0.0372195658333343
378 0.0313838658333343
379 0.0532048658333344
380 0.0816787658333342
381 0.0998792658333345
382 0.0987760658333343
383 0.0906129658333343
384 0.0678426658333344
385 0.0569898658333345
386 0.0599437658333342
387 0.0565946658333343
388 0.0449456658333345
389 0.0339797658333345
390 0.0233150658333345
391 0.0221683658333345
392 0.0317391658333341
393 0.0502219658333343
394 0.0681713658333343
395 0.0827243658333345
396 0.0800847658333343
397 0.0710669658333343
398 0.0666984658333343
399 0.0710529658333345
400 0.0700138658333342
401 0.0588110658333343
402 0.0495297658333342
403 0.0510618658333342
404 0.0652403658333345
405 0.0843411658333344
406 0.0902344658333343
407 0.0817987658333346
408 0.0688793658333342
409 0.0466712658333344
410 0.0211233658333345
411 -0.0047007341666658
412 -0.0179318341666654
413 -0.0235593341666656
414 -0.0417383341666655
415 -0.0478428341666657
416 -0.0499238341666657
417 -0.0528269341666658
418 -0.0583694341666656
419 -0.0602613341666656
420 -0.0599848341666656
421 -0.0609589341666656
422 -0.0600207341666654
423 -0.0637964341666657
424 -0.0660175341666656
425 -0.0592831341666655
426 -0.0423888341666658
427 -0.0202382341666656
428 0.0004371658333344
429 0.0214677658333344
430 0.0345861658333342
431 0.0392354658333343
432 0.0343935658333345
433 0.0294367658333345
434 0.0237013658333343
435 0.0176054658333342
436 0.0065800658333344
437 -0.0034130341666656
438 -0.0143758341666658
439 -0.0217671341666654
440 -0.0329998341666657
441 -0.0435362341666656
442 -0.0526895341666656
443 -0.0507191341666657
444 -0.0390107341666655
445 -0.0370478341666658
446 -0.0376273341666655
447 -0.0319211341666654
448 -0.0150652341666655
449 0.0034787658333344
450 0.0076369658333344
451 0.0072985658333344
452 0.0098180658333344
453 0.0222331658333346
454 0.0378575658333342
455 0.0441357658333343
456 0.0349151658333344
457 0.0206612658333345
458 -0.0016193341666657
459 -0.0240440341666655
460 -0.0408974341666655
461 -0.0432759341666658
462 -0.0311232341666656
463 -0.0088626341666656
464 0.0144600658333345
465 0.0354433658333342
466 0.0389147658333342
467 0.0315329658333345
468 0.0294082658333346
469 0.0313183658333345
470 0.0237737658333343
471 0.0214238658333343
472 0.0380232658333344
473 0.0632140658333342
474 0.1012308658333345
475 0.1298280658333342
476 0.1467983658333343
477 0.1506964658333345
478 0.1520801658333344
479 0.1408894658333342
480 0.1163259658333344
481 0.0877962658333344
482 0.0624954658333343
483 0.0363999658333345
484 0.0115846658333343
485 -0.0111078341666655
486 -0.0464546341666656
487 -0.0769825341666657
488 -0.0889045341666654
489 -0.0928174341666654
490 -0.0919222341666655
491 -0.0839097341666655
492 -0.0758630341666655
493 -0.0656299341666657
494 -0.0422931341666657
495 -0.0139138341666656
496 0.0038637658333345
497 0.0036420658333345
498 0.0022883658333344
499 0.0077881658333343
500 0.0181454658333342
501 0.0244881658333345
502 0.0163672658333343
503 0.0017707658333346
504 -0.0051446341666654
505 -0.0058823341666656
506 -0.0128963341666655
507 -0.0226155341666656
508 -0.0230860341666657
509 -0.0246654341666654
510 -0.0250347341666655
511 -0.0320262341666657
512 -0.0411701341666655
513 -0.0382861341666656
514 -0.0367831341666656
515 -0.0465272341666658
516 -0.0452745341666656
517 -0.0323075341666654
518 -0.0342676341666657
519 -0.0458916341666655
520 -0.0530621341666655
521 -0.0539139341666655
522 -0.0497962341666658
523 -0.0263614341666658
524 0.0045572658333342
525 0.0253343658333343
526 0.0301828658333343
527 0.0395868658333343
528 0.0481338658333343
529 0.0449451658333344
530 0.0403400658333344
531 0.0336195658333343
532 0.0245085658333344
533 0.0138539658333343
534 0.0052694658333343
535 0.0089987658333341
536 0.0212303658333344
537 0.0317197658333344
538 0.0349513658333342
539 0.0412168658333343
540 0.0257178658333346
541 -0.0092095341666658
542 -0.0315559341666658
543 -0.0356689341666656
544 -0.0273108341666655
545 -0.0187201341666658
546 -0.0105758341666657
547 0.0037738658333342
548 0.0227181658333344
549 0.0427519658333342
550 0.0573329658333344
551 0.0680355658333345
552 0.0799280658333346
553 0.0844094658333345
554 0.0810846658333344
555 0.0665397658333342
556 0.0567539658333343
557 0.0356573658333343
558 0.0104673658333345
559 -0.0010698341666657
560 -0.0039235341666655
561 -0.0108178341666658
562 -0.0090750341666657
563 0.0014705658333343
564 0.0268115658333343
565 0.0567707658333343
566 0.0766178658333345
567 0.0775551658333344
568 0.0669006658333342
569 0.0452845658333345
570 0.0158158658333343
571 -0.0125707341666654
572 -0.0286756341666656
573 -0.0406505341666659
574 -0.0468080341666655
575 -0.0460001341666656
576 -0.0513566341666656
577 -0.0598812341666655
578 -0.0608358341666655
579 -0.0577297341666658
580 -0.0535729341666658
581 -0.0452686341666655
582 -0.0325773341666658
583 -0.0221837341666657
584 -0.0109364341666658
585 -0.0090259341666656
586 -0.0175528341666658
587 -0.0290185341666658
588 -0.0301894341666658
589 -0.0165312341666657
590 -0.0012789341666655
591 0.0157466658333343
592 0.0337694658333345
593 0.0388597658333345
594 0.0250071658333342
595 0.0041338658333343
596 -0.0113105341666655
597 -0.0270501341666658
598 -0.0315095341666658
599 -0.0254224341666656
600 -0.0219595341666659
1 -0.0208694341666655
2 -0.0380163341666657
3 -0.0413439341666657
4 -0.0346427341666655
5 -0.0279388341666658
6 -0.0223533341666657
7 -0.0235882341666658
8 -0.0358964341666654
9 -0.0485354341666655
10 -0.0556703341666656
11 -0.0637101341666657
12 -0.0651849341666657
13 -0.0580708341666658
14 -0.0481404341666658
15 -0.0316993341666656
16 -0.0240469341666656
17 -0.0135389341666659
18 -0.0033398341666655
19 0.0025145658333345
20 -0.0039862341666654
21 -0.0216833341666658
22 -0.0373482341666658
23 -0.0388110341666654
24 -0.0322072341666657
25 -0.0416411341666656
26 -0.0625090341666654
27 -0.0785293341666655
28 -0.0887747341666656
29 -0.0859528341666658
30 -0.0785409341666656
31 -0.0767702341666658
32 -0.0742880341666656
33 -0.0580036341666657
34 -0.0369819341666657
35 -0.0191004341666656
36 0.0024600658333345
37 0.0214048658333343
38 0.0342134658333344
39 0.0427672658333345
40 0.0477014658333346
41 0.0506676658333345
42 0.0527964658333344
43 0.0537056658333341
44 0.0515205658333344
45 0.0553625658333345
46 0.0601947658333342
47 0.0624602658333342
48 0.0623709658333342
49 0.0596720658333343
50 0.0470894658333343
51 0.0261847658333343
52 0.0046301658333343
53 -0.0078825341666655
54 -0.0076209341666655
55 -0.0029086341666655
56 -0.0045387341666658
57 -0.0135014341666655
58 -0.0230269341666656
59 -0.0228106341666656
60 -0.0119946341666655
61 0.0017185658333343
62 0.0172590658333345
63 0.0296081658333343
64 0.0336368658333344
65 0.0135340658333343
66 -0.0094705341666654
67 -0.0151552341666656
68 -0.0117406341666655
69 -0.0018739341666656
70 0.0000048658333345
71 -0.0097376341666657
72 -0.0097344341666656
73 -0.0014680341666655
74 0.0030557658333343
75 0.0102986658333344
76 0.0141396658333344
77 0.0165336658333342
78 0.0115841658333342
79 0.0077528658333343
80 0.0083901658333345
81 0.0309911658333344
82 0.0470220658333345
83 0.0514440658333344
84 0.0562880658333342
85 0.0584352658333342
86 0.0482067658333345
87 0.0414090658333341
88 0.0391266658333342
89 0.0386980658333345
90 0.0365574658333343
91 0.0215902658333342
92 -0.0045140341666658
93 -0.0278079341666655
94 -0.0463046341666655
95 -0.0510429341666656
96 -0.0497971341666656
97 -0.0498877341666657
98 -0.0442454341666658
99 -0.0274528341666658
100 0.0008465658333345
101 0.0202493658333345
102 0.0224102658333343
103 0.0159946658333343
104 0.0127530658333344
105 0.0196081658333345
106 0.0237394658333345
107 0.0163542658333342
108 -0.0035172341666656
109 -0.0253176341666657
110 -0.0535008341666656
111 -0.0787035341666655
112 -0.0923675341666654
113 -0.0963812341666657
114 -0.0960280341666655
115 -0.0893045341666658
116 -0.0899818341666658
117 -0.0977874341666656
118 -0.1018420341666655
119 -0.0904880341666656
120 -0.0577127341666657
121 -0.0190963341666657
122 0.0073916658333344
123 0.0126450658333344
124 0.0057263658333344
125 -0.0118188341666658
126 -0.0236949341666657
127 -0.0233762341666655
128 -0.0101974341666655
129 -0.0016869341666657
130 -0.0042391341666654
131 -0.0019953341666659
132 0.0071314658333343
133 0.0151427658333345
134 0.0151576658333346
135 0.0184106658333345
136 0.0207773658333346
137 0.0043199658333344
138 -0.0191563341666656
139 -0.0473523341666655
140 -0.0622591341666658
141 -0.0661457341666658
142 -0.0642581341666655
143 -0.0655325341666657
144 -0.0657762341666657
145 -0.0687762341666658
146 -0.0667323341666655
147 -0.0522857341666656
148 -0.0277238341666655
149 0.0021802658333345
150 0.0197248658333344
151 0.0203917658333346
152 0.0203126658333344
153 0.0190359658333343
154 0.0144883658333343
155 0.0035684658333341
156 -0.0065271341666655
157 -0.0258635341666658
158 -0.0500613341666658
159 -0.0775514341666654
160 -0.0954411341666654
161 -0.1004175341666658
162 -0.1010066341666658
163 -0.0907984341666657
164 -0.0710511341666655
165 -0.0504620341666655
166 -0.0430801341666656
167 -0.0428879341666657
168 -0.0315284341666655
169 -0.0078607341666657
170 0.0076304658333344
171 0.0033542658333343
172 -0.0052005341666654
173 -0.0107933341666655
174 -0.0250372341666658
175 -0.0447999341666656
176 -0.0402478341666654
177 -0.0212169341666657
178 -0.0080539341666657
179 -0.0108837341666654
180 -0.0145643341666655
181 -0.0112300341666658
182 -0.0052929341666657
183 0.0013414658333342
184 0.0154638658333344
185 0.0187034658333345
186 0.0185911658333344
187 0.0252942658333342
188 0.0271039658333345
189 0.0186075658333342
190 0.0019557658333342
191 -0.0091456341666656
192 -0.0156889341666657
193 -0.0125306341666658
194 -0.0115938341666655
195 -0.0134794341666655
196 -0.0185431341666655
197 -0.0407479341666654
198 -0.0620270341666656
199 -0.0769801341666656
200 -0.0772627341666658
201 -0.0711641341666658
202 -0.0647688341666655
203 -0.0676629341666657
204 -0.0799694341666655
205 -0.0871612341666657
206 -0.0755284341666655
207 -0.0639181341666655
208 -0.0679313341666656
209 -0.0746977341666657
210 -0.0690766341666658
211 -0.0590871341666657
212 -0.0457536341666658
213 -0.0321681341666658
214 -0.0194913341666658
215 -0.0170842341666657
216 -0.0308139341666656
217 -0.0484132341666657
218 -0.0608243341666657
219 -0.0608652341666658
220 -0.0487895341666658
221 -0.0410022341666658
222 -0.0436884341666657
223 -0.0511297341666657
224 -0.0516760341666656
225 -0.0455617341666654
226 -0.0320725341666654
227 -0.0205834341666655
228 -0.0101880341666658
229 -0.0007501341666658
230 0.0059206658333344
231 0.0089639658333343
232 0.0129476658333343
233 0.0187273658333345
234 0.0197135658333343
235 0.0147315658333342
236 0.0059239658333343
237 0.0074856658333342
238 0.0253153658333343
239 0.0298666658333344
240 0.0251831658333344
241 0.0237883658333344
242 0.0189239658333342
243 0.0162170658333345
244 0.0171227658333342
245 0.0164612658333345
246 0.0079420658333342
247 0.0003361658333345
248 0.0005446658333343
249 0.0026266658333345
250 0.0021437658333343
251 -0.0070034341666658
252 -0.0245653341666658
253 -0.0359972341666657
254 -0.0333944341666657
255 -0.0332189341666655
256 -0.0336760341666658
257 -0.0369226341666655
258 -0.0413885341666655
259 -0.0485158341666656
260 -0.0607599341666658
261 -0.0629487341666657
262 -0.0549944341666655
263 -0.0508559341666657
264 -0.0498619341666657
265 -0.0609524341666656
266 -0.0776540341666658
267 -0.0898530341666657
268 -0.0919508341666657
269 -0.0814462341666657
270 -0.0678432341666655
271 -0.0577409341666657
272 -0.0519606341666656
273 -0.0454835341666655
274 -0.0336897341666655
275 -0.0182932341666655
276 -0.0041838341666658
277 0.0093482658333341
278 0.0163170658333343
279 0.0141218658333342
280 0.0065358658333343
281 0.0052313658333345
282 0.0167103658333345
283 0.0429502658333343
284 0.0656858658333346
285 0.0758731658333343
286 0.0815752658333344
287 0.0838578658333344
288 0.0861358658333344
289 0.0739653658333346
290 0.0617904658333344
291 0.0654285658333342
292 0.0806170658333345
293 0.1049769658333344
294 0.1267594658333344
295 0.1422029658333344
296 0.1568274658333344
297 0.1756851658333343
298 0.1854504658333345
299 0.1787506658333342
300 0.1558262658333343
301 0.1240382658333345
302 0.0893681658333345
303 0.0574751658333343
304 0.0419251658333342
305 0.0325886658333343
306 0.0201886658333343
307 0.0055073658333344
308 0.0048845658333345
309 0.0203766658333344
310 0.0370325658333344
311 0.0463440658333343
312 0.0462958658333346
313 0.0455232658333342
314 0.0582546658333345
315 0.0742966658333342
316 0.0879826658333345
317 0.0957543658333342
318 0.0958034658333342
319 0.0818854658333343
320 0.0667968658333344
321 0.0640464658333344
322 0.0646129658333345
323 0.0499796658333342
324 0.0287598658333343
325 0.0143650658333345
326 0.0047799658333343
327 -0.0005947341666657
328 0.0034520658333346
329 0.0023611658333342
330 -0.0020622341666656
331 0.0023552658333346
332 0.0222076658333346
333 0.0398634658333346
334 0.0418623658333344
335 0.0308002658333342
336 0.0102231658333345
337 -0.0090396341666654
338 -0.0101549341666658
339 -0.0171006341666655
340 -0.0257092341666656
341 -0.0379129341666657
342 -0.0475530341666657
343 -0.0528501341666656
344 -0.0599568341666656
345 -0.0699669341666658
346 -0.0728533341666657
347 -0.0680946341666657
348 -0.0536079341666658
349 -0.0288138341666655
350 -0.0046217341666654
351 0.0123013658333342
352 0.0202888658333342
353 0.0122292658333345
354 0.0038738658333344
355 0.0012951658333344
356 0.0055352658333345
357 0.0131706658333344
358 0.0208344658333344
359 0.0068710658333342
360 -0.0188856341666654
361 -0.0354951341666658
362 -0.0321448341666657
363 -0.0270003341666656
364 -0.0242002341666656
365 -0.0237105341666655
366 -0.0220401341666658
367 -0.0153254341666655
368 -0.0048515341666655
369 0.0021028658333342
370 0.0177560658333342
371 0.0391637658333344
372 0.0544654658333346
373 0.0637162658333343
374 0.0765031658333344
375 0.0877648658333343
376 0.0864290658333342
377 0.0651937658333344
378 0.0318125658333344
379 0.0132835658333343
380 0.0003811658333341
381 -0.0121709341666656
382 -0.0194549341666654
383 -0.0174647341666656
384 -0.0142827341666658
385 -0.0092614341666657
386 0.0044065658333343
387 0.0239144658333346
388 0.0375762658333345
389 0.0438629658333345
390 0.0456987658333343
391 0.0521506658333344
392 0.0557229658333345
393 0.0582908658333343
394 0.0617211658333345
395 0.0509713658333344
396 0.0288261658333342
397 0.0090880658333345
398 -0.0024599341666658
399 -0.0078107341666658
400 -0.0094330341666655
401 -0.0166912341666658
402 -0.0288185341666658
403 -0.0429771341666658
404 -0.0508739341666655
405 -0.0526229341666657
406 -0.0502619341666657
407 -0.0452720341666657
408 -0.0448599341666656
409 -0.0502409341666659
410 -0.0638965341666657
411 -0.0787711341666655
412 -0.0789526341666655
413 -0.0795346341666656
414 -0.0895176341666657
415 -0.1014998341666655
416 -0.0995734341666656
417 -0.0842865341666656
418 -0.0645592341666656
419 -0.0368765341666655
420 -0.0034015341666658
421 0.0149569658333344
422 0.0150800658333345
423 -0.0026266341666656
424 -0.0185055341666658
425 -0.0170655341666657
426 -0.0163836341666657
427 -0.0190968341666657
428 -0.0136046341666658
429 -0.0149944341666655
430 -0.0172543341666658
431 -0.0224557341666656
432 -0.0289923341666656
433 -0.0215090341666655
434 -0.0052941341666655
435 -0.0038013341666656
436 -0.0144635341666657
437 -0.0277160341666658
438 -0.0362991341666659
439 -0.0341714341666655
440 -0.0299660341666654
441 -0.0262712341666655
442 -0.0253693341666654
443 -0.0223139341666658
444 -0.0056622341666657
445 0.0164029658333344
446 0.0249607658333342
447 0.0289387658333342
448 0.0421717658333343
449 0.0446692658333343
450 0.0359625658333345
451 0.0315304658333342
452 0.0356036658333343
453 0.0390937658333343
454 0.0427608658333343
455 0.0410192658333344
456 0.0255043658333345
457 0.0062640658333342
458 -0.0191032341666655
459 -0.0450715341666656
460 -0.0631564341666655
461 -0.0744848341666655
462 -0.0779160341666656
463 -0.0709327341666657
464 -0.0590693341666655
465 -0.0536334341666658
466 -0.0560806341666655
467 -0.0480428341666657
468 -0.0271859341666656
469 -0.0144998341666658
470 -0.0001134341666655
471 0.0179811658333344
472 0.0386329658333344
473 0.0578579658333345
474 0.0713767658333344
475 0.0596399658333344
476 0.0289095658333345
477 -0.0010892341666655
478 -0.0338028341666656
479 -0.0637628341666656
480 -0.0827947341666655
481 -0.0957570341666658
482 -0.1101492341666654
483 -0.1093765341666657
484 -0.0950563341666655
485 -0.0775914341666657
486 -0.0595733341666658
487 -0.0533442341666657
488 -0.0526614341666658
489 -0.0477469341666654
490 -0.0438751341666657
491 -0.0390461341666657
492 -0.0281481341666656
493 -0.0091724341666657
494 0.0043593658333343
495 0.0178249658333343
496 0.0340820658333345
497 0.0431876658333343
498 0.0412656658333344
499 0.0342039658333344
500 0.0409744658333344
501 0.0367967658333344
502 0.0305008658333343
503 0.0383123658333342
504 0.0585214658333344
505 0.0735310658333344
506 0.0781279658333345
507 0.0762259658333342
508 0.0702474658333343
509 0.0612574658333345
510 0.0575608658333344
511 0.0478119658333345
512 0.0273382658333343
513 0.0073195658333343
514 -0.0061711341666655
515 -0.0196226341666654
516 -0.0324991341666658
517 -0.0498036341666657
518 -0.0683714341666657
519 -0.0779362341666658
520 -0.0699920341666656
521 -0.0469442341666655
522 -0.0175432341666655
523 0.0124047658333342
524 0.0375855658333344
525 0.0611317658333346
526 0.0684996658333343
527 0.0679538658333345
528 0.0548293658333345
529 0.0314953658333343
530 0.0067944658333343
531 -0.0195177341666657
532 -0.0220583341666658
533 -0.0050922341666655
534 0.0144639658333343
535 0.0268335658333343
536 0.0367750658333343
537 0.0394848658333342
538 0.0280244658333344
539 0.0150066658333343
540 0.0069268658333344
541 0.0132018658333344
542 0.0239142658333344
543 0.0303990658333344
544 0.0376647658333344
545 0.0372677658333345
546 0.0354338658333342
547 0.0285525658333343
548 0.0218131658333345
549 0.0211480658333345
550 0.0086576658333342
551 -0.0039822341666658
552 -0.0020197341666655
553 -0.0026360341666658
554 -0.0073972341666657
555 -0.0021143341666656
556 0.0043300658333343
557 0.0164025658333342
558 0.0381415658333344
559 0.0571362658333343
560 0.0721111658333342
561 0.0891683658333342
562 0.0965536658333344
563 0.0861231658333343
564 0.0680897658333341
565 0.0571305658333343
566 0.0649011658333345
567 0.0714918658333343
568 0.0624121658333343
569 0.0362836658333343
570 0.0245460658333343
571 0.0351646658333342
572 0.0450391658333342
573 0.0406358658333343
574 0.0250498658333345
575 0.0125627658333345
576 -0.0014782341666657
577 -0.0102653341666659
578 -0.0257474341666657
579 -0.0405616341666657
580 -0.0544617341666656
581 -0.0570181341666656
582 -0.0508632341666657
583 -0.0391958341666658
584 -0.0339777341666658
585 -0.0379958341666655
586 -0.0484641341666658
587 -0.0587974341666655
588 -0.0634400341666654
589 -0.0679541341666656
590 -0.0731757341666657
591 -0.0735291341666655
592 -0.0735702341666657
593 -0.0721514341666656
594 -0.0685264341666656
595 -0.0722146341666656
596 -0.0774441341666656
597 -0.0758855341666655
598 -0.0684528341666657
599 -0.0649849341666657
600 -0.0708473341666656
1 0.0433389658333345
2 0.0372338658333344
3 0.0350054658333345
4 0.0335823658333343
5 0.0271860658333343
6 0.0242159658333345
7 0.0284592658333342
8 0.0435939658333342
9 0.0587625658333342
10 0.0636677658333342
11 0.0666387658333343
12 0.0594793658333344
13 0.0424370658333344
14 0.0210636658333345
15 0.0093550658333346
16 0.0063852658333343
17 0.0019384658333346
18 -0.0097270341666658
19 -0.0217797341666657
20 -0.0182043341666658
21 -0.0040690341666658
22 0.0144094658333342
23 0.0310370658333343
24 0.0450678658333343
25 0.0498847658333346
26 0.0424716658333342
27 0.0352175658333342
28 0.0255208658333346
29 0.0231214658333343
30 0.0308660658333344
31 0.0259234658333343
32 0.0092267658333345
33 -0.0086680341666656
34 -0.0257580341666657
35 -0.0404877341666658
36 -0.0492725341666658
37 -0.0492925341666655
38 -0.0509029341666656
39 -0.0416829341666656
40 -0.0236204341666655
41 -0.0101385341666655
42 -0.0073903341666655
43 -0.0048112341666657
44 -0.0133987341666657
45 -0.0358123341666658
46 -0.0629206341666655
47 -0.0870659341666657
48 -0.1058941341666655
49 -0.1148662341666657
50 -0.1131650341666655
51 -0.1062460341666656
52 -0.1028012341666655
53 -0.1037529341666654
54 -0.1001470341666657
55 -0.0934484341666657
56 -0.0812916341666656
57 -0.0563849341666658
58 -0.0220441341666655
59 0.0012294658333345
60 0.0133798658333344
61 0.0196285658333344
62 0.0243963658333342
63 0.0300895658333342
64 0.0276434658333344
65 0.0078211658333345
66 -0.0233948341666657
67 -0.0495347341666657
68 -0.0578161341666656
69 -0.0541791341666658
70 -0.0516141341666656
71 -0.0570839341666658
72 -0.0736984341666655
73 -0.0913057341666654
74 -0.1103665341666655
75 -0.1254319341666656
76 -0.1337518341666657
77 -0.1276102341666658
78 -0.1151517341666657
79 -0.1048726341666657
80 -0.0973537341666657
81 -0.0944642341666655
82 -0.1060117341666658
83 -0.1257690341666655
84 -0.1373795341666657
85 -0.1255239341666656
86 -0.1056753341666656
87 -0.0795962341666656
88 -0.0571176341666657
89 -0.0391554341666658
90 -0.0299329341666654
91 -0.0334539341666655
92 -0.0326766341666658
93 -0.0243143341666658
94 -0.0186398341666658
95 -0.0078790341666655
96 -0.0016976341666655
97 0.0002897658333345
98 0.0061747658333342
99 0.0151486658333342
100 0.0257365658333342
101 0.0256025658333345
102 0.0402908658333345
103 0.0468164658333343
104 0.0320851658333345
105 0.0298535658333345
106 0.0337742658333342
107 0.0335843658333346
108 0.0242695658333343
109 0.0244569658333345
110 0.0457977658333344
111 0.0620434658333342
112 0.0599306658333343
113 0.0480457658333342
114 0.0362592658333343
115 0.0287425658333342
116 0.0228194658333343
117 0.0152147658333344
118 0.0009412658333345
119 -0.0054754341666658
120 -0.0123975341666656
121 -0.0333865341666657
122 -0.0520206341666656
123 -0.0574151341666655
124 -0.0511608341666658
125 -0.0486266341666655
126 -0.0511527341666658
127 -0.0543411341666657
128 -0.0580315341666657
129 -0.0644369341666655
130 -0.0671174341666658
131 -0.0598805341666657
132 -0.0527294341666655
133 -0.0551357341666656
134 -0.0445097341666658
135 -0.0193977341666658
136 -0.0067727341666655
137 -0.0059560341666658
138 -0.0012493341666655
139 0.0019963658333344
140 0.0003559658333345
141 -0.0054136341666657
142 -0.0076586341666656
143 -0.0084755341666658
144 -0.0134429341666658
145 -0.0161855341666657
146 -0.0234287341666657
147 -0.0289344341666657
148 -0.0141529341666655
149 0.0003856658333343
150 0.0119119658333342
151 0.0218424658333345
152 0.0441239658333346
153 0.0738492658333345
154 0.0923871658333342
155 0.0966628658333342
156 0.0839511658333345
157 0.0765393658333342
158 0.0717683658333343
159 0.0643900658333343
160 0.0568652658333342
161 0.0455839658333344
162 0.0360715658333342
163 0.0371176658333345
164 0.0373324658333343
165 0.0310292658333342
166 0.0243809658333345
167 0.0227658658333345
168 0.0256935658333344
169 0.0346138658333341
170 0.0420305658333344
171 0.0406524658333343
172 0.0256173658333343
173 0.0056634658333343
174 -0.0117839341666657
175 -0.0177427341666658
176 -0.0151429341666658
177 -0.0086489341666658
178 -0.0133655341666659
179 -0.0291953341666655
180 -0.0379813341666657
181 -0.0402696341666657
182 -0.0414581341666658
183 -0.0492428341666655
184 -0.0539819341666656
185 -0.0542425341666655
186 -0.0488747341666658
187 -0.0407125341666656
188 -0.0483795341666657
189 -0.0628186341666654
190 -0.0763475341666657
191 -0.0832443341666655
192 -0.0876505341666656
193 -0.0871554341666658
194 -0.0753432341666658
195 -0.0567191341666655
196 -0.0353247341666658
197 -0.0076954341666657
198 0.0233640658333343
199 0.0470453658333345
200 0.0621162658333345
201 0.0892798658333342
202 0.1193122658333343
203 0.1458017658333342
204 0.1420043658333343
205 0.1102736658333345
206 0.0811708658333345
207 0.0650246658333344
208 0.0466660658333344
209 0.0280286658333342
210 0.0123737658333343
211 0.0013159658333342
212 0.0013694658333345
213 0.0116149658333344
214 0.0119503658333344
215 -0.0035988341666657
216 -0.0351310341666657
217 -0.0634675341666657
218 -0.0792648341666657
219 -0.0853170341666658
220 -0.0897196341666655
221 -0.0904398341666655
222 -0.0824649341666657
223 -0.0743891341666658
224 -0.0666015341666655
225 -0.0661656341666657
226 -0.0660734341666656
227 -0.0642761341666658
228 -0.0575392341666658
229 -0.0521884341666659
230 -0.0485511341666656
231 -0.0386076341666657
232 -0.0210434341666654
233 -0.0009886341666658
234 0.0165010658333342
235 0.0322905658333346
236 0.0360042658333342
237 0.0368699658333345
238 0.0393313658333345
239 0.0411447658333342
240 0.0417679658333343
241 0.0423873658333345
242 0.0448202658333345
243 0.0426247658333345
244 0.0397188658333345
245 0.0236888658333343
246 0.0057905658333341
247 0.0045393658333341
248 0.0116902658333342
249 0.0152697658333345
250 0.0111688658333344
251 0.0101967658333342
252 0.0166336658333344
253 0.0301959658333342
254 0.0285540658333345
255 0.0309821658333345
256 0.0377960658333345
257 0.0395784658333342
258 0.0388432658333344
259 0.0418135658333343
260 0.0395044658333346
261 0.0343615658333345
262 0.0277586658333342
263 0.0232864658333343
264 0.0148175658333343
265 -0.0027006341666658
266 -0.0050707341666656
267 0.0064488658333341
268 0.0190451658333344
269 0.0227142658333346
270 0.0307074658333342
271 0.0611104658333343
272 0.0902739658333345
273 0.1077333658333344
274 0.1101003658333344
275 0.0976676658333342
276 0.0754047658333343
277 0.0545635658333343
278 0.0467180658333342
279 0.0470503658333343
280 0.0477930658333343
281 0.0440313658333342
282 0.0376000658333342
283 0.0349034658333345
284 0.0302542658333342
285 0.0082424658333342
286 0.0005543658333345
287 0.0091437658333344
288 0.0234408658333343
289 0.0334356658333346
290 0.0434993658333345
291 0.0462527658333345
292 0.0444497658333343
293 0.0611073658333345
294 0.0870064658333343
295 0.1054518658333343
296 0.1098447658333344
297 0.1029499658333344
298 0.0812715658333345
299 0.0624814658333341
300 0.0512981658333342
301 0.0412920658333342
302 0.0284458658333344
303 0.0183249658333344
304 0.0066134658333343
305 -0.0054962341666656
306 -0.0145837341666657
307 -0.0003565341666656
308 0.0302356658333345
309 0.0555648658333343
310 0.0700285658333342
311 0.0816185658333342
312 0.0918035658333345
313 0.0830185658333344
314 0.0645067658333343
315 0.0497352658333345
316 0.0446529658333343
317 0.0299864658333342
318 0.0067030658333342
319 -0.0159691341666655
320 -0.0404640341666656
321 -0.0609868341666657
322 -0.0705553341666656
323 -0.0646106341666655
324 -0.0423368341666657
325 -0.0185513341666654
326 -0.0037859341666655
327 0.0048313658333345
328 0.0172126658333345
329 0.0244952658333344
330 0.0275379658333343
331 0.0284249658333344
332 0.0319849658333342
333 0.0425503658333342
334 0.0453752658333344
335 0.0381283658333342
336 0.0338155658333346
337 0.0341830658333344
338 0.0268243658333343
339 0.0087355658333346
340 -0.0124186341666657
341 -0.0237125341666657
342 -0.0280496341666656
343 -0.0269891341666657
344 -0.0150512341666658
345 -0.0058593341666655
346 -0.0090337341666658
347 -0.0271251341666656
348 -0.0495072341666658
349 -0.0599596341666655
350 -0.0646107341666657
351 -0.0619959341666658
352 -0.0457094341666657
353 -0.0403689341666658
354 -0.0478184341666656
355 -0.0379844341666655
356 -0.0029833341666659
357 0.0443381658333344
358 0.0790355658333342
359 0.0923293658333342
360 0.0994342658333345
361 0.1057557658333343
362 0.1096495658333345
363 0.1082049658333344
364 0.1045362658333344
365 0.0912559658333345
366 0.0647435658333344
367 0.0322420658333344
368 -0.0085848341666654
369 -0.0466333341666658
370 -0.0695363341666657
371 -0.0787722341666655
372 -0.0753959341666657
373 -0.0678226341666655
374 -0.0526561341666656
375 -0.0458053341666655
376 -0.0497595341666655
377 -0.0538494341666658
378 -0.0534229341666657
379 -0.0481031341666656
380 -0.0372510341666659
381 -0.0315325341666655
382 -0.0337640341666656
383 -0.0400755341666654
384 -0.0483280341666656
385 -0.0555621341666654
386 -0.0562772341666657
387 -0.0525934341666656
388 -0.0438379341666657
389 -0.0373662341666656
390 -0.0375668341666655
391 -0.0423349341666657
392 -0.0587882341666655
393 -0.0647348341666656
394 -0.0541911341666657
395 -0.0355615341666655
396 -0.0202547341666657
397 -0.0108209341666656
398 -0.0047315341666656
399 -0.0201792341666658
400 -0.0357976341666655
401 -0.0394928341666656
402 -0.0236297341666658
403 -0.0137503341666658
404 -0.0216826341666656
405 -0.0366803341666655
406 -0.0532214341666655
407 -0.0627846341666656
408 -0.0597601341666656
409 -0.0370600341666658
410 -0.0051614341666655
411 0.0137367658333343
412 0.0137558658333345
413 0.0208340658333341
414 0.0302632658333342
415 0.0232628658333343
416 0.0069920658333342
417 -0.0130664341666655
418 -0.0234664341666657
419 -0.0269891341666657
420 -0.0261730341666655
421 -0.0121233341666658
422 0.0109770658333344
423 0.0296026658333344
424 0.0304097658333342
425 0.0226339658333345
426 0.0081013658333342
427 -0.0086668341666658
428 -0.0247537341666657
429 -0.0331042341666659
430 -0.0382810341666655
431 -0.0376310341666657
432 -0.0202949341666656
433 -0.0018446341666656
434 0.0009433658333342
435 -0.0190923341666656
436 -0.0511833341666654
437 -0.0832416341666655
438 -0.1017353341666656
439 -0.1002619341666655
440 -0.0846467341666655
441 -0.0630497341666656
442 -0.0407699341666659
443 -0.0236916341666658
444 -0.0160972341666659
445 -0.0157747341666656
446 -0.0148059341666658
447 -0.0237724341666659
448 -0.0303474341666656
449 -0.0255957341666657
450 -0.0196115341666658
451 -0.0218088341666656
452 -0.0322921341666658
453 -0.0432033341666656
454 -0.0608668341666658
455 -0.0791841341666655
456 -0.0806846341666656
457 -0.0677272341666657
458 -0.0531752341666656
459 -0.0486760341666654
460 -0.0580776341666658
461 -0.0722014341666655
462 -0.0839743341666654
463 -0.0944121341666655
464 -0.0974864341666657
465 -0.0937561341666657
466 -0.0855757341666656
467 -0.0704626341666654
468 -0.0528883341666657
469 -0.0385495341666657
470 -0.0338823341666656
471 -0.0469378341666657
472 -0.0623087341666655
473 -0.0680804341666654
474 -0.0664014341666657
475 -0.0559169341666657
476 -0.0477424341666657
477 -0.0436262341666658
478 -0.0374927341666655
479 -0.0321373341666655
480 -0.0305009341666658
481 -0.0332755341666657
482 -0.0377985341666656
483 -0.0322635341666655
484 -0.0206746341666655
485 -0.0107271341666655
486 -0.0008972341666658
487 0.0121289658333343
488 0.0304684658333345
489 0.0373654658333344
490 0.0226513658333345
491 0.0102962658333343
492 0.0184606658333344
493 0.0373080658333342
494 0.0518632658333344
495 0.0644406658333345
496 0.0759032658333343
497 0.0832147658333344
498 0.0902418658333342
499 0.0866740658333343
500 0.0781528658333341
501 0.0696154658333343
502 0.0655800658333345
503 0.0681776658333342
504 0.0796970658333342
505 0.1073309658333343
506 0.1373311658333343
507 0.1465024658333345
508 0.1348616658333341
509 0.1215541658333343
510 0.1089898658333341
511 0.0885559658333341
512 0.0731246658333342
513 0.0565642658333343
514 0.0443657658333345
515 0.0369225658333345
516 0.0307040658333344
517 0.0309861658333346
518 0.0400216658333346
519 0.0521269658333345
520 0.0559891658333345
521 0.0499864658333342
522 0.0430195658333345
523 0.0351731658333345
524 0.0071177658333346
525 -0.0330834341666657
526 -0.0685642341666655
527 -0.0984655341666656
528 -0.1137884341666657
529 -0.1150755341666656
530 -0.0947334341666655
531 -0.0585264341666658
532 -0.0388077341666655
533 -0.0311031341666657
534 -0.0219175341666658
535 -0.0074086341666657
536 0.0013789658333345
537 0.0014113658333343
538 -0.0139846341666656
539 -0.0392663341666655
540 -0.0622377341666658
541 -0.0674767341666658
542 -0.0601428341666654
543 -0.0415621341666657
544 -0.0090059341666655
545 0.0235231658333341
546 0.0442510658333344
547 0.0561536658333344
548 0.0529886658333343
549 0.0355846658333343
550 0.0302897658333343
551 0.0305261658333342
552 0.0165619658333345
553 -0.0007173341666658
554 -0.0098902341666656
555 -0.0102306341666658
556 -0.0058324341666656
557 0.0002876658333344
558 0.0014989658333344
559 -0.0088579341666657
560 -0.0223995341666656
561 -0.0283281341666655
562 -0.0346648341666658
563 -0.0439559341666658
564 -0.0492846341666655
565 -0.0377608341666655
566 -0.0185292341666656
567 -0.0042092341666655
568 0.0038334658333343
569 0.0047289658333343
570 0.0078606658333342
571 0.0158684658333343
572 0.0327610658333342
573 0.0494925658333343
574 0.0610803658333343
575 0.0651061658333343
576 0.0604047658333342
577 0.0583298658333344
578 0.0571874658333344
579 0.0656181658333344
580 0.0760516658333343
581 0.0699011658333344
582 0.0550984658333342
583 0.0473906658333343
584 0.0512560658333343
585 0.0611574658333343
586 0.0665716658333344
587 0.0675330658333344
588 0.0705775658333345
589 0.0630926658333344
590 0.0474049658333344
591 0.0203402658333345
592 -0.0039473341666656
593 -0.0149504341666655
594 0.0006957658333344
595 0.0125914658333341
596 0.0074210658333342
597 0.0068837658333343
598 0.0162602658333344
599 0.0275323658333342
600 0.0277925658333342
