1 0.6743457473333332
2 0.4155017473333332
3 0.3325982473333332
4 0.2353042473333332
5 0.1565895473333332
6 0.1197820473333332
7 0.0889665473333332
8 0.0760350473333332
9 0.0576200473333332
10 0.0418840473333332
11 0.0329146473333332
12 0.0255471473333332
13 0.0201049473333332
14 0.0167665473333332
15 0.0045291473333332
16 0.0011414473333332
17 0.0111229473333332
18 -0.0012759526666668
19 -0.0059619526666668
20 -0.0085839526666668
21 -0.0100323526666668
22 -0.0065080526666668
23 -0.0061236526666668
24 -0.0027541526666668
25 0.0036850473333332
26 0.0046292473333332
27 -0.0053968526666668
28 -0.0117470526666668
29 -0.0102517526666668
30 -0.0106213526666668
31 -0.0166531526666668
32 -0.0175476526666668
33 -0.0144095526666668
34 -0.0120298526666668
35 -0.0098554526666668
36 -0.0109629526666668
37 -0.0131100526666668
38 -0.0149942526666668
39 -0.0136988526666668
40 -0.0080517526666668
41 -0.0068351526666668
42 0.0034131473333332
43 0.0079238473333332
44 0.0058218473333332
45 0.0082817473333332
46 0.0060903473333332
47 0.0185329473333332
48 0.0147314473333332
49 0.0120949473333332
50 0.0037674473333332
51 0.0076456473333332
52 0.0081707473333332
53 0.0149042473333332
54 0.0117299473333332
55 0.0105841473333332
56 0.0088388473333332
57 0.0141628473333332
58 0.0071926473333332
59 0.0030494473333332
60 0.0008840473333332
61 -0.0070924526666668
62 -0.0007813526666668
63 0.0013287473333332
64 0.0003144473333332
65 0.0067325473333332
66 0.0041247473333332
67 -0.0007816526666668
68 -0.0060046526666668
69 -0.0053454526666668
70 0.0014500473333332
71 -0.0010074526666668
72 -0.0010322526666668
73 0.0046983473333332
74 0.0070687473333332
75 0.0007705473333332
76 -0.0052744526666668
77 -0.0082305526666668
78 0.0000257473333332
79 -0.0000520526666668
80 -0.0085633526666668
81 -0.0083444526666668
82 -0.0043927526666668
83 0.0039809473333332
84 0.0089998473333332
85 0.0041248473333332
86 0.0023775473333332
87 -0.0020255526666668
88 -0.0020141526666668
89 -0.0038450526666668
90 -0.0039029526666668
91 -0.0058784526666668
92 -0.0070101526666668
93 -0.0103852526666668
94 -0.0125865526666668
95 -0.0088532526666668
96 -0.0033635526666668
97 -0.0037232526666668
98 -0.0083991526666668
99 -0.0010951526666668
100 0.0006145473333332
101 0.0073246473333332
102 0.0132134473333332
103 0.0134559473333332
104 0.0069404473333332
105 0.0056988473333332
106 0.0090139473333332
107 -0.0002237526666668
108 -0.0073583526666668
109 -0.0065100526666668
110 -0.0038375526666668
111 -0.0013545526666668
112 0.0059601473333332
113 0.0037223473333332
114 0.0071380473333332
115 0.0008396473333332
116 0.0033374473333332
117 0.0016308473333332
118 -0.0023166526666668
119 -0.0071782526666668
120 -0.0122407526666668
121 -0.0104830526666668
122 -0.0099908526666668
123 -0.0093692526666668
124 -0.0119043526666668
125 -0.0139142526666668
126 -0.0075463526666668
127 -0.0134224526666668
128 -0.0123104526666668
129 -0.0040648526666668
130 -0.0034779526666668
131 -0.0029753526666668
132 -0.0078991526666668
133 -0.0017152526666668
134 -0.0023087526666668
135 -0.0075703526666668
136 -0.0111265526666668
137 -0.0059188526666668
138 -0.0043697526666668
139 -0.0052905526666668
140 -0.0088750526666668
141 -0.0104444526666668
142 -0.0023230526666668
143 0.0027914473333332
144 0.0011900473333332
145 0.0004663473333332
146 0.0019277473333332
147 0.0008424473333332
148 0.0066290473333332
149 0.0036533473333332
150 -0.0028570526666668
151 0.0028705473333332
152 0.0106400473333332
153 0.0028692473333332
154 0.0022634473333332
155 0.0018800473333332
156 0.0004674473333332
157 -0.0015068526666668
158 -0.0001642526666668
159 -0.0131563526666668
160 -0.0208359526666668
161 -0.0159111526666668
162 -0.0074572526666668
163 -0.0031304526666668
164 -0.0026201526666668
165 -0.0011636526666668
166 0.0016477473333332
167 0.0030794473333332
168 0.0050412473333332
169 0.0048255473333332
170 0.0081776473333332
171 0.0035281473333332
172 0.0037532473333332
173 0.0067566473333332
174 0.0022448473333332
175 -0.0051488526666668
176 -0.0073550526666668
177 -0.0061810526666668
178 -0.0107836526666668
179 -0.0032418526666668
180 -0.0010825526666668
181 0.0004335473333332
182 -0.0003094526666668
183 -0.0050455526666668
184 -0.0016134526666668
185 -0.0021487526666668
186 0.0003786473333332
187 -0.0025858526666668
188 -0.0023090526666668
189 -0.0075246526666668
190 -0.0081059526666668
191 -0.0074155526666668
192 0.0035220473333332
193 0.0110400473333332
194 0.0019922473333332
195 -0.0018696526666668
196 -0.0036206526666668
197 -0.0065456526666668
198 -0.0016089526666668
199 0.0017538473333332
200 -0.0030311526666668
201 -0.0025689526666668
202 -0.0017271526666668
203 -0.0038220526666668
204 0.0046708473333332
205 0.0030281473333332
206 0.0059149473333332
207 -0.0005285526666668
208 0.0003996473333332
209 0.0088876473333332
210 0.0112619473333332
211 0.0158592473333332
212 0.0154475473333332
213 0.0087561473333332
214 -0.0010223526666668
215 0.0020258473333332
216 -0.0017403526666668
217 0.0022769473333332
218 0.0038450473333332
219 0.0011718473333332
220 -0.0046102526666668
221 -0.0069436526666668
222 -0.0073641526666668
223 -0.0089813526666668
224 -0.0074764526666668
225 0.0014473473333332
226 0.0042911473333332
227 0.0010432473333332
228 0.0016499473333332
229 0.0034479473333332
230 0.0060719473333332
231 0.0041409473333332
232 0.0006826473333332
233 0.0069337473333332
234 0.0033917473333332
235 -0.0016669526666668
236 -0.0021129526666668
237 -0.0031635526666668
238 0.0084454473333332
239 0.0159842473333332
240 0.0073618473333332
241 0.0062459473333332
242 -0.0036550526666668
243 -0.0056088526666668
244 -0.0053301526666668
245 -0.0021627526666668
246 -0.0016628526666668
247 -0.0035603526666668
248 -0.0109933526666668
249 -0.0122877526666668
250 -0.0166183526666668
251 -0.0081440526666668
252 -0.0045660526666668
253 -0.0049826526666668
254 -0.0134171526666668
255 -0.0139975526666668
256 -0.0180729526666668
257 -0.0163801526666668
258 -0.0053554526666668
259 -0.0062364526666668
260 -0.0077185526666668
261 -0.0066227526666668
262 -0.0105910526666668
263 -0.0085825526666668
264 -0.0045325526666668
265 -0.0056658526666668
266 -0.0080101526666668
267 -0.0001928526666668
268 -0.0026499526666668
269 -0.0068471526666668
270 -0.0048277526666668
271 -0.0070178526666668
272 -0.0030509526666668
273 0.0039765473333332
274 0.0049641473333332
275 0.0049061473333332
276 0.0009985473333332
277 0.0029613473333332
278 0.0045825473333332
279 0.0043860473333332
280 0.0046635473333332
281 -0.0015838526666668
282 -0.0003119526666668
283 0.0064017473333332
284 0.0146937473333332
285 0.0058475473333332
286 -0.0099171526666668
287 -0.0113147526666668
288 -0.0071517526666668
289 -0.0094818526666668
290 -0.0080517526666668
291 -0.0122584526666668
292 -0.0173605526666668
293 -0.0145648526666668
294 -0.0089820526666668
295 -0.0133225526666668
296 -0.0090104526666668
297 -0.0019607526666668
298 0.0041689473333332
299 0.0043902473333332
300 0.0004157473333332
301 0.0017043473333332
302 0.0052519473333332
303 0.0028635473333332
304 -0.0044219526666668
305 0.0057570473333332
306 0.0095298473333332
307 0.0046464473333332
308 0.0020006473333332
309 -0.0028819526666668
310 -0.0072542526666668
311 -0.0051445526666668
312 -0.0022221526666668
313 -0.0018425526666668
314 -0.0055244526666668
315 -0.0040828526666668
316 -0.0006778526666668
317 -0.0024926526666668
318 -0.0078588526666668
319 -0.0049613526666668
320 -0.0057480526666668
321 -0.0065841526666668
322 -0.0047412526666668
323 -0.0066246526666668
324 -0.0094213526666668
325 -0.0052678526666668
326 -0.0027314526666668
327 -0.0063923526666668
328 -0.0049892526666668
329 -0.0034402526666668
330 -0.0052605526666668
331 -0.0038142526666668
332 -0.0027407526666668
333 0.0007164473333332
334 0.0074301473333332
335 0.0137602473333332
336 0.0079008473333332
337 0.0063463473333332
338 0.0069514473333332
339 -0.0030617526666668
340 -0.0064685526666668
341 -0.0060176526666668
342 -0.0032500526666668
343 -0.0075022526666668
344 -0.0132049526666668
345 -0.0118738526666668
346 -0.0101962526666668
347 -0.0103759526666668
348 -0.0077737526666668
349 -0.0081581526666668
350 -0.0081473526666668
351 -0.0087496526666668
352 -0.0073379526666668
353 -0.0023757526666668
354 -0.0008757526666668
355 -0.0068984526666668
356 -0.0089997526666668
357 -0.0042298526666668
358 -0.0076647526666668
359 -0.0090890526666668
360 -0.0024654526666668
361 -0.0006091526666668
362 -0.0021669526666668
363 -0.0064287526666668
364 0.0058239473333332
365 0.0080335473333332
366 0.0032883473333332
367 -0.0017740526666668
368 0.0017418473333332
369 0.0080923473333332
370 -0.0009771526666668
371 0.0009446473333332
372 -0.0004659526666668
373 -0.0027088526666668
374 -0.0007109526666668
375 -0.0003148526666668
376 0.0138935473333332
377 0.0165097473333332
378 0.0111501473333332
379 0.0084946473333332
380 -0.0021309526666668
381 -0.0013398526666668
382 -0.0026392526666668
383 -0.0043447526666668
384 -0.0021502526666668
385 -0.0035967526666668
386 -0.0067859526666668
387 -0.0038141526666668
388 -0.0034864526666668
389 -0.0070130526666668
390 -0.0078926526666668
391 -0.0019379526666668
392 0.0078159473333332
393 0.0064641473333332
394 0.0016104473333332
395 -0.0024283526666668
396 -0.0048725526666668
397 -0.0077948526666668
398 -0.0013113526666668
399 -0.0004374526666668
400 -0.0030882526666668
401 0.0046353473333332
402 0.0058786473333332
403 0.0052404473333332
404 0.0026159473333332
405 0.0026049473333332
406 -0.0004137526666668
407 0.0041236473333332
408 0.0029053473333332
409 0.0038261473333332
410 -0.0047598526666668
411 -0.0073037526666668
412 -0.0098804526666668
413 -0.0108103526666668
414 -0.0047778526666668
415 0.0001736473333332
416 0.0067787473333332
417 0.0086139473333332
418 0.0035524473333332
419 0.0027742473333332
420 0.0111360473333332
421 0.0077265473333332
422 0.0135487473333332
423 0.0207577473333332
424 0.0124499473333332
425 0.0060832473333332
426 0.0208013473333332
427 0.0271188473333332
428 0.0185723473333332
429 0.0167344473333332
430 0.0187885473333332
431 0.0138367473333332
432 0.0084637473333332
433 0.0036633473333332
434 0.0061491473333332
435 0.0129020473333332
436 0.0170078473333332
437 0.0081779473333332
438 0.0064595473333332
439 0.0176171473333332
440 0.0158413473333332
441 0.0084587473333332
442 0.0065649473333332
443 0.0053636473333332
444 0.0020263473333332
445 0.0048692473333332
446 0.0031201473333332
447 -0.0031261526666668
448 -0.0041194526666668
449 -0.0043948526666668
450 -0.0055086526666668
451 -0.0034730526666668
452 -0.0078906526666668
453 -0.0057911526666668
454 -0.0058709526666668
455 -0.0048338526666668
456 -0.0058209526666668
457 -0.0092753526666668
458 -0.0064533526666668
459 -0.0050854526666668
460 -0.0089151526666668
461 -0.0125738526666668
462 -0.0109260526666668
463 -0.0053569526666668
464 -0.0023861526666668
465 -0.0024623526666668
466 -0.0062602526666668
467 -0.0075124526666668
468 -0.0066853526666668
469 -0.0074462526666668
470 -0.0079789526666668
471 -0.0003870526666668
472 0.0028969473333332
473 -0.0002928526666668
474 -0.0005981526666668
475 -0.0006326526666668
476 -0.0026451526666668
477 -0.0063858526666668
478 -0.0052883526666668
479 -0.0015814526666668
480 -0.0001165526666668
481 0.0008587473333332
482 0.0104200473333332
483 0.0105368473333332
484 0.0119970473333332
485 0.0111583473333332
486 0.0051515473333332
487 -0.0006196526666668
488 0.0020241473333332
489 0.0026858473333332
490 -0.0012238526666668
491 -0.0043420526666668
492 -0.0024789526666668
493 -0.0015665526666668
494 -0.0059271526666668
495 -0.0059212526666668
496 -0.0067498526666668
497 -0.0068032526666668
498 0.0056438473333332
499 -0.0001401526666668
500 0.0031463473333332
501 -0.0004061526666668
502 -0.0035825526666668
503 -0.0005897526666668
504 0.0039880473333332
505 0.0021441473333332
506 -0.0006266526666668
507 -0.0076269526666668
508 -0.0064260526666668
509 -0.0113885526666668
510 -0.0120024526666668
511 -0.0074845526666668
512 -0.0074200526666668
513 -0.0090648526666668
514 -0.0095367526666668
515 -0.0116122526666668
516 -0.0042654526666668
517 -0.0075421526666668
518 -0.0050753526666668
519 -0.0081281526666668
520 -0.0067145526666668
521 0.0005769473333332
522 -0.0071737526666668
523 -0.0052692526666668
524 -0.0096704526666668
525 -0.0124575526666668
526 -0.0070631526666668
527 -0.0052361526666668
528 -0.0016645526666668
529 -0.0025641526666668
530 -0.0112245526666668
531 -0.0117775526666668
532 -0.0003716526666668
533 0.0061739473333332
534 0.0101901473333332
535 0.0119405473333332
536 0.0062390473333332
537 0.0069610473333332
538 0.0153010473333332
539 0.0229448473333332
540 0.0178613473333332
541 0.0075648473333332
542 0.0017300473333332
543 0.0026956473333332
544 0.0042777473333332
545 0.0064524473333332
546 0.0074369473333332
547 0.0031431473333332
548 0.0032960473333332
549 0.0052940473333332
550 0.0011751473333332
551 -0.0039050526666668
552 -0.0063600526666668
553 -0.0094038526666668
554 -0.0091344526666668
555 -0.0118043526666668
556 -0.0127709526666668
557 -0.0181799526666668
558 -0.0117028526666668
559 -0.0106212526666668
560 -0.0155673526666668
561 -0.0140840526666668
562 -0.0074537526666668
563 -0.0072343526666668
564 -0.0114077526666668
565 -0.0049336526666668
566 -0.0004722526666668
567 -0.0019772526666668
568 -0.0044445526666668
569 0.0017568473333332
570 0.0039742473333332
571 0.0055499473333332
572 0.0061656473333332
573 0.0020737473333332
574 0.0025769473333332
575 0.0002598473333332
576 -0.0035715526666668
577 0.0005827473333332
578 0.0043097473333332
579 -0.0039439526666668
580 0.0050652473333332
581 -0.0022062526666668
582 -0.0063684526666668
583 -0.0044402526666668
584 -0.0076903526666668
585 -0.0035883526666668
586 -0.0027899526666668
587 -0.0065079526666668
588 -0.0093224526666668
589 -0.0132731526666668
590 -0.0139171526666668
591 -0.0085877526666668
592 -0.0108235526666668
593 -0.0111516526666668
594 -0.0095626526666668
595 -0.0142396526666668
596 -0.0088186526666668
597 -0.0118918526666668
598 -0.0138811526666668
599 -0.0138649526666668
600 -0.0169456526666668
1 0.7677157473333331
2 0.4599242473333332
3 0.3133523473333332
4 0.2345832473333332
5 0.1791542473333332
6 0.1362733473333332
7 0.1040834473333332
8 0.0713622473333332
9 0.0606218473333332
10 0.0500123473333332
11 0.0339888473333332
12 0.0267809473333332
13 0.0222059473333332
14 0.0153201473333332
15 0.0042873473333332
16 0.0025955473333332
17 -0.0054069526666668
18 -0.0087730526666668
19 -0.0125015526666668
20 -0.0124923526666668
21 -0.0113474526666668
22 -0.0134562526666668
23 -0.0091626526666668
24 -0.0119106526666668
25 -0.0176277526666668
26 -0.0161807526666668
27 -0.0109927526666668
28 -0.0115064526666668
29 -0.0150701526666668
30 -0.0172530526666668
31 -0.0123392526666668
32 -0.0097927526666668
33 -0.0120782526666668
34 -0.0101081526666668
35 -0.0120650526666668
36 -0.0150723526666668
37 -0.0112645526666668
38 -0.0137431526666668
39 -0.0155931526666668
40 -0.0150681526666668
41 -0.0176712526666668
42 -0.0170177526666668
43 -0.0189273526666668
44 -0.0149528526666668
45 -0.0097133526666668
46 -0.0103750526666668
47 -0.0128725526666668
48 0.0029559473333332
49 0.0089985473333332
50 0.0046997473333332
51 0.0008171473333332
52 -0.0059741526666668
53 -0.0070520526666668
54 -0.0065694526666668
55 -0.0085019526666668
56 -0.0053518526666668
57 -0.0072340526666668
58 -0.0065181526666668
59 -0.0065152526666668
60 -0.0075274526666668
61 -0.0034605526666668
62 -0.0052809526666668
63 -0.0062088526666668
64 -0.0061168526666668
65 -0.0068460526666668
66 -0.0051989526666668
67 -0.0022140526666668
68 -0.0059431526666668
69 -0.0079292526666668
70 0.0016742473333332
71 -0.0018727526666668
72 -0.0034409526666668
73 -0.0037292526666668
74 -0.0086509526666668
75 -0.0073648526666668
76 -0.0031824526666668
77 -0.0011133526666668
78 -0.0031313526666668
79 -0.0049044526666668
80 -0.0057569526666668
81 -0.0134680526666668
82 -0.0158207526666668
83 -0.0128894526666668
84 -0.0102059526666668
85 -0.0066454526666668
86 -0.0061757526666668
87 -0.0053381526666668
88 -0.0110612526666668
89 -0.0119058526666668
90 -0.0143785526666668
91 -0.0137112526666668
92 -0.0135771526666668
93 -0.0146647526666668
94 -0.0117495526666668
95 -0.0140414526666668
96 -0.0044492526666668
97 0.0024880473333332
98 0.0031120473333332
99 0.0023588473333332
100 0.0066332473333332
101 0.0050398473333332
102 0.0021863473333332
103 0.0098082473333332
104 0.0058698473333332
105 0.0025666473333332
106 -0.0006801526666668
107 0.0006287473333332
108 0.0050484473333332
109 -0.0043993526666668
110 -0.0046143526666668
111 -0.0065888526666668
112 -0.0076235526666668
113 -0.0026826526666668
114 0.0018098473333332
115 0.0026781473333332
116 -0.0019536526666668
117 -0.0044515526666668
118 0.0061242473333332
119 0.0120611473333332
120 0.0095289473333332
121 0.0074910473333332
122 0.0017679473333332
123 -0.0049099526666668
124 -0.0017363526666668
125 0.0001152473333332
126 -0.0034996526666668
127 -0.0021514526666668
128 -0.0012361526666668
129 -0.0023021526666668
130 -0.0009979526666668
131 -0.0015535526666668
132 -0.0003780526666668
133 -0.0016794526666668
134 -0.0074953526666668
135 -0.0114302526666668
136 -0.0103719526666668
137 -0.0054083526666668
138 0.0004442473333332
139 0.0089542473333332
140 0.0052026473333332
141 0.0023206473333332
142 -0.0021834526666668
143 0.0001819473333332
144 0.0051267473333332
145 -0.0007921526666668
146 0.0050779473333332
147 0.0007426473333332
148 -0.0044778526666668
149 0.0029492473333332
150 -0.0013323526666668
151 -0.0038519526666668
152 -0.0071551526666668
153 -0.0057419526666668
154 0.0026120473333332
155 0.0056705473333332
156 0.0004219473333332
157 -0.0045331526666668
158 0.0032330473333332
159 0.0040018473333332
160 -0.0007821526666668
161 0.0006611473333332
162 0.0050821473333332
163 0.0046885473333332
164 0.0015392473333332
165 0.0027389473333332
166 0.0086235473333332
167 0.0034639473333332
168 0.0013499473333332
169 -0.0029312526666668
170 -0.0001033526666668
171 0.0014254473333332
172 0.0005154473333332
173 -0.0025753526666668
174 -0.0001884526666668
175 -0.0058823526666668
176 -0.0056481526666668
177 -0.0062609526666668
178 -0.0076522526666668
179 -0.0092866526666668
180 -0.0089532526666668
181 -0.0069482526666668
182 -0.0046735526666668
183 -0.0036226526666668
184 -0.0041951526666668
185 0.0029404473333332
186 0.0009049473333332
187 0.0018252473333332
188 -0.0046935526666668
189 -0.0048645526666668
190 -0.0055109526666668
191 -0.0050886526666668
192 -0.0051586526666668
193 -0.0006285526666668
194 0.0011443473333332
195 0.0033110473333332
196 -0.0015025526666668
197 -0.0040840526666668
198 -0.0014541526666668
199 0.0047542473333332
200 0.0030821473333332
201 -0.0009409526666668
202 -0.0050696526666668
203 0.0029652473333332
204 0.0091345473333332
205 0.0076820473333332
206 -0.0017385526666668
207 -0.0017029526666668
208 -0.0024109526666668
209 -0.0024329526666668
210 -0.0071967526666668
211 0.0002842473333332
212 -0.0015219526666668
213 -0.0056988526666668
214 -0.0010426526666668
215 0.0104300473333332
216 0.0159862473333332
217 0.0116344473333332
218 0.0019352473333332
219 -0.0046192526666668
220 -0.0006464526666668
221 -0.0016143526666668
222 -0.0067331526666668
223 -0.0072087526666668
224 -0.0108426526666668
225 -0.0102102526666668
226 -0.0088092526666668
227 -0.0058796526666668
228 -0.0025940526666668
229 0.0051485473333332
230 0.0071912473333332
231 0.0024284473333332
232 0.0043816473333332
233 -0.0018163526666668
234 -0.0033907526666668
235 0.0027677473333332
236 0.0078872473333332
237 0.0076244473333332
238 0.0005910473333332
239 -0.0042045526666668
240 -0.0071754526666668
241 -0.0084949526666668
242 -0.0078583526666668
243 -0.0036072526666668
244 -0.0036300526666668
245 -0.0075001526666668
246 -0.0079373526666668
247 -0.0007145526666668
248 -0.0035105526666668
249 -0.0020939526666668
250 -0.0005499526666668
251 0.0035128473333332
252 0.0083861473333332
253 -0.0018927526666668
254 -0.0015342526666668
255 0.0011121473333332
256 -0.0046856526666668
257 -0.0089467526666668
258 -0.0018725526666668
259 -0.0045414526666668
260 -0.0007348526666668
261 0.0041109473333332
262 0.0053327473333332
263 0.0054575473333332
264 0.0041813473333332
265 0.0072699473333332
266 0.0090781473333332
267 0.0020153473333332
268 0.0073622473333332
269 0.0071241473333332
270 0.0127684473333332
271 0.0082669473333332
272 0.0000033473333332
273 -0.0083915526666668
274 -0.0123739526666668
275 -0.0054835526666668
276 -0.0083458526666668
277 -0.0092834526666668
278 -0.0097759526666668
279 -0.0144172526666668
280 -0.0120073526666668
281 -0.0101080526666668
282 -0.0128706526666668
283 -0.0142854526666668
284 -0.0092120526666668
285 -0.0043856526666668
286 -0.0057932526666668
287 -0.0053229526666668
288 -0.0097307526666668
289 -0.0060864526666668
290 -0.0033310526666668
291 -0.0051992526666668
292 -0.0104711526666668
293 -0.0101322526666668
294 -0.0118229526666668
295 -0.0104862526666668
296 -0.0076741526666668
297 -0.0032964526666668
298 0.0068205473333332
299 0.0000981473333332
300 -0.0019350526666668
301 -0.0062051526666668
302 -0.0104233526666668
303 -0.0016330526666668
304 -0.0023122526666668
305 -0.0070153526666668
306 -0.0026649526666668
307 -0.0000862526666668
308 -0.0087056526666668
309 -0.0137434526666668
310 -0.0115196526666668
311 -0.0091125526666668
312 -0.0040155526666668
313 -0.0064902526666668
314 -0.0104839526666668
315 -0.0112334526666668
316 -0.0075349526666668
317 -0.0042833526666668
318 -0.0063716526666668
319 -0.0073239526666668
320 0.0017796473333332
321 0.0076368473333332
322 -0.0003335526666668
323 0.0018519473333332
324 0.0039921473333332
325 0.0006676473333332
326 -0.0051806526666668
327 -0.0051759526666668
328 -0.0092135526666668
329 -0.0083714526666668
330 0.0021973473333332
331 -0.0012223526666668
332 -0.0033332526666668
333 -0.0080446526666668
334 -0.0035560526666668
335 0.0009727473333332
336 0.0013828473333332
337 -0.0058025526666668
338 -0.0088714526666668
339 0.0009975473333332
340 -0.0037907526666668
341 -0.0015148526666668
342 -0.0037917526666668
343 -0.0003640526666668
344 -0.0009729526666668
345 -0.0019479526666668
346 -0.0032100526666668
347 -0.0034651526666668
348 -0.0029962526666668
349 -0.0079181526666668
350 -0.0129284526666668
351 -0.0126591526666668
352 -0.0151898526666668
353 -0.0123440526666668
354 -0.0156504526666668
355 -0.0127949526666668
356 -0.0120537526666668
357 -0.0138757526666668
358 -0.0158612526666668
359 -0.0131312526666668
360 -0.0219536526666668
361 -0.0281343526666668
362 -0.0230071526666668
363 -0.0170359526666668
364 -0.0193579526666668
365 -0.0210272526666668
366 -0.0225769526666668
367 -0.0242548526666668
368 -0.0194716526666668
369 -0.0164993526666668
370 -0.0179064526666668
371 -0.0202293526666668
372 -0.0194337526666668
373 -0.0192126526666668
374 -0.0195796526666668
375 -0.0224016526666668
376 -0.0220801526666668
377 -0.0229548526666668
378 -0.0228964526666668
379 -0.0219002526666668
380 -0.0207717526666668
381 -0.0216241526666668
382 -0.0238321526666668
383 -0.0238829526666668
384 -0.0223723526666668
385 -0.0226069526666668
386 -0.0209068526666668
387 -0.0140323526666668
388 -0.0124356526666668
389 -0.0195946526666668
390 -0.0210322526666668
391 -0.0227893526666668
392 -0.0245646526666668
393 -0.0218926526666668
394 -0.0220751526666668
395 -0.0187689526666668
396 -0.0184333526666668
397 -0.0190823526666668
398 -0.0192411526666668
399 -0.0164246526666668
400 -0.0063643526666668
401 -0.0082924526666668
402 -0.0159372526666668
403 -0.0150860526666668
404 -0.0101841526666668
405 -0.0121067526666668
406 -0.0186766526666668
407 -0.0195971526666668
408 -0.0174353526666668
409 -0.0195930526666668
410 -0.0257646526666668
411 -0.0220554526666668
412 -0.0204291526666668
413 -0.0158000526666668
414 -0.0198423526666668
415 -0.0144185526666668
416 -0.0105075526666668
417 -0.0095805526666668
418 -0.0154401526666668
419 -0.0121602526666668
420 -0.0142237526666668
421 -0.0089565526666668
422 0.0012870473333332
423 -0.0012330526666668
424 0.0015219473333332
425 0.0042785473333332
426 0.0019226473333332
427 0.0084947473333332
428 0.0046427473333332
429 0.0025317473333332
430 -0.0013373526666668
431 0.0022668473333332
432 0.0029305473333332
433 0.0029311473333332
434 0.0017521473333332
435 0.0010680473333332
436 -0.0022220526666668
437 -0.0032002526666668
438 -0.0051498526666668
439 -0.0041707526666668
440 -0.0056034526666668
441 -0.0093664526666668
442 -0.0142132526666668
443 -0.0121805526666668
444 -0.0079263526666668
445 -0.0033588526666668
446 -0.0063451526666668
447 -0.0154776526666668
448 -0.0122518526666668
449 -0.0114512526666668
450 -0.0101843526666668
451 -0.0127163526666668
452 -0.0195541526666668
453 -0.0156880526666668
454 -0.0118219526666668
455 -0.0053377526666668
456 -0.0076834526666668
457 -0.0106127526666668
458 -0.0054378526666668
459 -0.0035892526666668
460 -0.0070153526666668
461 -0.0101194526666668
462 -0.0101095526666668
463 -0.0099551526666668
464 -0.0109581526666668
465 -0.0037590526666668
466 -0.0043156526666668
467 -0.0025572526666668
468 -0.0026943526666668
469 -0.0062219526666668
470 -0.0036045526666668
471 0.0004702473333332
472 -0.0069480526666668
473 -0.0034800526666668
474 -0.0037548526666668
475 -0.0106583526666668
476 -0.0108903526666668
477 -0.0079766526666668
478 -0.0064692526666668
479 -0.0028143526666668
480 -0.0028728526666668
481 -0.0022726526666668
482 -0.0064976526666668
483 -0.0037362526666668
484 -0.0013478526666668
485 -0.0035390526666668
486 0.0014415473333332
487 0.0009248473333332
488 0.0040198473333332
489 -0.0017562526666668
490 -0.0039571526666668
491 0.0027615473333332
492 0.0004553473333332
493 -0.0065640526666668
494 -0.0051822526666668
495 -0.0012376526666668
496 -0.0041012526666668
497 -0.0049907526666668
498 -0.0061398526666668
499 -0.0020610526666668
500 -0.0054531526666668
501 -0.0063493526666668
502 -0.0074221526666668
503 -0.0065887526666668
504 -0.0126227526666668
505 -0.0119790526666668
506 -0.0046640526666668
507 0.0008755473333332
508 -0.0028120526666668
509 -0.0033436526666668
510 -0.0043129526666668
511 0.0055568473333332
512 0.0072625473333332
513 0.0044477473333332
514 0.0006073473333332
515 0.0020070473333332
516 0.0067359473333332
517 0.0090170473333332
518 0.0047324473333332
519 0.0008245473333332
520 -0.0020312526666668
521 0.0011952473333332
522 0.0054332473333332
523 0.0030785473333332
524 0.0005063473333332
525 0.0048920473333332
526 -0.0036433526666668
527 -0.0067878526666668
528 -0.0100299526666668
529 -0.0130056526666668
530 -0.0188155526666668
531 -0.0153451526666668
532 -0.0095427526666668
533 -0.0037205526666668
534 -0.0054491526666668
535 -0.0088061526666668
536 -0.0115928526666668
537 -0.0079097526666668
538 -0.0009616526666668
539 0.0040479473333332
540 0.0025214473333332
541 0.0079961473333332
542 0.0023354473333332
543 0.0047535473333332
544 0.0055182473333332
545 -0.0007568526666668
546 -0.0005320526666668
547 0.0033039473333332
548 0.0014423473333332
549 0.0009441473333332
550 0.0018479473333332
551 -0.0002207526666668
552 -0.0006695526666668
553 -0.0028557526666668
554 0.0001342473333332
555 -0.0052660526666668
556 -0.0022756526666668
557 -0.0019587526666668
558 -0.0016431526666668
559 0.0071374473333332
560 -0.0019101526666668
561 -0.0045392526666668
562 0.0034565473333332
563 0.0049026473333332
564 -0.0030079526666668
565 0.0000220473333332
566 0.0026654473333332
567 -0.0033970526666668
568 -0.0076960526666668
569 -0.0025269526666668
570 0.0028566473333332
571 0.0056973473333332
572 0.0068008473333332
573 -0.0000939526666668
574 -0.0014443526666668
575 0.0011818473333332
576 0.0032116473333332
577 0.0038817473333332
578 -0.0003268526666668
579 -0.0024668526666668
580 -0.0064836526666668
581 -0.0119115526666668
582 -0.0106915526666668
583 -0.0114928526666668
584 -0.0144754526666668
585 -0.0111364526666668
586 -0.0113465526666668
587 -0.0199208526666668
588 -0.0162980526666668
589 -0.0053659526666668
590 -0.0039090526666668
591 -0.0007038526666668
592 -0.0032996526666668
593 -0.0049864526666668
594 -0.0063418526666668
595 -0.0099630526666668
596 -0.0067382526666668
597 -0.0081374526666668
598 -0.0150712526666668
599 -0.0194831526666668
600 -0.0148641526666668
1 0.7062308473333332
2 0.4060029473333332
3 0.3137492473333332
4 0.2296642473333332
5 0.1374696473333332
6 0.0912732473333332
7 0.0743973473333332
8 0.0574234473333332
9 0.0413697473333332
10 0.0262222473333332
11 0.0243585473333332
12 0.0219974473333332
13 0.0165665473333332
14 0.0100027473333332
15 -0.0034244526666668
16 -0.0056649526666668
17 -0.0006511526666668
18 -0.0020544526666668
19 0.0000986473333332
20 -0.0032455526666668
21 -0.0028162526666668
22 -0.0028094526666668
23 -0.0022059526666668
24 -0.0015365526666668
25 -0.0026706526666668
26 -0.0083892526666668
27 0.0017356473333332
28 0.0009674473333332
29 0.0083607473333332
30 0.0079493473333332
31 -0.0085203526666668
32 -0.0047168526666668
33 0.0088492473333332
34 0.0041035473333332
35 -0.0012934526666668
36 -0.0062789526666668
37 -0.0078715526666668
38 -0.0047959526666668
39 -0.0065663526666668
40 -0.0046052526666668
41 -0.0035088526666668
42 -0.0022242526666668
43 0.0024471473333332
44 -0.0030317526666668
45 -0.0037324526666668
46 0.0017266473333332
47 -0.0034774526666668
48 -0.0036681526666668
49 0.0028848473333332
50 0.0058217473333332
51 -0.0014881526666668
52 -0.0004963526666668
53 -0.0004824526666668
54 -0.0062283526666668
55 0.0014244473333332
56 -0.0006628526666668
57 -0.0008178526666668
58 -0.0036095526666668
59 -0.0048261526666668
60 -0.0025389526666668
61 -0.0032562526666668
62 -0.0046036526666668
63 -0.0047079526666668
64 -0.0016133526666668
65 0.0036486473333332
66 0.0062211473333332
67 0.0106431473333332
68 0.0102578473333332
69 0.0181950473333332
70 0.0185265473333332
71 0.0104974473333332
72 0.0111385473333332
73 0.0176428473333332
74 0.0163648473333332
75 0.0142324473333332
76 0.0083378473333332
77 0.0113039473333332
78 0.0150556473333332
79 0.0214439473333332
80 0.0146803473333332
81 0.0156594473333332
82 0.0143708473333332
83 0.0043004473333332
84 0.0008778473333332
85 0.0046283473333332
86 0.0022781473333332
87 -0.0019345526666668
88 -0.0031713526666668
89 0.0057465473333332
90 0.0023819473333332
91 -0.0000238526666668
92 0.0003609473333332
93 0.0008788473333332
94 -0.0005312526666668
95 0.0010292473333332
96 -0.0000392526666668
97 -0.0046508526666668
98 -0.0000025526666668
99 -0.0027834526666668
100 -0.0027459526666668
101 0.0011200473333332
102 -0.0023535526666668
103 -0.0022692526666668
104 0.0021420473333332
105 0.0126236473333332
106 0.0123163473333332
107 0.0034907473333332
108 -0.0028060526666668
109 0.0051275473333332
110 0.0079706473333332
111 0.0042438473333332
112 0.0037397473333332
113 -0.0002906526666668
114 -0.0039305526666668
115 -0.0028324526666668
116 0.0013828473333332
117 0.0082179473333332
118 0.0011334473333332
119 -0.0059095526666668
120 -0.0096424526666668
121 -0.0035561526666668
122 -0.0073048526666668
123 -0.0055665526666668
124 -0.0007814526666668
125 -0.0004663526666668
126 -0.0021070526666668
127 -0.0058831526666668
128 -0.0118670526666668
129 -0.0064926526666668
130 0.0012954473333332
131 0.0019503473333332
132 0.0042525473333332
133 0.0096159473333332
134 0.0145470473333332
135 0.0165488473333332
136 0.0132495473333332
137 0.0072556473333332
138 0.0035212473333332
139 0.0009426473333332
140 0.0027150473333332
141 0.0066076473333332
142 0.0169514473333332
143 0.0072874473333332
144 0.0008708473333332
145 0.0031059473333332
146 0.0039423473333332
147 0.0056375473333332
148 0.0046104473333332
149 -0.0020672526666668
150 -0.0058677526666668
151 -0.0133561526666668
152 -0.0091276526666668
153 -0.0121591526666668
154 -0.0082888526666668
155 -0.0100218526666668
156 -0.0067543526666668
157 -0.0046425526666668
158 -0.0014489526666668
159 -0.0025940526666668
160 -0.0037023526666668
161 -0.0086515526666668
162 -0.0036995526666668
163 -0.0008512526666668
164 0.0025186473333332
165 0.0050421473333332
166 -0.0026533526666668
167 -0.0070046526666668
168 -0.0028534526666668
169 -0.0082177526666668
170 -0.0063390526666668
171 0.0019704473333332
172 0.0079573473333332
173 0.0095717473333332
174 0.0073547473333332
175 0.0004544473333332
176 -0.0033350526666668
177 -0.0102307526666668
178 -0.0095406526666668
179 -0.0093977526666668
180 -0.0112208526666668
181 -0.0097468526666668
182 -0.0047428526666668
183 -0.0080502526666668
184 -0.0122850526666668
185 -0.0076336526666668
186 -0.0078199526666668
187 -0.0057311526666668
188 -0.0054777526666668
189 -0.0012758526666668
190 -0.0076000526666668
191 -0.0087002526666668
192 -0.0122044526666668
193 -0.0095063526666668
194 -0.0090139526666668
195 -0.0068281526666668
196 -0.0102415526666668
197 -0.0108614526666668
198 -0.0053364526666668
199 -0.0033507526666668
200 -0.0024137526666668
201 -0.0039689526666668
202 -0.0044209526666668
203 -0.0071492526666668
204 -0.0047395526666668
205 -0.0040361526666668
206 -0.0042485526666668
207 -0.0044064526666668
208 -0.0079960526666668
209 -0.0090251526666668
210 -0.0077278526666668
211 0.0007592473333332
212 0.0067702473333332
213 0.0155940473333332
214 0.0088346473333332
215 0.0044141473333332
216 0.0098365473333332
217 0.0105368473333332
218 0.0077997473333332
219 0.0082868473333332
220 0.0184318473333332
221 0.0088611473333332
222 -0.0032343526666668
223 0.0030964473333332
224 0.0007262473333332
225 -0.0062069526666668
226 -0.0023576526666668
227 0.0022375473333332
228 0.0015250473333332
229 -0.0027145526666668
230 -0.0065691526666668
231 -0.0063447526666668
232 0.0003081473333332
233 0.0030643473333332
234 0.0033533473333332
235 0.0006084473333332
236 0.0038663473333332
237 0.0166289473333332
238 0.0122536473333332
239 0.0101031473333332
240 0.0096415473333332
241 0.0064022473333332
242 -0.0000757526666668
243 -0.0014965526666668
244 -0.0033780526666668
245 -0.0028518526666668
246 -0.0004112526666668
247 0.0019862473333332
248 0.0018753473333332
249 0.0048545473333332
250 0.0048851473333332
251 0.0027488473333332
252 -0.0002486526666668
253 0.0035388473333332
254 0.0001563473333332
255 -0.0016491526666668
256 0.0095089473333332
257 0.0137205473333332
258 0.0088708473333332
259 0.0100446473333332
260 0.0085982473333332
261 0.0085970473333332
262 0.0066503473333332
263 0.0089441473333332
264 0.0080718473333332
265 0.0097180473333332
266 0.0048721473333332
267 0.0000133473333332
268 -0.0027844526666668
269 -0.0104399526666668
270 -0.0055315526666668
271 -0.0064458526666668
272 -0.0018537526666668
273 -0.0022539526666668
274 -0.0017940526666668
275 -0.0023646526666668
276 0.0018164473333332
277 -0.0017672526666668
278 -0.0029131526666668
279 0.0053577473333332
280 0.0040252473333332
281 -0.0022744526666668
282 -0.0034056526666668
283 -0.0068465526666668
284 -0.0042744526666668
285 -0.0042543526666668
286 -0.0105608526666668
287 -0.0069045526666668
288 -0.0079923526666668
289 -0.0084216526666668
290 0.0020513473333332
291 -0.0022862526666668
292 -0.0049729526666668
293 -0.0054291526666668
294 -0.0013547526666668
295 0.0029589473333332
296 -0.0048294526666668
297 -0.0056583526666668
298 -0.0058638526666668
299 -0.0066082526666668
300 -0.0101666526666668
301 -0.0081429526666668
302 -0.0136556526666668
303 -0.0115286526666668
304 -0.0166487526666668
305 -0.0113568526666668
306 -0.0132057526666668
307 -0.0125937526666668
308 -0.0104862526666668
309 -0.0079361526666668
310 -0.0085380526666668
311 -0.0078124526666668
312 -0.0060549526666668
313 0.0036034473333332
314 -0.0003674526666668
315 -0.0039421526666668
316 -0.0106008526666668
317 -0.0071551526666668
318 0.0029839473333332
319 -0.0018509526666668
320 -0.0048648526666668
321 -0.0004213526666668
322 -0.0001659526666668
323 -0.0004259526666668
324 0.0015929473333332
325 0.0013530473333332
326 -0.0003597526666668
327 -0.0097775526666668
328 -0.0079178526666668
329 -0.0010052526666668
330 -0.0014650526666668
331 -0.0117534526666668
332 -0.0037999526666668
333 -0.0064956526666668
334 -0.0130114526666668
335 -0.0098508526666668
336 -0.0089542526666668
337 -0.0080887526666668
338 -0.0110117526666668
339 -0.0160320526666668
340 -0.0156438526666668
341 -0.0181493526666668
342 -0.0139815526666668
343 -0.0100931526666668
344 -0.0067822526666668
345 -0.0049339526666668
346 -0.0074474526666668
347 -0.0069493526666668
348 -0.0067909526666668
349 -0.0051379526666668
350 -0.0018059526666668
351 -0.0043743526666668
352 -0.0073020526666668
353 -0.0134349526666668
354 -0.0209261526666668
355 -0.0107562526666668
356 -0.0036170526666668
357 -0.0107562526666668
358 -0.0124822526666668
359 -0.0095022526666668
360 -0.0087690526666668
361 -0.0041299526666668
362 -0.0050276526666668
363 -0.0039685526666668
364 -0.0068752526666668
365 -0.0115766526666668
366 -0.0085069526666668
367 -0.0067066526666668
368 -0.0097873526666668
369 -0.0123853526666668
370 -0.0145899526666668
371 -0.0153630526666668
372 -0.0132305526666668
373 -0.0141354526666668
374 -0.0118008526666668
375 -0.0101357526666668
376 -0.0048258526666668
377 -0.0018697526666668
378 -0.0020836526666668
379 -0.0044065526666668
380 -0.0002054526666668
381 0.0002971473333332
382 -0.0093678526666668
383 -0.0055643526666668
384 -0.0022554526666668
385 0.0000943473333332
386 -0.0013796526666668
387 -0.0026785526666668
388 0.0044896473333332
389 0.0029176473333332
390 0.0015802473333332
391 0.0001760473333332
392 -0.0017777526666668
393 -0.0063336526666668
394 -0.0124863526666668
395 -0.0117590526666668
396 -0.0065601526666668
397 -0.0078067526666668
398 -0.0087485526666668
399 -0.0109962526666668
400 -0.0102397526666668
401 -0.0045257526666668
402 -0.0060010526666668
403 0.0001686473333332
404 -0.0017748526666668
405 -0.0029030526666668
406 -0.0027240526666668
407 -0.0002884526666668
408 -0.0067343526666668
409 -0.0016246526666668
410 -0.0081544526666668
411 -0.0049448526666668
412 -0.0008708526666668
413 0.0019473473333332
414 -0.0076596526666668
415 -0.0136422526666668
416 -0.0062635526666668
417 -0.0048045526666668
418 0.0020347473333332
419 0.0013254473333332
420 0.0041811473333332
421 0.0034641473333332
422 -0.0025390526666668
423 -0.0037340526666668
424 -0.0027922526666668
425 -0.0093250526666668
426 -0.0029893526666668
427 -0.0013101526666668
428 -0.0065191526666668
429 -0.0086638526666668
430 -0.0076030526666668
431 -0.0108168526666668
432 -0.0152820526666668
433 -0.0119139526666668
434 -0.0170040526666668
435 -0.0197260526666668
436 -0.0218401526666668
437 -0.0219906526666668
438 -0.0232435526666668
439 -0.0241128526666668
440 -0.0191513526666668
441 -0.0111739526666668
442 -0.0063036526666668
443 -0.0094401526666668
444 0.0008409473333332
445 0.0002185473333332
446 0.0040842473333332
447 0.0013740473333332
448 0.0067079473333332
449 0.0069708473333332
450 0.0019618473333332
451 -0.0019308526666668
452 -0.0012192526666668
453 -0.0014829526666668
454 0.0065559473333332
455 0.0108993473333332
456 0.0151215473333332
457 0.0047783473333332
458 -0.0011256526666668
459 -0.0010306526666668
460 0.0067232473333332
461 0.0051038473333332
462 0.0013641473333332
463 0.0023477473333332
464 -0.0020155526666668
465 -0.0088817526666668
466 0.0048552473333332
467 0.0084778473333332
468 0.0051975473333332
469 0.0075787473333332
470 0.0044719473333332
471 0.0022189473333332
472 0.0093707473333332
473 0.0049958473333332
474 -0.0012611526666668
475 -0.0059540526666668
476 -0.0092877526666668
477 -0.0068464526666668
478 -0.0107169526666668
479 -0.0148097526666668
480 -0.0111492526666668
481 -0.0093115526666668
482 -0.0073884526666668
483 -0.0111553526666668
484 -0.0091154526666668
485 -0.0067180526666668
486 -0.0057168526666668
487 -0.0031716526666668
488 -0.0003036526666668
489 -0.0028805526666668
490 -0.0003383526666668
491 -0.0025313526666668
492 -0.0036568526666668
493 0.0003803473333332
494 -0.0003221526666668
495 0.0014995473333332
496 0.0022648473333332
497 0.0102582473333332
498 0.0102888473333332
499 0.0193961473333332
500 0.0194672473333332
501 0.0204383473333332
502 0.0189071473333332
503 0.0127619473333332
504 -0.0000712526666668
505 0.0008338473333332
506 0.0046594473333332
507 0.0076553473333332
508 0.0107301473333332
509 0.0018963473333332
510 0.0081260473333332
511 0.0048805473333332
512 0.0070424473333332
513 0.0055031473333332
514 0.0003958473333332
515 0.0061687473333332
516 0.0087408473333332
517 0.0016172473333332
518 0.0089758473333332
519 0.0070637473333332
520 0.0056664473333332
521 0.0036841473333332
522 -0.0036118526666668
523 -0.0048791526666668
524 -0.0073997526666668
525 -0.0130905526666668
526 -0.0098769526666668
527 -0.0102113526666668
528 -0.0040876526666668
529 -0.0095399526666668
530 -0.0023633526666668
531 0.0018021473333332
532 -0.0036217526666668
533 0.0024960473333332
534 -0.0021215526666668
535 -0.0073291526666668
536 -0.0055666526666668
537 -0.0031131526666668
538 0.0016110473333332
539 0.0005541473333332
540 0.0013527473333332
541 -0.0015789526666668
542 0.0007820473333332
543 0.0015747473333332
544 0.0100260473333332
545 0.0075623473333332
546 0.0024578473333332
547 0.0043115473333332
548 0.0039224473333332
549 -0.0027794526666668
550 -0.0104924526666668
551 -0.0037660526666668
552 0.0040536473333332
553 -0.0007448526666668
554 0.0028312473333332
555 0.0131953473333332
556 0.0101753473333332
557 0.0106358473333332
558 0.0069608473333332
559 0.0054506473333332
560 0.0026586473333332
561 -0.0009141526666668
562 -0.0039268526666668
563 0.0046466473333332
564 0.0116961473333332
565 0.0060960473333332
566 0.0123959473333332
567 0.0157029473333332
568 0.0098394473333332
569 0.0104841473333332
570 0.0028048473333332
571 0.0053664473333332
572 0.0052878473333332
573 0.0052678473333332
574 -0.0037359526666668
575 -0.0096484526666668
576 -0.0056356526666668
577 -0.0046181526666668
578 -0.0060947526666668
579 -0.0058184526666668
580 -0.0008356526666668
581 -0.0001290526666668
582 -0.0047666526666668
583 -0.0100020526666668
584 -0.0031482526666668
585 -0.0055441526666668
586 -0.0063220526666668
587 -0.0000840526666668
588 -0.0053506526666668
589 -0.0013643526666668
590 -0.0004781526666668
591 0.0010069473333332
592 -0.0001543526666668
593 -0.0047709526666668
594 -0.0058360526666668
595 0.0009175473333332
596 -0.0031554526666668
597 0.0013889473333332
598 -0.0017638526666668
599 -0.0039723526666668
600 -0.0014895526666668
1 0.7127797473333333
2 0.4437313473333332
3 0.3162528473333332
4 0.2368711473333332
5 0.1752330473333332
6 0.1212346473333332
7 0.0873488473333332
8 0.0738766473333332
9 0.0540676473333332
10 0.0317984473333332
11 0.0229545473333332
12 0.0153756473333332
13 0.0099395473333332
14 0.0101211473333332
15 0.0056772473333332
16 0.0026514473333332
17 0.0009212473333332
18 -0.0135935526666668
19 -0.0147526526666668
20 -0.0081532526666668
21 -0.0038886526666668
22 -0.0077424526666668
23 -0.0043972526666668
24 -0.0094039526666668
25 -0.0151238526666668
26 -0.0111974526666668
27 -0.0084683526666668
28 -0.0063535526666668
29 -0.0034368526666668
30 -0.0046716526666668
31 -0.0087646526666668
32 -0.0048136526666668
33 -0.0014675526666668
34 0.0000238473333332
35 -0.0066508526666668
36 -0.0051224526666668
37 -0.0049544526666668
38 0.0002272473333332
39 0.0029753473333332
40 0.0019089473333332
41 -0.0000032526666668
42 -0.0084125526666668
43 -0.0066107526666668
44 0.0028471473333332
45 0.0025678473333332
46 -0.0020621526666668
47 -0.0009830526666668
48 -0.0009975526666668
49 0.0070059473333332
50 0.0103776473333332
51 0.0083378473333332
52 0.0028929473333332
53 0.0070208473333332
54 -0.0021709526666668
55 -0.0038386526666668
56 0.0005497473333332
57 -0.0074082526666668
58 -0.0098651526666668
59 -0.0111794526666668
60 -0.0157779526666668
61 -0.0162163526666668
62 -0.0155326526666668
63 -0.0187922526666668
64 -0.0169264526666668
65 -0.0138513526666668
66 -0.0098680526666668
67 -0.0128880526666668
68 -0.0134249526666668
69 -0.0195412526666668
70 -0.0106148526666668
71 -0.0086126526666668
72 -0.0124961526666668
73 -0.0144098526666668
74 -0.0157319526666668
75 -0.0124369526666668
76 -0.0086334526666668
77 -0.0157263526666668
78 -0.0173267526666668
79 -0.0158028526666668
80 -0.0157959526666668
81 -0.0196679526666668
82 -0.0127122526666668
83 -0.0111918526666668
84 -0.0121565526666668
85 -0.0105361526666668
86 -0.0145219526666668
87 -0.0172189526666668
88 -0.0226684526666668
89 -0.0188628526666668
90 -0.0091257526666668
91 -0.0047420526666668
92 -0.0049835526666668
93 -0.0056930526666668
94 -0.0075326526666668
95 -0.0048852526666668
96 -0.0051180526666668
97 -0.0085384526666668
98 -0.0023752526666668
99 0.0039692473333332
100 0.0035735473333332
101 0.0018991473333332
102 0.0033571473333332
103 0.0063546473333332
104 0.0054595473333332
105 -0.0052117526666668
106 -0.0067895526666668
107 -0.0051744526666668
108 -0.0104521526666668
109 -0.0135546526666668
110 -0.0109590526666668
111 -0.0119822526666668
112 -0.0111779526666668
113 -0.0053846526666668
114 -0.0038630526666668
115 -0.0057422526666668
116 -0.0067124526666668
117 -0.0061853526666668
118 0.0004366473333332
119 0.0004097473333332
120 -0.0077567526666668
121 -0.0109877526666668
122 -0.0074590526666668
123 -0.0039365526666668
124 -0.0084485526666668
125 -0.0099493526666668
126 -0.0057979526666668
127 -0.0136991526666668
128 -0.0125719526666668
129 -0.0114794526666668
130 -0.0167075526666668
131 -0.0147256526666668
132 -0.0116976526666668
133 -0.0082474526666668
134 -0.0061922526666668
135 -0.0094548526666668
136 -0.0065180526666668
137 -0.0119357526666668
138 -0.0079745526666668
139 -0.0008672526666668
140 0.0014696473333332
141 0.0018424473333332
142 -0.0002808526666668
143 0.0032395473333332
144 0.0047789473333332
145 0.0028254473333332
146 0.0077059473333332
147 0.0005683473333332
148 -0.0015459526666668
149 -0.0055030526666668
150 -0.0032301526666668
151 -0.0026935526666668
152 -0.0040942526666668
153 0.0003663473333332
154 -0.0047387526666668
155 -0.0067050526666668
156 -0.0048796526666668
157 -0.0058792526666668
158 -0.0063387526666668
159 -0.0096340526666668
160 -0.0116759526666668
161 -0.0104817526666668
162 -0.0094475526666668
163 -0.0099065526666668
164 -0.0097037526666668
165 -0.0013364526666668
166 0.0041222473333332
167 0.0037745473333332
168 0.0000772473333332
169 0.0072710473333332
170 -0.0002729526666668
171 -0.0053219526666668
172 0.0005954473333332
173 0.0021817473333332
174 -0.0024016526666668
175 -0.0079276526666668
176 -0.0057370526666668
177 -0.0033499526666668
178 0.0002926473333332
179 0.0007709473333332
180 -0.0051014526666668
181 -0.0065769526666668
182 -0.0079356526666668
183 -0.0108277526666668
184 -0.0084062526666668
185 -0.0022329526666668
186 -0.0073175526666668
187 -0.0080955526666668
188 0.0001631473333332
189 0.0041536473333332
190 0.0043214473333332
191 -0.0035900526666668
192 -0.0029729526666668
193 0.0004166473333332
194 -0.0075188526666668
195 -0.0026230526666668
196 -0.0016582526666668
197 -0.0036051526666668
198 -0.0008302526666668
199 -0.0039666526666668
200 0.0060245473333332
201 0.0089075473333332
202 0.0062293473333332
203 0.0018118473333332
204 -0.0031761526666668
205 0.0029619473333332
206 0.0089060473333332
207 0.0051893473333332
208 0.0018916473333332
209 -0.0002118526666668
210 -0.0005635526666668
211 -0.0030557526666668
212 -0.0100090526666668
213 -0.0086803526666668
214 -0.0055990526666668
215 -0.0074015526666668
216 -0.0095121526666668
217 -0.0035768526666668
218 -0.0105978526666668
219 -0.0117486526666668
220 -0.0160082526666668
221 -0.0160155526666668
222 -0.0098262526666668
223 -0.0085708526666668
224 -0.0106783526666668
225 -0.0161237526666668
226 -0.0110538526666668
227 -0.0135542526666668
228 -0.0181815526666668
229 -0.0164854526666668
230 -0.0081711526666668
231 -0.0028707526666668
232 0.0041409473333332
233 0.0073795473333332
234 0.0066685473333332
235 0.0017423473333332
236 0.0038610473333332
237 0.0071790473333332
238 0.0108003473333332
239 0.0042586473333332
240 0.0120415473333332
241 0.0060830473333332
242 0.0118369473333332
243 0.0060152473333332
244 -0.0029717526666668
245 -0.0041593526666668
246 -0.0013902526666668
247 -0.0046688526666668
248 -0.0009530526666668
249 -0.0008057526666668
250 -0.0004701526666668
251 -0.0038804526666668
252 -0.0039365526666668
253 -0.0035046526666668
254 -0.0078358526666668
255 -0.0043275526666668
256 -0.0083722526666668
257 -0.0066050526666668
258 -0.0017182526666668
259 0.0015735473333332
260 -0.0007562526666668
261 -0.0021331526666668
262 -0.0031096526666668
263 0.0062020473333332
264 0.0118764473333332
265 0.0034328473333332
266 0.0034841473333332
267 0.0144117473333332
268 0.0164270473333332
269 0.0174054473333332
270 0.0169688473333332
271 0.0181641473333332
272 0.0136371473333332
273 0.0119406473333332
274 0.0127648473333332
275 0.0153302473333332
276 0.0190856473333332
277 0.0147358473333332
278 0.0095805473333332
279 0.0101839473333332
280 0.0208633473333332
281 0.0144259473333332
282 0.0150971473333332
283 0.0096375473333332
284 0.0067591473333332
285 0.0050284473333332
286 0.0029383473333332
287 -0.0038858526666668
288 -0.0030486526666668
289 0.0057979473333332
290 0.0021776473333332
291 -0.0012521526666668
292 -0.0019603526666668
293 -0.0017723526666668
294 -0.0022032526666668
295 -0.0037072526666668
296 -0.0016644526666668
297 -0.0042510526666668
298 -0.0030240526666668
299 -0.0093136526666668
300 -0.0089609526666668
301 -0.0048904526666668
302 0.0056522473333332
303 0.0008740473333332
304 -0.0047354526666668
305 -0.0068415526666668
306 -0.0082349526666668
307 -0.0061390526666668
308 -0.0002463526666668
309 -0.0004888526666668
310 0.0054099473333332
311 0.0020561473333332
312 0.0024355473333332
313 -0.0037791526666668
314 -0.0012730526666668
315 0.0034163473333332
316 0.0037236473333332
317 0.0001620473333332
318 -0.0059329526666668
319 -0.0074122526666668
320 -0.0009343526666668
321 0.0028752473333332
322 -0.0047735526666668
323 -0.0073343526666668
324 -0.0025721526666668
325 -0.0027888526666668
326 -0.0063020526666668
327 0.0028594473333332
328 0.0012428473333332
329 -0.0017906526666668
330 0.0067415473333332
331 0.0050338473333332
332 -0.0048936526666668
333 -0.0028606526666668
334 -0.0022885526666668
335 -0.0039993526666668
336 -0.0083897526666668
337 -0.0071666526666668
338 -0.0014143526666668
339 0.0013547473333332
340 0.0034415473333332
341 0.0067855473333332
342 0.0062386473333332
343 0.0081986473333332
344 0.0099240473333332
345 0.0075342473333332
346 0.0037825473333332
347 0.0005984473333332
348 -0.0000620526666668
349 -0.0064337526666668
350 -0.0123915526666668
351 -0.0118075526666668
352 -0.0054434526666668
353 -0.0046104526666668
354 -0.0033737526666668
355 -0.0040108526666668
356 -0.0073613526666668
357 -0.0122388526666668
358 -0.0137287526666668
359 -0.0108405526666668
360 -0.0104012526666668
361 -0.0141155526666668
362 -0.0121968526666668
363 -0.0081704526666668
364 -0.0063806526666668
365 -0.0126048526666668
366 -0.0121649526666668
367 -0.0115932526666668
368 -0.0128052526666668
369 -0.0156697526666668
370 -0.0154991526666668
371 -0.0124132526666668
372 -0.0111938526666668
373 -0.0106249526666668
374 -0.0097443526666668
375 -0.0113568526666668
376 -0.0126490526666668
377 -0.0084943526666668
378 -0.0012503526666668
379 0.0016693473333332
380 -0.0051414526666668
381 -0.0097185526666668
382 -0.0039129526666668
383 -0.0073579526666668
384 -0.0030436526666668
385 0.0020697473333332
386 -0.0031698526666668
387 -0.0047947526666668
388 0.0014631473333332
389 0.0040655473333332
390 -0.0014438526666668
391 -0.0007155526666668
392 -0.0010923526666668
393 -0.0050822526666668
394 -0.0020639526666668
395 -0.0003591526666668
396 0.0027037473333332
397 0.0041331473333332
398 0.0016671473333332
399 -0.0029339526666668
400 0.0043302473333332
401 0.0073144473333332
402 -0.0020124526666668
403 0.0031987473333332
404 0.0069973473333332
405 0.0102000473333332
406 0.0038915473333332
407 0.0065825473333332
408 -0.0002038526666668
409 0.0001692473333332
410 -0.0039017526666668
411 -0.0120084526666668
412 -0.0078774526666668
413 -0.0107232526666668
414 -0.0011208526666668
415 0.0017427473333332
416 0.0032208473333332
417 0.0043366473333332
418 0.0029784473333332
419 0.0067575473333332
420 0.0124906473333332
421 0.0018824473333332
422 0.0101926473333332
423 0.0178362473333332
424 0.0116855473333332
425 0.0089183473333332
426 0.0108977473333332
427 0.0048687473333332
428 0.0058083473333332
429 0.0002666473333332
430 0.0074870473333332
431 0.0024468473333332
432 -0.0020617526666668
433 -0.0075271526666668
434 -0.0116683526666668
435 -0.0113138526666668
436 -0.0095061526666668
437 -0.0071692526666668
438 -0.0075473526666668
439 -0.0018727526666668
440 -0.0030356526666668
441 -0.0005561526666668
442 -0.0027753526666668
443 -0.0048333526666668
444 -0.0016614526666668
445 -0.0009333526666668
446 -0.0012163526666668
447 0.0036017473333332
448 0.0061998473333332
449 0.0029767473333332
450 0.0063225473333332
451 0.0014204473333332
452 0.0024695473333332
453 0.0001957473333332
454 0.0085258473333332
455 0.0037194473333332
456 0.0063694473333332
457 0.0042793473333332
458 0.0008597473333332
459 0.0034330473333332
460 -0.0008293526666668
461 -0.0026342526666668
462 0.0014238473333332
463 -0.0019713526666668
464 0.0033958473333332
465 0.0011722473333332
466 -0.0046760526666668
467 -0.0055078526666668
468 -0.0042696526666668
469 -0.0046726526666668
470 0.0009631473333332
471 -0.0059292526666668
472 -0.0021243526666668
473 0.0004589473333332
474 -0.0024893526666668
475 0.0012939473333332
476 -0.0024996526666668
477 0.0002927473333332
478 -0.0090856526666668
479 -0.0007588526666668
480 -0.0005393526666668
481 -0.0032661526666668
482 -0.0040774526666668
483 -0.0128543526666668
484 -0.0127445526666668
485 -0.0066022526666668
486 -0.0090712526666668
487 -0.0007755526666668
488 0.0019600473333332
489 -0.0017160526666668
490 0.0062237473333332
491 0.0025725473333332
492 -0.0038361526666668
493 0.0012080473333332
494 0.0003564473333332
495 -0.0042339526666668
496 -0.0086372526666668
497 -0.0082564526666668
498 -0.0035403526666668
499 -0.0003645526666668
500 -0.0018311526666668
501 -0.0084451526666668
502 -0.0123574526666668
503 -0.0129696526666668
504 -0.0142315526666668
505 -0.0042866526666668
506 -0.0022576526666668
507 -0.0093405526666668
508 -0.0117227526666668
509 -0.0047361526666668
510 -0.0092706526666668
511 -0.0125977526666668
512 -0.0097080526666668
513 -0.0030781526666668
514 -0.0030422526666668
515 -0.0064964526666668
516 -0.0098732526666668
517 -0.0135856526666668
518 -0.0035934526666668
519 -0.0059288526666668
520 -0.0083935526666668
521 -0.0063420526666668
522 0.0008275473333332
523 0.0018174473333332
524 0.0000549473333332
525 0.0015573473333332
526 -0.0004577526666668
527 -0.0075590526666668
528 -0.0137987526666668
529 -0.0124889526666668
530 -0.0096110526666668
531 -0.0157098526666668
532 -0.0217799526666668
533 -0.0174125526666668
534 -0.0157588526666668
535 -0.0129987526666668
536 -0.0082432526666668
537 -0.0087588526666668
538 -0.0095712526666668
539 -0.0086214526666668
540 -0.0028387526666668
541 0.0015504473333332
542 0.0015132473333332
543 0.0024206473333332
544 0.0054949473333332
545 0.0154637473333332
546 0.0051715473333332
547 -0.0006515526666668
548 -0.0053964526666668
549 -0.0020194526666668
550 0.0060649473333332
551 0.0048511473333332
552 -0.0033752526666668
553 -0.0064935526666668
554 -0.0050085526666668
555 0.0046531473333332
556 -0.0054181526666668
557 -0.0064887526666668
558 -0.0086601526666668
559 -0.0017417526666668
560 -0.0077969526666668
561 0.0013471473333332
562 0.0035048473333332
563 0.0016623473333332
564 0.0101347473333332
565 0.0118074473333332
566 0.0079068473333332
567 -0.0001752526666668
568 -0.0052025526666668
569 0.0057257473333332
570 0.0080199473333332
571 0.0030725473333332
572 0.0048890473333332
573 0.0033243473333332
574 0.0057064473333332
575 -0.0028026526666668
576 -0.0027732526666668
577 0.0071545473333332
578 0.0036506473333332
579 -0.0046196526666668
580 -0.0034092526666668
581 -0.0056500526666668
582 0.0015514473333332
583 -0.0010765526666668
584 -0.0017340526666668
585 0.0058374473333332
586 0.0103828473333332
587 0.0074506473333332
588 0.0092472473333332
589 0.0000910473333332
590 -0.0029265526666668
591 -0.0026730526666668
592 0.0025489473333332
593 0.0010101473333332
594 0.0023590473333332
595 0.0009164473333332
596 -0.0046393526666668
597 0.0028760473333332
598 -0.0040739526666668
599 -0.0056411526666668
600 -0.0066837526666668
1 0.6712171473333333
2 0.4300841473333332
3 0.3158629473333332
4 0.2100424473333332
5 0.1559713473333332
6 0.1390223473333332
7 0.1070897473333332
8 0.0733640473333332
9 0.0628049473333332
10 0.0369013473333332
11 0.0349695473333332
12 0.0202902473333332
13 0.0114221473333332
14 0.0094841473333332
15 0.0091712473333332
16 0.0097809473333332
17 0.0115481473333332
18 0.0094980473333332
19 -0.0010004526666668
20 -0.0015158526666668
21 0.0035087473333332
22 0.0031206473333332
23 0.0034327473333332
24 0.0041374473333332
25 0.0096663473333332
26 0.0042414473333332
27 -0.0023410526666668
28 -0.0060216526666668
29 -0.0000056526666668
30 -0.0033415526666668
31 0.0049595473333332
32 0.0018702473333332
33 -0.0006745526666668
34 -0.0015342526666668
35 -0.0038669526666668
36 -0.0035468526666668
37 -0.0051143526666668
38 -0.0069600526666668
39 -0.0105162526666668
40 -0.0127798526666668
41 -0.0128858526666668
42 -0.0039401526666668
43 -0.0043833526666668
44 -0.0134677526666668
45 -0.0144111526666668
46 -0.0102830526666668
47 -0.0069259526666668
48 -0.0103964526666668
49 -0.0111205526666668
50 -0.0123889526666668
51 -0.0077179526666668
52 -0.0073561526666668
53 -0.0093341526666668
54 -0.0123799526666668
55 -0.0117395526666668
56 -0.0139024526666668
57 -0.0142785526666668
58 -0.0094354526666668
59 -0.0066333526666668
60 -0.0102948526666668
61 -0.0072280526666668
62 -0.0006402526666668
63 -0.0068001526666668
64 -0.0081677526666668
65 0.0009015473333332
66 -0.0003160526666668
67 -0.0102374526666668
68 -0.0093130526666668
69 -0.0108232526666668
70 -0.0103209526666668
71 -0.0061934526666668
72 -0.0087960526666668
73 -0.0065390526666668
74 -0.0114716526666668
75 -0.0163070526666668
76 -0.0179012526666668
77 -0.0184934526666668
78 -0.0170929526666668
79 -0.0132345526666668
80 -0.0093710526666668
81 -0.0028045526666668
82 -0.0005560526666668
83 -0.0074318526666668
84 -0.0079721526666668
85 -0.0107594526666668
86 -0.0080383526666668
87 -0.0005972526666668
88 0.0040951473333332
89 0.0021292473333332
90 -0.0016128526666668
91 0.0023304473333332
92 0.0048464473333332
93 0.0106814473333332
94 0.0091842473333332
95 0.0033088473333332
96 0.0080389473333332
97 0.0145070473333332
98 0.0148095473333332
99 0.0124223473333332
100 0.0103028473333332
101 -0.0022522526666668
102 0.0011037473333332
103 0.0095194473333332
104 0.0094138473333332
105 0.0060615473333332
106 0.0027645473333332
107 0.0022701473333332
108 -0.0028200526666668
109 0.0047414473333332
110 0.0072251473333332
111 0.0009616473333332
112 0.0017813473333332
113 0.0079340473333332
114 0.0042711473333332
115 0.0054287473333332
116 0.0042685473333332
117 -0.0002543526666668
118 -0.0046197526666668
119 -0.0118924526666668
120 -0.0137297526666668
121 -0.0104923526666668
122 0.0003708473333332
123 0.0097507473333332
124 0.0083059473333332
125 0.0041468473333332
126 0.0026471473333332
127 0.0062822473333332
128 0.0020760473333332
129 -0.0062436526666668
130 -0.0050117526666668
131 -0.0054587526666668
132 -0.0111309526666668
133 -0.0019025526666668
134 0.0052883473333332
135 -0.0024017526666668
136 -0.0070830526666668
137 -0.0039153526666668
138 -0.0031234526666668
139 0.0039586473333332
140 0.0007001473333332
141 -0.0067002526666668
142 -0.0055021526666668
143 0.0013012473333332
144 0.0007546473333332
145 -0.0036265526666668
146 0.0011092473333332
147 -0.0012750526666668
148 -0.0044697526666668
149 -0.0037305526666668
150 -0.0042161526666668
151 0.0006801473333332
152 0.0016285473333332
153 -0.0029993526666668
154 -0.0047168526666668
155 -0.0068607526666668
156 -0.0091937526666668
157 -0.0087555526666668
158 -0.0081550526666668
159 -0.0118588526666668
160 -0.0149574526666668
161 -0.0138379526666668
162 -0.0136741526666668
163 -0.0080782526666668
164 -0.0049820526666668
165 -0.0021103526666668
166 -0.0017963526666668
167 -0.0055129526666668
168 -0.0072099526666668
169 -0.0139319526666668
170 -0.0092326526666668
171 -0.0077061526666668
172 -0.0035315526666668
173 -0.0025049526666668
174 -0.0029259526666668
175 0.0054109473333332
176 0.0047091473333332
177 -0.0002905526666668
178 -0.0036261526666668
179 -0.0006752526666668
180 -0.0021651526666668
181 -0.0091363526666668
182 -0.0052654526666668
183 -0.0005990526666668
184 -0.0061580526666668
185 -0.0059256526666668
186 -0.0069264526666668
187 -0.0084477526666668
188 -0.0026185526666668
189 -0.0026993526666668
190 0.0004616473333332
191 0.0023823473333332
192 -0.0008413526666668
193 0.0005343473333332
194 0.0054621473333332
195 0.0038677473333332
196 0.0013664473333332
197 0.0056439473333332
198 0.0049986473333332
199 0.0079441473333332
200 0.0087900473333332
201 0.0066074473333332
202 -0.0013296526666668
203 0.0043442473333332
204 0.0079574473333332
205 0.0076399473333332
206 0.0034123473333332
207 -0.0054442526666668
208 -0.0038853526666668
209 -0.0081797526666668
210 -0.0132982526666668
211 -0.0130164526666668
212 -0.0096338526666668
213 -0.0073432526666668
214 -0.0064334526666668
215 -0.0039479526666668
216 -0.0015274526666668
217 -0.0045370526666668
218 0.0036158473333332
219 -0.0014449526666668
220 -0.0105546526666668
221 -0.0064437526666668
222 -0.0027295526666668
223 -0.0020347526666668
224 0.0015853473333332
225 0.0046376473333332
226 0.0001614473333332
227 0.0005475473333332
228 0.0016081473333332
229 0.0001201473333332
230 -0.0005020526666668
231 0.0005868473333332
232 0.0011042473333332
233 0.0025709473333332
234 0.0055526473333332
235 0.0026837473333332
236 0.0063939473333332
237 0.0058790473333332
238 0.0066105473333332
239 0.0060083473333332
240 -0.0081846526666668
241 -0.0107841526666668
242 -0.0080481526666668
243 -0.0016776526666668
244 0.0031712473333332
245 0.0087262473333332
246 0.0039876473333332
247 -0.0033081526666668
248 -0.0051026526666668
249 0.0003317473333332
250 0.0038578473333332
251 -0.0011570526666668
252 -0.0079327526666668
253 -0.0115965526666668
254 -0.0100772526666668
255 -0.0069063526666668
256 -0.0100086526666668
257 -0.0080002526666668
258 -0.0082653526666668
259 -0.0083332526666668
260 -0.0052478526666668
261 -0.0007621526666668
262 0.0000824473333332
263 -0.0011191526666668
264 -0.0068180526666668
265 -0.0071629526666668
266 -0.0059549526666668
267 -0.0039693526666668
268 -0.0016245526666668
269 -0.0010015526666668
270 -0.0008386526666668
271 0.0044408473333332
272 0.0059985473333332
273 0.0035737473333332
274 0.0084515473333332
275 0.0021446473333332
276 0.0068921473333332
277 0.0073854473333332
278 0.0030076473333332
279 0.0019421473333332
280 0.0116513473333332
281 0.0132722473333332
282 0.0199692473333332
283 0.0181003473333332
284 0.0154792473333332
285 0.0196518473333332
286 0.0216428473333332
287 0.0193116473333332
288 0.0086663473333332
289 0.0100321473333332
290 0.0018429473333332
291 0.0025144473333332
292 -0.0033423526666668
293 0.0005633473333332
294 0.0083593473333332
295 0.0058869473333332
296 -0.0034107526666668
297 -0.0013839526666668
298 -0.0043369526666668
299 -0.0026948526666668
300 -0.0037619526666668
301 -0.0095761526666668
302 -0.0161534526666668
303 -0.0155463526666668
304 -0.0150460526666668
305 -0.0102739526666668
306 -0.0122369526666668
307 -0.0081398526666668
308 -0.0051231526666668
309 -0.0065648526666668
310 -0.0080104526666668
311 -0.0034372526666668
312 0.0036777473333332
313 0.0125217473333332
314 0.0141691473333332
315 0.0090533473333332
316 0.0040576473333332
317 0.0110017473333332
318 0.0043121473333332
319 0.0001358473333332
320 -0.0017241526666668
321 0.0051500473333332
322 0.0105434473333332
323 0.0065958473333332
324 0.0107458473333332
325 0.0073659473333332
326 0.0045527473333332
327 0.0071175473333332
328 0.0187461473333332
329 0.0126160473333332
330 0.0100676473333332
331 0.0110216473333332
332 0.0166056473333332
333 0.0112474473333332
334 0.0152409473333332
335 0.0031101473333332
336 -0.0001658526666668
337 0.0036227473333332
338 -0.0027881526666668
339 -0.0042560526666668
340 -0.0002514526666668
341 0.0011281473333332
342 0.0001491473333332
343 -0.0015091526666668
344 0.0037296473333332
345 0.0131308473333332
346 0.0113709473333332
347 0.0095890473333332
348 -0.0031211526666668
349 -0.0076874526666668
350 -0.0004341526666668
351 0.0046520473333332
352 -0.0019072526666668
353 -0.0053900526666668
354 -0.0022741526666668
355 -0.0046021526666668
356 -0.0021326526666668
357 0.0012621473333332
358 0.0038122473333332
359 0.0083115473333332
360 0.0123602473333332
361 0.0134420473333332
362 -0.0019890526666668
363 0.0005593473333332
364 0.0045025473333332
365 0.0000314473333332
366 -0.0047822526666668
367 -0.0050810526666668
368 -0.0095775526666668
369 -0.0121683526666668
370 -0.0122707526666668
371 -0.0117301526666668
372 -0.0104675526666668
373 -0.0119499526666668
374 -0.0162148526666668
375 -0.0129324526666668
376 -0.0121506526666668
377 -0.0108472526666668
378 -0.0098564526666668
379 -0.0078722526666668
380 -0.0131206526666668
381 -0.0130761526666668
382 -0.0096641526666668
383 -0.0054484526666668
384 -0.0039721526666668
385 -0.0071596526666668
386 -0.0083467526666668
387 -0.0072320526666668
388 -0.0078817526666668
389 -0.0138498526666668
390 -0.0041764526666668
391 0.0013028473333332
392 -0.0043527526666668
393 -0.0048325526666668
394 -0.0009737526666668
395 0.0001095473333332
396 0.0023368473333332
397 0.0068823473333332
398 0.0076304473333332
399 0.0140384473333332
400 0.0141448473333332
401 0.0038638473333332
402 -0.0039226526666668
403 -0.0048333526666668
404 -0.0075312526666668
405 -0.0102984526666668
406 -0.0133286526666668
407 -0.0100122526666668
408 -0.0126757526666668
409 -0.0172001526666668
410 -0.0135834526666668
411 -0.0053076526666668
412 0.0041532473333332
413 0.0056155473333332
414 0.0013162473333332
415 -0.0029329526666668
416 0.0045825473333332
417 0.0107664473333332
418 0.0141257473333332
419 0.0063812473333332
420 -0.0018269526666668
421 0.0017525473333332
422 0.0079246473333332
423 0.0073826473333332
424 0.0012371473333332
425 -0.0053587526666668
426 -0.0036062526666668
427 0.0023491473333332
428 0.0040862473333332
429 -0.0035597526666668
430 -0.0119358526666668
431 -0.0061622526666668
432 -0.0043313526666668
433 -0.0035991526666668
434 -0.0034765526666668
435 -0.0037588526666668
436 0.0017229473333332
437 0.0004408473333332
438 0.0022476473333332
439 -0.0021782526666668
440 -0.0070243526666668
441 -0.0051045526666668
442 -0.0043418526666668
443 0.0041019473333332
444 0.0014813473333332
445 -0.0052661526666668
446 -0.0098978526666668
447 -0.0055546526666668
448 -0.0033414526666668
449 -0.0062485526666668
450 -0.0059033526666668
451 0.0018636473333332
452 0.0022202473333332
453 -0.0063655526666668
454 -0.0081339526666668
455 -0.0029421526666668
456 0.0012898473333332
457 0.0035520473333332
458 0.0115431473333332
459 0.0109598473333332
460 0.0072342473333332
461 0.0030743473333332
462 0.0025211473333332
463 -0.0029374526666668
464 -0.0002312526666668
465 -0.0001236526666668
466 -0.0088250526666668
467 -0.0114665526666668
468 -0.0142208526666668
469 -0.0083306526666668
470 -0.0055645526666668
471 -0.0010208526666668
472 -0.0026234526666668
473 -0.0027739526666668
474 -0.0001635526666668
475 -0.0041863526666668
476 0.0063513473333332
477 0.0048167473333332
478 0.0009503473333332
479 -0.0003974526666668
480 -0.0018405526666668
481 0.0059216473333332
482 0.0052809473333332
483 -0.0001504526666668
484 0.0029774473333332
485 0.0020628473333332
486 -0.0077856526666668
487 -0.0040737526666668
488 -0.0052096526666668
489 -0.0077426526666668
490 -0.0119762526666668
491 -0.0112362526666668
492 -0.0117286526666668
493 -0.0091930526666668
494 -0.0072588526666668
495 -0.0033104526666668
496 -0.0027946526666668
497 -0.0055052526666668
498 -0.0043327526666668
499 -0.0040310526666668
500 0.0000751473333332
501 -0.0013387526666668
502 -0.0042706526666668
503 -0.0008232526666668
504 -0.0064933526666668
505 -0.0097017526666668
506 0.0012574473333332
507 -0.0005859526666668
508 -0.0032804526666668
509 -0.0087941526666668
510 -0.0070346526666668
511 -0.0033556526666668
512 -0.0002000526666668
513 -0.0002558526666668
514 -0.0037146526666668
515 0.0007344473333332
516 -0.0007512526666668
517 -0.0062309526666668
518 -0.0074184526666668
519 -0.0104287526666668
520 -0.0062333526666668
521 -0.0018682526666668
522 -0.0017574526666668
523 0.0012813473333332
524 -0.0021848526666668
525 -0.0099615526666668
526 -0.0058439526666668
527 0.0038938473333332
528 0.0040213473333332
529 -0.0006735526666668
530 0.0058924473333332
531 0.0006524473333332
532 -0.0020839526666668
533 0.0022408473333332
534 -0.0052598526666668
535 -0.0044587526666668
536 -0.0063589526666668
537 -0.0031104526666668
538 -0.0107089526666668
539 -0.0114024526666668
540 -0.0046771526666668
541 -0.0048676526666668
542 -0.0043812526666668
543 -0.0063418526666668
544 -0.0002687526666668
545 -0.0028612526666668
546 -0.0060643526666668
547 0.0019519473333332
548 0.0049938473333332
549 0.0103880473333332
550 0.0013431473333332
551 -0.0049457526666668
552 -0.0063618526666668
553 -0.0032572526666668
554 -0.0029716526666668
555 -0.0059265526666668
556 -0.0084256526666668
557 -0.0050083526666668
558 -0.0068317526666668
559 -0.0056182526666668
560 -0.0020013526666668
561 -0.0015992526666668
562 -0.0015135526666668
563 0.0038458473333332
564 -0.0011384526666668
565 0.0041085473333332
566 0.0100490473333332
567 0.0078447473333332
568 0.0056076473333332
569 0.0072483473333332
570 0.0112690473333332
571 0.0093980473333332
572 0.0064289473333332
573 0.0045919473333332
574 0.0078994473333332
575 0.0009619473333332
576 -0.0009546526666668
577 -0.0008834526666668
578 -0.0016758526666668
579 0.0011885473333332
580 0.0013397473333332
581 -0.0025664526666668
582 -0.0037411526666668
583 -0.0022099526666668
584 -0.0036064526666668
585 -0.0095763526666668
586 -0.0086857526666668
587 -0.0074713526666668
588 -0.0107601526666668
589 -0.0126391526666668
590 -0.0080931526666668
591 -0.0141749526666668
592 -0.0142757526666668
593 -0.0086869526666668
594 0.0008714473333332
595 -0.0059419526666668
596 -0.0007503526666668
597 0.0065664473333332
598 0.0085326473333332
599 0.0011628473333332
600 -0.0042914526666668
1 0.6793127473333331
2 0.4474741473333332
3 0.2978810473333332
4 0.2101606473333332
5 0.1490049473333332
6 0.1070871473333332
7 0.0790110473333332
8 0.0451997473333332
9 0.0328050473333332
10 0.0304720473333332
11 0.0304607473333332
12 0.0258864473333332
13 0.0235314473333332
14 0.0187003473333332
15 0.0220950473333332
16 0.0150432473333332
17 0.0069246473333332
18 0.0042999473333332
19 0.0030507473333332
20 0.0046071473333332
21 0.0045086473333332
22 0.0075889473333332
23 0.0013805473333332
24 0.0023940473333332
25 0.0051001473333332
26 0.0025081473333332
27 0.0027436473333332
28 0.0037110473333332
29 0.0013854473333332
30 0.0039765473333332
31 0.0038310473333332
32 0.0026187473333332
33 -0.0069808526666668
34 -0.0108678526666668
35 -0.0142018526666668
36 -0.0120541526666668
37 -0.0051665526666668
38 -0.0077018526666668
39 -0.0061731526666668
40 -0.0065746526666668
41 -0.0072464526666668
42 -0.0116867526666668
43 -0.0130786526666668
44 -0.0170337526666668
45 -0.0129822526666668
46 -0.0081973526666668
47 -0.0121878526666668
48 -0.0166333526666668
49 -0.0186887526666668
50 -0.0191235526666668
51 -0.0151982526666668
52 -0.0061035526666668
53 -0.0053533526666668
54 -0.0011519526666668
55 0.0014554473333332
56 0.0031115473333332
57 0.0062516473333332
58 0.0063199473333332
59 0.0026368473333332
60 0.0038985473333332
61 0.0127426473333332
62 0.0059889473333332
63 -0.0003888526666668
64 0.0025501473333332
65 0.0116417473333332
66 0.0170633473333332
67 0.0097906473333332
68 0.0092446473333332
69 0.0083147473333332
70 0.0014019473333332
71 -0.0037697526666668
72 -0.0030298526666668
73 -0.0001323526666668
74 -0.0003841526666668
75 -0.0049265526666668
76 0.0023583473333332
77 -0.0062428526666668
78 -0.0034174526666668
79 0.0011255473333332
80 -0.0041578526666668
81 -0.0006855526666668
82 -0.0038229526666668
83 -0.0058986526666668
84 -0.0049761526666668
85 0.0001464473333332
86 -0.0014051526666668
87 -0.0059551526666668
88 -0.0071659526666668
89 -0.0073743526666668
90 -0.0065717526666668
91 -0.0014160526666668
92 0.0005566473333332
93 -0.0011829526666668
94 -0.0012903526666668
95 -0.0036701526666668
96 0.0028297473333332
97 -0.0000493526666668
98 0.0043952473333332
99 0.0070743473333332
100 0.0056797473333332
101 0.0077286473333332
102 0.0003646473333332
103 0.0001666473333332
104 -0.0042992526666668
105 -0.0068391526666668
106 -0.0073126526666668
107 -0.0140600526666668
108 -0.0090338526666668
109 -0.0106472526666668
110 -0.0104685526666668
111 -0.0105500526666668
112 -0.0054637526666668
113 0.0019367473333332
114 0.0077692473333332
115 -0.0036136526666668
116 -0.0086563526666668
117 -0.0090269526666668
118 -0.0052586526666668
119 -0.0006437526666668
120 -0.0058442526666668
121 -0.0086654526666668
122 -0.0078850526666668
123 -0.0079133526666668
124 -0.0114877526666668
125 -0.0116577526666668
126 -0.0086363526666668
127 0.0021942473333332
128 0.0046899473333332
129 -0.0010816526666668
130 -0.0000495526666668
131 0.0055360473333332
132 0.0074403473333332
133 0.0085934473333332
134 0.0090755473333332
135 0.0057838473333332
136 0.0063309473333332
137 0.0058497473333332
138 0.0035020473333332
139 0.0081448473333332
140 0.0049081473333332
141 0.0080813473333332
142 0.0044532473333332
143 0.0015675473333332
144 -0.0038216526666668
145 -0.0056885526666668
146 -0.0051494526666668
147 -0.0053192526666668
148 -0.0070259526666668
149 -0.0096635526666668
150 -0.0122046526666668
151 -0.0091329526666668
152 -0.0117776526666668
153 -0.0145449526666668
154 -0.0138383526666668
155 -0.0162553526666668
156 -0.0105680526666668
157 -0.0100842526666668
158 -0.0065712526666668
159 -0.0164671526666668
160 -0.0172215526666668
161 -0.0196339526666668
162 -0.0249962526666668
163 -0.0225065526666668
164 -0.0154037526666668
165 -0.0144468526666668
166 -0.0165466526666668
167 -0.0134727526666668
168 -0.0184863526666668
169 -0.0095903526666668
170 -0.0032181526666668
171 -0.0068977526666668
172 -0.0109058526666668
173 -0.0109703526666668
174 -0.0108982526666668
175 -0.0145079526666668
176 -0.0103415526666668
177 -0.0066583526666668
178 -0.0138595526666668
179 -0.0164176526666668
180 -0.0156603526666668
181 -0.0097709526666668
182 -0.0133491526666668
183 -0.0141247526666668
184 -0.0101999526666668
185 -0.0119095526666668
186 -0.0128218526666668
187 -0.0160183526666668
188 -0.0153513526666668
189 -0.0084765526666668
190 -0.0140497526666668
191 -0.0147882526666668
192 -0.0131564526666668
193 -0.0150160526666668
194 -0.0110967526666668
195 -0.0125696526666668
196 -0.0172724526666668
197 -0.0169311526666668
198 -0.0131959526666668
199 -0.0133411526666668
200 -0.0125623526666668
201 -0.0043700526666668
202 -0.0052659526666668
203 -0.0039879526666668
204 -0.0034413526666668
205 -0.0093485526666668
206 -0.0095505526666668
207 -0.0085054526666668
208 -0.0094242526666668
209 -0.0081611526666668
210 -0.0103627526666668
211 -0.0116575526666668
212 -0.0118915526666668
213 -0.0092709526666668
214 -0.0019330526666668
215 -0.0017399526666668
216 -0.0033046526666668
217 -0.0080760526666668
218 -0.0032015526666668
219 -0.0001922526666668
220 -0.0074131526666668
221 -0.0147249526666668
222 -0.0168281526666668
223 -0.0143131526666668
224 -0.0091455526666668
225 0.0040940473333332
226 0.0018674473333332
227 0.0022623473333332
228 0.0043661473333332
229 0.0066881473333332
230 0.0145311473333332
231 0.0110362473333332
232 0.0086265473333332
233 0.0080252473333332
234 0.0009465473333332
235 0.0006930473333332
236 -0.0043856526666668
237 -0.0003294526666668
238 0.0036874473333332
239 0.0074885473333332
240 0.0125103473333332
241 0.0152706473333332
242 0.0190244473333332
243 0.0156949473333332
244 0.0088666473333332
245 0.0061315473333332
246 0.0062678473333332
247 0.0023182473333332
248 -0.0010324526666668
249 0.0004365473333332
250 0.0005831473333332
251 -0.0009586526666668
252 -0.0057730526666668
253 -0.0080839526666668
254 -0.0062058526666668
255 0.0003910473333332
256 -0.0051402526666668
257 -0.0060225526666668
258 0.0019092473333332
259 0.0107352473333332
260 0.0054183473333332
261 0.0051108473333332
262 -0.0028484526666668
263 -0.0082360526666668
264 -0.0078953526666668
265 -0.0101960526666668
266 -0.0111250526666668
267 -0.0141170526666668
268 -0.0077802526666668
269 -0.0080619526666668
270 -0.0116193526666668
271 -0.0074137526666668
272 -0.0109968526666668
273 -0.0074164526666668
274 -0.0107101526666668
275 -0.0169602526666668
276 -0.0178372526666668
277 -0.0183519526666668
278 -0.0113110526666668
279 -0.0117201526666668
280 -0.0120518526666668
281 -0.0091940526666668
282 -0.0100905526666668
283 -0.0029451526666668
284 0.0024502473333332
285 -0.0040676526666668
286 -0.0054123526666668
287 -0.0041323526666668
288 -0.0051042526666668
289 -0.0023786526666668
290 -0.0071508526666668
291 -0.0067107526666668
292 -0.0072210526666668
293 -0.0058352526666668
294 -0.0092753526666668
295 -0.0056595526666668
296 0.0021323473333332
297 0.0032319473333332
298 0.0063444473333332
299 0.0017360473333332
300 0.0067492473333332
301 0.0070615473333332
302 0.0005726473333332
303 -0.0032781526666668
304 -0.0031667526666668
305 0.0002136473333332
306 0.0010940473333332
307 -0.0054162526666668
308 -0.0008070526666668
309 0.0034061473333332
310 0.0001177473333332
311 0.0042519473333332
312 -0.0024365526666668
313 -0.0021675526666668
314 -0.0038287526666668
315 0.0071746473333332
316 0.0112914473333332
317 0.0064353473333332
318 0.0082177473333332
319 0.0095767473333332
320 -0.0014713526666668
321 0.0039375473333332
322 0.0018317473333332
323 -0.0064942526666668
324 -0.0065479526666668
325 -0.0052072526666668
326 -0.0032572526666668
327 -0.0022981526666668
328 -0.0006427526666668
329 0.0055039473333332
330 0.0046022473333332
331 0.0028815473333332
332 0.0012518473333332
333 -0.0015581526666668
334 0.0005600473333332
335 -0.0063705526666668
336 -0.0014329526666668
337 0.0037650473333332
338 -0.0021511526666668
339 -0.0092768526666668
340 -0.0046184526666668
341 0.0019045473333332
342 -0.0037400526666668
343 -0.0024535526666668
344 -0.0069501526666668
345 -0.0096717526666668
346 -0.0068408526666668
347 -0.0014721526666668
348 -0.0003605526666668
349 0.0016407473333332
350 0.0010618473333332
351 0.0031228473333332
352 0.0086083473333332
353 0.0033110473333332
354 0.0043857473333332
355 -0.0036619526666668
356 -0.0028202526666668
357 0.0065806473333332
358 0.0043251473333332
359 0.0043642473333332
360 -0.0023706526666668
361 -0.0102109526666668
362 -0.0093563526666668
363 -0.0111474526666668
364 -0.0113862526666668
365 -0.0183622526666668
366 -0.0183840526666668
367 -0.0172142526666668
368 -0.0153589526666668
369 -0.0176913526666668
370 -0.0184110526666668
371 -0.0171407526666668
372 -0.0124870526666668
373 -0.0147201526666668
374 -0.0118384526666668
375 -0.0160699526666668
376 -0.0130768526666668
377 -0.0165510526666668
378 -0.0172398526666668
379 -0.0066017526666668
380 -0.0022022526666668
381 -0.0029424526666668
382 -0.0041000526666668
383 -0.0019697526666668
384 0.0003262473333332
385 0.0062109473333332
386 0.0004131473333332
387 -0.0023185526666668
388 0.0041887473333332
389 0.0000438473333332
390 0.0023194473333332
391 0.0059840473333332
392 0.0080653473333332
393 0.0039922473333332
394 -0.0024398526666668
395 -0.0027716526666668
396 -0.0030365526666668
397 -0.0071200526666668
398 -0.0031608526666668
399 -0.0087643526666668
400 -0.0124269526666668
401 -0.0128309526666668
402 -0.0100354526666668
403 -0.0129509526666668
404 -0.0124991526666668
405 -0.0150977526666668
406 -0.0088922526666668
407 -0.0112358526666668
408 -0.0095640526666668
409 -0.0072993526666668
410 -0.0059266526666668
411 -0.0052242526666668
412 -0.0045829526666668
413 -0.0044096526666668
414 -0.0047933526666668
415 -0.0000987526666668
416 0.0018433473333332
417 0.0024249473333332
418 -0.0015405526666668
419 0.0019726473333332
420 0.0023009473333332
421 -0.0004544526666668
422 -0.0040477526666668
423 0.0026293473333332
424 0.0092165473333332
425 0.0064976473333332
426 -0.0003621526666668
427 0.0019525473333332
428 0.0003418473333332
429 0.0012885473333332
430 -0.0074763526666668
431 -0.0073729526666668
432 -0.0016000526666668
433 0.0006602473333332
434 -0.0000931526666668
435 -0.0036468526666668
436 -0.0008035526666668
437 -0.0038121526666668
438 -0.0090139526666668
439 -0.0084123526666668
440 -0.0048383526666668
441 -0.0138008526666668
442 -0.0137708526666668
443 -0.0144388526666668
444 -0.0160985526666668
445 -0.0155388526666668
446 -0.0116529526666668
447 -0.0034372526666668
448 -0.0017991526666668
449 -0.0102028526666668
450 -0.0131266526666668
451 -0.0123439526666668
452 -0.0103042526666668
453 -0.0082214526666668
454 -0.0062075526666668
455 -0.0079152526666668
456 -0.0086031526666668
457 -0.0133134526666668
458 -0.0105345526666668
459 -0.0082912526666668
460 -0.0089214526666668
461 -0.0068081526666668
462 -0.0003283526666668
463 0.0034702473333332
464 0.0066311473333332
465 0.0034921473333332
466 0.0043192473333332
467 0.0045942473333332
468 0.0057573473333332
469 0.0096560473333332
470 0.0032203473333332
471 0.0097118473333332
472 0.0138398473333332
473 0.0126401473333332
474 0.0119791473333332
475 0.0144257473333332
476 0.0116799473333332
477 0.0072594473333332
478 0.0144345473333332
479 0.0058496473333332
480 0.0029925473333332
481 0.0098495473333332
482 0.0175684473333332
483 0.0134107473333332
484 0.0067598473333332
485 -0.0008661526666668
486 0.0013368473333332
487 0.0084484473333332
488 0.0021340473333332
489 0.0018649473333332
490 -0.0034304526666668
491 -0.0019271526666668
492 -0.0021733526666668
493 0.0022410473333332
494 0.0113300473333332
495 0.0119243473333332
496 0.0131338473333332
497 0.0114175473333332
498 0.0029610473333332
499 -0.0015246526666668
500 -0.0053203526666668
501 -0.0013736526666668
502 -0.0071840526666668
503 -0.0102325526666668
504 -0.0019618526666668
505 -0.0026862526666668
506 0.0041861473333332
507 0.0076050473333332
508 0.0006997473333332
509 0.0034743473333332
510 0.0050395473333332
511 0.0041577473333332
512 -0.0026341526666668
513 -0.0017442526666668
514 -0.0064171526666668
515 -0.0110580526666668
516 -0.0109346526666668
517 -0.0107235526666668
518 -0.0123524526666668
519 -0.0091747526666668
520 -0.0073847526666668
521 -0.0043824526666668
522 -0.0096091526666668
523 -0.0069710526666668
524 -0.0077509526666668
525 -0.0073413526666668
526 -0.0035572526666668
527 0.0051563473333332
528 -0.0012109526666668
529 -0.0033176526666668
530 -0.0018433526666668
531 -0.0018378526666668
532 0.0022306473333332
533 -0.0031393526666668
534 -0.0038647526666668
535 -0.0025247526666668
536 -0.0010152526666668
537 0.0044792473333332
538 0.0051477473333332
539 0.0005637473333332
540 -0.0004158526666668
541 -0.0001605526666668
542 0.0092799473333332
543 0.0153664473333332
544 0.0086465473333332
545 0.0016178473333332
546 -0.0048134526666668
547 -0.0012277526666668
548 -0.0014545526666668
549 -0.0002042526666668
550 -0.0007097526666668
551 -0.0032362526666668
552 -0.0007212526666668
553 -0.0068662526666668
554 -0.0002981526666668
555 -0.0030275526666668
556 -0.0089038526666668
557 -0.0031541526666668
558 -0.0058932526666668
559 -0.0012141526666668
560 -0.0018975526666668
561 -0.0036791526666668
562 -0.0099797526666668
563 -0.0072953526666668
564 -0.0068958526666668
565 0.0012725473333332
566 -0.0000912526666668
567 -0.0076804526666668
568 -0.0042672526666668
569 -0.0031649526666668
570 -0.0022606526666668
571 -0.0040782526666668
572 0.0056728473333332
573 -0.0032658526666668
574 -0.0028312526666668
575 -0.0039948526666668
576 -0.0013632526666668
577 -0.0041687526666668
578 -0.0012010526666668
579 0.0009507473333332
580 -0.0005631526666668
581 -0.0010305526666668
582 -0.0022317526666668
583 -0.0018666526666668
584 0.0016222473333332
585 -0.0010664526666668
586 0.0055907473333332
587 0.0001090473333332
588 -0.0004308526666668
589 -0.0007221526666668
590 -0.0040607526666668
591 0.0002677473333332
592 0.0010622473333332
593 0.0040924473333332
594 0.0058124473333332
595 0.0013563473333332
596 0.0011640473333332
597 0.0017020473333332
598 0.0072809473333332
599 0.0080425473333332
600 0.0127024473333332
1 0.7109804473333332
2 0.4356940473333332
3 0.3162997473333332
4 0.2242816473333332
5 0.1662498473333332
6 0.1157105473333332
7 0.0857104473333332
8 0.0623145473333332
9 0.0367549473333332
10 0.0180789473333332
11 0.0216683473333332
12 0.0088325473333332
13 0.0022043473333332
14 -0.0019430526666668
15 -0.0045153526666668
16 -0.0053263526666668
17 -0.0056757526666668
18 -0.0065159526666668
19 0.0000471473333332
20 -0.0014227526666668
21 -0.0050459526666668
22 -0.0064601526666668
23 -0.0042518526666668
24 0.0017548473333332
25 0.0054608473333332
26 0.0041602473333332
27 0.0032457473333332
28 -0.0015533526666668
29 0.0004536473333332
30 -0.0141911526666668
31 -0.0132296526666668
32 -0.0075373526666668
33 -0.0078997526666668
34 -0.0121620526666668
35 -0.0045169526666668
36 -0.0103560526666668
37 -0.0168752526666668
38 -0.0166589526666668
39 -0.0219429526666668
40 -0.0240020526666668
41 -0.0219015526666668
42 -0.0167297526666668
43 -0.0104629526666668
44 -0.0079131526666668
45 -0.0004970526666668
46 0.0016367473333332
47 0.0008339473333332
48 -0.0016609526666668
49 -0.0048424526666668
50 -0.0050296526666668
51 -0.0061532526666668
52 -0.0042445526666668
53 -0.0070832526666668
54 -0.0034521526666668
55 -0.0075664526666668
56 -0.0077016526666668
57 -0.0087436526666668
58 -0.0114303526666668
59 -0.0122525526666668
60 -0.0142104526666668
61 -0.0169748526666668
62 -0.0161951526666668
63 -0.0170451526666668
64 -0.0138416526666668
65 -0.0091646526666668
66 -0.0096702526666668
67 -0.0114962526666668
68 -0.0048742526666668
69 0.0030882473333332
70 0.0108148473333332
71 0.0047846473333332
72 -0.0072062526666668
73 0.0024965473333332
74 0.0071964473333332
75 0.0121512473333332
76 0.0153461473333332
77 0.0105384473333332
78 0.0038310473333332
79 0.0008354473333332
80 0.0030037473333332
81 -0.0003367526666668
82 -0.0053209526666668
83 -0.0030435526666668
84 -0.0062084526666668
85 -0.0092857526666668
86 -0.0051755526666668
87 -0.0012411526666668
88 -0.0018056526666668
89 -0.0064954526666668
90 -0.0030045526666668
91 -0.0060088526666668
92 -0.0150780526666668
93 -0.0127382526666668
94 -0.0119445526666668
95 -0.0062562526666668
96 -0.0054694526666668
97 -0.0023002526666668
98 -0.0007220526666668
99 -0.0020380526666668
100 -0.0004997526666668
101 -0.0075082526666668
102 -0.0150549526666668
103 -0.0098496526666668
104 -0.0119418526666668
105 -0.0076094526666668
106 -0.0068494526666668
107 -0.0106310526666668
108 -0.0074449526666668
109 -0.0056370526666668
110 -0.0020985526666668
111 -0.0008161526666668
112 -0.0049009526666668
113 -0.0133906526666668
114 -0.0146716526666668
115 -0.0084771526666668
116 -0.0139722526666668
117 -0.0197058526666668
118 -0.0134682526666668
119 -0.0125178526666668
120 -0.0137467526666668
121 -0.0108165526666668
122 -0.0092601526666668
123 -0.0145461526666668
124 -0.0166821526666668
125 -0.0078416526666668
126 0.0003230473333332
127 0.0030660473333332
128 0.0005721473333332
129 -0.0002349526666668
130 -0.0014870526666668
131 -0.0027811526666668
132 -0.0072552526666668
133 -0.0108622526666668
134 -0.0067751526666668
135 -0.0109999526666668
136 -0.0124845526666668
137 -0.0042461526666668
138 -0.0091725526666668
139 -0.0107770526666668
140 -0.0098069526666668
141 -0.0083883526666668
142 -0.0050453526666668
143 -0.0013756526666668
144 -0.0058693526666668
145 -0.0070131526666668
146 0.0026641473333332
147 -0.0003497526666668
148 -0.0036902526666668
149 -0.0057783526666668
150 -0.0038785526666668
151 -0.0016529526666668
152 -0.0038737526666668
153 -0.0007883526666668
154 -0.0055492526666668
155 -0.0018415526666668
156 -0.0003850526666668
157 -0.0018625526666668
158 -0.0008207526666668
159 -0.0004577526666668
160 -0.0045220526666668
161 -0.0030380526666668
162 0.0035570473333332
163 0.0003191473333332
164 0.0037089473333332
165 0.0060964473333332
166 0.0063040473333332
167 0.0142064473333332
168 0.0183140473333332
169 0.0157820473333332
170 0.0083245473333332
171 0.0106780473333332
172 0.0119300473333332
173 0.0077478473333332
174 0.0107599473333332
175 0.0052096473333332
176 0.0016608473333332
177 0.0032981473333332
178 0.0053276473333332
179 0.0005080473333332
180 0.0020033473333332
181 0.0014587473333332
182 0.0003956473333332
183 0.0006456473333332
184 0.0044885473333332
185 0.0030083473333332
186 0.0071341473333332
187 -0.0038512526666668
188 0.0014319473333332
189 -0.0018242526666668
190 -0.0075049526666668
191 -0.0026226526666668
192 -0.0034597526666668
193 0.0005407473333332
194 -0.0094555526666668
195 -0.0112624526666668
196 0.0001031473333332
197 0.0004357473333332
198 -0.0002785526666668
199 -0.0016355526666668
200 0.0040686473333332
201 -0.0020075526666668
202 0.0019800473333332
203 0.0085305473333332
204 0.0016497473333332
205 0.0048119473333332
206 0.0072998473333332
207 0.0069003473333332
208 0.0006441473333332
209 0.0024018473333332
210 0.0053139473333332
211 0.0080542473333332
212 0.0066055473333332
213 0.0084121473333332
214 0.0043479473333332
215 0.0014491473333332
216 -0.0061891526666668
217 -0.0155243526666668
218 -0.0067719526666668
219 -0.0094142526666668
220 -0.0101766526666668
221 -0.0072286526666668
222 -0.0125272526666668
223 -0.0170037526666668
224 -0.0147841526666668
225 -0.0105008526666668
226 -0.0107879526666668
227 0.0024822473333332
228 0.0079787473333332
229 0.0025867473333332
230 0.0035942473333332
231 0.0060244473333332
232 0.0061494473333332
233 0.0008532473333332
234 -0.0030084526666668
235 -0.0012681526666668
236 0.0022818473333332
237 -0.0006328526666668
238 -0.0039114526666668
239 -0.0023340526666668
240 -0.0025836526666668
241 -0.0033914526666668
242 0.0021219473333332
243 0.0055369473333332
244 0.0026596473333332
245 0.0049688473333332
246 0.0102676473333332
247 -0.0001139526666668
248 -0.0046019526666668
249 0.0038490473333332
250 0.0106891473333332
251 0.0039994473333332
252 0.0036958473333332
253 -0.0000081526666668
254 -0.0004559526666668
255 0.0002030473333332
256 0.0024017473333332
257 -0.0006923526666668
258 -0.0005713526666668
259 -0.0065530526666668
260 -0.0105379526666668
261 -0.0115946526666668
262 -0.0077668526666668
263 -0.0068549526666668
264 -0.0080086526666668
265 -0.0012295526666668
266 -0.0005854526666668
267 -0.0001338526666668
268 0.0083146473333332
269 0.0138934473333332
270 0.0103220473333332
271 0.0004134473333332
272 0.0072128473333332
273 0.0056719473333332
274 0.0070564473333332
275 0.0162444473333332
276 0.0137483473333332
277 0.0090054473333332
278 0.0146283473333332
279 0.0034369473333332
280 0.0030570473333332
281 0.0018366473333332
282 -0.0021965526666668
283 -0.0051253526666668
284 -0.0087724526666668
285 -0.0114513526666668
286 -0.0112999526666668
287 -0.0138705526666668
288 -0.0046711526666668
289 -0.0043492526666668
290 0.0010764473333332
291 0.0060805473333332
292 0.0056531473333332
293 0.0062231473333332
294 0.0092247473333332
295 0.0068019473333332
296 0.0064893473333332
297 0.0140947473333332
298 0.0091958473333332
299 0.0096974473333332
300 0.0108905473333332
301 0.0091642473333332
302 -0.0031346526666668
303 -0.0059310526666668
304 -0.0074786526666668
305 -0.0069456526666668
306 -0.0080978526666668
307 -0.0096038526666668
308 -0.0072211526666668
309 0.0001912473333332
310 -0.0039087526666668
311 -0.0073556526666668
312 -0.0045328526666668
313 -0.0131228526666668
314 -0.0139935526666668
315 -0.0133607526666668
316 -0.0105485526666668
317 -0.0089992526666668
318 -0.0101528526666668
319 -0.0136740526666668
320 -0.0059724526666668
321 0.0062857473333332
322 0.0120494473333332
323 0.0104465473333332
324 0.0029423473333332
325 0.0057533473333332
326 0.0045833473333332
327 0.0017501473333332
328 0.0006917473333332
329 -0.0029677526666668
330 0.0030999473333332
331 0.0050206473333332
332 0.0102651473333332
333 0.0052818473333332
334 0.0065761473333332
335 0.0091203473333332
336 0.0002841473333332
337 0.0026399473333332
338 0.0001669473333332
339 -0.0010415526666668
340 0.0002094473333332
341 0.0010299473333332
342 -0.0011225526666668
343 -0.0059204526666668
344 -0.0064386526666668
345 -0.0011930526666668
346 -0.0012245526666668
347 0.0020209473333332
348 -0.0018753526666668
349 -0.0041433526666668
350 -0.0044434526666668
351 -0.0069707526666668
352 0.0012613473333332
353 0.0013531473333332
354 0.0005969473333332
355 0.0044601473333332
356 0.0022416473333332
357 -0.0018060526666668
358 -0.0100275526666668
359 -0.0064448526666668
360 -0.0051669526666668
361 -0.0087109526666668
362 -0.0069093526666668
363 -0.0090026526666668
364 -0.0033164526666668
365 0.0036065473333332
366 0.0001125473333332
367 -0.0011522526666668
368 0.0024593473333332
369 -0.0000032526666668
370 0.0056152473333332
371 -0.0034482526666668
372 -0.0087062526666668
373 -0.0015983526666668
374 0.0010200473333332
375 0.0045746473333332
376 0.0085612473333332
377 0.0045333473333332
378 0.0017436473333332
379 -0.0005591526666668
380 0.0025721473333332
381 0.0005717473333332
382 0.0078192473333332
383 0.0069337473333332
384 0.0042176473333332
385 -0.0027499526666668
386 -0.0065478526666668
387 -0.0015863526666668
388 -0.0011441526666668
389 0.0011245473333332
390 -0.0077651526666668
391 -0.0048055526666668
392 -0.0005725526666668
393 0.0001908473333332
394 0.0060402473333332
395 0.0022220473333332
396 0.0021146473333332
397 -0.0009951526666668
398 0.0075564473333332
399 0.0035463473333332
400 -0.0053652526666668
401 -0.0055760526666668
402 -0.0068421526666668
403 -0.0105956526666668
404 -0.0071288526666668
405 -0.0044175526666668
406 -0.0042012526666668
407 0.0010666473333332
408 -0.0032681526666668
409 0.0013386473333332
410 -0.0024488526666668
411 -0.0034584526666668
412 -0.0069517526666668
413 -0.0060548526666668
414 -0.0025720526666668
415 -0.0031782526666668
416 -0.0061368526666668
417 -0.0056032526666668
418 -0.0043547526666668
419 -0.0081075526666668
420 -0.0115119526666668
421 -0.0172503526666668
422 -0.0151197526666668
423 -0.0103319526666668
424 -0.0085650526666668
425 -0.0085419526666668
426 -0.0170401526666668
427 -0.0175403526666668
428 -0.0160666526666668
429 -0.0199692526666668
430 -0.0214288526666668
431 -0.0174900526666668
432 -0.0186669526666668
433 -0.0164436526666668
434 -0.0215854526666668
435 -0.0220044526666668
436 -0.0209955526666668
437 -0.0130980526666668
438 -0.0109825526666668
439 -0.0073542526666668
440 -0.0162178526666668
441 -0.0143327526666668
442 -0.0083504526666668
443 -0.0076236526666668
444 -0.0061059526666668
445 -0.0079245526666668
446 0.0019932473333332
447 0.0075244473333332
448 0.0157810473333332
449 0.0151475473333332
450 0.0121015473333332
451 0.0096153473333332
452 0.0079548473333332
453 0.0080918473333332
454 0.0077306473333332
455 0.0075988473333332
456 0.0078505473333332
457 0.0011901473333332
458 0.0013008473333332
459 0.0084404473333332
460 0.0080364473333332
461 0.0047986473333332
462 0.0053158473333332
463 0.0027048473333332
464 0.0084408473333332
465 0.0049088473333332
466 -0.0033212526666668
467 -0.0025337526666668
468 -0.0011900526666668
469 -0.0056073526666668
470 -0.0091864526666668
471 -0.0131279526666668
472 -0.0077984526666668
473 -0.0031019526666668
474 0.0036312473333332
475 0.0130301473333332
476 0.0076406473333332
477 0.0009942473333332
478 -0.0014061526666668
479 0.0046053473333332
480 0.0019350473333332
481 -0.0038033526666668
482 -0.0048199526666668
483 0.0031367473333332
484 0.0041571473333332
485 -0.0002191526666668
486 0.0054388473333332
487 0.0046487473333332
488 -0.0025391526666668
489 0.0029904473333332
490 0.0060359473333332
491 0.0009824473333332
492 -0.0001175526666668
493 -0.0047975526666668
494 -0.0104119526666668
495 -0.0064508526666668
496 -0.0040572526666668
497 -0.0014022526666668
498 -0.0053145526666668
499 0.0008609473333332
500 -0.0007011526666668
501 -0.0021399526666668
502 0.0005801473333332
503 -0.0021288526666668
504 0.0038835473333332
505 -0.0004074526666668
506 -0.0020284526666668
507 0.0055658473333332
508 0.0015843473333332
509 -0.0002821526666668
510 -0.0025461526666668
511 -0.0009052526666668
512 -0.0049193526666668
513 -0.0023962526666668
514 0.0013231473333332
515 -0.0034294526666668
516 -0.0032376526666668
517 -0.0024749526666668
518 0.0019718473333332
519 -0.0009389526666668
520 -0.0049682526666668
521 -0.0061754526666668
522 -0.0053655526666668
523 -0.0034170526666668
524 -0.0040669526666668
525 -0.0098554526666668
526 -0.0071472526666668
527 -0.0043585526666668
528 -0.0068730526666668
529 -0.0108543526666668
530 -0.0073302526666668
531 -0.0089098526666668
532 -0.0058431526666668
533 -0.0043524526666668
534 -0.0041865526666668
535 -0.0050247526666668
536 -0.0037808526666668
537 -0.0084417526666668
538 -0.0052350526666668
539 -0.0021287526666668
540 -0.0111752526666668
541 -0.0132914526666668
542 -0.0106779526666668
543 -0.0060307526666668
544 -0.0065980526666668
545 -0.0126722526666668
546 -0.0141624526666668
547 -0.0156720526666668
548 -0.0132463526666668
549 -0.0181776526666668
550 -0.0065938526666668
551 -0.0023071526666668
552 -0.0028204526666668
553 -0.0099273526666668
554 -0.0113141526666668
555 -0.0013674526666668
556 0.0009728473333332
557 0.0044084473333332
558 0.0003747473333332
559 -0.0094944526666668
560 -0.0032872526666668
561 -0.0002643526666668
562 -0.0013138526666668
563 -0.0010944526666668
564 -0.0046871526666668
565 -0.0007057526666668
566 -0.0012106526666668
567 -0.0055316526666668
568 -0.0035111526666668
569 -0.0028792526666668
570 -0.0075823526666668
571 -0.0104748526666668
572 -0.0107709526666668
573 -0.0045714526666668
574 -0.0056754526666668
575 -0.0044156526666668
576 -0.0087758526666668
577 -0.0107313526666668
578 -0.0146537526666668
579 -0.0159750526666668
580 -0.0119212526666668
581 -0.0053490526666668
582 -0.0069817526666668
583 -0.0094803526666668
584 -0.0134656526666668
585 -0.0164551526666668
586 -0.0201771526666668
587 -0.0183533526666668
588 -0.0230830526666668
589 -0.0189738526666668
590 -0.0198833526666668
591 -0.0218782526666668
592 -0.0199791526666668
593 -0.0198436526666668
594 -0.0137465526666668
595 -0.0126174526666668
596 -0.0184605526666668
597 -0.0184291526666668
598 -0.0172310526666668
599 -0.0225365526666668
600 -0.0215057526666668
1 0.6807088473333331
2 0.4668991473333332
3 0.3513860473333332
4 0.2267493473333332
5 0.1655155473333332
6 0.1244716473333332
7 0.0905422473333332
8 0.0708169473333332
9 0.0456747473333332
10 0.0290864473333332
11 0.0327453473333332
12 0.0235341473333332
13 0.0136413473333332
14 0.0027579473333332
15 0.0035672473333332
16 -0.0017153526666668
17 -0.0053723526666668
18 -0.0031994526666668
19 -0.0104425526666668
20 -0.0120702526666668
21 -0.0104270526666668
22 -0.0083872526666668
23 0.0012294473333332
24 -0.0058074526666668
25 -0.0113253526666668
26 -0.0054552526666668
27 -0.0041547526666668
28 -0.0041411526666668
29 -0.0020789526666668
30 -0.0091106526666668
31 -0.0079744526666668
32 -0.0087284526666668
33 -0.0121160526666668
34 -0.0068989526666668
35 -0.0032678526666668
36 -0.0025201526666668
37 -0.0035861526666668
38 -0.0098323526666668
39 -0.0013842526666668
40 0.0016198473333332
41 -0.0014134526666668
42 -0.0014938526666668
43 -0.0001649526666668
44 0.0040026473333332
45 -0.0061607526666668
46 -0.0118522526666668
47 -0.0164444526666668
48 -0.0067099526666668
49 -0.0019839526666668
50 -0.0005419526666668
51 0.0001637473333332
52 -0.0025309526666668
53 -0.0001961526666668
54 -0.0024201526666668
55 -0.0067296526666668
56 -0.0069730526666668
57 -0.0074345526666668
58 -0.0121883526666668
59 -0.0151392526666668
60 -0.0118924526666668
61 -0.0122214526666668
62 -0.0115936526666668
63 -0.0060174526666668
64 -0.0035666526666668
65 -0.0103745526666668
66 -0.0123997526666668
67 -0.0084464526666668
68 -0.0099719526666668
69 -0.0126792526666668
70 -0.0078131526666668
71 -0.0022587526666668
72 -0.0053236526666668
73 -0.0022125526666668
74 -0.0005856526666668
75 -0.0023505526666668
76 -0.0000934526666668
77 0.0005502473333332
78 -0.0031330526666668
79 -0.0014845526666668
80 0.0015396473333332
81 0.0036684473333332
82 0.0018018473333332
83 -0.0040716526666668
84 -0.0099254526666668
85 -0.0059703526666668
86 -0.0033063526666668
87 -0.0040317526666668
88 -0.0051270526666668
89 -0.0107400526666668
90 -0.0095724526666668
91 -0.0053269526666668
92 -0.0000614526666668
93 0.0092812473333332
94 0.0060549473333332
95 0.0183272473333332
96 0.0213452473333332
97 0.0098658473333332
98 0.0147629473333332
99 0.0114898473333332
100 0.0082873473333332
101 0.0127751473333332
102 0.0115304473333332
103 0.0068812473333332
104 0.0067177473333332
105 0.0064924473333332
106 0.0068135473333332
107 0.0049906473333332
108 0.0013186473333332
109 0.0000548473333332
110 0.0014434473333332
111 -0.0016554526666668
112 -0.0010795526666668
113 -0.0065791526666668
114 -0.0111227526666668
115 -0.0137493526666668
116 -0.0182445526666668
117 -0.0088072526666668
118 -0.0051921526666668
119 -0.0053951526666668
120 -0.0042330526666668
121 0.0000240473333332
122 0.0010439473333332
123 -0.0057907526666668
124 -0.0003344526666668
125 -0.0005603526666668
126 0.0000793473333332
127 0.0025321473333332
128 0.0030786473333332
129 -0.0031033526666668
130 -0.0044618526666668
131 -0.0022561526666668
132 -0.0026332526666668
133 -0.0039029526666668
134 -0.0064445526666668
135 -0.0039270526666668
136 0.0034696473333332
137 0.0113967473333332
138 0.0104663473333332
139 0.0062144473333332
140 0.0073786473333332
141 0.0067319473333332
142 0.0074808473333332
143 0.0001573473333332
144 -0.0076023526666668
145 -0.0123715526666668
146 -0.0120449526666668
147 -0.0005014526666668
148 0.0002364473333332
149 -0.0005202526666668
150 0.0029840473333332
151 0.0013199473333332
152 0.0025476473333332
153 -0.0025340526666668
154 0.0004703473333332
155 0.0031144473333332
156 0.0008729473333332
157 -0.0035503526666668
158 -0.0027745526666668
159 -0.0072376526666668
160 -0.0037509526666668
161 0.0008080473333332
162 0.0003687473333332
163 0.0003022473333332
164 0.0000874473333332
165 -0.0073973526666668
166 -0.0085823526666668
167 -0.0083335526666668
168 -0.0003514526666668
169 0.0009536473333332
170 -0.0049030526666668
171 -0.0096185526666668
172 -0.0063668526666668
173 -0.0036040526666668
174 -0.0022399526666668
175 -0.0056484526666668
176 -0.0069223526666668
177 -0.0139862526666668
178 -0.0135924526666668
179 -0.0054573526666668
180 -0.0017903526666668
181 -0.0052813526666668
182 -0.0059183526666668
183 -0.0047474526666668
184 -0.0023329526666668
185 0.0013470473333332
186 0.0018151473333332
187 0.0025518473333332
188 -0.0011989526666668
189 -0.0020775526666668
190 0.0048094473333332
191 0.0071477473333332
192 0.0081163473333332
193 0.0069366473333332
194 0.0098696473333332
195 0.0040104473333332
196 0.0032214473333332
197 0.0002478473333332
198 -0.0034071526666668
199 -0.0061385526666668
200 -0.0135482526666668
201 -0.0161158526666668
202 -0.0151758526666668
203 -0.0135956526666668
204 -0.0130743526666668
205 -0.0175168526666668
206 -0.0220166526666668
207 -0.0160763526666668
208 -0.0218670526666668
209 -0.0205399526666668
210 -0.0201647526666668
211 -0.0248054526666668
212 -0.0234562526666668
213 -0.0186755526666668
214 -0.0168423526666668
215 -0.0109658526666668
216 -0.0084843526666668
217 -0.0083761526666668
218 -0.0082104526666668
219 -0.0116351526666668
220 -0.0115667526666668
221 -0.0124963526666668
222 -0.0127193526666668
223 -0.0158659526666668
224 -0.0134748526666668
225 -0.0186050526666668
226 -0.0221290526666668
227 -0.0211325526666668
228 -0.0169247526666668
229 -0.0205378526666668
230 -0.0175467526666668
231 -0.0173211526666668
232 -0.0111916526666668
233 -0.0075728526666668
234 -0.0077158526666668
235 -0.0074880526666668
236 -0.0105625526666668
237 -0.0048503526666668
238 -0.0073666526666668
239 -0.0128391526666668
240 -0.0136127526666668
241 -0.0082005526666668
242 -0.0118327526666668
243 -0.0075041526666668
244 -0.0001165526666668
245 -0.0006193526666668
246 -0.0115980526666668
247 -0.0087820526666668
248 -0.0061569526666668
249 -0.0024287526666668
250 -0.0034040526666668
251 -0.0051536526666668
252 -0.0052233526666668
253 -0.0119820526666668
254 -0.0124797526666668
255 -0.0098814526666668
256 -0.0070808526666668
257 -0.0011308526666668
258 -0.0030997526666668
259 -0.0042280526666668
260 -0.0064403526666668
261 -0.0018761526666668
262 0.0051179473333332
263 0.0050452473333332
264 0.0093945473333332
265 0.0028962473333332
266 0.0124365473333332
267 0.0205060473333332
268 0.0101667473333332
269 0.0064647473333332
270 0.0128116473333332
271 0.0163464473333332
272 0.0193862473333332
273 0.0192947473333332
274 0.0126865473333332
275 0.0122221473333332
276 0.0036061473333332
277 -0.0006148526666668
278 -0.0023315526666668
279 -0.0024085526666668
280 -0.0027681526666668
281 0.0041992473333332
282 0.0105497473333332
283 0.0082580473333332
284 0.0124032473333332
285 0.0095191473333332
286 0.0065418473333332
287 0.0161747473333332
288 0.0226820473333332
289 0.0161487473333332
290 0.0103008473333332
291 0.0016751473333332
292 -0.0020369526666668
293 -0.0069504526666668
294 -0.0013252526666668
295 -0.0011878526666668
296 -0.0012030526666668
297 -0.0039563526666668
298 -0.0074037526666668
299 -0.0044154526666668
300 -0.0058757526666668
301 -0.0103988526666668
302 -0.0123430526666668
303 -0.0096577526666668
304 -0.0128990526666668
305 -0.0100420526666668
306 -0.0088502526666668
307 -0.0085793526666668
308 -0.0091168526666668
309 -0.0091480526666668
310 -0.0114217526666668
311 -0.0056094526666668
312 -0.0084677526666668
313 -0.0076520526666668
314 -0.0028144526666668
315 -0.0083284526666668
316 -0.0090547526666668
317 -0.0026636526666668
318 -0.0017910526666668
319 -0.0062469526666668
320 -0.0014832526666668
321 -0.0001157526666668
322 -0.0013681526666668
323 -0.0016431526666668
324 -0.0083981526666668
325 -0.0019746526666668
326 -0.0000370526666668
327 0.0008844473333332
328 0.0039939473333332
329 0.0083419473333332
330 0.0090003473333332
331 0.0060310473333332
332 0.0054727473333332
333 0.0066846473333332
334 0.0039696473333332
335 0.0081773473333332
336 0.0024284473333332
337 0.0076485473333332
338 0.0066451473333332
339 0.0045992473333332
340 0.0074477473333332
341 -0.0018069526666668
342 -0.0016311526666668
343 -0.0063537526666668
344 -0.0085400526666668
345 -0.0026468526666668
346 0.0073802473333332
347 0.0015756473333332
348 0.0027204473333332
349 -0.0007949526666668
350 0.0004448473333332
351 -0.0055028526666668
352 -0.0085614526666668
353 -0.0102977526666668
354 -0.0086647526666668
355 -0.0094301526666668
356 -0.0067943526666668
357 0.0008800473333332
358 0.0015104473333332
359 0.0059493473333332
360 0.0157294473333332
361 0.0160664473333332
362 0.0092411473333332
363 0.0029365473333332
364 0.0051402473333332
365 0.0033249473333332
366 0.0014029473333332
367 0.0015996473333332
368 -0.0006865526666668
369 -0.0034375526666668
370 -0.0084296526666668
371 -0.0086375526666668
372 -0.0132067526666668
373 -0.0085185526666668
374 -0.0087711526666668
375 -0.0014716526666668
376 -0.0022633526666668
377 -0.0069773526666668
378 -0.0017991526666668
379 -0.0002526526666668
380 0.0008272473333332
381 -0.0008856526666668
382 -0.0041193526666668
383 0.0073013473333332
384 0.0067328473333332
385 0.0068874473333332
386 0.0046059473333332
387 0.0075071473333332
388 0.0013525473333332
389 0.0055058473333332
390 0.0086100473333332
391 0.0021426473333332
392 0.0104366473333332
393 0.0107771473333332
394 0.0067815473333332
395 0.0070046473333332
396 0.0119231473333332
397 0.0095333473333332
398 0.0060003473333332
399 0.0079982473333332
400 0.0094779473333332
401 0.0043497473333332
402 0.0027922473333332
403 -0.0046597526666668
404 -0.0067097526666668
405 -0.0078168526666668
406 -0.0115740526666668
407 -0.0103345526666668
408 -0.0050390526666668
409 -0.0042671526666668
410 -0.0040898526666668
411 -0.0047087526666668
412 -0.0091761526666668
413 -0.0085458526666668
414 -0.0060832526666668
415 -0.0029558526666668
416 -0.0022228526666668
417 -0.0048550526666668
418 -0.0021382526666668
419 -0.0075941526666668
420 -0.0017173526666668
421 0.0015484473333332
422 -0.0014003526666668
423 -0.0131764526666668
424 -0.0196730526666668
425 -0.0187608526666668
426 -0.0145238526666668
427 -0.0141352526666668
428 -0.0129348526666668
429 -0.0180797526666668
430 -0.0102810526666668
431 -0.0056033526666668
432 -0.0093633526666668
433 -0.0144555526666668
434 -0.0133974526666668
435 -0.0137583526666668
436 -0.0139471526666668
437 -0.0154903526666668
438 -0.0139588526666668
439 -0.0130056526666668
440 -0.0165754526666668
441 -0.0066342526666668
442 -0.0075913526666668
443 -0.0055497526666668
444 0.0056781473333332
445 0.0025458473333332
446 -0.0057921526666668
447 -0.0093671526666668
448 -0.0018969526666668
449 0.0068661473333332
450 -0.0029467526666668
451 -0.0012274526666668
452 -0.0010538526666668
453 -0.0069087526666668
454 -0.0049957526666668
455 -0.0022889526666668
456 -0.0018585526666668
457 0.0008671473333332
458 0.0035814473333332
459 0.0017199473333332
460 0.0011814473333332
461 -0.0051815526666668
462 0.0023991473333332
463 0.0021785473333332
464 0.0002972473333332
465 0.0066702473333332
466 0.0070633473333332
467 -0.0002646526666668
468 -0.0083608526666668
469 -0.0093598526666668
470 -0.0057246526666668
471 0.0000295473333332
472 0.0037699473333332
473 0.0053899473333332
474 0.0019825473333332
475 0.0019914473333332
476 0.0033295473333332
477 0.0100216473333332
478 0.0081116473333332
479 0.0099336473333332
480 0.0046927473333332
481 0.0075041473333332
482 0.0108761473333332
483 0.0078770473333332
484 0.0079995473333332
485 0.0043889473333332
486 0.0121913473333332
487 0.0082266473333332
488 -0.0024190526666668
489 -0.0084320526666668
490 -0.0025582526666668
491 0.0040078473333332
492 0.0032061473333332
493 0.0038555473333332
494 0.0038116473333332
495 0.0010008473333332
496 -0.0016240526666668
497 -0.0099628526666668
498 -0.0145767526666668
499 -0.0159937526666668
500 -0.0150081526666668
501 -0.0109267526666668
502 -0.0101002526666668
503 -0.0051031526666668
504 -0.0001479526666668
505 -0.0044818526666668
506 -0.0073364526666668
507 0.0013134473333332
508 0.0020713473333332
509 0.0090573473333332
510 0.0095907473333332
511 0.0116292473333332
512 0.0175324473333332
513 0.0121119473333332
514 0.0096066473333332
515 0.0082318473333332
516 0.0064680473333332
517 0.0088904473333332
518 0.0156865473333332
519 0.0133409473333332
520 0.0089430473333332
521 0.0101989473333332
522 0.0124292473333332
523 0.0068544473333332
524 0.0030346473333332
525 0.0081145473333332
526 0.0029574473333332
527 -0.0012747526666668
528 -0.0133707526666668
529 -0.0150317526666668
530 -0.0102907526666668
531 -0.0055386526666668
532 -0.0116174526666668
533 -0.0104766526666668
534 -0.0122156526666668
535 -0.0139562526666668
536 -0.0117447526666668
537 -0.0121373526666668
538 -0.0046921526666668
539 -0.0016681526666668
540 0.0038797473333332
541 0.0115694473333332
542 0.0078685473333332
543 0.0008509473333332
544 0.0056326473333332
545 0.0174577473333332
546 0.0219239473333332
547 0.0161721473333332
548 0.0001515473333332
549 0.0043394473333332
550 0.0126413473333332
551 0.0097532473333332
552 0.0033296473333332
553 0.0029437473333332
554 0.0025489473333332
555 0.0017860473333332
556 0.0078503473333332
557 0.0082528473333332
558 -0.0034371526666668
559 0.0004112473333332
560 0.0026593473333332
561 0.0078543473333332
562 0.0028286473333332
563 -0.0037306526666668
564 -0.0035381526666668
565 -0.0019219526666668
566 -0.0002052526666668
567 0.0030235473333332
568 0.0040136473333332
569 0.0007829473333332
570 0.0066465473333332
571 0.0054303473333332
572 0.0081373473333332
573 0.0123157473333332
574 0.0060041473333332
575 0.0055446473333332
576 0.0070337473333332
577 0.0026001473333332
578 0.0051209473333332
579 0.0085458473333332
580 0.0110119473333332
581 -0.0005541526666668
582 -0.0034070526666668
583 -0.0123513526666668
584 -0.0136052526666668
585 -0.0106455526666668
586 -0.0074591526666668
587 -0.0109698526666668
588 -0.0135807526666668
589 -0.0086294526666668
590 0.0021911473333332
591 0.0060971473333332
592 0.0034822473333332
593 0.0015138473333332
594 0.0018786473333332
595 0.0048450473333332
596 0.0037795473333332
597 0.0063460473333332
598 0.0056974473333332
599 0.0032539473333332
600 -0.0008353526666668
1 0.6215981473333332
2 0.3978263473333332
3 0.2695535473333332
4 0.1938247473333332
5 0.1597319473333332
6 0.1058952473333332
7 0.0822730473333332
8 0.0619268473333332
9 0.0444105473333332
10 0.0348365473333332
11 0.0217409473333332
12 0.0222747473333332
13 0.0113382473333332
14 -0.0014250526666668
15 -0.0010793526666668
16 0.0042444473333332
17 0.0012169473333332
18 0.0004057473333332
19 0.0102558473333332
20 0.0087339473333332
21 0.0064756473333332
22 0.0062557473333332
23 0.0028628473333332
24 0.0015151473333332
25 -0.0057238526666668
26 -0.0026511526666668
27 -0.0003668526666668
28 -0.0031830526666668
29 0.0000182473333332
30 -0.0033749526666668
31 -0.0048503526666668
32 -0.0060386526666668
33 -0.0180212526666668
34 -0.0226966526666668
35 -0.0173653526666668
36 -0.0115640526666668
37 -0.0052079526666668
38 -0.0062925526666668
39 -0.0055127526666668
40 -0.0024086526666668
41 0.0003314473333332
42 0.0045797473333332
43 0.0002556473333332
44 0.0030393473333332
45 0.0045563473333332
46 0.0003486473333332
47 0.0023612473333332
48 0.0057897473333332
49 0.0015989473333332
50 0.0006411473333332
51 0.0010811473333332
52 -0.0021563526666668
53 -0.0006419526666668
54 -0.0028184526666668
55 -0.0052762526666668
56 -0.0073470526666668
57 -0.0060768526666668
58 -0.0086867526666668
59 -0.0086921526666668
60 -0.0039330526666668
61 0.0007672473333332
62 0.0052800473333332
63 -0.0000323526666668
64 -0.0018735526666668
65 0.0031835473333332
66 0.0041344473333332
67 0.0011430473333332
68 0.0036905473333332
69 0.0020027473333332
70 0.0046908473333332
71 -0.0025017526666668
72 -0.0101733526666668
73 -0.0053086526666668
74 -0.0031453526666668
75 -0.0120513526666668
76 -0.0077277526666668
77 -0.0055069526666668
78 -0.0004526526666668
79 -0.0006834526666668
80 -0.0045961526666668
81 -0.0024447526666668
82 -0.0022996526666668
83 -0.0006294526666668
84 -0.0064502526666668
85 -0.0026039526666668
86 -0.0074830526666668
87 -0.0120892526666668
88 -0.0060792526666668
89 -0.0014136526666668
90 0.0007435473333332
91 -0.0031507526666668
92 -0.0009832526666668
93 -0.0053454526666668
94 -0.0009800526666668
95 -0.0027953526666668
96 -0.0058236526666668
97 -0.0037888526666668
98 -0.0013353526666668
99 -0.0059756526666668
100 0.0013955473333332
101 0.0018281473333332
102 0.0044351473333332
103 -0.0029473526666668
104 0.0037178473333332
105 0.0026369473333332
106 -0.0006447526666668
107 0.0035652473333332
108 0.0142864473333332
109 0.0133641473333332
110 0.0127915473333332
111 0.0076037473333332
112 0.0077068473333332
113 0.0035369473333332
114 0.0020316473333332
115 0.0026982473333332
116 -0.0003218526666668
117 -0.0041709526666668
118 -0.0044031526666668
119 -0.0060433526666668
120 -0.0111364526666668
121 -0.0090325526666668
122 -0.0128413526666668
123 -0.0084860526666668
124 -0.0069619526666668
125 -0.0132640526666668
126 -0.0140023526666668
127 -0.0142133526666668
128 -0.0166506526666668
129 -0.0100106526666668
130 -0.0019685526666668
131 -0.0028483526666668
132 -0.0088577526666668
133 -0.0118041526666668
134 -0.0144470526666668
135 -0.0089968526666668
136 -0.0135362526666668
137 -0.0110217526666668
138 -0.0169842526666668
139 -0.0116910526666668
140 -0.0119262526666668
141 -0.0106455526666668
142 -0.0140439526666668
143 -0.0120595526666668
144 -0.0117936526666668
145 -0.0096434526666668
146 -0.0104268526666668
147 -0.0149839526666668
148 -0.0146669526666668
149 -0.0147313526666668
150 -0.0154532526666668
151 -0.0145069526666668
152 -0.0154404526666668
153 -0.0128300526666668
154 -0.0094217526666668
155 -0.0112775526666668
156 -0.0105571526666668
157 -0.0059734526666668
158 -0.0123745526666668
159 -0.0157479526666668
160 -0.0147074526666668
161 -0.0147834526666668
162 -0.0084514526666668
163 -0.0046003526666668
164 -0.0034189526666668
165 -0.0086290526666668
166 -0.0110759526666668
167 -0.0093606526666668
168 -0.0100799526666668
169 -0.0038346526666668
170 -0.0070155526666668
171 -0.0040382526666668
172 -0.0010015526666668
173 0.0036183473333332
174 0.0100004473333332
175 0.0138174473333332
176 0.0117564473333332
177 0.0043393473333332
178 0.0059924473333332
179 -0.0005903526666668
180 -0.0009166526666668
181 -0.0010541526666668
182 -0.0061350526666668
183 -0.0094287526666668
184 -0.0084727526666668
185 -0.0134426526666668
186 -0.0147119526666668
187 -0.0169247526666668
188 -0.0115361526666668
189 -0.0158393526666668
190 -0.0132660526666668
191 -0.0050967526666668
192 -0.0067412526666668
193 -0.0055818526666668
194 -0.0040338526666668
195 -0.0074175526666668
196 -0.0054888526666668
197 -0.0076199526666668
198 -0.0075032526666668
199 -0.0065555526666668
200 -0.0052704526666668
201 -0.0055095526666668
202 -0.0067582526666668
203 -0.0061041526666668
204 -0.0178466526666668
205 -0.0198332526666668
206 -0.0181535526666668
207 -0.0142322526666668
208 -0.0167607526666668
209 -0.0131936526666668
210 -0.0105136526666668
211 -0.0069148526666668
212 -0.0110967526666668
213 -0.0106739526666668
214 -0.0138216526666668
215 -0.0183493526666668
216 -0.0139899526666668
217 -0.0071922526666668
218 -0.0070471526666668
219 -0.0110437526666668
220 -0.0110611526666668
221 -0.0114624526666668
222 -0.0157071526666668
223 -0.0137667526666668
224 -0.0131084526666668
225 -0.0117604526666668
226 -0.0067464526666668
227 -0.0096337526666668
228 -0.0036681526666668
229 -0.0032013526666668
230 -0.0058792526666668
231 -0.0079326526666668
232 -0.0053600526666668
233 -0.0058684526666668
234 -0.0093529526666668
235 -0.0142486526666668
236 -0.0067896526666668
237 -0.0015818526666668
238 -0.0020182526666668
239 -0.0034763526666668
240 -0.0012259526666668
241 -0.0013763526666668
242 0.0004513473333332
243 0.0019342473333332
244 0.0004311473333332
245 0.0061058473333332
246 0.0051142473333332
247 0.0046777473333332
248 0.0002573473333332
249 0.0075167473333332
250 0.0104367473333332
251 0.0053723473333332
252 0.0021037473333332
253 0.0091915473333332
254 0.0122831473333332
255 0.0172243473333332
256 0.0194625473333332
257 0.0162803473333332
258 0.0247400473333332
259 0.0396450473333332
260 0.0276386473333332
261 0.0188874473333332
262 0.0072433473333332
263 0.0131108473333332
264 0.0163867473333332
265 0.0176620473333332
266 0.0179439473333332
267 0.0153875473333332
268 0.0128764473333332
269 0.0041528473333332
270 -0.0045014526666668
271 -0.0054617526666668
272 -0.0021408526666668
273 -0.0030984526666668
274 -0.0100914526666668
275 -0.0156319526666668
276 -0.0142109526666668
277 -0.0094309526666668
278 -0.0104634526666668
279 -0.0076426526666668
280 -0.0099896526666668
281 -0.0103119526666668
282 -0.0170845526666668
283 -0.0163084526666668
284 -0.0133898526666668
285 -0.0074848526666668
286 -0.0096320526666668
287 -0.0108084526666668
288 -0.0069431526666668
289 -0.0082791526666668
290 -0.0072929526666668
291 -0.0006247526666668
292 -0.0026659526666668
293 -0.0024840526666668
294 0.0022984473333332
295 -0.0018868526666668
296 -0.0054608526666668
297 -0.0031341526666668
298 0.0026206473333332
299 0.0089502473333332
300 0.0115785473333332
301 0.0138580473333332
302 0.0152879473333332
303 0.0169138473333332
304 0.0019429473333332
305 -0.0045548526666668
306 -0.0038105526666668
307 -0.0016264526666668
308 -0.0046177526666668
309 -0.0023629526666668
310 -0.0045333526666668
311 0.0023916473333332
312 0.0001299473333332
313 -0.0089409526666668
314 -0.0128163526666668
315 -0.0096277526666668
316 -0.0066252526666668
317 0.0014739473333332
318 0.0013940473333332
319 0.0068506473333332
320 0.0047398473333332
321 0.0008174473333332
322 -0.0040606526666668
323 -0.0040670526666668
324 -0.0086862526666668
325 -0.0062721526666668
326 -0.0033659526666668
327 -0.0069968526666668
328 -0.0040618526666668
329 -0.0015028526666668
330 -0.0054456526666668
331 -0.0072509526666668
332 -0.0025068526666668
333 0.0004297473333332
334 -0.0001479526666668
335 0.0007511473333332
336 -0.0023338526666668
337 -0.0070255526666668
338 -0.0013379526666668
339 -0.0000404526666668
340 -0.0081634526666668
341 -0.0123620526666668
342 -0.0140460526666668
343 -0.0141726526666668
344 -0.0056725526666668
345 0.0016861473333332
346 -0.0011112526666668
347 -0.0020008526666668
348 0.0013050473333332
349 0.0023348473333332
350 -0.0045702526666668
351 -0.0091993526666668
352 -0.0163798526666668
353 -0.0159676526666668
354 -0.0104593526666668
355 -0.0094541526666668
356 -0.0039637526666668
357 -0.0001238526666668
358 0.0003383473333332
359 -0.0010196526666668
360 -0.0020664526666668
361 0.0039017473333332
362 0.0078451473333332
363 0.0084372473333332
364 0.0027783473333332
365 0.0077218473333332
366 0.0086185473333332
367 0.0070846473333332
368 0.0089843473333332
369 0.0083673473333332
370 0.0113170473333332
371 0.0223465473333332
372 0.0161474473333332
373 0.0148211473333332
374 0.0153692473333332
375 0.0026926473333332
376 0.0035300473333332
377 0.0018401473333332
378 0.0018410473333332
379 -0.0014607526666668
380 -0.0040386526666668
381 -0.0054040526666668
382 -0.0110460526666668
383 -0.0105291526666668
384 -0.0111242526666668
385 -0.0125537526666668
386 -0.0064448526666668
387 -0.0038596526666668
388 -0.0000578526666668
389 0.0038087473333332
390 0.0065669473333332
391 0.0010179473333332
392 0.0025982473333332
393 0.0065123473333332
394 0.0091964473333332
395 0.0057489473333332
396 0.0073753473333332
397 0.0062397473333332
398 0.0076696473333332
399 0.0047795473333332
400 0.0084255473333332
401 0.0137778473333332
402 0.0057214473333332
403 -0.0022869526666668
404 0.0013604473333332
405 0.0043330473333332
406 0.0148824473333332
407 0.0177110473333332
408 0.0146851473333332
409 0.0111184473333332
410 0.0140305473333332
411 0.0123399473333332
412 0.0072603473333332
413 0.0026612473333332
414 0.0104581473333332
415 0.0105431473333332
416 0.0061065473333332
417 0.0083585473333332
418 0.0061571473333332
419 0.0034050473333332
420 0.0056026473333332
421 0.0207222473333332
422 0.0226365473333332
423 0.0133404473333332
424 0.0051551473333332
425 0.0049985473333332
426 0.0122708473333332
427 0.0186224473333332
428 0.0091227473333332
429 0.0102907473333332
430 0.0086514473333332
431 0.0050351473333332
432 -0.0018566526666668
433 -0.0035163526666668
434 0.0025327473333332
435 0.0115571473333332
436 0.0089355473333332
437 0.0086778473333332
438 0.0000711473333332
439 0.0020520473333332
440 0.0049802473333332
441 -0.0003353526666668
442 0.0093442473333332
443 0.0072566473333332
444 0.0055468473333332
445 0.0108292473333332
446 0.0080274473333332
447 -0.0014025526666668
448 -0.0054635526666668
449 0.0029641473333332
450 -0.0002820526666668
451 -0.0032612526666668
452 -0.0019414526666668
453 -0.0061700526666668
454 -0.0061638526666668
455 -0.0029727526666668
456 0.0013521473333332
457 -0.0055200526666668
458 -0.0163783526666668
459 -0.0117049526666668
460 -0.0109014526666668
461 -0.0108582526666668
462 -0.0055674526666668
463 -0.0104834526666668
464 -0.0051267526666668
465 0.0031852473333332
466 0.0055023473333332
467 0.0010889473333332
468 0.0045899473333332
469 0.0073835473333332
470 -0.0005447526666668
471 0.0021758473333332
472 0.0021192473333332
473 -0.0067631526666668
474 -0.0114175526666668
475 -0.0103972526666668
476 -0.0053245526666668
477 -0.0128075526666668
478 -0.0142752526666668
479 -0.0105620526666668
480 -0.0061132526666668
481 -0.0086689526666668
482 -0.0041959526666668
483 -0.0022839526666668
484 -0.0054961526666668
485 -0.0048446526666668
486 -0.0070919526666668
487 -0.0025771526666668
488 -0.0011003526666668
489 -0.0051752526666668
490 -0.0042401526666668
491 -0.0083898526666668
492 -0.0116846526666668
493 -0.0091077526666668
494 -0.0132142526666668
495 -0.0126620526666668
496 -0.0076886526666668
497 -0.0061142526666668
498 -0.0074805526666668
499 -0.0109781526666668
500 -0.0070538526666668
501 -0.0066529526666668
502 -0.0046958526666668
503 0.0034623473333332
504 0.0010200473333332
505 -0.0038092526666668
506 -0.0006896526666668
507 0.0019665473333332
508 0.0022444473333332
509 -0.0026285526666668
510 -0.0014889526666668
511 0.0015697473333332
512 -0.0017629526666668
513 -0.0083107526666668
514 -0.0072795526666668
515 -0.0055271526666668
516 -0.0040579526666668
517 -0.0051140526666668
518 -0.0074482526666668
519 -0.0057002526666668
520 -0.0044028526666668
521 -0.0054679526666668
522 0.0000569473333332
523 -0.0042283526666668
524 -0.0034380526666668
525 -0.0032416526666668
526 -0.0089118526666668
527 -0.0055291526666668
528 -0.0080304526666668
529 -0.0067117526666668
530 0.0012427473333332
531 -0.0060123526666668
532 0.0027581473333332
533 -0.0003730526666668
534 -0.0071387526666668
535 -0.0062154526666668
536 -0.0082751526666668
537 -0.0096973526666668
538 -0.0080539526666668
539 -0.0103915526666668
540 -0.0090876526666668
541 -0.0028766526666668
542 0.0063606473333332
543 0.0023182473333332
544 0.0040546473333332
545 0.0028061473333332
546 0.0073685473333332
547 0.0105123473333332
548 0.0060313473333332
549 -0.0011606526666668
550 0.0003988473333332
551 -0.0024348526666668
552 0.0023290473333332
553 -0.0011457526666668
554 -0.0067751526666668
555 0.0010018473333332
556 0.0002184473333332
557 -0.0057213526666668
558 -0.0127174526666668
559 -0.0135630526666668
560 -0.0076816526666668
561 -0.0037507526666668
562 -0.0068441526666668
563 -0.0079865526666668
564 -0.0008923526666668
565 -0.0049866526666668
566 -0.0102234526666668
567 0.0003851473333332
568 0.0030499473333332
569 -0.0027663526666668
570 -0.0038442526666668
571 -0.0046921526666668
572 0.0002575473333332
573 0.0008792473333332
574 0.0038999473333332
575 0.0064744473333332
576 0.0116829473333332
577 0.0146332473333332
578 0.0184626473333332
579 0.0043904473333332
580 0.0056740473333332
581 0.0087039473333332
582 0.0109926473333332
583 0.0050554473333332
584 0.0110674473333332
585 0.0119024473333332
586 0.0024524473333332
587 0.0030612473333332
588 -0.0043453526666668
589 -0.0016304526666668
590 -0.0024805526666668
591 0.0047579473333332
592 0.0003444473333332
593 -0.0052325526666668
594 -0.0052944526666668
595 -0.0036897526666668
596 -0.0036055526666668
597 -0.0042993526666668
598 -0.0140839526666668
599 -0.0121669526666668
600 -0.0010433526666668
1 0.6259912473333331
2 0.4421364473333332
3 0.3112202473333332
4 0.2211053473333332
5 0.1677757473333332
6 0.1123699473333332
7 0.0841156473333332
8 0.0578850473333332
9 0.0495796473333332
10 0.0401793473333332
11 0.0392440473333332
12 0.0165708473333332
13 0.0157453473333332
14 0.0102454473333332
15 0.0061670473333332
16 0.0059523473333332
17 0.0071454473333332
18 0.0105779473333332
19 0.0029919473333332
20 -0.0012055526666668
21 0.0025548473333332
22 -0.0020150526666668
23 -0.0038322526666668
24 -0.0049783526666668
25 -0.0039129526666668
26 -0.0051951526666668
27 -0.0014693526666668
28 0.0024136473333332
29 -0.0022002526666668
30 -0.0014384526666668
31 -0.0048750526666668
32 -0.0032835526666668
33 -0.0056424526666668
34 -0.0108904526666668
35 -0.0116224526666668
36 -0.0104887526666668
37 -0.0128178526666668
38 -0.0133813526666668
39 -0.0155902526666668
40 -0.0127927526666668
41 -0.0045636526666668
42 -0.0030008526666668
43 -0.0002170526666668
44 -0.0057043526666668
45 -0.0054027526666668
46 -0.0029335526666668
47 -0.0013634526666668
48 -0.0018249526666668
49 -0.0005878526666668
50 0.0080242473333332
51 0.0110008473333332
52 0.0123382473333332
53 0.0137871473333332
54 0.0120618473333332
55 0.0166819473333332
56 0.0091500473333332
57 0.0044115473333332
58 0.0041815473333332
59 0.0037611473333332
60 0.0113718473333332
61 0.0101738473333332
62 0.0170830473333332
63 0.0149542473333332
64 0.0103150473333332
65 0.0082439473333332
66 0.0041986473333332
67 0.0014090473333332
68 0.0069282473333332
69 0.0048993473333332
70 0.0052012473333332
71 0.0042876473333332
72 0.0012522473333332
73 -0.0016779526666668
74 0.0013334473333332
75 -0.0043361526666668
76 -0.0022716526666668
77 0.0022639473333332
78 -0.0064582526666668
79 -0.0048141526666668
80 0.0008142473333332
81 0.0069544473333332
82 0.0085117473333332
83 0.0035549473333332
84 0.0063285473333332
85 -0.0011052526666668
86 0.0029595473333332
87 0.0040873473333332
88 0.0028872473333332
89 0.0051972473333332
90 0.0048666473333332
91 0.0059864473333332
92 0.0050063473333332
93 0.0055972473333332
94 -0.0041927526666668
95 -0.0008430526666668
96 -0.0025434526666668
97 -0.0061284526666668
98 -0.0087284526666668
99 -0.0066328526666668
100 0.0014895473333332
101 0.0045579473333332
102 0.0081158473333332
103 0.0099625473333332
104 -0.0054101526666668
105 -0.0052190526666668
106 -0.0063077526666668
107 -0.0071472526666668
108 -0.0095395526666668
109 -0.0058802526666668
110 -0.0022995526666668
111 -0.0039821526666668
112 -0.0110313526666668
113 -0.0126742526666668
114 -0.0092413526666668
115 -0.0096509526666668
116 -0.0146875526666668
117 -0.0148667526666668
118 -0.0097606526666668
119 -0.0099133526666668
120 -0.0131404526666668
121 -0.0086200526666668
122 -0.0041409526666668
123 -0.0013335526666668
124 -0.0048236526666668
125 -0.0009216526666668
126 0.0005558473333332
127 0.0001487473333332
128 -0.0031770526666668
129 -0.0018486526666668
130 0.0004457473333332
131 -0.0020800526666668
132 -0.0016335526666668
133 -0.0052363526666668
134 -0.0108968526666668
135 -0.0172285526666668
136 -0.0137403526666668
137 -0.0071024526666668
138 0.0008385473333332
139 0.0022875473333332
140 -0.0019088526666668
141 -0.0012739526666668
142 0.0039716473333332
143 -0.0014781526666668
144 -0.0060243526666668
145 0.0015355473333332
146 -0.0069579526666668
147 -0.0046374526666668
148 -0.0054881526666668
149 0.0003352473333332
150 -0.0049322526666668
151 -0.0069896526666668
152 -0.0010241526666668
153 0.0059555473333332
154 0.0021291473333332
155 0.0004194473333332
156 -0.0031130526666668
157 -0.0027692526666668
158 0.0009736473333332
159 0.0073829473333332
160 0.0030442473333332
161 0.0007077473333332
162 0.0061024473333332
163 0.0052300473333332
164 0.0057224473333332
165 -0.0012008526666668
166 -0.0006878526666668
167 -0.0043433526666668
168 -0.0069242526666668
169 -0.0060949526666668
170 -0.0034517526666668
171 -0.0142896526666668
172 -0.0159039526666668
173 -0.0153634526666668
174 -0.0130935526666668
175 -0.0110570526666668
176 -0.0132053526666668
177 -0.0182407526666668
178 -0.0128073526666668
179 -0.0056406526666668
180 -0.0067502526666668
181 -0.0005034526666668
182 -0.0040881526666668
183 -0.0004577526666668
184 0.0002027473333332
185 -0.0024716526666668
186 0.0005270473333332
187 0.0073772473333332
188 0.0055419473333332
189 0.0021160473333332
190 0.0066722473333332
191 0.0012098473333332
192 0.0018596473333332
193 -0.0024532526666668
194 -0.0080931526666668
195 -0.0092802526666668
196 -0.0082583526666668
197 -0.0076558526666668
198 -0.0108542526666668
199 -0.0159690526666668
200 -0.0145998526666668
201 -0.0178083526666668
202 -0.0144778526666668
203 -0.0071778526666668
204 -0.0059853526666668
205 -0.0085021526666668
206 -0.0154258526666668
207 -0.0151593526666668
208 -0.0156961526666668
209 -0.0126222526666668
210 -0.0134362526666668
211 -0.0084520526666668
212 -0.0123122526666668
213 -0.0215219526666668
214 -0.0220583526666668
215 -0.0217197526666668
216 -0.0181268526666668
217 -0.0175351526666668
218 -0.0155331526666668
219 -0.0068507526666668
220 -0.0123241526666668
221 -0.0204747526666668
222 -0.0117571526666668
223 -0.0029412526666668
224 -0.0058243526666668
225 -0.0070248526666668
226 -0.0030920526666668
227 -0.0073953526666668
228 -0.0111811526666668
229 -0.0069726526666668
230 -0.0052098526666668
231 -0.0026785526666668
232 -0.0046920526666668
233 -0.0124431526666668
234 -0.0006134526666668
235 0.0080542473333332
236 0.0131659473333332
237 0.0070517473333332
238 0.0041592473333332
239 0.0045260473333332
240 0.0126863473333332
241 0.0121547473333332
242 0.0107330473333332
243 0.0128325473333332
244 0.0131583473333332
245 0.0232026473333332
246 0.0085625473333332
247 0.0032635473333332
248 0.0064092473333332
249 0.0023540473333332
250 0.0010870473333332
251 -0.0051298526666668
252 -0.0049152526666668
253 -0.0043126526666668
254 -0.0066263526666668
255 -0.0062582526666668
256 -0.0044200526666668
257 -0.0049243526666668
258 -0.0066260526666668
259 -0.0058274526666668
260 -0.0141515526666668
261 -0.0139359526666668
262 -0.0129673526666668
263 -0.0151399526666668
264 -0.0139273526666668
265 -0.0142649526666668
266 -0.0165564526666668
267 -0.0115327526666668
268 -0.0085626526666668
269 -0.0116448526666668
270 -0.0076666526666668
271 -0.0037925526666668
272 0.0032053473333332
273 0.0016344473333332
274 -0.0028920526666668
275 -0.0009652526666668
276 0.0013865473333332
277 -0.0014762526666668
278 -0.0025212526666668
279 0.0013638473333332
280 0.0014024473333332
281 0.0041693473333332
282 0.0082517473333332
283 0.0082086473333332
284 0.0041181473333332
285 0.0032191473333332
286 0.0019484473333332
287 -0.0009134526666668
288 -0.0015906526666668
289 0.0069473473333332
290 0.0062803473333332
291 0.0083309473333332
292 0.0013950473333332
293 0.0087818473333332
294 0.0074730473333332
295 0.0024546473333332
296 0.0030051473333332
297 0.0061775473333332
298 -0.0001470526666668
299 0.0006043473333332
300 -0.0033698526666668
301 -0.0034583526666668
302 -0.0093348526666668
303 -0.0026789526666668
304 0.0054196473333332
305 0.0052373473333332
306 -0.0018807526666668
307 -0.0012087526666668
308 -0.0024142526666668
309 0.0034829473333332
310 0.0025849473333332
311 0.0060689473333332
312 0.0011691473333332
313 0.0001436473333332
314 0.0042879473333332
315 0.0072096473333332
316 0.0023326473333332
317 -0.0018643526666668
318 -0.0122456526666668
319 -0.0061804526666668
320 -0.0078496526666668
321 0.0017656473333332
322 -0.0022865526666668
323 0.0003692473333332
324 0.0117473473333332
325 0.0086485473333332
326 0.0080810473333332
327 0.0163631473333332
328 0.0191771473333332
329 0.0068377473333332
330 0.0150151473333332
331 0.0092331473333332
332 0.0041678473333332
333 0.0073616473333332
334 0.0092729473333332
335 0.0149580473333332
336 0.0154681473333332
337 0.0100955473333332
338 0.0020933473333332
339 -0.0036301526666668
340 -0.0027707526666668
341 0.0005815473333332
342 0.0016436473333332
343 0.0031582473333332
344 0.0011457473333332
345 0.0022740473333332
346 0.0070584473333332
347 0.0071480473333332
348 0.0106312473333332
349 0.0086747473333332
350 0.0058465473333332
351 0.0049335473333332
352 0.0074478473333332
353 0.0056251473333332
354 -0.0057754526666668
355 -0.0075634526666668
356 -0.0009673526666668
357 -0.0006316526666668
358 -0.0092947526666668
359 -0.0056954526666668
360 -0.0013356526666668
361 0.0000706473333332
362 0.0065535473333332
363 0.0078963473333332
364 -0.0023618526666668
365 -0.0016126526666668
366 -0.0078499526666668
367 -0.0105604526666668
368 -0.0124136526666668
369 -0.0110448526666668
370 -0.0127232526666668
371 -0.0092259526666668
372 -0.0087281526666668
373 -0.0116825526666668
374 -0.0013421526666668
375 -0.0031179526666668
376 -0.0121334526666668
377 -0.0155047526666668
378 -0.0090324526666668
379 -0.0079603526666668
380 -0.0130034526666668
381 -0.0161113526666668
382 -0.0121395526666668
383 -0.0029217526666668
384 -0.0020175526666668
385 0.0014425473333332
386 0.0003466473333332
387 -0.0016279526666668
388 -0.0026599526666668
389 -0.0026807526666668
390 -0.0088884526666668
391 -0.0068528526666668
392 -0.0029069526666668
393 0.0015669473333332
394 0.0008536473333332
395 -0.0006157526666668
396 -0.0003092526666668
397 0.0023413473333332
398 0.0081467473333332
399 0.0037214473333332
400 0.0106554473333332
401 0.0125496473333332
402 0.0119115473333332
403 0.0105942473333332
404 0.0126251473333332
405 0.0155970473333332
406 0.0130765473333332
407 -0.0032725526666668
408 -0.0077829526666668
409 -0.0065704526666668
410 -0.0121249526666668
411 -0.0130743526666668
412 -0.0108599526666668
413 -0.0129298526666668
414 -0.0146310526666668
415 -0.0112861526666668
416 -0.0077371526666668
417 -0.0022015526666668
418 -0.0028397526666668
419 -0.0049846526666668
420 -0.0006154526666668
421 0.0048435473333332
422 0.0078786473333332
423 0.0015920473333332
424 -0.0046650526666668
425 -0.0090564526666668
426 -0.0078854526666668
427 -0.0132569526666668
428 -0.0063912526666668
429 -0.0051863526666668
430 -0.0148247526666668
431 -0.0171131526666668
432 -0.0200100526666668
433 -0.0179920526666668
434 -0.0088204526666668
435 -0.0125384526666668
436 -0.0192370526666668
437 -0.0127569526666668
438 -0.0089077526666668
439 -0.0163216526666668
440 -0.0123888526666668
441 -0.0083844526666668
442 -0.0043861526666668
443 0.0013389473333332
444 -0.0024710526666668
445 0.0028614473333332
446 0.0096766473333332
447 0.0085445473333332
448 0.0122180473333332
449 0.0069152473333332
450 -0.0053060526666668
451 -0.0001946526666668
452 0.0079878473333332
453 0.0053619473333332
454 0.0038106473333332
455 0.0093689473333332
456 0.0079731473333332
457 0.0038495473333332
458 0.0016919473333332
459 0.0069962473333332
460 0.0094698473333332
461 0.0093282473333332
462 0.0056499473333332
463 -0.0052910526666668
464 -0.0121780526666668
465 -0.0031459526666668
466 -0.0066861526666668
467 -0.0046497526666668
468 0.0003431473333332
469 -0.0007800526666668
470 0.0104052473333332
471 0.0056509473333332
472 0.0038499473333332
473 0.0113645473333332
474 0.0045712473333332
475 0.0000546473333332
476 -0.0011929526666668
477 0.0002887473333332
478 0.0006700473333332
479 0.0000280473333332
480 -0.0088424526666668
481 -0.0085082526666668
482 -0.0059191526666668
483 -0.0022351526666668
484 -0.0017311526666668
485 0.0041307473333332
486 -0.0026423526666668
487 0.0021313473333332
488 0.0104665473333332
489 0.0160893473333332
490 0.0080145473333332
491 0.0098314473333332
492 0.0053784473333332
493 0.0062401473333332
494 0.0052907473333332
495 0.0016624473333332
496 0.0032583473333332
497 0.0061677473333332
498 0.0087126473333332
499 0.0043867473333332
500 0.0078945473333332
501 0.0046371473333332
502 0.0105256473333332
503 0.0048641473333332
504 0.0044490473333332
505 0.0124347473333332
506 0.0104852473333332
507 0.0053306473333332
508 0.0032692473333332
509 0.0055683473333332
510 0.0086157473333332
511 0.0108037473333332
512 0.0158096473333332
513 0.0081490473333332
514 -0.0007431526666668
515 -0.0017663526666668
516 -0.0020711526666668
517 -0.0044931526666668
518 -0.0014110526666668
519 0.0004417473333332
520 -0.0013157526666668
521 -0.0035573526666668
522 -0.0038451526666668
523 -0.0004166526666668
524 -0.0076006526666668
525 -0.0150248526666668
526 -0.0152767526666668
527 -0.0148107526666668
528 -0.0081615526666668
529 -0.0084815526666668
530 -0.0177303526666668
531 -0.0095507526666668
532 -0.0150965526666668
533 -0.0115760526666668
534 -0.0082713526666668
535 -0.0067087526666668
536 -0.0109481526666668
537 -0.0053263526666668
538 -0.0103904526666668
539 -0.0081335526666668
540 -0.0027544526666668
541 -0.0077077526666668
542 -0.0076745526666668
543 -0.0064383526666668
544 -0.0057625526666668
545 -0.0054401526666668
546 -0.0060217526666668
547 -0.0053354526666668
548 -0.0016046526666668
549 0.0055862473333332
550 0.0058388473333332
551 0.0025645473333332
552 0.0049772473333332
553 0.0062972473333332
554 0.0103938473333332
555 0.0119900473333332
556 -0.0012114526666668
557 0.0002131473333332
558 0.0091872473333332
559 0.0023290473333332
560 -0.0044696526666668
561 -0.0054869526666668
562 -0.0062293526666668
563 -0.0062218526666668
564 -0.0118023526666668
565 -0.0154299526666668
566 -0.0117229526666668
567 -0.0109618526666668
568 -0.0022003526666668
569 -0.0070335526666668
570 -0.0040000526666668
571 0.0003110473333332
572 0.0004321473333332
573 0.0054038473333332
574 -0.0000973526666668
575 -0.0126493526666668
576 -0.0184769526666668
577 -0.0139651526666668
578 -0.0071257526666668
579 -0.0061911526666668
580 -0.0129926526666668
581 -0.0123950526666668
582 -0.0085267526666668
583 -0.0049789526666668
584 -0.0123553526666668
585 -0.0145925526666668
586 -0.0170148526666668
587 -0.0129685526666668
588 -0.0028572526666668
589 -0.0033063526666668
590 -0.0029047526666668
591 0.0055903473333332
592 0.0098696473333332
593 0.0088984473333332
594 0.0079036473333332
595 0.0104908473333332
596 0.0197103473333332
597 0.0233612473333332
598 0.0143979473333332
599 0.0130435473333332
600 0.0138741473333332
1 0.6239638473333331
2 0.4191765473333333
3 0.2925900473333332
4 0.2095128473333332
5 0.1503006473333332
6 0.1010452473333332
7 0.0797576473333332
8 0.0610490473333332
9 0.0431379473333332
10 0.0354680473333332
11 0.0232519473333332
12 0.0107853473333332
13 0.0129338473333332
14 0.0065013473333332
15 0.0027101473333332
16 -0.0048560526666668
17 -0.0062826526666668
18 -0.0059554526666668
19 -0.0116249526666668
20 -0.0035286526666668
21 -0.0070218526666668
22 -0.0117785526666668
23 -0.0082138526666668
24 -0.0091184526666668
25 -0.0186677526666668
26 -0.0171386526666668
27 -0.0123770526666668
28 -0.0108359526666668
29 -0.0068627526666668
30 -0.0053630526666668
31 -0.0021991526666668
32 -0.0021297526666668
33 0.0003244473333332
34 -0.0004026526666668
35 -0.0055284526666668
36 -0.0089668526666668
37 -0.0089578526666668
38 -0.0089010526666668
39 -0.0062148526666668
40 0.0055563473333332
41 0.0164801473333332
42 0.0144846473333332
43 0.0120742473333332
44 0.0111782473333332
45 0.0070980473333332
46 0.0085963473333332
47 0.0078413473333332
48 0.0027520473333332
49 0.0000065473333332
50 -0.0102863526666668
51 -0.0072033526666668
52 -0.0088722526666668
53 -0.0054172526666668
54 -0.0025905526666668
55 0.0017253473333332
56 0.0070879473333332
57 0.0083199473333332
58 0.0133534473333332
59 0.0100619473333332
60 0.0156550473333332
61 0.0106480473333332
62 0.0080193473333332
63 -0.0013363526666668
64 0.0000619473333332
65 -0.0007093526666668
66 -0.0006421526666668
67 0.0001490473333332
68 -0.0062165526666668
69 -0.0043802526666668
70 -0.0037105526666668
71 0.0013182473333332
72 -0.0028887526666668
73 -0.0099192526666668
74 -0.0043631526666668
75 0.0004445473333332
76 -0.0018833526666668
77 -0.0055938526666668
78 -0.0085049526666668
79 -0.0074780526666668
80 -0.0125544526666668
81 -0.0089292526666668
82 -0.0044268526666668
83 -0.0079488526666668
84 -0.0098096526666668
85 -0.0115256526666668
86 -0.0108920526666668
87 -0.0071151526666668
88 -0.0048910526666668
89 -0.0069442526666668
90 -0.0110005526666668
91 -0.0074576526666668
92 -0.0105171526666668
93 -0.0095188526666668
94 -0.0121060526666668
95 -0.0166038526666668
96 -0.0132857526666668
97 -0.0121205526666668
98 -0.0106423526666668
99 -0.0125994526666668
100 -0.0105010526666668
101 -0.0066670526666668
102 -0.0111844526666668
103 -0.0125934526666668
104 -0.0111045526666668
105 -0.0085273526666668
106 -0.0039554526666668
107 -0.0095596526666668
108 -0.0005639526666668
109 -0.0004075526666668
110 0.0032114473333332
111 0.0075342473333332
112 0.0084735473333332
113 0.0085131473333332
114 0.0093071473333332
115 0.0081334473333332
116 0.0148587473333332
117 0.0038900473333332
118 0.0065963473333332
119 0.0094924473333332
120 0.0048106473333332
121 -0.0006170526666668
122 0.0001950473333332
123 0.0022505473333332
124 0.0098766473333332
125 0.0102512473333332
126 0.0022391473333332
127 0.0066875473333332
128 0.0076823473333332
129 0.0060795473333332
130 0.0075899473333332
131 0.0165298473333332
132 0.0162200473333332
133 0.0138017473333332
134 0.0085454473333332
135 0.0107020473333332
136 0.0103954473333332
137 0.0024957473333332
138 0.0016558473333332
139 0.0016222473333332
140 -0.0026467526666668
141 -0.0151159526666668
142 -0.0149944526666668
143 -0.0155074526666668
144 -0.0110412526666668
145 -0.0130601526666668
146 -0.0113926526666668
147 -0.0133123526666668
148 -0.0147270526666668
149 -0.0181824526666668
150 -0.0133345526666668
151 -0.0164868526666668
152 -0.0198706526666668
153 -0.0157409526666668
154 -0.0171991526666668
155 -0.0116620526666668
156 -0.0142777526666668
157 -0.0152863526666668
158 -0.0138230526666668
159 -0.0128039526666668
160 -0.0179343526666668
161 -0.0073788526666668
162 -0.0042101526666668
163 -0.0036006526666668
164 -0.0041802526666668
165 -0.0097942526666668
166 -0.0009663526666668
167 0.0038423473333332
168 -0.0022796526666668
169 -0.0019163526666668
170 0.0025977473333332
171 -0.0043143526666668
172 -0.0073383526666668
173 -0.0054664526666668
174 -0.0105790526666668
175 -0.0139323526666668
176 -0.0145971526666668
177 -0.0124357526666668
178 -0.0104318526666668
179 -0.0083346526666668
180 -0.0073992526666668
181 -0.0088959526666668
182 -0.0063676526666668
183 -0.0035072526666668
184 -0.0104474526666668
185 -0.0068310526666668
186 -0.0041059526666668
187 -0.0105481526666668
188 -0.0095488526666668
189 -0.0029742526666668
190 -0.0030751526666668
191 -0.0082758526666668
192 -0.0060304526666668
193 -0.0073368526666668
194 -0.0027097526666668
195 0.0015200473333332
196 0.0041639473333332
197 0.0034471473333332
198 -0.0002587526666668
199 -0.0016743526666668
200 0.0001047473333332
201 -0.0036240526666668
202 -0.0011649526666668
203 0.0022740473333332
204 0.0048980473333332
205 0.0135190473333332
206 0.0085236473333332
207 0.0073330473333332
208 0.0082936473333332
209 0.0026693473333332
210 -0.0023444526666668
211 -0.0027964526666668
212 0.0024144473333332
213 0.0025774473333332
214 0.0003642473333332
215 -0.0054626526666668
216 -0.0075240526666668
217 -0.0032700526666668
218 0.0032739473333332
219 -0.0028221526666668
220 -0.0010377526666668
221 0.0043365473333332
222 0.0026532473333332
223 -0.0109510526666668
224 -0.0092836526666668
225 -0.0100380526666668
226 -0.0101373526666668
227 -0.0079944526666668
228 -0.0083399526666668
229 -0.0072588526666668
230 -0.0071948526666668
231 -0.0059196526666668
232 -0.0096361526666668
233 -0.0142009526666668
234 -0.0115062526666668
235 -0.0147576526666668
236 -0.0202073526666668
237 -0.0198072526666668
238 -0.0197019526666668
239 -0.0202952526666668
240 -0.0178225526666668
241 -0.0100775526666668
242 -0.0090163526666668
243 -0.0036156526666668
244 -0.0032808526666668
245 -0.0028651526666668
246 -0.0112575526666668
247 -0.0130175526666668
248 -0.0047534526666668
249 -0.0008224526666668
250 -0.0033905526666668
251 -0.0039257526666668
252 -0.0041635526666668
253 0.0010456473333332
254 0.0023376473333332
255 0.0001525473333332
256 0.0052365473333332
257 0.0088472473333332
258 0.0013495473333332
259 0.0029116473333332
260 0.0129273473333332
261 0.0062132473333332
262 0.0011818473333332
263 0.0053474473333332
264 0.0044900473333332
265 0.0050739473333332
266 0.0119037473333332
267 0.0067396473333332
268 0.0088102473333332
269 0.0138943473333332
270 0.0157901473333332
271 0.0104011473333332
272 0.0066330473333332
273 0.0049587473333332
274 0.0049805473333332
275 0.0071693473333332
276 0.0121637473333332
277 0.0132884473333332
278 0.0076761473333332
279 0.0039541473333332
280 -0.0019666526666668
281 0.0013197473333332
282 0.0044735473333332
283 0.0077737473333332
284 0.0060532473333332
285 0.0026728473333332
286 -0.0052222526666668
287 -0.0029985526666668
288 -0.0004452526666668
289 0.0028909473333332
290 0.0005644473333332
291 0.0083607473333332
292 0.0079333473333332
293 -0.0016390526666668
294 -0.0011350526666668
295 0.0020289473333332
296 0.0061838473333332
297 0.0094821473333332
298 0.0141428473333332
299 0.0132539473333332
300 0.0058051473333332
301 0.0056078473333332
302 -0.0003150526666668
303 0.0028242473333332
304 0.0030480473333332
305 0.0040550473333332
306 0.0004538473333332
307 -0.0024732526666668
308 0.0005487473333332
309 0.0042867473333332
310 0.0086332473333332
311 0.0041799473333332
312 0.0046603473333332
313 0.0030881473333332
314 0.0025290473333332
315 0.0053886473333332
316 0.0064540473333332
317 0.0107626473333332
318 0.0046447473333332
319 0.0115509473333332
320 0.0008083473333332
321 -0.0005934526666668
322 -0.0056091526666668
323 0.0033289473333332
324 0.0024979473333332
325 0.0066185473333332
326 0.0058360473333332
327 0.0001226473333332
328 -0.0026877526666668
329 -0.0019661526666668
330 0.0038319473333332
331 -0.0023527526666668
332 -0.0081718526666668
333 -0.0075447526666668
334 -0.0056198526666668
335 -0.0054387526666668
336 0.0015270473333332
337 0.0082794473333332
338 0.0081371473333332
339 -0.0002313526666668
340 -0.0000412526666668
341 -0.0028104526666668
342 -0.0060588526666668
343 -0.0034322526666668
344 -0.0002403526666668
345 0.0006654473333332
346 0.0011614473333332
347 0.0014794473333332
348 0.0055364473333332
349 0.0079244473333332
350 0.0020313473333332
351 -0.0083101526666668
352 -0.0040264526666668
353 0.0036130473333332
354 -0.0041045526666668
355 -0.0012066526666668
356 -0.0027458526666668
357 -0.0113685526666668
358 -0.0103098526666668
359 -0.0049933526666668
360 -0.0056731526666668
361 -0.0093500526666668
362 -0.0056919526666668
363 -0.0066769526666668
364 -0.0013825526666668
365 -0.0025211526666668
366 -0.0030624526666668
367 -0.0068565526666668
368 -0.0054732526666668
369 -0.0039396526666668
370 -0.0096566526666668
371 -0.0079467526666668
372 -0.0105386526666668
373 -0.0106217526666668
374 -0.0112007526666668
375 -0.0102352526666668
376 -0.0094194526666668
377 -0.0085318526666668
378 -0.0062172526666668
379 0.0004982473333332
380 0.0110302473333332
381 0.0168560473333332
382 0.0125372473333332
383 0.0125510473333332
384 0.0037699473333332
385 0.0046653473333332
386 0.0073465473333332
387 0.0067730473333332
388 0.0064785473333332
389 0.0037431473333332
390 0.0047219473333332
391 0.0007078473333332
392 0.0033868473333332
393 0.0054537473333332
394 0.0037759473333332
395 -0.0006213526666668
396 0.0031014473333332
397 0.0027824473333332
398 0.0051182473333332
399 -0.0017742526666668
400 -0.0044828526666668
401 -0.0011137526666668
402 -0.0002476526666668
403 -0.0006699526666668
404 0.0039881473333332
405 0.0050786473333332
406 0.0026570473333332
407 0.0049576473333332
408 0.0032086473333332
409 0.0052007473333332
410 0.0052372473333332
411 -0.0043400526666668
412 -0.0087440526666668
413 0.0002374473333332
414 -0.0068722526666668
415 -0.0082133526666668
416 -0.0084121526666668
417 -0.0021799526666668
418 0.0021977473333332
419 0.0068024473333332
420 0.0006518473333332
421 -0.0019749526666668
422 -0.0097663526666668
423 -0.0128071526666668
424 -0.0074199526666668
425 -0.0058891526666668
426 -0.0087865526666668
427 -0.0124197526666668
428 -0.0078724526666668
429 -0.0073099526666668
430 -0.0065394526666668
431 0.0011104473333332
432 -0.0041351526666668
433 -0.0115802526666668
434 -0.0175624526666668
435 -0.0168596526666668
436 -0.0160745526666668
437 -0.0176420526666668
438 -0.0145896526666668
439 -0.0131295526666668
440 -0.0148607526666668
441 -0.0121604526666668
442 -0.0088279526666668
443 -0.0044135526666668
444 0.0011666473333332
445 0.0029414473333332
446 -0.0036643526666668
447 -0.0051512526666668
448 -0.0049519526666668
449 0.0012127473333332
450 0.0029875473333332
451 -0.0067541526666668
452 -0.0047260526666668
453 0.0013583473333332
454 -0.0021867526666668
455 0.0011101473333332
456 -0.0005588526666668
457 -0.0007882526666668
458 -0.0043772526666668
459 -0.0034482526666668
460 -0.0033218526666668
461 -0.0098455526666668
462 -0.0103130526666668
463 -0.0046035526666668
464 0.0022371473333332
465 0.0103599473333332
466 0.0047944473333332
467 0.0033748473333332
468 -0.0031985526666668
469 0.0003596473333332
470 -0.0013269526666668
471 -0.0015517526666668
472 0.0000252473333332
473 0.0009147473333332
474 0.0031979473333332
475 0.0037841473333332
476 0.0036513473333332
477 -0.0000049526666668
478 -0.0060163526666668
479 -0.0054619526666668
480 -0.0052988526666668
481 -0.0018903526666668
482 0.0035357473333332
483 0.0034632473333332
484 -0.0033281526666668
485 0.0068086473333332
486 0.0047499473333332
487 0.0044758473333332
488 0.0109922473333332
489 0.0004388473333332
490 0.0028217473333332
491 0.0063763473333332
492 0.0004486473333332
493 -0.0005346526666668
494 0.0040126473333332
495 0.0035301473333332
496 -0.0071522526666668
497 -0.0124986526666668
498 0.0005626473333332
499 0.0101182473333332
500 0.0074179473333332
501 -0.0024324526666668
502 0.0036986473333332
503 -0.0052245526666668
504 -0.0095630526666668
505 -0.0056571526666668
506 -0.0132029526666668
507 -0.0127407526666668
508 -0.0106676526666668
509 -0.0102608526666668
510 -0.0027802526666668
511 -0.0025639526666668
512 -0.0134169526666668
513 -0.0110404526666668
514 -0.0043663526666668
515 -0.0035433526666668
516 -0.0104144526666668
517 -0.0157162526666668
518 -0.0096926526666668
519 -0.0091817526666668
520 -0.0056595526666668
521 -0.0023648526666668
522 0.0018024473333332
523 0.0025226473333332
524 0.0035841473333332
525 0.0035985473333332
526 0.0018705473333332
527 -0.0042118526666668
528 0.0001554473333332
529 0.0006369473333332
530 -0.0056809526666668
531 -0.0072850526666668
532 -0.0030921526666668
533 -0.0005148526666668
534 -0.0074495526666668
535 -0.0104297526666668
536 -0.0063612526666668
537 -0.0009223526666668
538 0.0000834473333332
539 -0.0048837526666668
540 -0.0067346526666668
541 -0.0118493526666668
542 -0.0166229526666668
543 -0.0141751526666668
544 -0.0114846526666668
545 -0.0019608526666668
546 -0.0098994526666668
547 -0.0156382526666668
548 -0.0118119526666668
549 -0.0043366526666668
550 0.0005779473333332
551 -0.0022408526666668
552 -0.0005229526666668
553 -0.0043972526666668
554 0.0051592473333332
555 0.0058607473333332
556 0.0038874473333332
557 0.0015472473333332
558 -0.0010651526666668
559 0.0068230473333332
560 0.0040632473333332
561 0.0029189473333332
562 -0.0014294526666668
563 -0.0076906526666668
564 -0.0126275526666668
565 -0.0073320526666668
566 -0.0103095526666668
567 -0.0069017526666668
568 0.0005111473333332
569 0.0002604473333332
570 -0.0006575526666668
571 0.0011250473333332
572 -0.0030098526666668
573 -0.0029849526666668
574 -0.0001002526666668
575 0.0031298473333332
576 -0.0047214526666668
577 -0.0024309526666668
578 -0.0045130526666668
579 0.0017262473333332
580 0.0064340473333332
581 -0.0000581526666668
582 -0.0012241526666668
583 -0.0028164526666668
584 -0.0065378526666668
585 -0.0080204526666668
586 -0.0097030526666668
587 -0.0105268526666668
588 -0.0092151526666668
589 -0.0022980526666668
590 -0.0027636526666668
591 0.0040638473333332
592 0.0094231473333332
593 0.0163170473333332
594 0.0057647473333332
595 -0.0019396526666668
596 -0.0006554526666668
597 -0.0037037526666668
598 0.0030857473333332
599 0.0019743473333332
600 -0.0028141526666668
1 0.7155796473333331
2 0.4078005473333332
3 0.3166173473333332
4 0.2504568473333332
5 0.1883798473333332
6 0.1218407473333332
7 0.0915859473333332
8 0.0784523473333332
9 0.0577239473333332
10 0.0389586473333332
11 0.0258341473333332
12 0.0178546473333332
13 0.0210662473333332
14 0.0122707473333332
15 0.0027455473333332
16 -0.0005388526666668
17 0.0029304473333332
18 0.0064319473333332
19 0.0024078473333332
20 0.0058295473333332
21 0.0099193473333332
22 0.0079594473333332
23 0.0080808473333332
24 0.0045514473333332
25 0.0078278473333332
26 0.0098430473333332
27 0.0049306473333332
28 -0.0013035526666668
29 0.0045958473333332
30 0.0072273473333332
31 0.0014534473333332
32 0.0019756473333332
33 0.0170423473333332
34 0.0169459473333332
35 0.0173916473333332
36 0.0113713473333332
37 0.0184166473333332
38 0.0125997473333332
39 0.0086587473333332
40 -0.0000440526666668
41 0.0045812473333332
42 0.0017942473333332
43 -0.0005497526666668
44 -0.0043541526666668
45 -0.0084182526666668
46 -0.0169013526666668
47 -0.0077384526666668
48 -0.0068579526666668
49 -0.0117253526666668
50 -0.0065276526666668
51 -0.0021601526666668
52 -0.0025083526666668
53 0.0003809473333332
54 -0.0001776526666668
55 0.0026541473333332
56 0.0090104473333332
57 0.0025559473333332
58 -0.0007152526666668
59 0.0027091473333332
60 0.0002042473333332
61 -0.0017709526666668
62 -0.0038104526666668
63 -0.0036999526666668
64 -0.0093090526666668
65 -0.0148653526666668
66 -0.0180214526666668
67 -0.0173389526666668
68 -0.0100821526666668
69 -0.0021787526666668
70 -0.0030309526666668
71 -0.0023926526666668
72 0.0033511473333332
73 -0.0010866526666668
74 -0.0015600526666668
75 -0.0008041526666668
76 -0.0036319526666668
77 -0.0020976526666668
78 0.0025659473333332
79 0.0068065473333332
80 0.0045255473333332
81 0.0069883473333332
82 0.0027958473333332
83 0.0098440473333332
84 0.0145584473333332
85 0.0062978473333332
86 0.0013613473333332
87 -0.0024882526666668
88 -0.0028149526666668
89 0.0069108473333332
90 0.0095846473333332
91 0.0025067473333332
92 -0.0040971526666668
93 -0.0042296526666668
94 -0.0013526526666668
95 -0.0004779526666668
96 0.0048105473333332
97 0.0016551473333332
98 -0.0049821526666668
99 -0.0033382526666668
100 -0.0060688526666668
101 -0.0013098526666668
102 0.0058288473333332
103 0.0101590473333332
104 0.0108347473333332
105 -0.0019204526666668
106 -0.0015443526666668
107 -0.0012495526666668
108 0.0031672473333332
109 -0.0021502526666668
110 -0.0090084526666668
111 -0.0044919526666668
112 -0.0086666526666668
113 -0.0052112526666668
114 0.0001402473333332
115 -0.0068044526666668
116 -0.0059723526666668
117 -0.0013368526666668
118 -0.0060840526666668
119 -0.0064650526666668
120 -0.0075782526666668
121 -0.0073185526666668
122 -0.0097033526666668
123 -0.0070741526666668
124 -0.0090102526666668
125 -0.0052597526666668
126 -0.0069258526666668
127 -0.0039129526666668
128 0.0011528473333332
129 0.0042066473333332
130 0.0008063473333332
131 -0.0054125526666668
132 0.0050278473333332
133 0.0071286473333332
134 0.0084139473333332
135 0.0042077473333332
136 -0.0002514526666668
137 0.0025676473333332
138 0.0040989473333332
139 0.0063989473333332
140 0.0018470473333332
141 0.0036251473333332
142 0.0071885473333332
143 0.0113238473333332
144 0.0147760473333332
145 0.0178012473333332
146 0.0230098473333332
147 0.0123299473333332
148 0.0023122473333332
149 -0.0019118526666668
150 -0.0097857526666668
151 -0.0118193526666668
152 -0.0115146526666668
153 -0.0127754526666668
154 -0.0039541526666668
155 -0.0004559526666668
156 -0.0042951526666668
157 -0.0062421526666668
158 -0.0019120526666668
159 -0.0039373526666668
160 -0.0052142526666668
161 -0.0052802526666668
162 -0.0076980526666668
163 -0.0049992526666668
164 -0.0065815526666668
165 -0.0041525526666668
166 -0.0038566526666668
167 0.0001154473333332
168 -0.0133358526666668
169 -0.0134893526666668
170 -0.0066518526666668
171 -0.0057384526666668
172 0.0011841473333332
173 -0.0002672526666668
174 -0.0082376526666668
175 -0.0084503526666668
176 -0.0068819526666668
177 -0.0034413526666668
178 -0.0009137526666668
179 0.0043105473333332
180 0.0147136473333332
181 0.0088454473333332
182 0.0031773473333332
183 0.0065365473333332
184 0.0010656473333332
185 0.0060077473333332
186 0.0036033473333332
187 -0.0045294526666668
188 -0.0043169526666668
189 -0.0094159526666668
190 -0.0050988526666668
191 -0.0081115526666668
192 -0.0039164526666668
193 -0.0017960526666668
194 -0.0081948526666668
195 -0.0152285526666668
196 -0.0151609526666668
197 -0.0166191526666668
198 -0.0149321526666668
199 -0.0148490526666668
200 -0.0136680526666668
201 -0.0090775526666668
202 -0.0092646526666668
203 -0.0042144526666668
204 -0.0040547526666668
205 -0.0002319526666668
206 -0.0041241526666668
207 -0.0042924526666668
208 0.0011641473333332
209 -0.0027508526666668
210 -0.0049089526666668
211 -0.0077438526666668
212 -0.0097240526666668
213 -0.0089125526666668
214 -0.0081649526666668
215 -0.0038674526666668
216 -0.0102055526666668
217 -0.0052948526666668
218 -0.0040062526666668
219 -0.0058223526666668
220 -0.0059699526666668
221 -0.0003853526666668
222 0.0062838473333332
223 0.0010427473333332
224 -0.0011148526666668
225 0.0004573473333332
226 0.0022294473333332
227 0.0004074473333332
228 0.0004989473333332
229 0.0027831473333332
230 0.0009397473333332
231 0.0001206473333332
232 0.0040982473333332
233 0.0031906473333332
234 -0.0033885526666668
235 0.0041574473333332
236 0.0075262473333332
237 0.0016723473333332
238 0.0017356473333332
239 -0.0004002526666668
240 0.0009483473333332
241 0.0040331473333332
242 0.0116879473333332
243 0.0122262473333332
244 0.0157734473333332
245 0.0053416473333332
246 0.0081513473333332
247 0.0162107473333332
248 0.0048333473333332
249 0.0048772473333332
250 0.0118567473333332
251 0.0169880473333332
252 0.0146995473333332
253 0.0065494473333332
254 0.0070230473333332
255 0.0009447473333332
256 -0.0018701526666668
257 0.0014994473333332
258 0.0066972473333332
259 -0.0021511526666668
260 -0.0073641526666668
261 -0.0034426526666668
262 -0.0119833526666668
263 -0.0104012526666668
264 -0.0089372526666668
265 -0.0076596526666668
266 -0.0091455526666668
267 -0.0058719526666668
268 -0.0087075526666668
269 -0.0088306526666668
270 -0.0039875526666668
271 -0.0136815526666668
272 -0.0169950526666668
273 -0.0165170526666668
274 -0.0138905526666668
275 -0.0144296526666668
276 -0.0159922526666668
277 -0.0087006526666668
278 -0.0034558526666668
279 -0.0040490526666668
280 -0.0011743526666668
281 0.0028351473333332
282 0.0080493473333332
283 0.0101626473333332
284 0.0112119473333332
285 0.0048042473333332
286 0.0009023473333332
287 -0.0026355526666668
288 0.0002435473333332
289 0.0045453473333332
290 -0.0024244526666668
291 -0.0017359526666668
292 -0.0020831526666668
293 -0.0058195526666668
294 0.0049703473333332
295 -0.0009649526666668
296 -0.0010220526666668
297 -0.0004726526666668
298 -0.0073951526666668
299 -0.0059600526666668
300 -0.0043346526666668
301 -0.0117407526666668
302 -0.0165106526666668
303 -0.0226357526666668
304 -0.0178208526666668
305 -0.0161734526666668
306 -0.0212680526666668
307 -0.0172865526666668
308 -0.0125785526666668
309 -0.0090863526666668
310 -0.0168878526666668
311 -0.0207008526666668
312 -0.0179460526666668
313 -0.0203126526666668
314 -0.0198084526666668
315 -0.0163158526666668
316 -0.0140166526666668
317 -0.0144008526666668
318 -0.0094929526666668
319 -0.0067293526666668
320 -0.0115451526666668
321 -0.0029866526666668
322 0.0074592473333332
323 0.0049740473333332
324 0.0105839473333332
325 0.0137272473333332
326 0.0172161473333332
327 0.0106013473333332
328 0.0065755473333332
329 0.0134592473333332
330 0.0056054473333332
331 -0.0012628526666668
332 -0.0039153526666668
333 -0.0008116526666668
334 0.0015159473333332
335 0.0038219473333332
336 0.0094456473333332
337 0.0042257473333332
338 0.0103408473333332
339 0.0096177473333332
340 0.0000934473333332
341 -0.0027656526666668
342 0.0080261473333332
343 0.0039788473333332
344 0.0080318473333332
345 0.0104796473333332
346 0.0025349473333332
347 0.0003244473333332
348 0.0005919473333332
349 -0.0039365526666668
350 -0.0079827526666668
351 -0.0138874526666668
352 -0.0138598526666668
353 -0.0084422526666668
354 -0.0068814526666668
355 -0.0066450526666668
356 -0.0107211526666668
357 -0.0081768526666668
358 -0.0045600526666668
359 0.0013363473333332
360 0.0059740473333332
361 0.0055155473333332
362 0.0050025473333332
363 0.0041491473333332
364 -0.0024374526666668
365 0.0125030473333332
366 0.0117686473333332
367 0.0060531473333332
368 0.0040265473333332
369 0.0071424473333332
370 0.0012853473333332
371 -0.0017732526666668
372 -0.0056038526666668
373 -0.0044239526666668
374 -0.0042977526666668
375 -0.0000067526666668
376 0.0035927473333332
377 0.0050949473333332
378 0.0056578473333332
379 0.0138920473333332
380 0.0256800473333332
381 0.0221891473333332
382 0.0132778473333332
383 0.0086690473333332
384 0.0136071473333332
385 0.0089961473333332
386 0.0088216473333332
387 0.0081568473333332
388 0.0115872473333332
389 0.0216367473333332
390 0.0223743473333332
391 0.0192683473333332
392 0.0082830473333332
393 0.0030343473333332
394 0.0098807473333332
395 0.0082569473333332
396 0.0006027473333332
397 0.0025247473333332
398 0.0063811473333332
399 0.0078046473333332
400 0.0057172473333332
401 0.0031907473333332
402 0.0061912473333332
403 0.0006750473333332
404 0.0007451473333332
405 -0.0003662526666668
406 -0.0040356526666668
407 0.0076339473333332
408 0.0022156473333332
409 -0.0049679526666668
410 -0.0006935526666668
411 -0.0046363526666668
412 -0.0103937526666668
413 -0.0123130526666668
414 -0.0134242526666668
415 -0.0135077526666668
416 -0.0164286526666668
417 -0.0134669526666668
418 -0.0202316526666668
419 -0.0185152526666668
420 -0.0182288526666668
421 -0.0166561526666668
422 -0.0125423526666668
423 -0.0121857526666668
424 -0.0150836526666668
425 -0.0148024526666668
426 -0.0130219526666668
427 -0.0097109526666668
428 -0.0125127526666668
429 -0.0122590526666668
430 -0.0108861526666668
431 -0.0075640526666668
432 -0.0050794526666668
433 -0.0008430526666668
434 0.0023479473333332
435 -0.0047315526666668
436 -0.0069214526666668
437 -0.0081483526666668
438 -0.0048770526666668
439 -0.0047738526666668
440 -0.0027345526666668
441 0.0014977473333332
442 0.0024196473333332
443 0.0043877473333332
444 0.0005630473333332
445 -0.0000934526666668
446 0.0014111473333332
447 -0.0004937526666668
448 -0.0076522526666668
449 -0.0083593526666668
450 -0.0050621526666668
451 0.0004666473333332
452 -0.0024143526666668
453 -0.0043195526666668
454 0.0021460473333332
455 0.0080702473333332
456 0.0101611473333332
457 0.0055976473333332
458 0.0029816473333332
459 0.0002477473333332
460 0.0065411473333332
461 0.0175807473333332
462 0.0108905473333332
463 0.0125090473333332
464 0.0119252473333332
465 0.0046323473333332
466 0.0002046473333332
467 -0.0022640526666668
468 -0.0004105526666668
469 0.0052743473333332
470 0.0093284473333332
471 0.0041390473333332
472 -0.0032141526666668
473 -0.0027512526666668
474 -0.0016680526666668
475 -0.0061809526666668
476 -0.0110107526666668
477 -0.0140286526666668
478 -0.0128516526666668
479 -0.0107056526666668
480 -0.0123921526666668
481 -0.0116449526666668
482 -0.0167492526666668
483 -0.0180250526666668
484 -0.0162864526666668
485 -0.0152209526666668
486 -0.0133513526666668
487 -0.0150011526666668
488 -0.0107002526666668
489 -0.0082099526666668
490 -0.0038753526666668
491 -0.0010125526666668
492 -0.0016582526666668
493 -0.0002010526666668
494 0.0006012473333332
495 0.0032300473333332
496 0.0017838473333332
497 -0.0032471526666668
498 0.0068692473333332
499 0.0042949473333332
500 0.0128873473333332
501 0.0125568473333332
502 0.0101126473333332
503 0.0034472473333332
504 0.0061434473333332
505 0.0045242473333332
506 0.0044995473333332
507 -0.0001728526666668
508 -0.0067070526666668
509 -0.0062812526666668
510 -0.0101743526666668
511 -0.0081965526666668
512 -0.0102115526666668
513 -0.0099102526666668
514 -0.0155291526666668
515 -0.0145623526666668
516 -0.0131100526666668
517 -0.0168420526666668
518 -0.0198117526666668
519 -0.0186905526666668
520 -0.0173922526666668
521 -0.0110520526666668
522 -0.0066635526666668
523 -0.0015193526666668
524 0.0015871473333332
525 -0.0094832526666668
526 -0.0140901526666668
527 -0.0067275526666668
528 -0.0057874526666668
529 -0.0033712526666668
530 0.0051445473333332
531 0.0048396473333332
532 -0.0001473526666668
533 -0.0102200526666668
534 -0.0033106526666668
535 0.0014607473333332
536 -0.0011870526666668
537 -0.0016133526666668
538 0.0034388473333332
539 0.0033602473333332
540 0.0049416473333332
541 0.0106381473333332
542 0.0122341473333332
543 0.0125664473333332
544 0.0019679473333332
545 -0.0006403526666668
546 -0.0047999526666668
547 -0.0020088526666668
548 -0.0068354526666668
549 0.0021289473333332
550 0.0047699473333332
551 0.0058232473333332
552 0.0051715473333332
553 0.0020076473333332
554 -0.0011424526666668
555 -0.0042408526666668
556 -0.0051530526666668
557 -0.0065865526666668
558 -0.0017806526666668
559 -0.0043063526666668
560 -0.0117034526666668
561 -0.0153526526666668
562 -0.0134730526666668
563 -0.0086980526666668
564 -0.0010546526666668
565 0.0068277473333332
566 0.0085274473333332
567 0.0034852473333332
568 0.0041202473333332
569 0.0081353473333332
570 0.0059136473333332
571 0.0000940473333332
572 -0.0014942526666668
573 -0.0009271526666668
574 -0.0045280526666668
575 -0.0059228526666668
576 -0.0110733526666668
577 -0.0065444526666668
578 0.0003596473333332
579 -0.0008235526666668
580 -0.0059186526666668
581 -0.0019573526666668
582 -0.0077465526666668
583 -0.0067512526666668
584 -0.0109929526666668
585 -0.0136015526666668
586 -0.0106124526666668
587 -0.0109256526666668
588 -0.0137451526666668
589 -0.0177250526666668
590 -0.0181270526666668
591 -0.0145950526666668
592 -0.0094618526666668
593 -0.0036308526666668
594 -0.0044064526666668
595 -0.0049687526666668
596 -0.0024894526666668
597 0.0021702473333332
598 0.0051996473333332
599 0.0068857473333332
600 0.0062125473333332
1 0.6754007473333332
2 0.4610256473333332
3 0.3132966473333332
4 0.2502558473333332
5 0.1565540473333332
6 0.0960829473333332
7 0.0795315473333332
8 0.0652722473333332
9 0.0514845473333332
10 0.0405159473333332
11 0.0260271473333332
12 0.0174096473333332
13 0.0121879473333332
14 0.0081471473333332
15 0.0103366473333332
16 0.0093076473333332
17 0.0068443473333332
18 0.0091195473333332
19 0.0029811473333332
20 0.0035463473333332
21 0.0007852473333332
22 -0.0021610526666668
23 -0.0060219526666668
24 -0.0093020526666668
25 -0.0063665526666668
26 -0.0110748526666668
27 -0.0107197526666668
28 -0.0170815526666668
29 -0.0182662526666668
30 -0.0134777526666668
31 -0.0125024526666668
32 -0.0131718526666668
33 -0.0148304526666668
34 -0.0143540526666668
35 -0.0134094526666668
36 -0.0138926526666668
37 -0.0176875526666668
38 -0.0147316526666668
39 -0.0183435526666668
40 -0.0166554526666668
41 -0.0105775526666668
42 -0.0057688526666668
43 0.0020874473333332
44 0.0010020473333332
45 0.0050767473333332
46 0.0033580473333332
47 0.0064985473333332
48 0.0029854473333332
49 -0.0020322526666668
50 0.0037553473333332
51 0.0042451473333332
52 0.0007310473333332
53 0.0028033473333332
54 0.0099341473333332
55 0.0022053473333332
56 0.0049648473333332
57 0.0014181473333332
58 -0.0048201526666668
59 -0.0047944526666668
60 -0.0056884526666668
61 -0.0095139526666668
62 -0.0071469526666668
63 -0.0109295526666668
64 -0.0089582526666668
65 -0.0125750526666668
66 -0.0136098526666668
67 -0.0125251526666668
68 -0.0122741526666668
69 -0.0058412526666668
70 0.0001116473333332
71 0.0061451473333332
72 0.0138447473333332
73 0.0094973473333332
74 0.0123001473333332
75 0.0194005473333332
76 0.0196107473333332
77 0.0172926473333332
78 0.0191864473333332
79 0.0093242473333332
80 0.0015597473333332
81 0.0041976473333332
82 0.0008993473333332
83 -0.0014318526666668
84 -0.0014924526666668
85 0.0013487473333332
86 -0.0019287526666668
87 -0.0035732526666668
88 -0.0080204526666668
89 -0.0051679526666668
90 -0.0094200526666668
91 -0.0161029526666668
92 -0.0124573526666668
93 -0.0128638526666668
94 -0.0032859526666668
95 -0.0047249526666668
96 -0.0043662526666668
97 -0.0094422526666668
98 -0.0102831526666668
99 -0.0133019526666668
100 -0.0122896526666668
101 -0.0052744526666668
102 -0.0063322526666668
103 -0.0096287526666668
104 -0.0065408526666668
105 -0.0084432526666668
106 -0.0123428526666668
107 -0.0092096526666668
108 -0.0042699526666668
109 -0.0053108526666668
110 -0.0069467526666668
111 -0.0045252526666668
112 -0.0012054526666668
113 -0.0044633526666668
114 -0.0062245526666668
115 -0.0063402526666668
116 0.0059965473333332
117 0.0121745473333332
118 0.0061494473333332
119 -0.0011185526666668
120 -0.0055570526666668
121 -0.0055587526666668
122 0.0005438473333332
123 0.0035496473333332
124 -0.0041288526666668
125 0.0003803473333332
126 0.0043460473333332
127 0.0035489473333332
128 0.0159833473333332
129 0.0134147473333332
130 0.0105036473333332
131 0.0117898473333332
132 0.0141608473333332
133 0.0146709473333332
134 0.0156529473333332
135 0.0235854473333332
136 0.0186278473333332
137 0.0123729473333332
138 0.0145675473333332
139 0.0133491473333332
140 0.0131119473333332
141 0.0071601473333332
142 -0.0003819526666668
143 -0.0020574526666668
144 -0.0020456526666668
145 -0.0080444526666668
146 -0.0130634526666668
147 -0.0104018526666668
148 -0.0060437526666668
149 -0.0120163526666668
150 -0.0097000526666668
151 -0.0080554526666668
152 -0.0051626526666668
153 0.0009352473333332
154 0.0001467473333332
155 -0.0042333526666668
156 -0.0080046526666668
157 -0.0117295526666668
158 -0.0064646526666668
159 -0.0022881526666668
160 -0.0010411526666668
161 0.0009779473333332
162 -0.0031256526666668
163 -0.0051931526666668
164 0.0029515473333332
165 -0.0008921526666668
166 0.0020140473333332
167 -0.0025001526666668
168 -0.0002166526666668
169 -0.0070122526666668
170 -0.0053139526666668
171 -0.0096613526666668
172 -0.0149043526666668
173 -0.0082993526666668
174 0.0043826473333332
175 -0.0011029526666668
176 -0.0047147526666668
177 -0.0120853526666668
178 -0.0087025526666668
179 -0.0060732526666668
180 -0.0128965526666668
181 -0.0083079526666668
182 -0.0056088526666668
183 -0.0039352526666668
184 -0.0066718526666668
185 -0.0009440526666668
186 -0.0002344526666668
187 0.0044608473333332
188 0.0049348473333332
189 0.0017572473333332
190 -0.0029995526666668
191 -0.0074777526666668
192 -0.0030802526666668
193 -0.0024843526666668
194 -0.0057026526666668
195 -0.0107505526666668
196 -0.0064415526666668
197 -0.0028494526666668
198 -0.0061768526666668
199 -0.0016711526666668
200 -0.0015428526666668
201 -0.0053254526666668
202 -0.0054981526666668
203 -0.0030956526666668
204 0.0018130473333332
205 -0.0007978526666668
206 -0.0027952526666668
207 0.0045807473333332
208 0.0016651473333332
209 0.0078393473333332
210 0.0028995473333332
211 -0.0018029526666668
212 0.0041118473333332
213 0.0048115473333332
214 0.0080487473333332
215 0.0067463473333332
216 0.0049485473333332
217 0.0056325473333332
218 -0.0039712526666668
219 -0.0036204526666668
220 -0.0016748526666668
221 -0.0017577526666668
222 -0.0012168526666668
223 -0.0046313526666668
224 -0.0097471526666668
225 -0.0113627526666668
226 -0.0067725526666668
227 -0.0132551526666668
228 -0.0067425526666668
229 -0.0029279526666668
230 -0.0029795526666668
231 0.0044347473333332
232 0.0153614473333332
233 0.0053463473333332
234 -0.0005817526666668
235 0.0070314473333332
236 0.0040533473333332
237 -0.0003071526666668
238 -0.0028276526666668
239 -0.0066895526666668
240 -0.0032885526666668
241 -0.0038839526666668
242 -0.0025268526666668
243 -0.0030381526666668
244 -0.0066044526666668
245 -0.0011861526666668
246 0.0014846473333332
247 -0.0005575526666668
248 0.0013471473333332
249 0.0053712473333332
250 0.0034408473333332
251 0.0089493473333332
252 0.0064878473333332
253 0.0039505473333332
254 -0.0018702526666668
255 -0.0053968526666668
256 -0.0049302526666668
257 -0.0091323526666668
258 -0.0068239526666668
259 -0.0046445526666668
260 -0.0067828526666668
261 -0.0087565526666668
262 -0.0031363526666668
263 0.0028715473333332
264 0.0025643473333332
265 0.0003610473333332
266 -0.0000235526666668
267 0.0003785473333332
268 -0.0042353526666668
269 -0.0025969526666668
270 0.0024736473333332
271 0.0042556473333332
272 0.0026050473333332
273 -0.0035426526666668
274 0.0013205473333332
275 0.0056934473333332
276 0.0041225473333332
277 0.0026991473333332
278 0.0003347473333332
279 -0.0010269526666668
280 -0.0075271526666668
281 -0.0008741526666668
282 0.0041057473333332
283 -0.0037305526666668
284 -0.0030358526666668
285 0.0041771473333332
286 0.0096730473333332
287 0.0080856473333332
288 0.0087769473333332
289 0.0049463473333332
290 -0.0072937526666668
291 -0.0037695526666668
292 0.0003026473333332
293 -0.0010800526666668
294 -0.0059658526666668
295 -0.0110199526666668
296 -0.0159439526666668
297 -0.0218905526666668
298 -0.0174808526666668
299 -0.0137125526666668
300 -0.0166436526666668
301 -0.0147208526666668
302 -0.0146231526666668
303 -0.0067361526666668
304 -0.0014261526666668
305 -0.0072084526666668
306 -0.0065137526666668
307 -0.0067043526666668
308 -0.0009668526666668
309 0.0075405473333332
310 0.0002449473333332
311 -0.0009914526666668
312 0.0019533473333332
313 -0.0009342526666668
314 0.0063265473333332
315 0.0021820473333332
316 0.0023025473333332
317 0.0095700473333332
318 0.0041686473333332
319 0.0033407473333332
320 0.0040223473333332
321 0.0047856473333332
322 0.0040691473333332
323 -0.0016515526666668
324 0.0018801473333332
325 -0.0039727526666668
326 -0.0032958526666668
327 -0.0008813526666668
328 0.0001330473333332
329 -0.0030673526666668
330 -0.0007826526666668
331 0.0054923473333332
332 0.0026422473333332
333 0.0067872473333332
334 0.0045787473333332
335 -0.0016328526666668
336 -0.0026838526666668
337 -0.0074921526666668
338 -0.0086692526666668
339 -0.0042477526666668
340 -0.0080538526666668
341 -0.0140281526666668
342 -0.0102179526666668
343 -0.0081704526666668
344 -0.0067976526666668
345 -0.0018125526666668
346 0.0015774473333332
347 0.0009812473333332
348 -0.0016667526666668
349 -0.0043552526666668
350 -0.0041651526666668
351 -0.0043928526666668
352 -0.0019555526666668
353 0.0029501473333332
354 -0.0001185526666668
355 -0.0006727526666668
356 -0.0074349526666668
357 -0.0076732526666668
358 -0.0079048526666668
359 -0.0124411526666668
360 -0.0160842526666668
361 -0.0147871526666668
362 -0.0101587526666668
363 -0.0066270526666668
364 -0.0128402526666668
365 -0.0091535526666668
366 -0.0071703526666668
367 -0.0025168526666668
368 -0.0010662526666668
369 0.0031858473333332
370 -0.0027914526666668
371 -0.0017491526666668
372 0.0025096473333332
373 0.0020371473333332
374 -0.0002353526666668
375 -0.0069312526666668
376 -0.0062802526666668
377 -0.0094787526666668
378 -0.0079288526666668
379 -0.0102561526666668
380 -0.0080268526666668
381 -0.0091698526666668
382 -0.0144770526666668
383 -0.0106068526666668
384 -0.0069928526666668
385 -0.0114631526666668
386 -0.0158767526666668
387 -0.0108209526666668
388 -0.0139504526666668
389 -0.0098898526666668
390 -0.0067813526666668
391 -0.0054424526666668
392 0.0004964473333332
393 0.0024424473333332
394 0.0005403473333332
395 0.0036858473333332
396 0.0142234473333332
397 0.0085311473333332
398 -0.0002608526666668
399 -0.0053920526666668
400 -0.0067206526666668
401 -0.0037548526666668
402 -0.0033611526666668
403 0.0048654473333332
404 0.0033522473333332
405 0.0008849473333332
406 -0.0024200526666668
407 -0.0002212526666668
408 -0.0031707526666668
409 -0.0020379526666668
410 -0.0060763526666668
411 -0.0100920526666668
412 -0.0120027526666668
413 -0.0101187526666668
414 -0.0073081526666668
415 -0.0034697526666668
416 -0.0081229526666668
417 -0.0067616526666668
418 -0.0007539526666668
419 0.0030726473333332
420 0.0074640473333332
421 0.0027864473333332
422 -0.0004203526666668
423 0.0002832473333332
424 -0.0026670526666668
425 -0.0044657526666668
426 -0.0096225526666668
427 -0.0089319526666668
428 -0.0056573526666668
429 0.0013234473333332
430 0.0037073473333332
431 -0.0054945526666668
432 -0.0093409526666668
433 -0.0078742526666668
434 -0.0067508526666668
435 -0.0065383526666668
436 -0.0053378526666668
437 -0.0030110526666668
438 -0.0010373526666668
439 -0.0000324526666668
440 -0.0081047526666668
441 -0.0163327526666668
442 -0.0119364526666668
443 -0.0101086526666668
444 -0.0015708526666668
445 -0.0002430526666668
446 -0.0024370526666668
447 -0.0045223526666668
448 -0.0055206526666668
449 -0.0119858526666668
450 -0.0040443526666668
451 -0.0077414526666668
452 -0.0153665526666668
453 -0.0211993526666668
454 -0.0113162526666668
455 -0.0109208526666668
456 -0.0117252526666668
457 -0.0073533526666668
458 -0.0089882526666668
459 -0.0055462526666668
460 -0.0084098526666668
461 -0.0054464526666668
462 -0.0123071526666668
463 -0.0102946526666668
464 -0.0094339526666668
465 -0.0042864526666668
466 0.0022784473333332
467 0.0095931473333332
468 0.0021502473333332
469 -0.0019503526666668
470 0.0021746473333332
471 0.0006524473333332
472 -0.0022019526666668
473 0.0041044473333332
474 0.0048344473333332
475 -0.0047401526666668
476 -0.0015609526666668
477 -0.0028011526666668
478 -0.0068924526666668
479 -0.0073239526666668
480 -0.0087585526666668
481 -0.0128364526666668
482 -0.0132145526666668
483 -0.0128042526666668
484 -0.0119374526666668
485 -0.0121259526666668
486 -0.0176227526666668
487 -0.0125678526666668
488 -0.0097838526666668
489 -0.0080955526666668
490 -0.0109226526666668
491 -0.0125514526666668
492 -0.0080967526666668
493 -0.0082241526666668
494 -0.0059210526666668
495 -0.0031094526666668
496 0.0025047473333332
497 0.0040981473333332
498 0.0041078473333332
499 -0.0007999526666668
500 -0.0035904526666668
501 -0.0068861526666668
502 -0.0047126526666668
503 -0.0111464526666668
504 -0.0082666526666668
505 0.0043164473333332
506 0.0145221473333332
507 0.0098370473333332
508 0.0091016473333332
509 0.0097966473333332
510 0.0123724473333332
511 0.0159365473333332
512 0.0125756473333332
513 0.0084782473333332
514 0.0177179473333332
515 0.0181916473333332
516 0.0125154473333332
517 0.0029186473333332
518 0.0109829473333332
519 0.0039950473333332
520 0.0056918473333332
521 0.0089185473333332
522 0.0058160473333332
523 0.0057781473333332
524 -0.0002684526666668
525 0.0054592473333332
526 0.0154210473333332
527 0.0201656473333332
528 0.0182908473333332
529 0.0136188473333332
530 0.0037309473333332
531 0.0029726473333332
532 0.0027333473333332
533 0.0000493473333332
534 0.0068736473333332
535 0.0123403473333332
536 0.0100038473333332
537 0.0015008473333332
538 0.0009916473333332
539 0.0021240473333332
540 0.0024007473333332
541 -0.0015107526666668
542 0.0008839473333332
543 0.0044737473333332
544 0.0059747473333332
545 0.0076418473333332
546 0.0078450473333332
547 0.0033132473333332
548 0.0164257473333332
549 0.0209870473333332
550 0.0180903473333332
551 0.0109465473333332
552 0.0062976473333332
553 0.0145373473333332
554 0.0208411473333332
555 0.0148958473333332
556 0.0072707473333332
557 0.0083900473333332
558 0.0059485473333332
559 0.0043685473333332
560 0.0083500473333332
561 -0.0017690526666668
562 -0.0102464526666668
563 -0.0048299526666668
564 -0.0001457526666668
565 -0.0017942526666668
566 -0.0077947526666668
567 -0.0063850526666668
568 -0.0125734526666668
569 -0.0064610526666668
570 -0.0021373526666668
571 -0.0027176526666668
572 -0.0031888526666668
573 0.0011997473333332
574 0.0024947473333332
575 0.0027829473333332
576 0.0044768473333332
577 0.0024004473333332
578 0.0015582473333332
579 0.0003742473333332
580 0.0016665473333332
581 0.0025650473333332
582 -0.0049350526666668
583 0.0000177473333332
584 -0.0075021526666668
585 -0.0107585526666668
586 -0.0029586526666668
587 -0.0069617526666668
588 -0.0111214526666668
589 -0.0022851526666668
590 -0.0030202526666668
591 -0.0075206526666668
592 -0.0047490526666668
593 0.0011334473333332
594 0.0000488473333332
595 -0.0024786526666668
596 -0.0038581526666668
597 -0.0038458526666668
598 -0.0069010526666668
599 -0.0047581526666668
600 -0.0005748526666668
1 0.7167121473333331
2 0.4087549473333332
3 0.2896886473333332
4 0.2282681473333332
5 0.1594682473333332
6 0.1066632473333332
7 0.0914865473333332
8 0.0637910473333332
9 0.0490921473333332
10 0.0363673473333332
11 0.0257450473333332
12 0.0122303473333332
13 0.0128162473333332
14 0.0039473473333332
15 -0.0008188526666668
16 -0.0027074526666668
17 -0.0078046526666668
18 -0.0052616526666668
19 -0.0043181526666668
20 -0.0123313526666668
21 -0.0168127526666668
22 -0.0178208526666668
23 -0.0088456526666668
24 -0.0036915526666668
25 0.0032870473333332
26 0.0013471473333332
27 -0.0040418526666668
28 -0.0073580526666668
29 -0.0008779526666668
30 -0.0005541526666668
31 -0.0019882526666668
32 -0.0012530526666668
33 -0.0064225526666668
34 0.0091486473333332
35 0.0116965473333332
36 0.0071688473333332
37 -0.0016075526666668
38 -0.0035457526666668
39 -0.0004253526666668
40 0.0026720473333332
41 0.0023473473333332
42 0.0026744473333332
43 0.0084189473333332
44 0.0127346473333332
45 0.0148230473333332
46 0.0108668473333332
47 0.0052730473333332
48 0.0060049473333332
49 0.0059064473333332
50 0.0066045473333332
51 0.0011535473333332
52 -0.0069572526666668
53 -0.0117322526666668
54 -0.0107418526666668
55 0.0023073473333332
56 0.0100083473333332
57 0.0013825473333332
58 0.0012712473333332
59 0.0074831473333332
60 0.0084097473333332
61 0.0038376473333332
62 -0.0046136526666668
63 -0.0070386526666668
64 -0.0077685526666668
65 -0.0053120526666668
66 -0.0019745526666668
67 0.0107657473333332
68 0.0058299473333332
69 0.0021380473333332
70 -0.0025140526666668
71 -0.0019059526666668
72 0.0007627473333332
73 -0.0057941526666668
74 -0.0025284526666668
75 -0.0017956526666668
76 -0.0141351526666668
77 -0.0165862526666668
78 -0.0191569526666668
79 -0.0160007526666668
80 -0.0112825526666668
81 -0.0138813526666668
82 -0.0125890526666668
83 -0.0072323526666668
84 -0.0099731526666668
85 -0.0062082526666668
86 -0.0037972526666668
87 0.0004223473333332
88 0.0015682473333332
89 -0.0010453526666668
90 -0.0089292526666668
91 -0.0079946526666668
92 -0.0106839526666668
93 -0.0073131526666668
94 -0.0086156526666668
95 -0.0079894526666668
96 -0.0063287526666668
97 -0.0076287526666668
98 0.0023100473333332
99 0.0032725473333332
100 0.0011163473333332
101 0.0010186473333332
102 0.0027961473333332
103 0.0002703473333332
104 -0.0062288526666668
105 0.0017113473333332
106 0.0062280473333332
107 -0.0015020526666668
108 -0.0095975526666668
109 -0.0025124526666668
110 0.0057361473333332
111 0.0028911473333332
112 -0.0000601526666668
113 0.0020128473333332
114 0.0056275473333332
115 -0.0005702526666668
116 -0.0046779526666668
117 -0.0014451526666668
118 -0.0031998526666668
119 -0.0017333526666668
120 0.0001130473333332
121 -0.0012455526666668
122 0.0007523473333332
123 -0.0010916526666668
124 -0.0040729526666668
125 -0.0031935526666668
126 -0.0093340526666668
127 -0.0145502526666668
128 -0.0147399526666668
129 -0.0129606526666668
130 -0.0170149526666668
131 -0.0135514526666668
132 -0.0082812526666668
133 -0.0086282526666668
134 -0.0023392526666668
135 -0.0028355526666668
136 -0.0022075526666668
137 -0.0024666526666668
138 -0.0027368526666668
139 -0.0002103526666668
140 -0.0023807526666668
141 0.0056903473333332
142 -0.0017309526666668
143 -0.0054494526666668
144 -0.0079611526666668
145 -0.0125176526666668
146 -0.0158982526666668
147 -0.0151086526666668
148 -0.0064037526666668
149 -0.0135063526666668
150 -0.0073905526666668
151 0.0008325473333332
152 -0.0007865526666668
153 -0.0018802526666668
154 -0.0047478526666668
155 0.0042405473333332
156 0.0106561473333332
157 0.0111482473333332
158 0.0100393473333332
159 0.0113559473333332
160 0.0115344473333332
161 0.0053070473333332
162 0.0013449473333332
163 0.0079068473333332
164 0.0078890473333332
165 0.0079576473333332
166 0.0047880473333332
167 -0.0009022526666668
168 -0.0024126526666668
169 -0.0016827526666668
170 -0.0030709526666668
171 -0.0014500526666668
172 -0.0039390526666668
173 -0.0104890526666668
174 -0.0113668526666668
175 -0.0079453526666668
176 -0.0068545526666668
177 -0.0151968526666668
178 -0.0162482526666668
179 -0.0195208526666668
180 -0.0282447526666668
181 -0.0192273526666668
182 -0.0203702526666668
183 -0.0164034526666668
184 -0.0156839526666668
185 -0.0096665526666668
186 -0.0068317526666668
187 -0.0081739526666668
188 -0.0098895526666668
189 -0.0116590526666668
190 -0.0098193526666668
191 -0.0075946526666668
192 -0.0094012526666668
193 -0.0140005526666668
194 -0.0072672526666668
195 -0.0084032526666668
196 -0.0035171526666668
197 0.0007791473333332
198 -0.0024612526666668
199 -0.0010544526666668
200 -0.0009863526666668
201 -0.0051876526666668
202 -0.0060359526666668
203 -0.0134602526666668
204 -0.0102323526666668
205 -0.0163970526666668
206 -0.0164968526666668
207 -0.0093638526666668
208 -0.0123021526666668
209 -0.0101456526666668
210 0.0018970473333332
211 -0.0017479526666668
212 0.0043061473333332
213 0.0051860473333332
214 -0.0001139526666668
215 -0.0001815526666668
216 0.0035224473333332
217 0.0121257473333332
218 0.0072914473333332
219 0.0048894473333332
220 -0.0025399526666668
221 -0.0024558526666668
222 0.0005212473333332
223 0.0033056473333332
224 0.0023834473333332
225 -0.0023608526666668
226 -0.0024677526666668
227 -0.0054540526666668
228 -0.0065328526666668
229 -0.0043996526666668
230 -0.0092355526666668
231 -0.0073914526666668
232 -0.0068887526666668
233 -0.0025694526666668
234 0.0049326473333332
235 0.0049315473333332
236 0.0094891473333332
237 0.0088974473333332
238 0.0128173473333332
239 0.0082256473333332
240 0.0054376473333332
241 0.0120647473333332
242 0.0160681473333332
243 0.0135278473333332
244 0.0074223473333332
245 0.0045468473333332
246 0.0000058473333332
247 0.0032108473333332
248 0.0029154473333332
249 0.0014045473333332
250 -0.0017124526666668
251 -0.0013575526666668
252 -0.0031277526666668
253 -0.0066499526666668
254 -0.0030027526666668
255 -0.0008320526666668
256 0.0000669473333332
257 -0.0040663526666668
258 0.0002269473333332
259 -0.0026933526666668
260 -0.0064060526666668
261 -0.0129848526666668
262 -0.0055572526666668
263 -0.0038422526666668
264 -0.0080140526666668
265 -0.0084810526666668
266 -0.0086182526666668
267 0.0049367473333332
268 0.0033474473333332
269 0.0052285473333332
270 0.0188163473333332
271 0.0261098473333332
272 0.0218631473333332
273 0.0186156473333332
274 0.0200720473333332
275 0.0177364473333332
276 0.0265454473333332
277 0.0169243473333332
278 0.0092202473333332
279 0.0100327473333332
280 0.0117550473333332
281 0.0147180473333332
282 0.0082356473333332
283 0.0082380473333332
284 0.0062853473333332
285 -0.0042995526666668
286 -0.0093314526666668
287 -0.0029562526666668
288 -0.0065519526666668
289 -0.0104872526666668
290 -0.0089743526666668
291 -0.0104359526666668
292 -0.0108507526666668
293 -0.0029502526666668
294 0.0026140473333332
295 0.0015427473333332
296 -0.0056503526666668
297 0.0001979473333332
298 0.0006294473333332
299 -0.0040933526666668
300 -0.0009016526666668
301 0.0024981473333332
302 0.0065731473333332
303 0.0017946473333332
304 0.0069957473333332
305 -0.0005544526666668
306 -0.0058244526666668
307 -0.0025910526666668
308 0.0013003473333332
309 0.0006357473333332
310 -0.0006299526666668
311 0.0001046473333332
312 0.0156615473333332
313 0.0162840473333332
314 0.0203056473333332
315 0.0164906473333332
316 0.0120820473333332
317 0.0084227473333332
318 0.0073140473333332
319 0.0116627473333332
320 0.0052055473333332
321 0.0057826473333332
322 0.0006065473333332
323 -0.0038460526666668
324 -0.0040948526666668
325 -0.0000357526666668
326 0.0001229473333332
327 -0.0032559526666668
328 -0.0005936526666668
329 -0.0069816526666668
330 -0.0017327526666668
331 -0.0040486526666668
332 -0.0051630526666668
333 -0.0065527526666668
334 -0.0074135526666668
335 -0.0105375526666668
336 -0.0049638526666668
337 0.0003180473333332
338 -0.0002965526666668
339 -0.0036516526666668
340 -0.0068528526666668
341 -0.0064546526666668
342 -0.0021281526666668
343 -0.0044997526666668
344 -0.0024970526666668
345 -0.0052016526666668
346 -0.0058378526666668
347 -0.0017857526666668
348 -0.0056760526666668
349 -0.0043393526666668
350 0.0000713473333332
351 0.0055184473333332
352 0.0121225473333332
353 -0.0023547526666668
354 0.0014156473333332
355 -0.0013159526666668
356 0.0046370473333332
357 0.0038155473333332
358 0.0046647473333332
359 0.0026875473333332
360 -0.0035926526666668
361 -0.0022638526666668
362 0.0059892473333332
363 0.0009421473333332
364 -0.0135996526666668
365 -0.0149952526666668
366 -0.0115166526666668
367 -0.0110800526666668
368 -0.0144928526666668
369 -0.0158254526666668
370 -0.0184366526666668
371 -0.0115676526666668
372 -0.0050901526666668
373 -0.0078523526666668
374 -0.0147749526666668
375 -0.0151235526666668
376 -0.0089018526666668
377 0.0003642473333332
378 0.0026038473333332
379 0.0031754473333332
380 0.0065817473333332
381 0.0144667473333332
382 0.0144216473333332
383 0.0033726473333332
384 -0.0053485526666668
385 -0.0039275526666668
386 0.0009203473333332
387 0.0014585473333332
388 0.0038393473333332
389 -0.0001049526666668
390 -0.0019960526666668
391 -0.0028284526666668
392 -0.0030334526666668
393 0.0005524473333332
394 -0.0012288526666668
395 -0.0069086526666668
396 -0.0108378526666668
397 -0.0117431526666668
398 -0.0139181526666668
399 -0.0176757526666668
400 -0.0136268526666668
401 -0.0081087526666668
402 -0.0113181526666668
403 -0.0132758526666668
404 -0.0148993526666668
405 -0.0069040526666668
406 -0.0022501526666668
407 -0.0048945526666668
408 -0.0071717526666668
409 0.0027976473333332
410 0.0071155473333332
411 0.0037084473333332
412 0.0046047473333332
413 -0.0043154526666668
414 -0.0012401526666668
415 -0.0044354526666668
416 -0.0078246526666668
417 -0.0084396526666668
418 -0.0074114526666668
419 -0.0110328526666668
420 -0.0110052526666668
421 -0.0036806526666668
422 0.0026393473333332
423 0.0035857473333332
424 0.0062277473333332
425 -0.0005271526666668
426 -0.0096304526666668
427 -0.0110470526666668
428 -0.0086801526666668
429 -0.0055225526666668
430 -0.0048544526666668
431 -0.0036160526666668
432 -0.0054523526666668
433 0.0003034473333332
434 0.0070042473333332
435 0.0129122473333332
436 0.0141856473333332
437 0.0045298473333332
438 0.0018052473333332
439 0.0020878473333332
440 -0.0018162526666668
441 -0.0018109526666668
442 -0.0089414526666668
443 -0.0102325526666668
444 -0.0079979526666668
445 -0.0054477526666668
446 -0.0027139526666668
447 -0.0009230526666668
448 0.0048206473333332
449 0.0078397473333332
450 0.0051791473333332
451 0.0064739473333332
452 -0.0011048526666668
453 -0.0066982526666668
454 -0.0003662526666668
455 0.0007182473333332
456 -0.0037353526666668
457 -0.0045432526666668
458 -0.0007165526666668
459 -0.0016658526666668
460 0.0038364473333332
461 0.0054827473333332
462 -0.0018826526666668
463 -0.0028559526666668
464 0.0003445473333332
465 -0.0029761526666668
466 -0.0035812526666668
467 -0.0040282526666668
468 -0.0031141526666668
469 -0.0022023526666668
470 -0.0051318526666668
471 -0.0077473526666668
472 -0.0057685526666668
473 -0.0048133526666668
474 -0.0050738526666668
475 -0.0030667526666668
476 0.0029226473333332
477 -0.0025901526666668
478 -0.0031501526666668
479 -0.0090041526666668
480 -0.0086237526666668
481 -0.0083808526666668
482 -0.0042174526666668
483 -0.0061277526666668
484 -0.0026801526666668
485 0.0071907473333332
486 0.0069038473333332
487 0.0067999473333332
488 0.0047912473333332
489 0.0066285473333332
490 0.0056070473333332
491 -0.0030276526666668
492 0.0103857473333332
493 0.0149904473333332
494 0.0115443473333332
495 0.0055732473333332
496 0.0051192473333332
497 0.0084595473333332
498 0.0089312473333332
499 0.0119448473333332
500 0.0060117473333332
501 0.0048424473333332
502 0.0018714473333332
503 0.0072110473333332
504 0.0101067473333332
505 0.0097382473333332
506 0.0138093473333332
507 0.0118984473333332
508 0.0169976473333332
509 0.0170339473333332
510 0.0053150473333332
511 0.0052654473333332
512 0.0010851473333332
513 -0.0055159526666668
514 -0.0067075526666668
515 -0.0045640526666668
516 -0.0027593526666668
517 -0.0043913526666668
518 0.0078756473333332
519 0.0008565473333332
520 -0.0084955526666668
521 -0.0124273526666668
522 -0.0083243526666668
523 -0.0085927526666668
524 -0.0062214526666668
525 -0.0037532526666668
526 -0.0011402526666668
527 -0.0053138526666668
528 0.0003773473333332
529 -0.0042959526666668
530 -0.0081588526666668
531 0.0000555473333332
532 -0.0028595526666668
533 0.0023783473333332
534 0.0013366473333332
535 -0.0022599526666668
536 -0.0031035526666668
537 -0.0011244526666668
538 -0.0057860526666668
539 0.0021544473333332
540 0.0043058473333332
541 0.0095365473333332
542 0.0052413473333332
543 0.0047089473333332
544 -0.0004800526666668
545 0.0015019473333332
546 0.0017604473333332
547 -0.0011011526666668
548 -0.0064940526666668
549 -0.0059860526666668
550 -0.0030450526666668
551 -0.0048032526666668
552 -0.0008595526666668
553 -0.0017410526666668
554 -0.0002271526666668
555 -0.0010413526666668
556 -0.0029195526666668
557 -0.0020953526666668
558 -0.0015456526666668
559 -0.0017723526666668
560 0.0001968473333332
561 0.0039520473333332
562 0.0035156473333332
563 -0.0022651526666668
564 -0.0022892526666668
565 -0.0001396526666668
566 -0.0000324526666668
567 0.0032519473333332
568 0.0047912473333332
569 0.0067173473333332
570 -0.0012065526666668
571 -0.0065856526666668
572 -0.0044495526666668
573 -0.0065322526666668
574 -0.0011172526666668
575 0.0047449473333332
576 0.0019491473333332
577 -0.0070892526666668
578 -0.0044642526666668
579 0.0024086473333332
580 -0.0066989526666668
581 -0.0096665526666668
582 -0.0000712526666668
583 0.0033519473333332
584 0.0009857473333332
585 -0.0037509526666668
586 -0.0033778526666668
587 0.0059115473333332
588 -0.0033965526666668
589 -0.0033190526666668
590 0.0003328473333332
591 -0.0110173526666668
592 -0.0009897526666668
593 -0.0062741526666668
594 -0.0051654526666668
595 -0.0018270526666668
596 -0.0094754526666668
597 -0.0112777526666668
598 -0.0060962526666668
599 -0.0058395526666668
600 -0.0031163526666668
1 0.7273288473333333
2 0.4519153473333332
3 0.3061905473333332
4 0.2204386473333332
5 0.1658036473333332
6 0.1087912473333332
7 0.0793941473333332
8 0.0518583473333332
9 0.0388993473333332
10 0.0302094473333332
11 0.0254843473333332
12 0.0116997473333332
13 0.0032618473333332
14 -0.0060068526666668
15 -0.0075330526666668
16 -0.0120557526666668
17 -0.0066987526666668
18 -0.0082918526666668
19 -0.0067879526666668
20 -0.0000646526666668
21 -0.0056141526666668
22 -0.0051719526666668
23 0.0020743473333332
24 -0.0033628526666668
25 -0.0028198526666668
26 -0.0000606526666668
27 -0.0007908526666668
28 -0.0013479526666668
29 -0.0016103526666668
30 -0.0020931526666668
31 -0.0030278526666668
32 0.0031985473333332
33 -0.0003241526666668
34 0.0112182473333332
35 0.0137726473333332
36 0.0064187473333332
37 0.0000930473333332
38 -0.0043077526666668
39 -0.0035131526666668
40 -0.0033508526666668
41 -0.0041014526666668
42 -0.0002777526666668
43 -0.0072912526666668
44 -0.0082393526666668
45 -0.0066207526666668
46 -0.0045235526666668
47 -0.0018741526666668
48 -0.0006104526666668
49 0.0023067473333332
50 -0.0011986526666668
51 -0.0063224526666668
52 -0.0101541526666668
53 -0.0078495526666668
54 -0.0057414526666668
55 -0.0044208526666668
56 -0.0050227526666668
57 -0.0044925526666668
58 -0.0039694526666668
59 -0.0046123526666668
60 -0.0026417526666668
61 0.0006184473333332
62 -0.0045772526666668
63 -0.0005083526666668
64 0.0018765473333332
65 0.0046396473333332
66 0.0019952473333332
67 -0.0014857526666668
68 0.0008554473333332
69 -0.0025632526666668
70 -0.0056434526666668
71 -0.0132241526666668
72 -0.0163023526666668
73 -0.0104121526666668
74 -0.0048935526666668
75 -0.0005918526666668
76 -0.0007143526666668
77 0.0067119473333332
78 0.0028204473333332
79 0.0017758473333332
80 0.0027156473333332
81 -0.0008444526666668
82 0.0007945473333332
83 0.0031361473333332
84 0.0075686473333332
85 0.0003622473333332
86 -0.0037540526666668
87 -0.0024460526666668
88 0.0028733473333332
89 0.0084452473333332
90 0.0104294473333332
91 0.0110169473333332
92 0.0079345473333332
93 0.0069403473333332
94 0.0022030473333332
95 0.0069695473333332
96 0.0081539473333332
97 0.0097166473333332
98 0.0044025473333332
99 0.0090347473333332
100 0.0021480473333332
101 -0.0004110526666668
102 0.0006237473333332
103 -0.0006404526666668
104 -0.0032405526666668
105 -0.0065687526666668
106 -0.0052632526666668
107 -0.0046034526666668
108 -0.0034185526666668
109 -0.0056110526666668
110 -0.0127900526666668
111 -0.0124421526666668
112 -0.0174025526666668
113 -0.0188653526666668
114 -0.0165315526666668
115 -0.0146553526666668
116 -0.0108937526666668
117 -0.0181012526666668
118 -0.0157697526666668
119 -0.0198705526666668
120 -0.0139672526666668
121 -0.0115952526666668
122 -0.0040720526666668
123 -0.0080466526666668
124 -0.0086682526666668
125 -0.0086099526666668
126 -0.0104781526666668
127 -0.0043755526666668
128 -0.0001838526666668
129 -0.0052417526666668
130 -0.0055258526666668
131 -0.0049763526666668
132 0.0012120473333332
133 0.0040075473333332
134 0.0062760473333332
135 0.0053779473333332
136 0.0036358473333332
137 -0.0005332526666668
138 0.0072896473333332
139 0.0063107473333332
140 -0.0015436526666668
141 0.0009210473333332
142 0.0014439473333332
143 -0.0029651526666668
144 -0.0042028526666668
145 -0.0018633526666668
146 -0.0035053526666668
147 -0.0061079526666668
148 -0.0068765526666668
149 -0.0003049526666668
150 0.0004185473333332
151 -0.0007821526666668
152 -0.0018197526666668
153 -0.0069519526666668
154 -0.0092349526666668
155 -0.0159247526666668
156 -0.0214458526666668
157 -0.0168757526666668
158 -0.0129601526666668
159 -0.0112090526666668
160 -0.0089543526666668
161 -0.0021221526666668
162 -0.0058586526666668
163 -0.0144319526666668
164 -0.0153347526666668
165 -0.0190047526666668
166 -0.0175310526666668
167 -0.0150105526666668
168 -0.0149994526666668
169 -0.0165107526666668
170 -0.0154760526666668
171 -0.0132296526666668
172 -0.0101096526666668
173 -0.0100964526666668
174 -0.0122351526666668
175 -0.0139994526666668
176 -0.0119030526666668
177 -0.0147836526666668
178 -0.0187530526666668
179 -0.0108005526666668
180 -0.0061925526666668
181 -0.0084153526666668
182 -0.0125566526666668
183 -0.0161233526666668
184 -0.0145051526666668
185 -0.0150699526666668
186 -0.0101304526666668
187 -0.0084712526666668
188 -0.0044683526666668
189 -0.0080953526666668
190 -0.0101844526666668
191 -0.0124531526666668
192 -0.0081839526666668
193 -0.0007493526666668
194 -0.0004376526666668
195 -0.0033299526666668
196 0.0029752473333332
197 0.0067341473333332
198 0.0004965473333332
199 0.0076907473333332
200 0.0176499473333332
201 0.0159899473333332
202 0.0042623473333332
203 0.0003749473333332
204 0.0008576473333332
205 0.0018693473333332
206 0.0039737473333332
207 0.0088454473333332
208 0.0065256473333332
209 0.0036123473333332
210 0.0044953473333332
211 -0.0018150526666668
212 -0.0037922526666668
213 -0.0041833526666668
214 -0.0059770526666668
215 -0.0062444526666668
216 -0.0011212526666668
217 0.0047081473333332
218 0.0067284473333332
219 0.0115525473333332
220 0.0133893473333332
221 0.0067507473333332
222 0.0000920473333332
223 -0.0103434526666668
224 -0.0069101526666668
225 -0.0079631526666668
226 -0.0089705526666668
227 -0.0096481526666668
228 -0.0079547526666668
229 -0.0069615526666668
230 -0.0108155526666668
231 -0.0096793526666668
232 -0.0022480526666668
233 -0.0129425526666668
234 -0.0155287526666668
235 -0.0113046526666668
236 -0.0085373526666668
237 -0.0100543526666668
238 -0.0095769526666668
239 -0.0138627526666668
240 -0.0068008526666668
241 -0.0006892526666668
242 -0.0004378526666668
243 0.0088841473333332
244 0.0102760473333332
245 0.0016178473333332
246 -0.0012248526666668
247 -0.0002215526666668
248 0.0033164473333332
249 0.0033699473333332
250 0.0017277473333332
251 0.0005648473333332
252 0.0019783473333332
253 -0.0029904526666668
254 0.0044642473333332
255 0.0085101473333332
256 0.0023832473333332
257 0.0080850473333332
258 0.0015886473333332
259 -0.0021244526666668
260 -0.0086423526666668
261 -0.0067402526666668
262 -0.0120003526666668
263 -0.0145860526666668
264 -0.0154732526666668
265 -0.0158439526666668
266 -0.0143075526666668
267 -0.0107425526666668
268 -0.0105208526666668
269 -0.0144355526666668
270 -0.0127648526666668
271 -0.0144431526666668
272 -0.0094666526666668
273 -0.0006270526666668
274 -0.0069764526666668
275 -0.0085564526666668
276 -0.0097955526666668
277 -0.0049872526666668
278 -0.0021894526666668
279 -0.0063403526666668
280 -0.0112213526666668
281 -0.0109508526666668
282 -0.0092545526666668
283 -0.0124732526666668
284 -0.0117182526666668
285 -0.0065480526666668
286 -0.0069224526666668
287 -0.0014746526666668
288 0.0087685473333332
289 0.0039071473333332
290 0.0144518473333332
291 0.0090645473333332
292 0.0049528473333332
293 0.0098922473333332
294 0.0163377473333332
295 0.0262607473333332
296 0.0312393473333332
297 0.0238355473333332
298 0.0178910473333332
299 0.0140489473333332
300 0.0054157473333332
301 0.0035163473333332
302 0.0082881473333332
303 0.0012974473333332
304 -0.0009782526666668
305 -0.0069668526666668
306 -0.0104279526666668
307 -0.0090616526666668
308 0.0038637473333332
309 0.0040163473333332
310 0.0025305473333332
311 -0.0004292526666668
312 0.0029421473333332
313 0.0042783473333332
314 -0.0020730526666668
315 -0.0133259526666668
316 -0.0083002526666668
317 -0.0061086526666668
318 -0.0055682526666668
319 -0.0062381526666668
320 -0.0004304526666668
321 0.0007964473333332
322 -0.0050004526666668
323 -0.0049524526666668
324 -0.0099610526666668
325 -0.0066199526666668
326 -0.0019390526666668
327 0.0043510473333332
328 0.0003017473333332
329 -0.0025247526666668
330 -0.0058430526666668
331 -0.0048950526666668
332 -0.0025235526666668
333 0.0021485473333332
334 0.0119637473333332
335 0.0093789473333332
336 -0.0008209526666668
337 -0.0040853526666668
338 -0.0015668526666668
339 0.0036592473333332
340 0.0016331473333332
341 -0.0000264526666668
342 0.0027107473333332
343 0.0007694473333332
344 -0.0024453526666668
345 -0.0000931526666668
346 -0.0013652526666668
347 -0.0023851526666668
348 -0.0068200526666668
349 -0.0061930526666668
350 -0.0089700526666668
351 -0.0106121526666668
352 -0.0072586526666668
353 -0.0136949526666668
354 -0.0041768526666668
355 -0.0017132526666668
356 -0.0072373526666668
357 -0.0101282526666668
358 -0.0069003526666668
359 -0.0081975526666668
360 -0.0107989526666668
361 -0.0021934526666668
362 -0.0001899526666668
363 -0.0014179526666668
364 -0.0067188526666668
365 -0.0150704526666668
366 -0.0202668526666668
367 -0.0091673526666668
368 -0.0061073526666668
369 -0.0040357526666668
370 -0.0009738526666668
371 0.0042110473333332
372 -0.0039386526666668
373 -0.0036004526666668
374 -0.0064901526666668
375 -0.0013923526666668
376 -0.0046254526666668
377 -0.0057014526666668
378 -0.0095659526666668
379 -0.0138013526666668
380 -0.0092291526666668
381 -0.0098172526666668
382 -0.0152123526666668
383 -0.0113701526666668
384 -0.0003683526666668
385 -0.0026323526666668
386 -0.0130926526666668
387 -0.0171843526666668
388 -0.0144771526666668
389 -0.0166369526666668
390 -0.0153040526666668
391 -0.0089064526666668
392 -0.0020021526666668
393 0.0011061473333332
394 0.0015440473333332
395 -0.0014457526666668
396 -0.0025747526666668
397 -0.0019774526666668
398 -0.0059432526666668
399 -0.0037325526666668
400 0.0003870473333332
401 0.0003001473333332
402 0.0013707473333332
403 0.0017745473333332
404 0.0072682473333332
405 0.0119097473333332
406 0.0143077473333332
407 0.0135638473333332
408 0.0077198473333332
409 0.0081260473333332
410 0.0042583473333332
411 0.0051473473333332
412 0.0059426473333332
413 0.0065429473333332
414 0.0026622473333332
415 0.0040079473333332
416 -0.0036914526666668
417 -0.0083876526666668
418 -0.0063891526666668
419 -0.0045836526666668
420 -0.0095142526666668
421 -0.0077720526666668
422 -0.0018991526666668
423 -0.0089283526666668
424 -0.0066926526666668
425 -0.0139164526666668
426 -0.0168594526666668
427 -0.0178147526666668
428 -0.0183209526666668
429 -0.0205896526666668
430 -0.0167505526666668
431 -0.0077220526666668
432 -0.0149671526666668
433 -0.0100225526666668
434 -0.0112064526666668
435 -0.0120622526666668
436 -0.0020673526666668
437 -0.0006917526666668
438 -0.0048952526666668
439 -0.0053363526666668
440 0.0008999473333332
441 0.0065575473333332
442 0.0086217473333332
443 0.0090383473333332
444 0.0139443473333332
445 0.0139818473333332
446 0.0103655473333332
447 0.0063588473333332
448 0.0100386473333332
449 0.0137357473333332
450 0.0087702473333332
451 0.0041834473333332
452 0.0018601473333332
453 0.0001544473333332
454 0.0042920473333332
455 0.0150947473333332
456 0.0098778473333332
457 0.0036643473333332
458 -0.0021196526666668
459 0.0083023473333332
460 0.0078539473333332
461 0.0070534473333332
462 -0.0008130526666668
463 0.0069533473333332
464 0.0141219473333332
465 0.0096569473333332
466 0.0176084473333332
467 0.0188411473333332
468 0.0149077473333332
469 0.0108701473333332
470 0.0174118473333332
471 0.0222989473333332
472 0.0214389473333332
473 0.0266793473333332
474 0.0287889473333332
475 0.0267121473333332
476 0.0186392473333332
477 0.0073052473333332
478 0.0052533473333332
479 -0.0010187526666668
480 -0.0005414526666668
481 0.0012020473333332
482 0.0069440473333332
483 0.0053607473333332
484 0.0045216473333332
485 0.0016445473333332
486 -0.0032827526666668
487 -0.0022207526666668
488 0.0027473473333332
489 -0.0007127526666668
490 -0.0023343526666668
491 -0.0009390526666668
492 -0.0003420526666668
493 0.0019078473333332
494 0.0056060473333332
495 0.0087356473333332
496 0.0031946473333332
497 0.0029314473333332
498 -0.0012801526666668
499 -0.0008888526666668
500 -0.0006847526666668
501 0.0027140473333332
502 -0.0027080526666668
503 0.0010648473333332
504 0.0011849473333332
505 0.0084523473333332
506 0.0064649473333332
507 0.0043049473333332
508 -0.0044922526666668
509 0.0046126473333332
510 0.0028343473333332
511 0.0052523473333332
512 0.0063383473333332
513 0.0049020473333332
514 0.0094264473333332
515 0.0072583473333332
516 0.0073549473333332
517 0.0047177473333332
518 -0.0012303526666668
519 -0.0018790526666668
520 -0.0079872526666668
521 -0.0107779526666668
522 -0.0086987526666668
523 -0.0109055526666668
524 -0.0178967526666668
525 -0.0202314526666668
526 -0.0171976526666668
527 -0.0196005526666668
528 -0.0159398526666668
529 -0.0111287526666668
530 -0.0175692526666668
531 -0.0155588526666668
532 -0.0101668526666668
533 -0.0062234526666668
534 -0.0057573526666668
535 -0.0027081526666668
536 -0.0056512526666668
537 -0.0097476526666668
538 -0.0124595526666668
539 -0.0138693526666668
540 -0.0105378526666668
541 -0.0043347526666668
542 -0.0093878526666668
543 -0.0098874526666668
544 -0.0106686526666668
545 -0.0105778526666668
546 -0.0132425526666668
547 -0.0086871526666668
548 -0.0049936526666668
549 -0.0021363526666668
550 -0.0018847526666668
551 -0.0049104526666668
552 -0.0108851526666668
553 -0.0025591526666668
554 -0.0021645526666668
555 -0.0065209526666668
556 -0.0088402526666668
557 -0.0039229526666668
558 -0.0083254526666668
559 -0.0032637526666668
560 -0.0051668526666668
561 -0.0037183526666668
562 0.0026664473333332
563 -0.0034274526666668
564 -0.0111408526666668
565 -0.0079182526666668
566 -0.0013256526666668
567 -0.0001854526666668
568 -0.0013225526666668
569 0.0018487473333332
570 0.0071574473333332
571 0.0098357473333332
572 0.0119964473333332
573 0.0186027473333332
574 0.0188984473333332
575 0.0213591473333332
576 0.0218918473333332
577 0.0121933473333332
578 0.0144333473333332
579 0.0055064473333332
580 0.0044621473333332
581 0.0041874473333332
582 0.0050313473333332
583 0.0009699473333332
584 0.0094175473333332
585 0.0055095473333332
586 0.0078662473333332
587 0.0072317473333332
588 0.0061495473333332
589 -0.0000805526666668
590 0.0035140473333332
591 0.0012172473333332
592 0.0033226473333332
593 0.0068570473333332
594 0.0028719473333332
595 0.0091867473333332
596 0.0045051473333332
597 0.0008610473333332
598 -0.0055949526666668
599 -0.0094774526666668
600 -0.0128655526666668
1 0.7056512473333332
2 0.4469094473333332
3 0.3028734473333332
4 0.2204328473333332
5 0.1822662473333332
6 0.1298031473333332
7 0.0876911473333332
8 0.0630612473333332
9 0.0542031473333332
10 0.0419267473333332
11 0.0305315473333332
12 0.0263453473333332
13 0.0174436473333332
14 0.0138154473333332
15 0.0080772473333332
16 0.0013403473333332
17 -0.0082957526666668
18 -0.0065198526666668
19 -0.0084316526666668
20 -0.0100937526666668
21 -0.0164229526666668
22 -0.0085304526666668
23 -0.0045613526666668
24 -0.0024468526666668
25 -0.0091604526666668
26 -0.0058817526666668
27 -0.0056393526666668
28 -0.0025328526666668
29 0.0005736473333332
30 0.0038408473333332
31 0.0072999473333332
32 0.0087811473333332
33 0.0053617473333332
34 -0.0021066526666668
35 -0.0021415526666668
36 -0.0069370526666668
37 -0.0093194526666668
38 -0.0130556526666668
39 -0.0118645526666668
40 -0.0098811526666668
41 -0.0050941526666668
42 -0.0026029526666668
43 -0.0018747526666668
44 0.0025973473333332
45 0.0079814473333332
46 0.0047441473333332
47 0.0032975473333332
48 -0.0033294526666668
49 -0.0022041526666668
50 0.0002411473333332
51 -0.0041576526666668
52 -0.0076746526666668
53 -0.0071208526666668
54 -0.0000417526666668
55 0.0056706473333332
56 0.0089932473333332
57 0.0028227473333332
58 0.0000802473333332
59 0.0036922473333332
60 0.0037207473333332
61 0.0013337473333332
62 0.0029352473333332
63 0.0049820473333332
64 0.0023140473333332
65 0.0013481473333332
66 0.0003074473333332
67 -0.0029594526666668
68 -0.0030015526666668
69 -0.0028279526666668
70 -0.0055966526666668
71 -0.0027214526666668
72 -0.0027618526666668
73 -0.0018228526666668
74 0.0075782473333332
75 -0.0029688526666668
76 -0.0043213526666668
77 0.0090558473333332
78 0.0090300473333332
79 -0.0012254526666668
80 0.0028754473333332
81 0.0105081473333332
82 0.0036575473333332
83 0.0012738473333332
84 0.0087615473333332
85 0.0063357473333332
86 0.0078115473333332
87 0.0044935473333332
88 0.0037750473333332
89 -0.0020306526666668
90 -0.0115221526666668
91 -0.0112796526666668
92 -0.0071403526666668
93 -0.0080528526666668
94 0.0019202473333332
95 0.0043805473333332
96 0.0053157473333332
97 0.0059464473333332
98 -0.0016456526666668
99 -0.0028261526666668
100 -0.0035491526666668
101 -0.0000806526666668
102 0.0032503473333332
103 -0.0000993526666668
104 0.0039410473333332
105 0.0018604473333332
106 0.0023760473333332
107 0.0098569473333332
108 0.0033938473333332
109 0.0033064473333332
110 0.0041917473333332
111 -0.0005033526666668
112 -0.0063332526666668
113 -0.0021497526666668
114 -0.0006731526666668
115 0.0025799473333332
116 0.0027219473333332
117 0.0006224473333332
118 -0.0054671526666668
119 -0.0035779526666668
120 0.0008695473333332
121 0.0032366473333332
122 0.0007673473333332
123 -0.0108430526666668
124 -0.0099835526666668
125 -0.0072850526666668
126 -0.0042808526666668
127 -0.0080770526666668
128 -0.0105672526666668
129 -0.0080586526666668
130 -0.0101100526666668
131 -0.0099028526666668
132 -0.0070904526666668
133 -0.0083555526666668
134 -0.0051890526666668
135 -0.0007317526666668
136 -0.0011061526666668
137 0.0007745473333332
138 -0.0038635526666668
139 -0.0077487526666668
140 -0.0122115526666668
141 -0.0091386526666668
142 -0.0023619526666668
143 -0.0024375526666668
144 0.0059603473333332
145 0.0108142473333332
146 0.0076629473333332
147 0.0049475473333332
148 0.0007222473333332
149 -0.0037895526666668
150 -0.0023268526666668
151 -0.0012789526666668
152 -0.0010309526666668
153 -0.0012766526666668
154 -0.0025109526666668
155 -0.0104634526666668
156 -0.0086503526666668
157 -0.0005915526666668
158 0.0031156473333332
159 0.0042436473333332
160 0.0008350473333332
161 -0.0005227526666668
162 0.0079030473333332
163 0.0085971473333332
164 0.0101539473333332
165 0.0022174473333332
166 0.0008117473333332
167 -0.0009335526666668
168 -0.0004040526666668
169 -0.0047552526666668
170 -0.0047776526666668
171 -0.0013986526666668
172 -0.0057902526666668
173 -0.0118677526666668
174 -0.0099252526666668
175 -0.0125363526666668
176 -0.0086823526666668
177 -0.0062299526666668
178 -0.0060257526666668
179 -0.0053211526666668
180 -0.0054385526666668
181 -0.0037351526666668
182 0.0036961473333332
183 0.0029571473333332
184 0.0099887473333332
185 0.0056128473333332
186 0.0029283473333332
187 0.0024427473333332
188 0.0035787473333332
189 0.0029748473333332
190 0.0037221473333332
191 0.0035724473333332
192 -0.0022840526666668
193 -0.0055186526666668
194 -0.0039637526666668
195 -0.0058374526666668
196 -0.0007825526666668
197 -0.0001596526666668
198 0.0005736473333332
199 0.0006863473333332
200 0.0026032473333332
201 0.0105946473333332
202 0.0049129473333332
203 0.0025061473333332
204 -0.0021643526666668
205 0.0060842473333332
206 0.0075571473333332
207 0.0067896473333332
208 0.0087171473333332
209 0.0119913473333332
210 0.0067579473333332
211 0.0042193473333332
212 0.0132979473333332
213 0.0173415473333332
214 0.0147066473333332
215 0.0107020473333332
216 0.0019454473333332
217 -0.0015137526666668
218 -0.0073387526666668
219 -0.0159560526666668
220 -0.0129533526666668
221 -0.0112306526666668
222 -0.0117494526666668
223 -0.0044968526666668
224 -0.0043849526666668
225 -0.0096391526666668
226 -0.0057987526666668
227 -0.0118766526666668
228 -0.0082104526666668
229 -0.0063048526666668
230 -0.0085917526666668
231 -0.0047272526666668
232 -0.0002365526666668
233 -0.0001865526666668
234 0.0041680473333332
235 0.0048474473333332
236 0.0082553473333332
237 0.0102533473333332
238 0.0083923473333332
239 0.0122428473333332
240 0.0090019473333332
241 0.0195356473333332
242 0.0150471473333332
243 0.0158984473333332
244 0.0142906473333332
245 0.0112712473333332
246 0.0075263473333332
247 0.0015616473333332
248 0.0027308473333332
249 0.0058566473333332
250 -0.0025803526666668
251 -0.0037273526666668
252 -0.0069692526666668
253 -0.0036514526666668
254 -0.0068064526666668
255 -0.0086187526666668
256 -0.0024763526666668
257 -0.0030002526666668
258 0.0040414473333332
259 0.0041001473333332
260 0.0102158473333332
261 0.0064090473333332
262 0.0127711473333332
263 0.0137687473333332
264 0.0100845473333332
265 0.0077178473333332
266 0.0049684473333332
267 0.0059360473333332
268 0.0041508473333332
269 0.0095196473333332
270 0.0094969473333332
271 0.0035660473333332
272 0.0042246473333332
273 -0.0005831526666668
274 -0.0036448526666668
275 -0.0070211526666668
276 -0.0058009526666668
277 -0.0103722526666668
278 -0.0111620526666668
279 -0.0137225526666668
280 -0.0127597526666668
281 -0.0115829526666668
282 -0.0138151526666668
283 -0.0113966526666668
284 -0.0123692526666668
285 -0.0094078526666668
286 -0.0121854526666668
287 -0.0102789526666668
288 -0.0074621526666668
289 -0.0134747526666668
290 -0.0124633526666668
291 -0.0042538526666668
292 -0.0056183526666668
293 -0.0063632526666668
294 -0.0115950526666668
295 -0.0121055526666668
296 -0.0129186526666668
297 -0.0144944526666668
298 -0.0092645526666668
299 -0.0000088526666668
300 0.0004510473333332
301 -0.0064735526666668
302 -0.0075089526666668
303 -0.0082476526666668
304 -0.0106816526666668
305 -0.0074604526666668
306 0.0004028473333332
307 -0.0079814526666668
308 0.0008919473333332
309 0.0020997473333332
310 -0.0060079526666668
311 -0.0092224526666668
312 -0.0032182526666668
313 -0.0026172526666668
314 -0.0039587526666668
315 -0.0035503526666668
316 -0.0078286526666668
317 -0.0062867526666668
318 -0.0077743526666668
319 -0.0103394526666668
320 -0.0126740526666668
321 -0.0062662526666668
322 -0.0003162526666668
323 -0.0055965526666668
324 -0.0085396526666668
325 -0.0010946526666668
326 -0.0037379526666668
327 -0.0063117526666668
328 -0.0089567526666668
329 -0.0086605526666668
330 -0.0070735526666668
331 -0.0147642526666668
332 -0.0156242526666668
333 -0.0152228526666668
334 -0.0178938526666668
335 -0.0211867526666668
336 -0.0183361526666668
337 -0.0145421526666668
338 -0.0113058526666668
339 -0.0094166526666668
340 -0.0061641526666668
341 -0.0068231526666668
342 -0.0082332526666668
343 -0.0099719526666668
344 0.0008127473333332
345 -0.0042275526666668
346 0.0060200473333332
347 0.0052630473333332
348 -0.0022440526666668
349 -0.0036351526666668
350 -0.0082597526666668
351 -0.0013469526666668
352 0.0028294473333332
353 0.0035124473333332
354 -0.0039486526666668
355 0.0005442473333332
356 -0.0024604526666668
357 -0.0017902526666668
358 -0.0118365526666668
359 -0.0113372526666668
360 -0.0057811526666668
361 -0.0035795526666668
362 -0.0114867526666668
363 -0.0128890526666668
364 -0.0171768526666668
365 -0.0168009526666668
366 -0.0162692526666668
367 -0.0164832526666668
368 -0.0186519526666668
369 -0.0139454526666668
370 -0.0155318526666668
371 -0.0183657526666668
372 -0.0150315526666668
373 -0.0155566526666668
374 -0.0127222526666668
375 -0.0097999526666668
376 -0.0119406526666668
377 -0.0102741526666668
378 -0.0123929526666668
379 -0.0090174526666668
380 -0.0055127526666668
381 -0.0055871526666668
382 -0.0049746526666668
383 -0.0008598526666668
384 -0.0011008526666668
385 0.0031144473333332
386 0.0066859473333332
387 0.0075467473333332
388 0.0079952473333332
389 0.0048619473333332
390 0.0027224473333332
391 0.0017196473333332
392 0.0031541473333332
393 0.0079963473333332
394 0.0068538473333332
395 0.0058105473333332
396 0.0048713473333332
397 -0.0044308526666668
398 -0.0066010526666668
399 -0.0041309526666668
400 -0.0034661526666668
401 0.0001309473333332
402 -0.0026279526666668
403 0.0051685473333332
404 0.0008801473333332
405 0.0020045473333332
406 0.0063681473333332
407 0.0059204473333332
408 0.0090809473333332
409 0.0089254473333332
410 0.0114772473333332
411 0.0084236473333332
412 0.0012036473333332
413 -0.0033506526666668
414 0.0032468473333332
415 0.0039838473333332
416 -0.0007189526666668
417 -0.0009425526666668
418 0.0015638473333332
419 -0.0008296526666668
420 -0.0006248526666668
421 0.0033698473333332
422 -0.0015096526666668
423 -0.0034194526666668
424 -0.0030614526666668
425 0.0017389473333332
426 0.0008240473333332
427 -0.0008719526666668
428 0.0019348473333332
429 0.0117022473333332
430 0.0079639473333332
431 0.0025115473333332
432 -0.0003154526666668
433 -0.0008491526666668
434 0.0012434473333332
435 -0.0012617526666668
436 -0.0000109526666668
437 0.0067887473333332
438 0.0017176473333332
439 -0.0025983526666668
440 0.0008977473333332
441 0.0102633473333332
442 0.0026138473333332
443 -0.0006126526666668
444 -0.0021448526666668
445 -0.0062767526666668
446 -0.0000293526666668
447 -0.0041333526666668
448 -0.0058476526666668
449 -0.0107886526666668
450 -0.0041182526666668
451 0.0026406473333332
452 -0.0025082526666668
453 -0.0009531526666668
454 0.0032212473333332
455 0.0020396473333332
456 -0.0001708526666668
457 0.0022690473333332
458 0.0057657473333332
459 0.0046565473333332
460 0.0034033473333332
461 0.0011577473333332
462 0.0031748473333332
463 -0.0024559526666668
464 -0.0042903526666668
465 -0.0072563526666668
466 -0.0076512526666668
467 -0.0097647526666668
468 -0.0089255526666668
469 -0.0079736526666668
470 -0.0114513526666668
471 -0.0176980526666668
472 -0.0221744526666668
473 -0.0195119526666668
474 -0.0131335526666668
475 -0.0113006526666668
476 -0.0090079526666668
477 -0.0057406526666668
478 -0.0094512526666668
479 0.0025885473333332
480 0.0091127473333332
481 0.0016930473333332
482 -0.0016667526666668
483 0.0052503473333332
484 0.0051763473333332
485 0.0020430473333332
486 0.0059906473333332
487 0.0146277473333332
488 0.0178906473333332
489 0.0185843473333332
490 0.0154266473333332
491 0.0072233473333332
492 0.0002598473333332
493 0.0011113473333332
494 0.0023242473333332
495 -0.0031055526666668
496 -0.0080741526666668
497 -0.0037707526666668
498 -0.0036613526666668
499 -0.0107995526666668
500 -0.0068120526666668
501 0.0008236473333332
502 0.0063528473333332
503 0.0085780473333332
504 0.0077856473333332
505 0.0044033473333332
506 0.0107182473333332
507 0.0061636473333332
508 0.0065798473333332
509 0.0068529473333332
510 0.0031250473333332
511 0.0001686473333332
512 -0.0036072526666668
513 -0.0037854526666668
514 -0.0063483526666668
515 -0.0029249526666668
516 0.0011554473333332
517 -0.0043654526666668
518 -0.0059255526666668
519 -0.0032639526666668
520 0.0024998473333332
521 0.0041221473333332
522 0.0077363473333332
523 0.0075493473333332
524 0.0012902473333332
525 -0.0038476526666668
526 -0.0011315526666668
527 0.0119151473333332
528 0.0126896473333332
529 0.0005864473333332
530 -0.0025093526666668
531 -0.0069567526666668
532 -0.0064526526666668
533 0.0015794473333332
534 -0.0012500526666668
535 -0.0006391526666668
536 0.0029927473333332
537 0.0046965473333332
538 0.0023736473333332
539 0.0020283473333332
540 0.0091784473333332
541 0.0040910473333332
542 0.0087925473333332
543 0.0090386473333332
544 0.0074616473333332
545 0.0108464473333332
546 0.0110828473333332
547 0.0026078473333332
548 -0.0028763526666668
549 -0.0027302526666668
550 -0.0036101526666668
551 -0.0022480526666668
552 -0.0052471526666668
553 -0.0048790526666668
554 -0.0049146526666668
555 -0.0027680526666668
556 -0.0009540526666668
557 0.0063482473333332
558 0.0067386473333332
559 0.0127279473333332
560 0.0155641473333332
561 0.0166333473333332
562 0.0133038473333332
563 0.0102151473333332
564 0.0059453473333332
565 0.0025015473333332
566 -0.0036141526666668
567 -0.0027008526666668
568 -0.0007161526666668
569 -0.0085622526666668
570 -0.0096766526666668
571 -0.0051847526666668
572 -0.0037568526666668
573 -0.0082971526666668
574 -0.0097285526666668
575 -0.0109685526666668
576 -0.0126090526666668
577 -0.0172486526666668
578 -0.0200549526666668
579 -0.0161247526666668
580 -0.0140235526666668
581 -0.0133396526666668
582 -0.0136622526666668
583 -0.0138368526666668
584 -0.0178337526666668
585 -0.0138702526666668
586 -0.0083563526666668
587 -0.0047391526666668
588 -0.0071471526666668
589 -0.0025643526666668
590 -0.0079668526666668
591 -0.0093072526666668
592 -0.0038280526666668
593 -0.0076749526666668
594 -0.0075241526666668
595 -0.0080557526666668
596 -0.0069858526666668
597 -0.0068434526666668
598 -0.0038317526666668
599 -0.0034620526666668
600 -0.0018039526666668
1 0.6013683473333331
2 0.4470378473333332
3 0.3052463473333332
4 0.2273784473333332
5 0.1681919473333332
6 0.1311782473333332
7 0.0968620473333332
8 0.0596451473333332
9 0.0354443473333332
10 0.0197206473333332
11 0.0163100473333332
12 0.0153953473333332
13 0.0179202473333332
14 0.0163194473333332
15 0.0155630473333332
16 0.0133271473333332
17 0.0099714473333332
18 0.0081324473333332
19 0.0008957473333332
20 0.0028826473333332
21 0.0131697473333332
22 0.0132018473333332
23 0.0019672473333332
24 0.0086107473333332
25 0.0028961473333332
26 0.0036387473333332
27 0.0039837473333332
28 0.0060705473333332
29 0.0108507473333332
30 0.0088274473333332
31 0.0092936473333332
32 0.0177901473333332
33 0.0198739473333332
34 0.0175625473333332
35 0.0246471473333332
36 0.0152958473333332
37 0.0153004473333332
38 0.0090788473333332
39 0.0016775473333332
40 0.0059674473333332
41 0.0132977473333332
42 0.0044343473333332
43 -0.0028504526666668
44 0.0025827473333332
45 0.0046049473333332
46 -0.0041114526666668
47 0.0013751473333332
48 -0.0009998526666668
49 0.0032157473333332
50 0.0022142473333332
51 -0.0026103526666668
52 -0.0021416526666668
53 -0.0064256526666668
54 -0.0058969526666668
55 -0.0051049526666668
56 -0.0001825526666668
57 -0.0076682526666668
58 -0.0075258526666668
59 -0.0040665526666668
60 -0.0050675526666668
61 -0.0102106526666668
62 -0.0140451526666668
63 -0.0087570526666668
64 -0.0086124526666668
65 -0.0152363526666668
66 -0.0166968526666668
67 -0.0135817526666668
68 -0.0174204526666668
69 -0.0186442526666668
70 -0.0116177526666668
71 -0.0094381526666668
72 -0.0108105526666668
73 -0.0157186526666668
74 -0.0189978526666668
75 -0.0181552526666668
76 -0.0137595526666668
77 -0.0148988526666668
78 -0.0113860526666668
79 -0.0121637526666668
80 -0.0114280526666668
81 -0.0142218526666668
82 -0.0130940526666668
83 -0.0102689526666668
84 -0.0044008526666668
85 -0.0066657526666668
86 -0.0148057526666668
87 -0.0193498526666668
88 -0.0169550526666668
89 -0.0063913526666668
90 -0.0032405526666668
91 -0.0012252526666668
92 -0.0052766526666668
93 -0.0110968526666668
94 -0.0104189526666668
95 -0.0071270526666668
96 -0.0087045526666668
97 -0.0070092526666668
98 -0.0005205526666668
99 -0.0030220526666668
100 -0.0015168526666668
101 0.0001103473333332
102 -0.0068777526666668
103 -0.0076128526666668
104 -0.0091137526666668
105 -0.0037297526666668
106 -0.0081831526666668
107 -0.0061283526666668
108 -0.0037359526666668
109 -0.0017649526666668
110 -0.0061627526666668
111 -0.0041355526666668
112 -0.0042335526666668
113 -0.0047415526666668
114 -0.0058544526666668
115 -0.0065289526666668
116 -0.0168294526666668
117 -0.0152250526666668
118 -0.0107671526666668
119 -0.0076682526666668
120 -0.0077508526666668
121 -0.0004537526666668
122 0.0008516473333332
123 0.0021437473333332
124 0.0036484473333332
125 -0.0015610526666668
126 -0.0080184526666668
127 -0.0137241526666668
128 -0.0153284526666668
129 -0.0124751526666668
130 -0.0125059526666668
131 -0.0141889526666668
132 -0.0106899526666668
133 -0.0079413526666668
134 -0.0052600526666668
135 -0.0035511526666668
136 -0.0016440526666668
137 -0.0047658526666668
138 -0.0013753526666668
139 0.0101589473333332
140 0.0076981473333332
141 0.0055392473333332
142 0.0078347473333332
143 0.0079705473333332
144 0.0051855473333332
145 -0.0013973526666668
146 -0.0102574526666668
147 -0.0093736526666668
148 -0.0113410526666668
149 -0.0099201526666668
150 -0.0057722526666668
151 -0.0094605526666668
152 -0.0124283526666668
153 -0.0037152526666668
154 -0.0036791526666668
155 -0.0058671526666668
156 -0.0042783526666668
157 -0.0005709526666668
158 0.0012275473333332
159 -0.0025708526666668
160 0.0031777473333332
161 0.0094952473333332
162 0.0072344473333332
163 0.0038023473333332
164 0.0091409473333332
165 0.0038532473333332
166 0.0031053473333332
167 0.0055657473333332
168 0.0037071473333332
169 -0.0056808526666668
170 -0.0097783526666668
171 -0.0118499526666668
172 -0.0121285526666668
173 -0.0020792526666668
174 0.0012935473333332
175 0.0006733473333332
176 0.0079836473333332
177 0.0119660473333332
178 0.0089039473333332
179 0.0098535473333332
180 0.0045053473333332
181 0.0054392473333332
182 0.0152464473333332
183 0.0168295473333332
184 0.0041548473333332
185 0.0118201473333332
186 0.0054927473333332
187 0.0031411473333332
188 0.0059061473333332
189 0.0032506473333332
190 0.0065813473333332
191 0.0036732473333332
192 0.0045806473333332
193 0.0081656473333332
194 0.0066974473333332
195 0.0081118473333332
196 0.0063028473333332
197 0.0050865473333332
198 0.0052367473333332
199 0.0107456473333332
200 0.0020627473333332
201 0.0009200473333332
202 0.0022683473333332
203 0.0019044473333332
204 -0.0048999526666668
205 -0.0123077526666668
206 -0.0115718526666668
207 -0.0118846526666668
208 -0.0153648526666668
209 -0.0141621526666668
210 -0.0085800526666668
211 -0.0057230526666668
212 -0.0145477526666668
213 -0.0148166526666668
214 -0.0145982526666668
215 -0.0069217526666668
216 -0.0035292526666668
217 -0.0105797526666668
218 -0.0143049526666668
219 -0.0160489526666668
220 -0.0117367526666668
221 -0.0130488526666668
222 -0.0109607526666668
223 -0.0052558526666668
224 0.0020729473333332
225 0.0089572473333332
226 0.0122595473333332
227 0.0099375473333332
228 0.0091231473333332
229 0.0108560473333332
230 0.0146861473333332
231 0.0107229473333332
232 0.0080037473333332
233 0.0062686473333332
234 0.0012446473333332
235 0.0068770473333332
236 0.0054293473333332
237 0.0017734473333332
238 0.0071250473333332
239 0.0146974473333332
240 0.0052402473333332
241 -0.0011788526666668
242 -0.0097750526666668
243 -0.0070411526666668
244 -0.0079447526666668
245 -0.0092276526666668
246 -0.0147091526666668
247 -0.0172661526666668
248 -0.0107080526666668
249 -0.0070201526666668
250 -0.0093090526666668
251 -0.0065024526666668
252 -0.0016046526666668
253 -0.0026383526666668
254 -0.0022378526666668
255 -0.0011580526666668
256 0.0041875473333332
257 -0.0009074526666668
258 -0.0061520526666668
259 -0.0067185526666668
260 -0.0088393526666668
261 -0.0020031526666668
262 -0.0097733526666668
263 -0.0074899526666668
264 -0.0052685526666668
265 -0.0027924526666668
266 -0.0028803526666668
267 -0.0038885526666668
268 -0.0001818526666668
269 -0.0011117526666668
270 0.0066695473333332
271 0.0027686473333332
272 -0.0039561526666668
273 -0.0008569526666668
274 -0.0023243526666668
275 -0.0025367526666668
276 -0.0043636526666668
277 -0.0001654526666668
278 -0.0030775526666668
279 -0.0089091526666668
280 -0.0083980526666668
281 -0.0082635526666668
282 -0.0074859526666668
283 -0.0080052526666668
284 -0.0061238526666668
285 -0.0035130526666668
286 0.0005536473333332
287 -0.0027377526666668
288 -0.0069542526666668
289 -0.0082525526666668
290 -0.0106567526666668
291 -0.0102612526666668
292 -0.0067370526666668
293 -0.0022441526666668
294 -0.0043827526666668
295 -0.0006614526666668
296 -0.0014347526666668
297 -0.0046053526666668
298 -0.0022758526666668
299 0.0013201473333332
300 0.0027132473333332
301 -0.0006005526666668
302 0.0008009473333332
303 -0.0039112526666668
304 -0.0001665526666668
305 0.0007975473333332
306 -0.0004359526666668
307 0.0052391473333332
308 -0.0019166526666668
309 -0.0124275526666668
310 -0.0087503526666668
311 -0.0087139526666668
312 -0.0124830526666668
313 -0.0034751526666668
314 -0.0003428526666668
315 0.0005297473333332
316 0.0002441473333332
317 0.0014120473333332
318 0.0039249473333332
319 0.0020339473333332
320 -0.0045665526666668
321 -0.0018548526666668
322 -0.0040001526666668
323 -0.0059091526666668
324 -0.0041230526666668
325 0.0029361473333332
326 -0.0008499526666668
327 -0.0085409526666668
328 -0.0060735526666668
329 -0.0059241526666668
330 -0.0094394526666668
331 -0.0051024526666668
332 -0.0046543526666668
333 -0.0074796526666668
334 -0.0056422526666668
335 -0.0004597526666668
336 -0.0011444526666668
337 -0.0001030526666668
338 0.0011879473333332
339 0.0011580473333332
340 -0.0063109526666668
341 -0.0029304526666668
342 0.0050015473333332
343 0.0037506473333332
344 0.0029758473333332
345 0.0005192473333332
346 -0.0009006526666668
347 -0.0042737526666668
348 0.0000176473333332
349 0.0061302473333332
350 0.0017749473333332
351 0.0005832473333332
352 0.0075929473333332
353 0.0152965473333332
354 0.0124677473333332
355 0.0114140473333332
356 0.0099887473333332
357 0.0120007473333332
358 0.0189616473333332
359 0.0118670473333332
360 0.0056225473333332
361 0.0101213473333332
362 0.0091505473333332
363 0.0026963473333332
364 0.0012544473333332
365 -0.0037487526666668
366 -0.0069583526666668
367 -0.0035052526666668
368 0.0027202473333332
369 0.0022683473333332
370 0.0160313473333332
371 0.0092548473333332
372 0.0072481473333332
373 0.0035186473333332
374 -0.0018472526666668
375 0.0057548473333332
376 0.0036538473333332
377 0.0021553473333332
378 0.0038404473333332
379 -0.0010492526666668
380 -0.0070975526666668
381 -0.0113123526666668
382 -0.0202176526666668
383 -0.0210536526666668
384 -0.0166474526666668
385 -0.0113317526666668
386 -0.0159114526666668
387 -0.0213731526666668
388 -0.0254786526666668
389 -0.0229294526666668
390 -0.0204665526666668
391 -0.0215645526666668
392 -0.0154748526666668
393 -0.0192696526666668
394 -0.0157212526666668
395 -0.0110820526666668
396 -0.0104543526666668
397 -0.0126404526666668
398 -0.0096832526666668
399 -0.0064805526666668
400 -0.0034100526666668
401 -0.0021660526666668
402 0.0018667473333332
403 0.0078233473333332
404 0.0040240473333332
405 0.0000376473333332
406 -0.0009120526666668
407 -0.0060052526666668
408 -0.0049612526666668
409 -0.0036989526666668
410 -0.0118145526666668
411 -0.0062489526666668
412 -0.0051959526666668
413 -0.0016331526666668
414 0.0043346473333332
415 -0.0019799526666668
416 -0.0052522526666668
417 -0.0137913526666668
418 -0.0153121526666668
419 -0.0193012526666668
420 -0.0185558526666668
421 -0.0165126526666668
422 -0.0185740526666668
423 -0.0121277526666668
424 -0.0137216526666668
425 -0.0196283526666668
426 -0.0195300526666668
427 -0.0170333526666668
428 -0.0139420526666668
429 -0.0038918526666668
430 -0.0090805526666668
431 -0.0078442526666668
432 0.0007498473333332
433 0.0042151473333332
434 0.0008129473333332
435 0.0016518473333332
436 0.0013581473333332
437 0.0079138473333332
438 0.0011369473333332
439 -0.0035538526666668
440 -0.0024755526666668
441 0.0030400473333332
442 -0.0037616526666668
443 -0.0065676526666668
444 -0.0095996526666668
445 -0.0086791526666668
446 -0.0037263526666668
447 0.0038844473333332
448 0.0030608473333332
449 0.0027698473333332
450 0.0020408473333332
451 0.0027629473333332
452 0.0117853473333332
453 0.0048602473333332
454 0.0019657473333332
455 -0.0017819526666668
456 0.0000286473333332
457 0.0112821473333332
458 0.0039931473333332
459 -0.0052452526666668
460 -0.0039226526666668
461 -0.0012590526666668
462 -0.0041138526666668
463 -0.0004772526666668
464 -0.0018056526666668
465 0.0037412473333332
466 0.0006567473333332
467 -0.0022726526666668
468 -0.0004975526666668
469 0.0021954473333332
470 0.0079294473333332
471 0.0101793473333332
472 0.0082978473333332
473 0.0151645473333332
474 0.0135429473333332
475 0.0051452473333332
476 0.0014649473333332
477 -0.0008669526666668
478 -0.0052957526666668
479 -0.0102784526666668
480 -0.0081116526666668
481 -0.0032004526666668
482 -0.0030606526666668
483 -0.0062101526666668
484 -0.0052488526666668
485 -0.0037627526666668
486 -0.0053565526666668
487 -0.0046361526666668
488 -0.0086973526666668
489 -0.0063776526666668
490 -0.0012363526666668
491 0.0002320473333332
492 -0.0053383526666668
493 0.0008009473333332
494 0.0014155473333332
495 -0.0014439526666668
496 0.0029970473333332
497 0.0078598473333332
498 0.0109356473333332
499 0.0075383473333332
500 0.0067449473333332
501 0.0131809473333332
502 0.0140474473333332
503 0.0106695473333332
504 0.0101649473333332
505 0.0109682473333332
506 0.0069419473333332
507 0.0050855473333332
508 0.0074736473333332
509 -0.0004817526666668
510 -0.0006372526666668
511 -0.0022561526666668
512 0.0092080473333332
513 0.0130551473333332
514 0.0080542473333332
515 0.0120702473333332
516 0.0143174473333332
517 0.0138085473333332
518 0.0184764473333332
519 0.0155369473333332
520 0.0168854473333332
521 0.0162261473333332
522 0.0225986473333332
523 0.0183048473333332
524 0.0150045473333332
525 0.0173696473333332
526 0.0109834473333332
527 0.0105797473333332
528 0.0090333473333332
529 -0.0010832526666668
530 -0.0060555526666668
531 -0.0028395526666668
532 -0.0014925526666668
533 -0.0033659526666668
534 -0.0027218526666668
535 0.0010969473333332
536 0.0002594473333332
537 -0.0071924526666668
538 -0.0103582526666668
539 -0.0058566526666668
540 -0.0048582526666668
541 -0.0080752526666668
542 -0.0089215526666668
543 -0.0082390526666668
544 -0.0099594526666668
545 -0.0076180526666668
546 -0.0002417526666668
547 0.0058099473333332
548 0.0017017473333332
549 -0.0008515526666668
550 0.0039535473333332
551 0.0016241473333332
552 -0.0026032526666668
553 0.0010583473333332
554 -0.0079691526666668
555 -0.0105960526666668
556 -0.0139979526666668
557 -0.0183002526666668
558 -0.0155337526666668
559 -0.0094171526666668
560 -0.0106368526666668
561 -0.0078671526666668
562 -0.0028345526666668
563 0.0010123473333332
564 0.0036561473333332
565 0.0031094473333332
566 0.0004149473333332
567 0.0010514473333332
568 0.0003132473333332
569 0.0040527473333332
570 0.0042475473333332
571 0.0050603473333332
572 0.0024254473333332
573 -0.0027198526666668
574 -0.0011837526666668
575 -0.0033762526666668
576 -0.0023415526666668
577 -0.0050271526666668
578 -0.0011594526666668
579 -0.0000910526666668
580 -0.0062850526666668
581 -0.0031352526666668
582 0.0050349473333332
583 0.0013654473333332
584 0.0073491473333332
585 0.0097389473333332
586 0.0033194473333332
587 -0.0017374526666668
588 -0.0065497526666668
589 -0.0082546526666668
590 -0.0025194526666668
591 0.0012055473333332
592 -0.0017287526666668
593 -0.0039949526666668
594 -0.0069862526666668
595 -0.0124545526666668
596 -0.0152668526666668
597 -0.0143427526666668
598 -0.0083079526666668
599 -0.0090359526666668
600 -0.0103477526666668
1 0.7018898473333333
2 0.4278805473333332
3 0.2963865473333332
4 0.2223004473333332
5 0.1372430473333332
6 0.1058442473333332
7 0.0672245473333332
8 0.0515039473333332
9 0.0387325473333332
10 0.0283353473333332
11 0.0234688473333332
12 0.0182250473333332
13 0.0187071473333332
14 0.0155536473333332
15 0.0041741473333332
16 -0.0034599526666668
17 -0.0013667526666668
18 0.0002466473333332
19 -0.0017310526666668
20 -0.0029260526666668
21 -0.0088092526666668
22 -0.0089954526666668
23 -0.0078758526666668
24 -0.0039477526666668
25 -0.0023112526666668
26 -0.0061182526666668
27 -0.0054532526666668
28 -0.0083776526666668
29 -0.0046189526666668
30 -0.0054129526666668
31 -0.0072716526666668
32 -0.0098588526666668
33 -0.0083878526666668
34 -0.0116417526666668
35 -0.0101412526666668
36 -0.0014371526666668
37 -0.0040308526666668
38 -0.0061776526666668
39 -0.0064882526666668
40 -0.0122725526666668
41 -0.0096486526666668
42 -0.0014420526666668
43 0.0031133473333332
44 -0.0013046526666668
45 -0.0102980526666668
46 -0.0136769526666668
47 -0.0112322526666668
48 -0.0152165526666668
49 -0.0092031526666668
50 -0.0084810526666668
51 -0.0147488526666668
52 -0.0080221526666668
53 -0.0063750526666668
54 -0.0084666526666668
55 -0.0052534526666668
56 -0.0071364526666668
57 -0.0040416526666668
58 0.0019709473333332
59 -0.0047995526666668
60 -0.0039767526666668
61 0.0065960473333332
62 0.0061105473333332
63 0.0017426473333332
64 -0.0084202526666668
65 -0.0007974526666668
66 0.0067310473333332
67 0.0043528473333332
68 0.0056541473333332
69 0.0023823473333332
70 0.0004776473333332
71 -0.0077951526666668
72 -0.0116585526666668
73 -0.0073963526666668
74 -0.0057316526666668
75 -0.0089781526666668
76 -0.0064818526666668
77 0.0029086473333332
78 0.0096209473333332
79 0.0064279473333332
80 -0.0000934526666668
81 -0.0009278526666668
82 -0.0011870526666668
83 -0.0010237526666668
84 0.0111108473333332
85 0.0106404473333332
86 0.0105496473333332
87 0.0151579473333332
88 0.0093089473333332
89 0.0072584473333332
90 0.0002602473333332
91 0.0069129473333332
92 0.0033226473333332
93 0.0027034473333332
94 -0.0014691526666668
95 -0.0022520526666668
96 -0.0049737526666668
97 -0.0039808526666668
98 -0.0007492526666668
99 -0.0048102526666668
100 -0.0076449526666668
101 -0.0071641526666668
102 -0.0112086526666668
103 -0.0049510526666668
104 -0.0070133526666668
105 -0.0088121526666668
106 -0.0144250526666668
107 -0.0168993526666668
108 -0.0110402526666668
109 -0.0021450526666668
110 -0.0049790526666668
111 -0.0074300526666668
112 -0.0104817526666668
113 -0.0132485526666668
114 -0.0051202526666668
115 -0.0060721526666668
116 -0.0046886526666668
117 -0.0008668526666668
118 0.0100222473333332
119 0.0119764473333332
120 0.0108729473333332
121 0.0072479473333332
122 0.0081986473333332
123 0.0090066473333332
124 0.0010006473333332
125 0.0044793473333332
126 0.0089777473333332
127 0.0056897473333332
128 0.0029429473333332
129 0.0057867473333332
130 0.0097547473333332
131 0.0010398473333332
132 0.0066208473333332
133 0.0080676473333332
134 0.0015234473333332
135 0.0040375473333332
136 0.0106830473333332
137 0.0066376473333332
138 0.0015650473333332
139 -0.0001315526666668
140 -0.0061950526666668
141 -0.0030801526666668
142 -0.0014273526666668
143 -0.0017410526666668
144 0.0026920473333332
145 0.0060448473333332
146 0.0055790473333332
147 0.0066640473333332
148 0.0145571473333332
149 0.0034946473333332
150 0.0031071473333332
151 0.0016993473333332
152 -0.0013082526666668
153 0.0012802473333332
154 0.0014753473333332
155 0.0024244473333332
156 0.0027366473333332
157 0.0035470473333332
158 -0.0038121526666668
159 -0.0093561526666668
160 -0.0082788526666668
161 -0.0062448526666668
162 -0.0075048526666668
163 -0.0099209526666668
164 -0.0056603526666668
165 -0.0058997526666668
166 -0.0046928526666668
167 -0.0081612526666668
168 -0.0098735526666668
169 -0.0141658526666668
170 -0.0047811526666668
171 0.0027715473333332
172 0.0074810473333332
173 0.0041944473333332
174 0.0029190473333332
175 0.0009754473333332
176 0.0049198473333332
177 -0.0051589526666668
178 -0.0081652526666668
179 -0.0025974526666668
180 -0.0026003526666668
181 -0.0001929526666668
182 0.0005657473333332
183 -0.0018952526666668
184 -0.0090174526666668
185 -0.0116085526666668
186 -0.0088439526666668
187 0.0018277473333332
188 -0.0014686526666668
189 -0.0015425526666668
190 0.0016958473333332
191 -0.0030693526666668
192 -0.0059390526666668
193 -0.0089830526666668
194 -0.0076516526666668
195 -0.0050135526666668
196 -0.0055872526666668
197 -0.0077032526666668
198 -0.0034152526666668
199 -0.0117222526666668
200 -0.0083899526666668
201 -0.0028261526666668
202 -0.0053557526666668
203 -0.0078309526666668
204 -0.0017932526666668
205 -0.0040755526666668
206 -0.0044676526666668
207 0.0000069473333332
208 -0.0018577526666668
209 -0.0001209526666668
210 0.0023419473333332
211 -0.0028444526666668
212 0.0012452473333332
213 0.0113440473333332
214 0.0038026473333332
215 0.0014465473333332
216 -0.0028743526666668
217 0.0020628473333332
218 0.0064963473333332
219 0.0025052473333332
220 -0.0022187526666668
221 0.0000462473333332
222 -0.0002458526666668
223 0.0031060473333332
224 0.0063800473333332
225 0.0083598473333332
226 0.0079449473333332
227 0.0116125473333332
228 0.0094443473333332
229 0.0031854473333332
230 0.0072370473333332
231 0.0080456473333332
232 -0.0006246526666668
233 0.0100350473333332
234 0.0155904473333332
235 0.0184181473333332
236 0.0102059473333332
237 -0.0046184526666668
238 -0.0145524526666668
239 -0.0084032526666668
240 -0.0038983526666668
241 -0.0077266526666668
242 -0.0118266526666668
243 -0.0068425526666668
244 -0.0020962526666668
245 0.0026612473333332
246 0.0051381473333332
247 -0.0008555526666668
248 -0.0023101526666668
249 -0.0032464526666668
250 -0.0058550526666668
251 -0.0094757526666668
252 -0.0109563526666668
253 -0.0070082526666668
254 -0.0117437526666668
255 -0.0062564526666668
256 -0.0070697526666668
257 -0.0109488526666668
258 -0.0122345526666668
259 -0.0169023526666668
260 -0.0124479526666668
261 -0.0093032526666668
262 -0.0112210526666668
263 -0.0104027526666668
264 -0.0031480526666668
265 -0.0074705526666668
266 -0.0088665526666668
267 -0.0047982526666668
268 -0.0049236526666668
269 -0.0106015526666668
270 -0.0170744526666668
271 -0.0106395526666668
272 -0.0071821526666668
273 -0.0059996526666668
274 -0.0109258526666668
275 -0.0064402526666668
276 -0.0044724526666668
277 -0.0079514526666668
278 -0.0057825526666668
279 -0.0072578526666668
280 -0.0103422526666668
281 -0.0181027526666668
282 -0.0144960526666668
283 -0.0063208526666668
284 -0.0072903526666668
285 -0.0131406526666668
286 -0.0101361526666668
287 -0.0088181526666668
288 -0.0132950526666668
289 -0.0142104526666668
290 -0.0107323526666668
291 -0.0087074526666668
292 -0.0108024526666668
293 -0.0163119526666668
294 -0.0173209526666668
295 -0.0098116526666668
296 -0.0044822526666668
297 -0.0044561526666668
298 -0.0075607526666668
299 -0.0130718526666668
300 -0.0091865526666668
301 -0.0091766526666668
302 -0.0099168526666668
303 -0.0155331526666668
304 -0.0123715526666668
305 -0.0041960526666668
306 -0.0106462526666668
307 -0.0047344526666668
308 -0.0035154526666668
309 -0.0027747526666668
310 -0.0104334526666668
311 -0.0107778526666668
312 -0.0110748526666668
313 -0.0105944526666668
314 -0.0116995526666668
315 -0.0043034526666668
316 -0.0083102526666668
317 -0.0060217526666668
318 -0.0084828526666668
319 -0.0018019526666668
320 -0.0015510526666668
321 0.0089456473333332
322 0.0049392473333332
323 0.0007243473333332
324 -0.0006346526666668
325 0.0012253473333332
326 -0.0026032526666668
327 -0.0015858526666668
328 0.0010120473333332
329 0.0045987473333332
330 0.0016521473333332
331 -0.0056575526666668
332 -0.0094413526666668
333 -0.0068534526666668
334 0.0001975473333332
335 0.0007756473333332
336 -0.0017235526666668
337 0.0008400473333332
338 0.0003245473333332
339 -0.0017874526666668
340 -0.0042569526666668
341 -0.0014195526666668
342 -0.0023703526666668
343 0.0027602473333332
344 0.0012408473333332
345 -0.0017102526666668
346 0.0017715473333332
347 -0.0030221526666668
348 -0.0083944526666668
349 -0.0076929526666668
350 -0.0023469526666668
351 -0.0038070526666668
352 -0.0055061526666668
353 0.0023097473333332
354 0.0005815473333332
355 -0.0039573526666668
356 -0.0061073526666668
357 -0.0088545526666668
358 -0.0101786526666668
359 -0.0052119526666668
360 0.0002694473333332
361 0.0042480473333332
362 0.0055327473333332
363 0.0068035473333332
364 0.0002686473333332
365 0.0043135473333332
366 0.0040918473333332
367 0.0019482473333332
368 -0.0072807526666668
369 -0.0084476526666668
370 -0.0045830526666668
371 -0.0081585526666668
372 -0.0084468526666668
373 -0.0024697526666668
374 0.0068434473333332
375 -0.0055114526666668
376 -0.0064083526666668
377 -0.0076808526666668
378 -0.0058343526666668
379 -0.0065800526666668
380 -0.0071120526666668
381 -0.0124406526666668
382 -0.0105739526666668
383 -0.0115985526666668
384 -0.0122433526666668
385 -0.0111068526666668
386 -0.0086006526666668
387 -0.0127307526666668
388 -0.0144748526666668
389 -0.0142458526666668
390 -0.0130372526666668
391 -0.0091404526666668
392 -0.0094779526666668
393 -0.0040019526666668
394 0.0005709473333332
395 0.0000304473333332
396 0.0000916473333332
397 0.0033683473333332
398 -0.0021391526666668
399 -0.0004505526666668
400 -0.0003414526666668
401 0.0004250473333332
402 0.0020714473333332
403 0.0090539473333332
404 0.0076091473333332
405 -0.0054901526666668
406 -0.0082660526666668
407 -0.0055327526666668
408 -0.0002113526666668
409 0.0056043473333332
410 0.0120915473333332
411 0.0084897473333332
412 0.0061014473333332
413 0.0042267473333332
414 0.0053774473333332
415 0.0020227473333332
416 0.0024981473333332
417 0.0012524473333332
418 0.0075311473333332
419 0.0065925473333332
420 0.0068489473333332
421 0.0014124473333332
422 -0.0015519526666668
423 0.0034093473333332
424 0.0003273473333332
425 0.0086779473333332
426 0.0067558473333332
427 -0.0020642526666668
428 0.0019517473333332
429 -0.0027983526666668
430 -0.0015917526666668
431 -0.0000887526666668
432 -0.0050932526666668
433 -0.0019913526666668
434 -0.0022945526666668
435 -0.0003947526666668
436 -0.0008320526666668
437 0.0033222473333332
438 0.0012893473333332
439 0.0046334473333332
440 0.0024274473333332
441 -0.0027554526666668
442 0.0020050473333332
443 0.0032462473333332
444 0.0033256473333332
445 0.0062442473333332
446 -0.0006016526666668
447 -0.0083837526666668
448 -0.0127058526666668
449 -0.0099799526666668
450 -0.0071193526666668
451 -0.0131454526666668
452 -0.0143922526666668
453 -0.0064727526666668
454 -0.0088401526666668
455 -0.0059961526666668
456 -0.0043572526666668
457 -0.0062459526666668
458 -0.0060231526666668
459 -0.0055610526666668
460 -0.0046972526666668
461 -0.0037746526666668
462 -0.0039765526666668
463 -0.0025740526666668
464 -0.0041268526666668
465 0.0004409473333332
466 -0.0055517526666668
467 -0.0026115526666668
468 0.0111601473333332
469 0.0146396473333332
470 0.0080452473333332
471 0.0013021473333332
472 0.0038020473333332
473 0.0064831473333332
474 0.0013297473333332
475 -0.0023743526666668
476 -0.0006944526666668
477 0.0078931473333332
478 -0.0026560526666668
479 -0.0121313526666668
480 -0.0103839526666668
481 -0.0107442526666668
482 -0.0132526526666668
483 -0.0094858526666668
484 -0.0015695526666668
485 -0.0049273526666668
486 -0.0072959526666668
487 -0.0008962526666668
488 -0.0030225526666668
489 0.0039844473333332
490 0.0022644473333332
491 0.0003185473333332
492 -0.0052932526666668
493 -0.0009709526666668
494 -0.0002116526666668
495 0.0104466473333332
496 0.0136310473333332
497 0.0178288473333332
498 0.0036453473333332
499 -0.0026584526666668
500 0.0017055473333332
501 0.0031263473333332
502 0.0049688473333332
503 0.0055393473333332
504 -0.0015843526666668
505 -0.0063639526666668
506 -0.0081514526666668
507 -0.0039721526666668
508 0.0007734473333332
509 0.0059176473333332
510 0.0048421473333332
511 0.0036417473333332
512 0.0049491473333332
513 -0.0002557526666668
514 -0.0021617526666668
515 -0.0041873526666668
516 -0.0068195526666668
517 -0.0082515526666668
518 -0.0031922526666668
519 -0.0043906526666668
520 -0.0079467526666668
521 -0.0127802526666668
522 -0.0097188526666668
523 -0.0070358526666668
524 -0.0046574526666668
525 -0.0024827526666668
526 -0.0050999526666668
527 0.0048432473333332
528 0.0053601473333332
529 -0.0015622526666668
530 0.0016577473333332
531 0.0050577473333332
532 0.0097996473333332
533 -0.0007110526666668
534 0.0057231473333332
535 0.0052004473333332
536 0.0011856473333332
537 0.0027446473333332
538 0.0095660473333332
539 0.0166590473333332
540 0.0242678473333332
541 0.0152737473333332
542 0.0116472473333332
543 0.0146557473333332
544 0.0059857473333332
545 0.0002793473333332
546 0.0031643473333332
547 0.0034067473333332
548 -0.0011704526666668
549 0.0005356473333332
550 -0.0069100526666668
551 -0.0075461526666668
552 0.0064935473333332
553 0.0040866473333332
554 0.0003339473333332
555 0.0040389473333332
556 0.0066144473333332
557 0.0090237473333332
558 0.0058916473333332
559 -0.0012507526666668
560 -0.0044814526666668
561 -0.0117522526666668
562 -0.0081704526666668
563 -0.0047823526666668
564 -0.0095733526666668
565 -0.0102047526666668
566 -0.0100707526666668
567 -0.0153252526666668
568 -0.0101055526666668
569 -0.0077917526666668
570 -0.0123169526666668
571 -0.0193196526666668
572 -0.0137181526666668
573 -0.0131732526666668
574 -0.0100758526666668
575 -0.0056606526666668
576 -0.0001487526666668
577 0.0007938473333332
578 0.0068430473333332
579 0.0068176473333332
580 0.0022261473333332
581 -0.0007125526666668
582 0.0007837473333332
583 -0.0009455526666668
584 0.0072082473333332
585 0.0109928473333332
586 -0.0011220526666668
587 -0.0031054526666668
588 0.0005858473333332
589 0.0053734473333332
590 0.0059877473333332
591 0.0069142473333332
592 0.0089804473333332
593 0.0047946473333332
594 0.0018453473333332
595 0.0011611473333332
596 -0.0055285526666668
597 -0.0016468526666668
598 -0.0003853526666668
599 -0.0002264526666668
600 -0.0040219526666668
1 0.7143223473333331
2 0.4363140473333332
3 0.2945805473333332
4 0.2053861473333332
5 0.1541218473333332
6 0.1147169473333332
7 0.0763575473333332
8 0.0586068473333332
9 0.0436130473333332
10 0.0329864473333332
11 0.0144519473333332
12 0.0177465473333332
13 0.0186890473333332
14 0.0038325473333332
15 -0.0033704526666668
16 -0.0021937526666668
17 -0.0049090526666668
18 -0.0039874526666668
19 -0.0030948526666668
20 0.0002220473333332
21 0.0001327473333332
22 0.0044772473333332
23 0.0063337473333332
24 0.0023661473333332
25 -0.0046280526666668
26 -0.0085057526666668
27 -0.0098647526666668
28 -0.0099671526666668
29 -0.0148123526666668
30 -0.0146001526666668
31 -0.0066282526666668
32 -0.0066954526666668
33 -0.0101628526666668
34 -0.0031277526666668
35 0.0026757473333332
36 -0.0021596526666668
37 -0.0006868526666668
38 0.0007172473333332
39 0.0082970473333332
40 0.0078953473333332
41 0.0039769473333332
42 0.0017647473333332
43 0.0000608473333332
44 -0.0066054526666668
45 -0.0092533526666668
46 -0.0016387526666668
47 -0.0064819526666668
48 -0.0133122526666668
49 -0.0136662526666668
50 -0.0132464526666668
51 -0.0132753526666668
52 -0.0085249526666668
53 -0.0090170526666668
54 -0.0089541526666668
55 -0.0108549526666668
56 -0.0022979526666668
57 0.0001283473333332
58 0.0033353473333332
59 0.0026445473333332
60 0.0057695473333332
61 0.0083359473333332
62 0.0091527473333332
63 0.0067551473333332
64 0.0069168473333332
65 0.0028150473333332
66 0.0022141473333332
67 0.0023684473333332
68 0.0052977473333332
69 0.0072376473333332
70 0.0099804473333332
71 0.0133990473333332
72 0.0068632473333332
73 0.0030875473333332
74 0.0071963473333332
75 0.0056088473333332
76 0.0039902473333332
77 0.0026019473333332
78 0.0010257473333332
79 -0.0039913526666668
80 -0.0088572526666668
81 -0.0102946526666668
82 -0.0123810526666668
83 -0.0065789526666668
84 -0.0117400526666668
85 -0.0153420526666668
86 -0.0223959526666668
87 -0.0188376526666668
88 -0.0184304526666668
89 -0.0202147526666668
90 -0.0174966526666668
91 -0.0139565526666668
92 -0.0073801526666668
93 -0.0067342526666668
94 -0.0114374526666668
95 -0.0103679526666668
96 -0.0077857526666668
97 -0.0027735526666668
98 -0.0000855526666668
99 0.0073558473333332
100 0.0131615473333332
101 0.0222207473333332
102 0.0164679473333332
103 0.0121641473333332
104 0.0094584473333332
105 0.0047008473333332
106 -0.0018951526666668
107 -0.0005941526666668
108 -0.0011674526666668
109 -0.0093734526666668
110 -0.0001630526666668
111 0.0038879473333332
112 -0.0010583526666668
113 -0.0016885526666668
114 -0.0003740526666668
115 -0.0063968526666668
116 -0.0067449526666668
117 -0.0062157526666668
118 0.0064423473333332
119 -0.0018751526666668
120 -0.0166677526666668
121 -0.0044114526666668
122 0.0040268473333332
123 0.0011861473333332
124 -0.0045555526666668
125 0.0014351473333332
126 0.0011837473333332
127 -0.0046746526666668
128 -0.0059285526666668
129 -0.0088398526666668
130 -0.0044118526666668
131 -0.0022265526666668
132 -0.0046014526666668
133 -0.0055476526666668
134 -0.0038563526666668
135 -0.0095616526666668
136 -0.0055965526666668
137 -0.0006454526666668
138 -0.0029339526666668
139 0.0061908473333332
140 0.0026277473333332
141 0.0003764473333332
142 -0.0016413526666668
143 -0.0026381526666668
144 -0.0037510526666668
145 -0.0015359526666668
146 -0.0031534526666668
147 -0.0016983526666668
148 0.0021937473333332
149 -0.0072910526666668
150 -0.0081924526666668
151 0.0004691473333332
152 0.0037358473333332
153 0.0005812473333332
154 -0.0048797526666668
155 -0.0061994526666668
156 -0.0053417526666668
157 -0.0077949526666668
158 -0.0086253526666668
159 -0.0059305526666668
160 -0.0042227526666668
161 -0.0100944526666668
162 -0.0094559526666668
163 -0.0065369526666668
164 -0.0057579526666668
165 -0.0089514526666668
166 -0.0122144526666668
167 -0.0139512526666668
168 -0.0145435526666668
169 -0.0026386526666668
170 -0.0014979526666668
171 -0.0057632526666668
172 0.0002850473333332
173 0.0060010473333332
174 0.0016282473333332
175 -0.0009183526666668
176 0.0010694473333332
177 -0.0051675526666668
178 0.0062399473333332
179 0.0061177473333332
180 0.0026932473333332
181 0.0020142473333332
182 0.0060195473333332
183 0.0125776473333332
184 0.0162251473333332
185 0.0147207473333332
186 0.0139520473333332
187 0.0096141473333332
188 0.0119108473333332
189 0.0080908473333332
190 0.0078975473333332
191 0.0023081473333332
192 0.0017586473333332
193 0.0002611473333332
194 0.0017652473333332
195 0.0056308473333332
196 0.0055313473333332
197 0.0029057473333332
198 -0.0053473526666668
199 -0.0027370526666668
200 -0.0006512526666668
201 0.0017854473333332
202 0.0011411473333332
203 0.0022961473333332
204 0.0100715473333332
205 0.0070210473333332
206 0.0088631473333332
207 0.0026911473333332
208 -0.0022301526666668
209 -0.0048696526666668
210 -0.0092184526666668
211 -0.0155063526666668
212 -0.0131748526666668
213 -0.0135826526666668
214 -0.0146488526666668
215 -0.0163344526666668
216 -0.0117121526666668
217 -0.0101004526666668
218 -0.0166598526666668
219 -0.0161329526666668
220 -0.0147901526666668
221 -0.0089755526666668
222 -0.0106326526666668
223 -0.0108111526666668
224 -0.0117030526666668
225 -0.0110896526666668
226 -0.0121567526666668
227 -0.0128691526666668
228 -0.0136302526666668
229 -0.0088228526666668
230 -0.0031484526666668
231 -0.0025931526666668
232 -0.0018467526666668
233 -0.0016760526666668
234 0.0016982473333332
235 0.0084767473333332
236 0.0145275473333332
237 0.0137817473333332
238 0.0108173473333332
239 0.0048718473333332
240 0.0104908473333332
241 0.0062085473333332
242 0.0033244473333332
243 0.0030482473333332
244 -0.0030937526666668
245 0.0017779473333332
246 0.0031675473333332
247 0.0083146473333332
248 0.0057150473333332
249 0.0063056473333332
250 0.0072292473333332
251 0.0029531473333332
252 0.0003339473333332
253 -0.0050766526666668
254 -0.0029709526666668
255 0.0043003473333332
256 0.0010241473333332
257 -0.0083368526666668
258 -0.0046119526666668
259 -0.0063857526666668
260 -0.0035416526666668
261 -0.0148563526666668
262 -0.0181598526666668
263 -0.0166341526666668
264 -0.0222077526666668
265 -0.0154362526666668
266 -0.0124210526666668
267 -0.0091693526666668
268 -0.0073100526666668
269 -0.0046039526666668
270 -0.0048584526666668
271 -0.0141373526666668
272 -0.0128254526666668
273 -0.0099850526666668
274 -0.0056661526666668
275 -0.0044115526666668
276 -0.0107533526666668
277 -0.0151298526666668
278 -0.0145508526666668
279 -0.0179441526666668
280 -0.0105368526666668
281 -0.0008963526666668
282 -0.0004046526666668
283 -0.0070688526666668
284 -0.0048135526666668
285 -0.0048260526666668
286 -0.0038640526666668
287 -0.0033173526666668
288 -0.0028108526666668
289 -0.0079464526666668
290 -0.0092524526666668
291 -0.0073623526666668
292 -0.0073127526666668
293 -0.0054657526666668
294 0.0026145473333332
295 0.0014719473333332
296 -0.0017960526666668
297 -0.0004660526666668
298 -0.0093044526666668
299 -0.0120993526666668
300 -0.0077461526666668
301 -0.0085981526666668
302 0.0076577473333332
303 0.0075526473333332
304 0.0018424473333332
305 -0.0030059526666668
306 -0.0072476526666668
307 -0.0080556526666668
308 -0.0033978526666668
309 0.0011899473333332
310 0.0014368473333332
311 -0.0019268526666668
312 -0.0054427526666668
313 -0.0026448526666668
314 -0.0045648526666668
315 -0.0001497526666668
316 0.0006334473333332
317 0.0008598473333332
318 -0.0102355526666668
319 -0.0082507526666668
320 -0.0046705526666668
321 -0.0059375526666668
322 -0.0127452526666668
323 -0.0103065526666668
324 -0.0098521526666668
325 -0.0102320526666668
326 -0.0116400526666668
327 -0.0104857526666668
328 -0.0074740526666668
329 0.0002938473333332
330 0.0022782473333332
331 -0.0001912526666668
332 -0.0073902526666668
333 -0.0066948526666668
334 -0.0017870526666668
335 -0.0098063526666668
336 -0.0080817526666668
337 -0.0039223526666668
338 0.0017610473333332
339 0.0053559473333332
340 0.0070020473333332
341 -0.0006047526666668
342 -0.0073743526666668
343 0.0060353473333332
344 0.0112310473333332
345 0.0122397473333332
346 0.0085712473333332
347 0.0026542473333332
348 0.0052117473333332
349 0.0016799473333332
350 0.0061240473333332
351 0.0078979473333332
352 0.0101443473333332
353 0.0019206473333332
354 -0.0036166526666668
355 -0.0091385526666668
356 -0.0107789526666668
357 -0.0037204526666668
358 -0.0019646526666668
359 -0.0043807526666668
360 -0.0102845526666668
361 -0.0082586526666668
362 -0.0025729526666668
363 0.0030558473333332
364 -0.0000995526666668
365 0.0006304473333332
366 0.0066036473333332
367 0.0108886473333332
368 0.0063658473333332
369 0.0064312473333332
370 -0.0025822526666668
371 0.0034527473333332
372 0.0161377473333332
373 0.0135165473333332
374 0.0057664473333332
375 0.0015717473333332
376 -0.0003153526666668
377 0.0024824473333332
378 0.0027194473333332
379 -0.0014583526666668
380 -0.0028515526666668
381 -0.0031536526666668
382 -0.0054893526666668
383 -0.0070663526666668
384 -0.0088097526666668
385 -0.0060653526666668
386 -0.0098375526666668
387 -0.0129786526666668
388 -0.0136771526666668
389 -0.0158593526666668
390 -0.0172430526666668
391 -0.0170115526666668
392 -0.0207911526666668
393 -0.0160557526666668
394 -0.0121817526666668
395 -0.0099586526666668
396 -0.0034170526666668
397 -0.0000620526666668
398 -0.0018522526666668
399 -0.0017024526666668
400 0.0024581473333332
401 0.0040895473333332
402 0.0090724473333332
403 0.0108564473333332
404 0.0089703473333332
405 0.0110045473333332
406 0.0107137473333332
407 0.0131591473333332
408 0.0105469473333332
409 0.0055606473333332
410 -0.0004089526666668
411 -0.0042130526666668
412 -0.0006134526666668
413 -0.0076327526666668
414 -0.0097735526666668
415 -0.0125896526666668
416 -0.0137689526666668
417 -0.0128723526666668
418 -0.0150799526666668
419 -0.0158583526666668
420 -0.0106840526666668
421 -0.0073303526666668
422 -0.0076194526666668
423 -0.0029135526666668
424 -0.0044868526666668
425 -0.0072994526666668
426 -0.0100895526666668
427 -0.0096968526666668
428 -0.0124234526666668
429 -0.0110893526666668
430 -0.0089604526666668
431 -0.0069836526666668
432 -0.0070313526666668
433 -0.0050248526666668
434 0.0038237473333332
435 0.0048435473333332
436 0.0013682473333332
437 -0.0055887526666668
438 -0.0055619526666668
439 -0.0000535526666668
440 -0.0010941526666668
441 -0.0043194526666668
442 -0.0069960526666668
443 -0.0075122526666668
444 -0.0119996526666668
445 -0.0099564526666668
446 -0.0105297526666668
447 -0.0091721526666668
448 -0.0051561526666668
449 -0.0071507526666668
450 -0.0117851526666668
451 -0.0079916526666668
452 -0.0052018526666668
453 0.0047272473333332
454 0.0001474473333332
455 0.0014287473333332
456 0.0143094473333332
457 0.0118610473333332
458 0.0109921473333332
459 0.0052978473333332
460 0.0000403473333332
461 -0.0015390526666668
462 0.0039664473333332
463 0.0055374473333332
464 -0.0021532526666668
465 -0.0031708526666668
466 0.0044447473333332
467 0.0041022473333332
468 0.0032367473333332
469 0.0144146473333332
470 0.0153735473333332
471 0.0144319473333332
472 0.0169474473333332
473 0.0155747473333332
474 0.0067882473333332
475 0.0064630473333332
476 0.0040013473333332
477 0.0038374473333332
478 -0.0015056526666668
479 -0.0027876526666668
480 0.0012985473333332
481 -0.0094165526666668
482 -0.0051403526666668
483 -0.0008486526666668
484 -0.0027210526666668
485 -0.0045206526666668
486 -0.0059894526666668
487 -0.0056933526666668
488 -0.0082297526666668
489 -0.0122247526666668
490 -0.0123234526666668
491 -0.0162407526666668
492 -0.0136425526666668
493 -0.0115512526666668
494 -0.0105127526666668
495 -0.0063511526666668
496 -0.0068246526666668
497 -0.0046184526666668
498 -0.0012544526666668
499 -0.0038251526666668
500 -0.0034307526666668
501 -0.0042338526666668
502 -0.0096064526666668
503 -0.0117730526666668
504 -0.0065653526666668
505 -0.0090037526666668
506 -0.0137808526666668
507 -0.0101145526666668
508 -0.0071058526666668
509 0.0005624473333332
510 0.0058969473333332
511 0.0044122473333332
512 -0.0020266526666668
513 -0.0066971526666668
514 -0.0148441526666668
515 -0.0146891526666668
516 -0.0099492526666668
517 -0.0098549526666668
518 -0.0035167526666668
519 -0.0016159526666668
520 -0.0058778526666668
521 -0.0073026526666668
522 -0.0095574526666668
523 -0.0115022526666668
524 -0.0028151526666668
525 -0.0011707526666668
526 -0.0035620526666668
527 -0.0047214526666668
528 -0.0016894526666668
529 0.0035780473333332
530 -0.0015099526666668
531 0.0003781473333332
532 0.0021684473333332
533 -0.0021497526666668
534 -0.0022203526666668
535 -0.0032255526666668
536 -0.0016175526666668
537 0.0029430473333332
538 0.0038021473333332
539 0.0036155473333332
540 -0.0047203526666668
541 -0.0133426526666668
542 -0.0083789526666668
543 -0.0105237526666668
544 -0.0143625526666668
545 -0.0150672526666668
546 -0.0057909526666668
547 -0.0077717526666668
548 -0.0081203526666668
549 -0.0063569526666668
550 -0.0068499526666668
551 -0.0064570526666668
552 -0.0047352526666668
553 0.0010752473333332
554 0.0069343473333332
555 0.0074944473333332
556 -0.0009288526666668
557 0.0027167473333332
558 -0.0042699526666668
559 -0.0013511526666668
560 -0.0001318526666668
561 -0.0012795526666668
562 -0.0084076526666668
563 -0.0096994526666668
564 -0.0111205526666668
565 -0.0086823526666668
566 -0.0084307526666668
567 -0.0074771526666668
568 -0.0061548526666668
569 -0.0056488526666668
570 0.0021796473333332
571 -0.0014344526666668
572 -0.0010467526666668
573 0.0015113473333332
574 -0.0028291526666668
575 -0.0057331526666668
576 -0.0036966526666668
577 -0.0050468526666668
578 -0.0072060526666668
579 -0.0103097526666668
580 -0.0131393526666668
581 -0.0140571526666668
582 -0.0153788526666668
583 -0.0118869526666668
584 -0.0149403526666668
585 -0.0037565526666668
586 -0.0003897526666668
587 0.0037611473333332
588 -0.0029076526666668
589 -0.0079412526666668
590 -0.0090402526666668
591 -0.0098601526666668
592 -0.0094976526666668
593 -0.0058346526666668
594 -0.0130605526666668
595 -0.0172490526666668
596 -0.0094776526666668
597 -0.0051674526666668
598 -0.0042410526666668
599 0.0011916473333332
600 -0.0002723526666668
1 0.7351883473333332
2 0.4224697473333333
3 0.3258456473333332
4 0.2023883473333332
5 0.1566678473333332
6 0.1228037473333332
7 0.0951570473333332
8 0.0671977473333332
9 0.0444204473333332
10 0.0296772473333332
11 0.0217839473333332
12 0.0114015473333332
13 0.0140212473333332
14 0.0126400473333332
15 0.0014100473333332
16 -0.0024883526666668
17 -0.0015358526666668
18 -0.0000381526666668
19 -0.0065618526666668
20 -0.0093997526666668
21 0.0016034473333332
22 0.0112873473333332
23 0.0053753473333332
24 0.0018435473333332
25 0.0017655473333332
26 0.0034932473333332
27 0.0063960473333332
28 0.0063448473333332
29 -0.0029151526666668
30 -0.0086740526666668
31 0.0033661473333332
32 0.0042006473333332
33 0.0047012473333332
34 0.0009623473333332
35 0.0010821473333332
36 0.0132339473333332
37 0.0109786473333332
38 0.0087020473333332
39 0.0047477473333332
40 0.0022305473333332
41 0.0023517473333332
42 0.0001166473333332
43 -0.0034002526666668
44 -0.0044262526666668
45 -0.0025041526666668
46 0.0008244473333332
47 -0.0047425526666668
48 -0.0071196526666668
49 -0.0072530526666668
50 -0.0034321526666668
51 -0.0028341526666668
52 0.0016202473333332
53 0.0069968473333332
54 0.0051995473333332
55 -0.0057686526666668
56 -0.0033905526666668
57 -0.0034738526666668
58 -0.0055935526666668
59 -0.0087065526666668
60 -0.0035463526666668
61 -0.0022470526666668
62 -0.0048032526666668
63 -0.0046304526666668
64 0.0043040473333332
65 0.0031089473333332
66 0.0095979473333332
67 0.0095824473333332
68 0.0083560473333332
69 0.0209122473333332
70 0.0168057473333332
71 0.0201435473333332
72 0.0193867473333332
73 0.0037671473333332
74 0.0006861473333332
75 0.0056810473333332
76 0.0037684473333332
77 0.0064194473333332
78 0.0079399473333332
79 0.0043088473333332
80 0.0028325473333332
81 -0.0011120526666668
82 -0.0030913526666668
83 -0.0015466526666668
84 -0.0003436526666668
85 -0.0024180526666668
86 0.0016245473333332
87 -0.0026382526666668
88 -0.0055691526666668
89 -0.0025367526666668
90 -0.0022498526666668
91 0.0001413473333332
92 -0.0012742526666668
93 -0.0043301526666668
94 -0.0009827526666668
95 0.0043411473333332
96 0.0034997473333332
97 -0.0058094526666668
98 -0.0103859526666668
99 -0.0028874526666668
100 0.0013056473333332
101 0.0064952473333332
102 0.0104869473333332
103 0.0115448473333332
104 0.0099402473333332
105 0.0001506473333332
106 -0.0016532526666668
107 -0.0020028526666668
108 0.0015345473333332
109 -0.0032153526666668
110 -0.0060612526666668
111 -0.0101769526666668
112 -0.0080129526666668
113 -0.0101635526666668
114 -0.0083094526666668
115 -0.0165522526666668
116 -0.0185728526666668
117 -0.0117505526666668
118 -0.0048788526666668
119 -0.0086352526666668
120 -0.0114484526666668
121 -0.0068074526666668
122 -0.0068919526666668
123 -0.0035962526666668
124 0.0009842473333332
125 -0.0070231526666668
126 -0.0088130526666668
127 -0.0019485526666668
128 0.0000147473333332
129 -0.0039119526666668
130 -0.0036782526666668
131 -0.0003472526666668
132 0.0055827473333332
133 0.0031049473333332
134 0.0082000473333332
135 0.0065912473333332
136 0.0011684473333332
137 0.0027282473333332
138 0.0050344473333332
139 0.0079762473333332
140 0.0106327473333332
141 0.0007745473333332
142 0.0006816473333332
143 0.0019033473333332
144 0.0036794473333332
145 0.0046714473333332
146 0.0049938473333332
147 0.0052897473333332
148 0.0062972473333332
149 0.0032678473333332
150 0.0103583473333332
151 -0.0003757526666668
152 -0.0063439526666668
153 -0.0041472526666668
154 -0.0074423526666668
155 -0.0042202526666668
156 -0.0077272526666668
157 -0.0052234526666668
158 -0.0068318526666668
159 -0.0096411526666668
160 -0.0100866526666668
161 -0.0037049526666668
162 -0.0038901526666668
163 -0.0103571526666668
164 -0.0044492526666668
165 -0.0004764526666668
166 -0.0022925526666668
167 -0.0044627526666668
168 -0.0024310526666668
169 0.0024988473333332
170 0.0068784473333332
171 0.0010485473333332
172 0.0019288473333332
173 0.0021022473333332
174 0.0027409473333332
175 0.0112708473333332
176 0.0149371473333332
177 0.0022039473333332
178 -0.0047642526666668
179 -0.0004032526666668
180 -0.0034949526666668
181 -0.0039504526666668
182 -0.0093555526666668
183 -0.0105487526666668
184 -0.0090929526666668
185 -0.0067462526666668
186 -0.0082636526666668
187 -0.0090464526666668
188 -0.0080070526666668
189 0.0002816473333332
190 -0.0008669526666668
191 -0.0053333526666668
192 -0.0001442526666668
193 -0.0005386526666668
194 -0.0069529526666668
195 -0.0134447526666668
196 -0.0143667526666668
197 -0.0216230526666668
198 -0.0135959526666668
199 -0.0104232526666668
200 -0.0087309526666668
201 -0.0127743526666668
202 -0.0141612526666668
203 -0.0162929526666668
204 -0.0160751526666668
205 -0.0124305526666668
206 -0.0050486526666668
207 0.0029882473333332
208 0.0032945473333332
209 0.0028426473333332
210 0.0005253473333332
211 -0.0006128526666668
212 0.0034442473333332
213 0.0049798473333332
214 0.0061493473333332
215 0.0011544473333332
216 0.0006214473333332
217 0.0008072473333332
218 0.0010896473333332
219 0.0006762473333332
220 0.0020721473333332
221 0.0098874473333332
222 0.0070756473333332
223 0.0025139473333332
224 0.0061536473333332
225 0.0090411473333332
226 -0.0028233526666668
227 0.0023319473333332
228 0.0047756473333332
229 -0.0021907526666668
230 0.0013944473333332
231 0.0114282473333332
232 0.0035766473333332
233 0.0028365473333332
234 0.0036739473333332
235 0.0015326473333332
236 0.0077772473333332
237 0.0082297473333332
238 0.0108598473333332
239 0.0082481473333332
240 0.0076735473333332
241 0.0055323473333332
242 0.0018758473333332
243 -0.0035800526666668
244 0.0019077473333332
245 0.0088812473333332
246 0.0018275473333332
247 -0.0008095526666668
248 0.0037710473333332
249 0.0013914473333332
250 0.0008497473333332
251 -0.0041144526666668
252 -0.0137710526666668
253 -0.0116739526666668
254 -0.0111664526666668
255 -0.0076339526666668
256 -0.0046405526666668
257 -0.0076503526666668
258 -0.0065269526666668
259 -0.0067279526666668
260 -0.0028617526666668
261 -0.0022525526666668
262 -0.0039635526666668
263 -0.0016034526666668
264 0.0000047473333332
265 -0.0008972526666668
266 -0.0009386526666668
267 0.0073408473333332
268 0.0037353473333332
269 0.0097922473333332
270 0.0021580473333332
271 0.0000634473333332
272 0.0006343473333332
273 0.0015625473333332
274 -0.0001347526666668
275 0.0017663473333332
276 0.0040135473333332
277 -0.0002375526666668
278 0.0005596473333332
279 0.0029727473333332
280 -0.0062233526666668
281 -0.0083039526666668
282 -0.0048359526666668
283 -0.0055250526666668
284 -0.0037915526666668
285 -0.0032840526666668
286 0.0052107473333332
287 0.0122795473333332
288 0.0047648473333332
289 0.0040219473333332
290 0.0050768473333332
291 0.0064573473333332
292 0.0047080473333332
293 0.0003883473333332
294 -0.0004011526666668
295 -0.0031254526666668
296 -0.0021475526666668
297 -0.0049168526666668
298 -0.0013542526666668
299 -0.0036513526666668
300 -0.0020952526666668
301 -0.0074760526666668
302 -0.0079788526666668
303 -0.0030393526666668
304 0.0009737473333332
305 -0.0018091526666668
306 0.0055420473333332
307 0.0011154473333332
308 0.0083137473333332
309 0.0113632473333332
310 0.0117644473333332
311 0.0000839473333332
312 0.0012752473333332
313 0.0109172473333332
314 0.0017912473333332
315 -0.0022950526666668
316 0.0054813473333332
317 0.0053219473333332
318 0.0004397473333332
319 -0.0027461526666668
320 0.0041540473333332
321 -0.0007018526666668
322 -0.0043239526666668
323 -0.0011916526666668
324 -0.0003378526666668
325 0.0003841473333332
326 0.0057104473333332
327 -0.0027009526666668
328 -0.0040278526666668
329 -0.0096987526666668
330 -0.0081686526666668
331 -0.0060807526666668
332 -0.0055110526666668
333 0.0006999473333332
334 -0.0041973526666668
335 0.0008138473333332
336 -0.0031345526666668
337 -0.0059145526666668
338 -0.0036493526666668
339 -0.0057733526666668
340 -0.0088079526666668
341 -0.0097465526666668
342 -0.0010219526666668
343 0.0033193473333332
344 -0.0011327526666668
345 0.0005417473333332
346 0.0021518473333332
347 0.0076847473333332
348 0.0096487473333332
349 0.0165271473333332
350 0.0219048473333332
351 0.0204287473333332
352 0.0274109473333332
353 0.0248158473333332
354 0.0188852473333332
355 0.0148510473333332
356 0.0133023473333332
357 0.0092911473333332
358 0.0056082473333332
359 0.0051152473333332
360 0.0024043473333332
361 0.0039448473333332
362 -0.0040809526666668
363 0.0011700473333332
364 0.0016554473333332
365 0.0022832473333332
366 0.0027838473333332
367 0.0021386473333332
368 -0.0021942526666668
369 0.0000270473333332
370 -0.0033355526666668
371 -0.0027255526666668
372 0.0023533473333332
373 0.0035485473333332
374 -0.0015520526666668
375 -0.0028503526666668
376 -0.0086819526666668
377 -0.0092142526666668
378 -0.0031864526666668
379 -0.0027344526666668
380 -0.0075134526666668
381 -0.0066675526666668
382 -0.0086021526666668
383 -0.0019326526666668
384 -0.0000491526666668
385 -0.0086168526666668
386 -0.0095718526666668
387 -0.0133403526666668
388 -0.0083559526666668
389 -0.0104908526666668
390 -0.0103951526666668
391 -0.0112463526666668
392 -0.0079136526666668
393 -0.0103235526666668
394 -0.0101877526666668
395 -0.0077625526666668
396 -0.0076919526666668
397 -0.0057518526666668
398 -0.0053129526666668
399 -0.0081236526666668
400 -0.0029131526666668
401 -0.0039373526666668
402 -0.0086483526666668
403 -0.0085691526666668
404 -0.0046450526666668
405 -0.0119082526666668
406 -0.0189032526666668
407 -0.0219270526666668
408 -0.0172300526666668
409 -0.0162682526666668
410 -0.0158828526666668
411 -0.0137534526666668
412 -0.0115283526666668
413 -0.0155897526666668
414 -0.0075465526666668
415 -0.0046946526666668
416 -0.0065020526666668
417 -0.0069616526666668
418 -0.0118613526666668
419 -0.0135755526666668
420 -0.0096977526666668
421 -0.0036224526666668
422 0.0025704473333332
423 -0.0026742526666668
424 -0.0025117526666668
425 0.0056700473333332
426 0.0070548473333332
427 0.0103197473333332
428 0.0063637473333332
429 0.0020560473333332
430 -0.0075521526666668
431 -0.0145651526666668
432 -0.0175312526666668
433 -0.0169706526666668
434 -0.0181953526666668
435 -0.0173102526666668
436 -0.0139859526666668
437 -0.0085946526666668
438 -0.0117278526666668
439 -0.0183669526666668
440 -0.0147788526666668
441 -0.0138831526666668
442 -0.0112397526666668
443 -0.0117138526666668
444 -0.0091282526666668
445 -0.0152933526666668
446 -0.0158302526666668
447 -0.0133218526666668
448 -0.0168017526666668
449 -0.0131554526666668
450 -0.0105182526666668
451 -0.0062395526666668
452 -0.0096780526666668
453 -0.0074465526666668
454 0.0008881473333332
455 -0.0017530526666668
456 -0.0081865526666668
457 -0.0039023526666668
458 0.0045508473333332
459 0.0062328473333332
460 -0.0013250526666668
461 -0.0090652526666668
462 -0.0023474526666668
463 0.0010017473333332
464 0.0024342473333332
465 0.0006636473333332
466 0.0057764473333332
467 0.0068233473333332
468 0.0043182473333332
469 -0.0017432526666668
470 -0.0022678526666668
471 0.0012287473333332
472 -0.0007083526666668
473 0.0069253473333332
474 0.0075352473333332
475 0.0094401473333332
476 0.0107132473333332
477 0.0055600473333332
478 0.0109282473333332
479 0.0086532473333332
480 0.0136916473333332
481 0.0077855473333332
482 -0.0003531526666668
483 -0.0036768526666668
484 -0.0020759526666668
485 0.0023403473333332
486 0.0043969473333332
487 0.0033980473333332
488 -0.0033548526666668
489 -0.0016920526666668
490 -0.0065448526666668
491 -0.0140301526666668
492 -0.0120092526666668
493 -0.0043804526666668
494 -0.0067070526666668
495 -0.0088496526666668
496 -0.0089159526666668
497 -0.0034139526666668
498 -0.0010911526666668
499 -0.0044470526666668
500 -0.0116514526666668
501 -0.0004157526666668
502 0.0007569473333332
503 -0.0018844526666668
504 -0.0015768526666668
505 -0.0047561526666668
506 -0.0031818526666668
507 -0.0056743526666668
508 -0.0067737526666668
509 0.0027069473333332
510 0.0057057473333332
511 0.0061441473333332
512 -0.0034993526666668
513 0.0020985473333332
514 0.0044527473333332
515 0.0094274473333332
516 0.0121222473333332
517 0.0053179473333332
518 0.0001266473333332
519 0.0053249473333332
520 0.0089045473333332
521 0.0115414473333332
522 0.0047377473333332
523 0.0086978473333332
524 0.0135010473333332
525 0.0113142473333332
526 0.0087428473333332
527 0.0045145473333332
528 0.0015398473333332
529 0.0018431473333332
530 0.0054457473333332
531 0.0070640473333332
532 0.0046879473333332
533 0.0020270473333332
534 0.0035436473333332
535 -0.0034398526666668
536 -0.0059319526666668
537 0.0007971473333332
538 -0.0001992526666668
539 -0.0041871526666668
540 -0.0086917526666668
541 -0.0070641526666668
542 -0.0035004526666668
543 0.0043408473333332
544 0.0013820473333332
545 -0.0011533526666668
546 0.0034321473333332
547 0.0128068473333332
548 0.0098531473333332
549 0.0078983473333332
550 0.0017675473333332
551 -0.0053004526666668
552 0.0005180473333332
553 -0.0008683526666668
554 -0.0083528526666668
555 -0.0111324526666668
556 -0.0052784526666668
557 -0.0035001526666668
558 -0.0100046526666668
559 -0.0161470526666668
560 -0.0174856526666668
561 -0.0217047526666668
562 -0.0153403526666668
563 -0.0125813526666668
564 -0.0096118526666668
565 -0.0084288526666668
566 -0.0078989526666668
567 -0.0076310526666668
568 -0.0064755526666668
569 -0.0083317526666668
570 -0.0019176526666668
571 0.0058914473333332
572 0.0040880473333332
573 0.0056986473333332
574 0.0070991473333332
575 0.0044533473333332
576 0.0051675473333332
577 0.0109945473333332
578 0.0042452473333332
579 -0.0024972526666668
580 -0.0017284526666668
581 0.0010009473333332
582 0.0052104473333332
583 0.0030321473333332
584 -0.0000229526666668
585 -0.0068705526666668
586 -0.0098534526666668
587 -0.0080248526666668
588 -0.0016838526666668
589 -0.0048577526666668
590 -0.0036104526666668
591 0.0043482473333332
592 -0.0008882526666668
593 -0.0011600526666668
594 -0.0009957526666668
595 -0.0049420526666668
596 -0.0003061526666668
597 -0.0018474526666668
598 -0.0065715526666668
599 -0.0064148526666668
600 -0.0008995526666668
1 0.6721267473333332
2 0.4458942473333332
3 0.3146840473333332
4 0.2265176473333332
5 0.1911323473333332
6 0.1280547473333332
7 0.0848755473333332
8 0.0652842473333332
9 0.0506963473333332
10 0.0308029473333332
11 0.0200558473333332
12 0.0181357473333332
13 0.0194365473333332
14 0.0114161473333332
15 0.0089590473333332
16 0.0017726473333332
17 -0.0031037526666668
18 -0.0043026526666668
19 -0.0097499526666668
20 -0.0141522526666668
21 -0.0101660526666668
22 -0.0096570526666668
23 -0.0097243526666668
24 -0.0112644526666668
25 -0.0089746526666668
26 -0.0113300526666668
27 -0.0088859526666668
28 -0.0094432526666668
29 -0.0028149526666668
30 0.0027925473333332
31 0.0035909473333332
32 0.0029759473333332
33 -0.0001403526666668
34 0.0030790473333332
35 0.0023730473333332
36 0.0113097473333332
37 0.0091057473333332
38 0.0087488473333332
39 0.0128111473333332
40 0.0177809473333332
41 0.0121122473333332
42 0.0041764473333332
43 0.0037367473333332
44 0.0059181473333332
45 -0.0013908526666668
46 -0.0038378526666668
47 -0.0055789526666668
48 -0.0039010526666668
49 -0.0040179526666668
50 -0.0026575526666668
51 -0.0049964526666668
52 -0.0017783526666668
53 -0.0026403526666668
54 -0.0044532526666668
55 -0.0071838526666668
56 -0.0076617526666668
57 -0.0013352526666668
58 0.0020898473333332
59 -0.0038596526666668
60 -0.0034913526666668
61 -0.0002806526666668
62 0.0040040473333332
63 0.0062800473333332
64 0.0032813473333332
65 0.0042919473333332
66 0.0019946473333332
67 -0.0004674526666668
68 -0.0072705526666668
69 -0.0123036526666668
70 -0.0095341526666668
71 -0.0087353526666668
72 -0.0019142526666668
73 -0.0028118526666668
74 -0.0012132526666668
75 -0.0029827526666668
76 -0.0073694526666668
77 -0.0153091526666668
78 -0.0126520526666668
79 -0.0037064526666668
80 0.0013213473333332
81 -0.0065765526666668
82 -0.0017179526666668
83 0.0013998473333332
84 -0.0020985526666668
85 0.0029712473333332
86 0.0008356473333332
87 -0.0099842526666668
88 -0.0089887526666668
89 -0.0072433526666668
90 -0.0014248526666668
91 0.0001775473333332
92 0.0015663473333332
93 0.0010227473333332
94 0.0000726473333332
95 -0.0004737526666668
96 -0.0047577526666668
97 0.0021727473333332
98 0.0047812473333332
99 -0.0026110526666668
100 -0.0006476526666668
101 -0.0061414526666668
102 -0.0108109526666668
103 -0.0117713526666668
104 -0.0107265526666668
105 -0.0086663526666668
106 -0.0057523526666668
107 -0.0096558526666668
108 -0.0078061526666668
109 -0.0042524526666668
110 -0.0042954526666668
111 0.0028314473333332
112 0.0077978473333332
113 0.0049308473333332
114 0.0051220473333332
115 0.0163800473333332
116 0.0076239473333332
117 0.0033920473333332
118 0.0073692473333332
119 0.0020536473333332
120 0.0021315473333332
121 0.0060258473333332
122 0.0007993473333332
123 -0.0032325526666668
124 -0.0040696526666668
125 0.0040752473333332
126 0.0041457473333332
127 -0.0005490526666668
128 0.0014695473333332
129 -0.0023950526666668
130 -0.0056954526666668
131 -0.0010553526666668
132 0.0021300473333332
133 0.0045163473333332
134 -0.0002710526666668
135 -0.0010039526666668
136 -0.0046515526666668
137 -0.0021611526666668
138 -0.0014403526666668
139 -0.0018840526666668
140 0.0020146473333332
141 0.0051104473333332
142 0.0012624473333332
143 0.0008900473333332
144 0.0003776473333332
145 0.0002163473333332
146 -0.0080032526666668
147 -0.0009598526666668
148 -0.0003451526666668
149 -0.0075563526666668
150 -0.0108051526666668
151 -0.0161452526666668
152 -0.0178731526666668
153 -0.0102939526666668
154 -0.0077923526666668
155 -0.0128916526666668
156 -0.0065873526666668
157 -0.0098628526666668
158 -0.0103992526666668
159 -0.0113101526666668
160 -0.0135858526666668
161 -0.0112078526666668
162 -0.0158529526666668
163 -0.0098047526666668
164 -0.0067102526666668
165 -0.0123059526666668
166 -0.0111782526666668
167 -0.0054342526666668
168 -0.0088048526666668
169 -0.0102456526666668
170 -0.0105643526666668
171 -0.0115345526666668
172 -0.0187483526666668
173 -0.0198660526666668
174 -0.0170795526666668
175 -0.0136222526666668
176 -0.0183243526666668
177 -0.0175674526666668
178 -0.0127661526666668
179 -0.0100152526666668
180 -0.0103894526666668
181 -0.0098381526666668
182 0.0004562473333332
183 0.0031915473333332
184 0.0047671473333332
185 0.0012225473333332
186 -0.0053039526666668
187 -0.0016282526666668
188 -0.0052205526666668
189 -0.0013007526666668
190 -0.0068293526666668
191 -0.0139236526666668
192 -0.0065957526666668
193 -0.0001814526666668
194 0.0010340473333332
195 0.0022081473333332
196 0.0021092473333332
197 0.0018101473333332
198 -0.0018587526666668
199 -0.0057608526666668
200 -0.0055865526666668
201 -0.0014242526666668
202 0.0046338473333332
203 0.0026725473333332
204 -0.0020633526666668
205 -0.0062911526666668
206 -0.0076972526666668
207 -0.0091273526666668
208 -0.0070582526666668
209 -0.0020890526666668
210 -0.0039968526666668
211 -0.0052136526666668
212 -0.0047377526666668
213 -0.0142557526666668
214 -0.0065961526666668
215 -0.0064991526666668
216 -0.0194040526666668
217 -0.0148334526666668
218 -0.0146134526666668
219 -0.0114242526666668
220 -0.0161522526666668
221 -0.0124087526666668
222 -0.0044434526666668
223 -0.0012112526666668
224 0.0032699473333332
225 -0.0059340526666668
226 -0.0082493526666668
227 -0.0096465526666668
228 -0.0099944526666668
229 -0.0092067526666668
230 -0.0094798526666668
231 -0.0031828526666668
232 -0.0072245526666668
233 -0.0125239526666668
234 -0.0108379526666668
235 -0.0105515526666668
236 -0.0070008526666668
237 -0.0053842526666668
238 -0.0019017526666668
239 0.0010982473333332
240 -0.0018006526666668
241 0.0024757473333332
242 0.0011064473333332
243 0.0084537473333332
244 0.0112387473333332
245 0.0125189473333332
246 0.0113710473333332
247 0.0126934473333332
248 0.0052710473333332
249 0.0084315473333332
250 -0.0024603526666668
251 -0.0055230526666668
252 -0.0059942526666668
253 -0.0013517526666668
254 -0.0063508526666668
255 -0.0109694526666668
256 -0.0096872526666668
257 -0.0031401526666668
258 0.0077004473333332
259 0.0165087473333332
260 0.0126733473333332
261 0.0116463473333332
262 0.0090949473333332
263 0.0098577473333332
264 0.0097891473333332
265 0.0191535473333332
266 0.0194646473333332
267 0.0259044473333332
268 0.0230885473333332
269 0.0220837473333332
270 0.0195868473333332
271 0.0128493473333332
272 0.0083003473333332
273 0.0074633473333332
274 0.0074666473333332
275 0.0080931473333332
276 0.0036351473333332
277 0.0030202473333332
278 0.0037910473333332
279 0.0069330473333332
280 0.0018861473333332
281 0.0046588473333332
282 0.0079981473333332
283 0.0086343473333332
284 0.0044681473333332
285 0.0018212473333332
286 0.0105572473333332
287 0.0131281473333332
288 0.0135441473333332
289 0.0108446473333332
290 0.0059267473333332
291 0.0083667473333332
292 0.0132111473333332
293 0.0248743473333332
294 0.0189929473333332
295 0.0147626473333332
296 0.0072636473333332
297 0.0027768473333332
298 0.0008577473333332
299 0.0008621473333332
300 -0.0010170526666668
301 0.0019952473333332
302 0.0040987473333332
303 0.0048580473333332
304 0.0084995473333332
305 0.0102727473333332
306 0.0101329473333332
307 0.0094068473333332
308 0.0082873473333332
309 0.0041284473333332
310 0.0039257473333332
311 0.0100741473333332
312 0.0077856473333332
313 0.0048308473333332
314 0.0055043473333332
315 -0.0033027526666668
316 -0.0053404526666668
317 -0.0080705526666668
318 -0.0105312526666668
319 -0.0106029526666668
320 -0.0092338526666668
321 -0.0095569526666668
322 -0.0125615526666668
323 -0.0155378526666668
324 -0.0152450526666668
325 -0.0133155526666668
326 -0.0127121526666668
327 -0.0187999526666668
328 -0.0171981526666668
329 -0.0115103526666668
330 -0.0130648526666668
331 -0.0089449526666668
332 -0.0040695526666668
333 0.0000591473333332
334 0.0019409473333332
335 -0.0023299526666668
336 -0.0020174526666668
337 0.0030822473333332
338 0.0145119473333332
339 0.0174925473333332
340 0.0073497473333332
341 0.0046167473333332
342 0.0073289473333332
343 0.0089593473333332
344 0.0018063473333332
345 -0.0043698526666668
346 -0.0024517526666668
347 -0.0005387526666668
348 -0.0040072526666668
349 -0.0023034526666668
350 -0.0055118526666668
351 0.0009561473333332
352 0.0004349473333332
353 0.0029294473333332
354 -0.0040828526666668
355 -0.0056516526666668
356 -0.0081135526666668
357 0.0040087473333332
358 0.0107975473333332
359 0.0094727473333332
360 0.0045796473333332
361 0.0054044473333332
362 0.0014425473333332
363 0.0026175473333332
364 -0.0014868526666668
365 -0.0042364526666668
366 -0.0014026526666668
367 0.0034146473333332
368 -0.0028795526666668
369 -0.0028008526666668
370 -0.0038075526666668
371 -0.0056283526666668
372 -0.0063007526666668
373 -0.0024468526666668
374 -0.0014162526666668
375 0.0020800473333332
376 0.0027266473333332
377 0.0008306473333332
378 -0.0054541526666668
379 -0.0070793526666668
380 -0.0112477526666668
381 -0.0126605526666668
382 -0.0082675526666668
383 -0.0028820526666668
384 -0.0075138526666668
385 -0.0037341526666668
386 -0.0053972526666668
387 -0.0076039526666668
388 -0.0119159526666668
389 -0.0127835526666668
390 -0.0151302526666668
391 -0.0115697526666668
392 -0.0088310526666668
393 -0.0071187526666668
394 -0.0129725526666668
395 -0.0105469526666668
396 -0.0142287526666668
397 -0.0082184526666668
398 -0.0038859526666668
399 -0.0057954526666668
400 -0.0073666526666668
401 -0.0042365526666668
402 -0.0023590526666668
403 -0.0066458526666668
404 -0.0104510526666668
405 -0.0065390526666668
406 -0.0049086526666668
407 -0.0085334526666668
408 -0.0040874526666668
409 -0.0052113526666668
410 -0.0040123526666668
411 0.0032120473333332
412 0.0006681473333332
413 0.0034702473333332
414 -0.0047658526666668
415 -0.0081713526666668
416 -0.0094122526666668
417 -0.0045454526666668
418 -0.0036204526666668
419 -0.0058713526666668
420 -0.0064444526666668
421 -0.0032842526666668
422 -0.0069719526666668
423 -0.0059674526666668
424 -0.0069075526666668
425 -0.0106192526666668
426 -0.0097038526666668
427 -0.0147885526666668
428 -0.0055464526666668
429 -0.0055848526666668
430 -0.0058549526666668
431 -0.0066830526666668
432 -0.0013889526666668
433 -0.0021280526666668
434 0.0054770473333332
435 0.0075299473333332
436 0.0033181473333332
437 -0.0008339526666668
438 0.0020381473333332
439 0.0038396473333332
440 0.0003270473333332
441 -0.0041836526666668
442 -0.0063561526666668
443 0.0016097473333332
444 -0.0083735526666668
445 -0.0061111526666668
446 -0.0105764526666668
447 -0.0094103526666668
448 -0.0034753526666668
449 -0.0070805526666668
450 -0.0061291526666668
451 -0.0047809526666668
452 -0.0047774526666668
453 -0.0081474526666668
454 -0.0077253526666668
455 -0.0026318526666668
456 0.0013105473333332
457 0.0012649473333332
458 0.0027790473333332
459 0.0053391473333332
460 0.0021452473333332
461 -0.0099489526666668
462 -0.0088261526666668
463 -0.0099657526666668
464 -0.0165849526666668
465 -0.0179896526666668
466 -0.0226944526666668
467 -0.0102554526666668
468 -0.0091688526666668
469 -0.0099010526666668
470 -0.0097202526666668
471 -0.0002055526666668
472 -0.0047984526666668
473 -0.0002842526666668
474 0.0055656473333332
475 -0.0007694526666668
476 -0.0005662526666668
477 0.0005278473333332
478 0.0078096473333332
479 0.0039709473333332
480 0.0015129473333332
481 0.0049064473333332
482 0.0030208473333332
483 -0.0007082526666668
484 -0.0031754526666668
485 0.0034694473333332
486 0.0009709473333332
487 -0.0086370526666668
488 -0.0101812526666668
489 0.0028729473333332
490 0.0050995473333332
491 -0.0020058526666668
492 -0.0030597526666668
493 -0.0085733526666668
494 -0.0147477526666668
495 -0.0062800526666668
496 0.0059412473333332
497 0.0078159473333332
498 0.0004035473333332
499 0.0020786473333332
500 0.0048765473333332
501 0.0049873473333332
502 0.0027703473333332
503 0.0062799473333332
504 0.0055758473333332
505 0.0015994473333332
506 0.0021317473333332
507 0.0044346473333332
508 0.0080343473333332
509 0.0113663473333332
510 0.0009678473333332
511 0.0009915473333332
512 0.0034684473333332
513 0.0116351473333332
514 0.0099602473333332
515 0.0080385473333332
516 0.0011273473333332
517 -0.0053008526666668
518 -0.0004089526666668
519 -0.0012444526666668
520 0.0025187473333332
521 0.0030035473333332
522 0.0017742473333332
523 0.0056474473333332
524 0.0054956473333332
525 0.0075900473333332
526 -0.0027068526666668
527 -0.0005422526666668
528 -0.0009596526666668
529 0.0021617473333332
530 -0.0007237526666668
531 0.0012761473333332
532 0.0049662473333332
533 0.0034546473333332
534 -0.0053216526666668
535 -0.0019274526666668
536 0.0029360473333332
537 -0.0050659526666668
538 -0.0104045526666668
539 -0.0046220526666668
540 -0.0025288526666668
541 -0.0088248526666668
542 -0.0102908526666668
543 -0.0131595526666668
544 -0.0117369526666668
545 -0.0157082526666668
546 -0.0163084526666668
547 -0.0131217526666668
548 -0.0063981526666668
549 -0.0101204526666668
550 -0.0091284526666668
551 -0.0129619526666668
552 -0.0082977526666668
553 -0.0039549526666668
554 -0.0043899526666668
555 -0.0022500526666668
556 -0.0069920526666668
557 -0.0105293526666668
558 -0.0121123526666668
559 -0.0077882526666668
560 -0.0039329526666668
561 -0.0078321526666668
562 -0.0073460526666668
563 -0.0077179526666668
564 -0.0130029526666668
565 -0.0111337526666668
566 -0.0130588526666668
567 -0.0122507526666668
568 -0.0081540526666668
569 -0.0110739526666668
570 -0.0095115526666668
571 -0.0090676526666668
572 -0.0066185526666668
573 -0.0034940526666668
574 -0.0068998526666668
575 -0.0091822526666668
576 -0.0142500526666668
577 -0.0180224526666668
578 -0.0178889526666668
579 -0.0146138526666668
580 -0.0171782526666668
581 -0.0173371526666668
582 -0.0183860526666668
583 -0.0082604526666668
584 -0.0093049526666668
585 -0.0126159526666668
586 -0.0059985526666668
587 -0.0089564526666668
588 -0.0097780526666668
589 -0.0063066526666668
590 -0.0037918526666668
591 -0.0040923526666668
592 -0.0048601526666668
593 -0.0089765526666668
594 -0.0037636526666668
595 -0.0024801526666668
596 0.0006529473333332
597 -0.0020862526666668
598 0.0006602473333332
599 -0.0076961526666668
600 -0.0022695526666668
1 0.6418387473333331
2 0.4524603473333332
3 0.3006967473333332
4 0.2363465473333332
5 0.1778721473333332
6 0.1267082473333332
7 0.1044996473333332
8 0.0827824473333332
9 0.0695678473333332
10 0.0589267473333332
11 0.0541219473333332
12 0.0403947473333332
13 0.0334811473333332
14 0.0243258473333332
15 0.0265173473333332
16 0.0231400473333332
17 0.0163692473333332
18 0.0110538473333332
19 0.0089677473333332
20 0.0054580473333332
21 -0.0027805526666668
22 -0.0061914526666668
23 -0.0057280526666668
24 -0.0069156526666668
25 -0.0121336526666668
26 -0.0150103526666668
27 -0.0085697526666668
28 -0.0077930526666668
29 -0.0043939526666668
30 -0.0062158526666668
31 -0.0047583526666668
32 -0.0070201526666668
33 -0.0035991526666668
34 0.0008513473333332
35 -0.0018808526666668
36 0.0010922473333332
37 -0.0033788526666668
38 0.0005676473333332
39 0.0126433473333332
40 0.0116532473333332
41 0.0028830473333332
42 0.0057108473333332
43 0.0103729473333332
44 0.0106269473333332
45 0.0082796473333332
46 0.0068078473333332
47 0.0141339473333332
48 0.0141211473333332
49 0.0029041473333332
50 0.0005437473333332
51 -0.0062970526666668
52 -0.0042475526666668
53 -0.0050171526666668
54 -0.0062056526666668
55 -0.0013668526666668
56 -0.0018949526666668
57 -0.0010595526666668
58 -0.0074522526666668
59 -0.0100226526666668
60 -0.0014939526666668
61 -0.0007449526666668
62 -0.0028259526666668
63 0.0016317473333332
64 0.0007141473333332
65 -0.0148335526666668
66 -0.0142288526666668
67 -0.0125195526666668
68 -0.0062433526666668
69 -0.0001724526666668
70 -0.0035860526666668
71 -0.0030038526666668
72 0.0019027473333332
73 0.0079936473333332
74 0.0129899473333332
75 0.0130848473333332
76 0.0096179473333332
77 0.0093190473333332
78 0.0121419473333332
79 0.0150267473333332
80 0.0058885473333332
81 -0.0011990526666668
82 0.0008882473333332
83 -0.0004724526666668
84 -0.0074235526666668
85 -0.0046756526666668
86 -0.0103291526666668
87 -0.0174842526666668
88 -0.0134298526666668
89 -0.0105175526666668
90 -0.0051902526666668
91 -0.0050371526666668
92 -0.0062395526666668
93 -0.0009899526666668
94 0.0072740473333332
95 -0.0033484526666668
96 -0.0063611526666668
97 -0.0000949526666668
98 -0.0017358526666668
99 -0.0014619526666668
100 0.0005739473333332
101 0.0003333473333332
102 -0.0013360526666668
103 -0.0007363526666668
104 0.0072838473333332
105 -0.0030664526666668
106 0.0014482473333332
107 -0.0008962526666668
108 -0.0019007526666668
109 -0.0076526526666668
110 -0.0072266526666668
111 -0.0003390526666668
112 -0.0033019526666668
113 -0.0086191526666668
114 -0.0039888526666668
115 0.0031661473333332
116 -0.0023999526666668
117 -0.0099036526666668
118 -0.0097624526666668
119 -0.0109086526666668
120 -0.0032798526666668
121 -0.0046670526666668
122 -0.0105717526666668
123 -0.0064694526666668
124 -0.0082846526666668
125 -0.0050289526666668
126 -0.0016371526666668
127 -0.0007810526666668
128 0.0039271473333332
129 0.0065185473333332
130 0.0117766473333332
131 0.0109718473333332
132 -0.0004720526666668
133 -0.0001361526666668
134 0.0023835473333332
135 -0.0015083526666668
136 0.0011917473333332
137 -0.0058653526666668
138 -0.0065571526666668
139 -0.0052293526666668
140 -0.0109786526666668
141 -0.0153133526666668
142 -0.0145929526666668
143 -0.0041000526666668
144 -0.0050292526666668
145 -0.0086432526666668
146 -0.0022581526666668
147 -0.0023804526666668
148 0.0029052473333332
149 0.0028217473333332
150 0.0059902473333332
151 0.0082945473333332
152 -0.0004761526666668
153 -0.0002032526666668
154 -0.0035742526666668
155 -0.0063518526666668
156 -0.0033168526666668
157 -0.0013129526666668
158 -0.0073818526666668
159 -0.0037493526666668
160 -0.0032319526666668
161 -0.0067664526666668
162 -0.0053356526666668
163 -0.0091260526666668
164 -0.0044792526666668
165 -0.0037774526666668
166 -0.0065056526666668
167 -0.0082926526666668
168 -0.0007499526666668
169 -0.0016282526666668
170 -0.0036693526666668
171 -0.0048173526666668
172 -0.0040144526666668
173 -0.0015002526666668
174 -0.0003394526666668
175 0.0001043473333332
176 0.0004326473333332
177 0.0092918473333332
178 0.0035773473333332
179 -0.0012410526666668
180 -0.0087464526666668
181 -0.0101212526666668
182 -0.0111651526666668
183 -0.0070924526666668
184 -0.0016276526666668
185 -0.0096534526666668
186 -0.0083623526666668
187 -0.0056107526666668
188 -0.0073670526666668
189 -0.0106956526666668
190 -0.0092462526666668
191 0.0003443473333332
192 0.0007592473333332
193 -0.0026230526666668
194 0.0040118473333332
195 0.0078236473333332
196 0.0107667473333332
197 0.0065551473333332
198 0.0016213473333332
199 0.0054405473333332
200 -0.0030394526666668
201 -0.0013289526666668
202 0.0039482473333332
203 0.0027272473333332
204 -0.0001001526666668
205 -0.0047405526666668
206 -0.0040941526666668
207 -0.0007997526666668
208 0.0002114473333332
209 -0.0008063526666668
210 0.0023573473333332
211 -0.0019539526666668
212 -0.0045511526666668
213 -0.0000088526666668
214 0.0064297473333332
215 -0.0028480526666668
216 -0.0078813526666668
217 -0.0071807526666668
218 -0.0112602526666668
219 -0.0075121526666668
220 -0.0045479526666668
221 -0.0062356526666668
222 -0.0034895526666668
223 -0.0025357526666668
224 -0.0020128526666668
225 0.0033084473333332
226 0.0004458473333332
227 0.0039155473333332
228 0.0021465473333332
229 -0.0018560526666668
230 -0.0034763526666668
231 0.0021952473333332
232 -0.0071684526666668
233 -0.0042636526666668
234 -0.0066822526666668
235 0.0021055473333332
236 -0.0044022526666668
237 -0.0053191526666668
238 -0.0066053526666668
239 -0.0094334526666668
240 -0.0065985526666668
241 -0.0037352526666668
242 0.0012749473333332
243 0.0017056473333332
244 -0.0038740526666668
245 -0.0006818526666668
246 -0.0001384526666668
247 -0.0081319526666668
248 0.0003516473333332
249 -0.0006665526666668
250 0.0081648473333332
251 0.0122209473333332
252 0.0074509473333332
253 0.0032913473333332
254 -0.0036205526666668
255 0.0001231473333332
256 0.0088429473333332
257 0.0035603473333332
258 -0.0071155526666668
259 -0.0104946526666668
260 -0.0019800526666668
261 -0.0001675526666668
262 0.0033718473333332
263 0.0123328473333332
264 0.0065507473333332
265 -0.0041688526666668
266 -0.0022172526666668
267 -0.0002090526666668
268 -0.0046124526666668
269 -0.0072187526666668
270 -0.0054448526666668
271 0.0028462473333332
272 0.0026524473333332
273 -0.0020639526666668
274 -0.0063775526666668
275 -0.0091984526666668
276 -0.0062651526666668
277 -0.0079743526666668
278 -0.0080830526666668
279 -0.0035836526666668
280 -0.0003590526666668
281 -0.0042501526666668
282 -0.0026833526666668
283 -0.0097113526666668
284 -0.0041845526666668
285 -0.0052367526666668
286 -0.0006827526666668
287 0.0001705473333332
288 0.0030014473333332
289 0.0051075473333332
290 0.0024967473333332
291 0.0021556473333332
292 0.0061968473333332
293 -0.0022736526666668
294 0.0002071473333332
295 0.0028156473333332
296 -0.0043889526666668
297 -0.0079496526666668
298 -0.0135821526666668
299 -0.0131953526666668
300 -0.0078730526666668
301 -0.0105261526666668
302 -0.0086093526666668
303 -0.0144831526666668
304 -0.0169010526666668
305 -0.0044892526666668
306 -0.0032095526666668
307 0.0008325473333332
308 0.0000545473333332
309 0.0006888473333332
310 0.0063935473333332
311 0.0039944473333332
312 -0.0077220526666668
313 -0.0030828526666668
314 0.0019363473333332
315 0.0088672473333332
316 -0.0000036526666668
317 -0.0012903526666668
318 0.0042369473333332
319 0.0024324473333332
320 -0.0036119526666668
321 -0.0066373526666668
322 -0.0035768526666668
323 -0.0055842526666668
324 -0.0083877526666668
325 -0.0114738526666668
326 -0.0074024526666668
327 -0.0093621526666668
328 -0.0102538526666668
329 -0.0140817526666668
330 -0.0108764526666668
331 -0.0089096526666668
332 -0.0063176526666668
333 -0.0028212526666668
334 -0.0076352526666668
335 -0.0131399526666668
336 -0.0065756526666668
337 -0.0044366526666668
338 -0.0075852526666668
339 -0.0062173526666668
340 -0.0060667526666668
341 -0.0087046526666668
342 -0.0119766526666668
343 -0.0109244526666668
344 -0.0080055526666668
345 -0.0128191526666668
346 -0.0094790526666668
347 -0.0073782526666668
348 -0.0048232526666668
349 -0.0128797526666668
350 -0.0148217526666668
351 -0.0147695526666668
352 -0.0045164526666668
353 -0.0069531526666668
354 -0.0079665526666668
355 -0.0002170526666668
356 -0.0011814526666668
357 0.0016837473333332
358 -0.0013511526666668
359 -0.0060333526666668
360 -0.0080798526666668
361 -0.0049434526666668
362 -0.0040915526666668
363 -0.0027882526666668
364 -0.0065098526666668
365 -0.0088942526666668
366 -0.0046978526666668
367 -0.0059490526666668
368 -0.0046733526666668
369 -0.0052218526666668
370 -0.0051110526666668
371 0.0009062473333332
372 0.0059333473333332
373 0.0064433473333332
374 0.0023620473333332
375 0.0056636473333332
376 0.0095626473333332
377 0.0022160473333332
378 0.0012055473333332
379 -0.0021459526666668
380 -0.0036609526666668
381 -0.0054609526666668
382 -0.0035035526666668
383 -0.0035134526666668
384 -0.0073239526666668
385 -0.0068632526666668
386 -0.0041688526666668
387 -0.0004877526666668
388 0.0032939473333332
389 -0.0044291526666668
390 -0.0038292526666668
391 0.0047883473333332
392 0.0094108473333332
393 0.0141792473333332
394 0.0147604473333332
395 0.0057576473333332
396 0.0011796473333332
397 0.0025429473333332
398 -0.0080515526666668
399 -0.0020189526666668
400 -0.0009444526666668
401 -0.0033486526666668
402 0.0072121473333332
403 0.0016949473333332
404 0.0020585473333332
405 0.0047979473333332
406 0.0041434473333332
407 -0.0016661526666668
408 0.0027063473333332
409 0.0037370473333332
410 0.0006708473333332
411 -0.0064681526666668
412 -0.0024302526666668
413 -0.0039904526666668
414 0.0013691473333332
415 -0.0072384526666668
416 -0.0084820526666668
417 -0.0051310526666668
418 -0.0032141526666668
419 -0.0108418526666668
420 -0.0106867526666668
421 -0.0069569526666668
422 -0.0097003526666668
423 -0.0133008526666668
424 -0.0067849526666668
425 -0.0021211526666668
426 0.0063912473333332
427 -0.0029967526666668
428 -0.0106307526666668
429 -0.0150467526666668
430 -0.0132584526666668
431 -0.0114098526666668
432 -0.0104138526666668
433 -0.0062902526666668
434 -0.0105623526666668
435 -0.0100843526666668
436 -0.0090150526666668
437 -0.0066036526666668
438 -0.0067395526666668
439 -0.0027711526666668
440 0.0034580473333332
441 0.0041650473333332
442 0.0056119473333332
443 0.0064388473333332
444 0.0010258473333332
445 0.0016451473333332
446 0.0031112473333332
447 -0.0043501526666668
448 -0.0062348526666668
449 -0.0086956526666668
450 -0.0071659526666668
451 -0.0117784526666668
452 -0.0116289526666668
453 -0.0093011526666668
454 -0.0065926526666668
455 -0.0063278526666668
456 -0.0106324526666668
457 -0.0113304526666668
458 -0.0104306526666668
459 -0.0118310526666668
460 -0.0081005526666668
461 -0.0154518526666668
462 -0.0090022526666668
463 -0.0067828526666668
464 -0.0084213526666668
465 -0.0104248526666668
466 -0.0028303526666668
467 -0.0020009526666668
468 -0.0022811526666668
469 -0.0113162526666668
470 -0.0043627526666668
471 0.0003284473333332
472 -0.0036425526666668
473 0.0002271473333332
474 0.0025760473333332
475 0.0047763473333332
476 0.0087420473333332
477 0.0084483473333332
478 0.0041051473333332
479 -0.0044113526666668
480 -0.0014362526666668
481 0.0007007473333332
482 0.0022238473333332
483 0.0018500473333332
484 -0.0000812526666668
485 -0.0027218526666668
486 0.0028171473333332
487 0.0063828473333332
488 0.0047770473333332
489 0.0019289473333332
490 -0.0003563526666668
491 0.0055374473333332
492 0.0024817473333332
493 0.0007255473333332
494 -0.0004832526666668
495 0.0014856473333332
496 -0.0025414526666668
497 -0.0057192526666668
498 -0.0049275526666668
499 -0.0095115526666668
500 -0.0046108526666668
501 -0.0025032526666668
502 -0.0000025526666668
503 -0.0017969526666668
504 -0.0018984526666668
505 -0.0066831526666668
506 -0.0057386526666668
507 -0.0108596526666668
508 -0.0077163526666668
509 -0.0013501526666668
510 0.0048326473333332
511 -0.0023969526666668
512 0.0056562473333332
513 -0.0017548526666668
514 -0.0014788526666668
515 0.0021322473333332
516 0.0046969473333332
517 0.0073969473333332
518 0.0013325473333332
519 -0.0044522526666668
520 -0.0028618526666668
521 -0.0077222526666668
522 -0.0082718526666668
523 -0.0085434526666668
524 -0.0127832526666668
525 -0.0091631526666668
526 -0.0099481526666668
527 -0.0063223526666668
528 -0.0072450526666668
529 -0.0001385526666668
530 0.0039755473333332
531 0.0078556473333332
532 0.0000346473333332
533 -0.0051547526666668
534 -0.0040471526666668
535 -0.0079097526666668
536 -0.0078497526666668
537 -0.0019600526666668
538 -0.0082593526666668
539 -0.0089016526666668
540 -0.0029744526666668
541 -0.0024966526666668
542 -0.0002731526666668
543 0.0038385473333332
544 -0.0061704526666668
545 -0.0028719526666668
546 -0.0022376526666668
547 -0.0006728526666668
548 -0.0058671526666668
549 -0.0074055526666668
550 -0.0056100526666668
551 -0.0075548526666668
552 -0.0101494526666668
553 -0.0005068526666668
554 0.0072103473333332
555 -0.0003559526666668
556 -0.0047629526666668
557 -0.0089820526666668
558 -0.0097950526666668
559 -0.0113397526666668
560 -0.0165102526666668
561 -0.0185300526666668
562 -0.0162640526666668
563 -0.0168769526666668
564 -0.0116073526666668
565 -0.0103127526666668
566 -0.0078698526666668
567 -0.0066421526666668
568 -0.0039431526666668
569 0.0011367473333332
570 0.0021054473333332
571 -0.0045656526666668
572 -0.0036593526666668
573 -0.0030897526666668
574 0.0024822473333332
575 0.0013283473333332
576 -0.0056937526666668
577 -0.0050415526666668
578 0.0084166473333332
579 0.0044167473333332
580 -0.0045512526666668
581 -0.0004864526666668
582 -0.0001820526666668
583 0.0008244473333332
584 0.0082397473333332
585 0.0054296473333332
586 0.0035993473333332
587 0.0094459473333332
588 0.0036066473333332
589 0.0039064473333332
590 0.0058862473333332
591 0.0063164473333332
592 0.0072781473333332
593 0.0072723473333332
594 0.0106161473333332
595 0.0025755473333332
596 -0.0054926526666668
597 -0.0012221526666668
598 -0.0013791526666668
599 -0.0041965526666668
600 -0.0005675526666668
1 0.6724084473333332
2 0.4296411473333332
3 0.3286972473333332
4 0.2404079473333332
5 0.2030987473333332
6 0.1598008473333332
7 0.1041351473333332
8 0.0757304473333332
9 0.0555696473333332
10 0.0429176473333332
11 0.0297892473333332
12 0.0210784473333332
13 0.0161171473333332
14 0.0163815473333332
15 0.0140623473333332
16 0.0129821473333332
17 0.0133771473333332
18 0.0128181473333332
19 0.0067335473333332
20 0.0033158473333332
21 0.0050172473333332
22 0.0074499473333332
23 0.0113618473333332
24 0.0104554473333332
25 -0.0014205526666668
26 0.0033496473333332
27 0.0035266473333332
28 -0.0024556526666668
29 -0.0053124526666668
30 -0.0074261526666668
31 -0.0129746526666668
32 -0.0119665526666668
33 0.0034345473333332
34 -0.0015920526666668
35 -0.0039207526666668
36 -0.0022054526666668
37 0.0027435473333332
38 0.0064622473333332
39 0.0077634473333332
40 0.0074675473333332
41 0.0032701473333332
42 0.0004818473333332
43 0.0001056473333332
44 0.0024575473333332
45 0.0043442473333332
46 0.0055257473333332
47 0.0089264473333332
48 0.0103639473333332
49 0.0044825473333332
50 0.0060312473333332
51 0.0017631473333332
52 -0.0022222526666668
53 -0.0068974526666668
54 -0.0001663526666668
55 -0.0041986526666668
56 -0.0097884526666668
57 -0.0049337526666668
58 -0.0051660526666668
59 -0.0063013526666668
60 -0.0131727526666668
61 -0.0170048526666668
62 -0.0173557526666668
63 -0.0172050526666668
64 -0.0170449526666668
65 -0.0142038526666668
66 -0.0124678526666668
67 -0.0082249526666668
68 -0.0046250526666668
69 -0.0000564526666668
70 0.0072775473333332
71 -0.0023534526666668
72 -0.0026620526666668
73 -0.0038670526666668
74 -0.0070430526666668
75 -0.0039952526666668
76 -0.0001373526666668
77 -0.0001222526666668
78 -0.0018230526666668
79 -0.0000876526666668
80 -0.0025539526666668
81 -0.0041559526666668
82 -0.0084838526666668
83 -0.0143913526666668
84 -0.0154316526666668
85 -0.0145534526666668
86 -0.0155203526666668
87 -0.0126847526666668
88 -0.0113279526666668
89 -0.0022330526666668
90 -0.0048737526666668
91 -0.0040459526666668
92 -0.0016243526666668
93 -0.0020289526666668
94 -0.0090198526666668
95 -0.0071372526666668
96 -0.0110472526666668
97 -0.0151938526666668
98 -0.0190502526666668
99 -0.0136551526666668
100 -0.0115413526666668
101 -0.0141372526666668
102 -0.0134713526666668
103 -0.0113080526666668
104 -0.0104640526666668
105 -0.0128859526666668
106 -0.0155506526666668
107 -0.0112545526666668
108 -0.0086759526666668
109 -0.0076701526666668
110 -0.0053187526666668
111 -0.0161793526666668
112 -0.0123322526666668
113 -0.0137836526666668
114 -0.0100571526666668
115 -0.0060751526666668
116 -0.0054995526666668
117 -0.0078512526666668
118 -0.0051678526666668
119 -0.0044960526666668
120 -0.0088781526666668
121 -0.0096391526666668
122 0.0000775473333332
123 0.0072254473333332
124 0.0016135473333332
125 -0.0048637526666668
126 -0.0076519526666668
127 -0.0067130526666668
128 -0.0041606526666668
129 -0.0054542526666668
130 -0.0030565526666668
131 -0.0058068526666668
132 -0.0041703526666668
133 -0.0040945526666668
134 -0.0006944526666668
135 -0.0015550526666668
136 -0.0000316526666668
137 -0.0023940526666668
138 -0.0040312526666668
139 -0.0042644526666668
140 -0.0053811526666668
141 -0.0133044526666668
142 -0.0167117526666668
143 -0.0109443526666668
144 -0.0123114526666668
145 -0.0115353526666668
146 -0.0074636526666668
147 -0.0011753526666668
148 -0.0061283526666668
149 -0.0053574526666668
150 0.0010872473333332
151 0.0072735473333332
152 0.0014074473333332
153 -0.0030736526666668
154 -0.0041815526666668
155 -0.0048169526666668
156 -0.0023665526666668
157 0.0032817473333332
158 0.0077991473333332
159 0.0106562473333332
160 0.0171766473333332
161 0.0166503473333332
162 0.0113858473333332
163 0.0113716473333332
164 0.0105050473333332
165 0.0136800473333332
166 0.0091370473333332
167 -0.0022357526666668
168 0.0075860473333332
169 0.0038209473333332
170 0.0012976473333332
171 -0.0049787526666668
172 -0.0050233526666668
173 -0.0021849526666668
174 -0.0053636526666668
175 -0.0037460526666668
176 -0.0024103526666668
177 -0.0015768526666668
178 -0.0072236526666668
179 -0.0123649526666668
180 -0.0165754526666668
181 -0.0101677526666668
182 -0.0043543526666668
183 -0.0138408526666668
184 -0.0157977526666668
185 -0.0174083526666668
186 -0.0158940526666668
187 -0.0158407526666668
188 -0.0203087526666668
189 -0.0255891526666668
190 -0.0233538526666668
191 -0.0188459526666668
192 -0.0074743526666668
193 -0.0083317526666668
194 -0.0121604526666668
195 -0.0029850526666668
196 -0.0034702526666668
197 -0.0051376526666668
198 -0.0142941526666668
199 -0.0086073526666668
200 -0.0044825526666668
201 -0.0013746526666668
202 -0.0005249526666668
203 -0.0016558526666668
204 -0.0017664526666668
205 -0.0010202526666668
206 -0.0075808526666668
207 -0.0046489526666668
208 -0.0022301526666668
209 -0.0074995526666668
210 -0.0077538526666668
211 -0.0061772526666668
212 0.0009950473333332
213 -0.0007808526666668
214 -0.0022099526666668
215 0.0011058473333332
216 -0.0025748526666668
217 -0.0080107526666668
218 -0.0108910526666668
219 -0.0117187526666668
220 -0.0073716526666668
221 -0.0070957526666668
222 -0.0041600526666668
223 0.0001705473333332
224 0.0051264473333332
225 0.0101104473333332
226 0.0038759473333332
227 0.0007080473333332
228 0.0107332473333332
229 0.0076217473333332
230 0.0026870473333332
231 0.0124084473333332
232 0.0190220473333332
233 0.0069426473333332
234 0.0125247473333332
235 0.0047171473333332
236 0.0044560473333332
237 0.0014753473333332
238 0.0124653473333332
239 0.0052898473333332
240 0.0040209473333332
241 -0.0022667526666668
242 -0.0053297526666668
243 -0.0062684526666668
244 -0.0073887526666668
245 -0.0028765526666668
246 -0.0031888526666668
247 -0.0125999526666668
248 -0.0047703526666668
249 -0.0069883526666668
250 -0.0128316526666668
251 -0.0078932526666668
252 -0.0009213526666668
253 0.0039809473333332
254 0.0007140473333332
255 -0.0048965526666668
256 -0.0094720526666668
257 -0.0074100526666668
258 0.0063240473333332
259 -0.0032822526666668
260 -0.0040678526666668
261 -0.0076884526666668
262 0.0000864473333332
263 -0.0061959526666668
264 -0.0078314526666668
265 -0.0045079526666668
266 -0.0024316526666668
267 -0.0054373526666668
268 -0.0053897526666668
269 -0.0119912526666668
270 -0.0116251526666668
271 -0.0081140526666668
272 -0.0112927526666668
273 -0.0088159526666668
274 -0.0075920526666668
275 -0.0033320526666668
276 -0.0031719526666668
277 -0.0018402526666668
278 0.0018699473333332
279 0.0036320473333332
280 -0.0003921526666668
281 -0.0041526526666668
282 0.0025070473333332
283 0.0003615473333332
284 -0.0004222526666668
285 0.0025879473333332
286 0.0016991473333332
287 0.0019553473333332
288 0.0082742473333332
289 0.0083000473333332
290 0.0073496473333332
291 0.0099350473333332
292 0.0060893473333332
293 0.0005596473333332
294 0.0003826473333332
295 -0.0041827526666668
296 -0.0064803526666668
297 -0.0000072526666668
298 -0.0012674526666668
299 -0.0009979526666668
300 0.0011066473333332
301 -0.0082723526666668
302 -0.0122701526666668
303 -0.0126940526666668
304 -0.0110972526666668
305 -0.0094732526666668
306 0.0007037473333332
307 0.0035618473333332
308 0.0033876473333332
309 -0.0004321526666668
310 0.0001677473333332
311 -0.0050118526666668
312 -0.0064620526666668
313 0.0005427473333332
314 -0.0010859526666668
315 -0.0009572526666668
316 0.0004715473333332
317 -0.0051948526666668
318 -0.0077853526666668
319 -0.0068238526666668
320 -0.0103853526666668
321 -0.0048819526666668
322 -0.0064536526666668
323 -0.0029568526666668
324 0.0057154473333332
325 0.0093060473333332
326 0.0073746473333332
327 0.0125969473333332
328 0.0083564473333332
329 0.0040273473333332
330 0.0063498473333332
331 0.0000004473333332
332 0.0047747473333332
333 0.0059810473333332
334 0.0027974473333332
335 0.0009550473333332
336 -0.0032591526666668
337 -0.0064801526666668
338 -0.0073001526666668
339 -0.0095025526666668
340 -0.0098737526666668
341 -0.0085176526666668
342 -0.0085574526666668
343 -0.0082296526666668
344 -0.0129601526666668
345 -0.0076414526666668
346 -0.0043608526666668
347 -0.0032464526666668
348 -0.0089498526666668
349 -0.0027486526666668
350 -0.0120136526666668
351 -0.0159280526666668
352 -0.0176085526666668
353 -0.0165281526666668
354 -0.0198999526666668
355 -0.0161020526666668
356 -0.0192451526666668
357 -0.0102534526666668
358 -0.0165294526666668
359 -0.0157182526666668
360 -0.0112601526666668
361 -0.0076048526666668
362 -0.0026314526666668
363 -0.0033712526666668
364 -0.0011757526666668
365 -0.0117539526666668
366 -0.0106970526666668
367 -0.0093639526666668
368 -0.0111074526666668
369 -0.0174579526666668
370 -0.0125448526666668
371 -0.0053642526666668
372 -0.0059887526666668
373 0.0007378473333332
374 -0.0044119526666668
375 -0.0147031526666668
376 -0.0067721526666668
377 -0.0040512526666668
378 -0.0092773526666668
379 -0.0097418526666668
380 -0.0111729526666668
381 -0.0067757526666668
382 -0.0083468526666668
383 -0.0010468526666668
384 0.0031510473333332
385 -0.0047418526666668
386 -0.0013793526666668
387 0.0006917473333332
388 -0.0023718526666668
389 0.0058649473333332
390 0.0016255473333332
391 0.0064935473333332
392 -0.0017171526666668
393 -0.0009787526666668
394 -0.0017765526666668
395 -0.0016377526666668
396 -0.0049800526666668
397 -0.0058216526666668
398 -0.0151234526666668
399 -0.0172952526666668
400 -0.0116608526666668
401 -0.0126510526666668
402 -0.0090465526666668
403 -0.0076923526666668
404 -0.0085638526666668
405 -0.0063511526666668
406 -0.0060010526666668
407 -0.0046610526666668
408 -0.0042241526666668
409 -0.0044323526666668
410 -0.0070648526666668
411 -0.0071606526666668
412 -0.0100165526666668
413 -0.0072685526666668
414 -0.0069177526666668
415 -0.0058816526666668
416 -0.0090933526666668
417 -0.0109848526666668
418 -0.0076017526666668
419 -0.0037447526666668
420 0.0004855473333332
421 0.0040015473333332
422 0.0038779473333332
423 0.0095623473333332
424 0.0113885473333332
425 0.0122471473333332
426 0.0133503473333332
427 0.0121651473333332
428 0.0124883473333332
429 0.0103171473333332
430 0.0057879473333332
431 -0.0003389526666668
432 -0.0005136526666668
433 0.0033488473333332
434 -0.0054618526666668
435 -0.0075674526666668
436 -0.0072441526666668
437 -0.0061582526666668
438 0.0002281473333332
439 0.0090828473333332
440 0.0052567473333332
441 0.0112787473333332
442 0.0052933473333332
443 0.0027699473333332
444 -0.0012074526666668
445 -0.0025322526666668
446 0.0022968473333332
447 -0.0020138526666668
448 -0.0036817526666668
449 0.0041673473333332
450 0.0048564473333332
451 0.0019174473333332
452 0.0000855473333332
453 0.0055811473333332
454 0.0021825473333332
455 0.0071282473333332
456 0.0100166473333332
457 0.0122319473333332
458 0.0044094473333332
459 0.0153202473333332
460 0.0129104473333332
461 0.0103584473333332
462 0.0039868473333332
463 0.0023160473333332
464 -0.0023029526666668
465 -0.0031528526666668
466 -0.0012758526666668
467 -0.0058663526666668
468 -0.0115883526666668
469 -0.0067556526666668
470 -0.0120586526666668
471 -0.0106601526666668
472 -0.0111186526666668
473 -0.0084835526666668
474 -0.0055768526666668
475 -0.0060598526666668
476 -0.0118685526666668
477 -0.0125396526666668
478 -0.0106795526666668
479 -0.0036506526666668
480 -0.0046322526666668
481 -0.0059336526666668
482 -0.0089015526666668
483 -0.0064499526666668
484 -0.0071193526666668
485 -0.0003112526666668
486 -0.0057780526666668
487 -0.0056816526666668
488 -0.0076848526666668
489 -0.0067071526666668
490 -0.0008565526666668
491 -0.0011845526666668
492 0.0039935473333332
493 -0.0010643526666668
494 0.0000288473333332
495 -0.0001452526666668
496 -0.0063493526666668
497 -0.0068311526666668
498 -0.0086903526666668
499 -0.0050809526666668
500 -0.0016996526666668
501 -0.0082827526666668
502 -0.0095454526666668
503 -0.0046901526666668
504 0.0003767473333332
505 -0.0090446526666668
506 -0.0041550526666668
507 -0.0045062526666668
508 -0.0037237526666668
509 -0.0026592526666668
510 0.0002432473333332
511 -0.0024477526666668
512 -0.0073356526666668
513 -0.0063192526666668
514 -0.0070750526666668
515 0.0026890473333332
516 0.0037609473333332
517 0.0104258473333332
518 0.0002259473333332
519 0.0062818473333332
520 0.0090276473333332
521 0.0069210473333332
522 0.0041753473333332
523 0.0043738473333332
524 -0.0023236526666668
525 0.0036078473333332
526 0.0106357473333332
527 0.0096156473333332
528 0.0131882473333332
529 0.0067342473333332
530 0.0043804473333332
531 0.0060385473333332
532 0.0120456473333332
533 0.0145757473333332
534 0.0088846473333332
535 0.0102931473333332
536 0.0078977473333332
537 0.0006423473333332
538 -0.0034828526666668
539 -0.0047424526666668
540 -0.0104774526666668
541 -0.0166739526666668
542 -0.0108960526666668
543 -0.0091620526666668
544 -0.0021560526666668
545 0.0030679473333332
546 0.0019734473333332
547 -0.0020858526666668
548 -0.0006172526666668
549 0.0025045473333332
550 0.0026414473333332
551 0.0013133473333332
552 -0.0027213526666668
553 0.0031779473333332
554 0.0121886473333332
555 0.0091400473333332
556 0.0018826473333332
557 0.0015236473333332
558 -0.0007227526666668
559 -0.0030513526666668
560 -0.0066797526666668
561 -0.0050164526666668
562 -0.0007409526666668
563 -0.0001533526666668
564 -0.0051005526666668
565 -0.0041320526666668
566 -0.0033720526666668
567 0.0012413473333332
568 -0.0046843526666668
569 -0.0092518526666668
570 -0.0062728526666668
571 -0.0001215526666668
572 0.0003328473333332
573 0.0051435473333332
574 0.0087253473333332
575 0.0066426473333332
576 0.0165995473333332
577 0.0118004473333332
578 0.0111532473333332
579 0.0015912473333332
580 -0.0002352526666668
581 -0.0000760526666668
582 0.0086195473333332
583 0.0056731473333332
584 -0.0024395526666668
585 0.0012023473333332
586 0.0053093473333332
587 0.0069250473333332
588 0.0035498473333332
589 0.0057794473333332
590 0.0055636473333332
591 -0.0021670526666668
592 -0.0040808526666668
593 -0.0033159526666668
594 0.0045856473333332
595 -0.0019333526666668
596 -0.0065322526666668
597 -0.0055792526666668
598 -0.0086473526666668
599 -0.0072919526666668
600 -0.0035529526666668
1 0.6588622473333332
2 0.4439880473333332
3 0.3057572473333332
4 0.2437995473333332
5 0.1929885473333332
6 0.1179276473333332
7 0.0842641473333332
8 0.0696654473333332
9 0.0515753473333332
10 0.0344826473333332
11 0.0216520473333332
12 0.0201974473333332
13 0.0148108473333332
14 0.0068097473333332
15 0.0006251473333332
16 -0.0004225526666668
17 -0.0005101526666668
18 -0.0002474526666668
19 0.0023929473333332
20 0.0019029473333332
21 0.0002128473333332
22 0.0115354473333332
23 0.0071309473333332
24 0.0042471473333332
25 -0.0004310526666668
26 0.0019245473333332
27 -0.0033080526666668
28 -0.0027589526666668
29 -0.0072874526666668
30 0.0022800473333332
31 -0.0016295526666668
32 -0.0048564526666668
33 -0.0030033526666668
34 -0.0044096526666668
35 -0.0055942526666668
36 -0.0013585526666668
37 -0.0034349526666668
38 -0.0070394526666668
39 -0.0030894526666668
40 -0.0020030526666668
41 0.0058644473333332
42 0.0069925473333332
43 0.0061215473333332
44 0.0044482473333332
45 0.0077350473333332
46 0.0085909473333332
47 0.0073469473333332
48 0.0020624473333332
49 -0.0065980526666668
50 -0.0054257526666668
51 0.0078071473333332
52 0.0103563473333332
53 0.0100387473333332
54 0.0085473473333332
55 0.0097252473333332
56 0.0192859473333332
57 0.0157236473333332
58 0.0095083473333332
59 0.0046951473333332
60 -0.0014276526666668
61 0.0059191473333332
62 0.0021376473333332
63 -0.0012385526666668
64 0.0025742473333332
65 0.0054789473333332
66 -0.0038700526666668
67 -0.0024562526666668
68 0.0081302473333332
69 0.0074440473333332
70 0.0055102473333332
71 0.0062785473333332
72 -0.0063953526666668
73 -0.0107476526666668
74 0.0017444473333332
75 0.0057485473333332
76 0.0076369473333332
77 -0.0061756526666668
78 0.0038023473333332
79 0.0062959473333332
80 0.0159264473333332
81 0.0109014473333332
82 0.0078661473333332
83 0.0085248473333332
84 -0.0006020526666668
85 -0.0071089526666668
86 -0.0007460526666668
87 -0.0004588526666668
88 0.0004022473333332
89 -0.0070084526666668
90 -0.0002216526666668
91 0.0082229473333332
92 -0.0001121526666668
93 -0.0032054526666668
94 -0.0064274526666668
95 -0.0058123526666668
96 -0.0016479526666668
97 -0.0010635526666668
98 0.0029684473333332
99 0.0006213473333332
100 -0.0053451526666668
101 -0.0123707526666668
102 -0.0041279526666668
103 -0.0099802526666668
104 -0.0135624526666668
105 -0.0065042526666668
106 -0.0033777526666668
107 -0.0017345526666668
108 -0.0005927526666668
109 -0.0035180526666668
110 -0.0049827526666668
111 -0.0076681526666668
112 -0.0069150526666668
113 -0.0039701526666668
114 -0.0088500526666668
115 -0.0062635526666668
116 -0.0036706526666668
117 -0.0078538526666668
118 -0.0076760526666668
119 -0.0112786526666668
120 -0.0135474526666668
121 -0.0084140526666668
122 -0.0033285526666668
123 -0.0029473526666668
124 -0.0064920526666668
125 0.0003886473333332
126 0.0063537473333332
127 0.0061437473333332
128 -0.0023843526666668
129 0.0033450473333332
130 0.0043308473333332
131 0.0024506473333332
132 -0.0056990526666668
133 -0.0037713526666668
134 0.0007699473333332
135 -0.0014493526666668
136 -0.0004991526666668
137 0.0027578473333332
138 0.0013829473333332
139 0.0009865473333332
140 0.0045940473333332
141 -0.0015772526666668
142 -0.0036253526666668
143 -0.0022617526666668
144 -0.0024290526666668
145 0.0005524473333332
146 -0.0022257526666668
147 0.0018579473333332
148 0.0050045473333332
149 0.0097424473333332
150 0.0111414473333332
151 0.0153566473333332
152 0.0132987473333332
153 0.0158921473333332
154 0.0171952473333332
155 0.0031524473333332
156 0.0074018473333332
157 0.0004818473333332
158 -0.0001182526666668
159 0.0077370473333332
160 0.0051445473333332
161 0.0050810473333332
162 0.0104156473333332
163 0.0033654473333332
164 0.0014992473333332
165 0.0036819473333332
166 0.0004591473333332
167 -0.0062469526666668
168 -0.0052552526666668
169 -0.0025528526666668
170 -0.0016722526666668
171 -0.0036013526666668
172 -0.0041383526666668
173 -0.0006512526666668
174 -0.0015323526666668
175 -0.0085961526666668
176 -0.0124138526666668
177 -0.0116548526666668
178 -0.0122378526666668
179 -0.0102533526666668
180 -0.0065804526666668
181 -0.0024388526666668
182 -0.0014784526666668
183 -0.0016669526666668
184 -0.0003072526666668
185 0.0074163473333332
186 0.0095395473333332
187 0.0018846473333332
188 -0.0031369526666668
189 -0.0051224526666668
190 -0.0040200526666668
191 -0.0011763526666668
192 -0.0048089526666668
193 -0.0055853526666668
194 -0.0075760526666668
195 -0.0095665526666668
196 -0.0068610526666668
197 -0.0066383526666668
198 -0.0159801526666668
199 -0.0195439526666668
200 -0.0192813526666668
201 -0.0220892526666668
202 -0.0150886526666668
203 -0.0144215526666668
204 -0.0076544526666668
205 -0.0116788526666668
206 -0.0184791526666668
207 -0.0137648526666668
208 -0.0087692526666668
209 -0.0043477526666668
210 -0.0041431526666668
211 -0.0063745526666668
212 -0.0036857526666668
213 -0.0033823526666668
214 -0.0024548526666668
215 -0.0008544526666668
216 0.0053420473333332
217 -0.0038561526666668
218 -0.0048442526666668
219 0.0016529473333332
220 -0.0032775526666668
221 -0.0043885526666668
222 -0.0041677526666668
223 -0.0062338526666668
224 -0.0015829526666668
225 -0.0079574526666668
226 -0.0116256526666668
227 -0.0101488526666668
228 -0.0069844526666668
229 -0.0095187526666668
230 -0.0108874526666668
231 -0.0058094526666668
232 -0.0039101526666668
233 -0.0018656526666668
234 -0.0030167526666668
235 0.0005389473333332
236 -0.0002302526666668
237 -0.0070931526666668
238 -0.0036989526666668
239 -0.0012032526666668
240 -0.0050958526666668
241 -0.0045736526666668
242 -0.0047051526666668
243 -0.0029749526666668
244 0.0037931473333332
245 0.0044717473333332
246 0.0045256473333332
247 -0.0003070526666668
248 0.0034351473333332
249 -0.0019752526666668
250 0.0010756473333332
251 0.0003291473333332
252 -0.0064671526666668
253 -0.0103173526666668
254 -0.0077940526666668
255 -0.0057249526666668
256 -0.0038556526666668
257 -0.0076263526666668
258 -0.0068751526666668
259 -0.0046603526666668
260 -0.0008711526666668
261 -0.0028066526666668
262 -0.0005584526666668
263 -0.0049218526666668
264 -0.0019053526666668
265 -0.0010787526666668
266 -0.0051555526666668
267 -0.0067589526666668
268 -0.0035546526666668
269 -0.0105807526666668
270 -0.0112786526666668
271 -0.0137675526666668
272 -0.0083610526666668
273 -0.0057252526666668
274 -0.0075412526666668
275 -0.0102543526666668
276 -0.0097969526666668
277 -0.0069894526666668
278 -0.0099567526666668
279 -0.0074839526666668
280 -0.0060024526666668
281 -0.0015761526666668
282 0.0000526473333332
283 -0.0085854526666668
284 -0.0070567526666668
285 -0.0034796526666668
286 -0.0066555526666668
287 -0.0049632526666668
288 -0.0089688526666668
289 -0.0111091526666668
290 -0.0068559526666668
291 -0.0093198526666668
292 -0.0148036526666668
293 -0.0128935526666668
294 -0.0091774526666668
295 -0.0069617526666668
296 -0.0091560526666668
297 -0.0089114526666668
298 -0.0023267526666668
299 0.0077416473333332
300 0.0063739473333332
301 0.0040107473333332
302 0.0003561473333332
303 0.0057507473333332
304 0.0078819473333332
305 0.0025731473333332
306 0.0063656473333332
307 0.0065809473333332
308 0.0094124473333332
309 0.0046682473333332
310 -0.0016065526666668
311 0.0010701473333332
312 0.0034755473333332
313 0.0022149473333332
314 -0.0018295526666668
315 0.0021949473333332
316 -0.0040030526666668
317 -0.0070922526666668
318 -0.0021354526666668
319 -0.0022341526666668
320 -0.0036397526666668
321 -0.0129098526666668
322 -0.0114685526666668
323 -0.0059188526666668
324 -0.0058994526666668
325 -0.0069368526666668
326 -0.0068843526666668
327 -0.0124853526666668
328 -0.0128484526666668
329 -0.0072517526666668
330 -0.0040549526666668
331 -0.0085028526666668
332 -0.0105827526666668
333 -0.0178516526666668
334 -0.0211525526666668
335 -0.0162712526666668
336 -0.0148646526666668
337 -0.0152411526666668
338 -0.0092358526666668
339 -0.0108304526666668
340 -0.0112496526666668
341 -0.0135350526666668
342 -0.0152843526666668
343 -0.0183829526666668
344 -0.0132882526666668
345 -0.0089948526666668
346 -0.0100047526666668
347 -0.0053791526666668
348 -0.0039040526666668
349 -0.0036969526666668
350 0.0037977473333332
351 0.0053450473333332
352 0.0060068473333332
353 0.0111725473333332
354 0.0125949473333332
355 0.0118974473333332
356 0.0215027473333332
357 0.0223004473333332
358 0.0123034473333332
359 0.0057191473333332
360 0.0002420473333332
361 -0.0050391526666668
362 0.0007556473333332
363 -0.0050140526666668
364 -0.0075799526666668
365 -0.0040765526666668
366 0.0074754473333332
367 0.0076493473333332
368 0.0039541473333332
369 0.0049519473333332
370 0.0020284473333332
371 0.0022403473333332
372 -0.0013583526666668
373 0.0048484473333332
374 0.0020710473333332
375 -0.0039212526666668
376 -0.0069644526666668
377 -0.0091827526666668
378 -0.0092570526666668
379 -0.0028941526666668
380 0.0047138473333332
381 -0.0021697526666668
382 -0.0095098526666668
383 -0.0077369526666668
384 -0.0017887526666668
385 -0.0036061526666668
386 0.0004496473333332
387 0.0022124473333332
388 0.0056609473333332
389 0.0043348473333332
390 0.0134306473333332
391 0.0130326473333332
392 0.0072476473333332
393 0.0086524473333332
394 0.0006701473333332
395 0.0070657473333332
396 0.0032191473333332
397 0.0001778473333332
398 0.0009411473333332
399 0.0012690473333332
400 0.0152106473333332
401 0.0224540473333332
402 0.0176624473333332
403 0.0148071473333332
404 0.0108071473333332
405 0.0025311473333332
406 -0.0013658526666668
407 -0.0047062526666668
408 -0.0077544526666668
409 -0.0109696526666668
410 -0.0094411526666668
411 -0.0037933526666668
412 -0.0111368526666668
413 -0.0077623526666668
414 -0.0136232526666668
415 -0.0128025526666668
416 -0.0048988526666668
417 -0.0016095526666668
418 -0.0063016526666668
419 -0.0093707526666668
420 -0.0028824526666668
421 0.0036124473333332
422 -0.0032139526666668
423 0.0064482473333332
424 0.0112061473333332
425 0.0113389473333332
426 0.0109813473333332
427 0.0041021473333332
428 -0.0041995526666668
429 -0.0091866526666668
430 -0.0082851526666668
431 -0.0044583526666668
432 -0.0005119526666668
433 0.0020243473333332
434 -0.0026268526666668
435 -0.0064995526666668
436 0.0014202473333332
437 0.0045654473333332
438 0.0074552473333332
439 0.0076090473333332
440 -0.0016250526666668
441 -0.0052215526666668
442 -0.0031176526666668
443 -0.0041393526666668
444 0.0028612473333332
445 0.0053894473333332
446 0.0075504473333332
447 0.0089934473333332
448 0.0002315473333332
449 0.0044698473333332
450 0.0043671473333332
451 0.0138902473333332
452 0.0084322473333332
453 0.0018513473333332
454 0.0047966473333332
455 -0.0012969526666668
456 -0.0075884526666668
457 -0.0062494526666668
458 -0.0131173526666668
459 -0.0074425526666668
460 -0.0045545526666668
461 -0.0035337526666668
462 -0.0006701526666668
463 -0.0021016526666668
464 -0.0037384526666668
465 -0.0066745526666668
466 -0.0059741526666668
467 -0.0012702526666668
468 0.0014226473333332
469 0.0018382473333332
470 0.0023348473333332
471 0.0053529473333332
472 0.0028949473333332
473 0.0019471473333332
474 0.0093218473333332
475 0.0104619473333332
476 0.0071126473333332
477 0.0045494473333332
478 -0.0023620526666668
479 0.0011061473333332
480 0.0009768473333332
481 0.0088551473333332
482 0.0036665473333332
483 0.0052397473333332
484 0.0075909473333332
485 0.0067642473333332
486 0.0062757473333332
487 -0.0005901526666668
488 -0.0032842526666668
489 -0.0006456526666668
490 0.0053153473333332
491 -0.0062850526666668
492 -0.0028095526666668
493 0.0052833473333332
494 0.0093247473333332
495 0.0026203473333332
496 0.0078543473333332
497 0.0148762473333332
498 0.0098330473333332
499 0.0106474473333332
500 0.0025694473333332
501 -0.0016412526666668
502 -0.0054125526666668
503 -0.0082378526666668
504 -0.0072109526666668
505 -0.0099202526666668
506 -0.0102373526666668
507 -0.0127566526666668
508 -0.0134064526666668
509 -0.0060796526666668
510 -0.0073510526666668
511 -0.0065296526666668
512 -0.0029492526666668
513 -0.0004185526666668
514 0.0001336473333332
515 0.0126347473333332
516 0.0146024473333332
517 0.0045675473333332
518 0.0086071473333332
519 0.0112687473333332
520 -0.0028231526666668
521 -0.0050391526666668
522 0.0037535473333332
523 0.0077335473333332
524 0.0027628473333332
525 -0.0073920526666668
526 -0.0094538526666668
527 -0.0069793526666668
528 -0.0044133526666668
529 -0.0001056526666668
530 0.0017017473333332
531 -0.0043594526666668
532 -0.0063451526666668
533 0.0035598473333332
534 0.0043804473333332
535 -0.0007130526666668
536 -0.0036575526666668
537 0.0056527473333332
538 0.0028723473333332
539 0.0005406473333332
540 -0.0047845526666668
541 -0.0048043526666668
542 -0.0052305526666668
543 -0.0068314526666668
544 -0.0066362526666668
545 -0.0099667526666668
546 -0.0116091526666668
547 -0.0078917526666668
548 -0.0060588526666668
549 -0.0011689526666668
550 0.0090307473333332
551 0.0086900473333332
552 -0.0028749526666668
553 -0.0083867526666668
554 -0.0102230526666668
555 -0.0100770526666668
556 -0.0141697526666668
557 -0.0043901526666668
558 -0.0026642526666668
559 -0.0036429526666668
560 -0.0011775526666668
561 -0.0001577526666668
562 -0.0054447526666668
563 -0.0092283526666668
564 -0.0054327526666668
565 -0.0008685526666668
566 -0.0000479526666668
567 -0.0005405526666668
568 0.0024594473333332
569 -0.0020636526666668
570 -0.0041903526666668
571 -0.0023995526666668
572 -0.0005759526666668
573 -0.0035353526666668
574 -0.0049760526666668
575 -0.0032535526666668
576 -0.0016348526666668
577 0.0042736473333332
578 0.0074958473333332
579 0.0094451473333332
580 0.0067153473333332
581 0.0099760473333332
582 0.0084215473333332
583 0.0045754473333332
584 0.0056390473333332
585 0.0092507473333332
586 0.0086249473333332
587 0.0065564473333332
588 0.0012811473333332
589 -0.0017265526666668
590 -0.0075505526666668
591 -0.0111876526666668
592 -0.0086336526666668
593 -0.0043216526666668
594 0.0050731473333332
595 0.0052709473333332
596 0.0018321473333332
597 0.0058049473333332
598 -0.0024223526666668
599 -0.0065559526666668
600 -0.0031018526666668
1 0.5148080473333332
2 0.3672836473333332
3 0.2568439473333332
4 0.1929940473333332
5 0.1485530473333332
6 0.1307379473333332
7 0.0674722473333332
8 0.0546778473333332
9 0.0443570473333332
10 0.0315803473333332
11 0.0247935473333332
12 0.0154609473333332
13 0.0112422473333332
14 -0.0002877526666668
15 -0.0025069526666668
16 -0.0052373526666668
17 -0.0051460526666668
18 -0.0055541526666668
19 -0.0080742526666668
20 -0.0060836526666668
21 -0.0014464526666668
22 0.0044532473333332
23 0.0056938473333332
24 0.0008628473333332
25 -0.0042204526666668
26 -0.0022125526666668
27 0.0037614473333332
28 0.0091476473333332
29 0.0075912473333332
30 0.0081599473333332
31 0.0140658473333332
32 0.0106723473333332
33 0.0085805473333332
34 0.0115512473333332
35 0.0089862473333332
36 0.0033241473333332
37 0.0100009473333332
38 0.0091690473333332
39 0.0136381473333332
40 0.0127825473333332
41 0.0079146473333332
42 0.0089511473333332
43 0.0116437473333332
44 0.0091375473333332
45 0.0095015473333332
46 0.0019992473333332
47 0.0027262473333332
48 0.0025769473333332
49 0.0068916473333332
50 0.0141411473333332
51 0.0116913473333332
52 -0.0006612526666668
53 -0.0078094526666668
54 -0.0032749526666668
55 -0.0007164526666668
56 -0.0003331526666668
57 -0.0065385526666668
58 0.0017833473333332
59 -0.0021748526666668
60 0.0043759473333332
61 0.0010545473333332
62 -0.0047374526666668
63 -0.0112903526666668
64 -0.0080057526666668
65 -0.0093755526666668
66 -0.0081424526666668
67 -0.0112428526666668
68 -0.0079723526666668
69 -0.0138415526666668
70 -0.0104127526666668
71 -0.0114612526666668
72 -0.0098416526666668
73 -0.0079023526666668
74 -0.0154939526666668
75 -0.0149901526666668
76 -0.0148629526666668
77 -0.0073642526666668
78 -0.0069467526666668
79 -0.0047542526666668
80 -0.0068738526666668
81 -0.0087849526666668
82 -0.0090609526666668
83 -0.0031609526666668
84 -0.0041475526666668
85 -0.0026723526666668
86 -0.0013441526666668
87 -0.0012763526666668
88 -0.0005095526666668
89 -0.0029450526666668
90 -0.0002750526666668
91 -0.0006170526666668
92 -0.0104335526666668
93 -0.0063020526666668
94 -0.0154252526666668
95 -0.0192843526666668
96 -0.0165790526666668
97 -0.0223805526666668
98 -0.0203143526666668
99 -0.0150983526666668
100 -0.0121582526666668
101 -0.0099165526666668
102 -0.0052730526666668
103 -0.0078769526666668
104 -0.0058933526666668
105 -0.0069860526666668
106 -0.0077676526666668
107 -0.0049780526666668
108 -0.0031453526666668
109 0.0006042473333332
110 0.0015941473333332
111 0.0007633473333332
112 -0.0019706526666668
113 0.0010783473333332
114 0.0016876473333332
115 0.0007129473333332
116 -0.0012522526666668
117 0.0054258473333332
118 0.0129591473333332
119 0.0132205473333332
120 0.0084063473333332
121 0.0097841473333332
122 0.0059664473333332
123 0.0033926473333332
124 0.0067769473333332
125 -0.0039290526666668
126 0.0006435473333332
127 -0.0023286526666668
128 -0.0006704526666668
129 -0.0063270526666668
130 -0.0019940526666668
131 -0.0045065526666668
132 -0.0076572526666668
133 -0.0092451526666668
134 0.0031216473333332
135 0.0032208473333332
136 0.0015681473333332
137 0.0053981473333332
138 0.0031188473333332
139 0.0005640473333332
140 0.0008004473333332
141 0.0012897473333332
142 -0.0005360526666668
143 -0.0006878526666668
144 -0.0054934526666668
145 -0.0023369526666668
146 -0.0006479526666668
147 -0.0021794526666668
148 -0.0086142526666668
149 -0.0115253526666668
150 -0.0060165526666668
151 -0.0010122526666668
152 -0.0070173526666668
153 -0.0116646526666668
154 -0.0079425526666668
155 0.0017123473333332
156 0.0023688473333332
157 0.0070218473333332
158 0.0088065473333332
159 0.0071597473333332
160 0.0041799473333332
161 0.0071097473333332
162 0.0134527473333332
163 0.0141862473333332
164 0.0090963473333332
165 0.0115140473333332
166 0.0008519473333332
167 0.0011407473333332
168 0.0005482473333332
169 0.0005739473333332
170 0.0043786473333332
171 0.0017325473333332
172 0.0009829473333332
173 -0.0001315526666668
174 0.0082654473333332
175 0.0071850473333332
176 0.0044990473333332
177 0.0108335473333332
178 0.0100568473333332
179 -0.0042351526666668
180 0.0022660473333332
181 0.0104722473333332
182 0.0168111473333332
183 0.0125129473333332
184 0.0088081473333332
185 0.0117374473333332
186 0.0145976473333332
187 0.0081095473333332
188 0.0053468473333332
189 0.0057516473333332
190 -0.0003950526666668
191 0.0033581473333332
192 0.0040339473333332
193 0.0093869473333332
194 0.0108311473333332
195 0.0043603473333332
196 0.0010181473333332
197 -0.0013509526666668
198 0.0133072473333332
199 0.0118621473333332
200 0.0122705473333332
201 0.0091481473333332
202 0.0049723473333332
203 -0.0021299526666668
204 -0.0031537526666668
205 -0.0015486526666668
206 0.0006875473333332
207 -0.0011166526666668
208 -0.0022180526666668
209 -0.0107046526666668
210 -0.0167515526666668
211 -0.0180091526666668
212 -0.0186137526666668
213 -0.0129940526666668
214 -0.0088496526666668
215 -0.0133689526666668
216 -0.0111802526666668
217 -0.0094079526666668
218 -0.0024788526666668
219 -0.0028874526666668
220 -0.0087662526666668
221 -0.0092550526666668
222 -0.0143750526666668
223 -0.0168954526666668
224 -0.0179207526666668
225 -0.0167265526666668
226 -0.0171876526666668
227 -0.0197782526666668
228 -0.0240648526666668
229 -0.0240349526666668
230 -0.0249739526666668
231 -0.0206841526666668
232 -0.0161406526666668
233 -0.0136296526666668
234 -0.0145487526666668
235 -0.0112545526666668
236 -0.0070802526666668
237 -0.0124873526666668
238 -0.0129830526666668
239 -0.0096148526666668
240 -0.0080009526666668
241 -0.0086647526666668
242 -0.0020454526666668
243 0.0046733473333332
244 0.0030416473333332
245 -0.0042598526666668
246 -0.0042984526666668
247 0.0004263473333332
248 0.0070263473333332
249 0.0135706473333332
250 0.0128660473333332
251 0.0091035473333332
252 0.0124477473333332
253 0.0178608473333332
254 0.0076341473333332
255 0.0084428473333332
256 0.0010890473333332
257 -0.0032787526666668
258 -0.0002326526666668
259 0.0001320473333332
260 -0.0024463526666668
261 0.0054260473333332
262 0.0121546473333332
263 0.0104324473333332
264 0.0103172473333332
265 0.0074489473333332
266 0.0049724473333332
267 0.0074619473333332
268 0.0132132473333332
269 0.0046672473333332
270 0.0042930473333332
271 0.0025619473333332
272 -0.0018005526666668
273 0.0013616473333332
274 0.0065239473333332
275 0.0021187473333332
276 0.0029186473333332
277 0.0022060473333332
278 0.0026014473333332
279 -0.0056307526666668
280 -0.0040892526666668
281 -0.0013668526666668
282 0.0067981473333332
283 0.0016858473333332
284 -0.0013638526666668
285 -0.0018439526666668
286 0.0017660473333332
287 -0.0018596526666668
288 -0.0058927526666668
289 -0.0109217526666668
290 -0.0086737526666668
291 -0.0037882526666668
292 -0.0048639526666668
293 -0.0063747526666668
294 -0.0037316526666668
295 -0.0065915526666668
296 -0.0072487526666668
297 -0.0021348526666668
298 0.0004049473333332
299 -0.0007075526666668
300 0.0000516473333332
301 -0.0003665526666668
302 0.0055329473333332
303 0.0014247473333332
304 0.0001643473333332
305 -0.0026294526666668
306 0.0016371473333332
307 0.0035661473333332
308 -0.0007474526666668
309 -0.0051598526666668
310 -0.0029754526666668
311 0.0008832473333332
312 0.0029083473333332
313 0.0063512473333332
314 0.0040866473333332
315 -0.0011061526666668
316 -0.0022032526666668
317 -0.0012707526666668
318 -0.0032563526666668
319 -0.0103612526666668
320 -0.0057048526666668
321 -0.0045348526666668
322 -0.0041994526666668
323 -0.0039737526666668
324 0.0066611473333332
325 0.0080454473333332
326 0.0078785473333332
327 0.0025335473333332
328 0.0081068473333332
329 0.0100368473333332
330 0.0084182473333332
331 0.0061233473333332
332 0.0011411473333332
333 0.0018662473333332
334 0.0032787473333332
335 -0.0044346526666668
336 0.0031489473333332
337 -0.0018568526666668
338 -0.0009220526666668
339 -0.0003859526666668
340 -0.0047625526666668
341 -0.0020545526666668
342 -0.0015557526666668
343 -0.0043442526666668
344 -0.0008450526666668
345 -0.0051833526666668
346 0.0044743473333332
347 0.0092348473333332
348 0.0051618473333332
349 0.0010712473333332
350 0.0015179473333332
351 0.0073401473333332
352 0.0129817473333332
353 0.0013598473333332
354 0.0018087473333332
355 0.0058654473333332
356 0.0095930473333332
357 0.0091272473333332
358 0.0071924473333332
359 0.0022186473333332
360 0.0011086473333332
361 -0.0000712526666668
362 0.0058011473333332
363 0.0111631473333332
364 0.0014113473333332
365 -0.0065725526666668
366 -0.0078551526666668
367 -0.0122720526666668
368 -0.0117861526666668
369 -0.0136554526666668
370 -0.0167249526666668
371 -0.0144169526666668
372 -0.0154967526666668
373 -0.0155934526666668
374 -0.0131331526666668
375 -0.0131348526666668
376 -0.0125407526666668
377 -0.0122639526666668
378 -0.0152973526666668
379 -0.0111826526666668
380 -0.0075864526666668
381 -0.0049290526666668
382 0.0019788473333332
383 0.0017237473333332
384 0.0118817473333332
385 0.0147921473333332
386 0.0025277473333332
387 0.0078271473333332
388 0.0024498473333332
389 0.0012906473333332
390 -0.0042042526666668
391 -0.0078929526666668
392 -0.0024347526666668
393 -0.0031401526666668
394 -0.0040161526666668
395 -0.0062501526666668
396 -0.0088935526666668
397 -0.0058043526666668
398 -0.0071240526666668
399 -0.0103621526666668
400 -0.0144736526666668
401 -0.0093862526666668
402 -0.0103332526666668
403 -0.0100840526666668
404 -0.0092956526666668
405 -0.0154098526666668
406 -0.0153092526666668
407 -0.0094520526666668
408 -0.0109194526666668
409 -0.0085157526666668
410 -0.0025007526666668
411 -0.0011800526666668
412 -0.0019956526666668
413 -0.0055020526666668
414 -0.0031412526666668
415 0.0008145473333332
416 -0.0020406526666668
417 -0.0006999526666668
418 -0.0015254526666668
419 -0.0040572526666668
420 -0.0081474526666668
421 -0.0074203526666668
422 -0.0078402526666668
423 -0.0087365526666668
424 -0.0083963526666668
425 -0.0122415526666668
426 -0.0106621526666668
427 -0.0088732526666668
428 -0.0107424526666668
429 -0.0067789526666668
430 -0.0004021526666668
431 0.0059434473333332
432 0.0087617473333332
433 -0.0015302526666668
434 -0.0046683526666668
435 -0.0012063526666668
436 -0.0005920526666668
437 -0.0013389526666668
438 0.0031305473333332
439 0.0090160473333332
440 -0.0023025526666668
441 -0.0024798526666668
442 -0.0034182526666668
443 -0.0034149526666668
444 0.0011800473333332
445 -0.0047084526666668
446 -0.0046932526666668
447 0.0008108473333332
448 -0.0044580526666668
449 -0.0031130526666668
450 -0.0055715526666668
451 -0.0090778526666668
452 -0.0099576526666668
453 -0.0084054526666668
454 -0.0084941526666668
455 -0.0153850526666668
456 -0.0100066526666668
457 0.0004297473333332
458 0.0045941473333332
459 0.0069938473333332
460 0.0068756473333332
461 0.0069692473333332
462 -0.0003700526666668
463 -0.0027292526666668
464 -0.0038350526666668
465 -0.0072321526666668
466 -0.0099194526666668
467 -0.0063463526666668
468 -0.0050278526666668
469 -0.0018357526666668
470 0.0011479473333332
471 -0.0000886526666668
472 -0.0035477526666668
473 0.0030208473333332
474 0.0010043473333332
475 0.0026088473333332
476 0.0086900473333332
477 0.0071072473333332
478 0.0110467473333332
479 0.0077462473333332
480 0.0077639473333332
481 0.0139523473333332
482 0.0141764473333332
483 0.0097921473333332
484 0.0070183473333332
485 0.0122096473333332
486 0.0068550473333332
487 0.0028595473333332
488 -0.0020568526666668
489 0.0010589473333332
490 0.0014134473333332
491 -0.0035956526666668
492 -0.0106320526666668
493 -0.0032784526666668
494 -0.0014253526666668
495 -0.0062107526666668
496 -0.0068287526666668
497 -0.0029911526666668
498 -0.0053023526666668
499 -0.0075098526666668
500 -0.0041440526666668
501 0.0003303473333332
502 0.0006844473333332
503 -0.0014292526666668
504 -0.0051608526666668
505 -0.0021003526666668
506 0.0013822473333332
507 -0.0019227526666668
508 0.0009346473333332
509 0.0049710473333332
510 -0.0002268526666668
511 -0.0089189526666668
512 -0.0055283526666668
513 -0.0014148526666668
514 -0.0019804526666668
515 -0.0042309526666668
516 -0.0043875526666668
517 -0.0029702526666668
518 -0.0084189526666668
519 -0.0022541526666668
520 -0.0096763526666668
521 -0.0158515526666668
522 -0.0141485526666668
523 -0.0126255526666668
524 -0.0115117526666668
525 -0.0158504526666668
526 -0.0128828526666668
527 -0.0103880526666668
528 -0.0109723526666668
529 -0.0069756526666668
530 -0.0103930526666668
531 -0.0086800526666668
532 -0.0032752526666668
533 -0.0042186526666668
534 -0.0027670526666668
535 -0.0033169526666668
536 0.0016454473333332
537 -0.0066782526666668
538 -0.0082374526666668
539 -0.0053254526666668
540 -0.0045212526666668
541 -0.0056417526666668
542 -0.0039898526666668
543 -0.0029234526666668
544 0.0022846473333332
545 -0.0027093526666668
546 -0.0086078526666668
547 -0.0046498526666668
548 -0.0048558526666668
549 -0.0044233526666668
550 -0.0076636526666668
551 -0.0034501526666668
552 -0.0008001526666668
553 -0.0013270526666668
554 -0.0053710526666668
555 -0.0085486526666668
556 -0.0115961526666668
557 -0.0137385526666668
558 -0.0111710526666668
559 -0.0071916526666668
560 -0.0055175526666668
561 -0.0095632526666668
562 -0.0089184526666668
563 -0.0104682526666668
564 -0.0100423526666668
565 -0.0113769526666668
566 -0.0047023526666668
567 0.0024629473333332
568 0.0079011473333332
569 0.0016614473333332
570 0.0008111473333332
571 -0.0020827526666668
572 -0.0044258526666668
573 -0.0005365526666668
574 0.0039112473333332
575 0.0074052473333332
576 -0.0004517526666668
577 0.0010353473333332
578 0.0019676473333332
579 -0.0005335526666668
580 -0.0018189526666668
581 -0.0030595526666668
582 -0.0033270526666668
583 0.0002243473333332
584 0.0019780473333332
585 -0.0029815526666668
586 -0.0094877526666668
587 -0.0040047526666668
588 0.0020648473333332
589 -0.0011307526666668
590 0.0031483473333332
591 0.0160490473333332
592 0.0074592473333332
593 0.0004045473333332
594 0.0045202473333332
595 0.0008044473333332
596 -0.0010074526666668
597 -0.0011072526666668
598 0.0031125473333332
599 -0.0091012526666668
600 -0.0054882526666668
1 0.6849810473333333
2 0.4050813473333332
3 0.2607841473333332
4 0.1971320473333332
5 0.1670095473333332
6 0.1076521473333332
7 0.0877894473333332
8 0.0627403473333332
9 0.0554978473333332
10 0.0354628473333332
11 0.0170558473333332
12 0.0212287473333332
13 0.0199208473333332
14 0.0085828473333332
15 0.0115804473333332
16 0.0006169473333332
17 -0.0016739526666668
18 -0.0009629526666668
19 0.0039223473333332
20 -0.0009832526666668
21 -0.0083018526666668
22 -0.0091466526666668
23 -0.0092632526666668
24 -0.0090711526666668
25 -0.0098320526666668
26 -0.0037376526666668
27 -0.0018176526666668
28 -0.0073055526666668
29 -0.0070690526666668
30 -0.0017406526666668
31 0.0033567473333332
32 0.0001394473333332
33 -0.0036446526666668
34 -0.0054791526666668
35 -0.0104275526666668
36 -0.0098294526666668
37 -0.0086099526666668
38 -0.0063247526666668
39 -0.0071210526666668
40 -0.0087410526666668
41 -0.0089654526666668
42 -0.0033513526666668
43 -0.0046336526666668
44 -0.0012844526666668
45 -0.0001988526666668
46 -0.0034999526666668
47 -0.0013436526666668
48 -0.0055096526666668
49 -0.0135410526666668
50 -0.0030878526666668
51 -0.0007761526666668
52 -0.0079063526666668
53 -0.0106790526666668
54 -0.0059236526666668
55 -0.0000979526666668
56 -0.0046362526666668
57 -0.0057360526666668
58 -0.0025817526666668
59 -0.0019467526666668
60 -0.0063456526666668
61 -0.0049229526666668
62 -0.0079756526666668
63 -0.0077033526666668
64 -0.0153789526666668
65 -0.0170072526666668
66 -0.0166128526666668
67 -0.0097256526666668
68 -0.0033723526666668
69 -0.0027936526666668
70 0.0065786473333332
71 0.0164010473333332
72 0.0157063473333332
73 0.0076106473333332
74 -0.0022462526666668
75 0.0014432473333332
76 -0.0004601526666668
77 -0.0084087526666668
78 -0.0143356526666668
79 -0.0059477526666668
80 -0.0010567526666668
81 -0.0013693526666668
82 -0.0000786526666668
83 -0.0000976526666668
84 0.0047091473333332
85 -0.0078841526666668
86 -0.0166880526666668
87 -0.0120205526666668
88 -0.0102137526666668
89 -0.0055148526666668
90 -0.0033626526666668
91 -0.0046712526666668
92 0.0032249473333332
93 -0.0035786526666668
94 0.0020009473333332
95 -0.0015503526666668
96 -0.0061857526666668
97 -0.0014003526666668
98 0.0020869473333332
99 0.0074652473333332
100 0.0101829473333332
101 0.0069815473333332
102 0.0021446473333332
103 0.0001219473333332
104 -0.0019440526666668
105 -0.0077858526666668
106 -0.0065709526666668
107 0.0012933473333332
108 0.0028312473333332
109 0.0025598473333332
110 0.0023722473333332
111 0.0044958473333332
112 0.0028599473333332
113 -0.0037815526666668
114 -0.0032648526666668
115 0.0001791473333332
116 0.0069388473333332
117 0.0139725473333332
118 0.0183783473333332
119 0.0107466473333332
120 0.0043973473333332
121 0.0042419473333332
122 0.0098786473333332
123 0.0067861473333332
124 0.0013564473333332
125 -0.0023961526666668
126 0.0066092473333332
127 0.0024148473333332
128 -0.0032867526666668
129 -0.0052569526666668
130 -0.0029533526666668
131 -0.0016748526666668
132 0.0019025473333332
133 0.0003379473333332
134 0.0022629473333332
135 -0.0042212526666668
136 -0.0100809526666668
137 -0.0057151526666668
138 0.0004783473333332
139 -0.0058477526666668
140 -0.0014347526666668
141 -0.0001678526666668
142 -0.0032708526666668
143 -0.0103617526666668
144 -0.0082488526666668
145 -0.0092281526666668
146 -0.0030839526666668
147 0.0020979473333332
148 0.0009219473333332
149 0.0177170473333332
150 0.0161397473333332
151 0.0145025473333332
152 0.0091095473333332
153 0.0069450473333332
154 0.0075281473333332
155 0.0062876473333332
156 0.0053566473333332
157 -0.0023667526666668
158 0.0027607473333332
159 0.0039144473333332
160 -0.0029096526666668
161 0.0032412473333332
162 -0.0000664526666668
163 -0.0050645526666668
164 -0.0065654526666668
165 -0.0067727526666668
166 -0.0070028526666668
167 -0.0099218526666668
168 -0.0071235526666668
169 -0.0071929526666668
170 -0.0064666526666668
171 -0.0044425526666668
172 -0.0050128526666668
173 -0.0021510526666668
174 0.0059919473333332
175 0.0037972473333332
176 -0.0026047526666668
177 0.0023065473333332
178 0.0041758473333332
179 0.0002492473333332
180 -0.0041795526666668
181 0.0051593473333332
182 0.0068302473333332
183 0.0005520473333332
184 -0.0063694526666668
185 0.0051147473333332
186 0.0085445473333332
187 0.0074574473333332
188 0.0068850473333332
189 0.0112671473333332
190 0.0109261473333332
191 0.0107954473333332
192 0.0112346473333332
193 0.0068394473333332
194 0.0063263473333332
195 0.0109662473333332
196 0.0079543473333332
197 0.0066564473333332
198 0.0021654473333332
199 -0.0020739526666668
200 0.0027630473333332
201 -0.0043796526666668
202 0.0037261473333332
203 0.0092074473333332
204 0.0041594473333332
205 -0.0023737526666668
206 0.0016318473333332
207 -0.0023211526666668
208 -0.0036572526666668
209 -0.0041534526666668
210 -0.0024661526666668
211 -0.0041755526666668
212 0.0022496473333332
213 0.0016325473333332
214 0.0013951473333332
215 0.0012783473333332
216 -0.0009119526666668
217 -0.0086730526666668
218 -0.0094356526666668
219 -0.0080124526666668
220 -0.0100351526666668
221 -0.0073576526666668
222 -0.0074624526666668
223 0.0018286473333332
224 0.0051152473333332
225 -0.0001897526666668
226 -0.0064556526666668
227 -0.0049193526666668
228 -0.0057324526666668
229 -0.0064683526666668
230 -0.0072870526666668
231 -0.0076165526666668
232 -0.0090507526666668
233 -0.0049570526666668
234 -0.0081371526666668
235 -0.0103118526666668
236 -0.0105051526666668
237 -0.0085500526666668
238 -0.0146259526666668
239 -0.0088116526666668
240 -0.0066231526666668
241 -0.0088047526666668
242 -0.0079950526666668
243 -0.0100472526666668
244 -0.0087058526666668
245 -0.0088031526666668
246 -0.0146705526666668
247 -0.0135369526666668
248 -0.0144815526666668
249 -0.0132080526666668
250 -0.0104552526666668
251 -0.0154745526666668
252 -0.0209325526666668
253 -0.0231880526666668
254 -0.0191055526666668
255 -0.0184495526666668
256 -0.0153365526666668
257 -0.0139329526666668
258 -0.0135366526666668
259 -0.0105256526666668
260 -0.0073050526666668
261 -0.0087527526666668
262 -0.0081589526666668
263 -0.0107558526666668
264 -0.0089343526666668
265 -0.0108182526666668
266 -0.0074920526666668
267 -0.0060900526666668
268 -0.0036108526666668
269 -0.0057955526666668
270 -0.0092482526666668
271 -0.0104118526666668
272 -0.0082534526666668
273 -0.0046544526666668
274 0.0005770473333332
275 -0.0065106526666668
276 -0.0144586526666668
277 -0.0131890526666668
278 -0.0142991526666668
279 -0.0162063526666668
280 -0.0140688526666668
281 -0.0163450526666668
282 -0.0216359526666668
283 -0.0166604526666668
284 -0.0153060526666668
285 -0.0147885526666668
286 -0.0173691526666668
287 -0.0122604526666668
288 -0.0037155526666668
289 -0.0037234526666668
290 -0.0062233526666668
291 -0.0031268526666668
292 -0.0004003526666668
293 0.0006289473333332
294 -0.0072995526666668
295 -0.0058369526666668
296 -0.0064875526666668
297 -0.0064270526666668
298 -0.0055580526666668
299 -0.0040788526666668
300 -0.0018883526666668
301 0.0031235473333332
302 0.0029662473333332
303 0.0079873473333332
304 0.0024930473333332
305 0.0090979473333332
306 0.0100504473333332
307 0.0008973473333332
308 0.0037330473333332
309 0.0109416473333332
310 0.0051073473333332
311 0.0019478473333332
312 0.0016671473333332
313 0.0054273473333332
314 0.0054873473333332
315 0.0022543473333332
316 -0.0024182526666668
317 0.0033797473333332
318 -0.0004113526666668
319 -0.0021300526666668
320 -0.0037062526666668
321 -0.0094781526666668
322 -0.0109197526666668
323 -0.0116787526666668
324 -0.0095163526666668
325 -0.0050825526666668
326 -0.0129756526666668
327 -0.0143605526666668
328 -0.0042676526666668
329 -0.0044354526666668
330 -0.0068302526666668
331 0.0018143473333332
332 -0.0017669526666668
333 0.0032677473333332
334 0.0078569473333332
335 0.0091767473333332
336 0.0103241473333332
337 0.0110529473333332
338 0.0134899473333332
339 0.0132479473333332
340 0.0117099473333332
341 0.0160079473333332
342 0.0137907473333332
343 0.0110331473333332
344 0.0018504473333332
345 0.0014776473333332
346 -0.0006398526666668
347 0.0021546473333332
348 -0.0082793526666668
349 -0.0127453526666668
350 -0.0099942526666668
351 -0.0115028526666668
352 -0.0072899526666668
353 -0.0026107526666668
354 -0.0021345526666668
355 -0.0030656526666668
356 -0.0040768526666668
357 0.0012613473333332
358 -0.0048764526666668
359 -0.0007539526666668
360 -0.0018549526666668
361 -0.0030421526666668
362 -0.0015386526666668
363 -0.0061493526666668
364 0.0020884473333332
365 -0.0045260526666668
366 -0.0034830526666668
367 -0.0004134526666668
368 -0.0008880526666668
369 -0.0022084526666668
370 0.0018820473333332
371 -0.0030082526666668
372 -0.0036126526666668
373 0.0025879473333332
374 0.0034857473333332
375 0.0004387473333332
376 -0.0014150526666668
377 -0.0028969526666668
378 -0.0027478526666668
379 -0.0030617526666668
380 0.0034035473333332
381 0.0053821473333332
382 0.0041229473333332
383 0.0079147473333332
384 0.0057148473333332
385 -0.0025801526666668
386 -0.0014810526666668
387 0.0020730473333332
388 -0.0054184526666668
389 -0.0117809526666668
390 -0.0129923526666668
391 -0.0120633526666668
392 -0.0043814526666668
393 -0.0038837526666668
394 -0.0057846526666668
395 -0.0036249526666668
396 -0.0084880526666668
397 -0.0113610526666668
398 -0.0060223526666668
399 -0.0063473526666668
400 -0.0024324526666668
401 -0.0002146526666668
402 -0.0003574526666668
403 -0.0080480526666668
404 -0.0062240526666668
405 -0.0016042526666668
406 0.0005054473333332
407 0.0004858473333332
408 0.0006415473333332
409 -0.0003817526666668
410 -0.0020341526666668
411 -0.0045246526666668
412 -0.0050771526666668
413 -0.0058555526666668
414 -0.0046520526666668
415 -0.0038201526666668
416 -0.0023515526666668
417 0.0011964473333332
418 0.0030620473333332
419 0.0085067473333332
420 0.0081186473333332
421 0.0059997473333332
422 0.0063227473333332
423 0.0103308473333332
424 0.0090752473333332
425 0.0150166473333332
426 0.0095683473333332
427 0.0083130473333332
428 0.0036250473333332
429 0.0119240473333332
430 0.0065298473333332
431 0.0103601473333332
432 0.0052817473333332
433 0.0104798473333332
434 -0.0005669526666668
435 -0.0010773526666668
436 0.0051267473333332
437 0.0021036473333332
438 0.0056158473333332
439 -0.0005478526666668
440 -0.0080320526666668
441 -0.0121484526666668
442 -0.0091120526666668
443 -0.0053981526666668
444 -0.0165838526666668
445 -0.0118817526666668
446 -0.0116127526666668
447 -0.0126754526666668
448 -0.0069701526666668
449 -0.0055883526666668
450 -0.0000713526666668
451 -0.0040342526666668
452 -0.0090764526666668
453 -0.0068016526666668
454 -0.0046603526666668
455 -0.0021512526666668
456 -0.0022361526666668
457 -0.0028267526666668
458 0.0025269473333332
459 -0.0018666526666668
460 -0.0095001526666668
461 -0.0065062526666668
462 -0.0047162526666668
463 -0.0038076526666668
464 -0.0064536526666668
465 0.0002191473333332
466 0.0040001473333332
467 -0.0023334526666668
468 0.0008019473333332
469 0.0024691473333332
470 0.0126967473333332
471 0.0117242473333332
472 0.0066888473333332
473 0.0043678473333332
474 0.0028846473333332
475 0.0042932473333332
476 0.0018493473333332
477 0.0048012473333332
478 0.0005557473333332
479 -0.0010352526666668
480 0.0040831473333332
481 -0.0006043526666668
482 0.0000856473333332
483 0.0014035473333332
484 -0.0018705526666668
485 -0.0027866526666668
486 -0.0110676526666668
487 -0.0106915526666668
488 -0.0045943526666668
489 -0.0011790526666668
490 -0.0062147526666668
491 -0.0030832526666668
492 -0.0014517526666668
493 -0.0017191526666668
494 -0.0045117526666668
495 -0.0059813526666668
496 -0.0033626526666668
497 -0.0035552526666668
498 -0.0085032526666668
499 -0.0111989526666668
500 -0.0117705526666668
501 -0.0098155526666668
502 -0.0056487526666668
503 -0.0092128526666668
504 -0.0156768526666668
505 -0.0178118526666668
506 -0.0099606526666668
507 -0.0036733526666668
508 -0.0064721526666668
509 -0.0109001526666668
510 -0.0042799526666668
511 0.0022648473333332
512 0.0019482473333332
513 -0.0013328526666668
514 -0.0026021526666668
515 -0.0062628526666668
516 -0.0089923526666668
517 -0.0084009526666668
518 -0.0083131526666668
519 0.0024172473333332
520 0.0062237473333332
521 -0.0036004526666668
522 0.0037717473333332
523 0.0040255473333332
524 0.0030805473333332
525 0.0052383473333332
526 0.0011473473333332
527 0.0019784473333332
528 0.0039792473333332
529 0.0023100473333332
530 -0.0006598526666668
531 0.0022791473333332
532 0.0051339473333332
533 0.0013755473333332
534 0.0041233473333332
535 -0.0011187526666668
536 -0.0046489526666668
537 -0.0017054526666668
538 -0.0026833526666668
539 -0.0102010526666668
540 -0.0072342526666668
541 -0.0072555526666668
542 -0.0028244526666668
543 -0.0052951526666668
544 -0.0050027526666668
545 -0.0052525526666668
546 -0.0025994526666668
547 -0.0044216526666668
548 0.0037195473333332
549 -0.0006105526666668
550 -0.0077202526666668
551 0.0010739473333332
552 0.0043565473333332
553 -0.0027554526666668
554 -0.0070700526666668
555 -0.0035898526666668
556 -0.0033704526666668
557 -0.0011128526666668
558 0.0036231473333332
559 -0.0036088526666668
560 -0.0051117526666668
561 -0.0024916526666668
562 -0.0072143526666668
563 -0.0066920526666668
564 -0.0090355526666668
565 -0.0071446526666668
566 -0.0016034526666668
567 0.0012329473333332
568 -0.0021535526666668
569 -0.0009506526666668
570 -0.0007390526666668
571 -0.0029039526666668
572 0.0038302473333332
573 -0.0006780526666668
574 -0.0024742526666668
575 -0.0018345526666668
576 0.0044185473333332
577 0.0042795473333332
578 -0.0052483526666668
579 -0.0032615526666668
580 0.0054904473333332
581 0.0075682473333332
582 -0.0021806526666668
583 -0.0053641526666668
584 -0.0054874526666668
585 -0.0066472526666668
586 -0.0061291526666668
587 -0.0013943526666668
588 0.0034237473333332
589 -0.0051433526666668
590 -0.0077798526666668
591 -0.0088237526666668
592 -0.0052535526666668
593 -0.0039081526666668
594 -0.0006291526666668
595 0.0066226473333332
596 0.0038582473333332
597 0.0036920473333332
598 0.0034285473333332
599 0.0004721473333332
600 0.0017283473333332
1 0.6875034473333332
2 0.4125636473333332
3 0.2913209473333332
4 0.2152134473333332
5 0.1477799473333332
6 0.1097088473333332
7 0.0978066473333332
8 0.0719469473333332
9 0.0440505473333332
10 0.0385221473333332
11 0.0225921473333332
12 0.0141564473333332
13 0.0125799473333332
14 0.0161319473333332
15 0.0050526473333332
16 0.0026168473333332
17 0.0055261473333332
18 0.0035737473333332
19 -0.0004985526666668
20 0.0013886473333332
21 -0.0001484526666668
22 -0.0044460526666668
23 -0.0048790526666668
24 -0.0039860526666668
25 -0.0031990526666668
26 -0.0041003526666668
27 -0.0125079526666668
28 -0.0140805526666668
29 -0.0061140526666668
30 -0.0079857526666668
31 -0.0142176526666668
32 -0.0160473526666668
33 -0.0152858526666668
34 -0.0060225526666668
35 -0.0078956526666668
36 -0.0114628526666668
37 -0.0149329526666668
38 -0.0155625526666668
39 -0.0130543526666668
40 -0.0125974526666668
41 -0.0121687526666668
42 -0.0109857526666668
43 -0.0104494526666668
44 -0.0180202526666668
45 -0.0156334526666668
46 -0.0153461526666668
47 -0.0108269526666668
48 -0.0036779526666668
49 -0.0082651526666668
50 -0.0096259526666668
51 -0.0081197526666668
52 -0.0095238526666668
53 -0.0072852526666668
54 -0.0035649526666668
55 -0.0077586526666668
56 -0.0074054526666668
57 -0.0092651526666668
58 -0.0022152526666668
59 -0.0102719526666668
60 -0.0110032526666668
61 0.0011327473333332
62 0.0023153473333332
63 0.0044835473333332
64 0.0066242473333332
65 0.0015421473333332
66 -0.0018644526666668
67 0.0006559473333332
68 0.0019395473333332
69 0.0005448473333332
70 -0.0016845526666668
71 -0.0068966526666668
72 0.0051341473333332
73 -0.0040316526666668
74 -0.0056380526666668
75 0.0007127473333332
76 0.0080927473333332
77 0.0044175473333332
78 0.0019880473333332
79 0.0043637473333332
80 0.0011237473333332
81 -0.0046986526666668
82 -0.0063898526666668
83 -0.0075438526666668
84 -0.0064799526666668
85 0.0027438473333332
86 0.0021122473333332
87 -0.0001544526666668
88 -0.0098006526666668
89 -0.0106298526666668
90 -0.0086416526666668
91 -0.0061106526666668
92 0.0014270473333332
93 -0.0005321526666668
94 -0.0058047526666668
95 0.0005832473333332
96 0.0059388473333332
97 0.0002527473333332
98 -0.0027104526666668
99 0.0034840473333332
100 -0.0018681526666668
101 -0.0011952526666668
102 -0.0046347526666668
103 -0.0112048526666668
104 -0.0050230526666668
105 0.0018430473333332
106 -0.0059163526666668
107 -0.0084826526666668
108 -0.0034534526666668
109 -0.0076037526666668
110 -0.0067813526666668
111 -0.0060097526666668
112 -0.0071596526666668
113 -0.0071274526666668
114 0.0006765473333332
115 -0.0024401526666668
116 -0.0039498526666668
117 -0.0044554526666668
118 -0.0008459526666668
119 -0.0054900526666668
120 -0.0134334526666668
121 -0.0121411526666668
122 -0.0127664526666668
123 -0.0107597526666668
124 -0.0096036526666668
125 -0.0070023526666668
126 -0.0051544526666668
127 0.0008408473333332
128 -0.0043560526666668
129 0.0004838473333332
130 0.0048547473333332
131 0.0080461473333332
132 0.0171896473333332
133 0.0138656473333332
134 0.0085794473333332
135 0.0026620473333332
136 0.0020384473333332
137 0.0004789473333332
138 -0.0030208526666668
139 0.0004541473333332
140 0.0054916473333332
141 0.0068241473333332
142 0.0069526473333332
143 0.0067429473333332
144 0.0036971473333332
145 -0.0092700526666668
146 -0.0059965526666668
147 0.0030786473333332
148 0.0011227473333332
149 -0.0013886526666668
150 -0.0090497526666668
151 -0.0092816526666668
152 -0.0100772526666668
153 -0.0120360526666668
154 -0.0127168526666668
155 -0.0152067526666668
156 -0.0166196526666668
157 -0.0179626526666668
158 -0.0237776526666668
159 -0.0186698526666668
160 -0.0159316526666668
161 -0.0216227526666668
162 -0.0232769526666668
163 -0.0230011526666668
164 -0.0195443526666668
165 -0.0169785526666668
166 -0.0155832526666668
167 -0.0140711526666668
168 -0.0125225526666668
169 -0.0140949526666668
170 -0.0137817526666668
171 -0.0120175526666668
172 -0.0138067526666668
173 -0.0107514526666668
174 -0.0051737526666668
175 0.0021557473333332
176 -0.0010504526666668
177 -0.0044808526666668
178 -0.0013510526666668
179 -0.0024390526666668
180 -0.0019528526666668
181 0.0032215473333332
182 0.0012100473333332
183 -0.0024749526666668
184 0.0002181473333332
185 0.0023425473333332
186 0.0025499473333332
187 -0.0010890526666668
188 -0.0003807526666668
189 0.0006478473333332
190 0.0124311473333332
191 0.0045724473333332
192 0.0054154473333332
193 0.0129035473333332
194 0.0081144473333332
195 0.0072061473333332
196 0.0028848473333332
197 0.0006566473333332
198 0.0052946473333332
199 0.0045353473333332
200 -0.0017603526666668
201 0.0011599473333332
202 -0.0015808526666668
203 -0.0071371526666668
204 -0.0076601526666668
205 -0.0094030526666668
206 -0.0100920526666668
207 0.0006973473333332
208 0.0078442473333332
209 0.0014628473333332
210 -0.0009433526666668
211 -0.0003081526666668
212 -0.0065990526666668
213 -0.0135344526666668
214 -0.0142113526666668
215 -0.0154996526666668
216 -0.0110994526666668
217 -0.0111226526666668
218 -0.0111549526666668
219 -0.0129456526666668
220 -0.0134172526666668
221 -0.0132823526666668
222 -0.0098885526666668
223 -0.0010935526666668
224 -0.0033953526666668
225 -0.0030894526666668
226 -0.0068263526666668
227 -0.0076475526666668
228 -0.0054724526666668
229 -0.0000298526666668
230 0.0029202473333332
231 0.0026150473333332
232 0.0054657473333332
233 0.0067319473333332
234 0.0128262473333332
235 0.0024857473333332
236 -0.0006531526666668
237 0.0027261473333332
238 0.0024795473333332
239 0.0060427473333332
240 0.0030063473333332
241 0.0039079473333332
242 0.0051832473333332
243 0.0008474473333332
244 0.0022005473333332
245 0.0064358473333332
246 -0.0010960526666668
247 -0.0011259526666668
248 -0.0043467526666668
249 -0.0067595526666668
250 -0.0022984526666668
251 -0.0033985526666668
252 -0.0091336526666668
253 -0.0092795526666668
254 -0.0043527526666668
255 -0.0045793526666668
256 -0.0027126526666668
257 0.0035829473333332
258 0.0034645473333332
259 0.0056324473333332
260 0.0112277473333332
261 0.0078021473333332
262 -0.0010586526666668
263 -0.0029241526666668
264 -0.0012075526666668
265 0.0019441473333332
266 -0.0047183526666668
267 -0.0063246526666668
268 -0.0038028526666668
269 -0.0023356526666668
270 -0.0079107526666668
271 -0.0075607526666668
272 -0.0025148526666668
273 -0.0117047526666668
274 -0.0157151526666668
275 -0.0137510526666668
276 -0.0124588526666668
277 -0.0122940526666668
278 -0.0156877526666668
279 -0.0161614526666668
280 -0.0119897526666668
281 -0.0074314526666668
282 -0.0068576526666668
283 -0.0043612526666668
284 0.0012170473333332
285 -0.0010758526666668
286 -0.0016418526666668
287 -0.0051895526666668
288 -0.0082989526666668
289 -0.0067288526666668
290 -0.0041887526666668
291 -0.0038378526666668
292 -0.0007462526666668
293 0.0017488473333332
294 -0.0055080526666668
295 -0.0005476526666668
296 -0.0044075526666668
297 -0.0046714526666668
298 -0.0101102526666668
299 -0.0153350526666668
300 -0.0122378526666668
301 -0.0100691526666668
302 -0.0079823526666668
303 -0.0135880526666668
304 -0.0155693526666668
305 -0.0086448526666668
306 -0.0047696526666668
307 -0.0057932526666668
308 -0.0061178526666668
309 -0.0097239526666668
310 -0.0079209526666668
311 -0.0056142526666668
312 -0.0041900526666668
313 -0.0042360526666668
314 -0.0018461526666668
315 0.0026808473333332
316 -0.0007080526666668
317 0.0049990473333332
318 0.0114723473333332
319 0.0119059473333332
320 0.0059206473333332
321 -0.0003246526666668
322 0.0061351473333332
323 0.0113143473333332
324 0.0090801473333332
325 0.0071903473333332
326 0.0040545473333332
327 0.0001438473333332
328 0.0054144473333332
329 0.0072108473333332
330 0.0034151473333332
331 -0.0008337526666668
332 0.0009534473333332
333 0.0018653473333332
334 -0.0065139526666668
335 -0.0089991526666668
336 -0.0056343526666668
337 -0.0051131526666668
338 -0.0059090526666668
339 -0.0067621526666668
340 -0.0036683526666668
341 -0.0052803526666668
342 -0.0013763526666668
343 -0.0025318526666668
344 -0.0081227526666668
345 0.0002698473333332
346 0.0004053473333332
347 -0.0105793526666668
348 -0.0029469526666668
349 0.0021799473333332
350 -0.0023618526666668
351 -0.0099805526666668
352 -0.0067036526666668
353 -0.0068900526666668
354 -0.0076614526666668
355 -0.0003540526666668
356 -0.0015272526666668
357 -0.0035790526666668
358 -0.0033796526666668
359 0.0002313473333332
360 0.0009308473333332
361 0.0004716473333332
362 0.0000058473333332
363 0.0056546473333332
364 0.0025493473333332
365 -0.0028216526666668
366 -0.0041581526666668
367 -0.0064383526666668
368 -0.0054089526666668
369 -0.0061811526666668
370 -0.0090297526666668
371 -0.0032440526666668
372 0.0034566473333332
373 0.0030647473333332
374 0.0003930473333332
375 -0.0007666526666668
376 0.0048373473333332
377 0.0055177473333332
378 0.0004981473333332
379 0.0004121473333332
380 0.0116378473333332
381 0.0100928473333332
382 0.0019841473333332
383 -0.0037645526666668
384 -0.0025535526666668
385 -0.0024645526666668
386 -0.0012970526666668
387 -0.0004147526666668
388 0.0010202473333332
389 0.0034100473333332
390 0.0017363473333332
391 0.0045222473333332
392 0.0130765473333332
393 0.0151235473333332
394 0.0097155473333332
395 0.0091246473333332
396 0.0102961473333332
397 0.0152088473333332
398 0.0011370473333332
399 -0.0030682526666668
400 0.0011626473333332
401 0.0011534473333332
402 0.0003126473333332
403 -0.0012733526666668
404 -0.0015990526666668
405 -0.0049362526666668
406 -0.0060140526666668
407 -0.0071066526666668
408 -0.0070946526666668
409 -0.0067732526666668
410 -0.0133586526666668
411 -0.0007792526666668
412 -0.0007838526666668
413 -0.0008334526666668
414 0.0010583473333332
415 0.0000783473333332
416 0.0015280473333332
417 0.0013317473333332
418 0.0024176473333332
419 0.0155275473333332
420 0.0196395473333332
421 0.0082984473333332
422 0.0017915473333332
423 0.0012434473333332
424 -0.0028040526666668
425 -0.0001935526666668
426 -0.0004420526666668
427 -0.0055128526666668
428 -0.0029589526666668
429 -0.0069494526666668
430 -0.0082411526666668
431 -0.0060049526666668
432 -0.0030204526666668
433 0.0004565473333332
434 -0.0033118526666668
435 -0.0007122526666668
436 -0.0004264526666668
437 0.0034954473333332
438 0.0016999473333332
439 -0.0039456526666668
440 0.0031694473333332
441 0.0020287473333332
442 -0.0004641526666668
443 0.0044101473333332
444 0.0055526473333332
445 0.0063041473333332
446 0.0072033473333332
447 0.0063236473333332
448 0.0001158473333332
449 -0.0012013526666668
450 -0.0009233526666668
451 -0.0034723526666668
452 -0.0076467526666668
453 -0.0133925526666668
454 -0.0159542526666668
455 -0.0136045526666668
456 -0.0066470526666668
457 -0.0065043526666668
458 -0.0039659526666668
459 0.0028797473333332
460 0.0037721473333332
461 -0.0002739526666668
462 0.0038021473333332
463 -0.0007197526666668
464 -0.0037017526666668
465 0.0033686473333332
466 -0.0001092526666668
467 -0.0038507526666668
468 -0.0009874526666668
469 -0.0017111526666668
470 0.0009421473333332
471 0.0034582473333332
472 -0.0000174526666668
473 0.0017059473333332
474 0.0027486473333332
475 0.0075716473333332
476 0.0112728473333332
477 0.0001034473333332
478 -0.0017263526666668
479 0.0010727473333332
480 0.0052349473333332
481 0.0061763473333332
482 0.0050605473333332
483 0.0023494473333332
484 -0.0031141526666668
485 -0.0078122526666668
486 -0.0046660526666668
487 -0.0039110526666668
488 -0.0072828526666668
489 -0.0052515526666668
490 -0.0067460526666668
491 0.0014105473333332
492 0.0008983473333332
493 0.0004797473333332
494 0.0052877473333332
495 0.0024056473333332
496 0.0043885473333332
497 0.0031987473333332
498 -0.0040245526666668
499 -0.0059290526666668
500 -0.0089081526666668
501 -0.0086510526666668
502 0.0012221473333332
503 0.0064930473333332
504 -0.0014401526666668
505 0.0011041473333332
506 0.0064676473333332
507 0.0061549473333332
508 -0.0011519526666668
509 -0.0056816526666668
510 -0.0025828526666668
511 -0.0012968526666668
512 0.0029057473333332
513 0.0019146473333332
514 -0.0007564526666668
515 0.0042806473333332
516 0.0039521473333332
517 -0.0059358526666668
518 0.0003358473333332
519 -0.0014173526666668
520 -0.0067448526666668
521 -0.0093634526666668
522 -0.0085037526666668
523 -0.0053992526666668
524 0.0005224473333332
525 -0.0000247526666668
526 -0.0035392526666668
527 -0.0036004526666668
528 0.0007355473333332
529 -0.0016431526666668
530 0.0017573473333332
531 -0.0034713526666668
532 -0.0077223526666668
533 -0.0081358526666668
534 -0.0075103526666668
535 -0.0037525526666668
536 0.0036325473333332
537 -0.0013048526666668
538 0.0023532473333332
539 0.0081734473333332
540 0.0119426473333332
541 0.0072624473333332
542 0.0038812473333332
543 0.0043462473333332
544 -0.0040628526666668
545 -0.0020344526666668
546 0.0078548473333332
547 -0.0019874526666668
548 -0.0034667526666668
549 -0.0030498526666668
550 -0.0012366526666668
551 -0.0083985526666668
552 -0.0148511526666668
553 -0.0129478526666668
554 -0.0094062526666668
555 -0.0119196526666668
556 -0.0024762526666668
557 -0.0001773526666668
558 -0.0036715526666668
559 -0.0008584526666668
560 0.0016293473333332
561 -0.0026620526666668
562 -0.0082037526666668
563 -0.0104201526666668
564 -0.0150423526666668
565 -0.0075239526666668
566 -0.0079115526666668
567 -0.0060852526666668
568 -0.0073868526666668
569 -0.0029180526666668
570 0.0065331473333332
571 0.0096337473333332
572 0.0093019473333332
573 0.0046252473333332
574 0.0048342473333332
575 0.0000627473333332
576 0.0007360473333332
577 -0.0001966526666668
578 0.0020056473333332
579 0.0025936473333332
580 0.0033668473333332
581 0.0033471473333332
582 0.0044617473333332
583 -0.0061931526666668
584 -0.0057711526666668
585 -0.0047558526666668
586 -0.0059189526666668
587 -0.0076635526666668
588 -0.0080565526666668
589 -0.0095979526666668
590 -0.0118284526666668
591 -0.0076334526666668
592 -0.0141419526666668
593 -0.0134137526666668
594 -0.0107487526666668
595 -0.0097033526666668
596 -0.0089914526666668
597 -0.0082711526666668
598 -0.0083520526666668
599 -0.0060816526666668
600 -0.0089200526666668
1 0.5892604473333332
2 0.4318623473333332
3 0.3252282473333332
4 0.2124832473333332
5 0.1440167473333332
6 0.0906556473333332
7 0.0734149473333332
8 0.0474028473333332
9 0.0311719473333332
10 0.0262207473333332
11 0.0188900473333332
12 0.0139251473333332
13 0.0102758473333332
14 0.0122009473333332
15 0.0059150473333332
16 0.0074642473333332
17 0.0101267473333332
18 0.0102982473333332
19 0.0044784473333332
20 0.0113554473333332
21 0.0023646473333332
22 -0.0046807526666668
23 0.0028377473333332
24 0.0056166473333332
25 0.0045784473333332
26 0.0057450473333332
27 0.0070467473333332
28 0.0037957473333332
29 0.0031981473333332
30 0.0002329473333332
31 0.0014761473333332
32 0.0086944473333332
33 0.0040045473333332
34 0.0002386473333332
35 0.0012700473333332
36 -0.0009037526666668
37 0.0077158473333332
38 -0.0024830526666668
39 -0.0070616526666668
40 -0.0045694526666668
41 -0.0058613526666668
42 -0.0011375526666668
43 0.0021373473333332
44 0.0098665473333332
45 0.0064596473333332
46 0.0146550473333332
47 0.0177575473333332
48 0.0070807473333332
49 0.0032676473333332
50 0.0065052473333332
51 0.0071742473333332
52 0.0042248473333332
53 -0.0032220526666668
54 -0.0057356526666668
55 0.0036175473333332
56 -0.0043490526666668
57 -0.0024109526666668
58 -0.0088913526666668
59 -0.0075509526666668
60 0.0064434473333332
61 0.0064805473333332
62 0.0078605473333332
63 0.0046859473333332
64 -0.0039821526666668
65 -0.0034516526666668
66 0.0033902473333332
67 0.0070278473333332
68 0.0021944473333332
69 -0.0012570526666668
70 -0.0047196526666668
71 0.0057550473333332
72 -0.0044798526666668
73 -0.0049344526666668
74 -0.0032719526666668
75 0.0017438473333332
76 0.0067762473333332
77 0.0110996473333332
78 0.0054677473333332
79 0.0028247473333332
80 -0.0009390526666668
81 -0.0003792526666668
82 -0.0001636526666668
83 0.0053975473333332
84 -0.0034893526666668
85 -0.0024744526666668
86 0.0011019473333332
87 0.0041567473333332
88 0.0038003473333332
89 0.0054125473333332
90 0.0001000473333332
91 -0.0031736526666668
92 -0.0066760526666668
93 -0.0078780526666668
94 0.0013477473333332
95 0.0017073473333332
96 -0.0012257526666668
97 -0.0074075526666668
98 -0.0066334526666668
99 -0.0049519526666668
100 0.0046074473333332
101 0.0084481473333332
102 0.0111118473333332
103 0.0075205473333332
104 0.0116672473333332
105 -0.0009183526666668
106 -0.0019487526666668
107 -0.0000804526666668
108 0.0046426473333332
109 0.0031561473333332
110 -0.0027739526666668
111 0.0003167473333332
112 0.0016914473333332
113 -0.0015072526666668
114 0.0026881473333332
115 0.0017842473333332
116 0.0025750473333332
117 0.0010820473333332
118 -0.0076467526666668
119 -0.0010559526666668
120 0.0056575473333332
121 -0.0035312526666668
122 -0.0094925526666668
123 -0.0100422526666668
124 -0.0107553526666668
125 -0.0148872526666668
126 -0.0143435526666668
127 -0.0080917526666668
128 -0.0064409526666668
129 -0.0042455526666668
130 -0.0058990526666668
131 -0.0040429526666668
132 -0.0053307526666668
133 0.0013714473333332
134 0.0081034473333332
135 0.0109202473333332
136 0.0047146473333332
137 0.0010951473333332
138 0.0040894473333332
139 -0.0041657526666668
140 -0.0029771526666668
141 -0.0008390526666668
142 0.0043578473333332
143 -0.0013171526666668
144 -0.0012800526666668
145 0.0010866473333332
146 0.0019897473333332
147 0.0019391473333332
148 -0.0008923526666668
149 0.0020021473333332
150 0.0033614473333332
151 0.0016133473333332
152 -0.0022700526666668
153 0.0016947473333332
154 -0.0063393526666668
155 -0.0151837526666668
156 -0.0115540526666668
157 -0.0089110526666668
158 -0.0010952526666668
159 0.0060207473333332
160 0.0002047473333332
161 0.0086473473333332
162 0.0033925473333332
163 -0.0029957526666668
164 -0.0016740526666668
165 -0.0087307526666668
166 -0.0051768526666668
167 -0.0031643526666668
168 0.0006069473333332
169 -0.0002459526666668
170 -0.0045767526666668
171 -0.0034466526666668
172 -0.0024812526666668
173 0.0010519473333332
174 0.0044429473333332
175 0.0051994473333332
176 0.0044345473333332
177 -0.0011079526666668
178 -0.0068189526666668
179 -0.0064630526666668
180 -0.0102513526666668
181 -0.0034790526666668
182 0.0051022473333332
183 0.0035304473333332
184 0.0053384473333332
185 0.0016484473333332
186 0.0011229473333332
187 0.0045666473333332
188 0.0053084473333332
189 0.0089732473333332
190 0.0044010473333332
191 0.0024868473333332
192 0.0052208473333332
193 0.0038984473333332
194 0.0088684473333332
195 0.0036079473333332
196 0.0060097473333332
197 0.0091485473333332
198 0.0064505473333332
199 0.0019144473333332
200 0.0060574473333332
201 0.0141915473333332
202 0.0125606473333332
203 0.0105129473333332
204 0.0092504473333332
205 0.0092155473333332
206 0.0160786473333332
207 0.0126685473333332
208 0.0087546473333332
209 0.0078989473333332
210 0.0090051473333332
211 0.0096342473333332
212 0.0101248473333332
213 0.0033421473333332
214 -0.0042807526666668
215 -0.0089857526666668
216 -0.0034903526666668
217 0.0004725473333332
218 0.0055413473333332
219 -0.0024644526666668
220 -0.0037408526666668
221 -0.0015529526666668
222 0.0019051473333332
223 0.0010651473333332
224 0.0046004473333332
225 0.0004969473333332
226 -0.0056915526666668
227 0.0036151473333332
228 0.0007242473333332
229 -0.0021829526666668
230 -0.0048967526666668
231 -0.0093868526666668
232 -0.0004515526666668
233 -0.0005629526666668
234 -0.0089273526666668
235 -0.0142407526666668
236 -0.0086705526666668
237 -0.0133722526666668
238 -0.0110483526666668
239 -0.0110345526666668
240 -0.0145613526666668
241 -0.0119231526666668
242 -0.0119538526666668
243 -0.0103552526666668
244 -0.0013676526666668
245 0.0018155473333332
246 -0.0016724526666668
247 -0.0017685526666668
248 -0.0107557526666668
249 -0.0135920526666668
250 -0.0083211526666668
251 -0.0049634526666668
252 -0.0029464526666668
253 0.0060007473333332
254 0.0053509473333332
255 -0.0010790526666668
256 0.0022410473333332
257 0.0054201473333332
258 0.0055159473333332
259 0.0023889473333332
260 0.0021000473333332
261 0.0105376473333332
262 0.0061686473333332
263 0.0029063473333332
264 -0.0025152526666668
265 -0.0055139526666668
266 -0.0045067526666668
267 -0.0009914526666668
268 -0.0015949526666668
269 -0.0013012526666668
270 -0.0058213526666668
271 -0.0035888526666668
272 -0.0032259526666668
273 -0.0040860526666668
274 -0.0034090526666668
275 -0.0053102526666668
276 -0.0021121526666668
277 -0.0017934526666668
278 0.0004818473333332
279 -0.0040793526666668
280 0.0047781473333332
281 0.0138011473333332
282 0.0096332473333332
283 0.0069649473333332
284 0.0091253473333332
285 0.0168775473333332
286 0.0169459473333332
287 0.0074968473333332
288 0.0100701473333332
289 0.0062867473333332
290 0.0070087473333332
291 0.0075427473333332
292 0.0015035473333332
293 0.0090669473333332
294 0.0153727473333332
295 0.0225415473333332
296 0.0157864473333332
297 0.0094527473333332
298 0.0103704473333332
299 0.0179744473333332
300 0.0135710473333332
301 0.0138882473333332
302 0.0149590473333332
303 0.0038382473333332
304 0.0020669473333332
305 0.0073518473333332
306 0.0169504473333332
307 0.0113892473333332
308 0.0147924473333332
309 0.0107727473333332
310 0.0056023473333332
311 0.0068530473333332
312 0.0105022473333332
313 0.0072053473333332
314 -0.0010569526666668
315 -0.0080448526666668
316 -0.0089548526666668
317 -0.0062560526666668
318 -0.0013098526666668
319 -0.0048549526666668
320 -0.0056560526666668
321 0.0000634473333332
322 0.0037980473333332
323 0.0089251473333332
324 0.0174455473333332
325 0.0067936473333332
326 0.0000089473333332
327 0.0008666473333332
328 -0.0019077526666668
329 -0.0004118526666668
330 -0.0020855526666668
331 -0.0038241526666668
332 -0.0008974526666668
333 0.0008308473333332
334 0.0032023473333332
335 0.0019872473333332
336 0.0154295473333332
337 0.0160788473333332
338 0.0125548473333332
339 -0.0006330526666668
340 -0.0087637526666668
341 -0.0088076526666668
342 -0.0092128526666668
343 -0.0068135526666668
344 -0.0164173526666668
345 -0.0167972526666668
346 -0.0137413526666668
347 -0.0066627526666668
348 -0.0064476526666668
349 -0.0078811526666668
350 -0.0112472526666668
351 -0.0149626526666668
352 -0.0134309526666668
353 -0.0090948526666668
354 -0.0104696526666668
355 -0.0040550526666668
356 -0.0023877526666668
357 0.0039965473333332
358 0.0051117473333332
359 0.0067967473333332
360 0.0091699473333332
361 0.0043045473333332
362 0.0052834473333332
363 0.0021689473333332
364 0.0036139473333332
365 -0.0010549526666668
366 -0.0085077526666668
367 -0.0001258526666668
368 0.0021056473333332
369 -0.0018808526666668
370 -0.0021258526666668
371 0.0006049473333332
372 0.0043525473333332
373 0.0039823473333332
374 -0.0005618526666668
375 -0.0036594526666668
376 -0.0021005526666668
377 -0.0028073526666668
378 -0.0077482526666668
379 -0.0086039526666668
380 0.0003444473333332
381 0.0117748473333332
382 0.0108269473333332
383 0.0001534473333332
384 -0.0046524526666668
385 0.0016906473333332
386 0.0068559473333332
387 0.0065775473333332
388 0.0133918473333332
389 0.0049504473333332
390 0.0028383473333332
391 0.0102725473333332
392 0.0192708473333332
393 0.0109981473333332
394 0.0042044473333332
395 0.0103889473333332
396 0.0057848473333332
397 0.0035892473333332
398 0.0018827473333332
399 0.0061442473333332
400 0.0010343473333332
401 0.0029749473333332
402 -0.0007676526666668
403 -0.0036410526666668
404 -0.0001907526666668
405 0.0002264473333332
406 0.0036861473333332
407 0.0075708473333332
408 0.0065384473333332
409 0.0008162473333332
410 0.0030606473333332
411 0.0062878473333332
412 0.0036922473333332
413 -0.0059584526666668
414 -0.0077186526666668
415 -0.0013040526666668
416 0.0015787473333332
417 0.0036538473333332
418 -0.0003584526666668
419 -0.0029106526666668
420 -0.0017228526666668
421 -0.0033919526666668
422 0.0014070473333332
423 -0.0010040526666668
424 -0.0028059526666668
425 -0.0062262526666668
426 -0.0105339526666668
427 -0.0067245526666668
428 -0.0030268526666668
429 -0.0050873526666668
430 -0.0113044526666668
431 -0.0091867526666668
432 -0.0027065526666668
433 -0.0017392526666668
434 0.0008379473333332
435 -0.0012175526666668
436 0.0026378473333332
437 0.0033370473333332
438 -0.0003046526666668
439 -0.0054443526666668
440 -0.0051147526666668
441 -0.0072028526666668
442 -0.0097805526666668
443 -0.0066367526666668
444 -0.0070002526666668
445 -0.0053207526666668
446 -0.0054397526666668
447 -0.0047263526666668
448 -0.0041524526666668
449 -0.0049570526666668
450 -0.0064200526666668
451 -0.0030651526666668
452 -0.0064988526666668
453 -0.0077789526666668
454 -0.0105126526666668
455 -0.0085749526666668
456 0.0024871473333332
457 0.0058260473333332
458 0.0119038473333332
459 0.0178574473333332
460 0.0169785473333332
461 0.0120048473333332
462 0.0087568473333332
463 0.0109843473333332
464 0.0139114473333332
465 0.0164940473333332
466 0.0110705473333332
467 0.0076814473333332
468 0.0093158473333332
469 0.0044935473333332
470 0.0032354473333332
471 0.0012665473333332
472 -0.0061707526666668
473 -0.0004742526666668
474 0.0044387473333332
475 0.0045552473333332
476 0.0022142473333332
477 0.0010844473333332
478 0.0010190473333332
479 -0.0028881526666668
480 -0.0022622526666668
481 0.0003061473333332
482 0.0046720473333332
483 -0.0022088526666668
484 0.0085648473333332
485 0.0058043473333332
486 0.0057726473333332
487 0.0124215473333332
488 0.0103458473333332
489 0.0039139473333332
490 -0.0023499526666668
491 -0.0011388526666668
492 -0.0060926526666668
493 -0.0013947526666668
494 -0.0064637526666668
495 -0.0033411526666668
496 -0.0013037526666668
497 0.0010418473333332
498 0.0078313473333332
499 0.0144222473333332
500 0.0132349473333332
501 0.0024667473333332
502 0.0014374473333332
503 0.0102352473333332
504 0.0115213473333332
505 0.0188697473333332
506 0.0119723473333332
507 0.0080105473333332
508 0.0180640473333332
509 0.0063504473333332
510 -0.0043073526666668
511 -0.0088075526666668
512 -0.0052580526666668
513 -0.0068251526666668
514 -0.0107732526666668
515 -0.0119077526666668
516 -0.0092776526666668
517 -0.0085117526666668
518 -0.0021595526666668
519 -0.0022789526666668
520 -0.0023292526666668
521 -0.0013782526666668
522 -0.0026007526666668
523 0.0025136473333332
524 0.0020784473333332
525 0.0006532473333332
526 -0.0022518526666668
527 -0.0033887526666668
528 -0.0074202526666668
529 -0.0156906526666668
530 -0.0133152526666668
531 -0.0081660526666668
532 -0.0102572526666668
533 -0.0139226526666668
534 -0.0094793526666668
535 -0.0075928526666668
536 -0.0124210526666668
537 -0.0119592526666668
538 -0.0094734526666668
539 -0.0157986526666668
540 -0.0177919526666668
541 -0.0122924526666668
542 0.0025306473333332
543 0.0016095473333332
544 0.0067580473333332
545 0.0105175473333332
546 0.0125269473333332
547 0.0059516473333332
548 -0.0048397526666668
549 -0.0005670526666668
550 0.0057849473333332
551 0.0049764473333332
552 0.0050108473333332
553 0.0011100473333332
554 -0.0010921526666668
555 -0.0033220526666668
556 0.0013524473333332
557 -0.0012187526666668
558 -0.0009385526666668
559 0.0075127473333332
560 0.0057446473333332
561 -0.0040546526666668
562 -0.0083871526666668
563 -0.0012973526666668
564 0.0020880473333332
565 0.0040861473333332
566 0.0043393473333332
567 0.0008761473333332
568 0.0006803473333332
569 0.0045398473333332
570 0.0073139473333332
571 0.0010475473333332
572 -0.0040290526666668
573 -0.0026412526666668
574 -0.0066315526666668
575 -0.0100558526666668
576 -0.0036224526666668
577 -0.0096238526666668
578 -0.0064785526666668
579 -0.0027248526666668
580 -0.0077656526666668
581 -0.0043846526666668
582 -0.0059413526666668
583 0.0002856473333332
584 0.0128842473333332
585 0.0188402473333332
586 0.0092601473333332
587 0.0036537473333332
588 0.0035307473333332
589 0.0069339473333332
590 0.0037858473333332
591 0.0061182473333332
592 0.0022176473333332
593 -0.0027873526666668
594 -0.0043730526666668
595 -0.0042252526666668
596 -0.0060243526666668
597 -0.0088829526666668
598 -0.0112599526666668
599 -0.0125359526666668
600 -0.0162670526666668
1 0.6997501473333332
2 0.3832623473333332
3 0.2683914473333332
4 0.1988519473333332
5 0.1615954473333332
6 0.1242752473333332
7 0.0911983473333332
8 0.0690312473333332
9 0.0507775473333332
10 0.0306712473333332
11 0.0201968473333332
12 0.0197382473333332
13 0.0178645473333332
14 0.0098523473333332
15 0.0070141473333332
16 0.0013387473333332
17 -0.0170944526666668
18 -0.0111042526666668
19 -0.0093661526666668
20 -0.0014527526666668
21 -0.0054604526666668
22 -0.0063089526666668
23 -0.0051173526666668
24 0.0043600473333332
25 0.0064873473333332
26 0.0027763473333332
27 0.0042257473333332
28 0.0025859473333332
29 -0.0005130526666668
30 -0.0005920526666668
31 -0.0023026526666668
32 -0.0065558526666668
33 -0.0093205526666668
34 -0.0045950526666668
35 0.0002951473333332
36 0.0037162473333332
37 0.0004718473333332
38 -0.0054228526666668
39 -0.0114716526666668
40 -0.0116884526666668
41 -0.0104784526666668
42 -0.0120405526666668
43 -0.0105772526666668
44 -0.0009162526666668
45 0.0012474473333332
46 -0.0043480526666668
47 -0.0050133526666668
48 -0.0035568526666668
49 -0.0059859526666668
50 -0.0043834526666668
51 -0.0005673526666668
52 -0.0077308526666668
53 -0.0004031526666668
54 0.0007016473333332
55 -0.0014655526666668
56 -0.0076760526666668
57 -0.0029493526666668
58 0.0025670473333332
59 0.0136736473333332
60 0.0125061473333332
61 0.0086282473333332
62 0.0087558473333332
63 0.0065801473333332
64 0.0053636473333332
65 -0.0007635526666668
66 -0.0057057526666668
67 -0.0116854526666668
68 -0.0107746526666668
69 -0.0079038526666668
70 -0.0093778526666668
71 -0.0096135526666668
72 -0.0027053526666668
73 -0.0071060526666668
74 -0.0053133526666668
75 -0.0041278526666668
76 -0.0038321526666668
77 -0.0000433526666668
78 0.0033722473333332
79 -0.0004738526666668
80 -0.0010871526666668
81 0.0036573473333332
82 0.0031560473333332
83 0.0046411473333332
84 0.0225306473333332
85 0.0219423473333332
86 0.0003814473333332
87 -0.0057790526666668
88 -0.0062957526666668
89 -0.0051052526666668
90 -0.0038545526666668
91 -0.0019288526666668
92 -0.0057759526666668
93 -0.0028036526666668
94 -0.0031042526666668
95 0.0005332473333332
96 0.0011481473333332
97 -0.0012443526666668
98 0.0088248473333332
99 0.0058696473333332
100 0.0001694473333332
101 0.0104891473333332
102 0.0063433473333332
103 0.0029564473333332
104 -0.0010327526666668
105 -0.0026855526666668
106 0.0018483473333332
107 0.0069966473333332
108 0.0012098473333332
109 -0.0042364526666668
110 -0.0024137526666668
111 0.0016736473333332
112 0.0009717473333332
113 -0.0032143526666668
114 0.0022339473333332
115 0.0058048473333332
116 0.0091252473333332
117 0.0098775473333332
118 0.0025359473333332
119 -0.0027988526666668
120 -0.0031650526666668
121 -0.0128772526666668
122 -0.0118923526666668
123 -0.0100090526666668
124 -0.0022402526666668
125 -0.0008829526666668
126 0.0038849473333332
127 -0.0032038526666668
128 -0.0077215526666668
129 -0.0069747526666668
130 0.0048310473333332
131 0.0100354473333332
132 0.0124410473333332
133 0.0121692473333332
134 0.0102921473333332
135 0.0153808473333332
136 0.0138995473333332
137 0.0082644473333332
138 0.0064633473333332
139 0.0033085473333332
140 -0.0013660526666668
141 -0.0083153526666668
142 -0.0006916526666668
143 0.0006129473333332
144 0.0013151473333332
145 0.0038998473333332
146 0.0043843473333332
147 0.0124656473333332
148 0.0066588473333332
149 0.0016800473333332
150 0.0014972473333332
151 0.0078431473333332
152 0.0087982473333332
153 0.0092765473333332
154 0.0111694473333332
155 -0.0010178526666668
156 -0.0023828526666668
157 -0.0031899526666668
158 -0.0039189526666668
159 -0.0028405526666668
160 -0.0044251526666668
161 -0.0050672526666668
162 -0.0074683526666668
163 -0.0110253526666668
164 -0.0048607526666668
165 0.0025573473333332
166 0.0006798473333332
167 -0.0034093526666668
168 -0.0017346526666668
169 0.0033735473333332
170 0.0037691473333332
171 -0.0003101526666668
172 -0.0047160526666668
173 -0.0115966526666668
174 -0.0112704526666668
175 -0.0105614526666668
176 -0.0099069526666668
177 -0.0105574526666668
178 -0.0135114526666668
179 -0.0122510526666668
180 -0.0175304526666668
181 -0.0170542526666668
182 -0.0093129526666668
183 -0.0073480526666668
184 -0.0090444526666668
185 -0.0129075526666668
186 -0.0138674526666668
187 -0.0073319526666668
188 -0.0031819526666668
189 0.0022191473333332
190 0.0033153473333332
191 0.0034179473333332
192 -0.0019609526666668
193 -0.0052315526666668
194 -0.0117879526666668
195 -0.0086904526666668
196 -0.0118257526666668
197 -0.0112979526666668
198 -0.0115690526666668
199 -0.0108519526666668
200 -0.0119495526666668
201 -0.0073617526666668
202 -0.0018185526666668
203 -0.0030870526666668
204 -0.0014726526666668
205 -0.0005993526666668
206 0.0072309473333332
207 0.0037504473333332
208 -0.0007854526666668
209 0.0017153473333332
210 -0.0008763526666668
211 -0.0009443526666668
212 0.0031214473333332
213 0.0020939473333332
214 -0.0062618526666668
215 -0.0107358526666668
216 -0.0171531526666668
217 -0.0126031526666668
218 -0.0059514526666668
219 0.0011640473333332
220 0.0018567473333332
221 -0.0104628526666668
222 -0.0129784526666668
223 -0.0120114526666668
224 -0.0139265526666668
225 -0.0139554526666668
226 -0.0090213526666668
227 -0.0034437526666668
228 0.0033118473333332
229 0.0031612473333332
230 0.0055990473333332
231 0.0107886473333332
232 0.0099312473333332
233 0.0093700473333332
234 0.0156036473333332
235 0.0104574473333332
236 0.0055857473333332
237 0.0121244473333332
238 0.0158970473333332
239 0.0130764473333332
240 0.0091364473333332
241 0.0118593473333332
242 0.0139782473333332
243 0.0169948473333332
244 0.0216636473333332
245 0.0201643473333332
246 0.0069429473333332
247 0.0120224473333332
248 0.0122485473333332
249 0.0149839473333332
250 0.0064750473333332
251 0.0066514473333332
252 0.0035233473333332
253 0.0011871473333332
254 0.0038383473333332
255 0.0033398473333332
256 0.0046194473333332
257 0.0094610473333332
258 0.0153973473333332
259 0.0107248473333332
260 0.0109660473333332
261 0.0042608473333332
262 0.0002737473333332
263 -0.0082187526666668
264 -0.0051032526666668
265 0.0001131473333332
266 -0.0021512526666668
267 -0.0081630526666668
268 -0.0037120526666668
269 -0.0017504526666668
270 -0.0015993526666668
271 0.0048121473333332
272 0.0042508473333332
273 0.0055995473333332
274 0.0119643473333332
275 0.0074967473333332
276 0.0042724473333332
277 0.0086918473333332
278 0.0089234473333332
279 0.0163003473333332
280 0.0158350473333332
281 0.0185676473333332
282 0.0107884473333332
283 0.0068558473333332
284 0.0026229473333332
285 -0.0024112526666668
286 -0.0037958526666668
287 -0.0118484526666668
288 -0.0184444526666668
289 -0.0151474526666668
290 -0.0096491526666668
291 -0.0055353526666668
292 -0.0064044526666668
293 -0.0076255526666668
294 -0.0100427526666668
295 -0.0097476526666668
296 -0.0118827526666668
297 -0.0075487526666668
298 -0.0024055526666668
299 -0.0018037526666668
300 0.0043865473333332
301 0.0084917473333332
302 0.0038618473333332
303 -0.0023219526666668
304 -0.0020472526666668
305 -0.0024844526666668
306 -0.0055368526666668
307 -0.0017390526666668
308 -0.0033324526666668
309 0.0025918473333332
310 0.0009439473333332
311 -0.0007891526666668
312 -0.0058944526666668
313 -0.0011325526666668
314 0.0063733473333332
315 -0.0004920526666668
316 -0.0029949526666668
317 -0.0055907526666668
318 -0.0031998526666668
319 -0.0045263526666668
320 -0.0015399526666668
321 0.0034175473333332
322 -0.0037385526666668
323 -0.0085908526666668
324 -0.0101296526666668
325 -0.0114225526666668
326 -0.0089704526666668
327 -0.0056341526666668
328 -0.0050957526666668
329 -0.0139825526666668
330 -0.0141757526666668
331 -0.0125045526666668
332 -0.0123302526666668
333 -0.0181806526666668
334 -0.0155112526666668
335 -0.0144511526666668
336 -0.0131135526666668
337 -0.0118621526666668
338 -0.0114889526666668
339 -0.0111863526666668
340 -0.0110794526666668
341 -0.0119724526666668
342 -0.0088477526666668
343 -0.0153480526666668
344 -0.0147627526666668
345 -0.0033964526666668
346 0.0032615473333332
347 0.0093050473333332
348 0.0031760473333332
349 0.0054288473333332
350 0.0046890473333332
351 0.0110457473333332
352 0.0067790473333332
353 0.0049131473333332
354 -0.0004197526666668
355 -0.0045699526666668
356 -0.0034806526666668
357 0.0004393473333332
358 -0.0038551526666668
359 -0.0048952526666668
360 -0.0049383526666668
361 -0.0025796526666668
362 0.0040108473333332
363 0.0069385473333332
364 0.0086685473333332
365 -0.0034384526666668
366 0.0001453473333332
367 0.0080326473333332
368 0.0107942473333332
369 0.0084097473333332
370 0.0075420473333332
371 -0.0018775526666668
372 -0.0047594526666668
373 0.0006291473333332
374 0.0014436473333332
375 -0.0023652526666668
376 0.0033857473333332
377 0.0038640473333332
378 0.0060235473333332
379 -0.0066495526666668
380 -0.0065589526666668
381 0.0016255473333332
382 0.0045451473333332
383 0.0095794473333332
384 0.0080461473333332
385 -0.0004458526666668
386 0.0001049473333332
387 -0.0004654526666668
388 -0.0036896526666668
389 -0.0078987526666668
390 -0.0084320526666668
391 -0.0080531526666668
392 -0.0061649526666668
393 -0.0143875526666668
394 -0.0112868526666668
395 -0.0104567526666668
396 -0.0158844526666668
397 -0.0133493526666668
398 -0.0137090526666668
399 -0.0173391526666668
400 -0.0201346526666668
401 -0.0172234526666668
402 -0.0154840526666668
403 -0.0146950526666668
404 -0.0113450526666668
405 -0.0145192526666668
406 -0.0173843526666668
407 -0.0103247526666668
408 -0.0101177526666668
409 -0.0050967526666668
410 -0.0006164526666668
411 0.0046076473333332
412 0.0059798473333332
413 0.0026015473333332
414 0.0083011473333332
415 0.0082928473333332
416 0.0125029473333332
417 0.0154796473333332
418 0.0117790473333332
419 0.0096006473333332
420 0.0045944473333332
421 -0.0082617526666668
422 -0.0079170526666668
423 -0.0070237526666668
424 -0.0107497526666668
425 -0.0126356526666668
426 -0.0113534526666668
427 -0.0056388526666668
428 -0.0073739526666668
429 -0.0089818526666668
430 -0.0096883526666668
431 -0.0050755526666668
432 -0.0044293526666668
433 -0.0080615526666668
434 -0.0091995526666668
435 -0.0061564526666668
436 -0.0077440526666668
437 -0.0057128526666668
438 -0.0073261526666668
439 -0.0091839526666668
440 -0.0080215526666668
441 -0.0112004526666668
442 -0.0150097526666668
443 -0.0091104526666668
444 -0.0065435526666668
445 -0.0029200526666668
446 -0.0027218526666668
447 -0.0012666526666668
448 -0.0027128526666668
449 0.0012021473333332
450 0.0058157473333332
451 -0.0003572526666668
452 0.0005132473333332
453 -0.0017399526666668
454 0.0046428473333332
455 0.0047732473333332
456 -0.0006349526666668
457 0.0042204473333332
458 -0.0010209526666668
459 0.0000555473333332
460 -0.0015506526666668
461 -0.0054316526666668
462 -0.0064602526666668
463 -0.0103907526666668
464 -0.0026983526666668
465 -0.0074740526666668
466 -0.0046672526666668
467 -0.0074223526666668
468 -0.0076361526666668
469 -0.0025784526666668
470 -0.0028347526666668
471 -0.0035074526666668
472 -0.0014540526666668
473 0.0003791473333332
474 -0.0015816526666668
475 -0.0064736526666668
476 -0.0059666526666668
477 -0.0094713526666668
478 -0.0112886526666668
479 -0.0098368526666668
480 -0.0105279526666668
481 -0.0104832526666668
482 -0.0031881526666668
483 -0.0041906526666668
484 -0.0099711526666668
485 -0.0142826526666668
486 -0.0152219526666668
487 -0.0099908526666668
488 -0.0072674526666668
489 -0.0081212526666668
490 -0.0097142526666668
491 -0.0105560526666668
492 -0.0121911526666668
493 -0.0072629526666668
494 -0.0049299526666668
495 -0.0070125526666668
496 -0.0055162526666668
497 -0.0021939526666668
498 -0.0015890526666668
499 -0.0025408526666668
500 0.0025182473333332
501 0.0065914473333332
502 0.0081153473333332
503 0.0089773473333332
504 0.0102178473333332
505 0.0108777473333332
506 0.0069211473333332
507 -0.0006666526666668
508 -0.0074268526666668
509 -0.0043793526666668
510 -0.0070348526666668
511 -0.0066597526666668
512 -0.0080942526666668
513 -0.0070865526666668
514 -0.0009051526666668
515 0.0013358473333332
516 -0.0056764526666668
517 -0.0038048526666668
518 0.0034162473333332
519 0.0021181473333332
520 -0.0013508526666668
521 0.0029257473333332
522 0.0080553473333332
523 0.0032548473333332
524 0.0007151473333332
525 0.0103895473333332
526 0.0121970473333332
527 0.0193593473333332
528 0.0250642473333332
529 0.0121820473333332
530 0.0060642473333332
531 0.0132541473333332
532 0.0074918473333332
533 0.0028800473333332
534 0.0078148473333332
535 0.0034886473333332
536 0.0058425473333332
537 0.0102571473333332
538 0.0033839473333332
539 -0.0018489526666668
540 0.0010466473333332
541 0.0118058473333332
542 0.0072438473333332
543 0.0044816473333332
544 0.0000489473333332
545 -0.0042623526666668
546 -0.0042383526666668
547 -0.0041638526666668
548 -0.0082497526666668
549 -0.0062413526666668
550 -0.0079837526666668
551 -0.0083815526666668
552 0.0029452473333332
553 0.0188956473333332
554 0.0218569473333332
555 0.0136841473333332
556 0.0151653473333332
557 0.0150353473333332
558 0.0148002473333332
559 0.0155003473333332
560 0.0069531473333332
561 0.0146766473333332
562 0.0183187473333332
563 0.0142133473333332
564 0.0099352473333332
565 0.0071200473333332
566 0.0001561473333332
567 -0.0010342526666668
568 -0.0009356526666668
569 0.0027282473333332
570 0.0005283473333332
571 -0.0064534526666668
572 -0.0019793526666668
573 0.0053569473333332
574 0.0081230473333332
575 0.0058945473333332
576 0.0036645473333332
577 -0.0040385526666668
578 -0.0030339526666668
579 -0.0016595526666668
580 -0.0061702526666668
581 -0.0092896526666668
582 -0.0113138526666668
583 -0.0055556526666668
584 -0.0001396526666668
585 0.0062068473333332
586 -0.0044128526666668
587 -0.0020149526666668
588 -0.0029775526666668
589 -0.0047415526666668
590 -0.0021635526666668
591 0.0021510473333332
592 -0.0043594526666668
593 -0.0115249526666668
594 -0.0109165526666668
595 -0.0054919526666668
596 -0.0058936526666668
597 -0.0018227526666668
598 0.0017247473333332
599 -0.0024329526666668
600 -0.0096144526666668
1 0.6130199473333333
2 0.3887354473333332
3 0.3132875473333332
4 0.2606388473333332
5 0.1686242473333332
6 0.1286837473333332
7 0.0877531473333332
8 0.0790412473333332
9 0.0654415473333332
10 0.0523875473333332
11 0.0328280473333332
12 0.0240857473333332
13 0.0121493473333332
14 0.0070190473333332
15 0.0018304473333332
16 -0.0082685526666668
17 -0.0150767526666668
18 -0.0158434526666668
19 -0.0135943526666668
20 -0.0060633526666668
21 -0.0066092526666668
22 -0.0087578526666668
23 -0.0059749526666668
24 -0.0115763526666668
25 -0.0107831526666668
26 -0.0049496526666668
27 0.0013739473333332
28 0.0004761473333332
29 -0.0080363526666668
30 -0.0074143526666668
31 0.0030095473333332
32 0.0090284473333332
33 0.0017976473333332
34 0.0026927473333332
35 0.0009968473333332
36 -0.0015850526666668
37 -0.0032515526666668
38 -0.0015693526666668
39 -0.0044703526666668
40 -0.0055606526666668
41 -0.0042551526666668
42 -0.0059831526666668
43 -0.0147255526666668
44 -0.0138174526666668
45 -0.0097439526666668
46 -0.0138743526666668
47 -0.0150399526666668
48 -0.0077336526666668
49 -0.0023511526666668
50 0.0012152473333332
51 0.0019981473333332
52 0.0023124473333332
53 0.0004352473333332
54 0.0004107473333332
55 -0.0031785526666668
56 -0.0067354526666668
57 -0.0100560526666668
58 -0.0069523526666668
59 -0.0064939526666668
60 -0.0093181526666668
61 -0.0061606526666668
62 -0.0058276526666668
63 0.0017566473333332
64 0.0044984473333332
65 0.0043931473333332
66 0.0009770473333332
67 0.0003993473333332
68 -0.0007943526666668
69 0.0091752473333332
70 -0.0017046526666668
71 -0.0024254526666668
72 0.0033648473333332
73 0.0007719473333332
74 -0.0031268526666668
75 -0.0015013526666668
76 0.0071918473333332
77 0.0014285473333332
78 -0.0012374526666668
79 0.0077020473333332
80 0.0044500473333332
81 0.0000736473333332
82 0.0031786473333332
83 0.0006117473333332
84 0.0028328473333332
85 0.0018745473333332
86 0.0078083473333332
87 0.0028480473333332
88 0.0042977473333332
89 -0.0002155526666668
90 -0.0021839526666668
91 -0.0059229526666668
92 0.0001791473333332
93 -0.0023791526666668
94 -0.0072926526666668
95 -0.0013006526666668
96 0.0011001473333332
97 0.0006332473333332
98 -0.0069551526666668
99 -0.0010048526666668
100 -0.0033551526666668
101 -0.0040071526666668
102 0.0007106473333332
103 -0.0061749526666668
104 0.0038086473333332
105 0.0054425473333332
106 0.0014166473333332
107 -0.0021772526666668
108 -0.0106119526666668
109 -0.0079319526666668
110 -0.0060235526666668
111 -0.0095697526666668
112 -0.0108253526666668
113 -0.0063616526666668
114 0.0064291473333332
115 0.0150696473333332
116 0.0169187473333332
117 0.0086477473333332
118 0.0016248473333332
119 0.0079730473333332
120 0.0053361473333332
121 0.0019339473333332
122 -0.0011035526666668
123 -0.0013034526666668
124 -0.0012093526666668
125 -0.0005012526666668
126 0.0011195473333332
127 -0.0057337526666668
128 -0.0069387526666668
129 -0.0133839526666668
130 -0.0126559526666668
131 -0.0104789526666668
132 -0.0131912526666668
133 -0.0132805526666668
134 -0.0068750526666668
135 -0.0045424526666668
136 -0.0070558526666668
137 0.0000589473333332
138 -0.0028113526666668
139 -0.0035216526666668
140 -0.0173092526666668
141 -0.0153861526666668
142 -0.0151456526666668
143 -0.0190509526666668
144 -0.0145792526666668
145 -0.0146276526666668
146 -0.0187296526666668
147 -0.0156466526666668
148 -0.0152398526666668
149 -0.0170557526666668
150 -0.0095766526666668
151 -0.0070773526666668
152 -0.0108836526666668
153 -0.0044864526666668
154 -0.0047750526666668
155 -0.0037001526666668
156 -0.0029866526666668
157 -0.0067627526666668
158 -0.0046727526666668
159 -0.0063414526666668
160 0.0074365473333332
161 0.0112923473333332
162 0.0054419473333332
163 0.0001950473333332
164 0.0009989473333332
165 0.0014806473333332
166 0.0048848473333332
167 -0.0010986526666668
168 0.0010128473333332
169 -0.0050326526666668
170 -0.0040284526666668
171 -0.0048901526666668
172 -0.0103882526666668
173 -0.0085644526666668
174 -0.0098035526666668
175 -0.0113769526666668
176 -0.0059409526666668
177 -0.0058639526666668
178 -0.0072151526666668
179 -0.0057407526666668
180 -0.0002764526666668
181 -0.0005628526666668
182 -0.0020274526666668
183 -0.0026997526666668
184 -0.0066276526666668
185 -0.0087556526666668
186 -0.0098862526666668
187 -0.0106878526666668
188 -0.0077198526666668
189 -0.0035936526666668
190 -0.0083206526666668
191 -0.0049238526666668
192 -0.0013018526666668
193 -0.0031637526666668
194 -0.0030360526666668
195 -0.0084896526666668
196 -0.0097285526666668
197 -0.0058438526666668
198 -0.0022094526666668
199 0.0046867473333332
200 0.0133286473333332
201 0.0096476473333332
202 0.0035428473333332
203 0.0025058473333332
204 0.0005305473333332
205 0.0024305473333332
206 -0.0041868526666668
207 -0.0039238526666668
208 0.0041049473333332
209 -0.0010910526666668
210 -0.0064822526666668
211 -0.0018741526666668
212 -0.0012843526666668
213 -0.0054090526666668
214 -0.0065924526666668
215 -0.0037389526666668
216 -0.0050510526666668
217 -0.0019870526666668
218 -0.0073123526666668
219 -0.0026212526666668
220 -0.0020021526666668
221 -0.0041110526666668
222 -0.0079809526666668
223 -0.0113013526666668
224 -0.0137347526666668
225 -0.0132196526666668
226 -0.0105289526666668
227 -0.0079942526666668
228 -0.0084747526666668
229 -0.0059795526666668
230 -0.0102392526666668
231 -0.0102357526666668
232 -0.0057078526666668
233 -0.0080963526666668
234 -0.0060965526666668
235 0.0052665473333332
236 0.0108801473333332
237 0.0053526473333332
238 -0.0031953526666668
239 -0.0006666526666668
240 0.0021771473333332
241 0.0010647473333332
242 -0.0006364526666668
243 -0.0001733526666668
244 0.0041658473333332
245 0.0072413473333332
246 0.0088527473333332
247 0.0090254473333332
248 0.0159949473333332
249 0.0147290473333332
250 0.0021885473333332
251 -0.0043287526666668
252 -0.0003068526666668
253 -0.0020022526666668
254 -0.0026808526666668
255 -0.0066313526666668
256 -0.0078167526666668
257 -0.0113468526666668
258 -0.0052678526666668
259 0.0013537473333332
260 0.0029692473333332
261 -0.0035952526666668
262 -0.0078602526666668
263 -0.0050341526666668
264 -0.0100934526666668
265 -0.0086666526666668
266 -0.0101195526666668
267 -0.0103279526666668
268 -0.0117868526666668
269 -0.0105005526666668
270 -0.0077200526666668
271 -0.0073902526666668
272 -0.0035285526666668
273 -0.0018657526666668
274 -0.0073623526666668
275 -0.0058620526666668
276 -0.0082813526666668
277 -0.0100201526666668
278 -0.0068688526666668
279 0.0014053473333332
280 -0.0041018526666668
281 -0.0043031526666668
282 -0.0103493526666668
283 -0.0079285526666668
284 0.0037495473333332
285 0.0072039473333332
286 0.0030096473333332
287 0.0093456473333332
288 0.0041036473333332
289 0.0011404473333332
290 -0.0009188526666668
291 0.0033292473333332
292 0.0074247473333332
293 0.0075603473333332
294 0.0119769473333332
295 0.0122066473333332
296 0.0067641473333332
297 0.0106242473333332
298 0.0089544473333332
299 0.0005944473333332
300 -0.0055015526666668
301 -0.0016406526666668
302 0.0054645473333332
303 0.0065562473333332
304 0.0054631473333332
305 0.0015041473333332
306 -0.0000332526666668
307 0.0010617473333332
308 -0.0015565526666668
309 -0.0013303526666668
310 0.0023492473333332
311 -0.0029823526666668
312 -0.0018376526666668
313 -0.0037130526666668
314 -0.0020314526666668
315 -0.0018937526666668
316 0.0008192473333332
317 -0.0029159526666668
318 -0.0021599526666668
319 -0.0034387526666668
320 -0.0047102526666668
321 0.0015969473333332
322 0.0035229473333332
323 0.0092016473333332
324 0.0119234473333332
325 0.0041588473333332
326 0.0047148473333332
327 0.0034724473333332
328 0.0011351473333332
329 -0.0033638526666668
330 0.0028155473333332
331 0.0069720473333332
332 -0.0001414526666668
333 -0.0031189526666668
334 0.0067478473333332
335 0.0115663473333332
336 0.0074699473333332
337 0.0017642473333332
338 0.0053367473333332
339 0.0133530473333332
340 0.0179843473333332
341 0.0140914473333332
342 0.0101510473333332
343 -0.0026190526666668
344 -0.0069615526666668
345 0.0022035473333332
346 -0.0025789526666668
347 -0.0063775526666668
348 -0.0094968526666668
349 -0.0064707526666668
350 -0.0083450526666668
351 -0.0068811526666668
352 -0.0045711526666668
353 0.0035395473333332
354 0.0060942473333332
355 -0.0042396526666668
356 -0.0106698526666668
357 -0.0018729526666668
358 0.0031128473333332
359 -0.0018578526666668
360 -0.0046116526666668
361 -0.0033904526666668
362 -0.0063554526666668
363 -0.0085251526666668
364 -0.0083487526666668
365 -0.0088464526666668
366 -0.0027785526666668
367 -0.0023774526666668
368 -0.0041404526666668
369 -0.0045289526666668
370 -0.0075410526666668
371 -0.0041716526666668
372 -0.0018776526666668
373 -0.0075360526666668
374 -0.0093604526666668
375 -0.0119150526666668
376 -0.0146897526666668
377 -0.0170359526666668
378 -0.0207914526666668
379 -0.0163922526666668
380 -0.0136599526666668
381 -0.0156925526666668
382 -0.0180022526666668
383 -0.0118231526666668
384 -0.0007385526666668
385 0.0083347473333332
386 0.0080355473333332
387 0.0030594473333332
388 0.0020859473333332
389 0.0023729473333332
390 0.0017903473333332
391 0.0054071473333332
392 0.0038454473333332
393 -0.0004747526666668
394 0.0022799473333332
395 0.0014558473333332
396 -0.0060320526666668
397 -0.0071227526666668
398 -0.0056479526666668
399 -0.0017041526666668
400 -0.0028333526666668
401 0.0015658473333332
402 0.0049036473333332
403 0.0098425473333332
404 0.0067700473333332
405 0.0006778473333332
406 -0.0031655526666668
407 -0.0033325526666668
408 -0.0054330526666668
409 -0.0045082526666668
410 -0.0133135526666668
411 -0.0077163526666668
412 -0.0069580526666668
413 -0.0074763526666668
414 -0.0081628526666668
415 -0.0027865526666668
416 0.0019627473333332
417 0.0035291473333332
418 0.0115635473333332
419 0.0068622473333332
420 -0.0010995526666668
421 -0.0024787526666668
422 -0.0031779526666668
423 0.0028763473333332
424 0.0022996473333332
425 0.0096394473333332
426 0.0077757473333332
427 0.0085342473333332
428 0.0117631473333332
429 0.0098664473333332
430 0.0043436473333332
431 0.0031569473333332
432 0.0063271473333332
433 0.0004514473333332
434 -0.0068778526666668
435 -0.0096135526666668
436 -0.0080254526666668
437 -0.0077064526666668
438 -0.0043380526666668
439 -0.0063010526666668
440 -0.0007126526666668
441 0.0010432473333332
442 -0.0067930526666668
443 -0.0081232526666668
444 -0.0067062526666668
445 -0.0088924526666668
446 0.0002528473333332
447 -0.0064691526666668
448 -0.0118066526666668
449 -0.0163881526666668
450 -0.0074947526666668
451 0.0060892473333332
452 0.0051703473333332
453 0.0005647473333332
454 -0.0056380526666668
455 -0.0029760526666668
456 -0.0046415526666668
457 0.0001995473333332
458 0.0022215473333332
459 -0.0008978526666668
460 -0.0004733526666668
461 0.0007884473333332
462 -0.0036993526666668
463 -0.0050254526666668
464 -0.0020574526666668
465 -0.0054841526666668
466 -0.0056159526666668
467 -0.0030498526666668
468 0.0052285473333332
469 0.0114232473333332
470 0.0023356473333332
471 0.0007055473333332
472 0.0041132473333332
473 0.0009176473333332
474 0.0004200473333332
475 0.0026876473333332
476 0.0028165473333332
477 0.0001421473333332
478 -0.0043070526666668
479 -0.0031070526666668
480 -0.0022699526666668
481 -0.0032450526666668
482 -0.0058872526666668
483 -0.0016243526666668
484 0.0070370473333332
485 0.0070457473333332
486 0.0051976473333332
487 0.0121712473333332
488 0.0124291473333332
489 0.0006626473333332
490 -0.0057479526666668
491 -0.0056206526666668
492 -0.0121390526666668
493 -0.0083704526666668
494 -0.0024599526666668
495 -0.0046564526666668
496 0.0012884473333332
497 0.0029111473333332
498 0.0052821473333332
499 0.0024961473333332
500 -0.0022071526666668
501 -0.0034025526666668
502 0.0006220473333332
503 0.0062673473333332
504 0.0014535473333332
505 0.0076717473333332
506 0.0017509473333332
507 0.0040622473333332
508 0.0147314473333332
509 0.0144232473333332
510 0.0159976473333332
511 0.0139909473333332
512 0.0038127473333332
513 0.0104815473333332
514 0.0106335473333332
515 0.0080341473333332
516 0.0042831473333332
517 0.0064133473333332
518 0.0016231473333332
519 -0.0036108526666668
520 -0.0001616526666668
521 0.0058989473333332
522 0.0060706473333332
523 0.0002597473333332
524 0.0017601473333332
525 0.0020392473333332
526 0.0068220473333332
527 0.0026398473333332
528 0.0080826473333332
529 -0.0053927526666668
530 -0.0035257526666668
531 -0.0092367526666668
532 -0.0103827526666668
533 -0.0088265526666668
534 -0.0114601526666668
535 -0.0060971526666668
536 -0.0040590526666668
537 -0.0021473526666668
538 0.0022192473333332
539 -0.0063960526666668
540 -0.0063179526666668
541 -0.0124282526666668
542 -0.0112818526666668
543 -0.0019995526666668
544 0.0081893473333332
545 0.0037331473333332
546 0.0027842473333332
547 0.0026543473333332
548 0.0023745473333332
549 0.0050116473333332
550 0.0068751473333332
551 0.0038244473333332
552 0.0021250473333332
553 -0.0074783526666668
554 -0.0065695526666668
555 -0.0088500526666668
556 -0.0140856526666668
557 -0.0074577526666668
558 -0.0054079526666668
559 -0.0026430526666668
560 -0.0068210526666668
561 -0.0049295526666668
562 -0.0094228526666668
563 -0.0065359526666668
564 0.0035917473333332
565 0.0047239473333332
566 0.0006069473333332
567 0.0057545473333332
568 0.0074243473333332
569 -0.0008315526666668
570 -0.0025549526666668
571 -0.0005233526666668
572 0.0005554473333332
573 0.0008994473333332
574 -0.0005353526666668
575 -0.0016701526666668
576 -0.0047025526666668
577 -0.0005868526666668
578 0.0011738473333332
579 -0.0040894526666668
580 -0.0054734526666668
581 -0.0027237526666668
582 -0.0022000526666668
583 -0.0034940526666668
584 -0.0048925526666668
585 -0.0127405526666668
586 -0.0142595526666668
587 -0.0092929526666668
588 -0.0100279526666668
589 -0.0130891526666668
590 -0.0103326526666668
591 -0.0174916526666668
592 -0.0137597526666668
593 -0.0066028526666668
594 -0.0134277526666668
595 -0.0159205526666668
596 -0.0109594526666668
597 -0.0052894526666668
598 0.0011761473333332
599 0.0026848473333332
600 -0.0034744526666668
