1 0.3435370010000000
2 0.1628487010000000
3 0.1144260010000000
4 0.0684189010000000
5 0.0518563010000000
6 0.0394019010000000
7 0.0289072010000000
8 0.0171172010000000
9 0.0059761010000000
10 0.0037665010000000
11 0.0040811010000000
12 0.0016677010000000
13 -0.0012538990000000
14 -0.0064378990000000
15 -0.0090506990000000
16 -0.0107326990000000
17 -0.0118144990000000
18 -0.0144407990000000
19 -0.0165220990000000
20 -0.0139904990000000
21 -0.0143339990000000
22 -0.0148132990000000
23 -0.0180189990000000
24 -0.0151245990000000
25 -0.0140694990000000
26 -0.0138731990000000
27 -0.0102009990000000
28 -0.0101618990000000
29 -0.0086055990000000
30 -0.0089325990000000
31 -0.0076885990000000
32 -0.0119214990000000
33 -0.0113547990000000
34 -0.0082572990000000
35 -0.0080075990000000
36 -0.0124718990000000
37 -0.0134968990000000
38 -0.0151664990000000
39 -0.0148160990000000
40 -0.0142916990000000
41 -0.0156351990000000
42 -0.0127139990000000
43 -0.0150789990000000
44 -0.0150874990000000
45 -0.0167751990000000
46 -0.0149141990000000
47 -0.0143654990000000
48 -0.0091777990000000
49 -0.0092183990000000
50 -0.0095854990000000
51 -0.0097052990000000
52 -0.0098455990000000
53 -0.0119882990000000
54 -0.0112213990000000
55 -0.0111236990000000
56 -0.0128499990000000
57 -0.0121194990000000
58 -0.0116857990000000
59 -0.0130487990000000
60 -0.0118139990000000
61 -0.0106970990000000
62 -0.0104593990000000
63 -0.0129911990000000
64 -0.0119751990000000
65 -0.0106281990000000
66 -0.0080835990000000
67 -0.0089072990000000
68 -0.0084834990000000
69 -0.0104179990000000
70 -0.0099073990000000
71 -0.0113263990000000
72 -0.0131721990000000
73 -0.0139751990000000
74 -0.0155037990000000
75 -0.0132764990000000
76 -0.0136934990000000
77 -0.0091345990000000
78 -0.0095059990000000
79 -0.0072039990000000
80 -0.0097947990000000
81 -0.0109411990000000
82 -0.0089387990000000
83 -0.0104704990000000
84 -0.0080607990000000
85 -0.0094693990000000
86 -0.0121569990000000
87 -0.0125493990000000
88 -0.0140698990000000
89 -0.0137315990000000
90 -0.0154850990000000
91 -0.0150572990000000
92 -0.0156339990000000
93 -0.0138853990000000
94 -0.0137867990000000
95 -0.0149270990000000
96 -0.0122780990000000
97 -0.0122092990000000
98 -0.0137210990000000
99 -0.0136565990000000
100 -0.0165450990000000
101 -0.0155778990000000
102 -0.0151764990000000
103 -0.0165901990000000
104 -0.0165784990000000
105 -0.0165488990000000
106 -0.0181088990000000
107 -0.0179701990000000
108 -0.0194967990000000
109 -0.0179234990000000
110 -0.0189222990000000
111 -0.0167648990000000
112 -0.0131653990000000
113 -0.0168229990000000
114 -0.0159326990000000
115 -0.0133718990000000
116 -0.0106458990000000
117 -0.0098038990000000
118 -0.0106326990000000
119 -0.0111657990000000
120 -0.0116387990000000
121 -0.0119564990000000
122 -0.0122771990000000
123 -0.0164893990000000
124 -0.0168636990000000
125 -0.0169934990000000
126 -0.0161958990000000
127 -0.0156281990000000
128 -0.0143065990000000
129 -0.0129187990000000
130 -0.0132517990000000
131 -0.0099083990000000
132 -0.0114455990000000
133 -0.0103660990000000
134 -0.0103640990000000
135 -0.0114424990000000
136 -0.0137080990000000
137 -0.0165096990000000
138 -0.0152112990000000
139 -0.0152876990000000
140 -0.0137164990000000
141 -0.0132665990000000
142 -0.0130447990000000
143 -0.0139283990000000
144 -0.0143427990000000
145 -0.0120569990000000
146 -0.0137607990000000
147 -0.0128208990000000
148 -0.0129252990000000
149 -0.0134472990000000
150 -0.0119090990000000
151 -0.0147760990000000
152 -0.0166048990000000
153 -0.0134310990000000
154 -0.0149682990000000
155 -0.0127617990000000
156 -0.0114203990000000
157 -0.0098700990000000
158 -0.0107579990000000
159 -0.0121552990000000
160 -0.0096007990000000
161 -0.0106261990000000
162 -0.0060113990000000
163 -0.0068035990000000
164 -0.0090240990000000
165 -0.0080545990000000
166 -0.0094010990000000
167 -0.0118214990000000
168 -0.0137190990000000
169 -0.0132388990000000
170 -0.0138527990000000
171 -0.0146426990000000
172 -0.0152688990000000
173 -0.0156242990000000
174 -0.0171261990000000
175 -0.0169528990000000
176 -0.0167958990000000
177 -0.0154142990000000
178 -0.0137832990000000
179 -0.0149909990000000
180 -0.0152558990000000
181 -0.0142016990000000
182 -0.0142925990000000
183 -0.0162571990000000
184 -0.0129511990000000
185 -0.0122674990000000
186 -0.0131935990000000
187 -0.0151655990000000
188 -0.0159076990000000
189 -0.0131073990000000
190 -0.0115838990000000
191 -0.0130303990000000
192 -0.0133895990000000
193 -0.0140179990000000
194 -0.0134110990000000
195 -0.0175023990000000
196 -0.0165620990000000
197 -0.0191970990000000
198 -0.0196666990000000
199 -0.0177079990000000
200 -0.0168485990000000
201 -0.0177987990000000
202 -0.0149130990000000
203 -0.0151917990000000
204 -0.0172413990000000
205 -0.0195874990000000
206 -0.0173448990000000
207 -0.0174566990000000
208 -0.0172708990000000
209 -0.0169768990000000
210 -0.0177471990000000
211 -0.0193746990000000
212 -0.0174017990000000
213 -0.0167139990000000
214 -0.0156555990000000
215 -0.0145120990000000
216 -0.0152294990000000
217 -0.0159471990000000
218 -0.0161486990000000
219 -0.0150030990000000
220 -0.0138249990000000
221 -0.0136530990000000
222 -0.0129223990000000
223 -0.0123804990000000
224 -0.0118341990000000
225 -0.0133332990000000
226 -0.0120310990000000
227 -0.0117770990000000
228 -0.0144297990000000
229 -0.0159878990000000
230 -0.0139991990000000
231 -0.0167780990000000
232 -0.0145735990000000
233 -0.0137815990000000
234 -0.0148414990000000
235 -0.0145063990000000
236 -0.0157166990000000
237 -0.0129274990000000
238 -0.0135489990000000
239 -0.0148816990000000
240 -0.0129653990000000
241 -0.0123499990000000
242 -0.0111428990000000
243 -0.0102898990000000
244 -0.0128319990000000
245 -0.0123022990000000
246 -0.0120071990000000
247 -0.0150098990000000
248 -0.0149286990000000
249 -0.0146363990000000
250 -0.0146928990000000
251 -0.0134546990000000
252 -0.0151490990000000
253 -0.0136626990000000
254 -0.0127606990000000
255 -0.0131713990000000
256 -0.0155830990000000
257 -0.0163796990000000
258 -0.0150648990000000
259 -0.0166252990000000
260 -0.0152846990000000
261 -0.0146681990000000
262 -0.0154416990000000
263 -0.0150578990000000
264 -0.0161899990000000
265 -0.0172602990000000
266 -0.0143617990000000
267 -0.0154165990000000
268 -0.0140205990000000
269 -0.0122159990000000
270 -0.0113878990000000
271 -0.0092395990000000
272 -0.0119451990000000
273 -0.0118809990000000
274 -0.0134961990000000
275 -0.0110741990000000
276 -0.0117309990000000
277 -0.0147366990000000
278 -0.0141504990000000
279 -0.0116763990000000
280 -0.0135535990000000
281 -0.0132139990000000
282 -0.0141632990000000
283 -0.0164526990000000
284 -0.0163575990000000
285 -0.0147435990000000
286 -0.0136407990000000
287 -0.0117910990000000
288 -0.0133192990000000
289 -0.0123900990000000
290 -0.0124690990000000
291 -0.0106929990000000
292 -0.0087428990000000
293 -0.0075687990000000
294 -0.0075927990000000
295 -0.0018452990000000
296 -0.0009135990000000
297 -0.0042611990000000
298 -0.0043384990000000
299 -0.0087026990000000
300 -0.0060497990000000
301 -0.0052631990000000
302 -0.0032268990000000
303 -0.0058683990000000
304 -0.0086774990000000
305 -0.0090132990000000
306 -0.0107658990000000
307 -0.0098087990000000
308 -0.0117987990000000
309 -0.0100254990000000
310 -0.0130022990000000
311 -0.0136064990000000
312 -0.0146024990000000
313 -0.0107360990000000
314 -0.0117239990000000
315 -0.0133167990000000
316 -0.0115045990000000
317 -0.0148886990000000
318 -0.0165956990000000
319 -0.0174977990000000
320 -0.0171737990000000
321 -0.0148667990000000
322 -0.0134684990000000
323 -0.0125545990000000
324 -0.0139359990000000
325 -0.0128052990000000
326 -0.0139808990000000
327 -0.0140585990000000
328 -0.0152887990000000
329 -0.0146076990000000
330 -0.0150653990000000
331 -0.0141141990000000
332 -0.0143410990000000
333 -0.0162406990000000
334 -0.0138868990000000
335 -0.0168136990000000
336 -0.0163588990000000
337 -0.0154914990000000
338 -0.0164650990000000
339 -0.0194417990000000
340 -0.0208793990000000
341 -0.0209984990000000
342 -0.0211174990000000
343 -0.0235041990000000
344 -0.0244016990000000
345 -0.0217354990000000
346 -0.0187216990000000
347 -0.0191115990000000
348 -0.0201664990000000
349 -0.0192188990000000
350 -0.0185068990000000
351 -0.0164099990000000
352 -0.0161352990000000
353 -0.0188496990000000
354 -0.0204742990000000
355 -0.0190781990000000
356 -0.0216214990000000
357 -0.0220233990000000
358 -0.0219638990000000
359 -0.0224940990000000
360 -0.0201802990000000
361 -0.0222395990000000
362 -0.0217118990000000
363 -0.0183207990000000
364 -0.0200146990000000
365 -0.0197615990000000
366 -0.0167348990000000
367 -0.0156583990000000
368 -0.0161123990000000
369 -0.0155092990000000
370 -0.0141097990000000
371 -0.0144531990000000
372 -0.0141642990000000
373 -0.0147661990000000
374 -0.0157669990000000
375 -0.0149276990000000
376 -0.0116767990000000
377 -0.0129592990000000
378 -0.0128277990000000
379 -0.0108223990000000
380 -0.0132549990000000
381 -0.0150053990000000
382 -0.0156191990000000
383 -0.0175657990000000
384 -0.0199146990000000
385 -0.0180722990000000
386 -0.0188785990000000
387 -0.0203979990000000
388 -0.0211198990000000
389 -0.0211329990000000
390 -0.0203401990000000
391 -0.0211368990000000
392 -0.0198029990000000
393 -0.0176794990000000
394 -0.0170186990000000
395 -0.0145083990000000
396 -0.0143615990000000
397 -0.0136142990000000
398 -0.0134121990000000
399 -0.0134751990000000
400 -0.0134887990000000
401 -0.0119522990000000
402 -0.0122970990000000
403 -0.0137859990000000
404 -0.0166553990000000
405 -0.0193084990000000
406 -0.0178205990000000
407 -0.0181658990000000
408 -0.0200283990000000
409 -0.0188881990000000
410 -0.0189845990000000
411 -0.0201825990000000
412 -0.0185084990000000
413 -0.0206764990000000
414 -0.0201717990000000
415 -0.0193959990000000
416 -0.0175305990000000
417 -0.0191846990000000
418 -0.0157112990000000
419 -0.0153349990000000
420 -0.0136767990000000
421 -0.0137659990000000
422 -0.0154210990000000
423 -0.0113291990000000
424 -0.0097820990000000
425 -0.0119213990000000
426 -0.0107016990000000
427 -0.0128365990000000
428 -0.0099788990000000
429 -0.0098142990000000
430 -0.0127685990000000
431 -0.0096266990000000
432 -0.0097993990000000
433 -0.0120300990000000
434 -0.0123652990000000
435 -0.0144191990000000
436 -0.0161654990000000
437 -0.0134300990000000
438 -0.0160756990000000
439 -0.0136103990000000
440 -0.0165076990000000
441 -0.0182325990000000
442 -0.0171157990000000
443 -0.0150839990000000
444 -0.0180904990000000
445 -0.0182416990000000
446 -0.0176009990000000
447 -0.0186594990000000
448 -0.0199314990000000
449 -0.0200704990000000
450 -0.0212322990000000
451 -0.0210949990000000
452 -0.0190182990000000
453 -0.0201784990000000
454 -0.0204308990000000
455 -0.0197448990000000
456 -0.0176690990000000
457 -0.0180343990000000
458 -0.0150045990000000
459 -0.0151386990000000
460 -0.0127485990000000
461 -0.0129208990000000
462 -0.0159879990000000
463 -0.0138063990000000
464 -0.0142056990000000
465 -0.0159610990000000
466 -0.0151372990000000
467 -0.0123780990000000
468 -0.0120964990000000
469 -0.0115915990000000
470 -0.0078949990000000
471 -0.0085632990000000
472 -0.0102740990000000
473 -0.0119475990000000
474 -0.0163906990000000
475 -0.0156373990000000
476 -0.0181962990000000
477 -0.0192164990000000
478 -0.0172255990000000
479 -0.0155233990000000
480 -0.0167229990000000
481 -0.0186345990000000
482 -0.0157283990000000
483 -0.0169766990000000
484 -0.0175847990000000
485 -0.0184011990000000
486 -0.0186780990000000
487 -0.0186987990000000
488 -0.0150055990000000
489 -0.0139126990000000
490 -0.0157248990000000
491 -0.0144769990000000
492 -0.0137254990000000
493 -0.0130848990000000
494 -0.0149799990000000
495 -0.0141452990000000
496 -0.0146232990000000
497 -0.0162003990000000
498 -0.0163372990000000
499 -0.0162875990000000
500 -0.0150096990000000
501 -0.0153096990000000
502 -0.0144838990000000
503 -0.0104952990000000
504 -0.0112835990000000
505 -0.0133589990000000
506 -0.0134184990000000
507 -0.0167431990000000
508 -0.0128350990000000
509 -0.0111132990000000
510 -0.0115708990000000
511 -0.0130170990000000
512 -0.0142263990000000
513 -0.0155569990000000
514 -0.0148404990000000
515 -0.0120655990000000
516 -0.0143493990000000
517 -0.0147901990000000
518 -0.0112474990000000
519 -0.0146842990000000
520 -0.0168015990000000
521 -0.0178987990000000
522 -0.0151246990000000
523 -0.0160217990000000
524 -0.0170855990000000
525 -0.0152853990000000
526 -0.0145043990000000
527 -0.0168365990000000
528 -0.0155501990000000
529 -0.0182821990000000
530 -0.0193161990000000
531 -0.0201326990000000
532 -0.0192528990000000
533 -0.0193956990000000
534 -0.0171976990000000
535 -0.0161360990000000
536 -0.0189159990000000
537 -0.0176415990000000
538 -0.0185085990000000
539 -0.0167633990000000
540 -0.0164187990000000
541 -0.0182549990000000
542 -0.0188817990000000
543 -0.0184638990000000
544 -0.0172401990000000
545 -0.0169454990000000
546 -0.0169311990000000
547 -0.0153360990000000
548 -0.0168363990000000
549 -0.0142243990000000
550 -0.0135546990000000
551 -0.0169796990000000
552 -0.0193564990000000
553 -0.0188186990000000
554 -0.0192123990000000
555 -0.0187681990000000
556 -0.0171147990000000
557 -0.0145336990000000
558 -0.0159938990000000
559 -0.0170560990000000
560 -0.0181272990000000
561 -0.0185471990000000
562 -0.0183593990000000
563 -0.0183948990000000
564 -0.0161795990000000
565 -0.0166649990000000
566 -0.0183327990000000
567 -0.0186449990000000
568 -0.0163731990000000
569 -0.0161060990000000
570 -0.0156814990000000
571 -0.0163792990000000
572 -0.0174212990000000
573 -0.0134544990000000
574 -0.0178701990000000
575 -0.0192459990000000
576 -0.0186824990000000
577 -0.0152426990000000
578 -0.0149262990000000
579 -0.0165343990000000
580 -0.0161315990000000
581 -0.0157803990000000
582 -0.0166095990000000
583 -0.0139664990000000
584 -0.0167344990000000
585 -0.0143357990000000
586 -0.0159191990000000
587 -0.0160227990000000
588 -0.0163382990000000
589 -0.0148260990000000
590 -0.0109504990000000
591 -0.0130296990000000
592 -0.0123257990000000
593 -0.0132906990000000
594 -0.0157101990000000
595 -0.0151089990000000
596 -0.0138478990000000
597 -0.0151385990000000
598 -0.0167978990000000
599 -0.0164285990000000
600 -0.0152760990000000
1 0.3143607010000000
2 0.1445892010000000
3 0.0944952010000000
4 0.0687592010000000
5 0.0543429010000000
6 0.0374872010000000
7 0.0292589010000000
8 0.0162636010000000
9 0.0089139010000000
10 0.0056437010000000
11 0.0000550010000000
12 -0.0044258990000000
13 -0.0047461990000000
14 -0.0058712990000000
15 -0.0078027990000000
16 -0.0079121990000000
17 -0.0066197990000000
18 -0.0095905990000000
19 -0.0075174990000000
20 -0.0120951990000000
21 -0.0107741990000000
22 -0.0071784990000000
23 -0.0085779990000000
24 -0.0095369990000000
25 -0.0111628990000000
26 -0.0121021990000000
27 -0.0135653990000000
28 -0.0144310990000000
29 -0.0129904990000000
30 -0.0108268990000000
31 -0.0120756990000000
32 -0.0112184990000000
33 -0.0115013990000000
34 -0.0104370990000000
35 -0.0117480990000000
36 -0.0133384990000000
37 -0.0120542990000000
38 -0.0150841990000000
39 -0.0140306990000000
40 -0.0157754990000000
41 -0.0180719990000000
42 -0.0164876990000000
43 -0.0147381990000000
44 -0.0171765990000000
45 -0.0143784990000000
46 -0.0148395990000000
47 -0.0134815990000000
48 -0.0124416990000000
49 -0.0137793990000000
50 -0.0126303990000000
51 -0.0106888990000000
52 -0.0105838990000000
53 -0.0115656990000000
54 -0.0149347990000000
55 -0.0139198990000000
56 -0.0119129990000000
57 -0.0132942990000000
58 -0.0132605990000000
59 -0.0132643990000000
60 -0.0141338990000000
61 -0.0138460990000000
62 -0.0140341990000000
63 -0.0142811990000000
64 -0.0144917990000000
65 -0.0167724990000000
66 -0.0159918990000000
67 -0.0166385990000000
68 -0.0146759990000000
69 -0.0167705990000000
70 -0.0155799990000000
71 -0.0162765990000000
72 -0.0154533990000000
73 -0.0142213990000000
74 -0.0143082990000000
75 -0.0137206990000000
76 -0.0129629990000000
77 -0.0129187990000000
78 -0.0110778990000000
79 -0.0150185990000000
80 -0.0138436990000000
81 -0.0132978990000000
82 -0.0112138990000000
83 -0.0130346990000000
84 -0.0142237990000000
85 -0.0151481990000000
86 -0.0143348990000000
87 -0.0146193990000000
88 -0.0111091990000000
89 -0.0110470990000000
90 -0.0085429990000000
91 -0.0059083990000000
92 -0.0103492990000000
93 -0.0075111990000000
94 -0.0062162990000000
95 -0.0073963990000000
96 -0.0077139990000000
97 -0.0046929990000000
98 -0.0048860990000000
99 -0.0061052990000000
100 -0.0063052990000000
101 -0.0049289990000000
102 -0.0073484990000000
103 -0.0077428990000000
104 -0.0099930990000000
105 -0.0126733990000000
106 -0.0117889990000000
107 -0.0132564990000000
108 -0.0116046990000000
109 -0.0119887990000000
110 -0.0071768990000000
111 -0.0072019990000000
112 -0.0064484990000000
113 -0.0081658990000000
114 -0.0113784990000000
115 -0.0092281990000000
116 -0.0109695990000000
117 -0.0129411990000000
118 -0.0128632990000000
119 -0.0156134990000000
120 -0.0132584990000000
121 -0.0140635990000000
122 -0.0128931990000000
123 -0.0144814990000000
124 -0.0121338990000000
125 -0.0107879990000000
126 -0.0121315990000000
127 -0.0134283990000000
128 -0.0107516990000000
129 -0.0115303990000000
130 -0.0099927990000000
131 -0.0090197990000000
132 -0.0087000990000000
133 -0.0118059990000000
134 -0.0128963990000000
135 -0.0097440990000000
136 -0.0143567990000000
137 -0.0176582990000000
138 -0.0173492990000000
139 -0.0198899990000000
140 -0.0182344990000000
141 -0.0149702990000000
142 -0.0163772990000000
143 -0.0169285990000000
144 -0.0171639990000000
145 -0.0176194990000000
146 -0.0124911990000000
147 -0.0120483990000000
148 -0.0163156990000000
149 -0.0157030990000000
150 -0.0182716990000000
151 -0.0189935990000000
152 -0.0230856990000000
153 -0.0225918990000000
154 -0.0196761990000000
155 -0.0224170990000000
156 -0.0201577990000000
157 -0.0196327990000000
158 -0.0186090990000000
159 -0.0184068990000000
160 -0.0199074990000000
161 -0.0197739990000000
162 -0.0199269990000000
163 -0.0184928990000000
164 -0.0217773990000000
165 -0.0219922990000000
166 -0.0187233990000000
167 -0.0195279990000000
168 -0.0209561990000000
169 -0.0193856990000000
170 -0.0188060990000000
171 -0.0190845990000000
172 -0.0194434990000000
173 -0.0221252990000000
174 -0.0194794990000000
175 -0.0213214990000000
176 -0.0220668990000000
177 -0.0201287990000000
178 -0.0205204990000000
179 -0.0220172990000000
180 -0.0213252990000000
181 -0.0199994990000000
182 -0.0198159990000000
183 -0.0182797990000000
184 -0.0177002990000000
185 -0.0147304990000000
186 -0.0121419990000000
187 -0.0141719990000000
188 -0.0125157990000000
189 -0.0119341990000000
190 -0.0123823990000000
191 -0.0134370990000000
192 -0.0113780990000000
193 -0.0130690990000000
194 -0.0158956990000000
195 -0.0150274990000000
196 -0.0141769990000000
197 -0.0124930990000000
198 -0.0135975990000000
199 -0.0169560990000000
200 -0.0158010990000000
201 -0.0150135990000000
202 -0.0158674990000000
203 -0.0161949990000000
204 -0.0139117990000000
205 -0.0142694990000000
206 -0.0167774990000000
207 -0.0126047990000000
208 -0.0130944990000000
209 -0.0145976990000000
210 -0.0146321990000000
211 -0.0133877990000000
212 -0.0129057990000000
213 -0.0126673990000000
214 -0.0148200990000000
215 -0.0130918990000000
216 -0.0134502990000000
217 -0.0164598990000000
218 -0.0161057990000000
219 -0.0142153990000000
220 -0.0132949990000000
221 -0.0132737990000000
222 -0.0144904990000000
223 -0.0144962990000000
224 -0.0111435990000000
225 -0.0121518990000000
226 -0.0113950990000000
227 -0.0097308990000000
228 -0.0082102990000000
229 -0.0072429990000000
230 -0.0080323990000000
231 -0.0100306990000000
232 -0.0123766990000000
233 -0.0138446990000000
234 -0.0164708990000000
235 -0.0140788990000000
236 -0.0143461990000000
237 -0.0145976990000000
238 -0.0129539990000000
239 -0.0119382990000000
240 -0.0107646990000000
241 -0.0117004990000000
242 -0.0160036990000000
243 -0.0187269990000000
244 -0.0177167990000000
245 -0.0148426990000000
246 -0.0149113990000000
247 -0.0130370990000000
248 -0.0130716990000000
249 -0.0115114990000000
250 -0.0098061990000000
251 -0.0120986990000000
252 -0.0121091990000000
253 -0.0161222990000000
254 -0.0163078990000000
255 -0.0162862990000000
256 -0.0138380990000000
257 -0.0168001990000000
258 -0.0175203990000000
259 -0.0192013990000000
260 -0.0179901990000000
261 -0.0174169990000000
262 -0.0171337990000000
263 -0.0185814990000000
264 -0.0170130990000000
265 -0.0207175990000000
266 -0.0189155990000000
267 -0.0191749990000000
268 -0.0200686990000000
269 -0.0184789990000000
270 -0.0203916990000000
271 -0.0209902990000000
272 -0.0214473990000000
273 -0.0217682990000000
274 -0.0182197990000000
275 -0.0163734990000000
276 -0.0158915990000000
277 -0.0142488990000000
278 -0.0122737990000000
279 -0.0134401990000000
280 -0.0147717990000000
281 -0.0166555990000000
282 -0.0162260990000000
283 -0.0176143990000000
284 -0.0171056990000000
285 -0.0189735990000000
286 -0.0203509990000000
287 -0.0228801990000000
288 -0.0223902990000000
289 -0.0190449990000000
290 -0.0191887990000000
291 -0.0183168990000000
292 -0.0176377990000000
293 -0.0179092990000000
294 -0.0213098990000000
295 -0.0168715990000000
296 -0.0159355990000000
297 -0.0147464990000000
298 -0.0121813990000000
299 -0.0138341990000000
300 -0.0132961990000000
301 -0.0129328990000000
302 -0.0142207990000000
303 -0.0121979990000000
304 -0.0128689990000000
305 -0.0091921990000000
306 -0.0097970990000000
307 -0.0098531990000000
308 -0.0118275990000000
309 -0.0127901990000000
310 -0.0107303990000000
311 -0.0108898990000000
312 -0.0123250990000000
313 -0.0149299990000000
314 -0.0133497990000000
315 -0.0159453990000000
316 -0.0149438990000000
317 -0.0142810990000000
318 -0.0134318990000000
319 -0.0148288990000000
320 -0.0118308990000000
321 -0.0125846990000000
322 -0.0125921990000000
323 -0.0119707990000000
324 -0.0132672990000000
325 -0.0155008990000000
326 -0.0157984990000000
327 -0.0172382990000000
328 -0.0136343990000000
329 -0.0164596990000000
330 -0.0179012990000000
331 -0.0151785990000000
332 -0.0173195990000000
333 -0.0185140990000000
334 -0.0191460990000000
335 -0.0205998990000000
336 -0.0194478990000000
337 -0.0187030990000000
338 -0.0181017990000000
339 -0.0160271990000000
340 -0.0145834990000000
341 -0.0135767990000000
342 -0.0137283990000000
343 -0.0116162990000000
344 -0.0137572990000000
345 -0.0107051990000000
346 -0.0087817990000000
347 -0.0098820990000000
348 -0.0110548990000000
349 -0.0088499990000000
350 -0.0086842990000000
351 -0.0090664990000000
352 -0.0094028990000000
353 -0.0125303990000000
354 -0.0105439990000000
355 -0.0096253990000000
356 -0.0087229990000000
357 -0.0085922990000000
358 -0.0093062990000000
359 -0.0091967990000000
360 -0.0088870990000000
361 -0.0093417990000000
362 -0.0104165990000000
363 -0.0074007990000000
364 -0.0081106990000000
365 -0.0090757990000000
366 -0.0096715990000000
367 -0.0106142990000000
368 -0.0111074990000000
369 -0.0129301990000000
370 -0.0138353990000000
371 -0.0163285990000000
372 -0.0166034990000000
373 -0.0159755990000000
374 -0.0163099990000000
375 -0.0159932990000000
376 -0.0146627990000000
377 -0.0140440990000000
378 -0.0128810990000000
379 -0.0119552990000000
380 -0.0147874990000000
381 -0.0138974990000000
382 -0.0112608990000000
383 -0.0133997990000000
384 -0.0138576990000000
385 -0.0134123990000000
386 -0.0153056990000000
387 -0.0160522990000000
388 -0.0164520990000000
389 -0.0195372990000000
390 -0.0154509990000000
391 -0.0137664990000000
392 -0.0130551990000000
393 -0.0120369990000000
394 -0.0117292990000000
395 -0.0115253990000000
396 -0.0118279990000000
397 -0.0128303990000000
398 -0.0105104990000000
399 -0.0127338990000000
400 -0.0095954990000000
401 -0.0108110990000000
402 -0.0105354990000000
403 -0.0113661990000000
404 -0.0107463990000000
405 -0.0112662990000000
406 -0.0124209990000000
407 -0.0157469990000000
408 -0.0141361990000000
409 -0.0133828990000000
410 -0.0157996990000000
411 -0.0143215990000000
412 -0.0148080990000000
413 -0.0157507990000000
414 -0.0176431990000000
415 -0.0188060990000000
416 -0.0206132990000000
417 -0.0210680990000000
418 -0.0188385990000000
419 -0.0173226990000000
420 -0.0170006990000000
421 -0.0146586990000000
422 -0.0143294990000000
423 -0.0131016990000000
424 -0.0141001990000000
425 -0.0183344990000000
426 -0.0173197990000000
427 -0.0200914990000000
428 -0.0193753990000000
429 -0.0157209990000000
430 -0.0137749990000000
431 -0.0141814990000000
432 -0.0111028990000000
433 -0.0108146990000000
434 -0.0106304990000000
435 -0.0101622990000000
436 -0.0095198990000000
437 -0.0126012990000000
438 -0.0135959990000000
439 -0.0135837990000000
440 -0.0127223990000000
441 -0.0142312990000000
442 -0.0140917990000000
443 -0.0150511990000000
444 -0.0139268990000000
445 -0.0135505990000000
446 -0.0131691990000000
447 -0.0126679990000000
448 -0.0153911990000000
449 -0.0156799990000000
450 -0.0151324990000000
451 -0.0130750990000000
452 -0.0172716990000000
453 -0.0173428990000000
454 -0.0170045990000000
455 -0.0192041990000000
456 -0.0151848990000000
457 -0.0157323990000000
458 -0.0168068990000000
459 -0.0163911990000000
460 -0.0159404990000000
461 -0.0154219990000000
462 -0.0156715990000000
463 -0.0137376990000000
464 -0.0119509990000000
465 -0.0169544990000000
466 -0.0167471990000000
467 -0.0180092990000000
468 -0.0195828990000000
469 -0.0173821990000000
470 -0.0136899990000000
471 -0.0154607990000000
472 -0.0171231990000000
473 -0.0157390990000000
474 -0.0140053990000000
475 -0.0120762990000000
476 -0.0136517990000000
477 -0.0149622990000000
478 -0.0133284990000000
479 -0.0134190990000000
480 -0.0156808990000000
481 -0.0147635990000000
482 -0.0160911990000000
483 -0.0175873990000000
484 -0.0185740990000000
485 -0.0175575990000000
486 -0.0169229990000000
487 -0.0163629990000000
488 -0.0159526990000000
489 -0.0146229990000000
490 -0.0131326990000000
491 -0.0121771990000000
492 -0.0106463990000000
493 -0.0123762990000000
494 -0.0148069990000000
495 -0.0120454990000000
496 -0.0152930990000000
497 -0.0140210990000000
498 -0.0101980990000000
499 -0.0129415990000000
500 -0.0134139990000000
501 -0.0137720990000000
502 -0.0133365990000000
503 -0.0168176990000000
504 -0.0137564990000000
505 -0.0145168990000000
506 -0.0163081990000000
507 -0.0162436990000000
508 -0.0147779990000000
509 -0.0140464990000000
510 -0.0154213990000000
511 -0.0182970990000000
512 -0.0186408990000000
513 -0.0188800990000000
514 -0.0201670990000000
515 -0.0208325990000000
516 -0.0210174990000000
517 -0.0212293990000000
518 -0.0186669990000000
519 -0.0178299990000000
520 -0.0177756990000000
521 -0.0150787990000000
522 -0.0172890990000000
523 -0.0175732990000000
524 -0.0176641990000000
525 -0.0196485990000000
526 -0.0211173990000000
527 -0.0186687990000000
528 -0.0191305990000000
529 -0.0177117990000000
530 -0.0165594990000000
531 -0.0176480990000000
532 -0.0151360990000000
533 -0.0115648990000000
534 -0.0101885990000000
535 -0.0133816990000000
536 -0.0145134990000000
537 -0.0152533990000000
538 -0.0159744990000000
539 -0.0149567990000000
540 -0.0159384990000000
541 -0.0147169990000000
542 -0.0138602990000000
543 -0.0126291990000000
544 -0.0114402990000000
545 -0.0096818990000000
546 -0.0111029990000000
547 -0.0091366990000000
548 -0.0104231990000000
549 -0.0099002990000000
550 -0.0069276990000000
551 -0.0061142990000000
552 -0.0075634990000000
553 -0.0062523990000000
554 -0.0085619990000000
555 -0.0079641990000000
556 -0.0078869990000000
557 -0.0037983990000000
558 -0.0037023990000000
559 -0.0048595990000000
560 -0.0070163990000000
561 -0.0060531990000000
562 -0.0096581990000000
563 -0.0117850990000000
564 -0.0140522990000000
565 -0.0128406990000000
566 -0.0127778990000000
567 -0.0139895990000000
568 -0.0132073990000000
569 -0.0133853990000000
570 -0.0148239990000000
571 -0.0167410990000000
572 -0.0114974990000000
573 -0.0107196990000000
574 -0.0105950990000000
575 -0.0073453990000000
576 -0.0083919990000000
577 -0.0065503990000000
578 -0.0081199990000000
579 -0.0100200990000000
580 -0.0106953990000000
581 -0.0105849990000000
582 -0.0149375990000000
583 -0.0140278990000000
584 -0.0147714990000000
585 -0.0168835990000000
586 -0.0159417990000000
587 -0.0158428990000000
588 -0.0157554990000000
589 -0.0146944990000000
590 -0.0181224990000000
591 -0.0167809990000000
592 -0.0148982990000000
593 -0.0115717990000000
594 -0.0115805990000000
595 -0.0133096990000000
596 -0.0100526990000000
597 -0.0138110990000000
598 -0.0162387990000000
599 -0.0168185990000000
600 -0.0144591990000000
1 0.3329901010000000
2 0.1488870010000000
3 0.1019998010000000
4 0.0695870010000000
5 0.0510304010000000
6 0.0345974010000000
7 0.0239504010000000
8 0.0137445010000000
9 0.0118921010000000
10 0.0056984010000000
11 -0.0009317990000000
12 -0.0057241990000000
13 -0.0089214990000000
14 -0.0105200990000000
15 -0.0085292990000000
16 -0.0089842990000000
17 -0.0101482990000000
18 -0.0105101990000000
19 -0.0132156990000000
20 -0.0112803990000000
21 -0.0147653990000000
22 -0.0152874990000000
23 -0.0142517990000000
24 -0.0140420990000000
25 -0.0131680990000000
26 -0.0141581990000000
27 -0.0147890990000000
28 -0.0127884990000000
29 -0.0100178990000000
30 -0.0100533990000000
31 -0.0112922990000000
32 -0.0095164990000000
33 -0.0082928990000000
34 -0.0081954990000000
35 -0.0081779990000000
36 -0.0080977990000000
37 -0.0089030990000000
38 -0.0087460990000000
39 -0.0092124990000000
40 -0.0117024990000000
41 -0.0110576990000000
42 -0.0129799990000000
43 -0.0146296990000000
44 -0.0146430990000000
45 -0.0131596990000000
46 -0.0131827990000000
47 -0.0126644990000000
48 -0.0143898990000000
49 -0.0119039990000000
50 -0.0156347990000000
51 -0.0166833990000000
52 -0.0135083990000000
53 -0.0130189990000000
54 -0.0150669990000000
55 -0.0157798990000000
56 -0.0158510990000000
57 -0.0165140990000000
58 -0.0144385990000000
59 -0.0159181990000000
60 -0.0130388990000000
61 -0.0159738990000000
62 -0.0154171990000000
63 -0.0143836990000000
64 -0.0170524990000000
65 -0.0176245990000000
66 -0.0134195990000000
67 -0.0127776990000000
68 -0.0097737990000000
69 -0.0109839990000000
70 -0.0115965990000000
71 -0.0085472990000000
72 -0.0104109990000000
73 -0.0113576990000000
74 -0.0108814990000000
75 -0.0140608990000000
76 -0.0148716990000000
77 -0.0179192990000000
78 -0.0166147990000000
79 -0.0167343990000000
80 -0.0154658990000000
81 -0.0182640990000000
82 -0.0181147990000000
83 -0.0182760990000000
84 -0.0182421990000000
85 -0.0167458990000000
86 -0.0173067990000000
87 -0.0177193990000000
88 -0.0170318990000000
89 -0.0136889990000000
90 -0.0140926990000000
91 -0.0140018990000000
92 -0.0125562990000000
93 -0.0123598990000000
94 -0.0147818990000000
95 -0.0115797990000000
96 -0.0102008990000000
97 -0.0141913990000000
98 -0.0118144990000000
99 -0.0146661990000000
100 -0.0147150990000000
101 -0.0162000990000000
102 -0.0157714990000000
103 -0.0151585990000000
104 -0.0142749990000000
105 -0.0137612990000000
106 -0.0117228990000000
107 -0.0118723990000000
108 -0.0133878990000000
109 -0.0152036990000000
110 -0.0198688990000000
111 -0.0171795990000000
112 -0.0148742990000000
113 -0.0139545990000000
114 -0.0139514990000000
115 -0.0143549990000000
116 -0.0158460990000000
117 -0.0169324990000000
118 -0.0177974990000000
119 -0.0168579990000000
120 -0.0176842990000000
121 -0.0162873990000000
122 -0.0170640990000000
123 -0.0144703990000000
124 -0.0165193990000000
125 -0.0154173990000000
126 -0.0112479990000000
127 -0.0116651990000000
128 -0.0135385990000000
129 -0.0136199990000000
130 -0.0143822990000000
131 -0.0136396990000000
132 -0.0109799990000000
133 -0.0117434990000000
134 -0.0084608990000000
135 -0.0126211990000000
136 -0.0130477990000000
137 -0.0138451990000000
138 -0.0148490990000000
139 -0.0156803990000000
140 -0.0173393990000000
141 -0.0178600990000000
142 -0.0165533990000000
143 -0.0191897990000000
144 -0.0206912990000000
145 -0.0173567990000000
146 -0.0181249990000000
147 -0.0193784990000000
148 -0.0194366990000000
149 -0.0210956990000000
150 -0.0216477990000000
151 -0.0213612990000000
152 -0.0227300990000000
153 -0.0207241990000000
154 -0.0214811990000000
155 -0.0183246990000000
156 -0.0160234990000000
157 -0.0173204990000000
158 -0.0152489990000000
159 -0.0151457990000000
160 -0.0115078990000000
161 -0.0086870990000000
162 -0.0058965990000000
163 -0.0045442990000000
164 -0.0036563990000000
165 -0.0018555990000000
166 -0.0004574990000000
167 -0.0077801990000000
168 -0.0054921990000000
169 -0.0075436990000000
170 -0.0079492990000000
171 -0.0084024990000000
172 -0.0089671990000000
173 -0.0098830990000000
174 -0.0101739990000000
175 -0.0083176990000000
176 -0.0112715990000000
177 -0.0112389990000000
178 -0.0150936990000000
179 -0.0153511990000000
180 -0.0156805990000000
181 -0.0163992990000000
182 -0.0177086990000000
183 -0.0177496990000000
184 -0.0159309990000000
185 -0.0183917990000000
186 -0.0165501990000000
187 -0.0188289990000000
188 -0.0169178990000000
189 -0.0164015990000000
190 -0.0148608990000000
191 -0.0138991990000000
192 -0.0127432990000000
193 -0.0102909990000000
194 -0.0109792990000000
195 -0.0095643990000000
196 -0.0097922990000000
197 -0.0091459990000000
198 -0.0083371990000000
199 -0.0076118990000000
200 -0.0052772990000000
201 -0.0080468990000000
202 -0.0086553990000000
203 -0.0123435990000000
204 -0.0111641990000000
205 -0.0134079990000000
206 -0.0163208990000000
207 -0.0156007990000000
208 -0.0172026990000000
209 -0.0137817990000000
210 -0.0135364990000000
211 -0.0125979990000000
212 -0.0138215990000000
213 -0.0145970990000000
214 -0.0123569990000000
215 -0.0114100990000000
216 -0.0113561990000000
217 -0.0064261990000000
218 -0.0094153990000000
219 -0.0104959990000000
220 -0.0091182990000000
221 -0.0103643990000000
222 -0.0132969990000000
223 -0.0166395990000000
224 -0.0178767990000000
225 -0.0156248990000000
226 -0.0166563990000000
227 -0.0156058990000000
228 -0.0144072990000000
229 -0.0174637990000000
230 -0.0174389990000000
231 -0.0164966990000000
232 -0.0149557990000000
233 -0.0139213990000000
234 -0.0125599990000000
235 -0.0136766990000000
236 -0.0150530990000000
237 -0.0125606990000000
238 -0.0139496990000000
239 -0.0151229990000000
240 -0.0150708990000000
241 -0.0145577990000000
242 -0.0161906990000000
243 -0.0159870990000000
244 -0.0159210990000000
245 -0.0167583990000000
246 -0.0161453990000000
247 -0.0207122990000000
248 -0.0215374990000000
249 -0.0188127990000000
250 -0.0185261990000000
251 -0.0168087990000000
252 -0.0182546990000000
253 -0.0189693990000000
254 -0.0197630990000000
255 -0.0170366990000000
256 -0.0153205990000000
257 -0.0169223990000000
258 -0.0162512990000000
259 -0.0169542990000000
260 -0.0143488990000000
261 -0.0137957990000000
262 -0.0128333990000000
263 -0.0134963990000000
264 -0.0135667990000000
265 -0.0140910990000000
266 -0.0158575990000000
267 -0.0135100990000000
268 -0.0111891990000000
269 -0.0121449990000000
270 -0.0116144990000000
271 -0.0107333990000000
272 -0.0136449990000000
273 -0.0113044990000000
274 -0.0125751990000000
275 -0.0117858990000000
276 -0.0104195990000000
277 -0.0116452990000000
278 -0.0129841990000000
279 -0.0099788990000000
280 -0.0108963990000000
281 -0.0116529990000000
282 -0.0100871990000000
283 -0.0071224990000000
284 -0.0083919990000000
285 -0.0112231990000000
286 -0.0127296990000000
287 -0.0132222990000000
288 -0.0122871990000000
289 -0.0137280990000000
290 -0.0152176990000000
291 -0.0137709990000000
292 -0.0134095990000000
293 -0.0134346990000000
294 -0.0133639990000000
295 -0.0142367990000000
296 -0.0121152990000000
297 -0.0143873990000000
298 -0.0146907990000000
299 -0.0174621990000000
300 -0.0166945990000000
301 -0.0158021990000000
302 -0.0178144990000000
303 -0.0150058990000000
304 -0.0139418990000000
305 -0.0150291990000000
306 -0.0149287990000000
307 -0.0163316990000000
308 -0.0187294990000000
309 -0.0195118990000000
310 -0.0170816990000000
311 -0.0172526990000000
312 -0.0180161990000000
313 -0.0175560990000000
314 -0.0195118990000000
315 -0.0168480990000000
316 -0.0162024990000000
317 -0.0130549990000000
318 -0.0133078990000000
319 -0.0112863990000000
320 -0.0140562990000000
321 -0.0131658990000000
322 -0.0145248990000000
323 -0.0135588990000000
324 -0.0087732990000000
325 -0.0100206990000000
326 -0.0103870990000000
327 -0.0105988990000000
328 -0.0115194990000000
329 -0.0109692990000000
330 -0.0101644990000000
331 -0.0123174990000000
332 -0.0115601990000000
333 -0.0098135990000000
334 -0.0107497990000000
335 -0.0116422990000000
336 -0.0122451990000000
337 -0.0127659990000000
338 -0.0119456990000000
339 -0.0152629990000000
340 -0.0133535990000000
341 -0.0149084990000000
342 -0.0134407990000000
343 -0.0114196990000000
344 -0.0114476990000000
345 -0.0101658990000000
346 -0.0105663990000000
347 -0.0110100990000000
348 -0.0115049990000000
349 -0.0124661990000000
350 -0.0124225990000000
351 -0.0143560990000000
352 -0.0150841990000000
353 -0.0167372990000000
354 -0.0142326990000000
355 -0.0135722990000000
356 -0.0151037990000000
357 -0.0148872990000000
358 -0.0181816990000000
359 -0.0201446990000000
360 -0.0188485990000000
361 -0.0184445990000000
362 -0.0178386990000000
363 -0.0192875990000000
364 -0.0174099990000000
365 -0.0161362990000000
366 -0.0173933990000000
367 -0.0147102990000000
368 -0.0110575990000000
369 -0.0070489990000000
370 -0.0071788990000000
371 -0.0116457990000000
372 -0.0149267990000000
373 -0.0114124990000000
374 -0.0139680990000000
375 -0.0164714990000000
376 -0.0163511990000000
377 -0.0153946990000000
378 -0.0156164990000000
379 -0.0157210990000000
380 -0.0138917990000000
381 -0.0141613990000000
382 -0.0166995990000000
383 -0.0170999990000000
384 -0.0175892990000000
385 -0.0134076990000000
386 -0.0138590990000000
387 -0.0156610990000000
388 -0.0141821990000000
389 -0.0144358990000000
390 -0.0185042990000000
391 -0.0182090990000000
392 -0.0178038990000000
393 -0.0176436990000000
394 -0.0169076990000000
395 -0.0144532990000000
396 -0.0141648990000000
397 -0.0156563990000000
398 -0.0179182990000000
399 -0.0178186990000000
400 -0.0179777990000000
401 -0.0176370990000000
402 -0.0177613990000000
403 -0.0203802990000000
404 -0.0202854990000000
405 -0.0169053990000000
406 -0.0139819990000000
407 -0.0131506990000000
408 -0.0162338990000000
409 -0.0167654990000000
410 -0.0133125990000000
411 -0.0115986990000000
412 -0.0160823990000000
413 -0.0167600990000000
414 -0.0163414990000000
415 -0.0156533990000000
416 -0.0153314990000000
417 -0.0135032990000000
418 -0.0144891990000000
419 -0.0145095990000000
420 -0.0119771990000000
421 -0.0111039990000000
422 -0.0109545990000000
423 -0.0122305990000000
424 -0.0102915990000000
425 -0.0117628990000000
426 -0.0105914990000000
427 -0.0111075990000000
428 -0.0138016990000000
429 -0.0138578990000000
430 -0.0157004990000000
431 -0.0132542990000000
432 -0.0119573990000000
433 -0.0137694990000000
434 -0.0138184990000000
435 -0.0110808990000000
436 -0.0114311990000000
437 -0.0120803990000000
438 -0.0106453990000000
439 -0.0059462990000000
440 -0.0065425990000000
441 -0.0073152990000000
442 -0.0059351990000000
443 -0.0045701990000000
444 -0.0080331990000000
445 -0.0112048990000000
446 -0.0103047990000000
447 -0.0094161990000000
448 -0.0083399990000000
449 -0.0091524990000000
450 -0.0110933990000000
451 -0.0130883990000000
452 -0.0157580990000000
453 -0.0158123990000000
454 -0.0128870990000000
455 -0.0114123990000000
456 -0.0114195990000000
457 -0.0108103990000000
458 -0.0115165990000000
459 -0.0153133990000000
460 -0.0146981990000000
461 -0.0160388990000000
462 -0.0162101990000000
463 -0.0157099990000000
464 -0.0171540990000000
465 -0.0190131990000000
466 -0.0181138990000000
467 -0.0189655990000000
468 -0.0195659990000000
469 -0.0192798990000000
470 -0.0176335990000000
471 -0.0187568990000000
472 -0.0193345990000000
473 -0.0196586990000000
474 -0.0207010990000000
475 -0.0207508990000000
476 -0.0200621990000000
477 -0.0196530990000000
478 -0.0183227990000000
479 -0.0207591990000000
480 -0.0213551990000000
481 -0.0213072990000000
482 -0.0237824990000000
483 -0.0232052990000000
484 -0.0234014990000000
485 -0.0230142990000000
486 -0.0188464990000000
487 -0.0176269990000000
488 -0.0168185990000000
489 -0.0134192990000000
490 -0.0118432990000000
491 -0.0145513990000000
492 -0.0091277990000000
493 -0.0088563990000000
494 -0.0072733990000000
495 -0.0088273990000000
496 -0.0078372990000000
497 -0.0123027990000000
498 -0.0128352990000000
499 -0.0131509990000000
500 -0.0138970990000000
501 -0.0147002990000000
502 -0.0129756990000000
503 -0.0131844990000000
504 -0.0118693990000000
505 -0.0118520990000000
506 -0.0095165990000000
507 -0.0103104990000000
508 -0.0089821990000000
509 -0.0112030990000000
510 -0.0112988990000000
511 -0.0080145990000000
512 -0.0107918990000000
513 -0.0138482990000000
514 -0.0119339990000000
515 -0.0114045990000000
516 -0.0095981990000000
517 -0.0076028990000000
518 -0.0054980990000000
519 -0.0069831990000000
520 -0.0075751990000000
521 -0.0084241990000000
522 -0.0154743990000000
523 -0.0141725990000000
524 -0.0129186990000000
525 -0.0133363990000000
526 -0.0138544990000000
527 -0.0122374990000000
528 -0.0168188990000000
529 -0.0172036990000000
530 -0.0150450990000000
531 -0.0150229990000000
532 -0.0119941990000000
533 -0.0146439990000000
534 -0.0152405990000000
535 -0.0139643990000000
536 -0.0126392990000000
537 -0.0116501990000000
538 -0.0104503990000000
539 -0.0081998990000000
540 -0.0083934990000000
541 -0.0072966990000000
542 -0.0069086990000000
543 -0.0092291990000000
544 -0.0066365990000000
545 -0.0100227990000000
546 -0.0118066990000000
547 -0.0127192990000000
548 -0.0133179990000000
549 -0.0154233990000000
550 -0.0123111990000000
551 -0.0123003990000000
552 -0.0101966990000000
553 -0.0106737990000000
554 -0.0127825990000000
555 -0.0097303990000000
556 -0.0108063990000000
557 -0.0127427990000000
558 -0.0155922990000000
559 -0.0165589990000000
560 -0.0157412990000000
561 -0.0152282990000000
562 -0.0171211990000000
563 -0.0169701990000000
564 -0.0193793990000000
565 -0.0159637990000000
566 -0.0151568990000000
567 -0.0141738990000000
568 -0.0135091990000000
569 -0.0148024990000000
570 -0.0155061990000000
571 -0.0156674990000000
572 -0.0158160990000000
573 -0.0143769990000000
574 -0.0114371990000000
575 -0.0147315990000000
576 -0.0132286990000000
577 -0.0089691990000000
578 -0.0103738990000000
579 -0.0111872990000000
580 -0.0156879990000000
581 -0.0168179990000000
582 -0.0144943990000000
583 -0.0138139990000000
584 -0.0133138990000000
585 -0.0150822990000000
586 -0.0162399990000000
587 -0.0181529990000000
588 -0.0195803990000000
589 -0.0204474990000000
590 -0.0182445990000000
591 -0.0191564990000000
592 -0.0179355990000000
593 -0.0200427990000000
594 -0.0180438990000000
595 -0.0175506990000000
596 -0.0148630990000000
597 -0.0153162990000000
598 -0.0140482990000000
599 -0.0177615990000000
600 -0.0174589990000000
1 0.3575297010000000
2 0.1593967010000000
3 0.1061942010000000
4 0.0633619010000000
5 0.0504292010000000
6 0.0396375010000000
7 0.0285283010000000
8 0.0176778010000000
9 0.0084118010000000
10 0.0026609010000000
11 -0.0031403990000000
12 -0.0041494990000000
13 -0.0064888990000000
14 -0.0063799990000000
15 -0.0083286990000000
16 -0.0110307990000000
17 -0.0099238990000000
18 -0.0106620990000000
19 -0.0090004990000000
20 -0.0140385990000000
21 -0.0131183990000000
22 -0.0129170990000000
23 -0.0167078990000000
24 -0.0155352990000000
25 -0.0142445990000000
26 -0.0153844990000000
27 -0.0159927990000000
28 -0.0162987990000000
29 -0.0148854990000000
30 -0.0148960990000000
31 -0.0152248990000000
32 -0.0167744990000000
33 -0.0190348990000000
34 -0.0164467990000000
35 -0.0154516990000000
36 -0.0168401990000000
37 -0.0159529990000000
38 -0.0156397990000000
39 -0.0137527990000000
40 -0.0139410990000000
41 -0.0141188990000000
42 -0.0159422990000000
43 -0.0123067990000000
44 -0.0118165990000000
45 -0.0113858990000000
46 -0.0115777990000000
47 -0.0118397990000000
48 -0.0122401990000000
49 -0.0109385990000000
50 -0.0142205990000000
51 -0.0159718990000000
52 -0.0180689990000000
53 -0.0190634990000000
54 -0.0177117990000000
55 -0.0188987990000000
56 -0.0199165990000000
57 -0.0199817990000000
58 -0.0183202990000000
59 -0.0189002990000000
60 -0.0193678990000000
61 -0.0179967990000000
62 -0.0194542990000000
63 -0.0161114990000000
64 -0.0135492990000000
65 -0.0131946990000000
66 -0.0124569990000000
67 -0.0133341990000000
68 -0.0146159990000000
69 -0.0110783990000000
70 -0.0110270990000000
71 -0.0128789990000000
72 -0.0124045990000000
73 -0.0136854990000000
74 -0.0156785990000000
75 -0.0151182990000000
76 -0.0147521990000000
77 -0.0166173990000000
78 -0.0179764990000000
79 -0.0192251990000000
80 -0.0174092990000000
81 -0.0182651990000000
82 -0.0169747990000000
83 -0.0184028990000000
84 -0.0186827990000000
85 -0.0157548990000000
86 -0.0158859990000000
87 -0.0152933990000000
88 -0.0162254990000000
89 -0.0154834990000000
90 -0.0173764990000000
91 -0.0176284990000000
92 -0.0185996990000000
93 -0.0207718990000000
94 -0.0209192990000000
95 -0.0213723990000000
96 -0.0217637990000000
97 -0.0215209990000000
98 -0.0202639990000000
99 -0.0196216990000000
100 -0.0213408990000000
101 -0.0207607990000000
102 -0.0203036990000000
103 -0.0211616990000000
104 -0.0224278990000000
105 -0.0209343990000000
106 -0.0192965990000000
107 -0.0186648990000000
108 -0.0190235990000000
109 -0.0199610990000000
110 -0.0164403990000000
111 -0.0143445990000000
112 -0.0151261990000000
113 -0.0116806990000000
114 -0.0108202990000000
115 -0.0117193990000000
116 -0.0119417990000000
117 -0.0128028990000000
118 -0.0130562990000000
119 -0.0122954990000000
120 -0.0141753990000000
121 -0.0117954990000000
122 -0.0107238990000000
123 -0.0126541990000000
124 -0.0123455990000000
125 -0.0103277990000000
126 -0.0159188990000000
127 -0.0143320990000000
128 -0.0157265990000000
129 -0.0170728990000000
130 -0.0173896990000000
131 -0.0164031990000000
132 -0.0191669990000000
133 -0.0172116990000000
134 -0.0163082990000000
135 -0.0169547990000000
136 -0.0192974990000000
137 -0.0201154990000000
138 -0.0184185990000000
139 -0.0188927990000000
140 -0.0184308990000000
141 -0.0191196990000000
142 -0.0182391990000000
143 -0.0198022990000000
144 -0.0202805990000000
145 -0.0182496990000000
146 -0.0168242990000000
147 -0.0164007990000000
148 -0.0158107990000000
149 -0.0164316990000000
150 -0.0178945990000000
151 -0.0174857990000000
152 -0.0149962990000000
153 -0.0150383990000000
154 -0.0151274990000000
155 -0.0164706990000000
156 -0.0163040990000000
157 -0.0166525990000000
158 -0.0157550990000000
159 -0.0159709990000000
160 -0.0152675990000000
161 -0.0141476990000000
162 -0.0157144990000000
163 -0.0142451990000000
164 -0.0146589990000000
165 -0.0165009990000000
166 -0.0168296990000000
167 -0.0199703990000000
168 -0.0196448990000000
169 -0.0160172990000000
170 -0.0168825990000000
171 -0.0176725990000000
172 -0.0151893990000000
173 -0.0143005990000000
174 -0.0144275990000000
175 -0.0125173990000000
176 -0.0127004990000000
177 -0.0117424990000000
178 -0.0114753990000000
179 -0.0114239990000000
180 -0.0088610990000000
181 -0.0091637990000000
182 -0.0123548990000000
183 -0.0112609990000000
184 -0.0131861990000000
185 -0.0143885990000000
186 -0.0088383990000000
187 -0.0087353990000000
188 -0.0093540990000000
189 -0.0127524990000000
190 -0.0159360990000000
191 -0.0179130990000000
192 -0.0178507990000000
193 -0.0171169990000000
194 -0.0167805990000000
195 -0.0169830990000000
196 -0.0156491990000000
197 -0.0158185990000000
198 -0.0158167990000000
199 -0.0146657990000000
200 -0.0156665990000000
201 -0.0190475990000000
202 -0.0198611990000000
203 -0.0165722990000000
204 -0.0185878990000000
205 -0.0179920990000000
206 -0.0162543990000000
207 -0.0143571990000000
208 -0.0151218990000000
209 -0.0153898990000000
210 -0.0149688990000000
211 -0.0139800990000000
212 -0.0141381990000000
213 -0.0149466990000000
214 -0.0162165990000000
215 -0.0175370990000000
216 -0.0192494990000000
217 -0.0172517990000000
218 -0.0175468990000000
219 -0.0190309990000000
220 -0.0191883990000000
221 -0.0188378990000000
222 -0.0164043990000000
223 -0.0143062990000000
224 -0.0159471990000000
225 -0.0135477990000000
226 -0.0134692990000000
227 -0.0146728990000000
228 -0.0126548990000000
229 -0.0128732990000000
230 -0.0145022990000000
231 -0.0145144990000000
232 -0.0136956990000000
233 -0.0163581990000000
234 -0.0141674990000000
235 -0.0162744990000000
236 -0.0173021990000000
237 -0.0173058990000000
238 -0.0140921990000000
239 -0.0136349990000000
240 -0.0139467990000000
241 -0.0115142990000000
242 -0.0114726990000000
243 -0.0134534990000000
244 -0.0110014990000000
245 -0.0085463990000000
246 -0.0114243990000000
247 -0.0105191990000000
248 -0.0150370990000000
249 -0.0148683990000000
250 -0.0120142990000000
251 -0.0144515990000000
252 -0.0173709990000000
253 -0.0158445990000000
254 -0.0160924990000000
255 -0.0152837990000000
256 -0.0191809990000000
257 -0.0175250990000000
258 -0.0172286990000000
259 -0.0157616990000000
260 -0.0199543990000000
261 -0.0207877990000000
262 -0.0220470990000000
263 -0.0214208990000000
264 -0.0203921990000000
265 -0.0199134990000000
266 -0.0193061990000000
267 -0.0196259990000000
268 -0.0206731990000000
269 -0.0199585990000000
270 -0.0193866990000000
271 -0.0207776990000000
272 -0.0196881990000000
273 -0.0174494990000000
274 -0.0172457990000000
275 -0.0143129990000000
276 -0.0122624990000000
277 -0.0141372990000000
278 -0.0124067990000000
279 -0.0110415990000000
280 -0.0097638990000000
281 -0.0099642990000000
282 -0.0116891990000000
283 -0.0126195990000000
284 -0.0138023990000000
285 -0.0134016990000000
286 -0.0165372990000000
287 -0.0159187990000000
288 -0.0153485990000000
289 -0.0182867990000000
290 -0.0182687990000000
291 -0.0180336990000000
292 -0.0169347990000000
293 -0.0167869990000000
294 -0.0173491990000000
295 -0.0175282990000000
296 -0.0198817990000000
297 -0.0181531990000000
298 -0.0180905990000000
299 -0.0173191990000000
300 -0.0173680990000000
301 -0.0171209990000000
302 -0.0178352990000000
303 -0.0186761990000000
304 -0.0185869990000000
305 -0.0207491990000000
306 -0.0197170990000000
307 -0.0170475990000000
308 -0.0172431990000000
309 -0.0167309990000000
310 -0.0169746990000000
311 -0.0172963990000000
312 -0.0177656990000000
313 -0.0150719990000000
314 -0.0126805990000000
315 -0.0126762990000000
316 -0.0134128990000000
317 -0.0166868990000000
318 -0.0142640990000000
319 -0.0125672990000000
320 -0.0112041990000000
321 -0.0123942990000000
322 -0.0137418990000000
323 -0.0146606990000000
324 -0.0154898990000000
325 -0.0142888990000000
326 -0.0142396990000000
327 -0.0122854990000000
328 -0.0143453990000000
329 -0.0121523990000000
330 -0.0110981990000000
331 -0.0133796990000000
332 -0.0140678990000000
333 -0.0145553990000000
334 -0.0135012990000000
335 -0.0178769990000000
336 -0.0150768990000000
337 -0.0137806990000000
338 -0.0141416990000000
339 -0.0140582990000000
340 -0.0179648990000000
341 -0.0193401990000000
342 -0.0221591990000000
343 -0.0219176990000000
344 -0.0193393990000000
345 -0.0193128990000000
346 -0.0179005990000000
347 -0.0177601990000000
348 -0.0177550990000000
349 -0.0155851990000000
350 -0.0158626990000000
351 -0.0180610990000000
352 -0.0174134990000000
353 -0.0173311990000000
354 -0.0169468990000000
355 -0.0143604990000000
356 -0.0122677990000000
357 -0.0147686990000000
358 -0.0162582990000000
359 -0.0174589990000000
360 -0.0171887990000000
361 -0.0165659990000000
362 -0.0163925990000000
363 -0.0201168990000000
364 -0.0171255990000000
365 -0.0166143990000000
366 -0.0157016990000000
367 -0.0156300990000000
368 -0.0154031990000000
369 -0.0166670990000000
370 -0.0177611990000000
371 -0.0187455990000000
372 -0.0180123990000000
373 -0.0166889990000000
374 -0.0150526990000000
375 -0.0172033990000000
376 -0.0191989990000000
377 -0.0174345990000000
378 -0.0168476990000000
379 -0.0128084990000000
380 -0.0132191990000000
381 -0.0108570990000000
382 -0.0094185990000000
383 -0.0091680990000000
384 -0.0113245990000000
385 -0.0105242990000000
386 -0.0105569990000000
387 -0.0079450990000000
388 -0.0138695990000000
389 -0.0139210990000000
390 -0.0165224990000000
391 -0.0151384990000000
392 -0.0146802990000000
393 -0.0136822990000000
394 -0.0145957990000000
395 -0.0156793990000000
396 -0.0159046990000000
397 -0.0141613990000000
398 -0.0127489990000000
399 -0.0128104990000000
400 -0.0152566990000000
401 -0.0152508990000000
402 -0.0139234990000000
403 -0.0152879990000000
404 -0.0158412990000000
405 -0.0152184990000000
406 -0.0147187990000000
407 -0.0167342990000000
408 -0.0170302990000000
409 -0.0173670990000000
410 -0.0179858990000000
411 -0.0147415990000000
412 -0.0117360990000000
413 -0.0136418990000000
414 -0.0146307990000000
415 -0.0135682990000000
416 -0.0111347990000000
417 -0.0126833990000000
418 -0.0120185990000000
419 -0.0111777990000000
420 -0.0116853990000000
421 -0.0143346990000000
422 -0.0155509990000000
423 -0.0135999990000000
424 -0.0141990990000000
425 -0.0143834990000000
426 -0.0131864990000000
427 -0.0143259990000000
428 -0.0148979990000000
429 -0.0129424990000000
430 -0.0140544990000000
431 -0.0129624990000000
432 -0.0103836990000000
433 -0.0116762990000000
434 -0.0084486990000000
435 -0.0045163990000000
436 -0.0081650990000000
437 -0.0067976990000000
438 -0.0062625990000000
439 -0.0059615990000000
440 -0.0076818990000000
441 -0.0084758990000000
442 -0.0081514990000000
443 -0.0099612990000000
444 -0.0138343990000000
445 -0.0137919990000000
446 -0.0126346990000000
447 -0.0149987990000000
448 -0.0162577990000000
449 -0.0171851990000000
450 -0.0176545990000000
451 -0.0164527990000000
452 -0.0160559990000000
453 -0.0152515990000000
454 -0.0165685990000000
455 -0.0176386990000000
456 -0.0162084990000000
457 -0.0139532990000000
458 -0.0122705990000000
459 -0.0146527990000000
460 -0.0154387990000000
461 -0.0125507990000000
462 -0.0111927990000000
463 -0.0136194990000000
464 -0.0155122990000000
465 -0.0151399990000000
466 -0.0118901990000000
467 -0.0107588990000000
468 -0.0112487990000000
469 -0.0122865990000000
470 -0.0151825990000000
471 -0.0162199990000000
472 -0.0167057990000000
473 -0.0198331990000000
474 -0.0181424990000000
475 -0.0179137990000000
476 -0.0175569990000000
477 -0.0171893990000000
478 -0.0186276990000000
479 -0.0222242990000000
480 -0.0216240990000000
481 -0.0192661990000000
482 -0.0186611990000000
483 -0.0182869990000000
484 -0.0190518990000000
485 -0.0190768990000000
486 -0.0169818990000000
487 -0.0146406990000000
488 -0.0169921990000000
489 -0.0165348990000000
490 -0.0179599990000000
491 -0.0183290990000000
492 -0.0166703990000000
493 -0.0161843990000000
494 -0.0153934990000000
495 -0.0176851990000000
496 -0.0184034990000000
497 -0.0184385990000000
498 -0.0159184990000000
499 -0.0153510990000000
500 -0.0148812990000000
501 -0.0155916990000000
502 -0.0154626990000000
503 -0.0164204990000000
504 -0.0143686990000000
505 -0.0148331990000000
506 -0.0179669990000000
507 -0.0189297990000000
508 -0.0180800990000000
509 -0.0143773990000000
510 -0.0138345990000000
511 -0.0143781990000000
512 -0.0110977990000000
513 -0.0123228990000000
514 -0.0112840990000000
515 -0.0140754990000000
516 -0.0121844990000000
517 -0.0124029990000000
518 -0.0125820990000000
519 -0.0144990990000000
520 -0.0152185990000000
521 -0.0149199990000000
522 -0.0157483990000000
523 -0.0146936990000000
524 -0.0167403990000000
525 -0.0185331990000000
526 -0.0199940990000000
527 -0.0188845990000000
528 -0.0185755990000000
529 -0.0202751990000000
530 -0.0206953990000000
531 -0.0189527990000000
532 -0.0196632990000000
533 -0.0173439990000000
534 -0.0151711990000000
535 -0.0139066990000000
536 -0.0133812990000000
537 -0.0140613990000000
538 -0.0153535990000000
539 -0.0154177990000000
540 -0.0152155990000000
541 -0.0154764990000000
542 -0.0166499990000000
543 -0.0139467990000000
544 -0.0141168990000000
545 -0.0156131990000000
546 -0.0140316990000000
547 -0.0164388990000000
548 -0.0166853990000000
549 -0.0187892990000000
550 -0.0198252990000000
551 -0.0183400990000000
552 -0.0185757990000000
553 -0.0192177990000000
554 -0.0179150990000000
555 -0.0172777990000000
556 -0.0139846990000000
557 -0.0125756990000000
558 -0.0125627990000000
559 -0.0116274990000000
560 -0.0113986990000000
561 -0.0086876990000000
562 -0.0076329990000000
563 -0.0088533990000000
564 -0.0100312990000000
565 -0.0115797990000000
566 -0.0113828990000000
567 -0.0116791990000000
568 -0.0129970990000000
569 -0.0124665990000000
570 -0.0142990990000000
571 -0.0149594990000000
572 -0.0154496990000000
573 -0.0117745990000000
574 -0.0144564990000000
575 -0.0130490990000000
576 -0.0128486990000000
577 -0.0127235990000000
578 -0.0131699990000000
579 -0.0131885990000000
580 -0.0145489990000000
581 -0.0131875990000000
582 -0.0125202990000000
583 -0.0132307990000000
584 -0.0119639990000000
585 -0.0103237990000000
586 -0.0125190990000000
587 -0.0110789990000000
588 -0.0134647990000000
589 -0.0135906990000000
590 -0.0130442990000000
591 -0.0153526990000000
592 -0.0154190990000000
593 -0.0160563990000000
594 -0.0150612990000000
595 -0.0144077990000000
596 -0.0145032990000000
597 -0.0148224990000000
598 -0.0163836990000000
599 -0.0135193990000000
600 -0.0134876990000000
1 0.3506266010000000
2 0.1405097010000000
3 0.1031389010000000
4 0.0796855010000000
5 0.0504641010000000
6 0.0391430010000000
7 0.0223639010000000
8 0.0201850010000000
9 0.0154856010000000
10 0.0104224010000000
11 0.0028473010000000
12 -0.0057475990000000
13 -0.0062102990000000
14 -0.0097020990000000
15 -0.0114493990000000
16 -0.0135402990000000
17 -0.0125414990000000
18 -0.0095881990000000
19 -0.0115071990000000
20 -0.0126822990000000
21 -0.0106215990000000
22 -0.0110836990000000
23 -0.0088167990000000
24 -0.0090869990000000
25 -0.0093763990000000
26 -0.0071502990000000
27 -0.0073040990000000
28 -0.0097556990000000
29 -0.0092255990000000
30 -0.0153292990000000
31 -0.0164054990000000
32 -0.0161413990000000
33 -0.0184784990000000
34 -0.0184284990000000
35 -0.0189219990000000
36 -0.0178799990000000
37 -0.0163593990000000
38 -0.0168625990000000
39 -0.0182422990000000
40 -0.0185315990000000
41 -0.0191081990000000
42 -0.0198371990000000
43 -0.0193867990000000
44 -0.0193613990000000
45 -0.0183791990000000
46 -0.0175711990000000
47 -0.0179578990000000
48 -0.0161320990000000
49 -0.0139975990000000
50 -0.0148687990000000
51 -0.0148741990000000
52 -0.0145909990000000
53 -0.0149963990000000
54 -0.0147996990000000
55 -0.0151195990000000
56 -0.0138164990000000
57 -0.0137000990000000
58 -0.0145846990000000
59 -0.0152825990000000
60 -0.0158502990000000
61 -0.0141541990000000
62 -0.0139659990000000
63 -0.0117851990000000
64 -0.0094180990000000
65 -0.0091836990000000
66 -0.0041869990000000
67 -0.0062220990000000
68 -0.0063991990000000
69 -0.0034706990000000
70 -0.0084918990000000
71 -0.0101703990000000
72 -0.0105554990000000
73 -0.0090408990000000
74 -0.0110099990000000
75 -0.0106893990000000
76 -0.0091943990000000
77 -0.0110261990000000
78 -0.0118445990000000
79 -0.0096358990000000
80 -0.0093715990000000
81 -0.0108378990000000
82 -0.0134831990000000
83 -0.0144883990000000
84 -0.0156505990000000
85 -0.0120164990000000
86 -0.0138557990000000
87 -0.0118418990000000
88 -0.0092443990000000
89 -0.0126252990000000
90 -0.0106507990000000
91 -0.0073346990000000
92 -0.0109635990000000
93 -0.0114876990000000
94 -0.0074245990000000
95 -0.0084474990000000
96 -0.0096596990000000
97 -0.0114923990000000
98 -0.0130283990000000
99 -0.0096855990000000
100 -0.0105174990000000
101 -0.0115232990000000
102 -0.0088628990000000
103 -0.0080505990000000
104 -0.0107908990000000
105 -0.0086033990000000
106 -0.0067924990000000
107 -0.0100036990000000
108 -0.0099824990000000
109 -0.0112044990000000
110 -0.0090848990000000
111 -0.0090258990000000
112 -0.0062739990000000
113 -0.0064203990000000
114 -0.0075860990000000
115 -0.0053169990000000
116 -0.0090561990000000
117 -0.0108521990000000
118 -0.0135419990000000
119 -0.0130270990000000
120 -0.0119021990000000
121 -0.0124800990000000
122 -0.0142513990000000
123 -0.0123688990000000
124 -0.0127292990000000
125 -0.0124955990000000
126 -0.0131225990000000
127 -0.0154836990000000
128 -0.0159733990000000
129 -0.0158507990000000
130 -0.0159084990000000
131 -0.0148947990000000
132 -0.0142501990000000
133 -0.0133457990000000
134 -0.0153830990000000
135 -0.0137092990000000
136 -0.0144962990000000
137 -0.0170557990000000
138 -0.0174110990000000
139 -0.0175405990000000
140 -0.0158124990000000
141 -0.0158122990000000
142 -0.0156676990000000
143 -0.0155248990000000
144 -0.0154106990000000
145 -0.0159239990000000
146 -0.0150742990000000
147 -0.0122563990000000
148 -0.0107948990000000
149 -0.0093232990000000
150 -0.0129329990000000
151 -0.0129188990000000
152 -0.0112629990000000
153 -0.0095796990000000
154 -0.0112556990000000
155 -0.0098178990000000
156 -0.0110206990000000
157 -0.0100357990000000
158 -0.0089405990000000
159 -0.0094992990000000
160 -0.0108535990000000
161 -0.0092556990000000
162 -0.0129128990000000
163 -0.0128783990000000
164 -0.0103450990000000
165 -0.0157317990000000
166 -0.0168987990000000
167 -0.0135626990000000
168 -0.0154082990000000
169 -0.0153676990000000
170 -0.0125841990000000
171 -0.0135705990000000
172 -0.0148603990000000
173 -0.0142344990000000
174 -0.0153978990000000
175 -0.0116127990000000
176 -0.0115120990000000
177 -0.0124045990000000
178 -0.0119571990000000
179 -0.0131669990000000
180 -0.0134360990000000
181 -0.0157204990000000
182 -0.0136897990000000
183 -0.0144783990000000
184 -0.0138409990000000
185 -0.0159021990000000
186 -0.0165415990000000
187 -0.0164389990000000
188 -0.0182203990000000
189 -0.0179155990000000
190 -0.0184202990000000
191 -0.0192026990000000
192 -0.0190181990000000
193 -0.0176464990000000
194 -0.0155033990000000
195 -0.0166946990000000
196 -0.0159907990000000
197 -0.0153785990000000
198 -0.0179767990000000
199 -0.0172987990000000
200 -0.0167336990000000
201 -0.0168951990000000
202 -0.0175663990000000
203 -0.0173993990000000
204 -0.0137634990000000
205 -0.0139709990000000
206 -0.0140156990000000
207 -0.0120429990000000
208 -0.0163836990000000
209 -0.0153218990000000
210 -0.0171607990000000
211 -0.0161094990000000
212 -0.0155598990000000
213 -0.0168890990000000
214 -0.0175826990000000
215 -0.0190715990000000
216 -0.0185180990000000
217 -0.0208518990000000
218 -0.0219055990000000
219 -0.0215607990000000
220 -0.0219667990000000
221 -0.0224976990000000
222 -0.0232538990000000
223 -0.0224324990000000
224 -0.0199481990000000
225 -0.0193113990000000
226 -0.0185160990000000
227 -0.0187268990000000
228 -0.0177110990000000
229 -0.0172984990000000
230 -0.0164401990000000
231 -0.0153082990000000
232 -0.0152428990000000
233 -0.0166426990000000
234 -0.0153059990000000
235 -0.0139213990000000
236 -0.0140536990000000
237 -0.0132389990000000
238 -0.0142300990000000
239 -0.0131867990000000
240 -0.0150407990000000
241 -0.0135779990000000
242 -0.0148952990000000
243 -0.0130752990000000
244 -0.0153921990000000
245 -0.0152834990000000
246 -0.0152765990000000
247 -0.0171106990000000
248 -0.0161232990000000
249 -0.0177328990000000
250 -0.0188220990000000
251 -0.0190784990000000
252 -0.0171686990000000
253 -0.0170126990000000
254 -0.0170450990000000
255 -0.0143428990000000
256 -0.0150420990000000
257 -0.0178933990000000
258 -0.0152143990000000
259 -0.0136397990000000
260 -0.0159246990000000
261 -0.0184275990000000
262 -0.0197805990000000
263 -0.0190281990000000
264 -0.0183926990000000
265 -0.0219202990000000
266 -0.0201142990000000
267 -0.0218604990000000
268 -0.0225354990000000
269 -0.0238867990000000
270 -0.0224013990000000
271 -0.0215766990000000
272 -0.0228735990000000
273 -0.0212884990000000
274 -0.0199422990000000
275 -0.0200820990000000
276 -0.0183815990000000
277 -0.0153634990000000
278 -0.0156038990000000
279 -0.0165985990000000
280 -0.0143956990000000
281 -0.0170635990000000
282 -0.0157863990000000
283 -0.0163218990000000
284 -0.0143195990000000
285 -0.0130325990000000
286 -0.0110496990000000
287 -0.0106733990000000
288 -0.0100744990000000
289 -0.0099244990000000
290 -0.0108631990000000
291 -0.0124637990000000
292 -0.0137413990000000
293 -0.0158232990000000
294 -0.0163734990000000
295 -0.0168430990000000
296 -0.0170472990000000
297 -0.0156939990000000
298 -0.0170884990000000
299 -0.0170006990000000
300 -0.0137222990000000
301 -0.0145132990000000
302 -0.0159407990000000
303 -0.0179278990000000
304 -0.0143293990000000
305 -0.0162914990000000
306 -0.0167601990000000
307 -0.0179249990000000
308 -0.0185607990000000
309 -0.0202242990000000
310 -0.0199596990000000
311 -0.0196461990000000
312 -0.0181651990000000
313 -0.0184327990000000
314 -0.0183052990000000
315 -0.0151870990000000
316 -0.0161607990000000
317 -0.0154940990000000
318 -0.0154783990000000
319 -0.0165959990000000
320 -0.0156255990000000
321 -0.0143447990000000
322 -0.0142955990000000
323 -0.0144750990000000
324 -0.0136627990000000
325 -0.0140086990000000
326 -0.0139818990000000
327 -0.0130524990000000
328 -0.0126010990000000
329 -0.0141175990000000
330 -0.0150579990000000
331 -0.0153748990000000
332 -0.0150328990000000
333 -0.0145135990000000
334 -0.0121038990000000
335 -0.0106569990000000
336 -0.0100997990000000
337 -0.0105265990000000
338 -0.0109345990000000
339 -0.0132890990000000
340 -0.0161518990000000
341 -0.0159530990000000
342 -0.0135109990000000
343 -0.0127636990000000
344 -0.0157023990000000
345 -0.0155413990000000
346 -0.0164223990000000
347 -0.0156540990000000
348 -0.0144074990000000
349 -0.0144740990000000
350 -0.0181152990000000
351 -0.0192143990000000
352 -0.0149005990000000
353 -0.0175404990000000
354 -0.0183360990000000
355 -0.0184110990000000
356 -0.0175014990000000
357 -0.0153537990000000
358 -0.0145931990000000
359 -0.0148485990000000
360 -0.0162718990000000
361 -0.0170797990000000
362 -0.0162049990000000
363 -0.0144028990000000
364 -0.0119674990000000
365 -0.0129277990000000
366 -0.0142778990000000
367 -0.0139078990000000
368 -0.0177093990000000
369 -0.0156284990000000
370 -0.0170937990000000
371 -0.0178751990000000
372 -0.0202279990000000
373 -0.0208354990000000
374 -0.0200766990000000
375 -0.0191050990000000
376 -0.0123308990000000
377 -0.0143394990000000
378 -0.0155513990000000
379 -0.0141363990000000
380 -0.0112355990000000
381 -0.0128251990000000
382 -0.0139142990000000
383 -0.0125619990000000
384 -0.0113215990000000
385 -0.0143529990000000
386 -0.0140028990000000
387 -0.0148618990000000
388 -0.0137616990000000
389 -0.0148903990000000
390 -0.0167452990000000
391 -0.0144481990000000
392 -0.0160843990000000
393 -0.0166524990000000
394 -0.0173731990000000
395 -0.0172119990000000
396 -0.0147728990000000
397 -0.0155316990000000
398 -0.0163351990000000
399 -0.0167155990000000
400 -0.0169510990000000
401 -0.0180724990000000
402 -0.0132869990000000
403 -0.0127788990000000
404 -0.0182221990000000
405 -0.0170176990000000
406 -0.0134119990000000
407 -0.0108050990000000
408 -0.0081261990000000
409 -0.0068575990000000
410 -0.0101933990000000
411 -0.0083509990000000
412 -0.0057381990000000
413 -0.0057670990000000
414 -0.0058980990000000
415 -0.0092147990000000
416 -0.0070985990000000
417 -0.0097269990000000
418 -0.0080398990000000
419 -0.0081848990000000
420 -0.0075221990000000
421 -0.0056762990000000
422 -0.0049371990000000
423 -0.0023746990000000
424 -0.0065521990000000
425 -0.0076987990000000
426 -0.0077527990000000
427 -0.0131365990000000
428 -0.0147563990000000
429 -0.0137138990000000
430 -0.0134922990000000
431 -0.0161195990000000
432 -0.0158373990000000
433 -0.0139425990000000
434 -0.0139722990000000
435 -0.0136389990000000
436 -0.0156441990000000
437 -0.0163697990000000
438 -0.0185129990000000
439 -0.0183167990000000
440 -0.0157034990000000
441 -0.0154459990000000
442 -0.0145992990000000
443 -0.0145507990000000
444 -0.0147964990000000
445 -0.0110132990000000
446 -0.0122160990000000
447 -0.0126062990000000
448 -0.0129767990000000
449 -0.0126966990000000
450 -0.0103417990000000
451 -0.0107261990000000
452 -0.0114119990000000
453 -0.0123741990000000
454 -0.0150543990000000
455 -0.0154718990000000
456 -0.0119904990000000
457 -0.0132509990000000
458 -0.0132951990000000
459 -0.0131866990000000
460 -0.0135861990000000
461 -0.0158389990000000
462 -0.0165263990000000
463 -0.0159310990000000
464 -0.0125016990000000
465 -0.0122320990000000
466 -0.0180530990000000
467 -0.0205097990000000
468 -0.0189805990000000
469 -0.0178014990000000
470 -0.0155989990000000
471 -0.0169848990000000
472 -0.0182769990000000
473 -0.0167045990000000
474 -0.0150279990000000
475 -0.0135606990000000
476 -0.0143770990000000
477 -0.0144260990000000
478 -0.0134655990000000
479 -0.0111414990000000
480 -0.0140737990000000
481 -0.0118434990000000
482 -0.0144347990000000
483 -0.0192667990000000
484 -0.0195342990000000
485 -0.0180011990000000
486 -0.0187841990000000
487 -0.0199858990000000
488 -0.0196248990000000
489 -0.0204652990000000
490 -0.0185968990000000
491 -0.0195655990000000
492 -0.0192034990000000
493 -0.0175155990000000
494 -0.0184613990000000
495 -0.0150544990000000
496 -0.0155235990000000
497 -0.0162839990000000
498 -0.0159093990000000
499 -0.0145905990000000
500 -0.0154283990000000
501 -0.0151283990000000
502 -0.0146299990000000
503 -0.0152220990000000
504 -0.0174228990000000
505 -0.0167976990000000
506 -0.0172262990000000
507 -0.0161084990000000
508 -0.0176204990000000
509 -0.0193791990000000
510 -0.0174423990000000
511 -0.0154138990000000
512 -0.0140263990000000
513 -0.0182469990000000
514 -0.0181516990000000
515 -0.0183639990000000
516 -0.0165347990000000
517 -0.0175955990000000
518 -0.0158985990000000
519 -0.0161057990000000
520 -0.0152615990000000
521 -0.0164921990000000
522 -0.0136259990000000
523 -0.0130627990000000
524 -0.0142325990000000
525 -0.0118535990000000
526 -0.0089803990000000
527 -0.0073516990000000
528 -0.0061890990000000
529 -0.0097881990000000
530 -0.0107349990000000
531 -0.0116221990000000
532 -0.0135155990000000
533 -0.0137886990000000
534 -0.0140446990000000
535 -0.0145539990000000
536 -0.0146037990000000
537 -0.0136176990000000
538 -0.0123433990000000
539 -0.0132032990000000
540 -0.0137899990000000
541 -0.0115435990000000
542 -0.0130295990000000
543 -0.0136065990000000
544 -0.0132262990000000
545 -0.0138926990000000
546 -0.0150216990000000
547 -0.0149515990000000
548 -0.0160339990000000
549 -0.0133583990000000
550 -0.0117322990000000
551 -0.0127357990000000
552 -0.0128702990000000
553 -0.0133199990000000
554 -0.0173251990000000
555 -0.0180474990000000
556 -0.0149113990000000
557 -0.0146890990000000
558 -0.0151862990000000
559 -0.0158928990000000
560 -0.0154211990000000
561 -0.0137431990000000
562 -0.0129618990000000
563 -0.0110110990000000
564 -0.0129200990000000
565 -0.0135907990000000
566 -0.0139605990000000
567 -0.0138679990000000
568 -0.0146312990000000
569 -0.0150170990000000
570 -0.0110544990000000
571 -0.0090131990000000
572 -0.0137704990000000
573 -0.0114144990000000
574 -0.0127373990000000
575 -0.0124778990000000
576 -0.0129162990000000
577 -0.0152624990000000
578 -0.0133553990000000
579 -0.0129038990000000
580 -0.0131148990000000
581 -0.0121820990000000
582 -0.0134517990000000
583 -0.0135308990000000
584 -0.0111018990000000
585 -0.0083512990000000
586 -0.0071901990000000
587 -0.0092813990000000
588 -0.0109436990000000
589 -0.0108922990000000
590 -0.0100035990000000
591 -0.0096278990000000
592 -0.0095626990000000
593 -0.0089180990000000
594 -0.0106759990000000
595 -0.0130725990000000
596 -0.0147862990000000
597 -0.0132673990000000
598 -0.0135476990000000
599 -0.0186648990000000
600 -0.0192474990000000
1 0.3275901010000000
2 0.1504736010000000
3 0.0994779010000000
4 0.0685992010000000
5 0.0527487010000000
6 0.0336822010000000
7 0.0277138010000000
8 0.0226868010000000
9 0.0124165010000000
10 0.0041923010000000
11 0.0014202010000000
12 -0.0022154990000000
13 -0.0020824990000000
14 -0.0027425990000000
15 -0.0074595990000000
16 -0.0098521990000000
17 -0.0091342990000000
18 -0.0099174990000000
19 -0.0132906990000000
20 -0.0125352990000000
21 -0.0153601990000000
22 -0.0175012990000000
23 -0.0151295990000000
24 -0.0137047990000000
25 -0.0152354990000000
26 -0.0142375990000000
27 -0.0127322990000000
28 -0.0122321990000000
29 -0.0117888990000000
30 -0.0098406990000000
31 -0.0114288990000000
32 -0.0063761990000000
33 -0.0089173990000000
34 -0.0111177990000000
35 -0.0120282990000000
36 -0.0104266990000000
37 -0.0108205990000000
38 -0.0112856990000000
39 -0.0121260990000000
40 -0.0142561990000000
41 -0.0134904990000000
42 -0.0168989990000000
43 -0.0184473990000000
44 -0.0197278990000000
45 -0.0162405990000000
46 -0.0166682990000000
47 -0.0180594990000000
48 -0.0148300990000000
49 -0.0144546990000000
50 -0.0137566990000000
51 -0.0152063990000000
52 -0.0168595990000000
53 -0.0151460990000000
54 -0.0142675990000000
55 -0.0144608990000000
56 -0.0177564990000000
57 -0.0156578990000000
58 -0.0167758990000000
59 -0.0177672990000000
60 -0.0155118990000000
61 -0.0142432990000000
62 -0.0157175990000000
63 -0.0167603990000000
64 -0.0146663990000000
65 -0.0158183990000000
66 -0.0157973990000000
67 -0.0147147990000000
68 -0.0151398990000000
69 -0.0149953990000000
70 -0.0174273990000000
71 -0.0158871990000000
72 -0.0162710990000000
73 -0.0168087990000000
74 -0.0146843990000000
75 -0.0132563990000000
76 -0.0114255990000000
77 -0.0125087990000000
78 -0.0142014990000000
79 -0.0136639990000000
80 -0.0115113990000000
81 -0.0141437990000000
82 -0.0147636990000000
83 -0.0125130990000000
84 -0.0135601990000000
85 -0.0144100990000000
86 -0.0141331990000000
87 -0.0121291990000000
88 -0.0123175990000000
89 -0.0126652990000000
90 -0.0125911990000000
91 -0.0116085990000000
92 -0.0146195990000000
93 -0.0149160990000000
94 -0.0128235990000000
95 -0.0148576990000000
96 -0.0119667990000000
97 -0.0141559990000000
98 -0.0130693990000000
99 -0.0135873990000000
100 -0.0157047990000000
101 -0.0115023990000000
102 -0.0127418990000000
103 -0.0129719990000000
104 -0.0127567990000000
105 -0.0119549990000000
106 -0.0109722990000000
107 -0.0116862990000000
108 -0.0133805990000000
109 -0.0097768990000000
110 -0.0096243990000000
111 -0.0097067990000000
112 -0.0107166990000000
113 -0.0128105990000000
114 -0.0099316990000000
115 -0.0091753990000000
116 -0.0123850990000000
117 -0.0116028990000000
118 -0.0141161990000000
119 -0.0155810990000000
120 -0.0153836990000000
121 -0.0166420990000000
122 -0.0152314990000000
123 -0.0146113990000000
124 -0.0185828990000000
125 -0.0150141990000000
126 -0.0143823990000000
127 -0.0158626990000000
128 -0.0138711990000000
129 -0.0130723990000000
130 -0.0067306990000000
131 -0.0063202990000000
132 -0.0059251990000000
133 -0.0059717990000000
134 -0.0088827990000000
135 -0.0106400990000000
136 -0.0111448990000000
137 -0.0138049990000000
138 -0.0161764990000000
139 -0.0179587990000000
140 -0.0180643990000000
141 -0.0180657990000000
142 -0.0182815990000000
143 -0.0191427990000000
144 -0.0151844990000000
145 -0.0168199990000000
146 -0.0132801990000000
147 -0.0122128990000000
148 -0.0134392990000000
149 -0.0126685990000000
150 -0.0116001990000000
151 -0.0110839990000000
152 -0.0102463990000000
153 -0.0096519990000000
154 -0.0108187990000000
155 -0.0112162990000000
156 -0.0106540990000000
157 -0.0088851990000000
158 -0.0118297990000000
159 -0.0127949990000000
160 -0.0100212990000000
161 -0.0108463990000000
162 -0.0113052990000000
163 -0.0099441990000000
164 -0.0121121990000000
165 -0.0170799990000000
166 -0.0160772990000000
167 -0.0151198990000000
168 -0.0187208990000000
169 -0.0184107990000000
170 -0.0189258990000000
171 -0.0180747990000000
172 -0.0205204990000000
173 -0.0199904990000000
174 -0.0183382990000000
175 -0.0174462990000000
176 -0.0149696990000000
177 -0.0165210990000000
178 -0.0184063990000000
179 -0.0199520990000000
180 -0.0208698990000000
181 -0.0214917990000000
182 -0.0210433990000000
183 -0.0204985990000000
184 -0.0229324990000000
185 -0.0241880990000000
186 -0.0251588990000000
187 -0.0248479990000000
188 -0.0235742990000000
189 -0.0227716990000000
190 -0.0244426990000000
191 -0.0227724990000000
192 -0.0224754990000000
193 -0.0223472990000000
194 -0.0223386990000000
195 -0.0216955990000000
196 -0.0208522990000000
197 -0.0192200990000000
198 -0.0169810990000000
199 -0.0168017990000000
200 -0.0135559990000000
201 -0.0163956990000000
202 -0.0162763990000000
203 -0.0143294990000000
204 -0.0149984990000000
205 -0.0160947990000000
206 -0.0132278990000000
207 -0.0136316990000000
208 -0.0142186990000000
209 -0.0139865990000000
210 -0.0149004990000000
211 -0.0149771990000000
212 -0.0147381990000000
213 -0.0139356990000000
214 -0.0153071990000000
215 -0.0171475990000000
216 -0.0161869990000000
217 -0.0146865990000000
218 -0.0135343990000000
219 -0.0142349990000000
220 -0.0135100990000000
221 -0.0134783990000000
222 -0.0158251990000000
223 -0.0162798990000000
224 -0.0140445990000000
225 -0.0107922990000000
226 -0.0102140990000000
227 -0.0098933990000000
228 -0.0124748990000000
229 -0.0112671990000000
230 -0.0111264990000000
231 -0.0112201990000000
232 -0.0128675990000000
233 -0.0137374990000000
234 -0.0169695990000000
235 -0.0146757990000000
236 -0.0165258990000000
237 -0.0145086990000000
238 -0.0157081990000000
239 -0.0152359990000000
240 -0.0159596990000000
241 -0.0150427990000000
242 -0.0154597990000000
243 -0.0161477990000000
244 -0.0158217990000000
245 -0.0139806990000000
246 -0.0158736990000000
247 -0.0172107990000000
248 -0.0169374990000000
249 -0.0163925990000000
250 -0.0176877990000000
251 -0.0151064990000000
252 -0.0152247990000000
253 -0.0168283990000000
254 -0.0173321990000000
255 -0.0165130990000000
256 -0.0134806990000000
257 -0.0135844990000000
258 -0.0124130990000000
259 -0.0133633990000000
260 -0.0114622990000000
261 -0.0103628990000000
262 -0.0096220990000000
263 -0.0095445990000000
264 -0.0094658990000000
265 -0.0073612990000000
266 -0.0086035990000000
267 -0.0099569990000000
268 -0.0066796990000000
269 -0.0064189990000000
270 -0.0062400990000000
271 -0.0079298990000000
272 -0.0102634990000000
273 -0.0100465990000000
274 -0.0091838990000000
275 -0.0107805990000000
276 -0.0111289990000000
277 -0.0145077990000000
278 -0.0141753990000000
279 -0.0157962990000000
280 -0.0173307990000000
281 -0.0161768990000000
282 -0.0170183990000000
283 -0.0170953990000000
284 -0.0147455990000000
285 -0.0142356990000000
286 -0.0160020990000000
287 -0.0137654990000000
288 -0.0141907990000000
289 -0.0165293990000000
290 -0.0166465990000000
291 -0.0140640990000000
292 -0.0162382990000000
293 -0.0163146990000000
294 -0.0149254990000000
295 -0.0152982990000000
296 -0.0131748990000000
297 -0.0119885990000000
298 -0.0105038990000000
299 -0.0123611990000000
300 -0.0119273990000000
301 -0.0128295990000000
302 -0.0133590990000000
303 -0.0121581990000000
304 -0.0133692990000000
305 -0.0129525990000000
306 -0.0113916990000000
307 -0.0107791990000000
308 -0.0095492990000000
309 -0.0120128990000000
310 -0.0130691990000000
311 -0.0114291990000000
312 -0.0130154990000000
313 -0.0133253990000000
314 -0.0139786990000000
315 -0.0141928990000000
316 -0.0156495990000000
317 -0.0143420990000000
318 -0.0147083990000000
319 -0.0137672990000000
320 -0.0168320990000000
321 -0.0162159990000000
322 -0.0134171990000000
323 -0.0149860990000000
324 -0.0149854990000000
325 -0.0128206990000000
326 -0.0155491990000000
327 -0.0150852990000000
328 -0.0140045990000000
329 -0.0154320990000000
330 -0.0138458990000000
331 -0.0127297990000000
332 -0.0125490990000000
333 -0.0106793990000000
334 -0.0140152990000000
335 -0.0150431990000000
336 -0.0136461990000000
337 -0.0153420990000000
338 -0.0167616990000000
339 -0.0160375990000000
340 -0.0153952990000000
341 -0.0135596990000000
342 -0.0156240990000000
343 -0.0150822990000000
344 -0.0171848990000000
345 -0.0158294990000000
346 -0.0141842990000000
347 -0.0149008990000000
348 -0.0137895990000000
349 -0.0150806990000000
350 -0.0189927990000000
351 -0.0185968990000000
352 -0.0191770990000000
353 -0.0187518990000000
354 -0.0191204990000000
355 -0.0180495990000000
356 -0.0166775990000000
357 -0.0145797990000000
358 -0.0157607990000000
359 -0.0135330990000000
360 -0.0138243990000000
361 -0.0115894990000000
362 -0.0139018990000000
363 -0.0117390990000000
364 -0.0124447990000000
365 -0.0098434990000000
366 -0.0099354990000000
367 -0.0087525990000000
368 -0.0098815990000000
369 -0.0102290990000000
370 -0.0106514990000000
371 -0.0112235990000000
372 -0.0102158990000000
373 -0.0097686990000000
374 -0.0094838990000000
375 -0.0090247990000000
376 -0.0102056990000000
377 -0.0115458990000000
378 -0.0111688990000000
379 -0.0101241990000000
380 -0.0104896990000000
381 -0.0090148990000000
382 -0.0094747990000000
383 -0.0106807990000000
384 -0.0120429990000000
385 -0.0120033990000000
386 -0.0112752990000000
387 -0.0140793990000000
388 -0.0142941990000000
389 -0.0167116990000000
390 -0.0141136990000000
391 -0.0156710990000000
392 -0.0147042990000000
393 -0.0149028990000000
394 -0.0130199990000000
395 -0.0121319990000000
396 -0.0142453990000000
397 -0.0147528990000000
398 -0.0153670990000000
399 -0.0160672990000000
400 -0.0143176990000000
401 -0.0138789990000000
402 -0.0130618990000000
403 -0.0124277990000000
404 -0.0123098990000000
405 -0.0125733990000000
406 -0.0126349990000000
407 -0.0142608990000000
408 -0.0133478990000000
409 -0.0148572990000000
410 -0.0139831990000000
411 -0.0119290990000000
412 -0.0132474990000000
413 -0.0126579990000000
414 -0.0084183990000000
415 -0.0106649990000000
416 -0.0123183990000000
417 -0.0083728990000000
418 -0.0111485990000000
419 -0.0088029990000000
420 -0.0071478990000000
421 -0.0105535990000000
422 -0.0114926990000000
423 -0.0080114990000000
424 -0.0128302990000000
425 -0.0125727990000000
426 -0.0085643990000000
427 -0.0100144990000000
428 -0.0116384990000000
429 -0.0138725990000000
430 -0.0116820990000000
431 -0.0121945990000000
432 -0.0153969990000000
433 -0.0139753990000000
434 -0.0128103990000000
435 -0.0146386990000000
436 -0.0154815990000000
437 -0.0147481990000000
438 -0.0126633990000000
439 -0.0100577990000000
440 -0.0129283990000000
441 -0.0141978990000000
442 -0.0134844990000000
443 -0.0147670990000000
444 -0.0159214990000000
445 -0.0186114990000000
446 -0.0197618990000000
447 -0.0167747990000000
448 -0.0150301990000000
449 -0.0161057990000000
450 -0.0146489990000000
451 -0.0140958990000000
452 -0.0176551990000000
453 -0.0201376990000000
454 -0.0198714990000000
455 -0.0190712990000000
456 -0.0186487990000000
457 -0.0147119990000000
458 -0.0147460990000000
459 -0.0156708990000000
460 -0.0147865990000000
461 -0.0146528990000000
462 -0.0165943990000000
463 -0.0164708990000000
464 -0.0160151990000000
465 -0.0177032990000000
466 -0.0162054990000000
467 -0.0140598990000000
468 -0.0129181990000000
469 -0.0142945990000000
470 -0.0171115990000000
471 -0.0184769990000000
472 -0.0196840990000000
473 -0.0186591990000000
474 -0.0191836990000000
475 -0.0166515990000000
476 -0.0166335990000000
477 -0.0154680990000000
478 -0.0117867990000000
479 -0.0135681990000000
480 -0.0124513990000000
481 -0.0102462990000000
482 -0.0102201990000000
483 -0.0126452990000000
484 -0.0120761990000000
485 -0.0115244990000000
486 -0.0127218990000000
487 -0.0154180990000000
488 -0.0154398990000000
489 -0.0164304990000000
490 -0.0166837990000000
491 -0.0148768990000000
492 -0.0138734990000000
493 -0.0133653990000000
494 -0.0117921990000000
495 -0.0102332990000000
496 -0.0122798990000000
497 -0.0104737990000000
498 -0.0104096990000000
499 -0.0120148990000000
500 -0.0130891990000000
501 -0.0121662990000000
502 -0.0142708990000000
503 -0.0160011990000000
504 -0.0158788990000000
505 -0.0168318990000000
506 -0.0175169990000000
507 -0.0171674990000000
508 -0.0197949990000000
509 -0.0171708990000000
510 -0.0159159990000000
511 -0.0157243990000000
512 -0.0168957990000000
513 -0.0181827990000000
514 -0.0180676990000000
515 -0.0148477990000000
516 -0.0150779990000000
517 -0.0143514990000000
518 -0.0158125990000000
519 -0.0114162990000000
520 -0.0123487990000000
521 -0.0129797990000000
522 -0.0149590990000000
523 -0.0167931990000000
524 -0.0169868990000000
525 -0.0187656990000000
526 -0.0197117990000000
527 -0.0177286990000000
528 -0.0191563990000000
529 -0.0168762990000000
530 -0.0152117990000000
531 -0.0179721990000000
532 -0.0181260990000000
533 -0.0151469990000000
534 -0.0197546990000000
535 -0.0199930990000000
536 -0.0170185990000000
537 -0.0120092990000000
538 -0.0141941990000000
539 -0.0157792990000000
540 -0.0156291990000000
541 -0.0131360990000000
542 -0.0115939990000000
543 -0.0146769990000000
544 -0.0129190990000000
545 -0.0107804990000000
546 -0.0091759990000000
547 -0.0056740990000000
548 -0.0077321990000000
549 -0.0086029990000000
550 -0.0070241990000000
551 -0.0078788990000000
552 -0.0090581990000000
553 -0.0097945990000000
554 -0.0095654990000000
555 -0.0107156990000000
556 -0.0132650990000000
557 -0.0127495990000000
558 -0.0113464990000000
559 -0.0105876990000000
560 -0.0125347990000000
561 -0.0132390990000000
562 -0.0143186990000000
563 -0.0147127990000000
564 -0.0137020990000000
565 -0.0136406990000000
566 -0.0136453990000000
567 -0.0134297990000000
568 -0.0159334990000000
569 -0.0149028990000000
570 -0.0137479990000000
571 -0.0148933990000000
572 -0.0168307990000000
573 -0.0143433990000000
574 -0.0155809990000000
575 -0.0144545990000000
576 -0.0151144990000000
577 -0.0132731990000000
578 -0.0146233990000000
579 -0.0142780990000000
580 -0.0158835990000000
581 -0.0174786990000000
582 -0.0191823990000000
583 -0.0189353990000000
584 -0.0205841990000000
585 -0.0199466990000000
586 -0.0201201990000000
587 -0.0191101990000000
588 -0.0177094990000000
589 -0.0136744990000000
590 -0.0141325990000000
591 -0.0144761990000000
592 -0.0146083990000000
593 -0.0161007990000000
594 -0.0117996990000000
595 -0.0115633990000000
596 -0.0079114990000000
597 -0.0091861990000000
598 -0.0131206990000000
599 -0.0133201990000000
600 -0.0094778990000000
1 0.3309308010000000
2 0.1458955010000000
3 0.0988368010000000
4 0.0777070010000000
5 0.0443859010000000
6 0.0344534010000000
7 0.0222764010000000
8 0.0139963010000000
9 0.0049128010000000
10 0.0015484010000000
11 -0.0015608990000000
12 -0.0010175990000000
13 -0.0024551990000000
14 -0.0049961990000000
15 -0.0079102990000000
16 -0.0114239990000000
17 -0.0090278990000000
18 -0.0133102990000000
19 -0.0146486990000000
20 -0.0159788990000000
21 -0.0163900990000000
22 -0.0168216990000000
23 -0.0174729990000000
24 -0.0178459990000000
25 -0.0176935990000000
26 -0.0184119990000000
27 -0.0171667990000000
28 -0.0174749990000000
29 -0.0158613990000000
30 -0.0162740990000000
31 -0.0153009990000000
32 -0.0150517990000000
33 -0.0141542990000000
34 -0.0145243990000000
35 -0.0129046990000000
36 -0.0151234990000000
37 -0.0174029990000000
38 -0.0156946990000000
39 -0.0148864990000000
40 -0.0149607990000000
41 -0.0128969990000000
42 -0.0141782990000000
43 -0.0154235990000000
44 -0.0154770990000000
45 -0.0148762990000000
46 -0.0153209990000000
47 -0.0155133990000000
48 -0.0156925990000000
49 -0.0167892990000000
50 -0.0105473990000000
51 -0.0094659990000000
52 -0.0111374990000000
53 -0.0120662990000000
54 -0.0126072990000000
55 -0.0128986990000000
56 -0.0123108990000000
57 -0.0121709990000000
58 -0.0155746990000000
59 -0.0176267990000000
60 -0.0201354990000000
61 -0.0196174990000000
62 -0.0202916990000000
63 -0.0177534990000000
64 -0.0179339990000000
65 -0.0185927990000000
66 -0.0168902990000000
67 -0.0179829990000000
68 -0.0186663990000000
69 -0.0175962990000000
70 -0.0168882990000000
71 -0.0178053990000000
72 -0.0181979990000000
73 -0.0205454990000000
74 -0.0185494990000000
75 -0.0157197990000000
76 -0.0152008990000000
77 -0.0183070990000000
78 -0.0202036990000000
79 -0.0186782990000000
80 -0.0178525990000000
81 -0.0174221990000000
82 -0.0192160990000000
83 -0.0186172990000000
84 -0.0160463990000000
85 -0.0152250990000000
86 -0.0146620990000000
87 -0.0132282990000000
88 -0.0156826990000000
89 -0.0141538990000000
90 -0.0137658990000000
91 -0.0156622990000000
92 -0.0180892990000000
93 -0.0195899990000000
94 -0.0195364990000000
95 -0.0211426990000000
96 -0.0186116990000000
97 -0.0181758990000000
98 -0.0181677990000000
99 -0.0192444990000000
100 -0.0194927990000000
101 -0.0214227990000000
102 -0.0192759990000000
103 -0.0196642990000000
104 -0.0174638990000000
105 -0.0151449990000000
106 -0.0136288990000000
107 -0.0157421990000000
108 -0.0162514990000000
109 -0.0164906990000000
110 -0.0152347990000000
111 -0.0167226990000000
112 -0.0147639990000000
113 -0.0148409990000000
114 -0.0174348990000000
115 -0.0170131990000000
116 -0.0179300990000000
117 -0.0160496990000000
118 -0.0155313990000000
119 -0.0192140990000000
120 -0.0160714990000000
121 -0.0139226990000000
122 -0.0111951990000000
123 -0.0117958990000000
124 -0.0087646990000000
125 -0.0122820990000000
126 -0.0031103990000000
127 -0.0040306990000000
128 -0.0088138990000000
129 -0.0082864990000000
130 -0.0068503990000000
131 -0.0065484990000000
132 -0.0090205990000000
133 -0.0085021990000000
134 -0.0081524990000000
135 -0.0075523990000000
136 -0.0093796990000000
137 -0.0077357990000000
138 -0.0074695990000000
139 -0.0077005990000000
140 -0.0090001990000000
141 -0.0092752990000000
142 -0.0111148990000000
143 -0.0106865990000000
144 -0.0078703990000000
145 -0.0096654990000000
146 -0.0114238990000000
147 -0.0121429990000000
148 -0.0139482990000000
149 -0.0136599990000000
150 -0.0124166990000000
151 -0.0159484990000000
152 -0.0147273990000000
153 -0.0107090990000000
154 -0.0126413990000000
155 -0.0138725990000000
156 -0.0126898990000000
157 -0.0172899990000000
158 -0.0159448990000000
159 -0.0186440990000000
160 -0.0205133990000000
161 -0.0186129990000000
162 -0.0209632990000000
163 -0.0200034990000000
164 -0.0189866990000000
165 -0.0199256990000000
166 -0.0211222990000000
167 -0.0202450990000000
168 -0.0185104990000000
169 -0.0196059990000000
170 -0.0217216990000000
171 -0.0222894990000000
172 -0.0205530990000000
173 -0.0199860990000000
174 -0.0174711990000000
175 -0.0146380990000000
176 -0.0123020990000000
177 -0.0122484990000000
178 -0.0110231990000000
179 -0.0123994990000000
180 -0.0140286990000000
181 -0.0121256990000000
182 -0.0132336990000000
183 -0.0112443990000000
184 -0.0113910990000000
185 -0.0138235990000000
186 -0.0133777990000000
187 -0.0143837990000000
188 -0.0153459990000000
189 -0.0145367990000000
190 -0.0157194990000000
191 -0.0144617990000000
192 -0.0162906990000000
193 -0.0147800990000000
194 -0.0160152990000000
195 -0.0160327990000000
196 -0.0148481990000000
197 -0.0162528990000000
198 -0.0162712990000000
199 -0.0144828990000000
200 -0.0162974990000000
201 -0.0120117990000000
202 -0.0124351990000000
203 -0.0148290990000000
204 -0.0170109990000000
205 -0.0153172990000000
206 -0.0140032990000000
207 -0.0142779990000000
208 -0.0147114990000000
209 -0.0124280990000000
210 -0.0111962990000000
211 -0.0120923990000000
212 -0.0104315990000000
213 -0.0113410990000000
214 -0.0114949990000000
215 -0.0107287990000000
216 -0.0155691990000000
217 -0.0149121990000000
218 -0.0144489990000000
219 -0.0153030990000000
220 -0.0167354990000000
221 -0.0128105990000000
222 -0.0108561990000000
223 -0.0108018990000000
224 -0.0120244990000000
225 -0.0125438990000000
226 -0.0126860990000000
227 -0.0137090990000000
228 -0.0125663990000000
229 -0.0112404990000000
230 -0.0124752990000000
231 -0.0109893990000000
232 -0.0113783990000000
233 -0.0128021990000000
234 -0.0123953990000000
235 -0.0156391990000000
236 -0.0148563990000000
237 -0.0133014990000000
238 -0.0167415990000000
239 -0.0161234990000000
240 -0.0154194990000000
241 -0.0143169990000000
242 -0.0135809990000000
243 -0.0138222990000000
244 -0.0115597990000000
245 -0.0158298990000000
246 -0.0147778990000000
247 -0.0128196990000000
248 -0.0117132990000000
249 -0.0126546990000000
250 -0.0139312990000000
251 -0.0167388990000000
252 -0.0144544990000000
253 -0.0138413990000000
254 -0.0176003990000000
255 -0.0198563990000000
256 -0.0190983990000000
257 -0.0189477990000000
258 -0.0185498990000000
259 -0.0180352990000000
260 -0.0142048990000000
261 -0.0183595990000000
262 -0.0178070990000000
263 -0.0157051990000000
264 -0.0174579990000000
265 -0.0175985990000000
266 -0.0144559990000000
267 -0.0165823990000000
268 -0.0178933990000000
269 -0.0173279990000000
270 -0.0173005990000000
271 -0.0170436990000000
272 -0.0168643990000000
273 -0.0188376990000000
274 -0.0169469990000000
275 -0.0161395990000000
276 -0.0154934990000000
277 -0.0157864990000000
278 -0.0163656990000000
279 -0.0145729990000000
280 -0.0136277990000000
281 -0.0132397990000000
282 -0.0158385990000000
283 -0.0151519990000000
284 -0.0168441990000000
285 -0.0147647990000000
286 -0.0138162990000000
287 -0.0163522990000000
288 -0.0127201990000000
289 -0.0127646990000000
290 -0.0155638990000000
291 -0.0146330990000000
292 -0.0132724990000000
293 -0.0153474990000000
294 -0.0175911990000000
295 -0.0142147990000000
296 -0.0146443990000000
297 -0.0172587990000000
298 -0.0130218990000000
299 -0.0131777990000000
300 -0.0118463990000000
301 -0.0065719990000000
302 -0.0088051990000000
303 -0.0081521990000000
304 -0.0068406990000000
305 -0.0084600990000000
306 -0.0127921990000000
307 -0.0139652990000000
308 -0.0133085990000000
309 -0.0126016990000000
310 -0.0148535990000000
311 -0.0118303990000000
312 -0.0120235990000000
313 -0.0112488990000000
314 -0.0113335990000000
315 -0.0090562990000000
316 -0.0109160990000000
317 -0.0105264990000000
318 -0.0102420990000000
319 -0.0075916990000000
320 -0.0091676990000000
321 -0.0052115990000000
322 -0.0037673990000000
323 -0.0063135990000000
324 -0.0077772990000000
325 -0.0021836990000000
326 -0.0024881990000000
327 -0.0048745990000000
328 -0.0077771990000000
329 -0.0108517990000000
330 -0.0102290990000000
331 -0.0099589990000000
332 -0.0120566990000000
333 -0.0096087990000000
334 -0.0107455990000000
335 -0.0113772990000000
336 -0.0105975990000000
337 -0.0093290990000000
338 -0.0089776990000000
339 -0.0100102990000000
340 -0.0095097990000000
341 -0.0112782990000000
342 -0.0106521990000000
343 -0.0115974990000000
344 -0.0112253990000000
345 -0.0121926990000000
346 -0.0126176990000000
347 -0.0129952990000000
348 -0.0125368990000000
349 -0.0132227990000000
350 -0.0124657990000000
351 -0.0133375990000000
352 -0.0127475990000000
353 -0.0107994990000000
354 -0.0157852990000000
355 -0.0175370990000000
356 -0.0150221990000000
357 -0.0124051990000000
358 -0.0128417990000000
359 -0.0135923990000000
360 -0.0133936990000000
361 -0.0109971990000000
362 -0.0130273990000000
363 -0.0143951990000000
364 -0.0144866990000000
365 -0.0099986990000000
366 -0.0109413990000000
367 -0.0116447990000000
368 -0.0118797990000000
369 -0.0133415990000000
370 -0.0152411990000000
371 -0.0162867990000000
372 -0.0176186990000000
373 -0.0161709990000000
374 -0.0156361990000000
375 -0.0141144990000000
376 -0.0158237990000000
377 -0.0157163990000000
378 -0.0146535990000000
379 -0.0124323990000000
380 -0.0091412990000000
381 -0.0093720990000000
382 -0.0125908990000000
383 -0.0135517990000000
384 -0.0119734990000000
385 -0.0130575990000000
386 -0.0143562990000000
387 -0.0116637990000000
388 -0.0134586990000000
389 -0.0130893990000000
390 -0.0110011990000000
391 -0.0131603990000000
392 -0.0182880990000000
393 -0.0173978990000000
394 -0.0180836990000000
395 -0.0183689990000000
396 -0.0188161990000000
397 -0.0170442990000000
398 -0.0154379990000000
399 -0.0171829990000000
400 -0.0170071990000000
401 -0.0154403990000000
402 -0.0164703990000000
403 -0.0188418990000000
404 -0.0188568990000000
405 -0.0162229990000000
406 -0.0158336990000000
407 -0.0172615990000000
408 -0.0167876990000000
409 -0.0175833990000000
410 -0.0179373990000000
411 -0.0174549990000000
412 -0.0184161990000000
413 -0.0161318990000000
414 -0.0147549990000000
415 -0.0139205990000000
416 -0.0116456990000000
417 -0.0134130990000000
418 -0.0118946990000000
419 -0.0131868990000000
420 -0.0151896990000000
421 -0.0138315990000000
422 -0.0112006990000000
423 -0.0133374990000000
424 -0.0144050990000000
425 -0.0161062990000000
426 -0.0166722990000000
427 -0.0158548990000000
428 -0.0179189990000000
429 -0.0197600990000000
430 -0.0181367990000000
431 -0.0177475990000000
432 -0.0181828990000000
433 -0.0177214990000000
434 -0.0167250990000000
435 -0.0169805990000000
436 -0.0164533990000000
437 -0.0150493990000000
438 -0.0144457990000000
439 -0.0117763990000000
440 -0.0137232990000000
441 -0.0174504990000000
442 -0.0175830990000000
443 -0.0172613990000000
444 -0.0157687990000000
445 -0.0167659990000000
446 -0.0166849990000000
447 -0.0162533990000000
448 -0.0158061990000000
449 -0.0160712990000000
450 -0.0148737990000000
451 -0.0166902990000000
452 -0.0137983990000000
453 -0.0156286990000000
454 -0.0159724990000000
455 -0.0137221990000000
456 -0.0142894990000000
457 -0.0143587990000000
458 -0.0129707990000000
459 -0.0121896990000000
460 -0.0140014990000000
461 -0.0154806990000000
462 -0.0138038990000000
463 -0.0141886990000000
464 -0.0123157990000000
465 -0.0113027990000000
466 -0.0120576990000000
467 -0.0114217990000000
468 -0.0129271990000000
469 -0.0141425990000000
470 -0.0142764990000000
471 -0.0127042990000000
472 -0.0106261990000000
473 -0.0103311990000000
474 -0.0111642990000000
475 -0.0128784990000000
476 -0.0141302990000000
477 -0.0130518990000000
478 -0.0132764990000000
479 -0.0131628990000000
480 -0.0145325990000000
481 -0.0150239990000000
482 -0.0153027990000000
483 -0.0173633990000000
484 -0.0148245990000000
485 -0.0163678990000000
486 -0.0189244990000000
487 -0.0200921990000000
488 -0.0186787990000000
489 -0.0187879990000000
490 -0.0163901990000000
491 -0.0152611990000000
492 -0.0162964990000000
493 -0.0130275990000000
494 -0.0120824990000000
495 -0.0146198990000000
496 -0.0123647990000000
497 -0.0132358990000000
498 -0.0163634990000000
499 -0.0169682990000000
500 -0.0148682990000000
501 -0.0154994990000000
502 -0.0156236990000000
503 -0.0129117990000000
504 -0.0134335990000000
505 -0.0141881990000000
506 -0.0152370990000000
507 -0.0148718990000000
508 -0.0152114990000000
509 -0.0157475990000000
510 -0.0164085990000000
511 -0.0150510990000000
512 -0.0137938990000000
513 -0.0145747990000000
514 -0.0159623990000000
515 -0.0169383990000000
516 -0.0182912990000000
517 -0.0163422990000000
518 -0.0131770990000000
519 -0.0165637990000000
520 -0.0172263990000000
521 -0.0173633990000000
522 -0.0146396990000000
523 -0.0135225990000000
524 -0.0180070990000000
525 -0.0151209990000000
526 -0.0151674990000000
527 -0.0152555990000000
528 -0.0138924990000000
529 -0.0166951990000000
530 -0.0174095990000000
531 -0.0158987990000000
532 -0.0167335990000000
533 -0.0154106990000000
534 -0.0127538990000000
535 -0.0139808990000000
536 -0.0158586990000000
537 -0.0148549990000000
538 -0.0121891990000000
539 -0.0098976990000000
540 -0.0113393990000000
541 -0.0124153990000000
542 -0.0115414990000000
543 -0.0137037990000000
544 -0.0112456990000000
545 -0.0112063990000000
546 -0.0103690990000000
547 -0.0112576990000000
548 -0.0120312990000000
549 -0.0127101990000000
550 -0.0112281990000000
551 -0.0122389990000000
552 -0.0115933990000000
553 -0.0109196990000000
554 -0.0100083990000000
555 -0.0100547990000000
556 -0.0107275990000000
557 -0.0067059990000000
558 -0.0083444990000000
559 -0.0100884990000000
560 -0.0087423990000000
561 -0.0081371990000000
562 -0.0113369990000000
563 -0.0113238990000000
564 -0.0152688990000000
565 -0.0154741990000000
566 -0.0162473990000000
567 -0.0182906990000000
568 -0.0202415990000000
569 -0.0185245990000000
570 -0.0201873990000000
571 -0.0212794990000000
572 -0.0211257990000000
573 -0.0196565990000000
574 -0.0178404990000000
575 -0.0190832990000000
576 -0.0193951990000000
577 -0.0187789990000000
578 -0.0202696990000000
579 -0.0211034990000000
580 -0.0194940990000000
581 -0.0202235990000000
582 -0.0197071990000000
583 -0.0172509990000000
584 -0.0162142990000000
585 -0.0154901990000000
586 -0.0142002990000000
587 -0.0129104990000000
588 -0.0108434990000000
589 -0.0100460990000000
590 -0.0098949990000000
591 -0.0130648990000000
592 -0.0171504990000000
593 -0.0172351990000000
594 -0.0180839990000000
595 -0.0167296990000000
596 -0.0146319990000000
597 -0.0131868990000000
598 -0.0131184990000000
599 -0.0135397990000000
600 -0.0124355990000000
1 0.3071786010000000
2 0.1440310010000000
3 0.0927914010000000
4 0.0693283010000000
5 0.0524784010000000
6 0.0386913010000000
7 0.0295585010000000
8 0.0175548010000000
9 0.0121120010000000
10 0.0037508010000000
11 0.0010816010000000
12 -0.0002430990000000
13 -0.0039128990000000
14 -0.0076947990000000
15 -0.0062487990000000
16 -0.0083226990000000
17 -0.0102381990000000
18 -0.0140407990000000
19 -0.0167166990000000
20 -0.0170352990000000
21 -0.0153871990000000
22 -0.0164109990000000
23 -0.0165801990000000
24 -0.0168327990000000
25 -0.0167606990000000
26 -0.0149786990000000
27 -0.0115071990000000
28 -0.0124900990000000
29 -0.0112778990000000
30 -0.0123175990000000
31 -0.0129707990000000
32 -0.0131823990000000
33 -0.0137386990000000
34 -0.0124914990000000
35 -0.0112556990000000
36 -0.0107877990000000
37 -0.0096443990000000
38 -0.0097626990000000
39 -0.0088340990000000
40 -0.0063920990000000
41 -0.0078863990000000
42 -0.0055469990000000
43 -0.0076469990000000
44 -0.0099500990000000
45 -0.0092988990000000
46 -0.0083770990000000
47 -0.0082692990000000
48 -0.0063775990000000
49 -0.0083971990000000
50 -0.0077559990000000
51 -0.0075244990000000
52 -0.0096471990000000
53 -0.0107773990000000
54 -0.0102655990000000
55 -0.0143221990000000
56 -0.0156397990000000
57 -0.0134370990000000
58 -0.0136997990000000
59 -0.0120346990000000
60 -0.0132933990000000
61 -0.0128538990000000
62 -0.0141358990000000
63 -0.0086975990000000
64 -0.0101179990000000
65 -0.0113321990000000
66 -0.0112010990000000
67 -0.0125165990000000
68 -0.0131310990000000
69 -0.0138609990000000
70 -0.0142737990000000
71 -0.0162805990000000
72 -0.0158438990000000
73 -0.0148260990000000
74 -0.0155681990000000
75 -0.0136006990000000
76 -0.0144631990000000
77 -0.0149977990000000
78 -0.0149943990000000
79 -0.0170011990000000
80 -0.0167327990000000
81 -0.0175810990000000
82 -0.0190454990000000
83 -0.0169051990000000
84 -0.0163478990000000
85 -0.0170234990000000
86 -0.0187051990000000
87 -0.0196520990000000
88 -0.0160563990000000
89 -0.0145674990000000
90 -0.0183184990000000
91 -0.0185090990000000
92 -0.0192742990000000
93 -0.0177994990000000
94 -0.0192794990000000
95 -0.0209037990000000
96 -0.0219003990000000
97 -0.0222724990000000
98 -0.0209793990000000
99 -0.0205036990000000
100 -0.0182586990000000
101 -0.0185214990000000
102 -0.0197605990000000
103 -0.0176742990000000
104 -0.0191716990000000
105 -0.0186064990000000
106 -0.0185550990000000
107 -0.0178652990000000
108 -0.0177912990000000
109 -0.0211277990000000
110 -0.0195561990000000
111 -0.0218398990000000
112 -0.0195996990000000
113 -0.0179754990000000
114 -0.0201408990000000
115 -0.0186046990000000
116 -0.0181411990000000
117 -0.0169010990000000
118 -0.0171518990000000
119 -0.0185597990000000
120 -0.0191173990000000
121 -0.0185871990000000
122 -0.0158457990000000
123 -0.0152483990000000
124 -0.0160538990000000
125 -0.0149388990000000
126 -0.0103811990000000
127 -0.0100117990000000
128 -0.0094337990000000
129 -0.0080512990000000
130 -0.0069344990000000
131 -0.0065666990000000
132 -0.0104835990000000
133 -0.0096755990000000
134 -0.0101181990000000
135 -0.0110469990000000
136 -0.0088911990000000
137 -0.0130744990000000
138 -0.0138832990000000
139 -0.0150611990000000
140 -0.0121311990000000
141 -0.0156211990000000
142 -0.0138339990000000
143 -0.0140500990000000
144 -0.0172800990000000
145 -0.0162876990000000
146 -0.0210982990000000
147 -0.0221454990000000
148 -0.0218567990000000
149 -0.0228792990000000
150 -0.0186084990000000
151 -0.0182390990000000
152 -0.0162587990000000
153 -0.0155174990000000
154 -0.0136577990000000
155 -0.0169931990000000
156 -0.0176411990000000
157 -0.0164388990000000
158 -0.0172040990000000
159 -0.0183397990000000
160 -0.0204158990000000
161 -0.0157939990000000
162 -0.0142453990000000
163 -0.0154870990000000
164 -0.0167047990000000
165 -0.0149172990000000
166 -0.0160350990000000
167 -0.0143017990000000
168 -0.0128011990000000
169 -0.0136896990000000
170 -0.0117661990000000
171 -0.0123306990000000
172 -0.0131962990000000
173 -0.0132097990000000
174 -0.0157906990000000
175 -0.0145970990000000
176 -0.0175520990000000
177 -0.0164435990000000
178 -0.0168969990000000
179 -0.0191029990000000
180 -0.0151560990000000
181 -0.0130349990000000
182 -0.0117020990000000
183 -0.0127827990000000
184 -0.0137010990000000
185 -0.0136187990000000
186 -0.0167153990000000
187 -0.0119328990000000
188 -0.0119669990000000
189 -0.0130443990000000
190 -0.0144514990000000
191 -0.0137585990000000
192 -0.0147713990000000
193 -0.0181119990000000
194 -0.0154393990000000
195 -0.0155694990000000
196 -0.0156690990000000
197 -0.0154116990000000
198 -0.0164455990000000
199 -0.0166853990000000
200 -0.0164080990000000
201 -0.0142848990000000
202 -0.0157111990000000
203 -0.0193187990000000
204 -0.0177602990000000
205 -0.0178240990000000
206 -0.0187480990000000
207 -0.0156676990000000
208 -0.0142064990000000
209 -0.0134248990000000
210 -0.0157764990000000
211 -0.0127623990000000
212 -0.0156364990000000
213 -0.0162999990000000
214 -0.0160127990000000
215 -0.0156900990000000
216 -0.0170243990000000
217 -0.0139238990000000
218 -0.0137718990000000
219 -0.0137666990000000
220 -0.0162143990000000
221 -0.0155184990000000
222 -0.0175388990000000
223 -0.0178775990000000
224 -0.0156567990000000
225 -0.0145389990000000
226 -0.0167027990000000
227 -0.0159067990000000
228 -0.0105103990000000
229 -0.0102087990000000
230 -0.0102433990000000
231 -0.0107919990000000
232 -0.0102749990000000
233 -0.0105201990000000
234 -0.0095894990000000
235 -0.0069217990000000
236 -0.0061098990000000
237 -0.0056061990000000
238 -0.0043204990000000
239 -0.0031243990000000
240 -0.0022865990000000
241 -0.0074663990000000
242 -0.0094619990000000
243 -0.0087210990000000
244 -0.0100557990000000
245 -0.0125976990000000
246 -0.0112025990000000
247 -0.0118348990000000
248 -0.0140387990000000
249 -0.0158182990000000
250 -0.0170423990000000
251 -0.0162652990000000
252 -0.0194299990000000
253 -0.0158127990000000
254 -0.0136647990000000
255 -0.0156147990000000
256 -0.0132472990000000
257 -0.0102154990000000
258 -0.0089655990000000
259 -0.0138597990000000
260 -0.0123262990000000
261 -0.0090703990000000
262 -0.0104541990000000
263 -0.0107337990000000
264 -0.0107006990000000
265 -0.0106286990000000
266 -0.0104062990000000
267 -0.0112399990000000
268 -0.0110918990000000
269 -0.0125648990000000
270 -0.0135628990000000
271 -0.0146423990000000
272 -0.0168188990000000
273 -0.0146631990000000
274 -0.0153285990000000
275 -0.0153134990000000
276 -0.0142424990000000
277 -0.0143325990000000
278 -0.0162248990000000
279 -0.0157274990000000
280 -0.0147594990000000
281 -0.0142240990000000
282 -0.0150594990000000
283 -0.0136086990000000
284 -0.0135171990000000
285 -0.0135893990000000
286 -0.0140855990000000
287 -0.0154413990000000
288 -0.0161421990000000
289 -0.0150341990000000
290 -0.0164700990000000
291 -0.0187678990000000
292 -0.0177816990000000
293 -0.0188842990000000
294 -0.0193201990000000
295 -0.0211950990000000
296 -0.0190706990000000
297 -0.0202222990000000
298 -0.0173711990000000
299 -0.0151489990000000
300 -0.0152174990000000
301 -0.0137058990000000
302 -0.0129463990000000
303 -0.0146974990000000
304 -0.0159965990000000
305 -0.0184584990000000
306 -0.0187674990000000
307 -0.0172794990000000
308 -0.0178949990000000
309 -0.0172711990000000
310 -0.0177096990000000
311 -0.0196857990000000
312 -0.0207029990000000
313 -0.0180647990000000
314 -0.0180912990000000
315 -0.0156133990000000
316 -0.0162279990000000
317 -0.0164298990000000
318 -0.0163359990000000
319 -0.0177316990000000
320 -0.0171029990000000
321 -0.0146185990000000
322 -0.0140478990000000
323 -0.0151726990000000
324 -0.0157464990000000
325 -0.0145813990000000
326 -0.0121295990000000
327 -0.0123898990000000
328 -0.0131655990000000
329 -0.0142701990000000
330 -0.0121887990000000
331 -0.0123323990000000
332 -0.0120549990000000
333 -0.0130887990000000
334 -0.0116057990000000
335 -0.0117348990000000
336 -0.0096983990000000
337 -0.0128449990000000
338 -0.0132822990000000
339 -0.0102123990000000
340 -0.0114374990000000
341 -0.0123769990000000
342 -0.0127828990000000
343 -0.0153797990000000
344 -0.0145702990000000
345 -0.0156895990000000
346 -0.0182422990000000
347 -0.0176729990000000
348 -0.0181185990000000
349 -0.0157473990000000
350 -0.0166536990000000
351 -0.0182487990000000
352 -0.0171448990000000
353 -0.0167952990000000
354 -0.0166876990000000
355 -0.0159341990000000
356 -0.0156907990000000
357 -0.0150366990000000
358 -0.0136707990000000
359 -0.0127057990000000
360 -0.0132011990000000
361 -0.0124508990000000
362 -0.0124181990000000
363 -0.0125356990000000
364 -0.0142585990000000
365 -0.0152472990000000
366 -0.0139910990000000
367 -0.0127144990000000
368 -0.0142121990000000
369 -0.0103399990000000
370 -0.0076992990000000
371 -0.0090648990000000
372 -0.0108760990000000
373 -0.0099960990000000
374 -0.0122530990000000
375 -0.0120387990000000
376 -0.0163276990000000
377 -0.0161948990000000
378 -0.0170338990000000
379 -0.0187529990000000
380 -0.0215227990000000
381 -0.0186803990000000
382 -0.0182958990000000
383 -0.0164033990000000
384 -0.0141451990000000
385 -0.0116784990000000
386 -0.0118169990000000
387 -0.0149552990000000
388 -0.0142833990000000
389 -0.0127427990000000
390 -0.0128191990000000
391 -0.0130846990000000
392 -0.0113989990000000
393 -0.0128562990000000
394 -0.0116208990000000
395 -0.0097572990000000
396 -0.0055900990000000
397 -0.0052559990000000
398 -0.0047207990000000
399 -0.0067463990000000
400 -0.0099151990000000
401 -0.0120174990000000
402 -0.0116033990000000
403 -0.0098879990000000
404 -0.0128044990000000
405 -0.0147014990000000
406 -0.0153610990000000
407 -0.0138531990000000
408 -0.0131917990000000
409 -0.0157577990000000
410 -0.0168329990000000
411 -0.0168289990000000
412 -0.0181252990000000
413 -0.0183362990000000
414 -0.0181351990000000
415 -0.0176283990000000
416 -0.0175369990000000
417 -0.0187701990000000
418 -0.0156716990000000
419 -0.0151320990000000
420 -0.0148440990000000
421 -0.0159560990000000
422 -0.0153839990000000
423 -0.0161546990000000
424 -0.0161527990000000
425 -0.0175413990000000
426 -0.0177334990000000
427 -0.0177069990000000
428 -0.0156015990000000
429 -0.0142489990000000
430 -0.0171865990000000
431 -0.0170822990000000
432 -0.0154504990000000
433 -0.0162135990000000
434 -0.0160021990000000
435 -0.0143895990000000
436 -0.0162276990000000
437 -0.0165294990000000
438 -0.0173073990000000
439 -0.0167523990000000
440 -0.0160757990000000
441 -0.0149168990000000
442 -0.0141910990000000
443 -0.0131577990000000
444 -0.0174368990000000
445 -0.0139527990000000
446 -0.0142647990000000
447 -0.0165647990000000
448 -0.0157391990000000
449 -0.0155788990000000
450 -0.0167807990000000
451 -0.0181909990000000
452 -0.0166212990000000
453 -0.0157034990000000
454 -0.0194671990000000
455 -0.0163153990000000
456 -0.0132027990000000
457 -0.0144595990000000
458 -0.0168924990000000
459 -0.0131142990000000
460 -0.0111735990000000
461 -0.0091100990000000
462 -0.0124336990000000
463 -0.0130686990000000
464 -0.0131527990000000
465 -0.0128926990000000
466 -0.0139906990000000
467 -0.0120304990000000
468 -0.0104255990000000
469 -0.0122014990000000
470 -0.0147943990000000
471 -0.0140856990000000
472 -0.0138432990000000
473 -0.0118959990000000
474 -0.0123237990000000
475 -0.0133619990000000
476 -0.0128981990000000
477 -0.0148900990000000
478 -0.0145780990000000
479 -0.0153368990000000
480 -0.0161717990000000
481 -0.0176147990000000
482 -0.0178537990000000
483 -0.0194366990000000
484 -0.0183042990000000
485 -0.0167316990000000
486 -0.0145293990000000
487 -0.0150939990000000
488 -0.0149218990000000
489 -0.0150852990000000
490 -0.0140248990000000
491 -0.0150274990000000
492 -0.0153650990000000
493 -0.0139480990000000
494 -0.0156876990000000
495 -0.0127299990000000
496 -0.0141520990000000
497 -0.0141027990000000
498 -0.0140539990000000
499 -0.0172725990000000
500 -0.0167490990000000
501 -0.0179006990000000
502 -0.0191026990000000
503 -0.0199623990000000
504 -0.0174145990000000
505 -0.0161283990000000
506 -0.0168124990000000
507 -0.0173486990000000
508 -0.0203085990000000
509 -0.0196951990000000
510 -0.0191980990000000
511 -0.0216774990000000
512 -0.0199414990000000
513 -0.0200167990000000
514 -0.0193109990000000
515 -0.0209164990000000
516 -0.0205843990000000
517 -0.0183600990000000
518 -0.0197834990000000
519 -0.0223515990000000
520 -0.0219017990000000
521 -0.0180922990000000
522 -0.0170966990000000
523 -0.0154895990000000
524 -0.0162642990000000
525 -0.0151367990000000
526 -0.0145772990000000
527 -0.0142602990000000
528 -0.0134537990000000
529 -0.0104759990000000
530 -0.0105876990000000
531 -0.0105911990000000
532 -0.0107466990000000
533 -0.0100221990000000
534 -0.0098733990000000
535 -0.0097745990000000
536 -0.0077685990000000
537 -0.0099770990000000
538 -0.0123144990000000
539 -0.0134237990000000
540 -0.0136499990000000
541 -0.0144751990000000
542 -0.0145822990000000
543 -0.0149354990000000
544 -0.0131064990000000
545 -0.0141013990000000
546 -0.0141291990000000
547 -0.0164160990000000
548 -0.0149404990000000
549 -0.0167549990000000
550 -0.0158633990000000
551 -0.0159336990000000
552 -0.0160426990000000
553 -0.0124830990000000
554 -0.0116225990000000
555 -0.0150946990000000
556 -0.0151900990000000
557 -0.0171472990000000
558 -0.0162885990000000
559 -0.0162839990000000
560 -0.0145195990000000
561 -0.0152710990000000
562 -0.0133126990000000
563 -0.0127143990000000
564 -0.0120545990000000
565 -0.0092786990000000
566 -0.0077387990000000
567 -0.0132878990000000
568 -0.0115732990000000
569 -0.0110362990000000
570 -0.0093101990000000
571 -0.0092109990000000
572 -0.0107937990000000
573 -0.0108407990000000
574 -0.0111789990000000
575 -0.0120562990000000
576 -0.0104437990000000
577 -0.0125887990000000
578 -0.0142369990000000
579 -0.0113267990000000
580 -0.0134905990000000
581 -0.0114785990000000
582 -0.0132458990000000
583 -0.0111956990000000
584 -0.0123578990000000
585 -0.0121365990000000
586 -0.0111159990000000
587 -0.0123309990000000
588 -0.0129696990000000
589 -0.0121352990000000
590 -0.0117000990000000
591 -0.0115264990000000
592 -0.0089630990000000
593 -0.0096293990000000
594 -0.0095676990000000
595 -0.0149700990000000
596 -0.0139963990000000
597 -0.0147224990000000
598 -0.0157743990000000
599 -0.0130619990000000
600 -0.0124945990000000
1 0.3434595010000000
2 0.1469509010000000
3 0.0925525010000000
4 0.0618591010000000
5 0.0476296010000000
6 0.0359807010000000
7 0.0237976010000000
8 0.0156065010000000
9 0.0090499010000000
10 0.0080935010000000
11 0.0033559010000000
12 -0.0029875990000000
13 -0.0050486990000000
14 -0.0067080990000000
15 -0.0083584990000000
16 -0.0107608990000000
17 -0.0136634990000000
18 -0.0134981990000000
19 -0.0119139990000000
20 -0.0126059990000000
21 -0.0114503990000000
22 -0.0077112990000000
23 -0.0062662990000000
24 -0.0089456990000000
25 -0.0085152990000000
26 -0.0071976990000000
27 -0.0066810990000000
28 -0.0082587990000000
29 -0.0097351990000000
30 -0.0107764990000000
31 -0.0103556990000000
32 -0.0108664990000000
33 -0.0102090990000000
34 -0.0093692990000000
35 -0.0067274990000000
36 -0.0035019990000000
37 -0.0081457990000000
38 -0.0048193990000000
39 -0.0086926990000000
40 -0.0095089990000000
41 -0.0082907990000000
42 -0.0127843990000000
43 -0.0143605990000000
44 -0.0153422990000000
45 -0.0131614990000000
46 -0.0156242990000000
47 -0.0171345990000000
48 -0.0184601990000000
49 -0.0182211990000000
50 -0.0178980990000000
51 -0.0174003990000000
52 -0.0179507990000000
53 -0.0193418990000000
54 -0.0183829990000000
55 -0.0199422990000000
56 -0.0173549990000000
57 -0.0179716990000000
58 -0.0168518990000000
59 -0.0166146990000000
60 -0.0152481990000000
61 -0.0154361990000000
62 -0.0146853990000000
63 -0.0155630990000000
64 -0.0149066990000000
65 -0.0156025990000000
66 -0.0148203990000000
67 -0.0117137990000000
68 -0.0086599990000000
69 -0.0088606990000000
70 -0.0079684990000000
71 -0.0063978990000000
72 -0.0088129990000000
73 -0.0113036990000000
74 -0.0119099990000000
75 -0.0123060990000000
76 -0.0132359990000000
77 -0.0119931990000000
78 -0.0135293990000000
79 -0.0125681990000000
80 -0.0133903990000000
81 -0.0126697990000000
82 -0.0144684990000000
83 -0.0143574990000000
84 -0.0128129990000000
85 -0.0121227990000000
86 -0.0137374990000000
87 -0.0126147990000000
88 -0.0138715990000000
89 -0.0155519990000000
90 -0.0117810990000000
91 -0.0118580990000000
92 -0.0105600990000000
93 -0.0119237990000000
94 -0.0152303990000000
95 -0.0130737990000000
96 -0.0129255990000000
97 -0.0134226990000000
98 -0.0143599990000000
99 -0.0106564990000000
100 -0.0133813990000000
101 -0.0129421990000000
102 -0.0144945990000000
103 -0.0164736990000000
104 -0.0155294990000000
105 -0.0142841990000000
106 -0.0136040990000000
107 -0.0128535990000000
108 -0.0126507990000000
109 -0.0118122990000000
110 -0.0111521990000000
111 -0.0151247990000000
112 -0.0149774990000000
113 -0.0132016990000000
114 -0.0117489990000000
115 -0.0111179990000000
116 -0.0103275990000000
117 -0.0122451990000000
118 -0.0102044990000000
119 -0.0076080990000000
120 -0.0107260990000000
121 -0.0121496990000000
122 -0.0122539990000000
123 -0.0130828990000000
124 -0.0162368990000000
125 -0.0166391990000000
126 -0.0138136990000000
127 -0.0156995990000000
128 -0.0156653990000000
129 -0.0156572990000000
130 -0.0185228990000000
131 -0.0152205990000000
132 -0.0158980990000000
133 -0.0151096990000000
134 -0.0143526990000000
135 -0.0158413990000000
136 -0.0132684990000000
137 -0.0123715990000000
138 -0.0099202990000000
139 -0.0116721990000000
140 -0.0153857990000000
141 -0.0140206990000000
142 -0.0159996990000000
143 -0.0164054990000000
144 -0.0178562990000000
145 -0.0150992990000000
146 -0.0150008990000000
147 -0.0132025990000000
148 -0.0151239990000000
149 -0.0155568990000000
150 -0.0154213990000000
151 -0.0133493990000000
152 -0.0139496990000000
153 -0.0120796990000000
154 -0.0131271990000000
155 -0.0140591990000000
156 -0.0114765990000000
157 -0.0094874990000000
158 -0.0085339990000000
159 -0.0111451990000000
160 -0.0142454990000000
161 -0.0126133990000000
162 -0.0145870990000000
163 -0.0126438990000000
164 -0.0141585990000000
165 -0.0146754990000000
166 -0.0138744990000000
167 -0.0168368990000000
168 -0.0178263990000000
169 -0.0187493990000000
170 -0.0179039990000000
171 -0.0181087990000000
172 -0.0175347990000000
173 -0.0199026990000000
174 -0.0186009990000000
175 -0.0173946990000000
176 -0.0214496990000000
177 -0.0181495990000000
178 -0.0174610990000000
179 -0.0186186990000000
180 -0.0180333990000000
181 -0.0162572990000000
182 -0.0173412990000000
183 -0.0173630990000000
184 -0.0182596990000000
185 -0.0196600990000000
186 -0.0204458990000000
187 -0.0199857990000000
188 -0.0205214990000000
189 -0.0184048990000000
190 -0.0175360990000000
191 -0.0191598990000000
192 -0.0180147990000000
193 -0.0151332990000000
194 -0.0145562990000000
195 -0.0119680990000000
196 -0.0127236990000000
197 -0.0107525990000000
198 -0.0118502990000000
199 -0.0126110990000000
200 -0.0112269990000000
201 -0.0111891990000000
202 -0.0120774990000000
203 -0.0091891990000000
204 -0.0070755990000000
205 -0.0107887990000000
206 -0.0119867990000000
207 -0.0116678990000000
208 -0.0128129990000000
209 -0.0112912990000000
210 -0.0147208990000000
211 -0.0165466990000000
212 -0.0176100990000000
213 -0.0165757990000000
214 -0.0144310990000000
215 -0.0172253990000000
216 -0.0187366990000000
217 -0.0158948990000000
218 -0.0161119990000000
219 -0.0176547990000000
220 -0.0181460990000000
221 -0.0157015990000000
222 -0.0153249990000000
223 -0.0136958990000000
224 -0.0139443990000000
225 -0.0138240990000000
226 -0.0132875990000000
227 -0.0118156990000000
228 -0.0106434990000000
229 -0.0126298990000000
230 -0.0138716990000000
231 -0.0157265990000000
232 -0.0166331990000000
233 -0.0163220990000000
234 -0.0163197990000000
235 -0.0159580990000000
236 -0.0115535990000000
237 -0.0113528990000000
238 -0.0126315990000000
239 -0.0115231990000000
240 -0.0105244990000000
241 -0.0114051990000000
242 -0.0127172990000000
243 -0.0148635990000000
244 -0.0124402990000000
245 -0.0107770990000000
246 -0.0103340990000000
247 -0.0105928990000000
248 -0.0100502990000000
249 -0.0099043990000000
250 -0.0119486990000000
251 -0.0118764990000000
252 -0.0100170990000000
253 -0.0096399990000000
254 -0.0133972990000000
255 -0.0140394990000000
256 -0.0162896990000000
257 -0.0174212990000000
258 -0.0175101990000000
259 -0.0173675990000000
260 -0.0156009990000000
261 -0.0156250990000000
262 -0.0141233990000000
263 -0.0155444990000000
264 -0.0164123990000000
265 -0.0131564990000000
266 -0.0125766990000000
267 -0.0132808990000000
268 -0.0099233990000000
269 -0.0129455990000000
270 -0.0163390990000000
271 -0.0167590990000000
272 -0.0159199990000000
273 -0.0163314990000000
274 -0.0164907990000000
275 -0.0149423990000000
276 -0.0119173990000000
277 -0.0109579990000000
278 -0.0111880990000000
279 -0.0087003990000000
280 -0.0099708990000000
281 -0.0073566990000000
282 -0.0089009990000000
283 -0.0079189990000000
284 -0.0085103990000000
285 -0.0071397990000000
286 -0.0053595990000000
287 -0.0062122990000000
288 -0.0032858990000000
289 -0.0084892990000000
290 -0.0068946990000000
291 -0.0076916990000000
292 -0.0068971990000000
293 -0.0111248990000000
294 -0.0100964990000000
295 -0.0139158990000000
296 -0.0127930990000000
297 -0.0123389990000000
298 -0.0107668990000000
299 -0.0111458990000000
300 -0.0130261990000000
301 -0.0129581990000000
302 -0.0136437990000000
303 -0.0141875990000000
304 -0.0133662990000000
305 -0.0151416990000000
306 -0.0152002990000000
307 -0.0162466990000000
308 -0.0164125990000000
309 -0.0164138990000000
310 -0.0146267990000000
311 -0.0162980990000000
312 -0.0146969990000000
313 -0.0163363990000000
314 -0.0173054990000000
315 -0.0175870990000000
316 -0.0160378990000000
317 -0.0175554990000000
318 -0.0160326990000000
319 -0.0146493990000000
320 -0.0128032990000000
321 -0.0112256990000000
322 -0.0105100990000000
323 -0.0116044990000000
324 -0.0100004990000000
325 -0.0130634990000000
326 -0.0120133990000000
327 -0.0100687990000000
328 -0.0117280990000000
329 -0.0124495990000000
330 -0.0117904990000000
331 -0.0088502990000000
332 -0.0107703990000000
333 -0.0148958990000000
334 -0.0119218990000000
335 -0.0102815990000000
336 -0.0139305990000000
337 -0.0139346990000000
338 -0.0161159990000000
339 -0.0145059990000000
340 -0.0164297990000000
341 -0.0193526990000000
342 -0.0182854990000000
343 -0.0149873990000000
344 -0.0117001990000000
345 -0.0120132990000000
346 -0.0114407990000000
347 -0.0076018990000000
348 -0.0072759990000000
349 -0.0097438990000000
350 -0.0111847990000000
351 -0.0114465990000000
352 -0.0116164990000000
353 -0.0078161990000000
354 -0.0099544990000000
355 -0.0103206990000000
356 -0.0106342990000000
357 -0.0092544990000000
358 -0.0098960990000000
359 -0.0085476990000000
360 -0.0088978990000000
361 -0.0076319990000000
362 -0.0092024990000000
363 -0.0108172990000000
364 -0.0129755990000000
365 -0.0114577990000000
366 -0.0107595990000000
367 -0.0121777990000000
368 -0.0087786990000000
369 -0.0112735990000000
370 -0.0105622990000000
371 -0.0105776990000000
372 -0.0100083990000000
373 -0.0078413990000000
374 -0.0046197990000000
375 -0.0034887990000000
376 -0.0053258990000000
377 -0.0080788990000000
378 -0.0097174990000000
379 -0.0075997990000000
380 -0.0113706990000000
381 -0.0082442990000000
382 -0.0093878990000000
383 -0.0107841990000000
384 -0.0083708990000000
385 -0.0115409990000000
386 -0.0110915990000000
387 -0.0125897990000000
388 -0.0126379990000000
389 -0.0138951990000000
390 -0.0147359990000000
391 -0.0147422990000000
392 -0.0168309990000000
393 -0.0180696990000000
394 -0.0183145990000000
395 -0.0169403990000000
396 -0.0168639990000000
397 -0.0184650990000000
398 -0.0188456990000000
399 -0.0165343990000000
400 -0.0173267990000000
401 -0.0183622990000000
402 -0.0210398990000000
403 -0.0214071990000000
404 -0.0212742990000000
405 -0.0201076990000000
406 -0.0190515990000000
407 -0.0188989990000000
408 -0.0167399990000000
409 -0.0158724990000000
410 -0.0154736990000000
411 -0.0134261990000000
412 -0.0111947990000000
413 -0.0114399990000000
414 -0.0100332990000000
415 -0.0115353990000000
416 -0.0088788990000000
417 -0.0093185990000000
418 -0.0083044990000000
419 -0.0081352990000000
420 -0.0112990990000000
421 -0.0110829990000000
422 -0.0109751990000000
423 -0.0103133990000000
424 -0.0104976990000000
425 -0.0089683990000000
426 -0.0094874990000000
427 -0.0136036990000000
428 -0.0122672990000000
429 -0.0127023990000000
430 -0.0131263990000000
431 -0.0131299990000000
432 -0.0118335990000000
433 -0.0090892990000000
434 -0.0132457990000000
435 -0.0176179990000000
436 -0.0160302990000000
437 -0.0166066990000000
438 -0.0137368990000000
439 -0.0144542990000000
440 -0.0142221990000000
441 -0.0150566990000000
442 -0.0165039990000000
443 -0.0152149990000000
444 -0.0139426990000000
445 -0.0129861990000000
446 -0.0164492990000000
447 -0.0164327990000000
448 -0.0168883990000000
449 -0.0128112990000000
450 -0.0145621990000000
451 -0.0170116990000000
452 -0.0170198990000000
453 -0.0151709990000000
454 -0.0139583990000000
455 -0.0149667990000000
456 -0.0146012990000000
457 -0.0151810990000000
458 -0.0142212990000000
459 -0.0144930990000000
460 -0.0129757990000000
461 -0.0163272990000000
462 -0.0164549990000000
463 -0.0133679990000000
464 -0.0156536990000000
465 -0.0150330990000000
466 -0.0144571990000000
467 -0.0155307990000000
468 -0.0171609990000000
469 -0.0182344990000000
470 -0.0203172990000000
471 -0.0193587990000000
472 -0.0204456990000000
473 -0.0211162990000000
474 -0.0185670990000000
475 -0.0206351990000000
476 -0.0212227990000000
477 -0.0190331990000000
478 -0.0197949990000000
479 -0.0189269990000000
480 -0.0172042990000000
481 -0.0181972990000000
482 -0.0156612990000000
483 -0.0165521990000000
484 -0.0200897990000000
485 -0.0190517990000000
486 -0.0202381990000000
487 -0.0199493990000000
488 -0.0186621990000000
489 -0.0172008990000000
490 -0.0154815990000000
491 -0.0139599990000000
492 -0.0156959990000000
493 -0.0170352990000000
494 -0.0167350990000000
495 -0.0175170990000000
496 -0.0172238990000000
497 -0.0166427990000000
498 -0.0196502990000000
499 -0.0179058990000000
500 -0.0185438990000000
501 -0.0201629990000000
502 -0.0209155990000000
503 -0.0195342990000000
504 -0.0213714990000000
505 -0.0229697990000000
506 -0.0213622990000000
507 -0.0226418990000000
508 -0.0187760990000000
509 -0.0180524990000000
510 -0.0179443990000000
511 -0.0151482990000000
512 -0.0135407990000000
513 -0.0142230990000000
514 -0.0140082990000000
515 -0.0151137990000000
516 -0.0153157990000000
517 -0.0179353990000000
518 -0.0169912990000000
519 -0.0193545990000000
520 -0.0192432990000000
521 -0.0178527990000000
522 -0.0174967990000000
523 -0.0174302990000000
524 -0.0193505990000000
525 -0.0187605990000000
526 -0.0190198990000000
527 -0.0178320990000000
528 -0.0175724990000000
529 -0.0190875990000000
530 -0.0196461990000000
531 -0.0204402990000000
532 -0.0219277990000000
533 -0.0216093990000000
534 -0.0210161990000000
535 -0.0211300990000000
536 -0.0226924990000000
537 -0.0236568990000000
538 -0.0218087990000000
539 -0.0216904990000000
540 -0.0205160990000000
541 -0.0211526990000000
542 -0.0202335990000000
543 -0.0193361990000000
544 -0.0193424990000000
545 -0.0192618990000000
546 -0.0196351990000000
547 -0.0216146990000000
548 -0.0223525990000000
549 -0.0224859990000000
550 -0.0213727990000000
551 -0.0221160990000000
552 -0.0218793990000000
553 -0.0226233990000000
554 -0.0222378990000000
555 -0.0210842990000000
556 -0.0191699990000000
557 -0.0177753990000000
558 -0.0161728990000000
559 -0.0150658990000000
560 -0.0129016990000000
561 -0.0116797990000000
562 -0.0133035990000000
563 -0.0107381990000000
564 -0.0073017990000000
565 -0.0061654990000000
566 -0.0090865990000000
567 -0.0116300990000000
568 -0.0140220990000000
569 -0.0139521990000000
570 -0.0124653990000000
571 -0.0106387990000000
572 -0.0094672990000000
573 -0.0077915990000000
574 -0.0065251990000000
575 -0.0085133990000000
576 -0.0090937990000000
577 -0.0114889990000000
578 -0.0108751990000000
579 -0.0135954990000000
580 -0.0130671990000000
581 -0.0140027990000000
582 -0.0154833990000000
583 -0.0170224990000000
584 -0.0180337990000000
585 -0.0180980990000000
586 -0.0156576990000000
587 -0.0162968990000000
588 -0.0170797990000000
589 -0.0159999990000000
590 -0.0164925990000000
591 -0.0162226990000000
592 -0.0126517990000000
593 -0.0105028990000000
594 -0.0081251990000000
595 -0.0127898990000000
596 -0.0147417990000000
597 -0.0131317990000000
598 -0.0155751990000000
599 -0.0139347990000000
600 -0.0136317990000000
1 0.3395431010000000
2 0.1495346010000000
3 0.0916281010000000
4 0.0753198010000000
5 0.0505032010000000
6 0.0382115010000000
7 0.0267536010000000
8 0.0214163010000000
9 0.0129086010000000
10 0.0056493010000000
11 0.0054966010000000
12 -0.0037671990000000
13 -0.0041202990000000
14 -0.0055458990000000
15 -0.0096425990000000
16 -0.0114934990000000
17 -0.0106505990000000
18 -0.0123234990000000
19 -0.0130625990000000
20 -0.0111447990000000
21 -0.0133559990000000
22 -0.0126063990000000
23 -0.0132616990000000
24 -0.0150002990000000
25 -0.0160877990000000
26 -0.0157295990000000
27 -0.0144704990000000
28 -0.0141319990000000
29 -0.0144837990000000
30 -0.0153627990000000
31 -0.0128489990000000
32 -0.0136404990000000
33 -0.0149154990000000
34 -0.0181540990000000
35 -0.0190380990000000
36 -0.0196872990000000
37 -0.0184298990000000
38 -0.0195680990000000
39 -0.0191874990000000
40 -0.0212869990000000
41 -0.0201482990000000
42 -0.0201516990000000
43 -0.0202648990000000
44 -0.0181561990000000
45 -0.0168153990000000
46 -0.0155629990000000
47 -0.0167481990000000
48 -0.0167461990000000
49 -0.0133674990000000
50 -0.0120986990000000
51 -0.0082765990000000
52 -0.0098672990000000
53 -0.0124120990000000
54 -0.0130525990000000
55 -0.0155912990000000
56 -0.0139471990000000
57 -0.0173899990000000
58 -0.0173574990000000
59 -0.0201134990000000
60 -0.0183497990000000
61 -0.0184754990000000
62 -0.0167188990000000
63 -0.0155216990000000
64 -0.0170097990000000
65 -0.0171335990000000
66 -0.0178058990000000
67 -0.0173285990000000
68 -0.0180771990000000
69 -0.0187310990000000
70 -0.0174336990000000
71 -0.0140854990000000
72 -0.0128669990000000
73 -0.0120087990000000
74 -0.0136349990000000
75 -0.0135671990000000
76 -0.0131034990000000
77 -0.0135165990000000
78 -0.0168191990000000
79 -0.0157963990000000
80 -0.0149353990000000
81 -0.0139732990000000
82 -0.0123063990000000
83 -0.0143009990000000
84 -0.0140530990000000
85 -0.0148618990000000
86 -0.0158578990000000
87 -0.0153824990000000
88 -0.0147610990000000
89 -0.0132884990000000
90 -0.0136916990000000
91 -0.0129907990000000
92 -0.0132041990000000
93 -0.0130098990000000
94 -0.0120610990000000
95 -0.0130175990000000
96 -0.0132364990000000
97 -0.0132620990000000
98 -0.0176923990000000
99 -0.0151968990000000
100 -0.0155917990000000
101 -0.0164992990000000
102 -0.0161091990000000
103 -0.0145398990000000
104 -0.0131447990000000
105 -0.0138995990000000
106 -0.0127074990000000
107 -0.0150882990000000
108 -0.0150304990000000
109 -0.0152708990000000
110 -0.0145643990000000
111 -0.0132594990000000
112 -0.0121539990000000
113 -0.0106719990000000
114 -0.0092387990000000
115 -0.0099153990000000
116 -0.0131505990000000
117 -0.0101798990000000
118 -0.0096172990000000
119 -0.0091483990000000
120 -0.0066102990000000
121 -0.0062306990000000
122 -0.0059404990000000
123 -0.0063851990000000
124 -0.0088303990000000
125 -0.0092685990000000
126 -0.0092170990000000
127 -0.0097722990000000
128 -0.0110991990000000
129 -0.0088604990000000
130 -0.0117564990000000
131 -0.0101301990000000
132 -0.0105988990000000
133 -0.0115550990000000
134 -0.0108230990000000
135 -0.0138609990000000
136 -0.0098809990000000
137 -0.0114851990000000
138 -0.0085109990000000
139 -0.0091717990000000
140 -0.0108031990000000
141 -0.0118351990000000
142 -0.0128551990000000
143 -0.0134096990000000
144 -0.0102644990000000
145 -0.0129750990000000
146 -0.0113150990000000
147 -0.0117840990000000
148 -0.0129579990000000
149 -0.0148201990000000
150 -0.0141224990000000
151 -0.0162083990000000
152 -0.0164648990000000
153 -0.0159103990000000
154 -0.0152284990000000
155 -0.0152739990000000
156 -0.0140643990000000
157 -0.0172072990000000
158 -0.0165866990000000
159 -0.0196325990000000
160 -0.0201658990000000
161 -0.0180355990000000
162 -0.0157514990000000
163 -0.0175568990000000
164 -0.0178268990000000
165 -0.0178039990000000
166 -0.0181606990000000
167 -0.0162511990000000
168 -0.0144237990000000
169 -0.0134351990000000
170 -0.0150102990000000
171 -0.0153502990000000
172 -0.0111850990000000
173 -0.0132215990000000
174 -0.0112036990000000
175 -0.0102761990000000
176 -0.0105307990000000
177 -0.0107773990000000
178 -0.0141341990000000
179 -0.0123959990000000
180 -0.0120970990000000
181 -0.0129465990000000
182 -0.0147307990000000
183 -0.0149556990000000
184 -0.0160155990000000
185 -0.0162713990000000
186 -0.0128043990000000
187 -0.0141167990000000
188 -0.0151895990000000
189 -0.0157298990000000
190 -0.0162404990000000
191 -0.0160687990000000
192 -0.0152656990000000
193 -0.0161862990000000
194 -0.0179262990000000
195 -0.0192994990000000
196 -0.0197719990000000
197 -0.0188360990000000
198 -0.0180341990000000
199 -0.0164938990000000
200 -0.0175560990000000
201 -0.0166673990000000
202 -0.0162342990000000
203 -0.0141990990000000
204 -0.0153290990000000
205 -0.0132939990000000
206 -0.0128636990000000
207 -0.0150517990000000
208 -0.0138262990000000
209 -0.0137698990000000
210 -0.0127728990000000
211 -0.0155743990000000
212 -0.0163413990000000
213 -0.0173196990000000
214 -0.0170988990000000
215 -0.0192135990000000
216 -0.0182191990000000
217 -0.0192417990000000
218 -0.0189655990000000
219 -0.0196179990000000
220 -0.0190686990000000
221 -0.0204438990000000
222 -0.0206385990000000
223 -0.0177976990000000
224 -0.0152639990000000
225 -0.0175867990000000
226 -0.0190899990000000
227 -0.0166684990000000
228 -0.0166590990000000
229 -0.0154946990000000
230 -0.0169643990000000
231 -0.0181064990000000
232 -0.0148604990000000
233 -0.0149069990000000
234 -0.0203056990000000
235 -0.0194466990000000
236 -0.0179956990000000
237 -0.0191734990000000
238 -0.0170541990000000
239 -0.0195278990000000
240 -0.0197072990000000
241 -0.0196565990000000
242 -0.0182010990000000
243 -0.0174944990000000
244 -0.0185722990000000
245 -0.0183476990000000
246 -0.0168703990000000
247 -0.0160647990000000
248 -0.0166943990000000
249 -0.0161904990000000
250 -0.0168029990000000
251 -0.0169919990000000
252 -0.0140373990000000
253 -0.0134963990000000
254 -0.0135371990000000
255 -0.0172844990000000
256 -0.0181461990000000
257 -0.0162693990000000
258 -0.0174432990000000
259 -0.0179320990000000
260 -0.0158403990000000
261 -0.0157227990000000
262 -0.0133397990000000
263 -0.0135698990000000
264 -0.0144340990000000
265 -0.0130242990000000
266 -0.0120014990000000
267 -0.0114218990000000
268 -0.0106843990000000
269 -0.0109397990000000
270 -0.0119397990000000
271 -0.0117555990000000
272 -0.0138020990000000
273 -0.0127214990000000
274 -0.0109362990000000
275 -0.0125982990000000
276 -0.0127393990000000
277 -0.0126095990000000
278 -0.0134579990000000
279 -0.0127337990000000
280 -0.0123624990000000
281 -0.0133781990000000
282 -0.0144399990000000
283 -0.0102428990000000
284 -0.0099744990000000
285 -0.0095978990000000
286 -0.0068857990000000
287 -0.0115279990000000
288 -0.0113200990000000
289 -0.0077723990000000
290 -0.0092780990000000
291 -0.0096436990000000
292 -0.0113505990000000
293 -0.0094936990000000
294 -0.0103831990000000
295 -0.0113972990000000
296 -0.0142535990000000
297 -0.0150516990000000
298 -0.0125760990000000
299 -0.0102830990000000
300 -0.0130181990000000
301 -0.0120078990000000
302 -0.0109263990000000
303 -0.0133035990000000
304 -0.0160573990000000
305 -0.0136379990000000
306 -0.0146001990000000
307 -0.0148383990000000
308 -0.0145172990000000
309 -0.0158909990000000
310 -0.0149602990000000
311 -0.0126990990000000
312 -0.0133596990000000
313 -0.0118074990000000
314 -0.0131426990000000
315 -0.0111823990000000
316 -0.0134282990000000
317 -0.0140884990000000
318 -0.0129000990000000
319 -0.0134306990000000
320 -0.0159290990000000
321 -0.0136206990000000
322 -0.0117603990000000
323 -0.0115575990000000
324 -0.0132567990000000
325 -0.0119741990000000
326 -0.0076321990000000
327 -0.0121298990000000
328 -0.0133129990000000
329 -0.0098537990000000
330 -0.0102056990000000
331 -0.0091955990000000
332 -0.0106034990000000
333 -0.0094899990000000
334 -0.0144983990000000
335 -0.0138503990000000
336 -0.0091723990000000
337 -0.0092349990000000
338 -0.0101407990000000
339 -0.0121597990000000
340 -0.0124033990000000
341 -0.0126815990000000
342 -0.0138914990000000
343 -0.0137997990000000
344 -0.0160395990000000
345 -0.0158772990000000
346 -0.0172373990000000
347 -0.0194289990000000
348 -0.0193164990000000
349 -0.0210675990000000
350 -0.0211679990000000
351 -0.0212276990000000
352 -0.0174719990000000
353 -0.0156261990000000
354 -0.0162011990000000
355 -0.0176487990000000
356 -0.0162130990000000
357 -0.0138540990000000
358 -0.0135526990000000
359 -0.0136083990000000
360 -0.0118589990000000
361 -0.0123078990000000
362 -0.0132834990000000
363 -0.0092380990000000
364 -0.0097991990000000
365 -0.0061370990000000
366 -0.0060651990000000
367 -0.0025829990000000
368 -0.0017527990000000
369 -0.0030686990000000
370 -0.0082885990000000
371 -0.0060646990000000
372 -0.0076560990000000
373 -0.0060686990000000
374 -0.0069805990000000
375 -0.0112352990000000
376 -0.0153102990000000
377 -0.0144707990000000
378 -0.0147080990000000
379 -0.0140552990000000
380 -0.0112492990000000
381 -0.0113468990000000
382 -0.0107730990000000
383 -0.0130551990000000
384 -0.0088606990000000
385 -0.0116482990000000
386 -0.0088926990000000
387 -0.0106574990000000
388 -0.0086020990000000
389 -0.0086566990000000
390 -0.0110460990000000
391 -0.0116852990000000
392 -0.0112684990000000
393 -0.0121935990000000
394 -0.0100179990000000
395 -0.0094768990000000
396 -0.0064474990000000
397 -0.0039487990000000
398 -0.0114779990000000
399 -0.0113148990000000
400 -0.0104545990000000
401 -0.0111064990000000
402 -0.0099905990000000
403 -0.0107838990000000
404 -0.0125684990000000
405 -0.0157371990000000
406 -0.0148306990000000
407 -0.0134196990000000
408 -0.0148389990000000
409 -0.0118461990000000
410 -0.0105452990000000
411 -0.0104241990000000
412 -0.0104080990000000
413 -0.0101544990000000
414 -0.0123458990000000
415 -0.0112844990000000
416 -0.0116575990000000
417 -0.0079214990000000
418 -0.0088657990000000
419 -0.0128528990000000
420 -0.0112539990000000
421 -0.0098680990000000
422 -0.0123584990000000
423 -0.0143607990000000
424 -0.0141149990000000
425 -0.0163242990000000
426 -0.0174868990000000
427 -0.0169072990000000
428 -0.0141729990000000
429 -0.0119278990000000
430 -0.0135375990000000
431 -0.0146428990000000
432 -0.0157704990000000
433 -0.0161910990000000
434 -0.0165409990000000
435 -0.0158176990000000
436 -0.0177210990000000
437 -0.0158095990000000
438 -0.0135384990000000
439 -0.0121556990000000
440 -0.0140941990000000
441 -0.0131397990000000
442 -0.0100543990000000
443 -0.0085846990000000
444 -0.0082232990000000
445 -0.0088108990000000
446 -0.0094159990000000
447 -0.0116400990000000
448 -0.0142859990000000
449 -0.0146419990000000
450 -0.0146322990000000
451 -0.0151984990000000
452 -0.0135523990000000
453 -0.0123708990000000
454 -0.0115636990000000
455 -0.0147844990000000
456 -0.0124051990000000
457 -0.0143531990000000
458 -0.0140149990000000
459 -0.0161102990000000
460 -0.0158821990000000
461 -0.0152972990000000
462 -0.0164004990000000
463 -0.0160622990000000
464 -0.0194485990000000
465 -0.0194428990000000
466 -0.0183950990000000
467 -0.0181831990000000
468 -0.0200218990000000
469 -0.0193957990000000
470 -0.0166260990000000
471 -0.0168101990000000
472 -0.0158297990000000
473 -0.0166842990000000
474 -0.0172376990000000
475 -0.0139212990000000
476 -0.0133038990000000
477 -0.0130890990000000
478 -0.0145090990000000
479 -0.0157901990000000
480 -0.0153893990000000
481 -0.0135133990000000
482 -0.0125614990000000
483 -0.0141797990000000
484 -0.0138173990000000
485 -0.0118157990000000
486 -0.0148081990000000
487 -0.0133282990000000
488 -0.0143271990000000
489 -0.0107580990000000
490 -0.0095479990000000
491 -0.0123840990000000
492 -0.0126805990000000
493 -0.0119882990000000
494 -0.0121801990000000
495 -0.0110572990000000
496 -0.0093983990000000
497 -0.0078422990000000
498 -0.0073763990000000
499 -0.0070194990000000
500 -0.0070839990000000
501 -0.0095306990000000
502 -0.0117154990000000
503 -0.0137976990000000
504 -0.0159120990000000
505 -0.0167790990000000
506 -0.0160669990000000
507 -0.0149429990000000
508 -0.0168801990000000
509 -0.0127219990000000
510 -0.0142142990000000
511 -0.0126930990000000
512 -0.0132987990000000
513 -0.0131964990000000
514 -0.0127389990000000
515 -0.0153666990000000
516 -0.0187315990000000
517 -0.0179572990000000
518 -0.0164923990000000
519 -0.0160138990000000
520 -0.0184229990000000
521 -0.0191135990000000
522 -0.0184625990000000
523 -0.0170756990000000
524 -0.0154319990000000
525 -0.0172964990000000
526 -0.0154768990000000
527 -0.0152335990000000
528 -0.0149413990000000
529 -0.0145103990000000
530 -0.0135461990000000
531 -0.0146878990000000
532 -0.0152085990000000
533 -0.0159172990000000
534 -0.0156352990000000
535 -0.0126862990000000
536 -0.0120141990000000
537 -0.0125448990000000
538 -0.0094757990000000
539 -0.0076741990000000
540 -0.0114614990000000
541 -0.0108068990000000
542 -0.0092433990000000
543 -0.0081287990000000
544 -0.0104437990000000
545 -0.0142181990000000
546 -0.0157963990000000
547 -0.0164928990000000
548 -0.0169921990000000
549 -0.0189228990000000
550 -0.0211620990000000
551 -0.0226826990000000
552 -0.0231354990000000
553 -0.0214561990000000
554 -0.0193057990000000
555 -0.0180144990000000
556 -0.0168687990000000
557 -0.0164907990000000
558 -0.0175211990000000
559 -0.0153536990000000
560 -0.0130115990000000
561 -0.0154798990000000
562 -0.0138705990000000
563 -0.0123748990000000
564 -0.0112682990000000
565 -0.0146797990000000
566 -0.0132909990000000
567 -0.0144218990000000
568 -0.0162409990000000
569 -0.0179528990000000
570 -0.0162486990000000
571 -0.0137886990000000
572 -0.0152595990000000
573 -0.0146823990000000
574 -0.0153538990000000
575 -0.0170244990000000
576 -0.0148331990000000
577 -0.0155062990000000
578 -0.0142052990000000
579 -0.0146741990000000
580 -0.0166623990000000
581 -0.0152004990000000
582 -0.0172043990000000
583 -0.0155610990000000
584 -0.0146729990000000
585 -0.0124839990000000
586 -0.0149065990000000
587 -0.0158552990000000
588 -0.0154334990000000
589 -0.0163932990000000
590 -0.0136742990000000
591 -0.0116648990000000
592 -0.0126925990000000
593 -0.0141225990000000
594 -0.0141100990000000
595 -0.0127757990000000
596 -0.0113660990000000
597 -0.0107733990000000
598 -0.0126450990000000
599 -0.0138608990000000
600 -0.0131459990000000
1 0.3396044010000000
2 0.1671788010000000
3 0.0911112010000000
4 0.0668712010000000
5 0.0437261010000000
6 0.0315442010000000
7 0.0269481010000000
8 0.0184718010000000
9 0.0121829010000000
10 0.0053964010000000
11 0.0015679010000000
12 -0.0056776990000000
13 -0.0080757990000000
14 -0.0122421990000000
15 -0.0132060990000000
16 -0.0148938990000000
17 -0.0127455990000000
18 -0.0144868990000000
19 -0.0139223990000000
20 -0.0152014990000000
21 -0.0151215990000000
22 -0.0150942990000000
23 -0.0159871990000000
24 -0.0177183990000000
25 -0.0164347990000000
26 -0.0155629990000000
27 -0.0130400990000000
28 -0.0154632990000000
29 -0.0169410990000000
30 -0.0177807990000000
31 -0.0185334990000000
32 -0.0159352990000000
33 -0.0175280990000000
34 -0.0201656990000000
35 -0.0165594990000000
36 -0.0195869990000000
37 -0.0206397990000000
38 -0.0204231990000000
39 -0.0197054990000000
40 -0.0208346990000000
41 -0.0211329990000000
42 -0.0212619990000000
43 -0.0194552990000000
44 -0.0166992990000000
45 -0.0166677990000000
46 -0.0166522990000000
47 -0.0163924990000000
48 -0.0149304990000000
49 -0.0147573990000000
50 -0.0143695990000000
51 -0.0144481990000000
52 -0.0156408990000000
53 -0.0171923990000000
54 -0.0175025990000000
55 -0.0182103990000000
56 -0.0187415990000000
57 -0.0170245990000000
58 -0.0192330990000000
59 -0.0206665990000000
60 -0.0183490990000000
61 -0.0175658990000000
62 -0.0181984990000000
63 -0.0171249990000000
64 -0.0164426990000000
65 -0.0160228990000000
66 -0.0162517990000000
67 -0.0190471990000000
68 -0.0176863990000000
69 -0.0179529990000000
70 -0.0166470990000000
71 -0.0149399990000000
72 -0.0126617990000000
73 -0.0097964990000000
74 -0.0117425990000000
75 -0.0096581990000000
76 -0.0087589990000000
77 -0.0065565990000000
78 -0.0093697990000000
79 -0.0106211990000000
80 -0.0099333990000000
81 -0.0079962990000000
82 -0.0076958990000000
83 -0.0092921990000000
84 -0.0067712990000000
85 -0.0082900990000000
86 -0.0092716990000000
87 -0.0089231990000000
88 -0.0072392990000000
89 -0.0091564990000000
90 -0.0131528990000000
91 -0.0118719990000000
92 -0.0152286990000000
93 -0.0140900990000000
94 -0.0167873990000000
95 -0.0139961990000000
96 -0.0134902990000000
97 -0.0126486990000000
98 -0.0130617990000000
99 -0.0165168990000000
100 -0.0143430990000000
101 -0.0132510990000000
102 -0.0125594990000000
103 -0.0119014990000000
104 -0.0098526990000000
105 -0.0106076990000000
106 -0.0094480990000000
107 -0.0054987990000000
108 -0.0082225990000000
109 -0.0056682990000000
110 -0.0035597990000000
111 -0.0064751990000000
112 -0.0066920990000000
113 -0.0086069990000000
114 -0.0048384990000000
115 0.0004108010000000
116 -0.0021457990000000
117 -0.0070291990000000
118 -0.0088589990000000
119 -0.0056498990000000
120 -0.0092728990000000
121 -0.0092006990000000
122 -0.0078226990000000
123 -0.0099846990000000
124 -0.0105615990000000
125 -0.0066466990000000
126 -0.0095871990000000
127 -0.0092935990000000
128 -0.0093682990000000
129 -0.0079804990000000
130 -0.0112084990000000
131 -0.0113555990000000
132 -0.0112062990000000
133 -0.0117215990000000
134 -0.0119161990000000
135 -0.0108588990000000
136 -0.0105761990000000
137 -0.0079755990000000
138 -0.0128757990000000
139 -0.0116940990000000
140 -0.0111575990000000
141 -0.0152961990000000
142 -0.0165705990000000
143 -0.0170138990000000
144 -0.0172910990000000
145 -0.0161753990000000
146 -0.0158153990000000
147 -0.0142189990000000
148 -0.0153660990000000
149 -0.0122819990000000
150 -0.0161233990000000
151 -0.0144353990000000
152 -0.0141298990000000
153 -0.0160034990000000
154 -0.0133425990000000
155 -0.0142334990000000
156 -0.0163785990000000
157 -0.0145983990000000
158 -0.0158483990000000
159 -0.0135196990000000
160 -0.0182569990000000
161 -0.0150596990000000
162 -0.0170167990000000
163 -0.0171524990000000
164 -0.0194163990000000
165 -0.0193640990000000
166 -0.0190043990000000
167 -0.0158193990000000
168 -0.0158363990000000
169 -0.0153536990000000
170 -0.0159922990000000
171 -0.0148086990000000
172 -0.0145714990000000
173 -0.0144943990000000
174 -0.0174904990000000
175 -0.0165514990000000
176 -0.0150001990000000
177 -0.0149801990000000
178 -0.0146343990000000
179 -0.0165959990000000
180 -0.0175248990000000
181 -0.0164134990000000
182 -0.0143998990000000
183 -0.0161484990000000
184 -0.0151938990000000
185 -0.0149336990000000
186 -0.0147949990000000
187 -0.0130773990000000
188 -0.0111105990000000
189 -0.0143243990000000
190 -0.0135849990000000
191 -0.0100848990000000
192 -0.0129398990000000
193 -0.0124039990000000
194 -0.0116965990000000
195 -0.0102310990000000
196 -0.0118345990000000
197 -0.0101611990000000
198 -0.0122495990000000
199 -0.0132279990000000
200 -0.0130415990000000
201 -0.0108509990000000
202 -0.0095127990000000
203 -0.0134015990000000
204 -0.0149936990000000
205 -0.0136791990000000
206 -0.0128711990000000
207 -0.0129857990000000
208 -0.0147165990000000
209 -0.0133298990000000
210 -0.0128531990000000
211 -0.0122787990000000
212 -0.0115930990000000
213 -0.0124825990000000
214 -0.0118759990000000
215 -0.0118554990000000
216 -0.0123941990000000
217 -0.0149359990000000
218 -0.0154361990000000
219 -0.0185888990000000
220 -0.0195875990000000
221 -0.0180501990000000
222 -0.0169356990000000
223 -0.0184028990000000
224 -0.0182263990000000
225 -0.0169435990000000
226 -0.0170339990000000
227 -0.0179626990000000
228 -0.0168862990000000
229 -0.0144805990000000
230 -0.0118026990000000
231 -0.0100364990000000
232 -0.0097339990000000
233 -0.0114307990000000
234 -0.0086895990000000
235 -0.0077941990000000
236 -0.0078823990000000
237 -0.0117385990000000
238 -0.0119477990000000
239 -0.0134365990000000
240 -0.0151819990000000
241 -0.0135939990000000
242 -0.0128615990000000
243 -0.0153990990000000
244 -0.0151865990000000
245 -0.0148794990000000
246 -0.0162336990000000
247 -0.0169313990000000
248 -0.0164936990000000
249 -0.0181083990000000
250 -0.0151610990000000
251 -0.0135067990000000
252 -0.0130560990000000
253 -0.0130284990000000
254 -0.0128168990000000
255 -0.0151686990000000
256 -0.0163434990000000
257 -0.0149330990000000
258 -0.0120921990000000
259 -0.0152706990000000
260 -0.0165379990000000
261 -0.0170431990000000
262 -0.0152091990000000
263 -0.0157817990000000
264 -0.0154774990000000
265 -0.0165669990000000
266 -0.0161619990000000
267 -0.0169163990000000
268 -0.0166984990000000
269 -0.0175571990000000
270 -0.0185639990000000
271 -0.0145503990000000
272 -0.0134266990000000
273 -0.0159383990000000
274 -0.0163461990000000
275 -0.0133120990000000
276 -0.0148489990000000
277 -0.0177171990000000
278 -0.0138850990000000
279 -0.0148621990000000
280 -0.0160660990000000
281 -0.0173903990000000
282 -0.0207936990000000
283 -0.0181736990000000
284 -0.0170865990000000
285 -0.0178735990000000
286 -0.0171264990000000
287 -0.0166514990000000
288 -0.0175076990000000
289 -0.0165508990000000
290 -0.0163377990000000
291 -0.0176771990000000
292 -0.0162453990000000
293 -0.0131884990000000
294 -0.0120599990000000
295 -0.0139846990000000
296 -0.0159130990000000
297 -0.0155436990000000
298 -0.0142143990000000
299 -0.0099611990000000
300 -0.0105184990000000
301 -0.0093998990000000
302 -0.0104159990000000
303 -0.0087409990000000
304 -0.0100822990000000
305 -0.0101875990000000
306 -0.0135816990000000
307 -0.0136105990000000
308 -0.0132278990000000
309 -0.0146623990000000
310 -0.0159523990000000
311 -0.0157244990000000
312 -0.0150520990000000
313 -0.0171718990000000
314 -0.0179644990000000
315 -0.0182451990000000
316 -0.0154026990000000
317 -0.0156857990000000
318 -0.0169593990000000
319 -0.0156065990000000
320 -0.0159161990000000
321 -0.0165880990000000
322 -0.0185440990000000
323 -0.0159038990000000
324 -0.0166653990000000
325 -0.0149414990000000
326 -0.0134883990000000
327 -0.0135357990000000
328 -0.0130185990000000
329 -0.0149007990000000
330 -0.0153972990000000
331 -0.0136206990000000
332 -0.0120356990000000
333 -0.0122332990000000
334 -0.0114739990000000
335 -0.0108990990000000
336 -0.0129796990000000
337 -0.0138738990000000
338 -0.0129128990000000
339 -0.0147309990000000
340 -0.0155194990000000
341 -0.0173413990000000
342 -0.0175341990000000
343 -0.0160016990000000
344 -0.0188732990000000
345 -0.0181589990000000
346 -0.0175315990000000
347 -0.0153015990000000
348 -0.0140908990000000
349 -0.0157096990000000
350 -0.0139275990000000
351 -0.0128771990000000
352 -0.0138306990000000
353 -0.0153229990000000
354 -0.0168677990000000
355 -0.0154102990000000
356 -0.0193905990000000
357 -0.0166158990000000
358 -0.0186142990000000
359 -0.0188755990000000
360 -0.0151313990000000
361 -0.0147246990000000
362 -0.0148293990000000
363 -0.0160829990000000
364 -0.0174509990000000
365 -0.0172930990000000
366 -0.0170581990000000
367 -0.0207500990000000
368 -0.0195003990000000
369 -0.0193425990000000
370 -0.0186401990000000
371 -0.0153213990000000
372 -0.0163485990000000
373 -0.0156603990000000
374 -0.0149151990000000
375 -0.0158894990000000
376 -0.0157735990000000
377 -0.0158288990000000
378 -0.0149779990000000
379 -0.0132850990000000
380 -0.0092345990000000
381 -0.0108342990000000
382 -0.0125241990000000
383 -0.0118863990000000
384 -0.0135817990000000
385 -0.0123216990000000
386 -0.0116858990000000
387 -0.0101069990000000
388 -0.0101356990000000
389 -0.0099177990000000
390 -0.0127797990000000
391 -0.0137380990000000
392 -0.0124728990000000
393 -0.0145743990000000
394 -0.0145398990000000
395 -0.0151091990000000
396 -0.0172397990000000
397 -0.0160964990000000
398 -0.0175343990000000
399 -0.0152432990000000
400 -0.0151127990000000
401 -0.0151303990000000
402 -0.0120410990000000
403 -0.0120612990000000
404 -0.0116227990000000
405 -0.0112588990000000
406 -0.0116278990000000
407 -0.0108889990000000
408 -0.0110424990000000
409 -0.0123569990000000
410 -0.0144831990000000
411 -0.0141600990000000
412 -0.0155528990000000
413 -0.0155381990000000
414 -0.0134156990000000
415 -0.0134958990000000
416 -0.0153813990000000
417 -0.0147303990000000
418 -0.0171930990000000
419 -0.0169156990000000
420 -0.0138514990000000
421 -0.0132346990000000
422 -0.0146239990000000
423 -0.0173955990000000
424 -0.0171574990000000
425 -0.0123517990000000
426 -0.0084919990000000
427 -0.0128357990000000
428 -0.0122110990000000
429 -0.0141857990000000
430 -0.0131975990000000
431 -0.0131782990000000
432 -0.0151492990000000
433 -0.0131209990000000
434 -0.0162580990000000
435 -0.0145150990000000
436 -0.0176574990000000
437 -0.0197644990000000
438 -0.0176608990000000
439 -0.0166206990000000
440 -0.0174321990000000
441 -0.0165286990000000
442 -0.0124983990000000
443 -0.0136350990000000
444 -0.0133826990000000
445 -0.0116175990000000
446 -0.0111766990000000
447 -0.0096617990000000
448 -0.0092338990000000
449 -0.0112841990000000
450 -0.0126955990000000
451 -0.0087181990000000
452 -0.0061889990000000
453 -0.0033743990000000
454 -0.0014290990000000
455 -0.0018158990000000
456 -0.0042913990000000
457 -0.0071458990000000
458 -0.0085229990000000
459 -0.0082776990000000
460 -0.0070290990000000
461 -0.0057993990000000
462 -0.0059243990000000
463 -0.0057179990000000
464 -0.0073219990000000
465 -0.0055258990000000
466 -0.0052532990000000
467 -0.0059774990000000
468 -0.0034434990000000
469 -0.0031323990000000
470 -0.0085398990000000
471 -0.0064149990000000
472 -0.0092150990000000
473 -0.0123001990000000
474 -0.0119187990000000
475 -0.0155691990000000
476 -0.0171616990000000
477 -0.0167994990000000
478 -0.0193375990000000
479 -0.0198390990000000
480 -0.0187753990000000
481 -0.0158736990000000
482 -0.0171959990000000
483 -0.0136646990000000
484 -0.0102683990000000
485 -0.0110373990000000
486 -0.0079326990000000
487 -0.0042453990000000
488 -0.0083689990000000
489 -0.0112419990000000
490 -0.0107225990000000
491 -0.0125785990000000
492 -0.0118811990000000
493 -0.0129201990000000
494 -0.0142884990000000
495 -0.0130663990000000
496 -0.0133279990000000
497 -0.0175378990000000
498 -0.0175941990000000
499 -0.0191927990000000
500 -0.0189589990000000
501 -0.0204498990000000
502 -0.0186108990000000
503 -0.0192509990000000
504 -0.0173723990000000
505 -0.0155836990000000
506 -0.0151654990000000
507 -0.0118301990000000
508 -0.0144199990000000
509 -0.0129073990000000
510 -0.0133383990000000
511 -0.0168029990000000
512 -0.0124711990000000
513 -0.0122406990000000
514 -0.0130140990000000
515 -0.0151836990000000
516 -0.0152775990000000
517 -0.0168691990000000
518 -0.0173401990000000
519 -0.0148991990000000
520 -0.0171309990000000
521 -0.0153906990000000
522 -0.0155316990000000
523 -0.0163670990000000
524 -0.0156161990000000
525 -0.0167001990000000
526 -0.0179493990000000
527 -0.0167309990000000
528 -0.0158612990000000
529 -0.0164018990000000
530 -0.0173971990000000
531 -0.0157689990000000
532 -0.0168891990000000
533 -0.0165935990000000
534 -0.0131877990000000
535 -0.0115499990000000
536 -0.0118102990000000
537 -0.0132820990000000
538 -0.0151419990000000
539 -0.0151182990000000
540 -0.0169687990000000
541 -0.0192489990000000
542 -0.0166145990000000
543 -0.0148660990000000
544 -0.0190128990000000
545 -0.0175508990000000
546 -0.0174652990000000
547 -0.0156760990000000
548 -0.0152201990000000
549 -0.0116784990000000
550 -0.0117453990000000
551 -0.0099263990000000
552 -0.0110664990000000
553 -0.0118143990000000
554 -0.0102649990000000
555 -0.0107097990000000
556 -0.0117489990000000
557 -0.0087923990000000
558 -0.0082853990000000
559 -0.0090955990000000
560 -0.0051198990000000
561 -0.0074840990000000
562 -0.0076757990000000
563 -0.0126452990000000
564 -0.0126685990000000
565 -0.0125311990000000
566 -0.0138359990000000
567 -0.0152288990000000
568 -0.0164585990000000
569 -0.0167459990000000
570 -0.0165979990000000
571 -0.0171791990000000
572 -0.0164210990000000
573 -0.0172753990000000
574 -0.0172238990000000
575 -0.0192195990000000
576 -0.0179498990000000
577 -0.0169328990000000
578 -0.0179760990000000
579 -0.0149720990000000
580 -0.0148375990000000
581 -0.0152220990000000
582 -0.0118621990000000
583 -0.0092798990000000
584 -0.0125492990000000
585 -0.0116475990000000
586 -0.0145915990000000
587 -0.0138973990000000
588 -0.0130316990000000
589 -0.0120911990000000
590 -0.0105884990000000
591 -0.0111206990000000
592 -0.0101443990000000
593 -0.0122142990000000
594 -0.0129520990000000
595 -0.0117854990000000
596 -0.0118169990000000
597 -0.0133733990000000
598 -0.0140865990000000
599 -0.0137205990000000
600 -0.0164064990000000
1 0.3489768010000000
2 0.1431418010000000
3 0.1054429010000000
4 0.0724770010000000
5 0.0558957010000000
6 0.0329958010000000
7 0.0244836010000000
8 0.0204517010000000
9 0.0120744010000000
10 0.0041389010000000
11 0.0035692010000000
12 -0.0021164990000000
13 -0.0014554990000000
14 -0.0013450990000000
15 -0.0098117990000000
16 -0.0110705990000000
17 -0.0161291990000000
18 -0.0161902990000000
19 -0.0141438990000000
20 -0.0153268990000000
21 -0.0168518990000000
22 -0.0189470990000000
23 -0.0173398990000000
24 -0.0167284990000000
25 -0.0174946990000000
26 -0.0194514990000000
27 -0.0206087990000000
28 -0.0207820990000000
29 -0.0180515990000000
30 -0.0186835990000000
31 -0.0209987990000000
32 -0.0210794990000000
33 -0.0190637990000000
34 -0.0199408990000000
35 -0.0206068990000000
36 -0.0209722990000000
37 -0.0222453990000000
38 -0.0193839990000000
39 -0.0162309990000000
40 -0.0170301990000000
41 -0.0163130990000000
42 -0.0165661990000000
43 -0.0182220990000000
44 -0.0186201990000000
45 -0.0185372990000000
46 -0.0177477990000000
47 -0.0177591990000000
48 -0.0150145990000000
49 -0.0153535990000000
50 -0.0146189990000000
51 -0.0181810990000000
52 -0.0190711990000000
53 -0.0188903990000000
54 -0.0199020990000000
55 -0.0185641990000000
56 -0.0193680990000000
57 -0.0190275990000000
58 -0.0182215990000000
59 -0.0199287990000000
60 -0.0188746990000000
61 -0.0226391990000000
62 -0.0226399990000000
63 -0.0213486990000000
64 -0.0189331990000000
65 -0.0189404990000000
66 -0.0201157990000000
67 -0.0196330990000000
68 -0.0179622990000000
69 -0.0166835990000000
70 -0.0169311990000000
71 -0.0180501990000000
72 -0.0174822990000000
73 -0.0174347990000000
74 -0.0182925990000000
75 -0.0159540990000000
76 -0.0176563990000000
77 -0.0176881990000000
78 -0.0186234990000000
79 -0.0177708990000000
80 -0.0168097990000000
81 -0.0170830990000000
82 -0.0177775990000000
83 -0.0171014990000000
84 -0.0174967990000000
85 -0.0182482990000000
86 -0.0152781990000000
87 -0.0186283990000000
88 -0.0216391990000000
89 -0.0209719990000000
90 -0.0211293990000000
91 -0.0179096990000000
92 -0.0184824990000000
93 -0.0186838990000000
94 -0.0174047990000000
95 -0.0172187990000000
96 -0.0159356990000000
97 -0.0149850990000000
98 -0.0170013990000000
99 -0.0156238990000000
100 -0.0134644990000000
101 -0.0117853990000000
102 -0.0158157990000000
103 -0.0146452990000000
104 -0.0138840990000000
105 -0.0114941990000000
106 -0.0089853990000000
107 -0.0061412990000000
108 -0.0074165990000000
109 -0.0068149990000000
110 -0.0066875990000000
111 -0.0094446990000000
112 -0.0079136990000000
113 -0.0077204990000000
114 -0.0069302990000000
115 -0.0075825990000000
116 -0.0085616990000000
117 -0.0081506990000000
118 -0.0076628990000000
119 -0.0093224990000000
120 -0.0083065990000000
121 -0.0100784990000000
122 -0.0097855990000000
123 -0.0109744990000000
124 -0.0114692990000000
125 -0.0113071990000000
126 -0.0139051990000000
127 -0.0140278990000000
128 -0.0147979990000000
129 -0.0132018990000000
130 -0.0130736990000000
131 -0.0123628990000000
132 -0.0118859990000000
133 -0.0136794990000000
134 -0.0116009990000000
135 -0.0091027990000000
136 -0.0127686990000000
137 -0.0106568990000000
138 -0.0129815990000000
139 -0.0118624990000000
140 -0.0142850990000000
141 -0.0144221990000000
142 -0.0158549990000000
143 -0.0163425990000000
144 -0.0152162990000000
145 -0.0151624990000000
146 -0.0151501990000000
147 -0.0134264990000000
148 -0.0142752990000000
149 -0.0135698990000000
150 -0.0173717990000000
151 -0.0160007990000000
152 -0.0160076990000000
153 -0.0148042990000000
154 -0.0153674990000000
155 -0.0142509990000000
156 -0.0120968990000000
157 -0.0124941990000000
158 -0.0152601990000000
159 -0.0128968990000000
160 -0.0164562990000000
161 -0.0171440990000000
162 -0.0182954990000000
163 -0.0163258990000000
164 -0.0139525990000000
165 -0.0120694990000000
166 -0.0157611990000000
167 -0.0159729990000000
168 -0.0125640990000000
169 -0.0117937990000000
170 -0.0124722990000000
171 -0.0111164990000000
172 -0.0101579990000000
173 -0.0137544990000000
174 -0.0150173990000000
175 -0.0139829990000000
176 -0.0145327990000000
177 -0.0138438990000000
178 -0.0175272990000000
179 -0.0191066990000000
180 -0.0182118990000000
181 -0.0179204990000000
182 -0.0187530990000000
183 -0.0181096990000000
184 -0.0192604990000000
185 -0.0194528990000000
186 -0.0205815990000000
187 -0.0197959990000000
188 -0.0190017990000000
189 -0.0193810990000000
190 -0.0199631990000000
191 -0.0192641990000000
192 -0.0197472990000000
193 -0.0193887990000000
194 -0.0182233990000000
195 -0.0190318990000000
196 -0.0193681990000000
197 -0.0201143990000000
198 -0.0171076990000000
199 -0.0172780990000000
200 -0.0166847990000000
201 -0.0163291990000000
202 -0.0146070990000000
203 -0.0160069990000000
204 -0.0151478990000000
205 -0.0149070990000000
206 -0.0172522990000000
207 -0.0156171990000000
208 -0.0155405990000000
209 -0.0156088990000000
210 -0.0177030990000000
211 -0.0156996990000000
212 -0.0144397990000000
213 -0.0151725990000000
214 -0.0167063990000000
215 -0.0138731990000000
216 -0.0144261990000000
217 -0.0139581990000000
218 -0.0125328990000000
219 -0.0147657990000000
220 -0.0122466990000000
221 -0.0130793990000000
222 -0.0145949990000000
223 -0.0152036990000000
224 -0.0129281990000000
225 -0.0143377990000000
226 -0.0145232990000000
227 -0.0145271990000000
228 -0.0171360990000000
229 -0.0195506990000000
230 -0.0202664990000000
231 -0.0192356990000000
232 -0.0174328990000000
233 -0.0172429990000000
234 -0.0187260990000000
235 -0.0192019990000000
236 -0.0159904990000000
237 -0.0163350990000000
238 -0.0152748990000000
239 -0.0156406990000000
240 -0.0157788990000000
241 -0.0158462990000000
242 -0.0155408990000000
243 -0.0128575990000000
244 -0.0099848990000000
245 -0.0112705990000000
246 -0.0134401990000000
247 -0.0138077990000000
248 -0.0127629990000000
249 -0.0134016990000000
250 -0.0156586990000000
251 -0.0139977990000000
252 -0.0134227990000000
253 -0.0157812990000000
254 -0.0159306990000000
255 -0.0136247990000000
256 -0.0138081990000000
257 -0.0124782990000000
258 -0.0145788990000000
259 -0.0159204990000000
260 -0.0157164990000000
261 -0.0136654990000000
262 -0.0116779990000000
263 -0.0150248990000000
264 -0.0117234990000000
265 -0.0102189990000000
266 -0.0142985990000000
267 -0.0136198990000000
268 -0.0183794990000000
269 -0.0176150990000000
270 -0.0177516990000000
271 -0.0201384990000000
272 -0.0182909990000000
273 -0.0156148990000000
274 -0.0127298990000000
275 -0.0135440990000000
276 -0.0120309990000000
277 -0.0148379990000000
278 -0.0147846990000000
279 -0.0145195990000000
280 -0.0143676990000000
281 -0.0162168990000000
282 -0.0185856990000000
283 -0.0179481990000000
284 -0.0166084990000000
285 -0.0159635990000000
286 -0.0163004990000000
287 -0.0152249990000000
288 -0.0166362990000000
289 -0.0173648990000000
290 -0.0205614990000000
291 -0.0206899990000000
292 -0.0202585990000000
293 -0.0213633990000000
294 -0.0217183990000000
295 -0.0203280990000000
296 -0.0190826990000000
297 -0.0181551990000000
298 -0.0178431990000000
299 -0.0170770990000000
300 -0.0171600990000000
301 -0.0163204990000000
302 -0.0145202990000000
303 -0.0135719990000000
304 -0.0117606990000000
305 -0.0142180990000000
306 -0.0131001990000000
307 -0.0136773990000000
308 -0.0133813990000000
309 -0.0112647990000000
310 -0.0121149990000000
311 -0.0125311990000000
312 -0.0099432990000000
313 -0.0097276990000000
314 -0.0113034990000000
315 -0.0108971990000000
316 -0.0100803990000000
317 -0.0119460990000000
318 -0.0119192990000000
319 -0.0093053990000000
320 -0.0092354990000000
321 -0.0092812990000000
322 -0.0075133990000000
323 -0.0082465990000000
324 -0.0121788990000000
325 -0.0119559990000000
326 -0.0111604990000000
327 -0.0133252990000000
328 -0.0144409990000000
329 -0.0132165990000000
330 -0.0117894990000000
331 -0.0131594990000000
332 -0.0130631990000000
333 -0.0150165990000000
334 -0.0140166990000000
335 -0.0135178990000000
336 -0.0128597990000000
337 -0.0133261990000000
338 -0.0119275990000000
339 -0.0132709990000000
340 -0.0142854990000000
341 -0.0147521990000000
342 -0.0156713990000000
343 -0.0165870990000000
344 -0.0153664990000000
345 -0.0158344990000000
346 -0.0179563990000000
347 -0.0191016990000000
348 -0.0194847990000000
349 -0.0176528990000000
350 -0.0179803990000000
351 -0.0168455990000000
352 -0.0173165990000000
353 -0.0184877990000000
354 -0.0134076990000000
355 -0.0147337990000000
356 -0.0154113990000000
357 -0.0163696990000000
358 -0.0183428990000000
359 -0.0188596990000000
360 -0.0199213990000000
361 -0.0190619990000000
362 -0.0168103990000000
363 -0.0176719990000000
364 -0.0174916990000000
365 -0.0179399990000000
366 -0.0182201990000000
367 -0.0183593990000000
368 -0.0169137990000000
369 -0.0161380990000000
370 -0.0157865990000000
371 -0.0164050990000000
372 -0.0182416990000000
373 -0.0185621990000000
374 -0.0194720990000000
375 -0.0185629990000000
376 -0.0169252990000000
377 -0.0151117990000000
378 -0.0162786990000000
379 -0.0139248990000000
380 -0.0145682990000000
381 -0.0113092990000000
382 -0.0136789990000000
383 -0.0115717990000000
384 -0.0112830990000000
385 -0.0138113990000000
386 -0.0145659990000000
387 -0.0132529990000000
388 -0.0131885990000000
389 -0.0145566990000000
390 -0.0148494990000000
391 -0.0151821990000000
392 -0.0165507990000000
393 -0.0167358990000000
394 -0.0169291990000000
395 -0.0151189990000000
396 -0.0141693990000000
397 -0.0151731990000000
398 -0.0188858990000000
399 -0.0193345990000000
400 -0.0158524990000000
401 -0.0162198990000000
402 -0.0139109990000000
403 -0.0145168990000000
404 -0.0139679990000000
405 -0.0130716990000000
406 -0.0134119990000000
407 -0.0136898990000000
408 -0.0126776990000000
409 -0.0097384990000000
410 -0.0097901990000000
411 -0.0149772990000000
412 -0.0142195990000000
413 -0.0160489990000000
414 -0.0154382990000000
415 -0.0160902990000000
416 -0.0172323990000000
417 -0.0201583990000000
418 -0.0202455990000000
419 -0.0187359990000000
420 -0.0194250990000000
421 -0.0197351990000000
422 -0.0206142990000000
423 -0.0167751990000000
424 -0.0180307990000000
425 -0.0196196990000000
426 -0.0182130990000000
427 -0.0129082990000000
428 -0.0135308990000000
429 -0.0145483990000000
430 -0.0140005990000000
431 -0.0146703990000000
432 -0.0144527990000000
433 -0.0167575990000000
434 -0.0168081990000000
435 -0.0140888990000000
436 -0.0127886990000000
437 -0.0114026990000000
438 -0.0090151990000000
439 -0.0110485990000000
440 -0.0125911990000000
441 -0.0144994990000000
442 -0.0137058990000000
443 -0.0138916990000000
444 -0.0164321990000000
445 -0.0126486990000000
446 -0.0108689990000000
447 -0.0138398990000000
448 -0.0131459990000000
449 -0.0138993990000000
450 -0.0132055990000000
451 -0.0157868990000000
452 -0.0128557990000000
453 -0.0137837990000000
454 -0.0135814990000000
455 -0.0161598990000000
456 -0.0175424990000000
457 -0.0161768990000000
458 -0.0198879990000000
459 -0.0184160990000000
460 -0.0169710990000000
461 -0.0172407990000000
462 -0.0171794990000000
463 -0.0188024990000000
464 -0.0181116990000000
465 -0.0161214990000000
466 -0.0138553990000000
467 -0.0125032990000000
468 -0.0111432990000000
469 -0.0130889990000000
470 -0.0132932990000000
471 -0.0126446990000000
472 -0.0129188990000000
473 -0.0159713990000000
474 -0.0172402990000000
475 -0.0149060990000000
476 -0.0160629990000000
477 -0.0195032990000000
478 -0.0167905990000000
479 -0.0161301990000000
480 -0.0180187990000000
481 -0.0158766990000000
482 -0.0172985990000000
483 -0.0174308990000000
484 -0.0154582990000000
485 -0.0153454990000000
486 -0.0139229990000000
487 -0.0166309990000000
488 -0.0159777990000000
489 -0.0164885990000000
490 -0.0145430990000000
491 -0.0123489990000000
492 -0.0149047990000000
493 -0.0166879990000000
494 -0.0135995990000000
495 -0.0119066990000000
496 -0.0093670990000000
497 -0.0095919990000000
498 -0.0118065990000000
499 -0.0101649990000000
500 -0.0125841990000000
501 -0.0137678990000000
502 -0.0127808990000000
503 -0.0144551990000000
504 -0.0166247990000000
505 -0.0157418990000000
506 -0.0137588990000000
507 -0.0147623990000000
508 -0.0137433990000000
509 -0.0163868990000000
510 -0.0137395990000000
511 -0.0135558990000000
512 -0.0144995990000000
513 -0.0179109990000000
514 -0.0139055990000000
515 -0.0148410990000000
516 -0.0166058990000000
517 -0.0166039990000000
518 -0.0135684990000000
519 -0.0123934990000000
520 -0.0108940990000000
521 -0.0138039990000000
522 -0.0123498990000000
523 -0.0117565990000000
524 -0.0093226990000000
525 -0.0101730990000000
526 -0.0085869990000000
527 -0.0081309990000000
528 -0.0087932990000000
529 -0.0101175990000000
530 -0.0100051990000000
531 -0.0107490990000000
532 -0.0098084990000000
533 -0.0123804990000000
534 -0.0132420990000000
535 -0.0168022990000000
536 -0.0152024990000000
537 -0.0164882990000000
538 -0.0158896990000000
539 -0.0136824990000000
540 -0.0133710990000000
541 -0.0123283990000000
542 -0.0123544990000000
543 -0.0092002990000000
544 -0.0073737990000000
545 -0.0076310990000000
546 -0.0096123990000000
547 -0.0112269990000000
548 -0.0124406990000000
549 -0.0111550990000000
550 -0.0122467990000000
551 -0.0099751990000000
552 -0.0112767990000000
553 -0.0137364990000000
554 -0.0151812990000000
555 -0.0156829990000000
556 -0.0167586990000000
557 -0.0183947990000000
558 -0.0179694990000000
559 -0.0178003990000000
560 -0.0158550990000000
561 -0.0159119990000000
562 -0.0154934990000000
563 -0.0152709990000000
564 -0.0147084990000000
565 -0.0157668990000000
566 -0.0164383990000000
567 -0.0167100990000000
568 -0.0167582990000000
569 -0.0178646990000000
570 -0.0169788990000000
571 -0.0173458990000000
572 -0.0149024990000000
573 -0.0175322990000000
574 -0.0162210990000000
575 -0.0155292990000000
576 -0.0152996990000000
577 -0.0141166990000000
578 -0.0128880990000000
579 -0.0139126990000000
580 -0.0123240990000000
581 -0.0137341990000000
582 -0.0136188990000000
583 -0.0095118990000000
584 -0.0108863990000000
585 -0.0122540990000000
586 -0.0122483990000000
587 -0.0105025990000000
588 -0.0091184990000000
589 -0.0126735990000000
590 -0.0120985990000000
591 -0.0105058990000000
592 -0.0121831990000000
593 -0.0125984990000000
594 -0.0125588990000000
595 -0.0137667990000000
596 -0.0102631990000000
597 -0.0097112990000000
598 -0.0077450990000000
599 -0.0096227990000000
600 -0.0138179990000000
1 0.3623116010000000
2 0.1548626010000000
3 0.1088257010000000
4 0.0807212010000000
5 0.0497519010000000
6 0.0289833010000000
7 0.0266311010000000
8 0.0195728010000000
9 0.0124200010000000
10 0.0050278010000000
11 0.0044983010000000
12 -0.0029563990000000
13 -0.0020833990000000
14 -0.0051913990000000
15 -0.0049998990000000
16 -0.0037542990000000
17 -0.0030301990000000
18 -0.0073398990000000
19 -0.0088646990000000
20 -0.0095816990000000
21 -0.0132574990000000
22 -0.0152109990000000
23 -0.0146017990000000
24 -0.0147522990000000
25 -0.0150642990000000
26 -0.0156448990000000
27 -0.0153795990000000
28 -0.0162956990000000
29 -0.0149095990000000
30 -0.0146969990000000
31 -0.0154412990000000
32 -0.0174108990000000
33 -0.0162299990000000
34 -0.0165079990000000
35 -0.0149714990000000
36 -0.0162520990000000
37 -0.0140571990000000
38 -0.0122580990000000
39 -0.0085143990000000
40 -0.0101531990000000
41 -0.0076422990000000
42 -0.0076799990000000
43 -0.0063895990000000
44 -0.0048895990000000
45 -0.0079430990000000
46 -0.0100467990000000
47 -0.0107298990000000
48 -0.0092726990000000
49 -0.0110255990000000
50 -0.0116023990000000
51 -0.0115306990000000
52 -0.0120174990000000
53 -0.0120703990000000
54 -0.0141737990000000
55 -0.0146365990000000
56 -0.0143066990000000
57 -0.0141721990000000
58 -0.0129934990000000
59 -0.0134285990000000
60 -0.0143745990000000
61 -0.0144674990000000
62 -0.0156293990000000
63 -0.0167984990000000
64 -0.0133460990000000
65 -0.0169506990000000
66 -0.0177660990000000
67 -0.0131627990000000
68 -0.0113275990000000
69 -0.0131709990000000
70 -0.0120878990000000
71 -0.0097075990000000
72 -0.0135437990000000
73 -0.0135050990000000
74 -0.0136043990000000
75 -0.0149825990000000
76 -0.0136081990000000
77 -0.0106743990000000
78 -0.0074776990000000
79 -0.0108579990000000
80 -0.0087327990000000
81 -0.0098816990000000
82 -0.0091824990000000
83 -0.0080714990000000
84 -0.0073622990000000
85 -0.0100259990000000
86 -0.0122200990000000
87 -0.0154563990000000
88 -0.0126668990000000
89 -0.0149422990000000
90 -0.0158268990000000
91 -0.0143112990000000
92 -0.0157381990000000
93 -0.0170068990000000
94 -0.0154981990000000
95 -0.0156745990000000
96 -0.0140156990000000
97 -0.0116625990000000
98 -0.0132119990000000
99 -0.0141278990000000
100 -0.0172043990000000
101 -0.0177705990000000
102 -0.0179157990000000
103 -0.0185031990000000
104 -0.0183494990000000
105 -0.0153895990000000
106 -0.0179863990000000
107 -0.0162352990000000
108 -0.0139837990000000
109 -0.0121545990000000
110 -0.0109282990000000
111 -0.0109479990000000
112 -0.0094295990000000
113 -0.0141200990000000
114 -0.0121763990000000
115 -0.0135100990000000
116 -0.0128429990000000
117 -0.0138219990000000
118 -0.0107846990000000
119 -0.0131355990000000
120 -0.0133024990000000
121 -0.0115304990000000
122 -0.0123169990000000
123 -0.0138490990000000
124 -0.0142553990000000
125 -0.0167296990000000
126 -0.0121065990000000
127 -0.0142409990000000
128 -0.0146986990000000
129 -0.0156564990000000
130 -0.0131046990000000
131 -0.0083371990000000
132 -0.0096602990000000
133 -0.0077325990000000
134 -0.0066297990000000
135 -0.0073985990000000
136 -0.0097454990000000
137 -0.0094608990000000
138 -0.0095672990000000
139 -0.0081127990000000
140 -0.0076154990000000
141 -0.0110423990000000
142 -0.0130078990000000
143 -0.0155911990000000
144 -0.0166761990000000
145 -0.0165713990000000
146 -0.0160730990000000
147 -0.0126341990000000
148 -0.0126607990000000
149 -0.0128632990000000
150 -0.0138964990000000
151 -0.0175948990000000
152 -0.0199071990000000
153 -0.0173441990000000
154 -0.0185103990000000
155 -0.0173480990000000
156 -0.0179909990000000
157 -0.0156454990000000
158 -0.0147339990000000
159 -0.0153112990000000
160 -0.0131607990000000
161 -0.0178810990000000
162 -0.0173378990000000
163 -0.0146108990000000
164 -0.0147856990000000
165 -0.0161006990000000
166 -0.0159613990000000
167 -0.0188895990000000
168 -0.0197208990000000
169 -0.0167604990000000
170 -0.0178412990000000
171 -0.0185630990000000
172 -0.0179795990000000
173 -0.0174760990000000
174 -0.0168441990000000
175 -0.0176720990000000
176 -0.0177567990000000
177 -0.0153064990000000
178 -0.0155904990000000
179 -0.0150370990000000
180 -0.0141349990000000
181 -0.0137311990000000
182 -0.0138209990000000
183 -0.0135067990000000
184 -0.0137231990000000
185 -0.0133511990000000
186 -0.0134754990000000
187 -0.0123127990000000
188 -0.0127871990000000
189 -0.0118947990000000
190 -0.0125064990000000
191 -0.0171596990000000
192 -0.0134044990000000
193 -0.0126396990000000
194 -0.0141825990000000
195 -0.0136354990000000
196 -0.0144089990000000
197 -0.0166662990000000
198 -0.0174910990000000
199 -0.0176111990000000
200 -0.0165298990000000
201 -0.0161946990000000
202 -0.0184101990000000
203 -0.0194588990000000
204 -0.0185644990000000
205 -0.0157070990000000
206 -0.0163792990000000
207 -0.0146760990000000
208 -0.0145818990000000
209 -0.0149120990000000
210 -0.0160877990000000
211 -0.0194204990000000
212 -0.0185348990000000
213 -0.0178932990000000
214 -0.0171726990000000
215 -0.0173799990000000
216 -0.0155517990000000
217 -0.0133286990000000
218 -0.0124487990000000
219 -0.0146854990000000
220 -0.0133868990000000
221 -0.0153502990000000
222 -0.0143566990000000
223 -0.0132222990000000
224 -0.0157381990000000
225 -0.0154293990000000
226 -0.0158956990000000
227 -0.0158647990000000
228 -0.0157267990000000
229 -0.0147033990000000
230 -0.0149763990000000
231 -0.0168161990000000
232 -0.0131623990000000
233 -0.0147896990000000
234 -0.0153547990000000
235 -0.0149113990000000
236 -0.0141011990000000
237 -0.0181383990000000
238 -0.0161702990000000
239 -0.0163350990000000
240 -0.0167080990000000
241 -0.0145880990000000
242 -0.0143182990000000
243 -0.0144206990000000
244 -0.0146303990000000
245 -0.0165621990000000
246 -0.0130888990000000
247 -0.0108996990000000
248 -0.0109209990000000
249 -0.0119459990000000
250 -0.0091821990000000
251 -0.0115219990000000
252 -0.0124622990000000
253 -0.0124629990000000
254 -0.0125891990000000
255 -0.0159815990000000
256 -0.0156410990000000
257 -0.0163856990000000
258 -0.0111738990000000
259 -0.0132863990000000
260 -0.0110386990000000
261 -0.0137633990000000
262 -0.0150470990000000
263 -0.0145460990000000
264 -0.0092898990000000
265 -0.0145381990000000
266 -0.0126644990000000
267 -0.0139603990000000
268 -0.0134806990000000
269 -0.0113234990000000
270 -0.0127541990000000
271 -0.0127353990000000
272 -0.0112649990000000
273 -0.0120724990000000
274 -0.0116042990000000
275 -0.0113725990000000
276 -0.0139556990000000
277 -0.0106824990000000
278 -0.0126415990000000
279 -0.0106717990000000
280 -0.0130070990000000
281 -0.0140613990000000
282 -0.0142058990000000
283 -0.0129595990000000
284 -0.0121557990000000
285 -0.0121124990000000
286 -0.0142394990000000
287 -0.0157496990000000
288 -0.0150914990000000
289 -0.0153666990000000
290 -0.0156468990000000
291 -0.0175328990000000
292 -0.0155064990000000
293 -0.0153527990000000
294 -0.0125814990000000
295 -0.0121536990000000
296 -0.0150483990000000
297 -0.0133380990000000
298 -0.0139903990000000
299 -0.0139895990000000
300 -0.0133363990000000
301 -0.0159342990000000
302 -0.0160743990000000
303 -0.0178624990000000
304 -0.0184463990000000
305 -0.0193489990000000
306 -0.0178282990000000
307 -0.0171239990000000
308 -0.0160609990000000
309 -0.0147126990000000
310 -0.0150668990000000
311 -0.0135135990000000
312 -0.0128033990000000
313 -0.0121370990000000
314 -0.0112749990000000
315 -0.0106914990000000
316 -0.0115554990000000
317 -0.0134917990000000
318 -0.0137807990000000
319 -0.0139843990000000
320 -0.0137371990000000
321 -0.0154285990000000
322 -0.0158484990000000
323 -0.0166188990000000
324 -0.0153324990000000
325 -0.0155813990000000
326 -0.0163911990000000
327 -0.0136286990000000
328 -0.0152896990000000
329 -0.0183792990000000
330 -0.0149855990000000
331 -0.0131214990000000
332 -0.0167701990000000
333 -0.0169547990000000
334 -0.0180067990000000
335 -0.0150441990000000
336 -0.0134113990000000
337 -0.0169774990000000
338 -0.0182870990000000
339 -0.0178546990000000
340 -0.0188119990000000
341 -0.0180390990000000
342 -0.0192583990000000
343 -0.0148605990000000
344 -0.0148409990000000
345 -0.0159697990000000
346 -0.0162418990000000
347 -0.0161321990000000
348 -0.0167295990000000
349 -0.0150556990000000
350 -0.0182465990000000
351 -0.0200961990000000
352 -0.0203913990000000
353 -0.0208069990000000
354 -0.0213797990000000
355 -0.0218622990000000
356 -0.0180487990000000
357 -0.0181851990000000
358 -0.0166876990000000
359 -0.0168380990000000
360 -0.0159854990000000
361 -0.0164136990000000
362 -0.0162192990000000
363 -0.0139636990000000
364 -0.0131663990000000
365 -0.0134228990000000
366 -0.0151834990000000
367 -0.0156683990000000
368 -0.0131009990000000
369 -0.0154757990000000
370 -0.0169450990000000
371 -0.0153569990000000
372 -0.0156640990000000
373 -0.0154132990000000
374 -0.0161732990000000
375 -0.0128894990000000
376 -0.0153921990000000
377 -0.0155940990000000
378 -0.0148436990000000
379 -0.0146008990000000
380 -0.0165399990000000
381 -0.0170679990000000
382 -0.0165100990000000
383 -0.0154376990000000
384 -0.0142191990000000
385 -0.0159212990000000
386 -0.0162709990000000
387 -0.0164306990000000
388 -0.0144393990000000
389 -0.0157976990000000
390 -0.0161955990000000
391 -0.0161188990000000
392 -0.0151527990000000
393 -0.0149177990000000
394 -0.0151161990000000
395 -0.0149298990000000
396 -0.0117851990000000
397 -0.0093458990000000
398 -0.0104922990000000
399 -0.0068486990000000
400 -0.0107032990000000
401 -0.0101035990000000
402 -0.0096554990000000
403 -0.0083122990000000
404 -0.0096825990000000
405 -0.0099998990000000
406 -0.0107738990000000
407 -0.0102772990000000
408 -0.0091906990000000
409 -0.0119583990000000
410 -0.0126850990000000
411 -0.0150844990000000
412 -0.0162551990000000
413 -0.0145802990000000
414 -0.0159749990000000
415 -0.0152341990000000
416 -0.0172547990000000
417 -0.0184225990000000
418 -0.0209836990000000
419 -0.0206212990000000
420 -0.0204489990000000
421 -0.0205971990000000
422 -0.0215112990000000
423 -0.0193234990000000
424 -0.0200721990000000
425 -0.0211374990000000
426 -0.0218830990000000
427 -0.0204663990000000
428 -0.0194668990000000
429 -0.0202994990000000
430 -0.0196085990000000
431 -0.0187280990000000
432 -0.0181325990000000
433 -0.0154310990000000
434 -0.0158919990000000
435 -0.0181707990000000
436 -0.0192853990000000
437 -0.0199858990000000
438 -0.0174182990000000
439 -0.0160051990000000
440 -0.0166606990000000
441 -0.0160959990000000
442 -0.0137859990000000
443 -0.0175189990000000
444 -0.0156956990000000
445 -0.0150196990000000
446 -0.0136671990000000
447 -0.0121000990000000
448 -0.0125877990000000
449 -0.0122596990000000
450 -0.0086895990000000
451 -0.0069495990000000
452 -0.0062659990000000
453 -0.0086031990000000
454 -0.0084360990000000
455 -0.0113081990000000
456 -0.0098768990000000
457 -0.0097450990000000
458 -0.0091900990000000
459 -0.0124185990000000
460 -0.0111346990000000
461 -0.0093509990000000
462 -0.0099639990000000
463 -0.0108893990000000
464 -0.0106015990000000
465 -0.0134616990000000
466 -0.0162099990000000
467 -0.0146489990000000
468 -0.0148062990000000
469 -0.0157677990000000
470 -0.0171235990000000
471 -0.0138185990000000
472 -0.0164947990000000
473 -0.0179939990000000
474 -0.0160112990000000
475 -0.0169953990000000
476 -0.0168372990000000
477 -0.0177441990000000
478 -0.0190167990000000
479 -0.0171861990000000
480 -0.0153190990000000
481 -0.0142294990000000
482 -0.0168315990000000
483 -0.0158094990000000
484 -0.0140354990000000
485 -0.0154932990000000
486 -0.0129689990000000
487 -0.0135127990000000
488 -0.0136345990000000
489 -0.0141404990000000
490 -0.0157752990000000
491 -0.0142586990000000
492 -0.0155804990000000
493 -0.0166854990000000
494 -0.0160312990000000
495 -0.0154418990000000
496 -0.0155812990000000
497 -0.0176940990000000
498 -0.0189063990000000
499 -0.0190554990000000
500 -0.0195232990000000
501 -0.0192254990000000
502 -0.0197352990000000
503 -0.0234052990000000
504 -0.0205187990000000
505 -0.0209259990000000
506 -0.0214057990000000
507 -0.0177116990000000
508 -0.0169356990000000
509 -0.0163229990000000
510 -0.0143370990000000
511 -0.0159659990000000
512 -0.0148523990000000
513 -0.0184526990000000
514 -0.0184038990000000
515 -0.0106123990000000
516 -0.0084949990000000
517 -0.0088423990000000
518 -0.0103464990000000
519 -0.0090699990000000
520 -0.0106658990000000
521 -0.0117197990000000
522 -0.0121040990000000
523 -0.0111451990000000
524 -0.0104017990000000
525 -0.0127035990000000
526 -0.0107400990000000
527 -0.0123883990000000
528 -0.0124778990000000
529 -0.0132234990000000
530 -0.0132761990000000
531 -0.0139467990000000
532 -0.0139681990000000
533 -0.0152614990000000
534 -0.0189325990000000
535 -0.0182694990000000
536 -0.0169498990000000
537 -0.0190996990000000
538 -0.0192352990000000
539 -0.0194857990000000
540 -0.0199635990000000
541 -0.0191307990000000
542 -0.0180527990000000
543 -0.0212283990000000
544 -0.0192765990000000
545 -0.0146338990000000
546 -0.0164289990000000
547 -0.0155389990000000
548 -0.0150708990000000
549 -0.0125779990000000
550 -0.0113089990000000
551 -0.0133208990000000
552 -0.0147137990000000
553 -0.0145504990000000
554 -0.0153891990000000
555 -0.0133434990000000
556 -0.0141923990000000
557 -0.0164389990000000
558 -0.0173171990000000
559 -0.0188819990000000
560 -0.0193624990000000
561 -0.0181648990000000
562 -0.0159033990000000
563 -0.0166912990000000
564 -0.0157596990000000
565 -0.0156500990000000
566 -0.0168858990000000
567 -0.0175098990000000
568 -0.0185455990000000
569 -0.0180079990000000
570 -0.0177804990000000
571 -0.0162339990000000
572 -0.0153455990000000
573 -0.0138966990000000
574 -0.0151170990000000
575 -0.0144185990000000
576 -0.0141567990000000
577 -0.0121374990000000
578 -0.0136478990000000
579 -0.0150012990000000
580 -0.0120738990000000
581 -0.0127541990000000
582 -0.0132472990000000
583 -0.0135686990000000
584 -0.0149508990000000
585 -0.0105510990000000
586 -0.0094295990000000
587 -0.0088555990000000
588 -0.0113071990000000
589 -0.0107051990000000
590 -0.0139311990000000
591 -0.0129122990000000
592 -0.0124384990000000
593 -0.0101195990000000
594 -0.0077148990000000
595 -0.0083162990000000
596 -0.0133422990000000
597 -0.0105906990000000
598 -0.0096490990000000
599 -0.0118683990000000
600 -0.0133798990000000
1 0.3525194010000000
2 0.1476072010000000
3 0.1003851010000000
4 0.0684310010000000
5 0.0572556010000000
6 0.0365677010000000
7 0.0259451010000000
8 0.0143397010000000
9 0.0091145010000000
10 0.0044919010000000
11 -0.0007756990000000
12 -0.0057762990000000
13 -0.0084413990000000
14 -0.0101771990000000
15 -0.0116946990000000
16 -0.0113000990000000
17 -0.0114839990000000
18 -0.0132657990000000
19 -0.0138375990000000
20 -0.0141731990000000
21 -0.0135633990000000
22 -0.0153273990000000
23 -0.0175143990000000
24 -0.0161738990000000
25 -0.0157364990000000
26 -0.0149338990000000
27 -0.0162718990000000
28 -0.0175378990000000
29 -0.0182424990000000
30 -0.0152803990000000
31 -0.0168761990000000
32 -0.0168489990000000
33 -0.0161007990000000
34 -0.0152010990000000
35 -0.0151738990000000
36 -0.0162910990000000
37 -0.0143472990000000
38 -0.0155543990000000
39 -0.0175988990000000
40 -0.0164474990000000
41 -0.0148903990000000
42 -0.0137479990000000
43 -0.0121686990000000
44 -0.0123221990000000
45 -0.0127013990000000
46 -0.0160053990000000
47 -0.0160934990000000
48 -0.0180593990000000
49 -0.0191737990000000
50 -0.0197448990000000
51 -0.0192368990000000
52 -0.0196383990000000
53 -0.0182609990000000
54 -0.0206399990000000
55 -0.0199197990000000
56 -0.0207526990000000
57 -0.0206146990000000
58 -0.0172168990000000
59 -0.0172667990000000
60 -0.0179668990000000
61 -0.0155610990000000
62 -0.0162029990000000
63 -0.0185204990000000
64 -0.0167610990000000
65 -0.0167464990000000
66 -0.0173403990000000
67 -0.0196060990000000
68 -0.0199064990000000
69 -0.0191463990000000
70 -0.0178099990000000
71 -0.0152102990000000
72 -0.0172101990000000
73 -0.0159245990000000
74 -0.0160130990000000
75 -0.0165866990000000
76 -0.0152437990000000
77 -0.0157962990000000
78 -0.0165631990000000
79 -0.0155299990000000
80 -0.0166978990000000
81 -0.0171937990000000
82 -0.0170318990000000
83 -0.0145599990000000
84 -0.0111738990000000
85 -0.0091114990000000
86 -0.0112408990000000
87 -0.0106880990000000
88 -0.0132262990000000
89 -0.0146368990000000
90 -0.0133575990000000
91 -0.0135465990000000
92 -0.0161173990000000
93 -0.0206400990000000
94 -0.0217936990000000
95 -0.0228746990000000
96 -0.0218117990000000
97 -0.0216040990000000
98 -0.0204132990000000
99 -0.0187889990000000
100 -0.0183266990000000
101 -0.0201077990000000
102 -0.0207238990000000
103 -0.0216882990000000
104 -0.0211498990000000
105 -0.0182986990000000
106 -0.0183182990000000
107 -0.0207778990000000
108 -0.0202132990000000
109 -0.0182986990000000
110 -0.0194589990000000
111 -0.0227596990000000
112 -0.0200588990000000
113 -0.0183010990000000
114 -0.0191666990000000
115 -0.0173050990000000
116 -0.0137404990000000
117 -0.0135799990000000
118 -0.0124186990000000
119 -0.0105734990000000
120 -0.0117621990000000
121 -0.0088750990000000
122 -0.0109056990000000
123 -0.0095003990000000
124 -0.0127332990000000
125 -0.0147891990000000
126 -0.0140610990000000
127 -0.0151772990000000
128 -0.0153663990000000
129 -0.0146601990000000
130 -0.0162430990000000
131 -0.0171783990000000
132 -0.0202931990000000
133 -0.0192713990000000
134 -0.0193657990000000
135 -0.0187194990000000
136 -0.0194785990000000
137 -0.0175406990000000
138 -0.0170837990000000
139 -0.0151091990000000
140 -0.0160016990000000
141 -0.0184006990000000
142 -0.0172585990000000
143 -0.0160198990000000
144 -0.0164871990000000
145 -0.0137075990000000
146 -0.0087100990000000
147 -0.0086027990000000
148 -0.0097858990000000
149 -0.0099332990000000
150 -0.0099213990000000
151 -0.0094733990000000
152 -0.0095447990000000
153 -0.0098455990000000
154 -0.0095205990000000
155 -0.0110142990000000
156 -0.0105340990000000
157 -0.0119340990000000
158 -0.0129848990000000
159 -0.0155255990000000
160 -0.0148864990000000
161 -0.0153551990000000
162 -0.0163565990000000
163 -0.0167477990000000
164 -0.0136976990000000
165 -0.0173400990000000
166 -0.0148010990000000
167 -0.0119751990000000
168 -0.0101366990000000
169 -0.0101869990000000
170 -0.0124672990000000
171 -0.0108584990000000
172 -0.0133669990000000
173 -0.0127319990000000
174 -0.0099003990000000
175 -0.0102197990000000
176 -0.0079306990000000
177 -0.0085170990000000
178 -0.0081994990000000
179 -0.0091376990000000
180 -0.0086450990000000
181 -0.0062955990000000
182 -0.0052203990000000
183 -0.0068492990000000
184 -0.0093127990000000
185 -0.0109671990000000
186 -0.0088136990000000
187 -0.0104482990000000
188 -0.0091906990000000
189 -0.0100617990000000
190 -0.0105305990000000
191 -0.0089524990000000
192 -0.0074385990000000
193 -0.0053975990000000
194 -0.0053856990000000
195 -0.0080464990000000
196 -0.0100694990000000
197 -0.0100401990000000
198 -0.0108634990000000
199 -0.0106655990000000
200 -0.0091495990000000
201 -0.0094471990000000
202 -0.0081803990000000
203 -0.0036683990000000
204 -0.0039702990000000
205 -0.0037650990000000
206 -0.0031051990000000
207 -0.0021942990000000
208 -0.0088750990000000
209 -0.0099653990000000
210 -0.0106209990000000
211 -0.0128833990000000
212 -0.0156735990000000
213 -0.0177009990000000
214 -0.0187364990000000
215 -0.0202816990000000
216 -0.0192154990000000
217 -0.0205031990000000
218 -0.0184058990000000
219 -0.0209353990000000
220 -0.0175931990000000
221 -0.0150408990000000
222 -0.0138957990000000
223 -0.0138885990000000
224 -0.0149574990000000
225 -0.0121263990000000
226 -0.0117351990000000
227 -0.0137807990000000
228 -0.0158607990000000
229 -0.0189776990000000
230 -0.0214409990000000
231 -0.0201353990000000
232 -0.0207689990000000
233 -0.0206079990000000
234 -0.0202152990000000
235 -0.0211065990000000
236 -0.0184685990000000
237 -0.0184541990000000
238 -0.0166599990000000
239 -0.0190920990000000
240 -0.0185054990000000
241 -0.0157532990000000
242 -0.0130288990000000
243 -0.0128728990000000
244 -0.0101066990000000
245 -0.0111427990000000
246 -0.0161317990000000
247 -0.0162880990000000
248 -0.0155488990000000
249 -0.0147817990000000
250 -0.0169697990000000
251 -0.0164861990000000
252 -0.0159678990000000
253 -0.0129274990000000
254 -0.0128596990000000
255 -0.0125274990000000
256 -0.0114468990000000
257 -0.0111246990000000
258 -0.0112521990000000
259 -0.0136273990000000
260 -0.0146882990000000
261 -0.0168151990000000
262 -0.0176757990000000
263 -0.0173844990000000
264 -0.0178448990000000
265 -0.0180171990000000
266 -0.0189726990000000
267 -0.0199213990000000
268 -0.0199052990000000
269 -0.0178576990000000
270 -0.0164754990000000
271 -0.0158870990000000
272 -0.0159673990000000
273 -0.0164598990000000
274 -0.0154445990000000
275 -0.0168548990000000
276 -0.0182781990000000
277 -0.0163702990000000
278 -0.0163538990000000
279 -0.0146010990000000
280 -0.0165634990000000
281 -0.0152904990000000
282 -0.0156477990000000
283 -0.0159717990000000
284 -0.0157558990000000
285 -0.0164058990000000
286 -0.0189702990000000
287 -0.0181926990000000
288 -0.0170750990000000
289 -0.0168984990000000
290 -0.0184198990000000
291 -0.0179393990000000
292 -0.0179396990000000
293 -0.0173958990000000
294 -0.0177064990000000
295 -0.0182586990000000
296 -0.0166017990000000
297 -0.0141235990000000
298 -0.0155486990000000
299 -0.0174262990000000
300 -0.0172338990000000
301 -0.0149679990000000
302 -0.0133757990000000
303 -0.0145344990000000
304 -0.0140230990000000
305 -0.0119217990000000
306 -0.0140039990000000
307 -0.0146986990000000
308 -0.0162985990000000
309 -0.0176495990000000
310 -0.0144639990000000
311 -0.0147800990000000
312 -0.0145286990000000
313 -0.0158663990000000
314 -0.0151231990000000
315 -0.0123861990000000
316 -0.0131562990000000
317 -0.0121558990000000
318 -0.0141417990000000
319 -0.0107648990000000
320 -0.0123365990000000
321 -0.0127679990000000
322 -0.0129396990000000
323 -0.0156022990000000
324 -0.0120507990000000
325 -0.0119500990000000
326 -0.0132665990000000
327 -0.0113877990000000
328 -0.0108329990000000
329 -0.0162141990000000
330 -0.0152294990000000
331 -0.0176568990000000
332 -0.0201992990000000
333 -0.0183665990000000
334 -0.0201043990000000
335 -0.0192388990000000
336 -0.0190195990000000
337 -0.0197857990000000
338 -0.0193097990000000
339 -0.0206989990000000
340 -0.0211620990000000
341 -0.0200188990000000
342 -0.0188389990000000
343 -0.0170901990000000
344 -0.0169264990000000
345 -0.0147537990000000
346 -0.0136134990000000
347 -0.0164737990000000
348 -0.0134020990000000
349 -0.0156705990000000
350 -0.0174555990000000
351 -0.0144996990000000
352 -0.0150151990000000
353 -0.0151855990000000
354 -0.0164788990000000
355 -0.0145063990000000
356 -0.0147078990000000
357 -0.0155071990000000
358 -0.0158741990000000
359 -0.0181643990000000
360 -0.0161346990000000
361 -0.0179954990000000
362 -0.0172078990000000
363 -0.0141084990000000
364 -0.0158343990000000
365 -0.0177286990000000
366 -0.0174034990000000
367 -0.0183842990000000
368 -0.0179643990000000
369 -0.0197222990000000
370 -0.0203652990000000
371 -0.0158058990000000
372 -0.0136327990000000
373 -0.0148055990000000
374 -0.0153134990000000
375 -0.0184619990000000
376 -0.0171370990000000
377 -0.0155734990000000
378 -0.0177588990000000
379 -0.0145724990000000
380 -0.0163576990000000
381 -0.0160673990000000
382 -0.0165766990000000
383 -0.0153974990000000
384 -0.0137410990000000
385 -0.0110423990000000
386 -0.0137426990000000
387 -0.0125718990000000
388 -0.0139951990000000
389 -0.0151964990000000
390 -0.0171124990000000
391 -0.0159340990000000
392 -0.0165621990000000
393 -0.0189563990000000
394 -0.0191273990000000
395 -0.0194891990000000
396 -0.0169259990000000
397 -0.0172684990000000
398 -0.0195748990000000
399 -0.0172299990000000
400 -0.0142563990000000
401 -0.0144843990000000
402 -0.0135941990000000
403 -0.0119049990000000
404 -0.0144905990000000
405 -0.0159646990000000
406 -0.0157289990000000
407 -0.0160575990000000
408 -0.0180999990000000
409 -0.0179557990000000
410 -0.0150144990000000
411 -0.0154129990000000
412 -0.0151470990000000
413 -0.0177911990000000
414 -0.0168423990000000
415 -0.0181949990000000
416 -0.0186021990000000
417 -0.0167400990000000
418 -0.0171744990000000
419 -0.0160411990000000
420 -0.0155617990000000
421 -0.0178502990000000
422 -0.0169032990000000
423 -0.0163848990000000
424 -0.0184660990000000
425 -0.0190320990000000
426 -0.0181994990000000
427 -0.0188546990000000
428 -0.0181491990000000
429 -0.0173475990000000
430 -0.0157083990000000
431 -0.0166834990000000
432 -0.0140631990000000
433 -0.0140453990000000
434 -0.0108276990000000
435 -0.0143400990000000
436 -0.0128990990000000
437 -0.0115501990000000
438 -0.0138679990000000
439 -0.0151305990000000
440 -0.0113603990000000
441 -0.0130736990000000
442 -0.0112560990000000
443 -0.0103464990000000
444 -0.0099115990000000
445 -0.0122748990000000
446 -0.0097726990000000
447 -0.0114610990000000
448 -0.0120113990000000
449 -0.0162103990000000
450 -0.0164698990000000
451 -0.0176642990000000
452 -0.0177784990000000
453 -0.0194664990000000
454 -0.0197936990000000
455 -0.0161146990000000
456 -0.0170799990000000
457 -0.0171359990000000
458 -0.0137908990000000
459 -0.0143623990000000
460 -0.0139664990000000
461 -0.0139637990000000
462 -0.0142166990000000
463 -0.0157715990000000
464 -0.0132528990000000
465 -0.0140815990000000
466 -0.0112237990000000
467 -0.0146089990000000
468 -0.0154558990000000
469 -0.0164505990000000
470 -0.0177790990000000
471 -0.0158993990000000
472 -0.0117742990000000
473 -0.0140474990000000
474 -0.0148490990000000
475 -0.0142489990000000
476 -0.0120626990000000
477 -0.0105026990000000
478 -0.0106680990000000
479 -0.0113037990000000
480 -0.0117943990000000
481 -0.0113298990000000
482 -0.0126873990000000
483 -0.0125323990000000
484 -0.0093762990000000
485 -0.0087870990000000
486 -0.0091894990000000
487 -0.0072710990000000
488 -0.0099068990000000
489 -0.0106149990000000
490 -0.0103394990000000
491 -0.0132046990000000
492 -0.0135816990000000
493 -0.0112391990000000
494 -0.0108112990000000
495 -0.0123677990000000
496 -0.0088853990000000
497 -0.0102719990000000
498 -0.0090082990000000
499 -0.0106870990000000
500 -0.0105142990000000
501 -0.0148504990000000
502 -0.0136342990000000
503 -0.0146522990000000
504 -0.0161938990000000
505 -0.0182962990000000
506 -0.0159527990000000
507 -0.0150395990000000
508 -0.0140354990000000
509 -0.0173905990000000
510 -0.0160958990000000
511 -0.0131953990000000
512 -0.0113266990000000
513 -0.0119680990000000
514 -0.0122354990000000
515 -0.0160584990000000
516 -0.0173149990000000
517 -0.0170311990000000
518 -0.0143015990000000
519 -0.0155729990000000
520 -0.0185174990000000
521 -0.0187405990000000
522 -0.0185249990000000
523 -0.0168391990000000
524 -0.0171147990000000
525 -0.0168344990000000
526 -0.0149048990000000
527 -0.0133654990000000
528 -0.0151331990000000
529 -0.0156458990000000
530 -0.0143915990000000
531 -0.0141902990000000
532 -0.0162474990000000
533 -0.0180939990000000
534 -0.0161982990000000
535 -0.0147956990000000
536 -0.0153855990000000
537 -0.0166234990000000
538 -0.0170857990000000
539 -0.0178330990000000
540 -0.0176209990000000
541 -0.0178235990000000
542 -0.0180063990000000
543 -0.0166580990000000
544 -0.0161410990000000
545 -0.0176281990000000
546 -0.0188459990000000
547 -0.0170515990000000
548 -0.0148448990000000
549 -0.0160336990000000
550 -0.0145552990000000
551 -0.0141729990000000
552 -0.0131064990000000
553 -0.0141347990000000
554 -0.0159870990000000
555 -0.0152636990000000
556 -0.0148585990000000
557 -0.0152927990000000
558 -0.0160889990000000
559 -0.0150562990000000
560 -0.0140671990000000
561 -0.0137620990000000
562 -0.0155714990000000
563 -0.0169880990000000
564 -0.0155003990000000
565 -0.0158068990000000
566 -0.0175292990000000
567 -0.0157570990000000
568 -0.0166234990000000
569 -0.0151991990000000
570 -0.0147864990000000
571 -0.0133622990000000
572 -0.0167693990000000
573 -0.0151631990000000
574 -0.0135021990000000
575 -0.0136271990000000
576 -0.0122308990000000
577 -0.0147743990000000
578 -0.0121600990000000
579 -0.0165549990000000
580 -0.0190075990000000
581 -0.0179470990000000
582 -0.0161150990000000
583 -0.0150900990000000
584 -0.0163759990000000
585 -0.0152530990000000
586 -0.0131104990000000
587 -0.0113948990000000
588 -0.0100509990000000
589 -0.0092380990000000
590 -0.0104050990000000
591 -0.0099687990000000
592 -0.0105674990000000
593 -0.0086655990000000
594 -0.0074296990000000
595 -0.0076473990000000
596 -0.0072860990000000
597 -0.0108505990000000
598 -0.0122203990000000
599 -0.0132773990000000
600 -0.0118426990000000
1 0.3655404010000000
2 0.1477615010000000
3 0.0995220010000000
4 0.0756981010000000
5 0.0636775010000000
6 0.0436390010000000
7 0.0335674010000000
8 0.0228770010000000
9 0.0188806010000000
10 0.0072993010000000
11 0.0010220010000000
12 -0.0017003990000000
13 -0.0060744990000000
14 -0.0102279990000000
15 -0.0103463990000000
16 -0.0110674990000000
17 -0.0090351990000000
18 -0.0109414990000000
19 -0.0100446990000000
20 -0.0130037990000000
21 -0.0116941990000000
22 -0.0124062990000000
23 -0.0130129990000000
24 -0.0119214990000000
25 -0.0119725990000000
26 -0.0132930990000000
27 -0.0114062990000000
28 -0.0140818990000000
29 -0.0139980990000000
30 -0.0132191990000000
31 -0.0144271990000000
32 -0.0165968990000000
33 -0.0156938990000000
34 -0.0138559990000000
35 -0.0160400990000000
36 -0.0139598990000000
37 -0.0152268990000000
38 -0.0165177990000000
39 -0.0152146990000000
40 -0.0150944990000000
41 -0.0152335990000000
42 -0.0167635990000000
43 -0.0151916990000000
44 -0.0176430990000000
45 -0.0159780990000000
46 -0.0157721990000000
47 -0.0153416990000000
48 -0.0154243990000000
49 -0.0146619990000000
50 -0.0143520990000000
51 -0.0175980990000000
52 -0.0165711990000000
53 -0.0147707990000000
54 -0.0127604990000000
55 -0.0152655990000000
56 -0.0175832990000000
57 -0.0168347990000000
58 -0.0152317990000000
59 -0.0151915990000000
60 -0.0129774990000000
61 -0.0125236990000000
62 -0.0141033990000000
63 -0.0164891990000000
64 -0.0158460990000000
65 -0.0140023990000000
66 -0.0161670990000000
67 -0.0149855990000000
68 -0.0158237990000000
69 -0.0133007990000000
70 -0.0143808990000000
71 -0.0140993990000000
72 -0.0141087990000000
73 -0.0158541990000000
74 -0.0154776990000000
75 -0.0152224990000000
76 -0.0150292990000000
77 -0.0184911990000000
78 -0.0147158990000000
79 -0.0125029990000000
80 -0.0133362990000000
81 -0.0128588990000000
82 -0.0132990990000000
83 -0.0147454990000000
84 -0.0180208990000000
85 -0.0160375990000000
86 -0.0164603990000000
87 -0.0169885990000000
88 -0.0180032990000000
89 -0.0160520990000000
90 -0.0182508990000000
91 -0.0183261990000000
92 -0.0159736990000000
93 -0.0131133990000000
94 -0.0133186990000000
95 -0.0115945990000000
96 -0.0139242990000000
97 -0.0159097990000000
98 -0.0140351990000000
99 -0.0123132990000000
100 -0.0142492990000000
101 -0.0152140990000000
102 -0.0153727990000000
103 -0.0185101990000000
104 -0.0164614990000000
105 -0.0132878990000000
106 -0.0148053990000000
107 -0.0140489990000000
108 -0.0147494990000000
109 -0.0138447990000000
110 -0.0154866990000000
111 -0.0163463990000000
112 -0.0174186990000000
113 -0.0177427990000000
114 -0.0202484990000000
115 -0.0204553990000000
116 -0.0185973990000000
117 -0.0195397990000000
118 -0.0188354990000000
119 -0.0169845990000000
120 -0.0165725990000000
121 -0.0152278990000000
122 -0.0122322990000000
123 -0.0119237990000000
124 -0.0102904990000000
125 -0.0130740990000000
126 -0.0158412990000000
127 -0.0157780990000000
128 -0.0142683990000000
129 -0.0165094990000000
130 -0.0183841990000000
131 -0.0185801990000000
132 -0.0180889990000000
133 -0.0192075990000000
134 -0.0182668990000000
135 -0.0203006990000000
136 -0.0204725990000000
137 -0.0202210990000000
138 -0.0169159990000000
139 -0.0160055990000000
140 -0.0184678990000000
141 -0.0164581990000000
142 -0.0157627990000000
143 -0.0159582990000000
144 -0.0156373990000000
145 -0.0149854990000000
146 -0.0164469990000000
147 -0.0140046990000000
148 -0.0124723990000000
149 -0.0149251990000000
150 -0.0127859990000000
151 -0.0127135990000000
152 -0.0146309990000000
153 -0.0150535990000000
154 -0.0169741990000000
155 -0.0162720990000000
156 -0.0157785990000000
157 -0.0144397990000000
158 -0.0156036990000000
159 -0.0147821990000000
160 -0.0132405990000000
161 -0.0134879990000000
162 -0.0148499990000000
163 -0.0162623990000000
164 -0.0160524990000000
165 -0.0152575990000000
166 -0.0149718990000000
167 -0.0136449990000000
168 -0.0110592990000000
169 -0.0086685990000000
170 -0.0107097990000000
171 -0.0094878990000000
172 -0.0111017990000000
173 -0.0099660990000000
174 -0.0125774990000000
175 -0.0117727990000000
176 -0.0111962990000000
177 -0.0119097990000000
178 -0.0132678990000000
179 -0.0130707990000000
180 -0.0140000990000000
181 -0.0135342990000000
182 -0.0151521990000000
183 -0.0149037990000000
184 -0.0137181990000000
185 -0.0151907990000000
186 -0.0128431990000000
187 -0.0137112990000000
188 -0.0135317990000000
189 -0.0122023990000000
190 -0.0172590990000000
191 -0.0154164990000000
192 -0.0153255990000000
193 -0.0167313990000000
194 -0.0174570990000000
195 -0.0174841990000000
196 -0.0171580990000000
197 -0.0183482990000000
198 -0.0201934990000000
199 -0.0213519990000000
200 -0.0209318990000000
201 -0.0202668990000000
202 -0.0187945990000000
203 -0.0185510990000000
204 -0.0201176990000000
205 -0.0155842990000000
206 -0.0132027990000000
207 -0.0129297990000000
208 -0.0121015990000000
209 -0.0137990990000000
210 -0.0133559990000000
211 -0.0130680990000000
212 -0.0139333990000000
213 -0.0105617990000000
214 -0.0078711990000000
215 -0.0101788990000000
216 -0.0114297990000000
217 -0.0118576990000000
218 -0.0138768990000000
219 -0.0170076990000000
220 -0.0169040990000000
221 -0.0175424990000000
222 -0.0184304990000000
223 -0.0128752990000000
224 -0.0139133990000000
225 -0.0147118990000000
226 -0.0109989990000000
227 -0.0132059990000000
228 -0.0121028990000000
229 -0.0146530990000000
230 -0.0136785990000000
231 -0.0166543990000000
232 -0.0186060990000000
233 -0.0199512990000000
234 -0.0164452990000000
235 -0.0156389990000000
236 -0.0138575990000000
237 -0.0163926990000000
238 -0.0165850990000000
239 -0.0156765990000000
240 -0.0150343990000000
241 -0.0151302990000000
242 -0.0143057990000000
243 -0.0176540990000000
244 -0.0180329990000000
245 -0.0153850990000000
246 -0.0134750990000000
247 -0.0112162990000000
248 -0.0112524990000000
249 -0.0126124990000000
250 -0.0101278990000000
251 -0.0052503990000000
252 -0.0077249990000000
253 -0.0088784990000000
254 -0.0107454990000000
255 -0.0128670990000000
256 -0.0124954990000000
257 -0.0141610990000000
258 -0.0155431990000000
259 -0.0161640990000000
260 -0.0167398990000000
261 -0.0165743990000000
262 -0.0161722990000000
263 -0.0166817990000000
264 -0.0125766990000000
265 -0.0085887990000000
266 -0.0094595990000000
267 -0.0120882990000000
268 -0.0115561990000000
269 -0.0108787990000000
270 -0.0117129990000000
271 -0.0111678990000000
272 -0.0083074990000000
273 -0.0084842990000000
274 -0.0064435990000000
275 -0.0091399990000000
276 -0.0070376990000000
277 -0.0056684990000000
278 -0.0043241990000000
279 -0.0081587990000000
280 -0.0103382990000000
281 -0.0111030990000000
282 -0.0098439990000000
283 -0.0098251990000000
284 -0.0113510990000000
285 -0.0123479990000000
286 -0.0133497990000000
287 -0.0157607990000000
288 -0.0151081990000000
289 -0.0161052990000000
290 -0.0188460990000000
291 -0.0163893990000000
292 -0.0144698990000000
293 -0.0126780990000000
294 -0.0140912990000000
295 -0.0165554990000000
296 -0.0150585990000000
297 -0.0136107990000000
298 -0.0077916990000000
299 -0.0102986990000000
300 -0.0115464990000000
301 -0.0089789990000000
302 -0.0096157990000000
303 -0.0099262990000000
304 -0.0079987990000000
305 -0.0103033990000000
306 -0.0098095990000000
307 -0.0130761990000000
308 -0.0165116990000000
309 -0.0166634990000000
310 -0.0168876990000000
311 -0.0183018990000000
312 -0.0160182990000000
313 -0.0156460990000000
314 -0.0171861990000000
315 -0.0193398990000000
316 -0.0185933990000000
317 -0.0159356990000000
318 -0.0154242990000000
319 -0.0141436990000000
320 -0.0158207990000000
321 -0.0135754990000000
322 -0.0180217990000000
323 -0.0180986990000000
324 -0.0161751990000000
325 -0.0116837990000000
326 -0.0111308990000000
327 -0.0111986990000000
328 -0.0078845990000000
329 -0.0069380990000000
330 -0.0084699990000000
331 -0.0060245990000000
332 -0.0106273990000000
333 -0.0110062990000000
334 -0.0099881990000000
335 -0.0103752990000000
336 -0.0116824990000000
337 -0.0133288990000000
338 -0.0102155990000000
339 -0.0141196990000000
340 -0.0142661990000000
341 -0.0128419990000000
342 -0.0130502990000000
343 -0.0159334990000000
344 -0.0143285990000000
345 -0.0154887990000000
346 -0.0163019990000000
347 -0.0123845990000000
348 -0.0128845990000000
349 -0.0151464990000000
350 -0.0104249990000000
351 -0.0089649990000000
352 -0.0110424990000000
353 -0.0145065990000000
354 -0.0148349990000000
355 -0.0131900990000000
356 -0.0141660990000000
357 -0.0105147990000000
358 -0.0123247990000000
359 -0.0141186990000000
360 -0.0135808990000000
361 -0.0121637990000000
362 -0.0120059990000000
363 -0.0117257990000000
364 -0.0119946990000000
365 -0.0115905990000000
366 -0.0117366990000000
367 -0.0062481990000000
368 -0.0072532990000000
369 -0.0108639990000000
370 -0.0120175990000000
371 -0.0132689990000000
372 -0.0154029990000000
373 -0.0154624990000000
374 -0.0163893990000000
375 -0.0195437990000000
376 -0.0184205990000000
377 -0.0180103990000000
378 -0.0195774990000000
379 -0.0179294990000000
380 -0.0166374990000000
381 -0.0190291990000000
382 -0.0190251990000000
383 -0.0176190990000000
384 -0.0183539990000000
385 -0.0168393990000000
386 -0.0146347990000000
387 -0.0135340990000000
388 -0.0154176990000000
389 -0.0166649990000000
390 -0.0147427990000000
391 -0.0128934990000000
392 -0.0142825990000000
393 -0.0177251990000000
394 -0.0155961990000000
395 -0.0163556990000000
396 -0.0185306990000000
397 -0.0172678990000000
398 -0.0169083990000000
399 -0.0159686990000000
400 -0.0166578990000000
401 -0.0209801990000000
402 -0.0201792990000000
403 -0.0199862990000000
404 -0.0206685990000000
405 -0.0195049990000000
406 -0.0165695990000000
407 -0.0132525990000000
408 -0.0112971990000000
409 -0.0115712990000000
410 -0.0073718990000000
411 -0.0077469990000000
412 -0.0077755990000000
413 -0.0112107990000000
414 -0.0121466990000000
415 -0.0106495990000000
416 -0.0102763990000000
417 -0.0085105990000000
418 -0.0047217990000000
419 -0.0052676990000000
420 -0.0074917990000000
421 -0.0046111990000000
422 -0.0039045990000000
423 -0.0040656990000000
424 -0.0034372990000000
425 -0.0040336990000000
426 -0.0065826990000000
427 -0.0056003990000000
428 -0.0056653990000000
429 -0.0079251990000000
430 -0.0109521990000000
431 -0.0100366990000000
432 -0.0110689990000000
433 -0.0117375990000000
434 -0.0131656990000000
435 -0.0154086990000000
436 -0.0162764990000000
437 -0.0152801990000000
438 -0.0170917990000000
439 -0.0177889990000000
440 -0.0147400990000000
441 -0.0142538990000000
442 -0.0154835990000000
443 -0.0158140990000000
444 -0.0148256990000000
445 -0.0143598990000000
446 -0.0145359990000000
447 -0.0155507990000000
448 -0.0168066990000000
449 -0.0123798990000000
450 -0.0144925990000000
451 -0.0153420990000000
452 -0.0144383990000000
453 -0.0127301990000000
454 -0.0120593990000000
455 -0.0126650990000000
456 -0.0111532990000000
457 -0.0118960990000000
458 -0.0125045990000000
459 -0.0140040990000000
460 -0.0156034990000000
461 -0.0168532990000000
462 -0.0169753990000000
463 -0.0152963990000000
464 -0.0160548990000000
465 -0.0167416990000000
466 -0.0149591990000000
467 -0.0165581990000000
468 -0.0174719990000000
469 -0.0154508990000000
470 -0.0170095990000000
471 -0.0136905990000000
472 -0.0143194990000000
473 -0.0140004990000000
474 -0.0126277990000000
475 -0.0138992990000000
476 -0.0127686990000000
477 -0.0137612990000000
478 -0.0150686990000000
479 -0.0158366990000000
480 -0.0139775990000000
481 -0.0095497990000000
482 -0.0107858990000000
483 -0.0126520990000000
484 -0.0122384990000000
485 -0.0100927990000000
486 -0.0102627990000000
487 -0.0101344990000000
488 -0.0124816990000000
489 -0.0110353990000000
490 -0.0075284990000000
491 -0.0060468990000000
492 -0.0086020990000000
493 -0.0062496990000000
494 -0.0085543990000000
495 -0.0071104990000000
496 -0.0083561990000000
497 -0.0074502990000000
498 -0.0094339990000000
499 -0.0111205990000000
500 -0.0142197990000000
501 -0.0143195990000000
502 -0.0152053990000000
503 -0.0140380990000000
504 -0.0146132990000000
505 -0.0147547990000000
506 -0.0133767990000000
507 -0.0143726990000000
508 -0.0155869990000000
509 -0.0167070990000000
510 -0.0159693990000000
511 -0.0185535990000000
512 -0.0206085990000000
513 -0.0201838990000000
514 -0.0185117990000000
515 -0.0174276990000000
516 -0.0163607990000000
517 -0.0141572990000000
518 -0.0110859990000000
519 -0.0102561990000000
520 -0.0087772990000000
521 -0.0089526990000000
522 -0.0099209990000000
523 -0.0118150990000000
524 -0.0111049990000000
525 -0.0133825990000000
526 -0.0117530990000000
527 -0.0128689990000000
528 -0.0153162990000000
529 -0.0127704990000000
530 -0.0113722990000000
531 -0.0145067990000000
532 -0.0146892990000000
533 -0.0122825990000000
534 -0.0137869990000000
535 -0.0118532990000000
536 -0.0146239990000000
537 -0.0139056990000000
538 -0.0130574990000000
539 -0.0141934990000000
540 -0.0112766990000000
541 -0.0105108990000000
542 -0.0112460990000000
543 -0.0115045990000000
544 -0.0147518990000000
545 -0.0132122990000000
546 -0.0132163990000000
547 -0.0161328990000000
548 -0.0166124990000000
549 -0.0177376990000000
550 -0.0150935990000000
551 -0.0134438990000000
552 -0.0150438990000000
553 -0.0163107990000000
554 -0.0168244990000000
555 -0.0172640990000000
556 -0.0169505990000000
557 -0.0153259990000000
558 -0.0139740990000000
559 -0.0138713990000000
560 -0.0146759990000000
561 -0.0141474990000000
562 -0.0136225990000000
563 -0.0138268990000000
564 -0.0144404990000000
565 -0.0123217990000000
566 -0.0136356990000000
567 -0.0121744990000000
568 -0.0144056990000000
569 -0.0133667990000000
570 -0.0151507990000000
571 -0.0178471990000000
572 -0.0161741990000000
573 -0.0145932990000000
574 -0.0142060990000000
575 -0.0127379990000000
576 -0.0117905990000000
577 -0.0128675990000000
578 -0.0136030990000000
579 -0.0160501990000000
580 -0.0168389990000000
581 -0.0173084990000000
582 -0.0173956990000000
583 -0.0169299990000000
584 -0.0167290990000000
585 -0.0171936990000000
586 -0.0185576990000000
587 -0.0166714990000000
588 -0.0166857990000000
589 -0.0150658990000000
590 -0.0149908990000000
591 -0.0159727990000000
592 -0.0144003990000000
593 -0.0130031990000000
594 -0.0116143990000000
595 -0.0112181990000000
596 -0.0103601990000000
597 -0.0093049990000000
598 -0.0096274990000000
599 -0.0072332990000000
600 -0.0089998990000000
1 0.3201631010000000
2 0.1644244010000000
3 0.1102264010000000
4 0.0707685010000000
5 0.0497303010000000
6 0.0447716010000000
7 0.0328977010000000
8 0.0304029010000000
9 0.0177666010000000
10 0.0124996010000000
11 0.0041077010000000
12 -0.0000129990000000
13 -0.0042652990000000
14 -0.0090078990000000
15 -0.0109040990000000
16 -0.0114973990000000
17 -0.0096580990000000
18 -0.0140093990000000
19 -0.0126215990000000
20 -0.0130874990000000
21 -0.0136838990000000
22 -0.0130841990000000
23 -0.0139161990000000
24 -0.0137396990000000
25 -0.0119159990000000
26 -0.0131885990000000
27 -0.0128133990000000
28 -0.0108730990000000
29 -0.0132590990000000
30 -0.0151205990000000
31 -0.0156285990000000
32 -0.0160552990000000
33 -0.0154774990000000
34 -0.0152183990000000
35 -0.0147651990000000
36 -0.0163446990000000
37 -0.0168024990000000
38 -0.0143182990000000
39 -0.0136300990000000
40 -0.0130075990000000
41 -0.0127965990000000
42 -0.0136381990000000
43 -0.0088745990000000
44 -0.0075449990000000
45 -0.0095778990000000
46 -0.0097724990000000
47 -0.0090066990000000
48 -0.0099992990000000
49 -0.0112250990000000
50 -0.0128172990000000
51 -0.0163377990000000
52 -0.0164564990000000
53 -0.0159632990000000
54 -0.0177441990000000
55 -0.0179246990000000
56 -0.0167161990000000
57 -0.0161348990000000
58 -0.0173966990000000
59 -0.0202786990000000
60 -0.0199136990000000
61 -0.0181159990000000
62 -0.0202167990000000
63 -0.0178069990000000
64 -0.0170952990000000
65 -0.0155346990000000
66 -0.0152294990000000
67 -0.0149888990000000
68 -0.0147042990000000
69 -0.0144862990000000
70 -0.0184944990000000
71 -0.0178952990000000
72 -0.0173134990000000
73 -0.0159696990000000
74 -0.0107266990000000
75 -0.0131715990000000
76 -0.0148318990000000
77 -0.0154864990000000
78 -0.0164140990000000
79 -0.0155538990000000
80 -0.0136094990000000
81 -0.0128057990000000
82 -0.0132664990000000
83 -0.0110130990000000
84 -0.0115379990000000
85 -0.0131810990000000
86 -0.0135716990000000
87 -0.0144438990000000
88 -0.0137057990000000
89 -0.0146989990000000
90 -0.0129846990000000
91 -0.0139978990000000
92 -0.0164613990000000
93 -0.0168128990000000
94 -0.0129346990000000
95 -0.0127105990000000
96 -0.0154186990000000
97 -0.0133839990000000
98 -0.0122697990000000
99 -0.0131828990000000
100 -0.0165834990000000
101 -0.0136937990000000
102 -0.0135329990000000
103 -0.0144131990000000
104 -0.0159615990000000
105 -0.0153937990000000
106 -0.0160244990000000
107 -0.0157385990000000
108 -0.0150246990000000
109 -0.0190124990000000
110 -0.0161897990000000
111 -0.0142179990000000
112 -0.0137736990000000
113 -0.0125573990000000
114 -0.0137361990000000
115 -0.0145214990000000
116 -0.0142684990000000
117 -0.0164285990000000
118 -0.0146243990000000
119 -0.0169296990000000
120 -0.0148368990000000
121 -0.0138444990000000
122 -0.0130360990000000
123 -0.0165092990000000
124 -0.0140112990000000
125 -0.0134721990000000
126 -0.0163573990000000
127 -0.0160601990000000
128 -0.0158263990000000
129 -0.0156330990000000
130 -0.0131200990000000
131 -0.0126907990000000
132 -0.0125043990000000
133 -0.0103119990000000
134 -0.0091344990000000
135 -0.0117819990000000
136 -0.0154668990000000
137 -0.0179344990000000
138 -0.0186698990000000
139 -0.0181977990000000
140 -0.0201271990000000
141 -0.0170110990000000
142 -0.0159349990000000
143 -0.0199820990000000
144 -0.0212929990000000
145 -0.0175694990000000
146 -0.0174439990000000
147 -0.0164429990000000
148 -0.0154060990000000
149 -0.0141462990000000
150 -0.0137670990000000
151 -0.0135898990000000
152 -0.0112273990000000
153 -0.0122738990000000
154 -0.0154152990000000
155 -0.0160863990000000
156 -0.0169224990000000
157 -0.0177271990000000
158 -0.0192314990000000
159 -0.0179958990000000
160 -0.0163610990000000
161 -0.0192626990000000
162 -0.0184867990000000
163 -0.0174656990000000
164 -0.0188849990000000
165 -0.0179302990000000
166 -0.0177347990000000
167 -0.0163391990000000
168 -0.0182217990000000
169 -0.0171344990000000
170 -0.0152924990000000
171 -0.0166089990000000
172 -0.0180994990000000
173 -0.0184684990000000
174 -0.0178477990000000
175 -0.0155046990000000
176 -0.0164495990000000
177 -0.0134362990000000
178 -0.0156206990000000
179 -0.0138183990000000
180 -0.0143297990000000
181 -0.0135024990000000
182 -0.0137199990000000
183 -0.0157324990000000
184 -0.0189121990000000
185 -0.0209776990000000
186 -0.0211285990000000
187 -0.0205220990000000
188 -0.0196751990000000
189 -0.0202515990000000
190 -0.0156797990000000
191 -0.0142103990000000
192 -0.0169088990000000
193 -0.0193125990000000
194 -0.0171058990000000
195 -0.0177587990000000
196 -0.0175159990000000
197 -0.0205231990000000
198 -0.0183675990000000
199 -0.0196745990000000
200 -0.0200018990000000
201 -0.0222530990000000
202 -0.0197999990000000
203 -0.0219092990000000
204 -0.0209467990000000
205 -0.0199706990000000
206 -0.0180523990000000
207 -0.0177100990000000
208 -0.0172704990000000
209 -0.0168317990000000
210 -0.0156806990000000
211 -0.0135772990000000
212 -0.0143415990000000
213 -0.0163465990000000
214 -0.0135210990000000
215 -0.0163657990000000
216 -0.0205901990000000
217 -0.0211407990000000
218 -0.0193840990000000
219 -0.0175330990000000
220 -0.0185019990000000
221 -0.0173667990000000
222 -0.0170692990000000
223 -0.0167276990000000
224 -0.0147683990000000
225 -0.0127924990000000
226 -0.0144325990000000
227 -0.0178302990000000
228 -0.0187033990000000
229 -0.0198634990000000
230 -0.0184098990000000
231 -0.0214956990000000
232 -0.0192535990000000
233 -0.0180067990000000
234 -0.0140739990000000
235 -0.0147553990000000
236 -0.0114214990000000
237 -0.0137083990000000
238 -0.0134160990000000
239 -0.0104394990000000
240 -0.0124951990000000
241 -0.0141936990000000
242 -0.0135516990000000
243 -0.0106385990000000
244 -0.0104201990000000
245 -0.0102958990000000
246 -0.0091580990000000
247 -0.0102448990000000
248 -0.0114644990000000
249 -0.0105198990000000
250 -0.0096886990000000
251 -0.0077140990000000
252 -0.0088101990000000
253 -0.0099250990000000
254 -0.0130526990000000
255 -0.0128668990000000
256 -0.0136730990000000
257 -0.0146514990000000
258 -0.0162361990000000
259 -0.0170468990000000
260 -0.0180816990000000
261 -0.0181300990000000
262 -0.0182218990000000
263 -0.0159186990000000
264 -0.0190337990000000
265 -0.0184425990000000
266 -0.0167665990000000
267 -0.0143195990000000
268 -0.0150537990000000
269 -0.0138900990000000
270 -0.0155307990000000
271 -0.0142824990000000
272 -0.0120529990000000
273 -0.0137080990000000
274 -0.0122760990000000
275 -0.0135094990000000
276 -0.0140236990000000
277 -0.0139468990000000
278 -0.0148507990000000
279 -0.0165215990000000
280 -0.0180462990000000
281 -0.0180862990000000
282 -0.0155401990000000
283 -0.0181954990000000
284 -0.0179593990000000
285 -0.0173289990000000
286 -0.0175066990000000
287 -0.0179170990000000
288 -0.0151101990000000
289 -0.0143809990000000
290 -0.0148409990000000
291 -0.0152848990000000
292 -0.0177635990000000
293 -0.0175180990000000
294 -0.0176448990000000
295 -0.0179195990000000
296 -0.0152776990000000
297 -0.0149154990000000
298 -0.0170824990000000
299 -0.0172388990000000
300 -0.0143443990000000
301 -0.0163745990000000
302 -0.0178105990000000
303 -0.0179781990000000
304 -0.0143158990000000
305 -0.0135917990000000
306 -0.0163898990000000
307 -0.0162754990000000
308 -0.0135995990000000
309 -0.0136702990000000
310 -0.0138913990000000
311 -0.0171964990000000
312 -0.0169779990000000
313 -0.0135918990000000
314 -0.0131444990000000
315 -0.0160671990000000
316 -0.0128218990000000
317 -0.0148243990000000
318 -0.0159222990000000
319 -0.0137029990000000
320 -0.0150500990000000
321 -0.0167172990000000
322 -0.0205519990000000
323 -0.0192639990000000
324 -0.0184436990000000
325 -0.0188359990000000
326 -0.0179641990000000
327 -0.0146749990000000
328 -0.0164719990000000
329 -0.0164660990000000
330 -0.0156744990000000
331 -0.0143307990000000
332 -0.0147891990000000
333 -0.0167541990000000
334 -0.0169684990000000
335 -0.0169256990000000
336 -0.0125043990000000
337 -0.0117732990000000
338 -0.0120335990000000
339 -0.0133652990000000
340 -0.0110282990000000
341 -0.0096525990000000
342 -0.0100595990000000
343 -0.0082090990000000
344 -0.0073779990000000
345 -0.0076733990000000
346 -0.0082759990000000
347 -0.0067151990000000
348 -0.0084333990000000
349 -0.0106364990000000
350 -0.0105258990000000
351 -0.0116160990000000
352 -0.0107690990000000
353 -0.0138144990000000
354 -0.0152767990000000
355 -0.0178381990000000
356 -0.0185720990000000
357 -0.0173496990000000
358 -0.0175610990000000
359 -0.0145808990000000
360 -0.0172478990000000
361 -0.0170862990000000
362 -0.0154445990000000
363 -0.0161781990000000
364 -0.0134874990000000
365 -0.0158706990000000
366 -0.0167676990000000
367 -0.0146912990000000
368 -0.0133373990000000
369 -0.0122301990000000
370 -0.0138875990000000
371 -0.0094324990000000
372 -0.0098901990000000
373 -0.0109551990000000
374 -0.0090996990000000
375 -0.0084948990000000
376 -0.0086756990000000
377 -0.0097777990000000
378 -0.0085430990000000
379 -0.0059259990000000
380 -0.0067247990000000
381 -0.0055749990000000
382 -0.0110844990000000
383 -0.0105630990000000
384 -0.0112313990000000
385 -0.0093202990000000
386 -0.0106072990000000
387 -0.0123653990000000
388 -0.0132738990000000
389 -0.0139082990000000
390 -0.0153029990000000
391 -0.0167184990000000
392 -0.0182001990000000
393 -0.0198661990000000
394 -0.0187328990000000
395 -0.0189173990000000
396 -0.0169266990000000
397 -0.0173875990000000
398 -0.0179444990000000
399 -0.0189830990000000
400 -0.0183039990000000
401 -0.0185814990000000
402 -0.0189566990000000
403 -0.0177317990000000
404 -0.0154029990000000
405 -0.0177677990000000
406 -0.0191870990000000
407 -0.0199429990000000
408 -0.0193584990000000
409 -0.0203069990000000
410 -0.0184483990000000
411 -0.0165235990000000
412 -0.0138728990000000
413 -0.0142011990000000
414 -0.0119282990000000
415 -0.0081751990000000
416 -0.0105531990000000
417 -0.0070848990000000
418 -0.0074212990000000
419 -0.0101988990000000
420 -0.0094753990000000
421 -0.0102514990000000
422 -0.0082894990000000
423 -0.0107107990000000
424 -0.0102206990000000
425 -0.0137897990000000
426 -0.0156101990000000
427 -0.0124280990000000
428 -0.0155856990000000
429 -0.0154691990000000
430 -0.0133407990000000
431 -0.0122786990000000
432 -0.0116843990000000
433 -0.0115297990000000
434 -0.0108971990000000
435 -0.0132857990000000
436 -0.0148327990000000
437 -0.0128318990000000
438 -0.0107999990000000
439 -0.0095137990000000
440 -0.0103408990000000
441 -0.0103777990000000
442 -0.0119933990000000
443 -0.0119025990000000
444 -0.0104076990000000
445 -0.0099791990000000
446 -0.0114047990000000
447 -0.0106613990000000
448 -0.0065967990000000
449 -0.0090692990000000
450 -0.0081877990000000
451 -0.0095837990000000
452 -0.0144050990000000
453 -0.0109008990000000
454 -0.0112671990000000
455 -0.0115847990000000
456 -0.0119945990000000
457 -0.0121301990000000
458 -0.0129208990000000
459 -0.0156921990000000
460 -0.0157034990000000
461 -0.0142710990000000
462 -0.0128123990000000
463 -0.0157324990000000
464 -0.0172587990000000
465 -0.0169698990000000
466 -0.0155069990000000
467 -0.0139298990000000
468 -0.0124355990000000
469 -0.0141022990000000
470 -0.0158465990000000
471 -0.0131206990000000
472 -0.0161935990000000
473 -0.0149856990000000
474 -0.0132809990000000
475 -0.0161612990000000
476 -0.0149509990000000
477 -0.0104549990000000
478 -0.0112082990000000
479 -0.0104996990000000
480 -0.0097128990000000
481 -0.0114451990000000
482 -0.0087202990000000
483 -0.0071966990000000
484 -0.0066841990000000
485 -0.0070051990000000
486 -0.0079617990000000
487 -0.0054769990000000
488 -0.0076727990000000
489 -0.0058396990000000
490 -0.0053360990000000
491 -0.0069946990000000
492 -0.0081219990000000
493 -0.0099529990000000
494 -0.0109969990000000
495 -0.0057457990000000
496 -0.0034675990000000
497 -0.0019795990000000
498 -0.0064083990000000
499 -0.0074119990000000
500 -0.0056088990000000
501 -0.0067420990000000
502 -0.0073103990000000
503 -0.0058846990000000
504 -0.0071847990000000
505 -0.0096895990000000
506 -0.0106472990000000
507 -0.0084746990000000
508 -0.0107783990000000
509 -0.0118838990000000
510 -0.0141493990000000
511 -0.0127422990000000
512 -0.0108704990000000
513 -0.0129525990000000
514 -0.0152740990000000
515 -0.0133776990000000
516 -0.0156945990000000
517 -0.0176243990000000
518 -0.0170968990000000
519 -0.0149766990000000
520 -0.0151702990000000
521 -0.0163829990000000
522 -0.0155870990000000
523 -0.0167153990000000
524 -0.0167350990000000
525 -0.0148688990000000
526 -0.0141582990000000
527 -0.0141830990000000
528 -0.0158295990000000
529 -0.0129378990000000
530 -0.0136156990000000
531 -0.0123397990000000
532 -0.0135966990000000
533 -0.0155419990000000
534 -0.0177538990000000
535 -0.0205865990000000
536 -0.0217387990000000
537 -0.0214317990000000
538 -0.0196895990000000
539 -0.0169778990000000
540 -0.0162138990000000
541 -0.0166852990000000
542 -0.0175678990000000
543 -0.0154401990000000
544 -0.0150741990000000
545 -0.0133378990000000
546 -0.0147630990000000
547 -0.0138478990000000
548 -0.0142919990000000
549 -0.0136199990000000
550 -0.0129763990000000
551 -0.0147556990000000
552 -0.0162558990000000
553 -0.0144548990000000
554 -0.0148461990000000
555 -0.0155801990000000
556 -0.0167173990000000
557 -0.0145868990000000
558 -0.0140701990000000
559 -0.0140744990000000
560 -0.0126790990000000
561 -0.0161143990000000
562 -0.0175432990000000
563 -0.0192320990000000
564 -0.0186435990000000
565 -0.0188606990000000
566 -0.0185684990000000
567 -0.0173935990000000
568 -0.0184382990000000
569 -0.0201729990000000
570 -0.0198162990000000
571 -0.0173148990000000
572 -0.0178727990000000
573 -0.0189762990000000
574 -0.0172199990000000
575 -0.0173593990000000
576 -0.0180003990000000
577 -0.0177082990000000
578 -0.0212076990000000
579 -0.0214073990000000
580 -0.0193965990000000
581 -0.0207999990000000
582 -0.0253083990000000
583 -0.0249451990000000
584 -0.0229323990000000
585 -0.0209103990000000
586 -0.0205100990000000
587 -0.0193024990000000
588 -0.0197631990000000
589 -0.0168423990000000
590 -0.0145046990000000
591 -0.0143729990000000
592 -0.0132166990000000
593 -0.0118298990000000
594 -0.0146292990000000
595 -0.0136067990000000
596 -0.0113456990000000
597 -0.0150837990000000
598 -0.0155336990000000
599 -0.0162260990000000
600 -0.0162215990000000
1 0.3308430010000000
2 0.1360039010000000
3 0.0871037010000000
4 0.0648895010000000
5 0.0466827010000000
6 0.0335159010000000
7 0.0248485010000000
8 0.0162086010000000
9 0.0078890010000000
10 0.0074713010000000
11 0.0079963010000000
12 0.0032419010000000
13 0.0003043010000000
14 -0.0015509990000000
15 -0.0004724990000000
16 -0.0047166990000000
17 -0.0060026990000000
18 -0.0046280990000000
19 -0.0068666990000000
20 -0.0089049990000000
21 -0.0093954990000000
22 -0.0045389990000000
23 -0.0102632990000000
24 -0.0091596990000000
25 -0.0079130990000000
26 -0.0090927990000000
27 -0.0099668990000000
28 -0.0077797990000000
29 -0.0083293990000000
30 -0.0091894990000000
31 -0.0085082990000000
32 -0.0116118990000000
33 -0.0115541990000000
34 -0.0130398990000000
35 -0.0102176990000000
36 -0.0098677990000000
37 -0.0151333990000000
38 -0.0103527990000000
39 -0.0138797990000000
40 -0.0154265990000000
41 -0.0131735990000000
42 -0.0128211990000000
43 -0.0146025990000000
44 -0.0130489990000000
45 -0.0139496990000000
46 -0.0133865990000000
47 -0.0141019990000000
48 -0.0131812990000000
49 -0.0135707990000000
50 -0.0109342990000000
51 -0.0119955990000000
52 -0.0133393990000000
53 -0.0137269990000000
54 -0.0114469990000000
55 -0.0123782990000000
56 -0.0100293990000000
57 -0.0123760990000000
58 -0.0113749990000000
59 -0.0121340990000000
60 -0.0118597990000000
61 -0.0115929990000000
62 -0.0128618990000000
63 -0.0168919990000000
64 -0.0168347990000000
65 -0.0158811990000000
66 -0.0122570990000000
67 -0.0125616990000000
68 -0.0178636990000000
69 -0.0174239990000000
70 -0.0174512990000000
71 -0.0171539990000000
72 -0.0176632990000000
73 -0.0167150990000000
74 -0.0160626990000000
75 -0.0179821990000000
76 -0.0165171990000000
77 -0.0140936990000000
78 -0.0150228990000000
79 -0.0126819990000000
80 -0.0092315990000000
81 -0.0108447990000000
82 -0.0136740990000000
83 -0.0140293990000000
84 -0.0114171990000000
85 -0.0117939990000000
86 -0.0127562990000000
87 -0.0139420990000000
88 -0.0134630990000000
89 -0.0104579990000000
90 -0.0123010990000000
91 -0.0139459990000000
92 -0.0139832990000000
93 -0.0154211990000000
94 -0.0166535990000000
95 -0.0169608990000000
96 -0.0173647990000000
97 -0.0180460990000000
98 -0.0180659990000000
99 -0.0203619990000000
100 -0.0204270990000000
101 -0.0171137990000000
102 -0.0171564990000000
103 -0.0152298990000000
104 -0.0166845990000000
105 -0.0167499990000000
106 -0.0143524990000000
107 -0.0166602990000000
108 -0.0180713990000000
109 -0.0175532990000000
110 -0.0166410990000000
111 -0.0162564990000000
112 -0.0156582990000000
113 -0.0152014990000000
114 -0.0168483990000000
115 -0.0187879990000000
116 -0.0188046990000000
117 -0.0199357990000000
118 -0.0198636990000000
119 -0.0207412990000000
120 -0.0222730990000000
121 -0.0207238990000000
122 -0.0200528990000000
123 -0.0209539990000000
124 -0.0222864990000000
125 -0.0212532990000000
126 -0.0233272990000000
127 -0.0197201990000000
128 -0.0166450990000000
129 -0.0205037990000000
130 -0.0190226990000000
131 -0.0171777990000000
132 -0.0175346990000000
133 -0.0192417990000000
134 -0.0188758990000000
135 -0.0203314990000000
136 -0.0211392990000000
137 -0.0188209990000000
138 -0.0200748990000000
139 -0.0207631990000000
140 -0.0210225990000000
141 -0.0221334990000000
142 -0.0209897990000000
143 -0.0186522990000000
144 -0.0198752990000000
145 -0.0193484990000000
146 -0.0190430990000000
147 -0.0198152990000000
148 -0.0159572990000000
149 -0.0173723990000000
150 -0.0199409990000000
151 -0.0181460990000000
152 -0.0165330990000000
153 -0.0152546990000000
154 -0.0149273990000000
155 -0.0142355990000000
156 -0.0126494990000000
157 -0.0114218990000000
158 -0.0133302990000000
159 -0.0117029990000000
160 -0.0115781990000000
161 -0.0155706990000000
162 -0.0145740990000000
163 -0.0164206990000000
164 -0.0180509990000000
165 -0.0181012990000000
166 -0.0163753990000000
167 -0.0163945990000000
168 -0.0169149990000000
169 -0.0158935990000000
170 -0.0145925990000000
171 -0.0152379990000000
172 -0.0133352990000000
173 -0.0153846990000000
174 -0.0167381990000000
175 -0.0179230990000000
176 -0.0182931990000000
177 -0.0180145990000000
178 -0.0150885990000000
179 -0.0138668990000000
180 -0.0170982990000000
181 -0.0167163990000000
182 -0.0164814990000000
183 -0.0194426990000000
184 -0.0206071990000000
185 -0.0205553990000000
186 -0.0197027990000000
187 -0.0196262990000000
188 -0.0167258990000000
189 -0.0145813990000000
190 -0.0132573990000000
191 -0.0166159990000000
192 -0.0191153990000000
193 -0.0152312990000000
194 -0.0120102990000000
195 -0.0121793990000000
196 -0.0132040990000000
197 -0.0133841990000000
198 -0.0111582990000000
199 -0.0104798990000000
200 -0.0146128990000000
201 -0.0165373990000000
202 -0.0170721990000000
203 -0.0195341990000000
204 -0.0174753990000000
205 -0.0192318990000000
206 -0.0186251990000000
207 -0.0177874990000000
208 -0.0185334990000000
209 -0.0174918990000000
210 -0.0163149990000000
211 -0.0145910990000000
212 -0.0136700990000000
213 -0.0156206990000000
214 -0.0157351990000000
215 -0.0137025990000000
216 -0.0113685990000000
217 -0.0130784990000000
218 -0.0127273990000000
219 -0.0138324990000000
220 -0.0108529990000000
221 -0.0117341990000000
222 -0.0117481990000000
223 -0.0130305990000000
224 -0.0138755990000000
225 -0.0128210990000000
226 -0.0121144990000000
227 -0.0117556990000000
228 -0.0122952990000000
229 -0.0127868990000000
230 -0.0132146990000000
231 -0.0170126990000000
232 -0.0190556990000000
233 -0.0208743990000000
234 -0.0222148990000000
235 -0.0197910990000000
236 -0.0181711990000000
237 -0.0177648990000000
238 -0.0184502990000000
239 -0.0176802990000000
240 -0.0157086990000000
241 -0.0121214990000000
242 -0.0119235990000000
243 -0.0127008990000000
244 -0.0123060990000000
245 -0.0111123990000000
246 -0.0079061990000000
247 -0.0124463990000000
248 -0.0137062990000000
249 -0.0145185990000000
250 -0.0165272990000000
251 -0.0157070990000000
252 -0.0144483990000000
253 -0.0152675990000000
254 -0.0176991990000000
255 -0.0193456990000000
256 -0.0184688990000000
257 -0.0197802990000000
258 -0.0196073990000000
259 -0.0185248990000000
260 -0.0196445990000000
261 -0.0187302990000000
262 -0.0196405990000000
263 -0.0218358990000000
264 -0.0227306990000000
265 -0.0231484990000000
266 -0.0234720990000000
267 -0.0243013990000000
268 -0.0230828990000000
269 -0.0219907990000000
270 -0.0218921990000000
271 -0.0205229990000000
272 -0.0189467990000000
273 -0.0188426990000000
274 -0.0175091990000000
275 -0.0175080990000000
276 -0.0172117990000000
277 -0.0154595990000000
278 -0.0132090990000000
279 -0.0154967990000000
280 -0.0158925990000000
281 -0.0150024990000000
282 -0.0199497990000000
283 -0.0188782990000000
284 -0.0193942990000000
285 -0.0195977990000000
286 -0.0174903990000000
287 -0.0189899990000000
288 -0.0198260990000000
289 -0.0191127990000000
290 -0.0168971990000000
291 -0.0166102990000000
292 -0.0153244990000000
293 -0.0148963990000000
294 -0.0157291990000000
295 -0.0157541990000000
296 -0.0125534990000000
297 -0.0110204990000000
298 -0.0125711990000000
299 -0.0107650990000000
300 -0.0102590990000000
301 -0.0071333990000000
302 -0.0036517990000000
303 -0.0066138990000000
304 -0.0080538990000000
305 -0.0110628990000000
306 -0.0121691990000000
307 -0.0116537990000000
308 -0.0108076990000000
309 -0.0113316990000000
310 -0.0113960990000000
311 -0.0099082990000000
312 -0.0097547990000000
313 -0.0109514990000000
314 -0.0128755990000000
315 -0.0147846990000000
316 -0.0138018990000000
317 -0.0130310990000000
318 -0.0142340990000000
319 -0.0150132990000000
320 -0.0108596990000000
321 -0.0077848990000000
322 -0.0125717990000000
323 -0.0119040990000000
324 -0.0142861990000000
325 -0.0154696990000000
326 -0.0141135990000000
327 -0.0132738990000000
328 -0.0129249990000000
329 -0.0135156990000000
330 -0.0159142990000000
331 -0.0148737990000000
332 -0.0158762990000000
333 -0.0186683990000000
334 -0.0162253990000000
335 -0.0171063990000000
336 -0.0196938990000000
337 -0.0210249990000000
338 -0.0202264990000000
339 -0.0214846990000000
340 -0.0214793990000000
341 -0.0220949990000000
342 -0.0175118990000000
343 -0.0153339990000000
344 -0.0211131990000000
345 -0.0218364990000000
346 -0.0215703990000000
347 -0.0203096990000000
348 -0.0189655990000000
349 -0.0174979990000000
350 -0.0187335990000000
351 -0.0199226990000000
352 -0.0182570990000000
353 -0.0189822990000000
354 -0.0191338990000000
355 -0.0200262990000000
356 -0.0188197990000000
357 -0.0194173990000000
358 -0.0180201990000000
359 -0.0157008990000000
360 -0.0154787990000000
361 -0.0139672990000000
362 -0.0138165990000000
363 -0.0159631990000000
364 -0.0156880990000000
365 -0.0143091990000000
366 -0.0144029990000000
367 -0.0127957990000000
368 -0.0129287990000000
369 -0.0129920990000000
370 -0.0130747990000000
371 -0.0141574990000000
372 -0.0143989990000000
373 -0.0161912990000000
374 -0.0173036990000000
375 -0.0157607990000000
376 -0.0153765990000000
377 -0.0172457990000000
378 -0.0168373990000000
379 -0.0180849990000000
380 -0.0203700990000000
381 -0.0204363990000000
382 -0.0221550990000000
383 -0.0199924990000000
384 -0.0204032990000000
385 -0.0181094990000000
386 -0.0169003990000000
387 -0.0169591990000000
388 -0.0193914990000000
389 -0.0200937990000000
390 -0.0201603990000000
391 -0.0167801990000000
392 -0.0136105990000000
393 -0.0144078990000000
394 -0.0141338990000000
395 -0.0097726990000000
396 -0.0091547990000000
397 -0.0118449990000000
398 -0.0136435990000000
399 -0.0127156990000000
400 -0.0098236990000000
401 -0.0086641990000000
402 -0.0068057990000000
403 -0.0064034990000000
404 -0.0064320990000000
405 -0.0073921990000000
406 -0.0085515990000000
407 -0.0098727990000000
408 -0.0095380990000000
409 -0.0117036990000000
410 -0.0089585990000000
411 -0.0118666990000000
412 -0.0106782990000000
413 -0.0134587990000000
414 -0.0138609990000000
415 -0.0125737990000000
416 -0.0098588990000000
417 -0.0113296990000000
418 -0.0101063990000000
419 -0.0104326990000000
420 -0.0110801990000000
421 -0.0127188990000000
422 -0.0142171990000000
423 -0.0175468990000000
424 -0.0182224990000000
425 -0.0176547990000000
426 -0.0156006990000000
427 -0.0166470990000000
428 -0.0163120990000000
429 -0.0143089990000000
430 -0.0116100990000000
431 -0.0132475990000000
432 -0.0142853990000000
433 -0.0149477990000000
434 -0.0105916990000000
435 -0.0127509990000000
436 -0.0126086990000000
437 -0.0122470990000000
438 -0.0133126990000000
439 -0.0141775990000000
440 -0.0151123990000000
441 -0.0119749990000000
442 -0.0132643990000000
443 -0.0111371990000000
444 -0.0125275990000000
445 -0.0141182990000000
446 -0.0129712990000000
447 -0.0125078990000000
448 -0.0128469990000000
449 -0.0141274990000000
450 -0.0126939990000000
451 -0.0117148990000000
452 -0.0112090990000000
453 -0.0136535990000000
454 -0.0147634990000000
455 -0.0176867990000000
456 -0.0163884990000000
457 -0.0148973990000000
458 -0.0131206990000000
459 -0.0133704990000000
460 -0.0141264990000000
461 -0.0129981990000000
462 -0.0125085990000000
463 -0.0116517990000000
464 -0.0130598990000000
465 -0.0137381990000000
466 -0.0142631990000000
467 -0.0167475990000000
468 -0.0144222990000000
469 -0.0119326990000000
470 -0.0115547990000000
471 -0.0101164990000000
472 -0.0130356990000000
473 -0.0135473990000000
474 -0.0152529990000000
475 -0.0169395990000000
476 -0.0178185990000000
477 -0.0164864990000000
478 -0.0129893990000000
479 -0.0123893990000000
480 -0.0149468990000000
481 -0.0116715990000000
482 -0.0106855990000000
483 -0.0112347990000000
484 -0.0108687990000000
485 -0.0086656990000000
486 -0.0070596990000000
487 -0.0103952990000000
488 -0.0074484990000000
489 -0.0079350990000000
490 -0.0105188990000000
491 -0.0083832990000000
492 -0.0084403990000000
493 -0.0087477990000000
494 -0.0067238990000000
495 -0.0103941990000000
496 -0.0115880990000000
497 -0.0137907990000000
498 -0.0156766990000000
499 -0.0172799990000000
500 -0.0185836990000000
501 -0.0176000990000000
502 -0.0183549990000000
503 -0.0185465990000000
504 -0.0189728990000000
505 -0.0191573990000000
506 -0.0161908990000000
507 -0.0165377990000000
508 -0.0177493990000000
509 -0.0175172990000000
510 -0.0181865990000000
511 -0.0185110990000000
512 -0.0176007990000000
513 -0.0190203990000000
514 -0.0168709990000000
515 -0.0190566990000000
516 -0.0156608990000000
517 -0.0161121990000000
518 -0.0159225990000000
519 -0.0162694990000000
520 -0.0139367990000000
521 -0.0154434990000000
522 -0.0163664990000000
523 -0.0156774990000000
524 -0.0158229990000000
525 -0.0172817990000000
526 -0.0189257990000000
527 -0.0189378990000000
528 -0.0187325990000000
529 -0.0188013990000000
530 -0.0198436990000000
531 -0.0184802990000000
532 -0.0162643990000000
533 -0.0158540990000000
534 -0.0139689990000000
535 -0.0091347990000000
536 -0.0105577990000000
537 -0.0102983990000000
538 -0.0112137990000000
539 -0.0135864990000000
540 -0.0145491990000000
541 -0.0148221990000000
542 -0.0138685990000000
543 -0.0158944990000000
544 -0.0169114990000000
545 -0.0163387990000000
546 -0.0169721990000000
547 -0.0154135990000000
548 -0.0132305990000000
549 -0.0139902990000000
550 -0.0122114990000000
551 -0.0111004990000000
552 -0.0097808990000000
553 -0.0100857990000000
554 -0.0135454990000000
555 -0.0109757990000000
556 -0.0107221990000000
557 -0.0094074990000000
558 -0.0092194990000000
559 -0.0143783990000000
560 -0.0122655990000000
561 -0.0117445990000000
562 -0.0138542990000000
563 -0.0129646990000000
564 -0.0122056990000000
565 -0.0144488990000000
566 -0.0138346990000000
567 -0.0144319990000000
568 -0.0140029990000000
569 -0.0131450990000000
570 -0.0118361990000000
571 -0.0094553990000000
572 -0.0119146990000000
573 -0.0102389990000000
574 -0.0084451990000000
575 -0.0088856990000000
576 -0.0106546990000000
577 -0.0102724990000000
578 -0.0086762990000000
579 -0.0095510990000000
580 -0.0114576990000000
581 -0.0094476990000000
582 -0.0109746990000000
583 -0.0126517990000000
584 -0.0089916990000000
585 -0.0079897990000000
586 -0.0054716990000000
587 -0.0079323990000000
588 -0.0077088990000000
589 -0.0102812990000000
590 -0.0091124990000000
591 -0.0078629990000000
592 -0.0080318990000000
593 -0.0107036990000000
594 -0.0121465990000000
595 -0.0141528990000000
596 -0.0147119990000000
597 -0.0184342990000000
598 -0.0172194990000000
599 -0.0172996990000000
600 -0.0161465990000000
1 0.3295485010000000
2 0.1461884010000000
3 0.0969686010000000
4 0.0586394010000000
5 0.0502814010000000
6 0.0302510010000000
7 0.0226272010000000
8 0.0114723010000000
9 0.0038301010000000
10 0.0007440010000000
11 -0.0011927990000000
12 -0.0014952990000000
13 -0.0009840990000000
14 -0.0056221990000000
15 -0.0090877990000000
16 -0.0084166990000000
17 -0.0090642990000000
18 -0.0072117990000000
19 -0.0095723990000000
20 -0.0100368990000000
21 -0.0090345990000000
22 -0.0095641990000000
23 -0.0107397990000000
24 -0.0134181990000000
25 -0.0145612990000000
26 -0.0154496990000000
27 -0.0126597990000000
28 -0.0125729990000000
29 -0.0119835990000000
30 -0.0114348990000000
31 -0.0140753990000000
32 -0.0131100990000000
33 -0.0161587990000000
34 -0.0158146990000000
35 -0.0123939990000000
36 -0.0140600990000000
37 -0.0154839990000000
38 -0.0126959990000000
39 -0.0128575990000000
40 -0.0125814990000000
41 -0.0140623990000000
42 -0.0146403990000000
43 -0.0162555990000000
44 -0.0169136990000000
45 -0.0164276990000000
46 -0.0163937990000000
47 -0.0143685990000000
48 -0.0123260990000000
49 -0.0135733990000000
50 -0.0138409990000000
51 -0.0170389990000000
52 -0.0148062990000000
53 -0.0142466990000000
54 -0.0160501990000000
55 -0.0156693990000000
56 -0.0129101990000000
57 -0.0125812990000000
58 -0.0107808990000000
59 -0.0105970990000000
60 -0.0111185990000000
61 -0.0067163990000000
62 -0.0070104990000000
63 -0.0076094990000000
64 -0.0036224990000000
65 -0.0050025990000000
66 -0.0055401990000000
67 -0.0072180990000000
68 -0.0060835990000000
69 -0.0065930990000000
70 -0.0050940990000000
71 -0.0059049990000000
72 -0.0061868990000000
73 -0.0053260990000000
74 -0.0083558990000000
75 -0.0099226990000000
76 -0.0112006990000000
77 -0.0112770990000000
78 -0.0163606990000000
79 -0.0162809990000000
80 -0.0151962990000000
81 -0.0137948990000000
82 -0.0136282990000000
83 -0.0122627990000000
84 -0.0107872990000000
85 -0.0073934990000000
86 -0.0129361990000000
87 -0.0150738990000000
88 -0.0166949990000000
89 -0.0181724990000000
90 -0.0156111990000000
91 -0.0132158990000000
92 -0.0139652990000000
93 -0.0146231990000000
94 -0.0138806990000000
95 -0.0143405990000000
96 -0.0174837990000000
97 -0.0173302990000000
98 -0.0176330990000000
99 -0.0168991990000000
100 -0.0183091990000000
101 -0.0170133990000000
102 -0.0173827990000000
103 -0.0174757990000000
104 -0.0162719990000000
105 -0.0173263990000000
106 -0.0172575990000000
107 -0.0134527990000000
108 -0.0152993990000000
109 -0.0150257990000000
110 -0.0150534990000000
111 -0.0143776990000000
112 -0.0160216990000000
113 -0.0163861990000000
114 -0.0160408990000000
115 -0.0138581990000000
116 -0.0133413990000000
117 -0.0150544990000000
118 -0.0174763990000000
119 -0.0173322990000000
120 -0.0194056990000000
121 -0.0133844990000000
122 -0.0151802990000000
123 -0.0169805990000000
124 -0.0202001990000000
125 -0.0166646990000000
126 -0.0171700990000000
127 -0.0143348990000000
128 -0.0135472990000000
129 -0.0146032990000000
130 -0.0167696990000000
131 -0.0152443990000000
132 -0.0150830990000000
133 -0.0143590990000000
134 -0.0179827990000000
135 -0.0181323990000000
136 -0.0166486990000000
137 -0.0147380990000000
138 -0.0114278990000000
139 -0.0121566990000000
140 -0.0137933990000000
141 -0.0133896990000000
142 -0.0163506990000000
143 -0.0160838990000000
144 -0.0182947990000000
145 -0.0178417990000000
146 -0.0169632990000000
147 -0.0170140990000000
148 -0.0169296990000000
149 -0.0192400990000000
150 -0.0204189990000000
151 -0.0201519990000000
152 -0.0182966990000000
153 -0.0176428990000000
154 -0.0161714990000000
155 -0.0177739990000000
156 -0.0178399990000000
157 -0.0179759990000000
158 -0.0142452990000000
159 -0.0147694990000000
160 -0.0149966990000000
161 -0.0138240990000000
162 -0.0131376990000000
163 -0.0141722990000000
164 -0.0144817990000000
165 -0.0153831990000000
166 -0.0115924990000000
167 -0.0103343990000000
168 -0.0110969990000000
169 -0.0113224990000000
170 -0.0106942990000000
171 -0.0122925990000000
172 -0.0120998990000000
173 -0.0128706990000000
174 -0.0144054990000000
175 -0.0153537990000000
176 -0.0167809990000000
177 -0.0178757990000000
178 -0.0153962990000000
179 -0.0179366990000000
180 -0.0164774990000000
181 -0.0135087990000000
182 -0.0169683990000000
183 -0.0161231990000000
184 -0.0164995990000000
185 -0.0153871990000000
186 -0.0184875990000000
187 -0.0226161990000000
188 -0.0214356990000000
189 -0.0232566990000000
190 -0.0235952990000000
191 -0.0202848990000000
192 -0.0176297990000000
193 -0.0181291990000000
194 -0.0189964990000000
195 -0.0204095990000000
196 -0.0182886990000000
197 -0.0177032990000000
198 -0.0188246990000000
199 -0.0195308990000000
200 -0.0177748990000000
201 -0.0166471990000000
202 -0.0172739990000000
203 -0.0192301990000000
204 -0.0191609990000000
205 -0.0195164990000000
206 -0.0168811990000000
207 -0.0180032990000000
208 -0.0190049990000000
209 -0.0189324990000000
210 -0.0203275990000000
211 -0.0173261990000000
212 -0.0177609990000000
213 -0.0156332990000000
214 -0.0157263990000000
215 -0.0144552990000000
216 -0.0169431990000000
217 -0.0154284990000000
218 -0.0131830990000000
219 -0.0133721990000000
220 -0.0135282990000000
221 -0.0130227990000000
222 -0.0121746990000000
223 -0.0097743990000000
224 -0.0128849990000000
225 -0.0137639990000000
226 -0.0157308990000000
227 -0.0149515990000000
228 -0.0137368990000000
229 -0.0132611990000000
230 -0.0150686990000000
231 -0.0129021990000000
232 -0.0148956990000000
233 -0.0159465990000000
234 -0.0154813990000000
235 -0.0164305990000000
236 -0.0177353990000000
237 -0.0163480990000000
238 -0.0152173990000000
239 -0.0135002990000000
240 -0.0121950990000000
241 -0.0133880990000000
242 -0.0156659990000000
243 -0.0141492990000000
244 -0.0131256990000000
245 -0.0163153990000000
246 -0.0145224990000000
247 -0.0117734990000000
248 -0.0159372990000000
249 -0.0164849990000000
250 -0.0170193990000000
251 -0.0181183990000000
252 -0.0173770990000000
253 -0.0174636990000000
254 -0.0190147990000000
255 -0.0197705990000000
256 -0.0201280990000000
257 -0.0197827990000000
258 -0.0202628990000000
259 -0.0197284990000000
260 -0.0187206990000000
261 -0.0188839990000000
262 -0.0188496990000000
263 -0.0177714990000000
264 -0.0202258990000000
265 -0.0176655990000000
266 -0.0152811990000000
267 -0.0157710990000000
268 -0.0183202990000000
269 -0.0159283990000000
270 -0.0170406990000000
271 -0.0186698990000000
272 -0.0204271990000000
273 -0.0180699990000000
274 -0.0186759990000000
275 -0.0193207990000000
276 -0.0189873990000000
277 -0.0165839990000000
278 -0.0149437990000000
279 -0.0158078990000000
280 -0.0123604990000000
281 -0.0148150990000000
282 -0.0159629990000000
283 -0.0158971990000000
284 -0.0171731990000000
285 -0.0180693990000000
286 -0.0205030990000000
287 -0.0198656990000000
288 -0.0187542990000000
289 -0.0178907990000000
290 -0.0173934990000000
291 -0.0160370990000000
292 -0.0148599990000000
293 -0.0122894990000000
294 -0.0123268990000000
295 -0.0128315990000000
296 -0.0127860990000000
297 -0.0123763990000000
298 -0.0128023990000000
299 -0.0133370990000000
300 -0.0109747990000000
301 -0.0071015990000000
302 -0.0070046990000000
303 -0.0092900990000000
304 -0.0101417990000000
305 -0.0079263990000000
306 -0.0086479990000000
307 -0.0109557990000000
308 -0.0063960990000000
309 -0.0053362990000000
310 -0.0074128990000000
311 -0.0097465990000000
312 -0.0068726990000000
313 -0.0076917990000000
314 -0.0109313990000000
315 -0.0120916990000000
316 -0.0120837990000000
317 -0.0131049990000000
318 -0.0129733990000000
319 -0.0158636990000000
320 -0.0142011990000000
321 -0.0132480990000000
322 -0.0151598990000000
323 -0.0172493990000000
324 -0.0177515990000000
325 -0.0185086990000000
326 -0.0182199990000000
327 -0.0180986990000000
328 -0.0171811990000000
329 -0.0201853990000000
330 -0.0183809990000000
331 -0.0167243990000000
332 -0.0173779990000000
333 -0.0176264990000000
334 -0.0150955990000000
335 -0.0166483990000000
336 -0.0165648990000000
337 -0.0147215990000000
338 -0.0134940990000000
339 -0.0120691990000000
340 -0.0145992990000000
341 -0.0151851990000000
342 -0.0173569990000000
343 -0.0181695990000000
344 -0.0174109990000000
345 -0.0160217990000000
346 -0.0133985990000000
347 -0.0132333990000000
348 -0.0154184990000000
349 -0.0141871990000000
350 -0.0143577990000000
351 -0.0151882990000000
352 -0.0156914990000000
353 -0.0197218990000000
354 -0.0204622990000000
355 -0.0211580990000000
356 -0.0219256990000000
357 -0.0226166990000000
358 -0.0233941990000000
359 -0.0226229990000000
360 -0.0223928990000000
361 -0.0205453990000000
362 -0.0205211990000000
363 -0.0204730990000000
364 -0.0194254990000000
365 -0.0189269990000000
366 -0.0196819990000000
367 -0.0177599990000000
368 -0.0161832990000000
369 -0.0159643990000000
370 -0.0171383990000000
371 -0.0143777990000000
372 -0.0170049990000000
373 -0.0169056990000000
374 -0.0157704990000000
375 -0.0139894990000000
376 -0.0126658990000000
377 -0.0143726990000000
378 -0.0115634990000000
379 -0.0123534990000000
380 -0.0125179990000000
381 -0.0122041990000000
382 -0.0129560990000000
383 -0.0171770990000000
384 -0.0157445990000000
385 -0.0167005990000000
386 -0.0159907990000000
387 -0.0173432990000000
388 -0.0181642990000000
389 -0.0171952990000000
390 -0.0186674990000000
391 -0.0222751990000000
392 -0.0207649990000000
393 -0.0216225990000000
394 -0.0199625990000000
395 -0.0187623990000000
396 -0.0197601990000000
397 -0.0198188990000000
398 -0.0201786990000000
399 -0.0202514990000000
400 -0.0191171990000000
401 -0.0179997990000000
402 -0.0174953990000000
403 -0.0181169990000000
404 -0.0181247990000000
405 -0.0179087990000000
406 -0.0194459990000000
407 -0.0183172990000000
408 -0.0193481990000000
409 -0.0182176990000000
410 -0.0172257990000000
411 -0.0198118990000000
412 -0.0192408990000000
413 -0.0161348990000000
414 -0.0143880990000000
415 -0.0160626990000000
416 -0.0182273990000000
417 -0.0181658990000000
418 -0.0169709990000000
419 -0.0161226990000000
420 -0.0162596990000000
421 -0.0154139990000000
422 -0.0172514990000000
423 -0.0161992990000000
424 -0.0158834990000000
425 -0.0169454990000000
426 -0.0150309990000000
427 -0.0179787990000000
428 -0.0173286990000000
429 -0.0189017990000000
430 -0.0197119990000000
431 -0.0189035990000000
432 -0.0175175990000000
433 -0.0200127990000000
434 -0.0196553990000000
435 -0.0202662990000000
436 -0.0195862990000000
437 -0.0196456990000000
438 -0.0173110990000000
439 -0.0160983990000000
440 -0.0165154990000000
441 -0.0176942990000000
442 -0.0154342990000000
443 -0.0176000990000000
444 -0.0168419990000000
445 -0.0152989990000000
446 -0.0162452990000000
447 -0.0178089990000000
448 -0.0168388990000000
449 -0.0173393990000000
450 -0.0171956990000000
451 -0.0161683990000000
452 -0.0150945990000000
453 -0.0190265990000000
454 -0.0176872990000000
455 -0.0224416990000000
456 -0.0190205990000000
457 -0.0182756990000000
458 -0.0180856990000000
459 -0.0187360990000000
460 -0.0164015990000000
461 -0.0182749990000000
462 -0.0175709990000000
463 -0.0161454990000000
464 -0.0160052990000000
465 -0.0154682990000000
466 -0.0145190990000000
467 -0.0150243990000000
468 -0.0149511990000000
469 -0.0147497990000000
470 -0.0138025990000000
471 -0.0137884990000000
472 -0.0152118990000000
473 -0.0154720990000000
474 -0.0160762990000000
475 -0.0191271990000000
476 -0.0151490990000000
477 -0.0166725990000000
478 -0.0176700990000000
479 -0.0176743990000000
480 -0.0158406990000000
481 -0.0150460990000000
482 -0.0185378990000000
483 -0.0188977990000000
484 -0.0176998990000000
485 -0.0155978990000000
486 -0.0168209990000000
487 -0.0150575990000000
488 -0.0162577990000000
489 -0.0150354990000000
490 -0.0171849990000000
491 -0.0173151990000000
492 -0.0167140990000000
493 -0.0176008990000000
494 -0.0155111990000000
495 -0.0150006990000000
496 -0.0152677990000000
497 -0.0145035990000000
498 -0.0119993990000000
499 -0.0107095990000000
500 -0.0111264990000000
501 -0.0091015990000000
502 -0.0086373990000000
503 -0.0087305990000000
504 -0.0121708990000000
505 -0.0146488990000000
506 -0.0126734990000000
507 -0.0124227990000000
508 -0.0135488990000000
509 -0.0159591990000000
510 -0.0155978990000000
511 -0.0137477990000000
512 -0.0137976990000000
513 -0.0114722990000000
514 -0.0108305990000000
515 -0.0110213990000000
516 -0.0111120990000000
517 -0.0110577990000000
518 -0.0135958990000000
519 -0.0163371990000000
520 -0.0150359990000000
521 -0.0166464990000000
522 -0.0163018990000000
523 -0.0159352990000000
524 -0.0178340990000000
525 -0.0172631990000000
526 -0.0184679990000000
527 -0.0192367990000000
528 -0.0203844990000000
529 -0.0189587990000000
530 -0.0209032990000000
531 -0.0200845990000000
532 -0.0201628990000000
533 -0.0203222990000000
534 -0.0197869990000000
535 -0.0192370990000000
536 -0.0194065990000000
537 -0.0197109990000000
538 -0.0199403990000000
539 -0.0201210990000000
540 -0.0213637990000000
541 -0.0204190990000000
542 -0.0181282990000000
543 -0.0186659990000000
544 -0.0168204990000000
545 -0.0190986990000000
546 -0.0174484990000000
547 -0.0163253990000000
548 -0.0160699990000000
549 -0.0112512990000000
550 -0.0072355990000000
551 -0.0086388990000000
552 -0.0082590990000000
553 -0.0028868990000000
554 -0.0038512990000000
555 -0.0054297990000000
556 -0.0041836990000000
557 -0.0074462990000000
558 -0.0101505990000000
559 -0.0088538990000000
560 -0.0083602990000000
561 -0.0105714990000000
562 -0.0067917990000000
563 -0.0104712990000000
564 -0.0083265990000000
565 -0.0083081990000000
566 -0.0126456990000000
567 -0.0119708990000000
568 -0.0106380990000000
569 -0.0088805990000000
570 -0.0103404990000000
571 -0.0100430990000000
572 -0.0099515990000000
573 -0.0093852990000000
574 -0.0102001990000000
575 -0.0079765990000000
576 -0.0089519990000000
577 -0.0093331990000000
578 -0.0061830990000000
579 -0.0084317990000000
580 -0.0106104990000000
581 -0.0092682990000000
582 -0.0113974990000000
583 -0.0100332990000000
584 -0.0112725990000000
585 -0.0120932990000000
586 -0.0127143990000000
587 -0.0122444990000000
588 -0.0121513990000000
589 -0.0117693990000000
590 -0.0100149990000000
591 -0.0134347990000000
592 -0.0121622990000000
593 -0.0151081990000000
594 -0.0154483990000000
595 -0.0160321990000000
596 -0.0135214990000000
597 -0.0166982990000000
598 -0.0186357990000000
599 -0.0220941990000000
600 -0.0226278990000000
1 0.3315548010000000
2 0.1532147010000000
3 0.1000358010000000
4 0.0688213010000000
5 0.0456133010000000
6 0.0339228010000000
7 0.0242826010000000
8 0.0119285010000000
9 0.0077627010000000
10 -0.0025238990000000
11 -0.0029903990000000
12 -0.0051846990000000
13 -0.0058983990000000
14 -0.0040904990000000
15 -0.0106022990000000
16 -0.0076048990000000
17 -0.0088966990000000
18 -0.0117809990000000
19 -0.0108574990000000
20 -0.0101166990000000
21 -0.0112975990000000
22 -0.0116891990000000
23 -0.0125324990000000
24 -0.0112422990000000
25 -0.0129230990000000
26 -0.0130875990000000
27 -0.0145072990000000
28 -0.0118124990000000
29 -0.0108069990000000
30 -0.0106105990000000
31 -0.0140705990000000
32 -0.0174813990000000
33 -0.0189491990000000
34 -0.0204802990000000
35 -0.0203615990000000
36 -0.0215982990000000
37 -0.0216070990000000
38 -0.0213074990000000
39 -0.0218933990000000
40 -0.0203626990000000
41 -0.0174234990000000
42 -0.0190020990000000
43 -0.0185474990000000
44 -0.0195224990000000
45 -0.0174753990000000
46 -0.0176470990000000
47 -0.0170664990000000
48 -0.0160359990000000
49 -0.0148881990000000
50 -0.0142590990000000
51 -0.0127581990000000
52 -0.0122203990000000
53 -0.0130652990000000
54 -0.0149679990000000
55 -0.0161817990000000
56 -0.0159688990000000
57 -0.0143914990000000
58 -0.0120784990000000
59 -0.0131075990000000
60 -0.0123692990000000
61 -0.0101864990000000
62 -0.0144218990000000
63 -0.0143389990000000
64 -0.0174048990000000
65 -0.0151027990000000
66 -0.0173435990000000
67 -0.0172955990000000
68 -0.0163383990000000
69 -0.0157820990000000
70 -0.0155915990000000
71 -0.0160982990000000
72 -0.0152831990000000
73 -0.0158750990000000
74 -0.0165662990000000
75 -0.0175449990000000
76 -0.0186737990000000
77 -0.0156426990000000
78 -0.0122187990000000
79 -0.0107667990000000
80 -0.0130092990000000
81 -0.0082401990000000
82 -0.0063601990000000
83 -0.0095530990000000
84 -0.0080708990000000
85 -0.0103778990000000
86 -0.0110573990000000
87 -0.0130780990000000
88 -0.0154009990000000
89 -0.0143047990000000
90 -0.0125215990000000
91 -0.0130370990000000
92 -0.0148493990000000
93 -0.0156486990000000
94 -0.0146867990000000
95 -0.0157851990000000
96 -0.0162050990000000
97 -0.0147490990000000
98 -0.0203920990000000
99 -0.0173681990000000
100 -0.0195823990000000
101 -0.0171138990000000
102 -0.0166608990000000
103 -0.0156136990000000
104 -0.0168663990000000
105 -0.0186891990000000
106 -0.0180673990000000
107 -0.0162206990000000
108 -0.0183763990000000
109 -0.0172626990000000
110 -0.0155514990000000
111 -0.0156639990000000
112 -0.0126955990000000
113 -0.0103809990000000
114 -0.0091497990000000
115 -0.0117334990000000
116 -0.0131767990000000
117 -0.0137229990000000
118 -0.0146612990000000
119 -0.0171850990000000
120 -0.0147669990000000
121 -0.0166594990000000
122 -0.0144878990000000
123 -0.0180087990000000
124 -0.0181821990000000
125 -0.0124258990000000
126 -0.0126849990000000
127 -0.0152503990000000
128 -0.0150635990000000
129 -0.0137696990000000
130 -0.0161609990000000
131 -0.0144841990000000
132 -0.0144023990000000
133 -0.0135961990000000
134 -0.0146719990000000
135 -0.0153666990000000
136 -0.0131320990000000
137 -0.0146011990000000
138 -0.0152517990000000
139 -0.0131958990000000
140 -0.0111621990000000
141 -0.0116945990000000
142 -0.0123190990000000
143 -0.0134339990000000
144 -0.0117079990000000
145 -0.0125178990000000
146 -0.0143763990000000
147 -0.0145070990000000
148 -0.0133125990000000
149 -0.0137152990000000
150 -0.0128447990000000
151 -0.0146035990000000
152 -0.0142296990000000
153 -0.0177551990000000
154 -0.0173278990000000
155 -0.0163084990000000
156 -0.0148397990000000
157 -0.0168907990000000
158 -0.0204073990000000
159 -0.0229557990000000
160 -0.0235803990000000
161 -0.0227203990000000
162 -0.0212368990000000
163 -0.0188996990000000
164 -0.0216118990000000
165 -0.0221641990000000
166 -0.0186656990000000
167 -0.0179160990000000
168 -0.0164987990000000
169 -0.0155337990000000
170 -0.0146840990000000
171 -0.0142272990000000
172 -0.0143898990000000
173 -0.0125848990000000
174 -0.0111766990000000
175 -0.0116408990000000
176 -0.0104436990000000
177 -0.0105730990000000
178 -0.0120287990000000
179 -0.0131760990000000
180 -0.0150011990000000
181 -0.0157000990000000
182 -0.0167206990000000
183 -0.0174312990000000
184 -0.0187554990000000
185 -0.0163669990000000
186 -0.0167534990000000
187 -0.0180552990000000
188 -0.0182186990000000
189 -0.0175740990000000
190 -0.0164937990000000
191 -0.0178115990000000
192 -0.0170917990000000
193 -0.0162703990000000
194 -0.0146963990000000
195 -0.0158743990000000
196 -0.0159448990000000
197 -0.0130133990000000
198 -0.0119026990000000
199 -0.0139308990000000
200 -0.0133453990000000
201 -0.0121411990000000
202 -0.0121612990000000
203 -0.0120999990000000
204 -0.0162535990000000
205 -0.0161547990000000
206 -0.0140639990000000
207 -0.0143271990000000
208 -0.0160702990000000
209 -0.0128742990000000
210 -0.0136146990000000
211 -0.0130710990000000
212 -0.0136226990000000
213 -0.0145463990000000
214 -0.0156763990000000
215 -0.0172009990000000
216 -0.0149885990000000
217 -0.0144260990000000
218 -0.0146082990000000
219 -0.0143137990000000
220 -0.0157749990000000
221 -0.0161476990000000
222 -0.0150890990000000
223 -0.0142120990000000
224 -0.0148409990000000
225 -0.0138574990000000
226 -0.0164365990000000
227 -0.0167093990000000
228 -0.0169751990000000
229 -0.0161282990000000
230 -0.0166179990000000
231 -0.0183152990000000
232 -0.0171183990000000
233 -0.0178635990000000
234 -0.0165506990000000
235 -0.0151098990000000
236 -0.0153311990000000
237 -0.0164644990000000
238 -0.0157929990000000
239 -0.0106909990000000
240 -0.0103217990000000
241 -0.0126783990000000
242 -0.0112697990000000
243 -0.0113322990000000
244 -0.0112870990000000
245 -0.0098482990000000
246 -0.0110034990000000
247 -0.0090397990000000
248 -0.0085842990000000
249 -0.0115294990000000
250 -0.0094356990000000
251 -0.0080996990000000
252 -0.0078459990000000
253 -0.0055206990000000
254 -0.0083785990000000
255 -0.0089758990000000
256 -0.0084135990000000
257 -0.0081334990000000
258 -0.0108953990000000
259 -0.0122413990000000
260 -0.0115493990000000
261 -0.0141336990000000
262 -0.0132406990000000
263 -0.0140839990000000
264 -0.0192665990000000
265 -0.0188991990000000
266 -0.0159131990000000
267 -0.0156968990000000
268 -0.0166424990000000
269 -0.0152340990000000
270 -0.0149502990000000
271 -0.0166617990000000
272 -0.0156322990000000
273 -0.0124195990000000
274 -0.0113501990000000
275 -0.0098721990000000
276 -0.0108703990000000
277 -0.0130307990000000
278 -0.0160178990000000
279 -0.0156215990000000
280 -0.0172573990000000
281 -0.0162037990000000
282 -0.0175968990000000
283 -0.0175507990000000
284 -0.0197339990000000
285 -0.0176809990000000
286 -0.0154557990000000
287 -0.0133915990000000
288 -0.0143856990000000
289 -0.0133649990000000
290 -0.0117119990000000
291 -0.0123261990000000
292 -0.0122798990000000
293 -0.0125085990000000
294 -0.0139592990000000
295 -0.0141625990000000
296 -0.0144458990000000
297 -0.0167801990000000
298 -0.0166043990000000
299 -0.0144065990000000
300 -0.0157963990000000
301 -0.0183662990000000
302 -0.0168145990000000
303 -0.0129489990000000
304 -0.0139291990000000
305 -0.0165496990000000
306 -0.0182300990000000
307 -0.0192649990000000
308 -0.0207812990000000
309 -0.0215500990000000
310 -0.0209429990000000
311 -0.0191966990000000
312 -0.0189633990000000
313 -0.0189595990000000
314 -0.0183565990000000
315 -0.0162051990000000
316 -0.0157273990000000
317 -0.0167031990000000
318 -0.0137511990000000
319 -0.0146000990000000
320 -0.0142241990000000
321 -0.0141009990000000
322 -0.0138374990000000
323 -0.0136590990000000
324 -0.0113902990000000
325 -0.0122521990000000
326 -0.0111693990000000
327 -0.0127038990000000
328 -0.0154996990000000
329 -0.0147265990000000
330 -0.0130426990000000
331 -0.0124431990000000
332 -0.0121638990000000
333 -0.0128378990000000
334 -0.0124184990000000
335 -0.0107643990000000
336 -0.0100807990000000
337 -0.0098417990000000
338 -0.0096489990000000
339 -0.0119638990000000
340 -0.0136732990000000
341 -0.0144773990000000
342 -0.0146465990000000
343 -0.0120483990000000
344 -0.0136072990000000
345 -0.0138499990000000
346 -0.0153795990000000
347 -0.0138375990000000
348 -0.0128698990000000
349 -0.0128719990000000
350 -0.0129030990000000
351 -0.0135139990000000
352 -0.0153119990000000
353 -0.0164118990000000
354 -0.0143942990000000
355 -0.0133167990000000
356 -0.0128733990000000
357 -0.0151040990000000
358 -0.0174629990000000
359 -0.0145450990000000
360 -0.0131341990000000
361 -0.0138543990000000
362 -0.0175405990000000
363 -0.0156214990000000
364 -0.0157179990000000
365 -0.0122647990000000
366 -0.0148917990000000
367 -0.0113953990000000
368 -0.0105350990000000
369 -0.0115443990000000
370 -0.0106567990000000
371 -0.0089782990000000
372 -0.0083538990000000
373 -0.0110975990000000
374 -0.0114424990000000
375 -0.0094297990000000
376 -0.0114645990000000
377 -0.0130698990000000
378 -0.0107722990000000
379 -0.0125475990000000
380 -0.0129263990000000
381 -0.0114917990000000
382 -0.0162769990000000
383 -0.0148479990000000
384 -0.0150938990000000
385 -0.0159678990000000
386 -0.0174006990000000
387 -0.0159049990000000
388 -0.0167607990000000
389 -0.0162103990000000
390 -0.0156072990000000
391 -0.0138153990000000
392 -0.0105750990000000
393 -0.0097421990000000
394 -0.0098340990000000
395 -0.0113550990000000
396 -0.0128863990000000
397 -0.0125633990000000
398 -0.0138838990000000
399 -0.0130892990000000
400 -0.0155178990000000
401 -0.0174306990000000
402 -0.0158866990000000
403 -0.0147524990000000
404 -0.0170574990000000
405 -0.0151799990000000
406 -0.0170413990000000
407 -0.0162753990000000
408 -0.0169260990000000
409 -0.0152832990000000
410 -0.0130243990000000
411 -0.0123902990000000
412 -0.0112567990000000
413 -0.0122801990000000
414 -0.0144531990000000
415 -0.0148789990000000
416 -0.0177076990000000
417 -0.0173110990000000
418 -0.0147085990000000
419 -0.0142732990000000
420 -0.0169044990000000
421 -0.0178184990000000
422 -0.0197005990000000
423 -0.0199874990000000
424 -0.0205287990000000
425 -0.0185487990000000
426 -0.0173682990000000
427 -0.0142802990000000
428 -0.0113351990000000
429 -0.0133063990000000
430 -0.0153583990000000
431 -0.0149927990000000
432 -0.0144716990000000
433 -0.0159249990000000
434 -0.0152831990000000
435 -0.0137877990000000
436 -0.0117877990000000
437 -0.0131645990000000
438 -0.0158188990000000
439 -0.0128506990000000
440 -0.0122586990000000
441 -0.0121851990000000
442 -0.0116818990000000
443 -0.0102458990000000
444 -0.0108543990000000
445 -0.0126633990000000
446 -0.0149672990000000
447 -0.0165416990000000
448 -0.0172096990000000
449 -0.0151480990000000
450 -0.0136859990000000
451 -0.0162835990000000
452 -0.0162642990000000
453 -0.0167245990000000
454 -0.0149603990000000
455 -0.0152053990000000
456 -0.0158943990000000
457 -0.0147863990000000
458 -0.0145208990000000
459 -0.0163679990000000
460 -0.0155894990000000
461 -0.0159936990000000
462 -0.0157211990000000
463 -0.0184914990000000
464 -0.0183279990000000
465 -0.0164082990000000
466 -0.0169888990000000
467 -0.0185830990000000
468 -0.0187204990000000
469 -0.0190189990000000
470 -0.0179360990000000
471 -0.0194622990000000
472 -0.0179514990000000
473 -0.0170424990000000
474 -0.0178395990000000
475 -0.0169361990000000
476 -0.0168767990000000
477 -0.0178814990000000
478 -0.0178071990000000
479 -0.0166072990000000
480 -0.0165978990000000
481 -0.0133260990000000
482 -0.0151757990000000
483 -0.0166375990000000
484 -0.0160009990000000
485 -0.0183361990000000
486 -0.0168295990000000
487 -0.0169302990000000
488 -0.0166321990000000
489 -0.0151868990000000
490 -0.0161726990000000
491 -0.0158009990000000
492 -0.0137561990000000
493 -0.0140953990000000
494 -0.0149365990000000
495 -0.0136042990000000
496 -0.0142202990000000
497 -0.0137546990000000
498 -0.0123629990000000
499 -0.0112546990000000
500 -0.0129380990000000
501 -0.0106404990000000
502 -0.0099465990000000
503 -0.0080384990000000
504 -0.0132313990000000
505 -0.0095411990000000
506 -0.0109426990000000
507 -0.0120884990000000
508 -0.0106381990000000
509 -0.0094132990000000
510 -0.0117547990000000
511 -0.0126221990000000
512 -0.0153748990000000
513 -0.0162402990000000
514 -0.0190495990000000
515 -0.0156927990000000
516 -0.0168649990000000
517 -0.0158131990000000
518 -0.0152360990000000
519 -0.0125242990000000
520 -0.0122440990000000
521 -0.0106225990000000
522 -0.0117391990000000
523 -0.0077764990000000
524 -0.0072274990000000
525 -0.0094722990000000
526 -0.0137229990000000
527 -0.0133973990000000
528 -0.0146931990000000
529 -0.0169585990000000
530 -0.0142208990000000
531 -0.0135062990000000
532 -0.0140347990000000
533 -0.0147201990000000
534 -0.0152832990000000
535 -0.0161682990000000
536 -0.0185513990000000
537 -0.0176353990000000
538 -0.0153385990000000
539 -0.0130277990000000
540 -0.0115766990000000
541 -0.0102736990000000
542 -0.0113295990000000
543 -0.0137857990000000
544 -0.0134677990000000
545 -0.0147881990000000
546 -0.0159996990000000
547 -0.0136726990000000
548 -0.0127110990000000
549 -0.0122055990000000
550 -0.0148829990000000
551 -0.0141434990000000
552 -0.0162956990000000
553 -0.0183331990000000
554 -0.0185268990000000
555 -0.0157319990000000
556 -0.0144754990000000
557 -0.0157636990000000
558 -0.0164592990000000
559 -0.0150580990000000
560 -0.0126427990000000
561 -0.0133232990000000
562 -0.0125080990000000
563 -0.0108640990000000
564 -0.0103572990000000
565 -0.0106154990000000
566 -0.0113239990000000
567 -0.0108934990000000
568 -0.0114003990000000
569 -0.0122574990000000
570 -0.0107676990000000
571 -0.0102883990000000
572 -0.0115262990000000
573 -0.0116799990000000
574 -0.0136246990000000
575 -0.0135371990000000
576 -0.0147693990000000
577 -0.0174950990000000
578 -0.0171061990000000
579 -0.0165321990000000
580 -0.0159445990000000
581 -0.0157983990000000
582 -0.0159956990000000
583 -0.0159485990000000
584 -0.0150246990000000
585 -0.0159261990000000
586 -0.0145236990000000
587 -0.0138736990000000
588 -0.0158600990000000
589 -0.0162214990000000
590 -0.0156591990000000
591 -0.0141068990000000
592 -0.0126122990000000
593 -0.0106228990000000
594 -0.0104281990000000
595 -0.0103887990000000
596 -0.0137572990000000
597 -0.0120311990000000
598 -0.0118646990000000
599 -0.0119553990000000
600 -0.0120083990000000
1 0.3246066010000000
2 0.1541147010000000
3 0.1007188010000000
4 0.0714038010000000
5 0.0560585010000000
6 0.0368037010000000
7 0.0270645010000000
8 0.0150556010000000
9 0.0087715010000000
10 0.0030154010000000
11 -0.0031208990000000
12 -0.0053091990000000
13 -0.0076439990000000
14 -0.0067349990000000
15 -0.0073936990000000
16 -0.0066068990000000
17 -0.0085594990000000
18 -0.0104145990000000
19 -0.0098559990000000
20 -0.0078799990000000
21 -0.0104494990000000
22 -0.0086821990000000
23 -0.0086472990000000
24 -0.0097594990000000
25 -0.0101059990000000
26 -0.0107760990000000
27 -0.0073385990000000
28 -0.0093487990000000
29 -0.0079491990000000
30 -0.0079514990000000
31 -0.0092321990000000
32 -0.0115686990000000
33 -0.0104857990000000
34 -0.0136547990000000
35 -0.0124933990000000
36 -0.0126444990000000
37 -0.0164408990000000
38 -0.0153496990000000
39 -0.0163620990000000
40 -0.0177014990000000
41 -0.0190179990000000
42 -0.0181067990000000
43 -0.0164101990000000
44 -0.0167063990000000
45 -0.0156281990000000
46 -0.0164478990000000
47 -0.0160705990000000
48 -0.0164739990000000
49 -0.0142961990000000
50 -0.0130122990000000
51 -0.0158544990000000
52 -0.0140373990000000
53 -0.0117445990000000
54 -0.0127859990000000
55 -0.0119603990000000
56 -0.0147445990000000
57 -0.0165870990000000
58 -0.0115778990000000
59 -0.0090411990000000
60 -0.0124906990000000
61 -0.0115667990000000
62 -0.0109400990000000
63 -0.0106866990000000
64 -0.0089260990000000
65 -0.0093597990000000
66 -0.0112210990000000
67 -0.0106106990000000
68 -0.0097655990000000
69 -0.0058437990000000
70 -0.0078328990000000
71 -0.0090668990000000
72 -0.0078389990000000
73 -0.0074500990000000
74 -0.0061570990000000
75 -0.0123343990000000
76 -0.0097632990000000
77 -0.0064196990000000
78 -0.0039531990000000
79 -0.0033671990000000
80 -0.0035127990000000
81 -0.0043412990000000
82 -0.0051846990000000
83 -0.0073806990000000
84 -0.0083460990000000
85 -0.0118905990000000
86 -0.0094589990000000
87 -0.0068227990000000
88 -0.0075522990000000
89 -0.0085468990000000
90 -0.0105373990000000
91 -0.0111904990000000
92 -0.0100457990000000
93 -0.0079736990000000
94 -0.0119061990000000
95 -0.0099077990000000
96 -0.0101463990000000
97 -0.0116455990000000
98 -0.0073216990000000
99 -0.0086219990000000
100 -0.0120602990000000
101 -0.0118800990000000
102 -0.0126536990000000
103 -0.0114812990000000
104 -0.0080756990000000
105 -0.0088242990000000
106 -0.0114757990000000
107 -0.0094336990000000
108 -0.0091309990000000
109 -0.0062973990000000
110 -0.0017466990000000
111 -0.0028806990000000
112 -0.0013313990000000
113 -0.0012809990000000
114 -0.0038230990000000
115 -0.0051342990000000
116 -0.0058446990000000
117 -0.0050293990000000
118 -0.0050296990000000
119 -0.0073816990000000
120 -0.0104339990000000
121 -0.0121721990000000
122 -0.0132510990000000
123 -0.0138260990000000
124 -0.0134964990000000
125 -0.0153636990000000
126 -0.0156612990000000
127 -0.0157566990000000
128 -0.0170962990000000
129 -0.0186398990000000
130 -0.0182093990000000
131 -0.0183684990000000
132 -0.0145122990000000
133 -0.0159530990000000
134 -0.0145463990000000
135 -0.0148742990000000
136 -0.0174604990000000
137 -0.0172593990000000
138 -0.0178813990000000
139 -0.0161239990000000
140 -0.0152498990000000
141 -0.0150008990000000
142 -0.0132287990000000
143 -0.0127622990000000
144 -0.0135457990000000
145 -0.0141603990000000
146 -0.0134640990000000
147 -0.0112174990000000
148 -0.0123720990000000
149 -0.0117865990000000
150 -0.0109554990000000
151 -0.0080914990000000
152 -0.0077369990000000
153 -0.0105167990000000
154 -0.0115573990000000
155 -0.0141606990000000
156 -0.0125728990000000
157 -0.0141380990000000
158 -0.0142978990000000
159 -0.0142437990000000
160 -0.0135532990000000
161 -0.0116238990000000
162 -0.0095848990000000
163 -0.0115833990000000
164 -0.0106237990000000
165 -0.0115503990000000
166 -0.0130391990000000
167 -0.0102242990000000
168 -0.0128890990000000
169 -0.0136434990000000
170 -0.0109355990000000
171 -0.0120821990000000
172 -0.0117566990000000
173 -0.0112696990000000
174 -0.0091779990000000
175 -0.0113971990000000
176 -0.0119287990000000
177 -0.0129448990000000
178 -0.0130599990000000
179 -0.0133521990000000
180 -0.0155736990000000
181 -0.0128009990000000
182 -0.0142107990000000
183 -0.0141478990000000
184 -0.0162962990000000
185 -0.0163211990000000
186 -0.0162940990000000
187 -0.0164837990000000
188 -0.0162271990000000
189 -0.0163203990000000
190 -0.0170754990000000
191 -0.0174030990000000
192 -0.0171516990000000
193 -0.0143663990000000
194 -0.0144874990000000
195 -0.0117828990000000
196 -0.0127748990000000
197 -0.0102046990000000
198 -0.0120089990000000
199 -0.0123752990000000
200 -0.0134379990000000
201 -0.0149554990000000
202 -0.0138847990000000
203 -0.0141241990000000
204 -0.0149929990000000
205 -0.0154975990000000
206 -0.0151263990000000
207 -0.0169304990000000
208 -0.0147631990000000
209 -0.0174910990000000
210 -0.0145893990000000
211 -0.0126765990000000
212 -0.0109986990000000
213 -0.0137461990000000
214 -0.0128576990000000
215 -0.0122314990000000
216 -0.0145950990000000
217 -0.0143886990000000
218 -0.0135665990000000
219 -0.0152690990000000
220 -0.0140071990000000
221 -0.0122124990000000
222 -0.0110168990000000
223 -0.0126294990000000
224 -0.0098964990000000
225 -0.0088241990000000
226 -0.0076327990000000
227 -0.0088932990000000
228 -0.0086788990000000
229 -0.0112065990000000
230 -0.0138428990000000
231 -0.0134886990000000
232 -0.0113237990000000
233 -0.0134795990000000
234 -0.0145417990000000
235 -0.0129038990000000
236 -0.0117701990000000
237 -0.0125570990000000
238 -0.0115789990000000
239 -0.0154173990000000
240 -0.0137226990000000
241 -0.0089419990000000
242 -0.0134607990000000
243 -0.0128182990000000
244 -0.0134791990000000
245 -0.0117514990000000
246 -0.0144001990000000
247 -0.0144849990000000
248 -0.0140206990000000
249 -0.0144041990000000
250 -0.0164986990000000
251 -0.0195209990000000
252 -0.0205697990000000
253 -0.0200756990000000
254 -0.0192234990000000
255 -0.0184527990000000
256 -0.0173738990000000
257 -0.0170189990000000
258 -0.0172766990000000
259 -0.0143920990000000
260 -0.0148216990000000
261 -0.0141025990000000
262 -0.0152323990000000
263 -0.0177296990000000
264 -0.0190049990000000
265 -0.0204763990000000
266 -0.0210976990000000
267 -0.0203264990000000
268 -0.0194329990000000
269 -0.0185990990000000
270 -0.0181194990000000
271 -0.0183869990000000
272 -0.0163677990000000
273 -0.0126280990000000
274 -0.0143190990000000
275 -0.0141499990000000
276 -0.0133052990000000
277 -0.0095020990000000
278 -0.0118968990000000
279 -0.0102455990000000
280 -0.0109728990000000
281 -0.0089212990000000
282 -0.0067247990000000
283 -0.0111298990000000
284 -0.0104217990000000
285 -0.0126207990000000
286 -0.0124880990000000
287 -0.0131508990000000
288 -0.0127214990000000
289 -0.0112653990000000
290 -0.0124843990000000
291 -0.0139512990000000
292 -0.0104972990000000
293 -0.0129351990000000
294 -0.0134048990000000
295 -0.0117687990000000
296 -0.0105426990000000
297 -0.0102763990000000
298 -0.0089023990000000
299 -0.0088739990000000
300 -0.0102701990000000
301 -0.0130155990000000
302 -0.0118772990000000
303 -0.0142223990000000
304 -0.0137340990000000
305 -0.0137714990000000
306 -0.0168729990000000
307 -0.0166257990000000
308 -0.0176219990000000
309 -0.0188309990000000
310 -0.0155128990000000
311 -0.0163016990000000
312 -0.0153828990000000
313 -0.0179556990000000
314 -0.0168524990000000
315 -0.0150441990000000
316 -0.0144670990000000
317 -0.0193155990000000
318 -0.0165759990000000
319 -0.0158695990000000
320 -0.0163283990000000
321 -0.0144726990000000
322 -0.0174528990000000
323 -0.0168205990000000
324 -0.0182562990000000
325 -0.0170509990000000
326 -0.0150243990000000
327 -0.0148084990000000
328 -0.0144626990000000
329 -0.0107730990000000
330 -0.0097401990000000
331 -0.0119473990000000
332 -0.0104909990000000
333 -0.0132868990000000
334 -0.0146363990000000
335 -0.0138416990000000
336 -0.0112254990000000
337 -0.0109793990000000
338 -0.0104112990000000
339 -0.0112942990000000
340 -0.0115158990000000
341 -0.0134912990000000
342 -0.0134361990000000
343 -0.0129708990000000
344 -0.0146324990000000
345 -0.0140629990000000
346 -0.0148936990000000
347 -0.0162702990000000
348 -0.0147971990000000
349 -0.0132610990000000
350 -0.0149300990000000
351 -0.0141808990000000
352 -0.0127806990000000
353 -0.0122863990000000
354 -0.0158708990000000
355 -0.0143383990000000
356 -0.0137881990000000
357 -0.0125132990000000
358 -0.0123425990000000
359 -0.0124675990000000
360 -0.0133191990000000
361 -0.0116207990000000
362 -0.0119119990000000
363 -0.0106546990000000
364 -0.0095638990000000
365 -0.0097484990000000
366 -0.0087048990000000
367 -0.0073766990000000
368 -0.0059104990000000
369 -0.0102119990000000
370 -0.0114379990000000
371 -0.0114660990000000
372 -0.0107724990000000
373 -0.0116435990000000
374 -0.0148502990000000
375 -0.0162527990000000
376 -0.0191686990000000
377 -0.0187904990000000
378 -0.0154801990000000
379 -0.0140570990000000
380 -0.0163850990000000
381 -0.0154087990000000
382 -0.0148590990000000
383 -0.0163390990000000
384 -0.0131825990000000
385 -0.0139124990000000
386 -0.0162268990000000
387 -0.0163470990000000
388 -0.0176920990000000
389 -0.0186314990000000
390 -0.0189398990000000
391 -0.0171084990000000
392 -0.0155576990000000
393 -0.0130539990000000
394 -0.0120016990000000
395 -0.0112176990000000
396 -0.0101072990000000
397 -0.0112827990000000
398 -0.0101681990000000
399 -0.0130416990000000
400 -0.0135139990000000
401 -0.0103042990000000
402 -0.0105181990000000
403 -0.0099024990000000
404 -0.0108988990000000
405 -0.0097406990000000
406 -0.0124976990000000
407 -0.0148932990000000
408 -0.0155499990000000
409 -0.0155970990000000
410 -0.0138625990000000
411 -0.0156868990000000
412 -0.0146843990000000
413 -0.0152197990000000
414 -0.0133739990000000
415 -0.0105022990000000
416 -0.0138362990000000
417 -0.0120449990000000
418 -0.0162529990000000
419 -0.0155576990000000
420 -0.0154522990000000
421 -0.0173683990000000
422 -0.0138701990000000
423 -0.0145044990000000
424 -0.0139208990000000
425 -0.0102003990000000
426 -0.0076226990000000
427 -0.0114264990000000
428 -0.0124826990000000
429 -0.0138111990000000
430 -0.0154485990000000
431 -0.0180618990000000
432 -0.0198569990000000
433 -0.0201233990000000
434 -0.0186879990000000
435 -0.0208448990000000
436 -0.0210359990000000
437 -0.0179630990000000
438 -0.0210260990000000
439 -0.0190554990000000
440 -0.0180617990000000
441 -0.0165375990000000
442 -0.0142781990000000
443 -0.0171802990000000
444 -0.0156351990000000
445 -0.0191202990000000
446 -0.0148439990000000
447 -0.0148833990000000
448 -0.0157996990000000
449 -0.0156596990000000
450 -0.0151758990000000
451 -0.0174185990000000
452 -0.0164418990000000
453 -0.0158322990000000
454 -0.0155359990000000
455 -0.0164486990000000
456 -0.0151891990000000
457 -0.0148080990000000
458 -0.0154127990000000
459 -0.0152293990000000
460 -0.0121220990000000
461 -0.0126653990000000
462 -0.0097624990000000
463 -0.0090375990000000
464 -0.0104349990000000
465 -0.0100073990000000
466 -0.0076814990000000
467 -0.0077994990000000
468 -0.0096358990000000
469 -0.0093055990000000
470 -0.0094873990000000
471 -0.0123851990000000
472 -0.0093618990000000
473 -0.0101850990000000
474 -0.0077815990000000
475 -0.0085576990000000
476 -0.0099854990000000
477 -0.0109672990000000
478 -0.0130103990000000
479 -0.0137744990000000
480 -0.0119036990000000
481 -0.0136525990000000
482 -0.0115590990000000
483 -0.0146088990000000
484 -0.0132440990000000
485 -0.0144741990000000
486 -0.0170458990000000
487 -0.0180805990000000
488 -0.0177948990000000
489 -0.0157056990000000
490 -0.0199269990000000
491 -0.0191017990000000
492 -0.0218462990000000
493 -0.0190708990000000
494 -0.0179305990000000
495 -0.0208944990000000
496 -0.0173930990000000
497 -0.0200961990000000
498 -0.0190808990000000
499 -0.0163152990000000
500 -0.0139114990000000
501 -0.0157692990000000
502 -0.0167147990000000
503 -0.0164547990000000
504 -0.0143682990000000
505 -0.0134904990000000
506 -0.0127776990000000
507 -0.0126053990000000
508 -0.0103041990000000
509 -0.0068523990000000
510 -0.0082459990000000
511 -0.0088215990000000
512 -0.0098606990000000
513 -0.0107939990000000
514 -0.0117029990000000
515 -0.0116437990000000
516 -0.0168769990000000
517 -0.0157437990000000
518 -0.0129829990000000
519 -0.0136078990000000
520 -0.0135446990000000
521 -0.0149200990000000
522 -0.0122110990000000
523 -0.0155735990000000
524 -0.0178297990000000
525 -0.0173272990000000
526 -0.0170258990000000
527 -0.0130905990000000
528 -0.0138723990000000
529 -0.0127845990000000
530 -0.0117260990000000
531 -0.0112262990000000
532 -0.0110974990000000
533 -0.0121757990000000
534 -0.0102826990000000
535 -0.0112084990000000
536 -0.0120418990000000
537 -0.0133182990000000
538 -0.0136096990000000
539 -0.0144169990000000
540 -0.0137051990000000
541 -0.0116765990000000
542 -0.0123007990000000
543 -0.0108628990000000
544 -0.0089272990000000
545 -0.0089648990000000
546 -0.0071434990000000
547 -0.0089477990000000
548 -0.0083072990000000
549 -0.0102440990000000
550 -0.0113580990000000
551 -0.0133772990000000
552 -0.0131321990000000
553 -0.0122060990000000
554 -0.0115390990000000
555 -0.0107279990000000
556 -0.0080009990000000
557 -0.0049692990000000
558 -0.0067621990000000
559 -0.0082760990000000
560 -0.0078366990000000
561 -0.0122638990000000
562 -0.0153222990000000
563 -0.0144655990000000
564 -0.0123269990000000
565 -0.0122097990000000
566 -0.0131480990000000
567 -0.0137947990000000
568 -0.0142578990000000
569 -0.0136884990000000
570 -0.0142168990000000
571 -0.0146881990000000
572 -0.0194614990000000
573 -0.0187760990000000
574 -0.0192188990000000
575 -0.0219936990000000
576 -0.0210146990000000
577 -0.0190082990000000
578 -0.0209111990000000
579 -0.0197964990000000
580 -0.0188219990000000
581 -0.0168082990000000
582 -0.0144133990000000
583 -0.0160473990000000
584 -0.0151661990000000
585 -0.0128680990000000
586 -0.0120245990000000
587 -0.0148711990000000
588 -0.0146569990000000
589 -0.0114472990000000
590 -0.0104796990000000
591 -0.0085784990000000
592 -0.0106270990000000
593 -0.0101359990000000
594 -0.0105379990000000
595 -0.0134563990000000
596 -0.0130596990000000
597 -0.0155238990000000
598 -0.0152891990000000
599 -0.0143797990000000
600 -0.0115962990000000
1 0.3391246010000000
2 0.1524626010000000
3 0.0953607010000000
4 0.0680336010000000
5 0.0505899010000000
6 0.0390318010000000
7 0.0286982010000000
8 0.0224158010000000
9 0.0132608010000000
10 0.0080888010000000
11 0.0020177010000000
12 -0.0015860990000000
13 -0.0039433990000000
14 -0.0044587990000000
15 -0.0065927990000000
16 -0.0066674990000000
17 -0.0076706990000000
18 -0.0107863990000000
19 -0.0092634990000000
20 -0.0113799990000000
21 -0.0108483990000000
22 -0.0133608990000000
23 -0.0155875990000000
24 -0.0151710990000000
25 -0.0165579990000000
26 -0.0171442990000000
27 -0.0170023990000000
28 -0.0177750990000000
29 -0.0184407990000000
30 -0.0171613990000000
31 -0.0187518990000000
32 -0.0172966990000000
33 -0.0180837990000000
34 -0.0173032990000000
35 -0.0168443990000000
36 -0.0158714990000000
37 -0.0196738990000000
38 -0.0180298990000000
39 -0.0169228990000000
40 -0.0168078990000000
41 -0.0164066990000000
42 -0.0148825990000000
43 -0.0166392990000000
44 -0.0167050990000000
45 -0.0157515990000000
46 -0.0162631990000000
47 -0.0159215990000000
48 -0.0160392990000000
49 -0.0162962990000000
50 -0.0157526990000000
51 -0.0152631990000000
52 -0.0140927990000000
53 -0.0145704990000000
54 -0.0161734990000000
55 -0.0166791990000000
56 -0.0156070990000000
57 -0.0149671990000000
58 -0.0137124990000000
59 -0.0104831990000000
60 -0.0094047990000000
61 -0.0081984990000000
62 -0.0093005990000000
63 -0.0092226990000000
64 -0.0107286990000000
65 -0.0060569990000000
66 -0.0070886990000000
67 -0.0084579990000000
68 -0.0124390990000000
69 -0.0068210990000000
70 -0.0070264990000000
71 -0.0085671990000000
72 -0.0067317990000000
73 -0.0062488990000000
74 -0.0079301990000000
75 -0.0095198990000000
76 -0.0113604990000000
77 -0.0130276990000000
78 -0.0164192990000000
79 -0.0158798990000000
80 -0.0183771990000000
81 -0.0164957990000000
82 -0.0173497990000000
83 -0.0191622990000000
84 -0.0214622990000000
85 -0.0217770990000000
86 -0.0208554990000000
87 -0.0208992990000000
88 -0.0183917990000000
89 -0.0195406990000000
90 -0.0190831990000000
91 -0.0200553990000000
92 -0.0216988990000000
93 -0.0212095990000000
94 -0.0184291990000000
95 -0.0197984990000000
96 -0.0193761990000000
97 -0.0192469990000000
98 -0.0207994990000000
99 -0.0202149990000000
100 -0.0222119990000000
101 -0.0230693990000000
102 -0.0229096990000000
103 -0.0225157990000000
104 -0.0224209990000000
105 -0.0237697990000000
106 -0.0224261990000000
107 -0.0220545990000000
108 -0.0188218990000000
109 -0.0188430990000000
110 -0.0186113990000000
111 -0.0203160990000000
112 -0.0203599990000000
113 -0.0201024990000000
114 -0.0206436990000000
115 -0.0198339990000000
116 -0.0182869990000000
117 -0.0199188990000000
118 -0.0209586990000000
119 -0.0194663990000000
120 -0.0199011990000000
121 -0.0196869990000000
122 -0.0195817990000000
123 -0.0186239990000000
124 -0.0156953990000000
125 -0.0158097990000000
126 -0.0160830990000000
127 -0.0176903990000000
128 -0.0195283990000000
129 -0.0187497990000000
130 -0.0163789990000000
131 -0.0164518990000000
132 -0.0175882990000000
133 -0.0162336990000000
134 -0.0144272990000000
135 -0.0138796990000000
136 -0.0138241990000000
137 -0.0133745990000000
138 -0.0144776990000000
139 -0.0147545990000000
140 -0.0148327990000000
141 -0.0159173990000000
142 -0.0161648990000000
143 -0.0134582990000000
144 -0.0123992990000000
145 -0.0151786990000000
146 -0.0134180990000000
147 -0.0141992990000000
148 -0.0146721990000000
149 -0.0141567990000000
150 -0.0149996990000000
151 -0.0141222990000000
152 -0.0160341990000000
153 -0.0191062990000000
154 -0.0189902990000000
155 -0.0182437990000000
156 -0.0183551990000000
157 -0.0177078990000000
158 -0.0185833990000000
159 -0.0180786990000000
160 -0.0193033990000000
161 -0.0181736990000000
162 -0.0190032990000000
163 -0.0194088990000000
164 -0.0211016990000000
165 -0.0215195990000000
166 -0.0188272990000000
167 -0.0198612990000000
168 -0.0198420990000000
169 -0.0195030990000000
170 -0.0211994990000000
171 -0.0232820990000000
172 -0.0208523990000000
173 -0.0220907990000000
174 -0.0201340990000000
175 -0.0192776990000000
176 -0.0174585990000000
177 -0.0171939990000000
178 -0.0173599990000000
179 -0.0192663990000000
180 -0.0191705990000000
181 -0.0211555990000000
182 -0.0206827990000000
183 -0.0172391990000000
184 -0.0164787990000000
185 -0.0187097990000000
186 -0.0192314990000000
187 -0.0178067990000000
188 -0.0181251990000000
189 -0.0150450990000000
190 -0.0145489990000000
191 -0.0148645990000000
192 -0.0170655990000000
193 -0.0173179990000000
194 -0.0166241990000000
195 -0.0157299990000000
196 -0.0133052990000000
197 -0.0130611990000000
198 -0.0122462990000000
199 -0.0125483990000000
200 -0.0135373990000000
201 -0.0141463990000000
202 -0.0148896990000000
203 -0.0138371990000000
204 -0.0136713990000000
205 -0.0136447990000000
206 -0.0129949990000000
207 -0.0141987990000000
208 -0.0137351990000000
209 -0.0140445990000000
210 -0.0158875990000000
211 -0.0150266990000000
212 -0.0145268990000000
213 -0.0149621990000000
214 -0.0142328990000000
215 -0.0099149990000000
216 -0.0118782990000000
217 -0.0112503990000000
218 -0.0100351990000000
219 -0.0102360990000000
220 -0.0095166990000000
221 -0.0108704990000000
222 -0.0109455990000000
223 -0.0125112990000000
224 -0.0110262990000000
225 -0.0107152990000000
226 -0.0115370990000000
227 -0.0127665990000000
228 -0.0117610990000000
229 -0.0106333990000000
230 -0.0096899990000000
231 -0.0128227990000000
232 -0.0150251990000000
233 -0.0137159990000000
234 -0.0129091990000000
235 -0.0128022990000000
236 -0.0108785990000000
237 -0.0122726990000000
238 -0.0133768990000000
239 -0.0150339990000000
240 -0.0101950990000000
241 -0.0131460990000000
242 -0.0154060990000000
243 -0.0134234990000000
244 -0.0129752990000000
245 -0.0140231990000000
246 -0.0170585990000000
247 -0.0150766990000000
248 -0.0152676990000000
249 -0.0137418990000000
250 -0.0144267990000000
251 -0.0145989990000000
252 -0.0172402990000000
253 -0.0212100990000000
254 -0.0176009990000000
255 -0.0173579990000000
256 -0.0160733990000000
257 -0.0174670990000000
258 -0.0154411990000000
259 -0.0160694990000000
260 -0.0149419990000000
261 -0.0152142990000000
262 -0.0170732990000000
263 -0.0159716990000000
264 -0.0168369990000000
265 -0.0172155990000000
266 -0.0142085990000000
267 -0.0109176990000000
268 -0.0107554990000000
269 -0.0118044990000000
270 -0.0121425990000000
271 -0.0107938990000000
272 -0.0128811990000000
273 -0.0117655990000000
274 -0.0128417990000000
275 -0.0112097990000000
276 -0.0111343990000000
277 -0.0113241990000000
278 -0.0099153990000000
279 -0.0108672990000000
280 -0.0136093990000000
281 -0.0168266990000000
282 -0.0141134990000000
283 -0.0141116990000000
284 -0.0141415990000000
285 -0.0136867990000000
286 -0.0174847990000000
287 -0.0174080990000000
288 -0.0172838990000000
289 -0.0187742990000000
290 -0.0188806990000000
291 -0.0184548990000000
292 -0.0184095990000000
293 -0.0187143990000000
294 -0.0186537990000000
295 -0.0167934990000000
296 -0.0157765990000000
297 -0.0147211990000000
298 -0.0154656990000000
299 -0.0169380990000000
300 -0.0174544990000000
301 -0.0134134990000000
302 -0.0129867990000000
303 -0.0147390990000000
304 -0.0144614990000000
305 -0.0158947990000000
306 -0.0136535990000000
307 -0.0135518990000000
308 -0.0115178990000000
309 -0.0096555990000000
310 -0.0099574990000000
311 -0.0128332990000000
312 -0.0116384990000000
313 -0.0113755990000000
314 -0.0139644990000000
315 -0.0152735990000000
316 -0.0169310990000000
317 -0.0168387990000000
318 -0.0167544990000000
319 -0.0145024990000000
320 -0.0137067990000000
321 -0.0113819990000000
322 -0.0121611990000000
323 -0.0142761990000000
324 -0.0122614990000000
325 -0.0113852990000000
326 -0.0108561990000000
327 -0.0073306990000000
328 -0.0065377990000000
329 -0.0084876990000000
330 -0.0087873990000000
331 -0.0062048990000000
332 -0.0099655990000000
333 -0.0126334990000000
334 -0.0120866990000000
335 -0.0081385990000000
336 -0.0116610990000000
337 -0.0121163990000000
338 -0.0119835990000000
339 -0.0119975990000000
340 -0.0108162990000000
341 -0.0118822990000000
342 -0.0139250990000000
343 -0.0144001990000000
344 -0.0161157990000000
345 -0.0165609990000000
346 -0.0133817990000000
347 -0.0134690990000000
348 -0.0148616990000000
349 -0.0160056990000000
350 -0.0127206990000000
351 -0.0114542990000000
352 -0.0110759990000000
353 -0.0071391990000000
354 -0.0072248990000000
355 -0.0090107990000000
356 -0.0114599990000000
357 -0.0112590990000000
358 -0.0134907990000000
359 -0.0156115990000000
360 -0.0183411990000000
361 -0.0164785990000000
362 -0.0162209990000000
363 -0.0172052990000000
364 -0.0178492990000000
365 -0.0145163990000000
366 -0.0164156990000000
367 -0.0188287990000000
368 -0.0184761990000000
369 -0.0190051990000000
370 -0.0191742990000000
371 -0.0198784990000000
372 -0.0220027990000000
373 -0.0201470990000000
374 -0.0198583990000000
375 -0.0209780990000000
376 -0.0213124990000000
377 -0.0210678990000000
378 -0.0178039990000000
379 -0.0182531990000000
380 -0.0146999990000000
381 -0.0142094990000000
382 -0.0124731990000000
383 -0.0157049990000000
384 -0.0159045990000000
385 -0.0145653990000000
386 -0.0133665990000000
387 -0.0140199990000000
388 -0.0133345990000000
389 -0.0116926990000000
390 -0.0130279990000000
391 -0.0140931990000000
392 -0.0150304990000000
393 -0.0148023990000000
394 -0.0131615990000000
395 -0.0121436990000000
396 -0.0139974990000000
397 -0.0154626990000000
398 -0.0138532990000000
399 -0.0162345990000000
400 -0.0132412990000000
401 -0.0128555990000000
402 -0.0141991990000000
403 -0.0138069990000000
404 -0.0167661990000000
405 -0.0187791990000000
406 -0.0172477990000000
407 -0.0153825990000000
408 -0.0158446990000000
409 -0.0149091990000000
410 -0.0118609990000000
411 -0.0094770990000000
412 -0.0112287990000000
413 -0.0103847990000000
414 -0.0112231990000000
415 -0.0084431990000000
416 -0.0095198990000000
417 -0.0129372990000000
418 -0.0138244990000000
419 -0.0149118990000000
420 -0.0146135990000000
421 -0.0141821990000000
422 -0.0172539990000000
423 -0.0194534990000000
424 -0.0190575990000000
425 -0.0169244990000000
426 -0.0185507990000000
427 -0.0176700990000000
428 -0.0183957990000000
429 -0.0158997990000000
430 -0.0149851990000000
431 -0.0177873990000000
432 -0.0177306990000000
433 -0.0163276990000000
434 -0.0165252990000000
435 -0.0141386990000000
436 -0.0166972990000000
437 -0.0159294990000000
438 -0.0163678990000000
439 -0.0163840990000000
440 -0.0135200990000000
441 -0.0139574990000000
442 -0.0158131990000000
443 -0.0173947990000000
444 -0.0143964990000000
445 -0.0130394990000000
446 -0.0147711990000000
447 -0.0142792990000000
448 -0.0148948990000000
449 -0.0148666990000000
450 -0.0147411990000000
451 -0.0128918990000000
452 -0.0129674990000000
453 -0.0106740990000000
454 -0.0106416990000000
455 -0.0108369990000000
456 -0.0140957990000000
457 -0.0142105990000000
458 -0.0138331990000000
459 -0.0129212990000000
460 -0.0113550990000000
461 -0.0100036990000000
462 -0.0109958990000000
463 -0.0092225990000000
464 -0.0092381990000000
465 -0.0109954990000000
466 -0.0112282990000000
467 -0.0100929990000000
468 -0.0082457990000000
469 -0.0065979990000000
470 -0.0041415990000000
471 -0.0076970990000000
472 -0.0062034990000000
473 -0.0076948990000000
474 -0.0089175990000000
475 -0.0113802990000000
476 -0.0099678990000000
477 -0.0113825990000000
478 -0.0090959990000000
479 -0.0133245990000000
480 -0.0146459990000000
481 -0.0121884990000000
482 -0.0113532990000000
483 -0.0101406990000000
484 -0.0132064990000000
485 -0.0090755990000000
486 -0.0092811990000000
487 -0.0073336990000000
488 -0.0104291990000000
489 -0.0133403990000000
490 -0.0101103990000000
491 -0.0088071990000000
492 -0.0092687990000000
493 -0.0099137990000000
494 -0.0105618990000000
495 -0.0141632990000000
496 -0.0162737990000000
497 -0.0174772990000000
498 -0.0190276990000000
499 -0.0170955990000000
500 -0.0168269990000000
501 -0.0155144990000000
502 -0.0124738990000000
503 -0.0151865990000000
504 -0.0175679990000000
505 -0.0135956990000000
506 -0.0138798990000000
507 -0.0129821990000000
508 -0.0120535990000000
509 -0.0138802990000000
510 -0.0133831990000000
511 -0.0135208990000000
512 -0.0122005990000000
513 -0.0123302990000000
514 -0.0154254990000000
515 -0.0121553990000000
516 -0.0151531990000000
517 -0.0135113990000000
518 -0.0161376990000000
519 -0.0168620990000000
520 -0.0176021990000000
521 -0.0182739990000000
522 -0.0177421990000000
523 -0.0162580990000000
524 -0.0163057990000000
525 -0.0152513990000000
526 -0.0156735990000000
527 -0.0150756990000000
528 -0.0153273990000000
529 -0.0175065990000000
530 -0.0167100990000000
531 -0.0134981990000000
532 -0.0142483990000000
533 -0.0134979990000000
534 -0.0127960990000000
535 -0.0094992990000000
536 -0.0123943990000000
537 -0.0121395990000000
538 -0.0111806990000000
539 -0.0103520990000000
540 -0.0131937990000000
541 -0.0119800990000000
542 -0.0146183990000000
543 -0.0191567990000000
544 -0.0182536990000000
545 -0.0181890990000000
546 -0.0174086990000000
547 -0.0166018990000000
548 -0.0145199990000000
549 -0.0173414990000000
550 -0.0183354990000000
551 -0.0154206990000000
552 -0.0147039990000000
553 -0.0158025990000000
554 -0.0188385990000000
555 -0.0172915990000000
556 -0.0175237990000000
557 -0.0176193990000000
558 -0.0210654990000000
559 -0.0191122990000000
560 -0.0187330990000000
561 -0.0204500990000000
562 -0.0156854990000000
563 -0.0148265990000000
564 -0.0160623990000000
565 -0.0177262990000000
566 -0.0170173990000000
567 -0.0167807990000000
568 -0.0172549990000000
569 -0.0197284990000000
570 -0.0190272990000000
571 -0.0189632990000000
572 -0.0205341990000000
573 -0.0202475990000000
574 -0.0187907990000000
575 -0.0168183990000000
576 -0.0199117990000000
577 -0.0194470990000000
578 -0.0198267990000000
579 -0.0218644990000000
580 -0.0192301990000000
581 -0.0185584990000000
582 -0.0194570990000000
583 -0.0182209990000000
584 -0.0152579990000000
585 -0.0139769990000000
586 -0.0132167990000000
587 -0.0146587990000000
588 -0.0159879990000000
589 -0.0158989990000000
590 -0.0167975990000000
591 -0.0173304990000000
592 -0.0173600990000000
593 -0.0168703990000000
594 -0.0174144990000000
595 -0.0190022990000000
596 -0.0183888990000000
597 -0.0169541990000000
598 -0.0178560990000000
599 -0.0188680990000000
600 -0.0191584990000000
1 0.3326102010000000
2 0.1370840010000000
3 0.0980253010000000
4 0.0672032010000000
5 0.0512094010000000
6 0.0413154010000000
7 0.0290377010000000
8 0.0201294010000000
9 0.0093042010000000
10 0.0055026010000000
11 0.0013352010000000
12 -0.0018732990000000
13 -0.0057932990000000
14 -0.0112992990000000
15 -0.0106988990000000
16 -0.0142498990000000
17 -0.0167932990000000
18 -0.0170881990000000
19 -0.0178233990000000
20 -0.0171770990000000
21 -0.0169263990000000
22 -0.0165622990000000
23 -0.0149344990000000
24 -0.0152483990000000
25 -0.0177295990000000
26 -0.0188087990000000
27 -0.0161098990000000
28 -0.0169231990000000
29 -0.0199674990000000
30 -0.0196860990000000
31 -0.0224452990000000
32 -0.0224894990000000
33 -0.0204720990000000
34 -0.0219982990000000
35 -0.0211478990000000
36 -0.0193190990000000
37 -0.0156418990000000
38 -0.0116768990000000
39 -0.0150537990000000
40 -0.0141381990000000
41 -0.0138230990000000
42 -0.0142865990000000
43 -0.0108237990000000
44 -0.0127250990000000
45 -0.0134339990000000
46 -0.0138594990000000
47 -0.0162092990000000
48 -0.0124568990000000
49 -0.0142388990000000
50 -0.0177576990000000
51 -0.0180006990000000
52 -0.0203722990000000
53 -0.0198328990000000
54 -0.0171296990000000
55 -0.0171959990000000
56 -0.0184135990000000
57 -0.0123710990000000
58 -0.0126431990000000
59 -0.0133873990000000
60 -0.0121209990000000
61 -0.0120845990000000
62 -0.0119250990000000
63 -0.0127092990000000
64 -0.0121258990000000
65 -0.0128674990000000
66 -0.0130420990000000
67 -0.0093280990000000
68 -0.0122117990000000
69 -0.0127255990000000
70 -0.0131255990000000
71 -0.0122061990000000
72 -0.0151169990000000
73 -0.0182299990000000
74 -0.0168114990000000
75 -0.0172464990000000
76 -0.0152307990000000
77 -0.0138159990000000
78 -0.0137428990000000
79 -0.0141578990000000
80 -0.0173072990000000
81 -0.0169402990000000
82 -0.0170451990000000
83 -0.0168890990000000
84 -0.0167651990000000
85 -0.0185876990000000
86 -0.0161295990000000
87 -0.0182460990000000
88 -0.0176452990000000
89 -0.0181328990000000
90 -0.0202325990000000
91 -0.0197925990000000
92 -0.0198271990000000
93 -0.0197882990000000
94 -0.0179413990000000
95 -0.0155080990000000
96 -0.0157754990000000
97 -0.0171681990000000
98 -0.0167368990000000
99 -0.0143346990000000
100 -0.0163061990000000
101 -0.0164877990000000
102 -0.0183242990000000
103 -0.0185724990000000
104 -0.0163719990000000
105 -0.0152071990000000
106 -0.0165808990000000
107 -0.0161198990000000
108 -0.0159971990000000
109 -0.0152901990000000
110 -0.0150910990000000
111 -0.0164942990000000
112 -0.0125826990000000
113 -0.0090032990000000
114 -0.0115800990000000
115 -0.0143790990000000
116 -0.0145023990000000
117 -0.0126233990000000
118 -0.0147672990000000
119 -0.0169401990000000
120 -0.0148532990000000
121 -0.0130380990000000
122 -0.0123309990000000
123 -0.0099135990000000
124 -0.0109963990000000
125 -0.0092306990000000
126 -0.0089749990000000
127 -0.0108538990000000
128 -0.0126016990000000
129 -0.0106683990000000
130 -0.0101136990000000
131 -0.0084713990000000
132 -0.0111142990000000
133 -0.0128378990000000
134 -0.0107740990000000
135 -0.0131081990000000
136 -0.0121806990000000
137 -0.0126126990000000
138 -0.0124608990000000
139 -0.0122048990000000
140 -0.0131870990000000
141 -0.0097474990000000
142 -0.0122540990000000
143 -0.0121848990000000
144 -0.0112888990000000
145 -0.0123836990000000
146 -0.0116596990000000
147 -0.0126840990000000
148 -0.0137157990000000
149 -0.0171699990000000
150 -0.0162996990000000
151 -0.0133193990000000
152 -0.0132273990000000
153 -0.0118345990000000
154 -0.0117764990000000
155 -0.0121435990000000
156 -0.0120566990000000
157 -0.0100251990000000
158 -0.0121168990000000
159 -0.0124952990000000
160 -0.0103816990000000
161 -0.0110014990000000
162 -0.0140494990000000
163 -0.0115263990000000
164 -0.0134952990000000
165 -0.0125814990000000
166 -0.0134666990000000
167 -0.0120242990000000
168 -0.0099609990000000
169 -0.0104911990000000
170 -0.0099552990000000
171 -0.0112452990000000
172 -0.0115400990000000
173 -0.0142299990000000
174 -0.0142606990000000
175 -0.0151690990000000
176 -0.0118391990000000
177 -0.0118081990000000
178 -0.0134119990000000
179 -0.0149104990000000
180 -0.0132038990000000
181 -0.0113351990000000
182 -0.0118996990000000
183 -0.0122701990000000
184 -0.0121438990000000
185 -0.0128784990000000
186 -0.0153613990000000
187 -0.0145940990000000
188 -0.0132187990000000
189 -0.0113584990000000
190 -0.0160811990000000
191 -0.0182163990000000
192 -0.0187109990000000
193 -0.0198215990000000
194 -0.0169256990000000
195 -0.0161978990000000
196 -0.0189079990000000
197 -0.0171441990000000
198 -0.0162587990000000
199 -0.0136826990000000
200 -0.0135886990000000
201 -0.0117599990000000
202 -0.0108549990000000
203 -0.0075834990000000
204 -0.0103493990000000
205 -0.0109241990000000
206 -0.0124450990000000
207 -0.0154164990000000
208 -0.0151826990000000
209 -0.0169708990000000
210 -0.0162335990000000
211 -0.0171876990000000
212 -0.0168452990000000
213 -0.0149049990000000
214 -0.0150254990000000
215 -0.0146115990000000
216 -0.0158052990000000
217 -0.0134488990000000
218 -0.0153248990000000
219 -0.0144720990000000
220 -0.0164386990000000
221 -0.0173216990000000
222 -0.0171251990000000
223 -0.0184093990000000
224 -0.0175339990000000
225 -0.0157722990000000
226 -0.0154108990000000
227 -0.0164771990000000
228 -0.0190536990000000
229 -0.0175738990000000
230 -0.0177947990000000
231 -0.0140995990000000
232 -0.0142763990000000
233 -0.0159696990000000
234 -0.0157017990000000
235 -0.0138954990000000
236 -0.0122689990000000
237 -0.0134783990000000
238 -0.0131519990000000
239 -0.0096103990000000
240 -0.0099587990000000
241 -0.0105874990000000
242 -0.0114386990000000
243 -0.0121814990000000
244 -0.0126637990000000
245 -0.0130951990000000
246 -0.0128712990000000
247 -0.0113598990000000
248 -0.0143262990000000
249 -0.0140662990000000
250 -0.0157224990000000
251 -0.0148797990000000
252 -0.0113659990000000
253 -0.0137068990000000
254 -0.0128546990000000
255 -0.0114010990000000
256 -0.0123806990000000
257 -0.0167781990000000
258 -0.0139795990000000
259 -0.0151307990000000
260 -0.0158915990000000
261 -0.0156570990000000
262 -0.0145398990000000
263 -0.0126025990000000
264 -0.0115224990000000
265 -0.0126191990000000
266 -0.0135126990000000
267 -0.0150362990000000
268 -0.0155829990000000
269 -0.0150501990000000
270 -0.0149254990000000
271 -0.0144759990000000
272 -0.0132884990000000
273 -0.0105149990000000
274 -0.0117131990000000
275 -0.0109549990000000
276 -0.0130900990000000
277 -0.0140581990000000
278 -0.0147887990000000
279 -0.0156239990000000
280 -0.0175281990000000
281 -0.0170662990000000
282 -0.0119534990000000
283 -0.0115803990000000
284 -0.0109387990000000
285 -0.0100098990000000
286 -0.0102264990000000
287 -0.0103656990000000
288 -0.0111097990000000
289 -0.0141360990000000
290 -0.0155738990000000
291 -0.0173466990000000
292 -0.0170319990000000
293 -0.0163033990000000
294 -0.0146575990000000
295 -0.0171166990000000
296 -0.0140577990000000
297 -0.0125010990000000
298 -0.0142580990000000
299 -0.0167734990000000
300 -0.0183211990000000
301 -0.0182981990000000
302 -0.0182317990000000
303 -0.0165247990000000
304 -0.0144344990000000
305 -0.0135363990000000
306 -0.0146682990000000
307 -0.0143095990000000
308 -0.0143722990000000
309 -0.0119335990000000
310 -0.0084716990000000
311 -0.0096937990000000
312 -0.0086122990000000
313 -0.0035955990000000
314 -0.0023788990000000
315 -0.0015193990000000
316 -0.0037030990000000
317 -0.0031876990000000
318 -0.0042871990000000
319 -0.0063326990000000
320 -0.0090775990000000
321 -0.0068461990000000
322 -0.0100604990000000
323 -0.0114667990000000
324 -0.0121031990000000
325 -0.0115708990000000
326 -0.0127569990000000
327 -0.0109862990000000
328 -0.0128442990000000
329 -0.0136295990000000
330 -0.0121816990000000
331 -0.0128850990000000
332 -0.0135391990000000
333 -0.0135018990000000
334 -0.0125319990000000
335 -0.0150939990000000
336 -0.0142391990000000
337 -0.0148010990000000
338 -0.0117587990000000
339 -0.0131560990000000
340 -0.0140892990000000
341 -0.0128519990000000
342 -0.0153471990000000
343 -0.0167911990000000
344 -0.0191858990000000
345 -0.0186967990000000
346 -0.0159771990000000
347 -0.0149734990000000
348 -0.0174037990000000
349 -0.0153103990000000
350 -0.0177523990000000
351 -0.0137908990000000
352 -0.0153850990000000
353 -0.0163333990000000
354 -0.0162354990000000
355 -0.0169606990000000
356 -0.0156455990000000
357 -0.0164469990000000
358 -0.0146150990000000
359 -0.0140503990000000
360 -0.0139024990000000
361 -0.0106552990000000
362 -0.0117696990000000
363 -0.0136050990000000
364 -0.0143811990000000
365 -0.0155061990000000
366 -0.0173570990000000
367 -0.0181170990000000
368 -0.0171039990000000
369 -0.0174952990000000
370 -0.0171798990000000
371 -0.0154923990000000
372 -0.0143610990000000
373 -0.0126227990000000
374 -0.0130154990000000
375 -0.0127663990000000
376 -0.0155820990000000
377 -0.0159470990000000
378 -0.0153904990000000
379 -0.0169972990000000
380 -0.0196713990000000
381 -0.0207051990000000
382 -0.0222085990000000
383 -0.0222866990000000
384 -0.0239609990000000
385 -0.0236967990000000
386 -0.0234617990000000
387 -0.0224574990000000
388 -0.0213393990000000
389 -0.0172331990000000
390 -0.0180697990000000
391 -0.0176120990000000
392 -0.0176649990000000
393 -0.0184835990000000
394 -0.0153379990000000
395 -0.0142398990000000
396 -0.0139447990000000
397 -0.0133423990000000
398 -0.0142157990000000
399 -0.0143796990000000
400 -0.0147090990000000
401 -0.0136617990000000
402 -0.0137855990000000
403 -0.0146084990000000
404 -0.0129770990000000
405 -0.0133837990000000
406 -0.0123361990000000
407 -0.0096666990000000
408 -0.0115028990000000
409 -0.0128515990000000
410 -0.0110387990000000
411 -0.0133093990000000
412 -0.0166007990000000
413 -0.0151141990000000
414 -0.0136793990000000
415 -0.0163099990000000
416 -0.0149274990000000
417 -0.0135570990000000
418 -0.0136841990000000
419 -0.0085631990000000
420 -0.0070989990000000
421 -0.0091572990000000
422 -0.0118313990000000
423 -0.0097976990000000
424 -0.0065664990000000
425 -0.0083907990000000
426 -0.0111996990000000
427 -0.0127488990000000
428 -0.0136416990000000
429 -0.0153937990000000
430 -0.0142809990000000
431 -0.0161381990000000
432 -0.0167669990000000
433 -0.0160736990000000
434 -0.0154124990000000
435 -0.0130138990000000
436 -0.0162727990000000
437 -0.0134519990000000
438 -0.0113340990000000
439 -0.0102551990000000
440 -0.0143031990000000
441 -0.0130052990000000
442 -0.0149404990000000
443 -0.0133638990000000
444 -0.0109062990000000
445 -0.0111661990000000
446 -0.0106568990000000
447 -0.0140483990000000
448 -0.0168148990000000
449 -0.0149405990000000
450 -0.0155277990000000
451 -0.0144549990000000
452 -0.0170914990000000
453 -0.0183698990000000
454 -0.0170663990000000
455 -0.0145008990000000
456 -0.0123176990000000
457 -0.0130135990000000
458 -0.0130770990000000
459 -0.0128149990000000
460 -0.0106291990000000
461 -0.0102315990000000
462 -0.0119879990000000
463 -0.0109334990000000
464 -0.0118079990000000
465 -0.0100707990000000
466 -0.0098812990000000
467 -0.0113542990000000
468 -0.0132926990000000
469 -0.0145806990000000
470 -0.0124473990000000
471 -0.0102761990000000
472 -0.0115743990000000
473 -0.0136329990000000
474 -0.0136840990000000
475 -0.0136827990000000
476 -0.0140493990000000
477 -0.0121220990000000
478 -0.0130609990000000
479 -0.0133870990000000
480 -0.0141466990000000
481 -0.0151101990000000
482 -0.0136265990000000
483 -0.0120428990000000
484 -0.0149335990000000
485 -0.0126201990000000
486 -0.0092481990000000
487 -0.0108049990000000
488 -0.0109710990000000
489 -0.0097157990000000
490 -0.0103025990000000
491 -0.0103132990000000
492 -0.0103973990000000
493 -0.0093359990000000
494 -0.0132200990000000
495 -0.0156580990000000
496 -0.0178326990000000
497 -0.0159937990000000
498 -0.0202295990000000
499 -0.0197637990000000
500 -0.0171276990000000
501 -0.0186791990000000
502 -0.0178579990000000
503 -0.0163421990000000
504 -0.0169347990000000
505 -0.0171109990000000
506 -0.0190667990000000
507 -0.0177294990000000
508 -0.0156061990000000
509 -0.0142537990000000
510 -0.0132590990000000
511 -0.0125406990000000
512 -0.0107592990000000
513 -0.0070620990000000
514 -0.0052051990000000
515 -0.0084017990000000
516 -0.0104059990000000
517 -0.0084442990000000
518 -0.0100486990000000
519 -0.0100714990000000
520 -0.0115069990000000
521 -0.0116278990000000
522 -0.0133918990000000
523 -0.0141490990000000
524 -0.0145952990000000
525 -0.0144470990000000
526 -0.0162279990000000
527 -0.0161614990000000
528 -0.0178661990000000
529 -0.0170928990000000
530 -0.0190585990000000
531 -0.0192377990000000
532 -0.0170144990000000
533 -0.0142190990000000
534 -0.0142431990000000
535 -0.0170160990000000
536 -0.0182788990000000
537 -0.0180190990000000
538 -0.0164678990000000
539 -0.0139908990000000
540 -0.0157868990000000
541 -0.0152205990000000
542 -0.0157787990000000
543 -0.0163423990000000
544 -0.0149498990000000
545 -0.0152656990000000
546 -0.0142634990000000
547 -0.0131058990000000
548 -0.0157187990000000
549 -0.0156313990000000
550 -0.0153753990000000
551 -0.0191155990000000
552 -0.0212621990000000
553 -0.0216336990000000
554 -0.0214398990000000
555 -0.0226798990000000
556 -0.0243573990000000
557 -0.0239486990000000
558 -0.0245293990000000
559 -0.0189230990000000
560 -0.0196256990000000
561 -0.0183139990000000
562 -0.0182023990000000
563 -0.0190947990000000
564 -0.0179742990000000
565 -0.0163395990000000
566 -0.0146133990000000
567 -0.0176844990000000
568 -0.0173529990000000
569 -0.0159338990000000
570 -0.0145453990000000
571 -0.0158501990000000
572 -0.0119970990000000
573 -0.0134773990000000
574 -0.0126499990000000
575 -0.0123551990000000
576 -0.0077289990000000
577 -0.0056499990000000
578 -0.0043584990000000
579 -0.0050241990000000
580 -0.0046326990000000
581 -0.0027653990000000
582 -0.0041895990000000
583 -0.0052788990000000
584 -0.0043620990000000
585 -0.0058716990000000
586 -0.0107366990000000
587 -0.0128850990000000
588 -0.0146943990000000
589 -0.0137604990000000
590 -0.0139780990000000
591 -0.0162601990000000
592 -0.0145727990000000
593 -0.0145587990000000
594 -0.0185980990000000
595 -0.0185229990000000
596 -0.0183442990000000
597 -0.0185873990000000
598 -0.0154883990000000
599 -0.0155163990000000
600 -0.0143028990000000
1 0.3510915010000000
2 0.1637025010000000
3 0.1069975010000000
4 0.0705131010000000
5 0.0576409010000000
6 0.0442452010000000
7 0.0305533010000000
8 0.0172865010000000
9 0.0101635010000000
10 0.0060145010000000
11 0.0027423010000000
12 -0.0043168990000000
13 -0.0036911990000000
14 -0.0047530990000000
15 -0.0060844990000000
16 -0.0065327990000000
17 -0.0075774990000000
18 -0.0059604990000000
19 -0.0069459990000000
20 -0.0077408990000000
21 -0.0070214990000000
22 -0.0123899990000000
23 -0.0129746990000000
24 -0.0115409990000000
25 -0.0120499990000000
26 -0.0086252990000000
27 -0.0079936990000000
28 -0.0106471990000000
29 -0.0142666990000000
30 -0.0151127990000000
31 -0.0161308990000000
32 -0.0132061990000000
33 -0.0130715990000000
34 -0.0123885990000000
35 -0.0151090990000000
36 -0.0159701990000000
37 -0.0170671990000000
38 -0.0146021990000000
39 -0.0139688990000000
40 -0.0166731990000000
41 -0.0145000990000000
42 -0.0152327990000000
43 -0.0186581990000000
44 -0.0176733990000000
45 -0.0170699990000000
46 -0.0164717990000000
47 -0.0182316990000000
48 -0.0163444990000000
49 -0.0161135990000000
50 -0.0175228990000000
51 -0.0177009990000000
52 -0.0161103990000000
53 -0.0146066990000000
54 -0.0154237990000000
55 -0.0101769990000000
56 -0.0113934990000000
57 -0.0121480990000000
58 -0.0136934990000000
59 -0.0158003990000000
60 -0.0189162990000000
61 -0.0185683990000000
62 -0.0166191990000000
63 -0.0143623990000000
64 -0.0137985990000000
65 -0.0148724990000000
66 -0.0148337990000000
67 -0.0168517990000000
68 -0.0141566990000000
69 -0.0166741990000000
70 -0.0171113990000000
71 -0.0181032990000000
72 -0.0185509990000000
73 -0.0168228990000000
74 -0.0168196990000000
75 -0.0154490990000000
76 -0.0190590990000000
77 -0.0186969990000000
78 -0.0190355990000000
79 -0.0191320990000000
80 -0.0179161990000000
81 -0.0171905990000000
82 -0.0179377990000000
83 -0.0164198990000000
84 -0.0176802990000000
85 -0.0162672990000000
86 -0.0148511990000000
87 -0.0154192990000000
88 -0.0169928990000000
89 -0.0161647990000000
90 -0.0165236990000000
91 -0.0172612990000000
92 -0.0162502990000000
93 -0.0144118990000000
94 -0.0131520990000000
95 -0.0121294990000000
96 -0.0099996990000000
97 -0.0091314990000000
98 -0.0104552990000000
99 -0.0154205990000000
100 -0.0144776990000000
101 -0.0156157990000000
102 -0.0166778990000000
103 -0.0167011990000000
104 -0.0155189990000000
105 -0.0163778990000000
106 -0.0173959990000000
107 -0.0169434990000000
108 -0.0151947990000000
109 -0.0142699990000000
110 -0.0149098990000000
111 -0.0136296990000000
112 -0.0150554990000000
113 -0.0170312990000000
114 -0.0181769990000000
115 -0.0172246990000000
116 -0.0180405990000000
117 -0.0171912990000000
118 -0.0167617990000000
119 -0.0149212990000000
120 -0.0175668990000000
121 -0.0190497990000000
122 -0.0174939990000000
123 -0.0178494990000000
124 -0.0151076990000000
125 -0.0168033990000000
126 -0.0178234990000000
127 -0.0164397990000000
128 -0.0159612990000000
129 -0.0177734990000000
130 -0.0187536990000000
131 -0.0199360990000000
132 -0.0173690990000000
133 -0.0159597990000000
134 -0.0150836990000000
135 -0.0139157990000000
136 -0.0151382990000000
137 -0.0136915990000000
138 -0.0122202990000000
139 -0.0126391990000000
140 -0.0152376990000000
141 -0.0149035990000000
142 -0.0141786990000000
143 -0.0136186990000000
144 -0.0141574990000000
145 -0.0170770990000000
146 -0.0183347990000000
147 -0.0173222990000000
148 -0.0178519990000000
149 -0.0184749990000000
150 -0.0176057990000000
151 -0.0150078990000000
152 -0.0158715990000000
153 -0.0150982990000000
154 -0.0168964990000000
155 -0.0162127990000000
156 -0.0164824990000000
157 -0.0141374990000000
158 -0.0143907990000000
159 -0.0144962990000000
160 -0.0108806990000000
161 -0.0102069990000000
162 -0.0082096990000000
163 -0.0082863990000000
164 -0.0073645990000000
165 -0.0115783990000000
166 -0.0073271990000000
167 -0.0057321990000000
168 -0.0066741990000000
169 -0.0081219990000000
170 -0.0085220990000000
171 -0.0076290990000000
172 -0.0108933990000000
173 -0.0127066990000000
174 -0.0117566990000000
175 -0.0109104990000000
176 -0.0079050990000000
177 -0.0109041990000000
178 -0.0124663990000000
179 -0.0111127990000000
180 -0.0112551990000000
181 -0.0139735990000000
182 -0.0162412990000000
183 -0.0136918990000000
184 -0.0119453990000000
185 -0.0113762990000000
186 -0.0125945990000000
187 -0.0116145990000000
188 -0.0119305990000000
189 -0.0118664990000000
190 -0.0093063990000000
191 -0.0125541990000000
192 -0.0128541990000000
193 -0.0157145990000000
194 -0.0185034990000000
195 -0.0195202990000000
196 -0.0191391990000000
197 -0.0204718990000000
198 -0.0194220990000000
199 -0.0193617990000000
200 -0.0173352990000000
201 -0.0162205990000000
202 -0.0178174990000000
203 -0.0177637990000000
204 -0.0177969990000000
205 -0.0194256990000000
206 -0.0165944990000000
207 -0.0191825990000000
208 -0.0207230990000000
209 -0.0184533990000000
210 -0.0190008990000000
211 -0.0213165990000000
212 -0.0171414990000000
213 -0.0175715990000000
214 -0.0183670990000000
215 -0.0179674990000000
216 -0.0160341990000000
217 -0.0158500990000000
218 -0.0170213990000000
219 -0.0182186990000000
220 -0.0187991990000000
221 -0.0176017990000000
222 -0.0167909990000000
223 -0.0142488990000000
224 -0.0156997990000000
225 -0.0149289990000000
226 -0.0149595990000000
227 -0.0132210990000000
228 -0.0132588990000000
229 -0.0121508990000000
230 -0.0121698990000000
231 -0.0082305990000000
232 -0.0088132990000000
233 -0.0082478990000000
234 -0.0101465990000000
235 -0.0109645990000000
236 -0.0097258990000000
237 -0.0107253990000000
238 -0.0112495990000000
239 -0.0118649990000000
240 -0.0116149990000000
241 -0.0143397990000000
242 -0.0136188990000000
243 -0.0143052990000000
244 -0.0125505990000000
245 -0.0130564990000000
246 -0.0120510990000000
247 -0.0122285990000000
248 -0.0110076990000000
249 -0.0114330990000000
250 -0.0144418990000000
251 -0.0136555990000000
252 -0.0141994990000000
253 -0.0132370990000000
254 -0.0122089990000000
255 -0.0117028990000000
256 -0.0139377990000000
257 -0.0147740990000000
258 -0.0166334990000000
259 -0.0129691990000000
260 -0.0172631990000000
261 -0.0198928990000000
262 -0.0188966990000000
263 -0.0209704990000000
264 -0.0191552990000000
265 -0.0180372990000000
266 -0.0208336990000000
267 -0.0194342990000000
268 -0.0183979990000000
269 -0.0179772990000000
270 -0.0171001990000000
271 -0.0155234990000000
272 -0.0152653990000000
273 -0.0157302990000000
274 -0.0147990990000000
275 -0.0123825990000000
276 -0.0100371990000000
277 -0.0129086990000000
278 -0.0153298990000000
279 -0.0173110990000000
280 -0.0151378990000000
281 -0.0144466990000000
282 -0.0143856990000000
283 -0.0157718990000000
284 -0.0148961990000000
285 -0.0146618990000000
286 -0.0126291990000000
287 -0.0114050990000000
288 -0.0107400990000000
289 -0.0118276990000000
290 -0.0136056990000000
291 -0.0110493990000000
292 -0.0114786990000000
293 -0.0108317990000000
294 -0.0116430990000000
295 -0.0127011990000000
296 -0.0120406990000000
297 -0.0104316990000000
298 -0.0105804990000000
299 -0.0093756990000000
300 -0.0101803990000000
301 -0.0092259990000000
302 -0.0093868990000000
303 -0.0106208990000000
304 -0.0128162990000000
305 -0.0136207990000000
306 -0.0164604990000000
307 -0.0147808990000000
308 -0.0155030990000000
309 -0.0159922990000000
310 -0.0156968990000000
311 -0.0159562990000000
312 -0.0154693990000000
313 -0.0175127990000000
314 -0.0143283990000000
315 -0.0159834990000000
316 -0.0188482990000000
317 -0.0178757990000000
318 -0.0161248990000000
319 -0.0158663990000000
320 -0.0151532990000000
321 -0.0160589990000000
322 -0.0144621990000000
323 -0.0147109990000000
324 -0.0145167990000000
325 -0.0161578990000000
326 -0.0157692990000000
327 -0.0151059990000000
328 -0.0162527990000000
329 -0.0155204990000000
330 -0.0138571990000000
331 -0.0162038990000000
332 -0.0152801990000000
333 -0.0130882990000000
334 -0.0150674990000000
335 -0.0135664990000000
336 -0.0153587990000000
337 -0.0152665990000000
338 -0.0157014990000000
339 -0.0161485990000000
340 -0.0173210990000000
341 -0.0180826990000000
342 -0.0174211990000000
343 -0.0164560990000000
344 -0.0166607990000000
345 -0.0154895990000000
346 -0.0152540990000000
347 -0.0169254990000000
348 -0.0199135990000000
349 -0.0194580990000000
350 -0.0194069990000000
351 -0.0185544990000000
352 -0.0180577990000000
353 -0.0166147990000000
354 -0.0147217990000000
355 -0.0162643990000000
356 -0.0169314990000000
357 -0.0174701990000000
358 -0.0184904990000000
359 -0.0187918990000000
360 -0.0167730990000000
361 -0.0160096990000000
362 -0.0168518990000000
363 -0.0179813990000000
364 -0.0196042990000000
365 -0.0165430990000000
366 -0.0138932990000000
367 -0.0129526990000000
368 -0.0124834990000000
369 -0.0116485990000000
370 -0.0109888990000000
371 -0.0094588990000000
372 -0.0088524990000000
373 -0.0100633990000000
374 -0.0095302990000000
375 -0.0080601990000000
376 -0.0076794990000000
377 -0.0066205990000000
378 -0.0085168990000000
379 -0.0076737990000000
380 -0.0110484990000000
381 -0.0141083990000000
382 -0.0161105990000000
383 -0.0151000990000000
384 -0.0152289990000000
385 -0.0160875990000000
386 -0.0176229990000000
387 -0.0185501990000000
388 -0.0185921990000000
389 -0.0201585990000000
390 -0.0189347990000000
391 -0.0206238990000000
392 -0.0195354990000000
393 -0.0188925990000000
394 -0.0190163990000000
395 -0.0178466990000000
396 -0.0173130990000000
397 -0.0178559990000000
398 -0.0166621990000000
399 -0.0197327990000000
400 -0.0200681990000000
401 -0.0187244990000000
402 -0.0161820990000000
403 -0.0153707990000000
404 -0.0155661990000000
405 -0.0169582990000000
406 -0.0158055990000000
407 -0.0146961990000000
408 -0.0147911990000000
409 -0.0159544990000000
410 -0.0162407990000000
411 -0.0134353990000000
412 -0.0138836990000000
413 -0.0141295990000000
414 -0.0146117990000000
415 -0.0139632990000000
416 -0.0116116990000000
417 -0.0115740990000000
418 -0.0141565990000000
419 -0.0120607990000000
420 -0.0123686990000000
421 -0.0106786990000000
422 -0.0111028990000000
423 -0.0100383990000000
424 -0.0132221990000000
425 -0.0117725990000000
426 -0.0137781990000000
427 -0.0126767990000000
428 -0.0122218990000000
429 -0.0126845990000000
430 -0.0125603990000000
431 -0.0126336990000000
432 -0.0139788990000000
433 -0.0138471990000000
434 -0.0136679990000000
435 -0.0132742990000000
436 -0.0136277990000000
437 -0.0151828990000000
438 -0.0155278990000000
439 -0.0146906990000000
440 -0.0184447990000000
441 -0.0164621990000000
442 -0.0173584990000000
443 -0.0191724990000000
444 -0.0176545990000000
445 -0.0177991990000000
446 -0.0169898990000000
447 -0.0144382990000000
448 -0.0142902990000000
449 -0.0103890990000000
450 -0.0103452990000000
451 -0.0063312990000000
452 -0.0099148990000000
453 -0.0108921990000000
454 -0.0088509990000000
455 -0.0125207990000000
456 -0.0126491990000000
457 -0.0140718990000000
458 -0.0135663990000000
459 -0.0140341990000000
460 -0.0151119990000000
461 -0.0174758990000000
462 -0.0179417990000000
463 -0.0184163990000000
464 -0.0174253990000000
465 -0.0200463990000000
466 -0.0175750990000000
467 -0.0167210990000000
468 -0.0189574990000000
469 -0.0149760990000000
470 -0.0148892990000000
471 -0.0145502990000000
472 -0.0157570990000000
473 -0.0171109990000000
474 -0.0173395990000000
475 -0.0183627990000000
476 -0.0186526990000000
477 -0.0197977990000000
478 -0.0184079990000000
479 -0.0181025990000000
480 -0.0159732990000000
481 -0.0160523990000000
482 -0.0139058990000000
483 -0.0137252990000000
484 -0.0139838990000000
485 -0.0142622990000000
486 -0.0117583990000000
487 -0.0135494990000000
488 -0.0114590990000000
489 -0.0114745990000000
490 -0.0120483990000000
491 -0.0120839990000000
492 -0.0125728990000000
493 -0.0089382990000000
494 -0.0088180990000000
495 -0.0100911990000000
496 -0.0128728990000000
497 -0.0137890990000000
498 -0.0120535990000000
499 -0.0105045990000000
500 -0.0125364990000000
501 -0.0112055990000000
502 -0.0142978990000000
503 -0.0135441990000000
504 -0.0155961990000000
505 -0.0113581990000000
506 -0.0111335990000000
507 -0.0138181990000000
508 -0.0107576990000000
509 -0.0128062990000000
510 -0.0108115990000000
511 -0.0080811990000000
512 -0.0099048990000000
513 -0.0144754990000000
514 -0.0138433990000000
515 -0.0143241990000000
516 -0.0167283990000000
517 -0.0151740990000000
518 -0.0154770990000000
519 -0.0168175990000000
520 -0.0136645990000000
521 -0.0155018990000000
522 -0.0157118990000000
523 -0.0148795990000000
524 -0.0148318990000000
525 -0.0175412990000000
526 -0.0182997990000000
527 -0.0197665990000000
528 -0.0177000990000000
529 -0.0178342990000000
530 -0.0177980990000000
531 -0.0178421990000000
532 -0.0176465990000000
533 -0.0173971990000000
534 -0.0185564990000000
535 -0.0193313990000000
536 -0.0183068990000000
537 -0.0196908990000000
538 -0.0206762990000000
539 -0.0222777990000000
540 -0.0227468990000000
541 -0.0228145990000000
542 -0.0209243990000000
543 -0.0198074990000000
544 -0.0196265990000000
545 -0.0190356990000000
546 -0.0176675990000000
547 -0.0181766990000000
548 -0.0180094990000000
549 -0.0157987990000000
550 -0.0123479990000000
551 -0.0124935990000000
552 -0.0153652990000000
553 -0.0142727990000000
554 -0.0135596990000000
555 -0.0088306990000000
556 -0.0106404990000000
557 -0.0132131990000000
558 -0.0125394990000000
559 -0.0076755990000000
560 -0.0085180990000000
561 -0.0047664990000000
562 -0.0039005990000000
563 -0.0052872990000000
564 -0.0062992990000000
565 -0.0071349990000000
566 -0.0089962990000000
567 -0.0106680990000000
568 -0.0095316990000000
569 -0.0098787990000000
570 -0.0077221990000000
571 -0.0096745990000000
572 -0.0074316990000000
573 -0.0100517990000000
574 -0.0113529990000000
575 -0.0122518990000000
576 -0.0114342990000000
577 -0.0105479990000000
578 -0.0127387990000000
579 -0.0141085990000000
580 -0.0141028990000000
581 -0.0115776990000000
582 -0.0121622990000000
583 -0.0139659990000000
584 -0.0147210990000000
585 -0.0152249990000000
586 -0.0148890990000000
587 -0.0124947990000000
588 -0.0126842990000000
589 -0.0132672990000000
590 -0.0141262990000000
591 -0.0135548990000000
592 -0.0136089990000000
593 -0.0145474990000000
594 -0.0128222990000000
595 -0.0109990990000000
596 -0.0148066990000000
597 -0.0153230990000000
598 -0.0171069990000000
599 -0.0157489990000000
600 -0.0158837990000000
1 0.3400089010000000
2 0.1495636010000000
3 0.1077103010000000
4 0.0682693010000000
5 0.0506919010000000
6 0.0331724010000000
7 0.0265265010000000
8 0.0130513010000000
9 0.0093906010000000
10 0.0044495010000000
11 -0.0003229990000000
12 -0.0025008990000000
13 -0.0029103990000000
14 -0.0062226990000000
15 -0.0050358990000000
16 -0.0089546990000000
17 -0.0081644990000000
18 -0.0090682990000000
19 -0.0083432990000000
20 -0.0101119990000000
21 -0.0082444990000000
22 -0.0106165990000000
23 -0.0094935990000000
24 -0.0092089990000000
25 -0.0111197990000000
26 -0.0106684990000000
27 -0.0134486990000000
28 -0.0150282990000000
29 -0.0128240990000000
30 -0.0137944990000000
31 -0.0128608990000000
32 -0.0133150990000000
33 -0.0123064990000000
34 -0.0139773990000000
35 -0.0128310990000000
36 -0.0134593990000000
37 -0.0145279990000000
38 -0.0139420990000000
39 -0.0149767990000000
40 -0.0150205990000000
41 -0.0139826990000000
42 -0.0126905990000000
43 -0.0141044990000000
44 -0.0136051990000000
45 -0.0141542990000000
46 -0.0106145990000000
47 -0.0113172990000000
48 -0.0141199990000000
49 -0.0149522990000000
50 -0.0139691990000000
51 -0.0120146990000000
52 -0.0110848990000000
53 -0.0134995990000000
54 -0.0135061990000000
55 -0.0158133990000000
56 -0.0179231990000000
57 -0.0170223990000000
58 -0.0170574990000000
59 -0.0149156990000000
60 -0.0159304990000000
61 -0.0195521990000000
62 -0.0195125990000000
63 -0.0183718990000000
64 -0.0175333990000000
65 -0.0202920990000000
66 -0.0201901990000000
67 -0.0184899990000000
68 -0.0208011990000000
69 -0.0210397990000000
70 -0.0210077990000000
71 -0.0235921990000000
72 -0.0248800990000000
73 -0.0230383990000000
74 -0.0212300990000000
75 -0.0206442990000000
76 -0.0202496990000000
77 -0.0194775990000000
78 -0.0194035990000000
79 -0.0191881990000000
80 -0.0194876990000000
81 -0.0180956990000000
82 -0.0164427990000000
83 -0.0144656990000000
84 -0.0139668990000000
85 -0.0155217990000000
86 -0.0152095990000000
87 -0.0119202990000000
88 -0.0137790990000000
89 -0.0168808990000000
90 -0.0172521990000000
91 -0.0188819990000000
92 -0.0184006990000000
93 -0.0170414990000000
94 -0.0178142990000000
95 -0.0175769990000000
96 -0.0191589990000000
97 -0.0162865990000000
98 -0.0145939990000000
99 -0.0167485990000000
100 -0.0143885990000000
101 -0.0142572990000000
102 -0.0160622990000000
103 -0.0191050990000000
104 -0.0180781990000000
105 -0.0191632990000000
106 -0.0187622990000000
107 -0.0194096990000000
108 -0.0168207990000000
109 -0.0162740990000000
110 -0.0157561990000000
111 -0.0142693990000000
112 -0.0136686990000000
113 -0.0097787990000000
114 -0.0113574990000000
115 -0.0104028990000000
116 -0.0102488990000000
117 -0.0109149990000000
118 -0.0112147990000000
119 -0.0133719990000000
120 -0.0138182990000000
121 -0.0143848990000000
122 -0.0157830990000000
123 -0.0150386990000000
124 -0.0139245990000000
125 -0.0161288990000000
126 -0.0157208990000000
127 -0.0131497990000000
128 -0.0140027990000000
129 -0.0142771990000000
130 -0.0136620990000000
131 -0.0156517990000000
132 -0.0146883990000000
133 -0.0131817990000000
134 -0.0125199990000000
135 -0.0126199990000000
136 -0.0168187990000000
137 -0.0162801990000000
138 -0.0170685990000000
139 -0.0176032990000000
140 -0.0163493990000000
141 -0.0180003990000000
142 -0.0172595990000000
143 -0.0175992990000000
144 -0.0179277990000000
145 -0.0177451990000000
146 -0.0206619990000000
147 -0.0203503990000000
148 -0.0193589990000000
149 -0.0184985990000000
150 -0.0205095990000000
151 -0.0191746990000000
152 -0.0176814990000000
153 -0.0191560990000000
154 -0.0217923990000000
155 -0.0211348990000000
156 -0.0206104990000000
157 -0.0199061990000000
158 -0.0187755990000000
159 -0.0184711990000000
160 -0.0166881990000000
161 -0.0200903990000000
162 -0.0183671990000000
163 -0.0195305990000000
164 -0.0167415990000000
165 -0.0176460990000000
166 -0.0208276990000000
167 -0.0207497990000000
168 -0.0204801990000000
169 -0.0189661990000000
170 -0.0175291990000000
171 -0.0166715990000000
172 -0.0155253990000000
173 -0.0129819990000000
174 -0.0123272990000000
175 -0.0134589990000000
176 -0.0155181990000000
177 -0.0167829990000000
178 -0.0178663990000000
179 -0.0167897990000000
180 -0.0145640990000000
181 -0.0161525990000000
182 -0.0175119990000000
183 -0.0169747990000000
184 -0.0144789990000000
185 -0.0136276990000000
186 -0.0130792990000000
187 -0.0124476990000000
188 -0.0119071990000000
189 -0.0112100990000000
190 -0.0114813990000000
191 -0.0134547990000000
192 -0.0116016990000000
193 -0.0127837990000000
194 -0.0119914990000000
195 -0.0147848990000000
196 -0.0151574990000000
197 -0.0155163990000000
198 -0.0159142990000000
199 -0.0136313990000000
200 -0.0119963990000000
201 -0.0108925990000000
202 -0.0118689990000000
203 -0.0136637990000000
204 -0.0143304990000000
205 -0.0131290990000000
206 -0.0133374990000000
207 -0.0136527990000000
208 -0.0129446990000000
209 -0.0134804990000000
210 -0.0115849990000000
211 -0.0089938990000000
212 -0.0097584990000000
213 -0.0089641990000000
214 -0.0095249990000000
215 -0.0155874990000000
216 -0.0133927990000000
217 -0.0142133990000000
218 -0.0144257990000000
219 -0.0120490990000000
220 -0.0154156990000000
221 -0.0169626990000000
222 -0.0170570990000000
223 -0.0160128990000000
224 -0.0180384990000000
225 -0.0172889990000000
226 -0.0147493990000000
227 -0.0148485990000000
228 -0.0157808990000000
229 -0.0138648990000000
230 -0.0119972990000000
231 -0.0108875990000000
232 -0.0133382990000000
233 -0.0156225990000000
234 -0.0174500990000000
235 -0.0156758990000000
236 -0.0136920990000000
237 -0.0145682990000000
238 -0.0146720990000000
239 -0.0123595990000000
240 -0.0128421990000000
241 -0.0156704990000000
242 -0.0156899990000000
243 -0.0173331990000000
244 -0.0155526990000000
245 -0.0170251990000000
246 -0.0192180990000000
247 -0.0182509990000000
248 -0.0158636990000000
249 -0.0107306990000000
250 -0.0144945990000000
251 -0.0133038990000000
252 -0.0135774990000000
253 -0.0110834990000000
254 -0.0149990990000000
255 -0.0163717990000000
256 -0.0175737990000000
257 -0.0172967990000000
258 -0.0184795990000000
259 -0.0200280990000000
260 -0.0182463990000000
261 -0.0176253990000000
262 -0.0195701990000000
263 -0.0190851990000000
264 -0.0152859990000000
265 -0.0165691990000000
266 -0.0169987990000000
267 -0.0174820990000000
268 -0.0172167990000000
269 -0.0182946990000000
270 -0.0184152990000000
271 -0.0191254990000000
272 -0.0207888990000000
273 -0.0184284990000000
274 -0.0182000990000000
275 -0.0196020990000000
276 -0.0202977990000000
277 -0.0186782990000000
278 -0.0183559990000000
279 -0.0207521990000000
280 -0.0208881990000000
281 -0.0200652990000000
282 -0.0194184990000000
283 -0.0182262990000000
284 -0.0185298990000000
285 -0.0210665990000000
286 -0.0209605990000000
287 -0.0211858990000000
288 -0.0200365990000000
289 -0.0200576990000000
290 -0.0203264990000000
291 -0.0200889990000000
292 -0.0195085990000000
293 -0.0173212990000000
294 -0.0161094990000000
295 -0.0165671990000000
296 -0.0171067990000000
297 -0.0172584990000000
298 -0.0166100990000000
299 -0.0142802990000000
300 -0.0132232990000000
301 -0.0115318990000000
302 -0.0109636990000000
303 -0.0099013990000000
304 -0.0114993990000000
305 -0.0085504990000000
306 -0.0102952990000000
307 -0.0126607990000000
308 -0.0138037990000000
309 -0.0149409990000000
310 -0.0127746990000000
311 -0.0127181990000000
312 -0.0090747990000000
313 -0.0094848990000000
314 -0.0105056990000000
315 -0.0129154990000000
316 -0.0115093990000000
317 -0.0116758990000000
318 -0.0106843990000000
319 -0.0133224990000000
320 -0.0138395990000000
321 -0.0153274990000000
322 -0.0188473990000000
323 -0.0185390990000000
324 -0.0176377990000000
325 -0.0167926990000000
326 -0.0162603990000000
327 -0.0160485990000000
328 -0.0159784990000000
329 -0.0162089990000000
330 -0.0186413990000000
331 -0.0186400990000000
332 -0.0193906990000000
333 -0.0182131990000000
334 -0.0179931990000000
335 -0.0168155990000000
336 -0.0160704990000000
337 -0.0147597990000000
338 -0.0132554990000000
339 -0.0125188990000000
340 -0.0094427990000000
341 -0.0118594990000000
342 -0.0158340990000000
343 -0.0135620990000000
344 -0.0163310990000000
345 -0.0165492990000000
346 -0.0153071990000000
347 -0.0163607990000000
348 -0.0166460990000000
349 -0.0165427990000000
350 -0.0188968990000000
351 -0.0173779990000000
352 -0.0163103990000000
353 -0.0128432990000000
354 -0.0171888990000000
355 -0.0167543990000000
356 -0.0170936990000000
357 -0.0176456990000000
358 -0.0183882990000000
359 -0.0173821990000000
360 -0.0194183990000000
361 -0.0207447990000000
362 -0.0206449990000000
363 -0.0168744990000000
364 -0.0163201990000000
365 -0.0154510990000000
366 -0.0119882990000000
367 -0.0122701990000000
368 -0.0110029990000000
369 -0.0114631990000000
370 -0.0122716990000000
371 -0.0112970990000000
372 -0.0093518990000000
373 -0.0112960990000000
374 -0.0149046990000000
375 -0.0161665990000000
376 -0.0155704990000000
377 -0.0146773990000000
378 -0.0159180990000000
379 -0.0161470990000000
380 -0.0205631990000000
381 -0.0166339990000000
382 -0.0169153990000000
383 -0.0168746990000000
384 -0.0143812990000000
385 -0.0144765990000000
386 -0.0116045990000000
387 -0.0111171990000000
388 -0.0095990990000000
389 -0.0089549990000000
390 -0.0100552990000000
391 -0.0099965990000000
392 -0.0110489990000000
393 -0.0118243990000000
394 -0.0133052990000000
395 -0.0116489990000000
396 -0.0104290990000000
397 -0.0133405990000000
398 -0.0155217990000000
399 -0.0156344990000000
400 -0.0117043990000000
401 -0.0057492990000000
402 -0.0094118990000000
403 -0.0099757990000000
404 -0.0107872990000000
405 -0.0111841990000000
406 -0.0081661990000000
407 -0.0094887990000000
408 -0.0134984990000000
409 -0.0119776990000000
410 -0.0164302990000000
411 -0.0145909990000000
412 -0.0168004990000000
413 -0.0170581990000000
414 -0.0158961990000000
415 -0.0169092990000000
416 -0.0156951990000000
417 -0.0163803990000000
418 -0.0155760990000000
419 -0.0146893990000000
420 -0.0139231990000000
421 -0.0102760990000000
422 -0.0168034990000000
423 -0.0168291990000000
424 -0.0145794990000000
425 -0.0175620990000000
426 -0.0131281990000000
427 -0.0153007990000000
428 -0.0132630990000000
429 -0.0125568990000000
430 -0.0138402990000000
431 -0.0185077990000000
432 -0.0184868990000000
433 -0.0178327990000000
434 -0.0169355990000000
435 -0.0152674990000000
436 -0.0142869990000000
437 -0.0170212990000000
438 -0.0147746990000000
439 -0.0178607990000000
440 -0.0168682990000000
441 -0.0163574990000000
442 -0.0186983990000000
443 -0.0190676990000000
444 -0.0194169990000000
445 -0.0199575990000000
446 -0.0180830990000000
447 -0.0196437990000000
448 -0.0194111990000000
449 -0.0196195990000000
450 -0.0201211990000000
451 -0.0212594990000000
452 -0.0207342990000000
453 -0.0196584990000000
454 -0.0216935990000000
455 -0.0216457990000000
456 -0.0209357990000000
457 -0.0225770990000000
458 -0.0192772990000000
459 -0.0167827990000000
460 -0.0143807990000000
461 -0.0134922990000000
462 -0.0132277990000000
463 -0.0096209990000000
464 -0.0078560990000000
465 -0.0081012990000000
466 -0.0087006990000000
467 -0.0061977990000000
468 -0.0055659990000000
469 -0.0039032990000000
470 -0.0067544990000000
471 -0.0070960990000000
472 -0.0065953990000000
473 -0.0069029990000000
474 -0.0070893990000000
475 -0.0084213990000000
476 -0.0088719990000000
477 -0.0094545990000000
478 -0.0119208990000000
479 -0.0143905990000000
480 -0.0143389990000000
481 -0.0159824990000000
482 -0.0132589990000000
483 -0.0171428990000000
484 -0.0188616990000000
485 -0.0185505990000000
486 -0.0188408990000000
487 -0.0207567990000000
488 -0.0203631990000000
489 -0.0207190990000000
490 -0.0192735990000000
491 -0.0205061990000000
492 -0.0192070990000000
493 -0.0189967990000000
494 -0.0202514990000000
495 -0.0206358990000000
496 -0.0205327990000000
497 -0.0190066990000000
498 -0.0168641990000000
499 -0.0168657990000000
500 -0.0161112990000000
501 -0.0164686990000000
502 -0.0173847990000000
503 -0.0186388990000000
504 -0.0167620990000000
505 -0.0163478990000000
506 -0.0160633990000000
507 -0.0168422990000000
508 -0.0167984990000000
509 -0.0187636990000000
510 -0.0202095990000000
511 -0.0199430990000000
512 -0.0185149990000000
513 -0.0181279990000000
514 -0.0176379990000000
515 -0.0161919990000000
516 -0.0183609990000000
517 -0.0197055990000000
518 -0.0198226990000000
519 -0.0197398990000000
520 -0.0175000990000000
521 -0.0186229990000000
522 -0.0181671990000000
523 -0.0176191990000000
524 -0.0177877990000000
525 -0.0159415990000000
526 -0.0185831990000000
527 -0.0159186990000000
528 -0.0165647990000000
529 -0.0186334990000000
530 -0.0198563990000000
531 -0.0209729990000000
532 -0.0210566990000000
533 -0.0210408990000000
534 -0.0192797990000000
535 -0.0209460990000000
536 -0.0215675990000000
537 -0.0201681990000000
538 -0.0181779990000000
539 -0.0190454990000000
540 -0.0197316990000000
541 -0.0196228990000000
542 -0.0179619990000000
543 -0.0183080990000000
544 -0.0179092990000000
545 -0.0180848990000000
546 -0.0164578990000000
547 -0.0162058990000000
548 -0.0147580990000000
549 -0.0153646990000000
550 -0.0188814990000000
551 -0.0175685990000000
552 -0.0153370990000000
553 -0.0148928990000000
554 -0.0152714990000000
555 -0.0155419990000000
556 -0.0154085990000000
557 -0.0138689990000000
558 -0.0136211990000000
559 -0.0154426990000000
560 -0.0146923990000000
561 -0.0098159990000000
562 -0.0100979990000000
563 -0.0085969990000000
564 -0.0098435990000000
565 -0.0110812990000000
566 -0.0127864990000000
567 -0.0129805990000000
568 -0.0109851990000000
569 -0.0133240990000000
570 -0.0131477990000000
571 -0.0138326990000000
572 -0.0126248990000000
573 -0.0116033990000000
574 -0.0111010990000000
575 -0.0131133990000000
576 -0.0165273990000000
577 -0.0155875990000000
578 -0.0175707990000000
579 -0.0166145990000000
580 -0.0149182990000000
581 -0.0145399990000000
582 -0.0140384990000000
583 -0.0143147990000000
584 -0.0160057990000000
585 -0.0153446990000000
586 -0.0135368990000000
587 -0.0112419990000000
588 -0.0120485990000000
589 -0.0129921990000000
590 -0.0138751990000000
591 -0.0108351990000000
592 -0.0116484990000000
593 -0.0111324990000000
594 -0.0136367990000000
595 -0.0142167990000000
596 -0.0126971990000000
597 -0.0110754990000000
598 -0.0134373990000000
599 -0.0100997990000000
600 -0.0108096990000000
1 0.3205549010000000
2 0.1335171010000000
3 0.0924498010000000
4 0.0646732010000000
5 0.0460743010000000
6 0.0316422010000000
7 0.0274983010000000
8 0.0127575010000000
9 0.0094857010000000
10 0.0078853010000000
11 0.0006212010000000
12 -0.0017559990000000
13 -0.0040328990000000
14 -0.0103788990000000
15 -0.0159551990000000
16 -0.0138942990000000
17 -0.0149000990000000
18 -0.0137041990000000
19 -0.0132107990000000
20 -0.0096921990000000
21 -0.0111757990000000
22 -0.0147264990000000
23 -0.0149800990000000
24 -0.0130011990000000
25 -0.0134749990000000
26 -0.0128872990000000
27 -0.0130699990000000
28 -0.0128196990000000
29 -0.0119171990000000
30 -0.0115280990000000
31 -0.0104676990000000
32 -0.0095888990000000
33 -0.0102953990000000
34 -0.0094561990000000
35 -0.0091991990000000
36 -0.0093573990000000
37 -0.0080298990000000
38 -0.0067958990000000
39 -0.0051091990000000
40 -0.0062829990000000
41 -0.0084174990000000
42 -0.0117513990000000
43 -0.0104781990000000
44 -0.0133119990000000
45 -0.0131965990000000
46 -0.0133782990000000
47 -0.0128833990000000
48 -0.0112984990000000
49 -0.0090961990000000
50 -0.0062592990000000
51 -0.0099926990000000
52 -0.0068605990000000
53 -0.0099529990000000
54 -0.0092014990000000
55 -0.0097565990000000
56 -0.0065233990000000
57 -0.0095177990000000
58 -0.0109485990000000
59 -0.0116743990000000
60 -0.0114270990000000
61 -0.0134723990000000
62 -0.0136925990000000
63 -0.0128638990000000
64 -0.0112285990000000
65 -0.0161850990000000
66 -0.0177059990000000
67 -0.0175596990000000
68 -0.0202394990000000
69 -0.0214912990000000
70 -0.0214638990000000
71 -0.0187679990000000
72 -0.0197724990000000
73 -0.0204366990000000
74 -0.0192712990000000
75 -0.0190613990000000
76 -0.0181240990000000
77 -0.0167533990000000
78 -0.0158087990000000
79 -0.0136843990000000
80 -0.0120822990000000
81 -0.0121758990000000
82 -0.0107346990000000
83 -0.0142035990000000
84 -0.0141889990000000
85 -0.0142128990000000
86 -0.0132811990000000
87 -0.0156457990000000
88 -0.0165013990000000
89 -0.0170675990000000
90 -0.0168848990000000
91 -0.0161998990000000
92 -0.0156885990000000
93 -0.0173904990000000
94 -0.0169959990000000
95 -0.0172114990000000
96 -0.0186837990000000
97 -0.0169066990000000
98 -0.0170665990000000
99 -0.0176987990000000
100 -0.0128400990000000
101 -0.0128578990000000
102 -0.0102230990000000
103 -0.0135175990000000
104 -0.0107472990000000
105 -0.0123838990000000
106 -0.0142107990000000
107 -0.0144539990000000
108 -0.0112390990000000
109 -0.0116995990000000
110 -0.0124551990000000
111 -0.0109652990000000
112 -0.0102304990000000
113 -0.0149021990000000
114 -0.0125060990000000
115 -0.0124528990000000
116 -0.0134362990000000
117 -0.0097888990000000
118 -0.0128564990000000
119 -0.0078495990000000
120 -0.0081566990000000
121 -0.0073469990000000
122 -0.0067819990000000
123 -0.0104275990000000
124 -0.0127497990000000
125 -0.0071506990000000
126 -0.0089609990000000
127 -0.0122647990000000
128 -0.0135137990000000
129 -0.0141246990000000
130 -0.0150494990000000
131 -0.0142221990000000
132 -0.0142158990000000
133 -0.0139632990000000
134 -0.0152737990000000
135 -0.0158983990000000
136 -0.0163864990000000
137 -0.0175922990000000
138 -0.0168289990000000
139 -0.0166187990000000
140 -0.0192149990000000
141 -0.0199931990000000
142 -0.0188886990000000
143 -0.0163297990000000
144 -0.0133821990000000
145 -0.0136467990000000
146 -0.0141615990000000
147 -0.0124864990000000
148 -0.0094886990000000
149 -0.0110175990000000
150 -0.0087645990000000
151 -0.0100694990000000
152 -0.0098813990000000
153 -0.0089197990000000
154 -0.0086072990000000
155 -0.0109133990000000
156 -0.0140948990000000
157 -0.0133476990000000
158 -0.0139441990000000
159 -0.0115362990000000
160 -0.0123708990000000
161 -0.0134174990000000
162 -0.0130511990000000
163 -0.0124275990000000
164 -0.0113875990000000
165 -0.0108606990000000
166 -0.0135553990000000
167 -0.0116683990000000
168 -0.0121928990000000
169 -0.0145514990000000
170 -0.0167863990000000
171 -0.0147311990000000
172 -0.0147997990000000
173 -0.0157775990000000
174 -0.0138583990000000
175 -0.0137816990000000
176 -0.0140424990000000
177 -0.0150650990000000
178 -0.0128354990000000
179 -0.0152323990000000
180 -0.0161118990000000
181 -0.0175868990000000
182 -0.0178964990000000
183 -0.0169577990000000
184 -0.0154672990000000
185 -0.0138921990000000
186 -0.0141882990000000
187 -0.0153224990000000
188 -0.0144133990000000
189 -0.0159244990000000
190 -0.0166424990000000
191 -0.0162345990000000
192 -0.0186286990000000
193 -0.0196743990000000
194 -0.0179183990000000
195 -0.0181829990000000
196 -0.0173236990000000
197 -0.0155014990000000
198 -0.0139047990000000
199 -0.0148621990000000
200 -0.0109740990000000
201 -0.0115158990000000
202 -0.0124448990000000
203 -0.0117810990000000
204 -0.0114063990000000
205 -0.0099709990000000
206 -0.0050870990000000
207 -0.0078786990000000
208 -0.0091811990000000
209 -0.0093629990000000
210 -0.0075572990000000
211 -0.0076035990000000
212 -0.0077547990000000
213 -0.0113190990000000
214 -0.0150431990000000
215 -0.0142034990000000
216 -0.0148383990000000
217 -0.0163632990000000
218 -0.0150773990000000
219 -0.0148806990000000
220 -0.0153555990000000
221 -0.0134520990000000
222 -0.0151804990000000
223 -0.0135251990000000
224 -0.0142734990000000
225 -0.0137203990000000
226 -0.0131537990000000
227 -0.0124963990000000
228 -0.0145441990000000
229 -0.0135357990000000
230 -0.0097124990000000
231 -0.0087121990000000
232 -0.0113747990000000
233 -0.0137571990000000
234 -0.0125065990000000
235 -0.0130283990000000
236 -0.0131853990000000
237 -0.0122934990000000
238 -0.0121245990000000
239 -0.0094969990000000
240 -0.0111512990000000
241 -0.0126903990000000
242 -0.0141490990000000
243 -0.0128004990000000
244 -0.0154251990000000
245 -0.0151058990000000
246 -0.0159024990000000
247 -0.0157364990000000
248 -0.0149929990000000
249 -0.0143785990000000
250 -0.0135873990000000
251 -0.0117243990000000
252 -0.0119231990000000
253 -0.0131172990000000
254 -0.0150904990000000
255 -0.0130047990000000
256 -0.0168809990000000
257 -0.0132892990000000
258 -0.0139152990000000
259 -0.0162563990000000
260 -0.0139595990000000
261 -0.0133435990000000
262 -0.0153573990000000
263 -0.0147123990000000
264 -0.0138240990000000
265 -0.0139529990000000
266 -0.0138701990000000
267 -0.0125194990000000
268 -0.0103650990000000
269 -0.0131497990000000
270 -0.0109642990000000
271 -0.0132951990000000
272 -0.0116641990000000
273 -0.0109838990000000
274 -0.0134650990000000
275 -0.0123938990000000
276 -0.0149430990000000
277 -0.0135359990000000
278 -0.0126295990000000
279 -0.0158863990000000
280 -0.0153279990000000
281 -0.0183609990000000
282 -0.0170465990000000
283 -0.0183596990000000
284 -0.0201808990000000
285 -0.0175537990000000
286 -0.0141387990000000
287 -0.0139403990000000
288 -0.0136705990000000
289 -0.0146924990000000
290 -0.0148521990000000
291 -0.0141693990000000
292 -0.0144617990000000
293 -0.0141750990000000
294 -0.0125573990000000
295 -0.0111973990000000
296 -0.0099814990000000
297 -0.0098745990000000
298 -0.0114581990000000
299 -0.0123090990000000
300 -0.0112402990000000
301 -0.0100197990000000
302 -0.0130674990000000
303 -0.0135136990000000
304 -0.0151041990000000
305 -0.0154238990000000
306 -0.0170669990000000
307 -0.0182151990000000
308 -0.0185618990000000
309 -0.0180197990000000
310 -0.0150454990000000
311 -0.0128109990000000
312 -0.0118685990000000
313 -0.0141717990000000
314 -0.0160073990000000
315 -0.0120629990000000
316 -0.0111773990000000
317 -0.0129454990000000
318 -0.0135519990000000
319 -0.0140355990000000
320 -0.0130324990000000
321 -0.0107871990000000
322 -0.0125791990000000
323 -0.0127144990000000
324 -0.0096449990000000
325 -0.0085465990000000
326 -0.0095962990000000
327 -0.0106183990000000
328 -0.0100003990000000
329 -0.0123023990000000
330 -0.0109157990000000
331 -0.0138911990000000
332 -0.0135010990000000
333 -0.0101944990000000
334 -0.0103513990000000
335 -0.0139567990000000
336 -0.0143816990000000
337 -0.0126050990000000
338 -0.0161947990000000
339 -0.0141567990000000
340 -0.0149525990000000
341 -0.0156980990000000
342 -0.0156745990000000
343 -0.0132240990000000
344 -0.0133766990000000
345 -0.0159812990000000
346 -0.0118146990000000
347 -0.0124867990000000
348 -0.0141805990000000
349 -0.0087994990000000
350 -0.0112895990000000
351 -0.0108848990000000
352 -0.0097197990000000
353 -0.0110678990000000
354 -0.0080382990000000
355 -0.0078856990000000
356 -0.0068079990000000
357 -0.0089781990000000
358 -0.0099686990000000
359 -0.0129571990000000
360 -0.0123230990000000
361 -0.0120940990000000
362 -0.0121625990000000
363 -0.0111389990000000
364 -0.0147180990000000
365 -0.0182124990000000
366 -0.0146999990000000
367 -0.0157505990000000
368 -0.0136319990000000
369 -0.0120871990000000
370 -0.0122500990000000
371 -0.0082639990000000
372 -0.0083986990000000
373 -0.0101928990000000
374 -0.0115025990000000
375 -0.0110714990000000
376 -0.0107405990000000
377 -0.0101802990000000
378 -0.0134038990000000
379 -0.0109644990000000
380 -0.0083504990000000
381 -0.0082540990000000
382 -0.0105037990000000
383 -0.0103398990000000
384 -0.0088379990000000
385 -0.0081581990000000
386 -0.0048844990000000
387 -0.0042151990000000
388 -0.0046885990000000
389 -0.0042411990000000
390 -0.0075624990000000
391 -0.0087016990000000
392 -0.0112050990000000
393 -0.0133579990000000
394 -0.0143158990000000
395 -0.0127004990000000
396 -0.0152044990000000
397 -0.0157576990000000
398 -0.0141498990000000
399 -0.0168910990000000
400 -0.0140121990000000
401 -0.0110270990000000
402 -0.0119026990000000
403 -0.0104492990000000
404 -0.0119452990000000
405 -0.0132247990000000
406 -0.0113427990000000
407 -0.0120623990000000
408 -0.0134181990000000
409 -0.0161234990000000
410 -0.0158728990000000
411 -0.0170270990000000
412 -0.0156309990000000
413 -0.0166762990000000
414 -0.0144803990000000
415 -0.0124293990000000
416 -0.0125998990000000
417 -0.0129693990000000
418 -0.0119076990000000
419 -0.0116103990000000
420 -0.0107831990000000
421 -0.0127188990000000
422 -0.0093594990000000
423 -0.0053892990000000
424 -0.0078885990000000
425 -0.0128923990000000
426 -0.0130151990000000
427 -0.0127566990000000
428 -0.0148836990000000
429 -0.0166294990000000
430 -0.0171762990000000
431 -0.0204302990000000
432 -0.0189573990000000
433 -0.0202531990000000
434 -0.0198532990000000
435 -0.0192296990000000
436 -0.0173910990000000
437 -0.0181619990000000
438 -0.0172155990000000
439 -0.0177679990000000
440 -0.0171748990000000
441 -0.0163141990000000
442 -0.0162870990000000
443 -0.0171652990000000
444 -0.0175624990000000
445 -0.0180769990000000
446 -0.0167001990000000
447 -0.0164767990000000
448 -0.0158657990000000
449 -0.0156968990000000
450 -0.0181316990000000
451 -0.0160067990000000
452 -0.0156503990000000
453 -0.0143298990000000
454 -0.0146380990000000
455 -0.0153614990000000
456 -0.0141540990000000
457 -0.0138506990000000
458 -0.0162728990000000
459 -0.0144349990000000
460 -0.0138436990000000
461 -0.0139669990000000
462 -0.0137142990000000
463 -0.0106265990000000
464 -0.0084953990000000
465 -0.0052590990000000
466 -0.0060151990000000
467 -0.0081190990000000
468 -0.0098275990000000
469 -0.0106718990000000
470 -0.0131547990000000
471 -0.0105058990000000
472 -0.0108196990000000
473 -0.0103770990000000
474 -0.0103577990000000
475 -0.0127498990000000
476 -0.0144942990000000
477 -0.0154778990000000
478 -0.0166711990000000
479 -0.0175265990000000
480 -0.0205410990000000
481 -0.0187692990000000
482 -0.0181232990000000
483 -0.0159789990000000
484 -0.0163180990000000
485 -0.0131819990000000
486 -0.0132077990000000
487 -0.0161464990000000
488 -0.0146377990000000
489 -0.0142499990000000
490 -0.0138737990000000
491 -0.0119095990000000
492 -0.0104344990000000
493 -0.0111438990000000
494 -0.0128745990000000
495 -0.0127470990000000
496 -0.0138450990000000
497 -0.0141276990000000
498 -0.0135381990000000
499 -0.0124810990000000
500 -0.0122794990000000
501 -0.0126848990000000
502 -0.0160436990000000
503 -0.0143938990000000
504 -0.0167995990000000
505 -0.0131447990000000
506 -0.0141103990000000
507 -0.0142164990000000
508 -0.0146541990000000
509 -0.0159979990000000
510 -0.0164096990000000
511 -0.0134164990000000
512 -0.0134487990000000
513 -0.0134088990000000
514 -0.0144894990000000
515 -0.0162736990000000
516 -0.0166543990000000
517 -0.0139484990000000
518 -0.0138531990000000
519 -0.0144648990000000
520 -0.0128275990000000
521 -0.0130985990000000
522 -0.0094343990000000
523 -0.0085548990000000
524 -0.0115613990000000
525 -0.0117921990000000
526 -0.0106028990000000
527 -0.0122164990000000
528 -0.0110542990000000
529 -0.0110228990000000
530 -0.0130482990000000
531 -0.0141737990000000
532 -0.0124627990000000
533 -0.0143081990000000
534 -0.0155162990000000
535 -0.0138310990000000
536 -0.0138979990000000
537 -0.0135505990000000
538 -0.0148257990000000
539 -0.0141569990000000
540 -0.0128290990000000
541 -0.0133789990000000
542 -0.0121567990000000
543 -0.0116227990000000
544 -0.0096525990000000
545 -0.0092229990000000
546 -0.0109822990000000
547 -0.0108247990000000
548 -0.0136792990000000
549 -0.0134807990000000
550 -0.0115947990000000
551 -0.0110729990000000
552 -0.0145379990000000
553 -0.0151100990000000
554 -0.0141737990000000
555 -0.0146452990000000
556 -0.0154277990000000
557 -0.0137842990000000
558 -0.0122607990000000
559 -0.0137272990000000
560 -0.0112295990000000
561 -0.0124274990000000
562 -0.0138068990000000
563 -0.0128687990000000
564 -0.0125999990000000
565 -0.0112873990000000
566 -0.0125322990000000
567 -0.0110270990000000
568 -0.0099246990000000
569 -0.0148034990000000
570 -0.0138521990000000
571 -0.0144845990000000
572 -0.0144229990000000
573 -0.0132072990000000
574 -0.0128777990000000
575 -0.0126971990000000
576 -0.0133639990000000
577 -0.0133663990000000
578 -0.0133540990000000
579 -0.0140228990000000
580 -0.0114345990000000
581 -0.0128538990000000
582 -0.0121243990000000
583 -0.0135141990000000
584 -0.0131092990000000
585 -0.0114927990000000
586 -0.0106269990000000
587 -0.0139384990000000
588 -0.0136910990000000
589 -0.0152319990000000
590 -0.0169579990000000
591 -0.0143857990000000
592 -0.0160227990000000
593 -0.0167997990000000
594 -0.0141121990000000
595 -0.0187605990000000
596 -0.0190761990000000
597 -0.0186118990000000
598 -0.0184749990000000
599 -0.0195161990000000
600 -0.0198173990000000
1 0.3249396010000000
2 0.1338065010000000
3 0.1004472010000000
4 0.0734848010000000
5 0.0449702010000000
6 0.0370528010000000
7 0.0312231010000000
8 0.0212964010000000
9 0.0143185010000000
10 0.0024728010000000
11 -0.0027432990000000
12 -0.0047854990000000
13 -0.0099082990000000
14 -0.0123669990000000
15 -0.0115683990000000
16 -0.0142358990000000
17 -0.0168057990000000
18 -0.0176889990000000
19 -0.0158509990000000
20 -0.0169799990000000
21 -0.0166443990000000
22 -0.0176788990000000
23 -0.0179066990000000
24 -0.0197746990000000
25 -0.0188587990000000
26 -0.0188319990000000
27 -0.0196362990000000
28 -0.0199139990000000
29 -0.0206704990000000
30 -0.0207524990000000
31 -0.0188146990000000
32 -0.0183676990000000
33 -0.0199923990000000
34 -0.0200352990000000
35 -0.0163426990000000
36 -0.0161883990000000
37 -0.0170016990000000
38 -0.0195355990000000
39 -0.0206033990000000
40 -0.0181381990000000
41 -0.0141408990000000
42 -0.0147674990000000
43 -0.0154737990000000
44 -0.0144439990000000
45 -0.0137582990000000
46 -0.0141821990000000
47 -0.0156201990000000
48 -0.0147831990000000
49 -0.0152514990000000
50 -0.0158070990000000
51 -0.0148552990000000
52 -0.0157718990000000
53 -0.0138716990000000
54 -0.0146614990000000
55 -0.0124327990000000
56 -0.0138526990000000
57 -0.0140742990000000
58 -0.0160890990000000
59 -0.0137670990000000
60 -0.0129289990000000
61 -0.0103650990000000
62 -0.0091497990000000
63 -0.0121183990000000
64 -0.0121818990000000
65 -0.0128704990000000
66 -0.0135446990000000
67 -0.0104927990000000
68 -0.0093116990000000
69 -0.0089839990000000
70 -0.0114008990000000
71 -0.0153363990000000
72 -0.0141115990000000
73 -0.0143632990000000
74 -0.0144472990000000
75 -0.0154414990000000
76 -0.0174078990000000
77 -0.0185218990000000
78 -0.0160112990000000
79 -0.0153759990000000
80 -0.0165382990000000
81 -0.0178075990000000
82 -0.0177310990000000
83 -0.0165543990000000
84 -0.0159192990000000
85 -0.0199936990000000
86 -0.0184854990000000
87 -0.0180385990000000
88 -0.0165643990000000
89 -0.0140092990000000
90 -0.0152557990000000
91 -0.0166080990000000
92 -0.0180896990000000
93 -0.0182024990000000
94 -0.0171755990000000
95 -0.0149975990000000
96 -0.0153208990000000
97 -0.0156218990000000
98 -0.0108774990000000
99 -0.0106195990000000
100 -0.0111797990000000
101 -0.0129956990000000
102 -0.0144153990000000
103 -0.0152096990000000
104 -0.0173254990000000
105 -0.0158058990000000
106 -0.0113389990000000
107 -0.0146195990000000
108 -0.0117830990000000
109 -0.0146259990000000
110 -0.0135652990000000
111 -0.0146059990000000
112 -0.0152362990000000
113 -0.0145820990000000
114 -0.0131351990000000
115 -0.0111786990000000
116 -0.0107843990000000
117 -0.0120852990000000
118 -0.0107889990000000
119 -0.0109891990000000
120 -0.0109348990000000
121 -0.0090068990000000
122 -0.0106842990000000
123 -0.0117896990000000
124 -0.0094000990000000
125 -0.0089579990000000
126 -0.0084492990000000
127 -0.0091905990000000
128 -0.0099346990000000
129 -0.0092925990000000
130 -0.0101993990000000
131 -0.0135966990000000
132 -0.0096703990000000
133 -0.0089459990000000
134 -0.0093447990000000
135 -0.0047507990000000
136 -0.0054210990000000
137 -0.0075746990000000
138 -0.0089429990000000
139 -0.0084275990000000
140 -0.0096897990000000
141 -0.0112185990000000
142 -0.0116322990000000
143 -0.0101261990000000
144 -0.0103476990000000
145 -0.0111082990000000
146 -0.0120187990000000
147 -0.0123326990000000
148 -0.0144836990000000
149 -0.0150797990000000
150 -0.0158374990000000
151 -0.0144508990000000
152 -0.0172862990000000
153 -0.0173383990000000
154 -0.0188466990000000
155 -0.0173281990000000
156 -0.0185289990000000
157 -0.0164915990000000
158 -0.0155285990000000
159 -0.0159261990000000
160 -0.0142462990000000
161 -0.0160590990000000
162 -0.0167771990000000
163 -0.0184089990000000
164 -0.0187622990000000
165 -0.0202704990000000
166 -0.0207706990000000
167 -0.0194571990000000
168 -0.0173199990000000
169 -0.0167608990000000
170 -0.0143977990000000
171 -0.0154979990000000
172 -0.0142324990000000
173 -0.0157496990000000
174 -0.0125919990000000
175 -0.0106693990000000
176 -0.0081610990000000
177 -0.0098965990000000
178 -0.0110952990000000
179 -0.0108780990000000
180 -0.0127515990000000
181 -0.0116901990000000
182 -0.0149841990000000
183 -0.0143297990000000
184 -0.0152927990000000
185 -0.0161041990000000
186 -0.0180225990000000
187 -0.0178921990000000
188 -0.0181485990000000
189 -0.0200184990000000
190 -0.0172383990000000
191 -0.0166262990000000
192 -0.0146330990000000
193 -0.0136112990000000
194 -0.0165152990000000
195 -0.0180072990000000
196 -0.0204564990000000
197 -0.0204463990000000
198 -0.0195463990000000
199 -0.0177126990000000
200 -0.0186398990000000
201 -0.0164148990000000
202 -0.0163567990000000
203 -0.0154695990000000
204 -0.0126667990000000
205 -0.0116768990000000
206 -0.0142173990000000
207 -0.0142066990000000
208 -0.0152246990000000
209 -0.0147498990000000
210 -0.0161229990000000
211 -0.0139801990000000
212 -0.0127277990000000
213 -0.0131816990000000
214 -0.0138838990000000
215 -0.0111572990000000
216 -0.0125958990000000
217 -0.0131988990000000
218 -0.0155145990000000
219 -0.0146284990000000
220 -0.0135536990000000
221 -0.0140320990000000
222 -0.0138631990000000
223 -0.0125807990000000
224 -0.0134559990000000
225 -0.0116798990000000
226 -0.0130067990000000
227 -0.0123031990000000
228 -0.0121299990000000
229 -0.0106955990000000
230 -0.0094802990000000
231 -0.0063913990000000
232 -0.0085586990000000
233 -0.0098265990000000
234 -0.0061851990000000
235 -0.0035439990000000
236 -0.0036572990000000
237 -0.0085508990000000
238 -0.0099646990000000
239 -0.0123661990000000
240 -0.0140833990000000
241 -0.0147035990000000
242 -0.0132165990000000
243 -0.0156138990000000
244 -0.0150291990000000
245 -0.0158396990000000
246 -0.0125272990000000
247 -0.0108647990000000
248 -0.0078059990000000
249 -0.0078430990000000
250 -0.0075177990000000
251 -0.0081507990000000
252 -0.0118515990000000
253 -0.0113075990000000
254 -0.0107442990000000
255 -0.0113603990000000
256 -0.0120449990000000
257 -0.0120797990000000
258 -0.0134065990000000
259 -0.0139729990000000
260 -0.0147298990000000
261 -0.0125796990000000
262 -0.0104381990000000
263 -0.0085219990000000
264 -0.0123556990000000
265 -0.0097988990000000
266 -0.0086769990000000
267 -0.0106784990000000
268 -0.0106946990000000
269 -0.0154487990000000
270 -0.0153838990000000
271 -0.0145330990000000
272 -0.0132035990000000
273 -0.0175880990000000
274 -0.0142297990000000
275 -0.0141489990000000
276 -0.0156711990000000
277 -0.0150010990000000
278 -0.0149792990000000
279 -0.0134479990000000
280 -0.0108499990000000
281 -0.0097686990000000
282 -0.0081239990000000
283 -0.0070813990000000
284 -0.0097086990000000
285 -0.0084865990000000
286 -0.0079119990000000
287 -0.0128008990000000
288 -0.0149139990000000
289 -0.0167951990000000
290 -0.0195862990000000
291 -0.0195784990000000
292 -0.0187611990000000
293 -0.0193031990000000
294 -0.0167467990000000
295 -0.0151153990000000
296 -0.0137437990000000
297 -0.0119483990000000
298 -0.0113167990000000
299 -0.0135462990000000
300 -0.0143626990000000
301 -0.0150592990000000
302 -0.0117568990000000
303 -0.0112358990000000
304 -0.0130488990000000
305 -0.0122426990000000
306 -0.0122759990000000
307 -0.0106349990000000
308 -0.0116028990000000
309 -0.0104719990000000
310 -0.0095952990000000
311 -0.0106013990000000
312 -0.0093923990000000
313 -0.0105846990000000
314 -0.0115920990000000
315 -0.0128835990000000
316 -0.0128577990000000
317 -0.0127119990000000
318 -0.0124910990000000
319 -0.0134997990000000
320 -0.0128419990000000
321 -0.0114424990000000
322 -0.0138190990000000
323 -0.0103270990000000
324 -0.0134984990000000
325 -0.0146644990000000
326 -0.0137832990000000
327 -0.0142832990000000
328 -0.0159097990000000
329 -0.0137429990000000
330 -0.0146453990000000
331 -0.0127852990000000
332 -0.0145707990000000
333 -0.0139490990000000
334 -0.0128314990000000
335 -0.0132174990000000
336 -0.0133826990000000
337 -0.0140475990000000
338 -0.0115607990000000
339 -0.0137051990000000
340 -0.0145051990000000
341 -0.0159939990000000
342 -0.0156895990000000
343 -0.0139613990000000
344 -0.0157515990000000
345 -0.0140718990000000
346 -0.0134491990000000
347 -0.0117135990000000
348 -0.0113940990000000
349 -0.0091997990000000
350 -0.0103382990000000
351 -0.0137004990000000
352 -0.0135345990000000
353 -0.0113716990000000
354 -0.0124308990000000
355 -0.0141566990000000
356 -0.0132342990000000
357 -0.0165052990000000
358 -0.0125670990000000
359 -0.0127056990000000
360 -0.0140124990000000
361 -0.0135860990000000
362 -0.0146253990000000
363 -0.0155958990000000
364 -0.0122319990000000
365 -0.0111082990000000
366 -0.0130436990000000
367 -0.0131655990000000
368 -0.0127693990000000
369 -0.0116579990000000
370 -0.0081874990000000
371 -0.0133975990000000
372 -0.0101479990000000
373 -0.0123596990000000
374 -0.0138181990000000
375 -0.0155592990000000
376 -0.0165624990000000
377 -0.0162566990000000
378 -0.0170310990000000
379 -0.0184534990000000
380 -0.0168258990000000
381 -0.0177090990000000
382 -0.0174564990000000
383 -0.0161180990000000
384 -0.0137405990000000
385 -0.0135623990000000
386 -0.0127171990000000
387 -0.0114879990000000
388 -0.0083266990000000
389 -0.0101606990000000
390 -0.0089185990000000
391 -0.0084492990000000
392 -0.0092168990000000
393 -0.0096300990000000
394 -0.0105625990000000
395 -0.0130942990000000
396 -0.0123911990000000
397 -0.0118777990000000
398 -0.0139218990000000
399 -0.0118992990000000
400 -0.0107204990000000
401 -0.0093091990000000
402 -0.0101785990000000
403 -0.0097578990000000
404 -0.0077665990000000
405 -0.0068773990000000
406 -0.0072058990000000
407 -0.0083764990000000
408 -0.0102638990000000
409 -0.0087234990000000
410 -0.0078294990000000
411 -0.0094884990000000
412 -0.0094096990000000
413 -0.0092121990000000
414 -0.0115448990000000
415 -0.0098618990000000
416 -0.0114047990000000
417 -0.0142778990000000
418 -0.0153124990000000
419 -0.0147817990000000
420 -0.0143582990000000
421 -0.0146932990000000
422 -0.0139292990000000
423 -0.0106865990000000
424 -0.0085874990000000
425 -0.0077562990000000
426 -0.0105690990000000
427 -0.0119110990000000
428 -0.0109570990000000
429 -0.0128144990000000
430 -0.0111985990000000
431 -0.0129444990000000
432 -0.0128785990000000
433 -0.0158162990000000
434 -0.0159286990000000
435 -0.0188256990000000
436 -0.0190578990000000
437 -0.0198949990000000
438 -0.0210877990000000
439 -0.0206106990000000
440 -0.0201052990000000
441 -0.0178076990000000
442 -0.0171253990000000
443 -0.0153452990000000
444 -0.0166087990000000
445 -0.0155581990000000
446 -0.0172364990000000
447 -0.0171537990000000
448 -0.0170243990000000
449 -0.0148877990000000
450 -0.0155873990000000
451 -0.0182450990000000
452 -0.0158804990000000
453 -0.0178879990000000
454 -0.0183708990000000
455 -0.0187171990000000
456 -0.0186213990000000
457 -0.0157409990000000
458 -0.0146328990000000
459 -0.0155127990000000
460 -0.0153839990000000
461 -0.0146777990000000
462 -0.0159545990000000
463 -0.0144683990000000
464 -0.0150484990000000
465 -0.0166275990000000
466 -0.0161937990000000
467 -0.0171769990000000
468 -0.0163123990000000
469 -0.0141278990000000
470 -0.0132179990000000
471 -0.0155811990000000
472 -0.0149887990000000
473 -0.0146355990000000
474 -0.0158403990000000
475 -0.0150215990000000
476 -0.0167029990000000
477 -0.0173170990000000
478 -0.0174236990000000
479 -0.0194540990000000
480 -0.0164493990000000
481 -0.0181927990000000
482 -0.0185878990000000
483 -0.0183229990000000
484 -0.0138699990000000
485 -0.0125566990000000
486 -0.0149534990000000
487 -0.0131792990000000
488 -0.0110824990000000
489 -0.0107135990000000
490 -0.0114599990000000
491 -0.0092485990000000
492 -0.0089424990000000
493 -0.0131821990000000
494 -0.0113001990000000
495 -0.0138113990000000
496 -0.0139987990000000
497 -0.0121298990000000
498 -0.0124269990000000
499 -0.0128332990000000
500 -0.0111519990000000
501 -0.0099797990000000
502 -0.0090272990000000
503 -0.0093076990000000
504 -0.0112569990000000
505 -0.0120456990000000
506 -0.0122645990000000
507 -0.0131031990000000
508 -0.0124654990000000
509 -0.0105680990000000
510 -0.0106730990000000
511 -0.0093470990000000
512 -0.0101550990000000
513 -0.0116337990000000
514 -0.0110893990000000
515 -0.0100003990000000
516 -0.0101212990000000
517 -0.0106898990000000
518 -0.0123235990000000
519 -0.0115074990000000
520 -0.0102829990000000
521 -0.0069437990000000
522 -0.0071424990000000
523 -0.0065036990000000
524 -0.0039159990000000
525 -0.0061364990000000
526 -0.0043125990000000
527 -0.0075570990000000
528 -0.0107506990000000
529 -0.0092914990000000
530 -0.0099743990000000
531 -0.0104571990000000
532 -0.0143177990000000
533 -0.0142247990000000
534 -0.0126293990000000
535 -0.0142426990000000
536 -0.0163460990000000
537 -0.0147008990000000
538 -0.0147925990000000
539 -0.0138522990000000
540 -0.0124748990000000
541 -0.0113651990000000
542 -0.0105902990000000
543 -0.0115529990000000
544 -0.0117900990000000
545 -0.0158335990000000
546 -0.0145299990000000
547 -0.0137700990000000
548 -0.0168450990000000
549 -0.0158187990000000
550 -0.0160932990000000
551 -0.0153303990000000
552 -0.0188354990000000
553 -0.0157083990000000
554 -0.0168824990000000
555 -0.0179372990000000
556 -0.0189342990000000
557 -0.0202334990000000
558 -0.0167141990000000
559 -0.0152259990000000
560 -0.0146995990000000
561 -0.0152756990000000
562 -0.0151268990000000
563 -0.0151000990000000
564 -0.0137111990000000
565 -0.0131839990000000
566 -0.0154516990000000
567 -0.0160810990000000
568 -0.0156743990000000
569 -0.0147772990000000
570 -0.0153657990000000
571 -0.0176345990000000
572 -0.0195859990000000
573 -0.0200681990000000
574 -0.0181439990000000
575 -0.0159508990000000
576 -0.0141458990000000
577 -0.0154304990000000
578 -0.0153578990000000
579 -0.0127151990000000
580 -0.0124585990000000
581 -0.0133042990000000
582 -0.0114651990000000
583 -0.0112600990000000
584 -0.0098514990000000
585 -0.0107329990000000
586 -0.0116240990000000
587 -0.0145002990000000
588 -0.0127356990000000
589 -0.0150086990000000
590 -0.0143359990000000
591 -0.0135338990000000
592 -0.0167618990000000
593 -0.0170575990000000
594 -0.0157814990000000
595 -0.0123440990000000
596 -0.0119669990000000
597 -0.0123668990000000
598 -0.0124395990000000
599 -0.0128814990000000
600 -0.0145798990000000
1 0.3667592010000000
2 0.1472133010000000
3 0.0944374010000000
4 0.0636516010000000
5 0.0507084010000000
6 0.0402769010000000
7 0.0308316010000000
8 0.0206078010000000
9 0.0157226010000000
10 0.0085792010000000
11 0.0043059010000000
12 0.0003393010000000
13 -0.0002599990000000
14 -0.0066706990000000
15 -0.0094805990000000
16 -0.0127140990000000
17 -0.0121025990000000
18 -0.0107140990000000
19 -0.0129829990000000
20 -0.0077933990000000
21 -0.0085976990000000
22 -0.0124626990000000
23 -0.0111988990000000
24 -0.0134295990000000
25 -0.0137726990000000
26 -0.0139643990000000
27 -0.0146952990000000
28 -0.0125114990000000
29 -0.0134650990000000
30 -0.0147079990000000
31 -0.0151753990000000
32 -0.0146307990000000
33 -0.0155417990000000
34 -0.0157942990000000
35 -0.0140510990000000
36 -0.0164581990000000
37 -0.0162589990000000
38 -0.0169898990000000
39 -0.0135652990000000
40 -0.0139439990000000
41 -0.0118261990000000
42 -0.0104892990000000
43 -0.0101390990000000
44 -0.0124394990000000
45 -0.0097790990000000
46 -0.0083953990000000
47 -0.0114055990000000
48 -0.0107856990000000
49 -0.0120304990000000
50 -0.0099722990000000
51 -0.0085270990000000
52 -0.0125566990000000
53 -0.0128532990000000
54 -0.0112970990000000
55 -0.0115795990000000
56 -0.0122114990000000
57 -0.0143740990000000
58 -0.0135232990000000
59 -0.0164607990000000
60 -0.0173447990000000
61 -0.0163983990000000
62 -0.0140018990000000
63 -0.0144079990000000
64 -0.0138533990000000
65 -0.0175414990000000
66 -0.0172194990000000
67 -0.0153720990000000
68 -0.0167875990000000
69 -0.0188096990000000
70 -0.0195502990000000
71 -0.0158498990000000
72 -0.0164460990000000
73 -0.0166418990000000
74 -0.0195913990000000
75 -0.0168726990000000
76 -0.0151528990000000
77 -0.0160195990000000
78 -0.0147356990000000
79 -0.0152022990000000
80 -0.0130648990000000
81 -0.0124955990000000
82 -0.0105452990000000
83 -0.0111829990000000
84 -0.0109214990000000
85 -0.0113572990000000
86 -0.0120099990000000
87 -0.0121462990000000
88 -0.0128647990000000
89 -0.0142142990000000
90 -0.0153674990000000
91 -0.0160636990000000
92 -0.0124767990000000
93 -0.0132034990000000
94 -0.0173681990000000
95 -0.0170240990000000
96 -0.0151333990000000
97 -0.0152869990000000
98 -0.0132569990000000
99 -0.0105860990000000
100 -0.0120243990000000
101 -0.0097186990000000
102 -0.0095651990000000
103 -0.0084402990000000
104 -0.0108243990000000
105 -0.0118731990000000
106 -0.0102172990000000
107 -0.0115439990000000
108 -0.0114258990000000
109 -0.0125361990000000
110 -0.0159081990000000
111 -0.0156337990000000
112 -0.0163796990000000
113 -0.0175262990000000
114 -0.0181962990000000
115 -0.0181286990000000
116 -0.0153594990000000
117 -0.0165937990000000
118 -0.0153853990000000
119 -0.0162577990000000
120 -0.0173952990000000
121 -0.0164108990000000
122 -0.0159008990000000
123 -0.0135347990000000
124 -0.0148009990000000
125 -0.0134534990000000
126 -0.0130568990000000
127 -0.0142069990000000
128 -0.0150145990000000
129 -0.0127498990000000
130 -0.0133117990000000
131 -0.0126740990000000
132 -0.0165817990000000
133 -0.0178935990000000
134 -0.0159881990000000
135 -0.0133404990000000
136 -0.0185881990000000
137 -0.0166485990000000
138 -0.0187492990000000
139 -0.0152707990000000
140 -0.0154502990000000
141 -0.0185149990000000
142 -0.0204702990000000
143 -0.0209295990000000
144 -0.0189236990000000
145 -0.0177031990000000
146 -0.0184408990000000
147 -0.0182429990000000
148 -0.0204383990000000
149 -0.0166934990000000
150 -0.0167399990000000
151 -0.0148979990000000
152 -0.0153592990000000
153 -0.0152145990000000
154 -0.0145450990000000
155 -0.0168330990000000
156 -0.0125643990000000
157 -0.0157118990000000
158 -0.0130687990000000
159 -0.0142312990000000
160 -0.0137069990000000
161 -0.0118306990000000
162 -0.0116822990000000
163 -0.0132743990000000
164 -0.0125202990000000
165 -0.0135324990000000
166 -0.0149151990000000
167 -0.0136144990000000
168 -0.0142485990000000
169 -0.0102388990000000
170 -0.0126727990000000
171 -0.0162131990000000
172 -0.0173175990000000
173 -0.0163489990000000
174 -0.0132466990000000
175 -0.0112691990000000
176 -0.0120464990000000
177 -0.0139499990000000
178 -0.0146358990000000
179 -0.0140110990000000
180 -0.0134811990000000
181 -0.0123828990000000
182 -0.0137073990000000
183 -0.0132649990000000
184 -0.0106103990000000
185 -0.0110587990000000
186 -0.0096779990000000
187 -0.0131298990000000
188 -0.0130031990000000
189 -0.0125674990000000
190 -0.0119888990000000
191 -0.0133686990000000
192 -0.0134784990000000
193 -0.0123037990000000
194 -0.0159657990000000
195 -0.0126280990000000
196 -0.0143473990000000
197 -0.0120652990000000
198 -0.0123364990000000
199 -0.0147584990000000
200 -0.0183250990000000
201 -0.0155787990000000
202 -0.0190483990000000
203 -0.0197809990000000
204 -0.0187321990000000
205 -0.0187978990000000
206 -0.0183424990000000
207 -0.0176534990000000
208 -0.0173534990000000
209 -0.0154307990000000
210 -0.0120574990000000
211 -0.0106525990000000
212 -0.0073455990000000
213 -0.0070044990000000
214 -0.0045346990000000
215 -0.0060322990000000
216 -0.0024568990000000
217 -0.0047648990000000
218 -0.0068702990000000
219 -0.0085011990000000
220 -0.0097045990000000
221 -0.0109815990000000
222 -0.0108396990000000
223 -0.0121406990000000
224 -0.0126201990000000
225 -0.0109410990000000
226 -0.0114400990000000
227 -0.0124509990000000
228 -0.0112832990000000
229 -0.0129206990000000
230 -0.0087213990000000
231 -0.0076580990000000
232 -0.0089668990000000
233 -0.0086496990000000
234 -0.0084823990000000
235 -0.0098068990000000
236 -0.0129739990000000
237 -0.0120845990000000
238 -0.0142398990000000
239 -0.0155801990000000
240 -0.0182650990000000
241 -0.0198620990000000
242 -0.0208676990000000
243 -0.0189507990000000
244 -0.0175802990000000
245 -0.0175460990000000
246 -0.0148395990000000
247 -0.0144497990000000
248 -0.0103990990000000
249 -0.0105783990000000
250 -0.0134372990000000
251 -0.0108635990000000
252 -0.0131355990000000
253 -0.0134837990000000
254 -0.0148469990000000
255 -0.0132764990000000
256 -0.0143809990000000
257 -0.0127286990000000
258 -0.0140150990000000
259 -0.0157015990000000
260 -0.0129298990000000
261 -0.0132378990000000
262 -0.0138973990000000
263 -0.0111489990000000
264 -0.0126547990000000
265 -0.0156780990000000
266 -0.0149323990000000
267 -0.0168657990000000
268 -0.0158408990000000
269 -0.0141236990000000
270 -0.0127462990000000
271 -0.0146780990000000
272 -0.0147443990000000
273 -0.0137660990000000
274 -0.0139709990000000
275 -0.0145899990000000
276 -0.0156289990000000
277 -0.0160901990000000
278 -0.0129654990000000
279 -0.0111890990000000
280 -0.0130058990000000
281 -0.0144339990000000
282 -0.0151145990000000
283 -0.0112641990000000
284 -0.0151507990000000
285 -0.0173653990000000
286 -0.0161384990000000
287 -0.0157740990000000
288 -0.0165730990000000
289 -0.0172339990000000
290 -0.0159203990000000
291 -0.0154893990000000
292 -0.0147050990000000
293 -0.0167819990000000
294 -0.0167039990000000
295 -0.0161560990000000
296 -0.0157628990000000
297 -0.0147731990000000
298 -0.0170290990000000
299 -0.0187544990000000
300 -0.0189773990000000
301 -0.0213684990000000
302 -0.0203802990000000
303 -0.0187341990000000
304 -0.0177717990000000
305 -0.0169785990000000
306 -0.0168427990000000
307 -0.0168607990000000
308 -0.0163674990000000
309 -0.0161293990000000
310 -0.0160473990000000
311 -0.0155737990000000
312 -0.0162608990000000
313 -0.0171011990000000
314 -0.0144416990000000
315 -0.0153755990000000
316 -0.0168665990000000
317 -0.0145884990000000
318 -0.0121584990000000
319 -0.0142231990000000
320 -0.0138574990000000
321 -0.0128323990000000
322 -0.0149680990000000
323 -0.0162348990000000
324 -0.0165279990000000
325 -0.0145388990000000
326 -0.0149895990000000
327 -0.0143902990000000
328 -0.0160737990000000
329 -0.0168128990000000
330 -0.0182456990000000
331 -0.0161283990000000
332 -0.0185404990000000
333 -0.0163718990000000
334 -0.0179080990000000
335 -0.0150954990000000
336 -0.0143602990000000
337 -0.0122204990000000
338 -0.0127102990000000
339 -0.0101112990000000
340 -0.0129902990000000
341 -0.0143588990000000
342 -0.0146477990000000
343 -0.0152129990000000
344 -0.0159285990000000
345 -0.0158387990000000
346 -0.0154378990000000
347 -0.0171420990000000
348 -0.0166657990000000
349 -0.0172909990000000
350 -0.0191249990000000
351 -0.0161622990000000
352 -0.0158601990000000
353 -0.0157302990000000
354 -0.0185039990000000
355 -0.0170534990000000
356 -0.0154552990000000
357 -0.0148056990000000
358 -0.0150106990000000
359 -0.0134675990000000
360 -0.0142508990000000
361 -0.0166872990000000
362 -0.0157062990000000
363 -0.0137751990000000
364 -0.0150699990000000
365 -0.0121816990000000
366 -0.0130905990000000
367 -0.0120656990000000
368 -0.0089927990000000
369 -0.0097132990000000
370 -0.0141502990000000
371 -0.0136568990000000
372 -0.0145931990000000
373 -0.0156949990000000
374 -0.0150750990000000
375 -0.0169074990000000
376 -0.0184957990000000
377 -0.0168367990000000
378 -0.0178069990000000
379 -0.0171653990000000
380 -0.0169275990000000
381 -0.0164598990000000
382 -0.0182078990000000
383 -0.0167273990000000
384 -0.0163017990000000
385 -0.0175351990000000
386 -0.0188380990000000
387 -0.0189364990000000
388 -0.0197344990000000
389 -0.0209564990000000
390 -0.0180721990000000
391 -0.0172743990000000
392 -0.0179553990000000
393 -0.0155596990000000
394 -0.0181734990000000
395 -0.0168782990000000
396 -0.0141247990000000
397 -0.0135650990000000
398 -0.0141749990000000
399 -0.0133705990000000
400 -0.0154489990000000
401 -0.0159384990000000
402 -0.0124636990000000
403 -0.0160476990000000
404 -0.0182619990000000
405 -0.0178677990000000
406 -0.0183084990000000
407 -0.0155860990000000
408 -0.0152461990000000
409 -0.0146787990000000
410 -0.0137480990000000
411 -0.0126148990000000
412 -0.0135042990000000
413 -0.0107893990000000
414 -0.0118342990000000
415 -0.0136034990000000
416 -0.0139455990000000
417 -0.0110386990000000
418 -0.0110736990000000
419 -0.0096823990000000
420 -0.0051935990000000
421 -0.0059282990000000
422 -0.0070581990000000
423 -0.0103958990000000
424 -0.0085215990000000
425 -0.0107639990000000
426 -0.0141395990000000
427 -0.0141765990000000
428 -0.0146721990000000
429 -0.0184157990000000
430 -0.0202398990000000
431 -0.0186954990000000
432 -0.0191606990000000
433 -0.0199947990000000
434 -0.0193473990000000
435 -0.0197442990000000
436 -0.0205216990000000
437 -0.0198268990000000
438 -0.0211363990000000
439 -0.0213536990000000
440 -0.0222767990000000
441 -0.0228328990000000
442 -0.0202051990000000
443 -0.0186203990000000
444 -0.0169305990000000
445 -0.0181593990000000
446 -0.0193167990000000
447 -0.0193231990000000
448 -0.0178920990000000
449 -0.0193511990000000
450 -0.0207982990000000
451 -0.0193481990000000
452 -0.0167000990000000
453 -0.0165208990000000
454 -0.0155664990000000
455 -0.0176676990000000
456 -0.0163957990000000
457 -0.0162445990000000
458 -0.0173504990000000
459 -0.0177358990000000
460 -0.0163237990000000
461 -0.0176828990000000
462 -0.0148579990000000
463 -0.0164325990000000
464 -0.0187031990000000
465 -0.0170339990000000
466 -0.0161384990000000
467 -0.0172228990000000
468 -0.0151835990000000
469 -0.0162506990000000
470 -0.0134370990000000
471 -0.0153617990000000
472 -0.0147844990000000
473 -0.0143550990000000
474 -0.0141042990000000
475 -0.0124228990000000
476 -0.0122276990000000
477 -0.0127317990000000
478 -0.0157529990000000
479 -0.0146777990000000
480 -0.0163806990000000
481 -0.0178344990000000
482 -0.0188298990000000
483 -0.0203704990000000
484 -0.0191083990000000
485 -0.0170109990000000
486 -0.0169650990000000
487 -0.0188007990000000
488 -0.0156140990000000
489 -0.0187553990000000
490 -0.0217100990000000
491 -0.0202326990000000
492 -0.0191133990000000
493 -0.0194767990000000
494 -0.0221129990000000
495 -0.0198860990000000
496 -0.0171006990000000
497 -0.0158112990000000
498 -0.0132491990000000
499 -0.0128124990000000
500 -0.0129716990000000
501 -0.0104184990000000
502 -0.0146208990000000
503 -0.0117595990000000
504 -0.0111629990000000
505 -0.0072914990000000
506 -0.0067216990000000
507 -0.0099325990000000
508 -0.0086121990000000
509 -0.0094118990000000
510 -0.0090106990000000
511 -0.0115056990000000
512 -0.0104463990000000
513 -0.0085018990000000
514 -0.0110908990000000
515 -0.0104208990000000
516 -0.0083772990000000
517 -0.0125463990000000
518 -0.0127924990000000
519 -0.0131271990000000
520 -0.0120523990000000
521 -0.0137503990000000
522 -0.0148925990000000
523 -0.0165100990000000
524 -0.0152431990000000
525 -0.0143911990000000
526 -0.0164944990000000
527 -0.0165886990000000
528 -0.0164114990000000
529 -0.0180319990000000
530 -0.0180314990000000
531 -0.0164354990000000
532 -0.0151366990000000
533 -0.0159773990000000
534 -0.0163253990000000
535 -0.0124977990000000
536 -0.0152582990000000
537 -0.0156552990000000
538 -0.0122581990000000
539 -0.0126778990000000
540 -0.0095598990000000
541 -0.0106530990000000
542 -0.0099461990000000
543 -0.0102221990000000
544 -0.0091107990000000
545 -0.0104863990000000
546 -0.0094863990000000
547 -0.0097186990000000
548 -0.0132899990000000
549 -0.0158549990000000
550 -0.0151839990000000
551 -0.0148556990000000
552 -0.0147484990000000
553 -0.0145412990000000
554 -0.0181318990000000
555 -0.0187085990000000
556 -0.0195477990000000
557 -0.0213666990000000
558 -0.0196030990000000
559 -0.0179955990000000
560 -0.0167507990000000
561 -0.0165677990000000
562 -0.0157611990000000
563 -0.0162214990000000
564 -0.0177353990000000
565 -0.0204217990000000
566 -0.0189925990000000
567 -0.0176730990000000
568 -0.0180180990000000
569 -0.0174463990000000
570 -0.0188974990000000
571 -0.0184380990000000
572 -0.0169261990000000
573 -0.0143145990000000
574 -0.0118692990000000
575 -0.0116635990000000
576 -0.0137524990000000
577 -0.0164967990000000
578 -0.0166741990000000
579 -0.0145779990000000
580 -0.0127876990000000
581 -0.0120180990000000
582 -0.0131269990000000
583 -0.0141206990000000
584 -0.0150619990000000
585 -0.0137225990000000
586 -0.0118755990000000
587 -0.0124850990000000
588 -0.0128251990000000
589 -0.0128388990000000
590 -0.0126256990000000
591 -0.0157986990000000
592 -0.0142759990000000
593 -0.0150984990000000
594 -0.0169440990000000
595 -0.0166329990000000
596 -0.0175665990000000
597 -0.0190004990000000
598 -0.0213222990000000
599 -0.0213574990000000
600 -0.0196817990000000
1 0.3132275010000000
2 0.1448897010000000
3 0.0974920010000000
4 0.0685574010000000
5 0.0492751010000000
6 0.0324695010000000
7 0.0175738010000000
8 0.0111111010000000
9 0.0073724010000000
10 -0.0033831990000000
11 -0.0022052990000000
12 0.0004273010000000
13 -0.0006716990000000
14 -0.0041353990000000
15 -0.0016680990000000
16 -0.0032261990000000
17 -0.0087545990000000
18 -0.0107624990000000
19 -0.0099190990000000
20 -0.0114942990000000
21 -0.0112212990000000
22 -0.0130534990000000
23 -0.0143613990000000
24 -0.0124213990000000
25 -0.0112917990000000
26 -0.0100556990000000
27 -0.0101665990000000
28 -0.0100397990000000
29 -0.0115755990000000
30 -0.0089394990000000
31 -0.0104190990000000
32 -0.0098787990000000
33 -0.0086966990000000
34 -0.0081535990000000
35 -0.0091187990000000
36 -0.0076759990000000
37 -0.0103995990000000
38 -0.0089206990000000
39 -0.0129088990000000
40 -0.0126417990000000
41 -0.0129514990000000
42 -0.0116386990000000
43 -0.0104809990000000
44 -0.0120259990000000
45 -0.0141525990000000
46 -0.0163530990000000
47 -0.0144832990000000
48 -0.0145470990000000
49 -0.0151942990000000
50 -0.0160705990000000
51 -0.0166656990000000
52 -0.0203747990000000
53 -0.0188089990000000
54 -0.0161389990000000
55 -0.0157660990000000
56 -0.0156006990000000
57 -0.0171073990000000
58 -0.0162459990000000
59 -0.0174153990000000
60 -0.0183727990000000
61 -0.0167061990000000
62 -0.0185864990000000
63 -0.0176867990000000
64 -0.0172899990000000
65 -0.0155238990000000
66 -0.0157592990000000
67 -0.0176929990000000
68 -0.0188790990000000
69 -0.0179747990000000
70 -0.0190706990000000
71 -0.0173216990000000
72 -0.0185988990000000
73 -0.0189232990000000
74 -0.0181323990000000
75 -0.0162075990000000
76 -0.0158644990000000
77 -0.0130322990000000
78 -0.0143907990000000
79 -0.0125212990000000
80 -0.0109839990000000
81 -0.0121952990000000
82 -0.0147973990000000
83 -0.0123060990000000
84 -0.0114226990000000
85 -0.0136849990000000
86 -0.0125212990000000
87 -0.0126761990000000
88 -0.0137044990000000
89 -0.0169097990000000
90 -0.0154462990000000
91 -0.0136633990000000
92 -0.0121243990000000
93 -0.0162603990000000
94 -0.0166486990000000
95 -0.0191053990000000
96 -0.0191096990000000
97 -0.0207779990000000
98 -0.0209770990000000
99 -0.0176307990000000
100 -0.0166483990000000
101 -0.0191606990000000
102 -0.0177145990000000
103 -0.0155074990000000
104 -0.0169176990000000
105 -0.0150393990000000
106 -0.0139132990000000
107 -0.0112452990000000
108 -0.0157546990000000
109 -0.0164711990000000
110 -0.0148150990000000
111 -0.0145639990000000
112 -0.0159715990000000
113 -0.0173974990000000
114 -0.0144904990000000
115 -0.0178363990000000
116 -0.0171890990000000
117 -0.0168967990000000
118 -0.0172010990000000
119 -0.0152695990000000
120 -0.0124921990000000
121 -0.0141667990000000
122 -0.0158034990000000
123 -0.0154369990000000
124 -0.0157992990000000
125 -0.0150442990000000
126 -0.0159491990000000
127 -0.0150951990000000
128 -0.0118205990000000
129 -0.0119645990000000
130 -0.0135753990000000
131 -0.0135297990000000
132 -0.0138914990000000
133 -0.0120130990000000
134 -0.0132474990000000
135 -0.0139090990000000
136 -0.0119919990000000
137 -0.0119733990000000
138 -0.0118677990000000
139 -0.0108507990000000
140 -0.0122076990000000
141 -0.0162270990000000
142 -0.0145752990000000
143 -0.0144172990000000
144 -0.0123951990000000
145 -0.0097113990000000
146 -0.0118353990000000
147 -0.0129771990000000
148 -0.0104486990000000
149 -0.0101201990000000
150 -0.0103075990000000
151 -0.0103721990000000
152 -0.0122504990000000
153 -0.0136889990000000
154 -0.0133991990000000
155 -0.0119483990000000
156 -0.0144786990000000
157 -0.0150835990000000
158 -0.0155067990000000
159 -0.0128236990000000
160 -0.0128177990000000
161 -0.0113257990000000
162 -0.0123660990000000
163 -0.0112555990000000
164 -0.0129114990000000
165 -0.0116063990000000
166 -0.0127359990000000
167 -0.0128504990000000
168 -0.0132266990000000
169 -0.0135985990000000
170 -0.0124596990000000
171 -0.0097720990000000
172 -0.0107723990000000
173 -0.0108318990000000
174 -0.0098472990000000
175 -0.0098025990000000
176 -0.0097142990000000
177 -0.0103007990000000
178 -0.0078903990000000
179 -0.0074686990000000
180 -0.0063031990000000
181 -0.0107660990000000
182 -0.0095010990000000
183 -0.0134161990000000
184 -0.0146531990000000
185 -0.0111687990000000
186 -0.0132886990000000
187 -0.0168560990000000
188 -0.0166999990000000
189 -0.0161255990000000
190 -0.0166081990000000
191 -0.0172400990000000
192 -0.0174824990000000
193 -0.0155469990000000
194 -0.0176397990000000
195 -0.0180479990000000
196 -0.0184622990000000
197 -0.0190530990000000
198 -0.0165486990000000
199 -0.0159333990000000
200 -0.0148383990000000
201 -0.0108836990000000
202 -0.0112559990000000
203 -0.0124618990000000
204 -0.0138478990000000
205 -0.0132515990000000
206 -0.0136062990000000
207 -0.0141621990000000
208 -0.0145281990000000
209 -0.0121068990000000
210 -0.0108221990000000
211 -0.0096822990000000
212 -0.0095928990000000
213 -0.0091470990000000
214 -0.0078429990000000
215 -0.0108225990000000
216 -0.0135459990000000
217 -0.0119540990000000
218 -0.0101325990000000
219 -0.0057725990000000
220 -0.0087502990000000
221 -0.0131906990000000
222 -0.0150426990000000
223 -0.0169008990000000
224 -0.0141887990000000
225 -0.0178674990000000
226 -0.0178362990000000
227 -0.0160832990000000
228 -0.0164312990000000
229 -0.0180828990000000
230 -0.0170261990000000
231 -0.0182689990000000
232 -0.0190246990000000
233 -0.0195048990000000
234 -0.0171854990000000
235 -0.0183365990000000
236 -0.0167033990000000
237 -0.0160746990000000
238 -0.0145132990000000
239 -0.0160976990000000
240 -0.0143247990000000
241 -0.0126260990000000
242 -0.0091365990000000
243 -0.0069994990000000
244 -0.0048353990000000
245 -0.0049582990000000
246 -0.0074810990000000
247 -0.0090883990000000
248 -0.0070480990000000
249 -0.0102192990000000
250 -0.0082485990000000
251 -0.0108615990000000
252 -0.0133554990000000
253 -0.0141581990000000
254 -0.0160150990000000
255 -0.0129363990000000
256 -0.0131968990000000
257 -0.0152418990000000
258 -0.0125185990000000
259 -0.0160592990000000
260 -0.0171326990000000
261 -0.0185560990000000
262 -0.0186080990000000
263 -0.0184368990000000
264 -0.0193418990000000
265 -0.0197055990000000
266 -0.0220608990000000
267 -0.0206477990000000
268 -0.0189546990000000
269 -0.0169548990000000
270 -0.0164354990000000
271 -0.0173624990000000
272 -0.0177430990000000
273 -0.0144028990000000
274 -0.0135585990000000
275 -0.0104214990000000
276 -0.0059597990000000
277 -0.0083075990000000
278 -0.0098116990000000
279 -0.0096430990000000
280 -0.0091008990000000
281 -0.0109680990000000
282 -0.0126867990000000
283 -0.0124456990000000
284 -0.0145207990000000
285 -0.0141149990000000
286 -0.0120347990000000
287 -0.0145515990000000
288 -0.0153656990000000
289 -0.0152240990000000
290 -0.0149863990000000
291 -0.0121716990000000
292 -0.0121226990000000
293 -0.0133521990000000
294 -0.0141116990000000
295 -0.0130047990000000
296 -0.0125203990000000
297 -0.0150162990000000
298 -0.0142487990000000
299 -0.0120713990000000
300 -0.0110766990000000
301 -0.0105367990000000
302 -0.0112748990000000
303 -0.0147024990000000
304 -0.0149889990000000
305 -0.0123203990000000
306 -0.0116911990000000
307 -0.0144559990000000
308 -0.0153910990000000
309 -0.0140208990000000
310 -0.0102852990000000
311 -0.0107476990000000
312 -0.0141081990000000
313 -0.0131250990000000
314 -0.0130958990000000
315 -0.0098806990000000
316 -0.0145063990000000
317 -0.0136779990000000
318 -0.0149238990000000
319 -0.0130215990000000
320 -0.0096214990000000
321 -0.0092001990000000
322 -0.0122961990000000
323 -0.0100497990000000
324 -0.0114611990000000
325 -0.0101520990000000
326 -0.0095390990000000
327 -0.0082604990000000
328 -0.0068446990000000
329 -0.0064210990000000
330 -0.0087386990000000
331 -0.0081879990000000
332 -0.0056196990000000
333 -0.0059833990000000
334 -0.0081261990000000
335 -0.0080727990000000
336 -0.0035023990000000
337 -0.0046173990000000
338 -0.0058937990000000
339 -0.0073608990000000
340 -0.0100266990000000
341 -0.0111083990000000
342 -0.0126535990000000
343 -0.0097198990000000
344 -0.0115239990000000
345 -0.0141818990000000
346 -0.0131713990000000
347 -0.0100474990000000
348 -0.0119936990000000
349 -0.0129317990000000
350 -0.0101111990000000
351 -0.0082997990000000
352 -0.0078099990000000
353 -0.0064433990000000
354 -0.0054009990000000
355 -0.0078007990000000
356 -0.0074774990000000
357 -0.0079135990000000
358 -0.0095303990000000
359 -0.0110842990000000
360 -0.0154582990000000
361 -0.0181800990000000
362 -0.0180808990000000
363 -0.0159253990000000
364 -0.0158021990000000
365 -0.0197332990000000
366 -0.0208219990000000
367 -0.0197495990000000
368 -0.0212237990000000
369 -0.0204880990000000
370 -0.0200531990000000
371 -0.0178591990000000
372 -0.0149584990000000
373 -0.0148431990000000
374 -0.0152472990000000
375 -0.0140369990000000
376 -0.0159780990000000
377 -0.0134525990000000
378 -0.0145129990000000
379 -0.0131421990000000
380 -0.0111721990000000
381 -0.0131078990000000
382 -0.0110930990000000
383 -0.0090365990000000
384 -0.0097268990000000
385 -0.0114299990000000
386 -0.0111470990000000
387 -0.0107702990000000
388 -0.0151212990000000
389 -0.0140098990000000
390 -0.0137020990000000
391 -0.0155777990000000
392 -0.0132450990000000
393 -0.0116818990000000
394 -0.0134012990000000
395 -0.0121946990000000
396 -0.0095458990000000
397 -0.0072990990000000
398 -0.0090116990000000
399 -0.0114068990000000
400 -0.0101901990000000
401 -0.0090638990000000
402 -0.0076030990000000
403 -0.0089295990000000
404 -0.0121687990000000
405 -0.0097604990000000
406 -0.0105563990000000
407 -0.0139586990000000
408 -0.0187159990000000
409 -0.0188121990000000
410 -0.0195663990000000
411 -0.0208438990000000
412 -0.0207895990000000
413 -0.0224119990000000
414 -0.0234348990000000
415 -0.0221882990000000
416 -0.0236474990000000
417 -0.0218705990000000
418 -0.0196008990000000
419 -0.0185771990000000
420 -0.0163484990000000
421 -0.0141239990000000
422 -0.0136069990000000
423 -0.0129954990000000
424 -0.0097415990000000
425 -0.0108501990000000
426 -0.0142460990000000
427 -0.0136651990000000
428 -0.0146635990000000
429 -0.0142236990000000
430 -0.0151290990000000
431 -0.0160651990000000
432 -0.0178101990000000
433 -0.0179366990000000
434 -0.0164719990000000
435 -0.0176667990000000
436 -0.0153226990000000
437 -0.0165268990000000
438 -0.0132060990000000
439 -0.0149901990000000
440 -0.0141216990000000
441 -0.0117954990000000
442 -0.0121572990000000
443 -0.0092160990000000
444 -0.0083598990000000
445 -0.0083532990000000
446 -0.0073126990000000
447 -0.0079534990000000
448 -0.0075265990000000
449 -0.0102684990000000
450 -0.0113291990000000
451 -0.0134292990000000
452 -0.0137401990000000
453 -0.0140853990000000
454 -0.0121986990000000
455 -0.0108100990000000
456 -0.0088874990000000
457 -0.0072929990000000
458 -0.0061594990000000
459 -0.0084638990000000
460 -0.0075244990000000
461 -0.0070572990000000
462 -0.0061925990000000
463 -0.0083533990000000
464 -0.0077623990000000
465 -0.0100293990000000
466 -0.0106723990000000
467 -0.0146334990000000
468 -0.0164841990000000
469 -0.0148341990000000
470 -0.0156253990000000
471 -0.0139141990000000
472 -0.0150781990000000
473 -0.0156965990000000
474 -0.0166391990000000
475 -0.0155455990000000
476 -0.0144614990000000
477 -0.0145910990000000
478 -0.0142311990000000
479 -0.0151616990000000
480 -0.0164930990000000
481 -0.0171383990000000
482 -0.0137251990000000
483 -0.0148687990000000
484 -0.0171832990000000
485 -0.0179486990000000
486 -0.0165628990000000
487 -0.0164425990000000
488 -0.0154510990000000
489 -0.0133601990000000
490 -0.0135990990000000
491 -0.0143031990000000
492 -0.0169194990000000
493 -0.0165989990000000
494 -0.0174378990000000
495 -0.0176198990000000
496 -0.0149192990000000
497 -0.0162151990000000
498 -0.0172267990000000
499 -0.0179748990000000
500 -0.0172833990000000
501 -0.0170206990000000
502 -0.0157808990000000
503 -0.0150641990000000
504 -0.0166185990000000
505 -0.0145884990000000
506 -0.0155215990000000
507 -0.0158931990000000
508 -0.0142269990000000
509 -0.0153580990000000
510 -0.0161090990000000
511 -0.0160036990000000
512 -0.0180967990000000
513 -0.0184502990000000
514 -0.0178431990000000
515 -0.0164110990000000
516 -0.0149797990000000
517 -0.0159762990000000
518 -0.0168242990000000
519 -0.0179253990000000
520 -0.0181663990000000
521 -0.0172845990000000
522 -0.0169281990000000
523 -0.0162240990000000
524 -0.0139841990000000
525 -0.0143932990000000
526 -0.0153312990000000
527 -0.0145980990000000
528 -0.0136075990000000
529 -0.0141051990000000
530 -0.0145330990000000
531 -0.0146175990000000
532 -0.0174629990000000
533 -0.0146281990000000
534 -0.0161624990000000
535 -0.0164267990000000
536 -0.0180801990000000
537 -0.0179386990000000
538 -0.0175728990000000
539 -0.0178714990000000
540 -0.0138771990000000
541 -0.0144187990000000
542 -0.0175109990000000
543 -0.0173495990000000
544 -0.0187586990000000
545 -0.0179512990000000
546 -0.0184180990000000
547 -0.0164518990000000
548 -0.0159021990000000
549 -0.0153229990000000
550 -0.0166253990000000
551 -0.0179042990000000
552 -0.0170972990000000
553 -0.0153671990000000
554 -0.0146543990000000
555 -0.0119655990000000
556 -0.0116396990000000
557 -0.0128765990000000
558 -0.0119886990000000
559 -0.0147640990000000
560 -0.0143647990000000
561 -0.0131516990000000
562 -0.0136515990000000
563 -0.0160003990000000
564 -0.0160926990000000
565 -0.0181350990000000
566 -0.0165390990000000
567 -0.0140922990000000
568 -0.0142641990000000
569 -0.0111598990000000
570 -0.0109041990000000
571 -0.0097221990000000
572 -0.0122725990000000
573 -0.0127678990000000
574 -0.0098779990000000
575 -0.0115682990000000
576 -0.0113613990000000
577 -0.0108459990000000
578 -0.0137431990000000
579 -0.0127968990000000
580 -0.0100763990000000
581 -0.0108886990000000
582 -0.0095382990000000
583 -0.0102903990000000
584 -0.0088603990000000
585 -0.0063533990000000
586 -0.0090735990000000
587 -0.0066697990000000
588 -0.0076572990000000
589 -0.0067651990000000
590 -0.0087869990000000
591 -0.0071178990000000
592 -0.0086978990000000
593 -0.0071993990000000
594 -0.0044790990000000
595 -0.0053342990000000
596 -0.0036765990000000
597 -0.0060389990000000
598 -0.0057780990000000
599 -0.0105182990000000
600 -0.0137240990000000
1 0.3331533010000000
2 0.1411425010000000
3 0.0968617010000000
4 0.0702744010000000
5 0.0499286010000000
6 0.0390733010000000
7 0.0284064010000000
8 0.0225489010000000
9 0.0133729010000000
10 0.0022437010000000
11 -0.0016426990000000
12 -0.0074217990000000
13 -0.0098941990000000
14 -0.0117067990000000
15 -0.0128813990000000
16 -0.0138628990000000
17 -0.0157772990000000
18 -0.0167775990000000
19 -0.0149015990000000
20 -0.0161529990000000
21 -0.0165064990000000
22 -0.0163493990000000
23 -0.0131683990000000
24 -0.0132159990000000
25 -0.0147116990000000
26 -0.0157222990000000
27 -0.0174742990000000
28 -0.0191326990000000
29 -0.0174648990000000
30 -0.0174137990000000
31 -0.0185306990000000
32 -0.0176385990000000
33 -0.0149183990000000
34 -0.0175467990000000
35 -0.0166739990000000
36 -0.0180184990000000
37 -0.0211603990000000
38 -0.0194459990000000
39 -0.0198310990000000
40 -0.0213776990000000
41 -0.0221883990000000
42 -0.0184382990000000
43 -0.0178574990000000
44 -0.0172355990000000
45 -0.0158214990000000
46 -0.0166096990000000
47 -0.0152032990000000
48 -0.0147959990000000
49 -0.0132072990000000
50 -0.0096842990000000
51 -0.0095926990000000
52 -0.0136746990000000
53 -0.0151709990000000
54 -0.0174484990000000
55 -0.0190995990000000
56 -0.0178072990000000
57 -0.0180927990000000
58 -0.0160629990000000
59 -0.0163453990000000
60 -0.0184918990000000
61 -0.0181263990000000
62 -0.0156999990000000
63 -0.0143696990000000
64 -0.0111575990000000
65 -0.0091420990000000
66 -0.0145266990000000
67 -0.0112646990000000
68 -0.0121988990000000
69 -0.0119661990000000
70 -0.0111615990000000
71 -0.0139263990000000
72 -0.0140048990000000
73 -0.0161140990000000
74 -0.0142828990000000
75 -0.0134577990000000
76 -0.0144219990000000
77 -0.0159706990000000
78 -0.0180209990000000
79 -0.0169812990000000
80 -0.0185601990000000
81 -0.0162319990000000
82 -0.0147890990000000
83 -0.0154026990000000
84 -0.0148273990000000
85 -0.0137079990000000
86 -0.0139104990000000
87 -0.0143213990000000
88 -0.0143212990000000
89 -0.0155748990000000
90 -0.0122598990000000
91 -0.0116538990000000
92 -0.0091857990000000
93 -0.0109589990000000
94 -0.0089002990000000
95 -0.0083677990000000
96 -0.0083194990000000
97 -0.0126429990000000
98 -0.0130762990000000
99 -0.0131837990000000
100 -0.0127251990000000
101 -0.0134724990000000
102 -0.0147004990000000
103 -0.0128832990000000
104 -0.0132504990000000
105 -0.0161901990000000
106 -0.0147987990000000
107 -0.0155132990000000
108 -0.0171223990000000
109 -0.0130029990000000
110 -0.0127993990000000
111 -0.0136959990000000
112 -0.0135375990000000
113 -0.0142477990000000
114 -0.0157305990000000
115 -0.0173294990000000
116 -0.0172236990000000
117 -0.0178684990000000
118 -0.0165110990000000
119 -0.0154488990000000
120 -0.0184672990000000
121 -0.0186976990000000
122 -0.0193865990000000
123 -0.0190438990000000
124 -0.0148418990000000
125 -0.0148077990000000
126 -0.0174774990000000
127 -0.0172316990000000
128 -0.0174611990000000
129 -0.0156399990000000
130 -0.0127297990000000
131 -0.0134542990000000
132 -0.0150172990000000
133 -0.0156742990000000
134 -0.0135701990000000
135 -0.0154435990000000
136 -0.0147128990000000
137 -0.0153769990000000
138 -0.0168371990000000
139 -0.0176225990000000
140 -0.0187856990000000
141 -0.0184093990000000
142 -0.0196128990000000
143 -0.0204713990000000
144 -0.0183713990000000
145 -0.0194708990000000
146 -0.0193771990000000
147 -0.0199444990000000
148 -0.0197347990000000
149 -0.0208751990000000
150 -0.0200355990000000
151 -0.0177274990000000
152 -0.0185837990000000
153 -0.0158287990000000
154 -0.0142407990000000
155 -0.0182129990000000
156 -0.0159777990000000
157 -0.0150519990000000
158 -0.0145641990000000
159 -0.0150518990000000
160 -0.0157435990000000
161 -0.0157436990000000
162 -0.0150204990000000
163 -0.0122155990000000
164 -0.0151932990000000
165 -0.0143591990000000
166 -0.0120570990000000
167 -0.0114708990000000
168 -0.0095339990000000
169 -0.0070483990000000
170 -0.0092996990000000
171 -0.0106308990000000
172 -0.0111072990000000
173 -0.0096851990000000
174 -0.0104927990000000
175 -0.0115212990000000
176 -0.0134133990000000
177 -0.0141856990000000
178 -0.0168868990000000
179 -0.0154357990000000
180 -0.0175375990000000
181 -0.0161551990000000
182 -0.0168249990000000
183 -0.0140387990000000
184 -0.0147770990000000
185 -0.0150653990000000
186 -0.0172784990000000
187 -0.0153796990000000
188 -0.0167562990000000
189 -0.0172622990000000
190 -0.0188584990000000
191 -0.0194251990000000
192 -0.0180711990000000
193 -0.0161788990000000
194 -0.0141060990000000
195 -0.0169604990000000
196 -0.0183130990000000
197 -0.0180627990000000
198 -0.0173463990000000
199 -0.0175703990000000
200 -0.0183342990000000
201 -0.0175960990000000
202 -0.0181450990000000
203 -0.0175126990000000
204 -0.0175876990000000
205 -0.0175295990000000
206 -0.0192972990000000
207 -0.0193453990000000
208 -0.0182465990000000
209 -0.0203665990000000
210 -0.0192050990000000
211 -0.0191131990000000
212 -0.0179658990000000
213 -0.0202648990000000
214 -0.0204312990000000
215 -0.0178540990000000
216 -0.0163804990000000
217 -0.0142867990000000
218 -0.0133561990000000
219 -0.0154035990000000
220 -0.0168894990000000
221 -0.0195316990000000
222 -0.0156274990000000
223 -0.0194840990000000
224 -0.0190446990000000
225 -0.0184054990000000
226 -0.0186777990000000
227 -0.0189404990000000
228 -0.0185196990000000
229 -0.0161877990000000
230 -0.0181955990000000
231 -0.0163429990000000
232 -0.0147180990000000
233 -0.0126680990000000
234 -0.0108438990000000
235 -0.0109684990000000
236 -0.0106708990000000
237 -0.0087625990000000
238 -0.0085242990000000
239 -0.0105505990000000
240 -0.0122241990000000
241 -0.0124211990000000
242 -0.0142382990000000
243 -0.0160042990000000
244 -0.0132628990000000
245 -0.0124174990000000
246 -0.0155626990000000
247 -0.0127026990000000
248 -0.0093796990000000
249 -0.0151626990000000
250 -0.0130330990000000
251 -0.0137592990000000
252 -0.0168691990000000
253 -0.0174798990000000
254 -0.0145476990000000
255 -0.0123353990000000
256 -0.0129238990000000
257 -0.0122297990000000
258 -0.0125947990000000
259 -0.0128195990000000
260 -0.0104291990000000
261 -0.0104905990000000
262 -0.0121157990000000
263 -0.0134403990000000
264 -0.0150701990000000
265 -0.0169502990000000
266 -0.0180793990000000
267 -0.0158653990000000
268 -0.0170182990000000
269 -0.0165575990000000
270 -0.0188048990000000
271 -0.0182813990000000
272 -0.0191793990000000
273 -0.0199568990000000
274 -0.0198523990000000
275 -0.0184607990000000
276 -0.0182583990000000
277 -0.0205134990000000
278 -0.0188797990000000
279 -0.0179699990000000
280 -0.0206001990000000
281 -0.0188115990000000
282 -0.0175079990000000
283 -0.0176068990000000
284 -0.0192928990000000
285 -0.0172752990000000
286 -0.0174334990000000
287 -0.0184155990000000
288 -0.0167666990000000
289 -0.0151502990000000
290 -0.0145622990000000
291 -0.0150271990000000
292 -0.0156608990000000
293 -0.0150787990000000
294 -0.0136485990000000
295 -0.0127094990000000
296 -0.0139192990000000
297 -0.0124364990000000
298 -0.0122649990000000
299 -0.0133915990000000
300 -0.0138361990000000
301 -0.0133848990000000
302 -0.0168220990000000
303 -0.0188694990000000
304 -0.0187285990000000
305 -0.0190595990000000
306 -0.0186175990000000
307 -0.0196669990000000
308 -0.0187539990000000
309 -0.0197085990000000
310 -0.0193576990000000
311 -0.0192653990000000
312 -0.0187681990000000
313 -0.0188392990000000
314 -0.0190139990000000
315 -0.0184248990000000
316 -0.0185851990000000
317 -0.0199766990000000
318 -0.0221625990000000
319 -0.0198530990000000
320 -0.0196923990000000
321 -0.0205612990000000
322 -0.0194668990000000
323 -0.0197469990000000
324 -0.0201285990000000
325 -0.0167485990000000
326 -0.0158487990000000
327 -0.0131787990000000
328 -0.0146332990000000
329 -0.0115104990000000
330 -0.0102663990000000
331 -0.0096601990000000
332 -0.0101016990000000
333 -0.0108242990000000
334 -0.0109617990000000
335 -0.0095375990000000
336 -0.0088845990000000
337 -0.0096774990000000
338 -0.0135256990000000
339 -0.0149228990000000
340 -0.0143089990000000
341 -0.0160240990000000
342 -0.0128739990000000
343 -0.0131840990000000
344 -0.0133787990000000
345 -0.0159939990000000
346 -0.0156020990000000
347 -0.0143206990000000
348 -0.0126014990000000
349 -0.0138946990000000
350 -0.0147134990000000
351 -0.0166520990000000
352 -0.0160841990000000
353 -0.0152839990000000
354 -0.0165156990000000
355 -0.0175061990000000
356 -0.0193050990000000
357 -0.0161902990000000
358 -0.0156833990000000
359 -0.0172644990000000
360 -0.0188004990000000
361 -0.0181592990000000
362 -0.0213322990000000
363 -0.0214184990000000
364 -0.0189723990000000
365 -0.0183870990000000
366 -0.0174503990000000
367 -0.0182470990000000
368 -0.0179256990000000
369 -0.0138533990000000
370 -0.0138121990000000
371 -0.0145738990000000
372 -0.0161868990000000
373 -0.0122519990000000
374 -0.0134635990000000
375 -0.0154171990000000
376 -0.0146298990000000
377 -0.0127839990000000
378 -0.0137256990000000
379 -0.0130478990000000
380 -0.0113514990000000
381 -0.0094890990000000
382 -0.0102331990000000
383 -0.0137441990000000
384 -0.0120467990000000
385 -0.0117678990000000
386 -0.0103603990000000
387 -0.0125798990000000
388 -0.0122185990000000
389 -0.0115869990000000
390 -0.0147293990000000
391 -0.0130107990000000
392 -0.0130713990000000
393 -0.0146727990000000
394 -0.0172583990000000
395 -0.0177376990000000
396 -0.0129071990000000
397 -0.0150397990000000
398 -0.0170496990000000
399 -0.0127630990000000
400 -0.0124110990000000
401 -0.0117994990000000
402 -0.0107663990000000
403 -0.0124759990000000
404 -0.0108773990000000
405 -0.0115776990000000
406 -0.0133285990000000
407 -0.0129612990000000
408 -0.0129160990000000
409 -0.0111547990000000
410 -0.0107306990000000
411 -0.0123662990000000
412 -0.0139761990000000
413 -0.0090506990000000
414 -0.0100391990000000
415 -0.0102440990000000
416 -0.0084789990000000
417 -0.0083003990000000
418 -0.0098333990000000
419 -0.0128744990000000
420 -0.0129380990000000
421 -0.0098614990000000
422 -0.0109027990000000
423 -0.0091328990000000
424 -0.0090740990000000
425 -0.0112620990000000
426 -0.0091522990000000
427 -0.0101122990000000
428 -0.0122077990000000
429 -0.0124328990000000
430 -0.0147045990000000
431 -0.0155271990000000
432 -0.0178553990000000
433 -0.0185020990000000
434 -0.0164483990000000
435 -0.0161187990000000
436 -0.0161365990000000
437 -0.0134462990000000
438 -0.0134549990000000
439 -0.0106905990000000
440 -0.0129824990000000
441 -0.0135615990000000
442 -0.0109084990000000
443 -0.0125700990000000
444 -0.0136876990000000
445 -0.0117325990000000
446 -0.0117771990000000
447 -0.0081474990000000
448 -0.0063076990000000
449 -0.0073786990000000
450 -0.0107293990000000
451 -0.0085086990000000
452 -0.0089906990000000
453 -0.0103927990000000
454 -0.0122304990000000
455 -0.0146674990000000
456 -0.0158714990000000
457 -0.0165927990000000
458 -0.0156593990000000
459 -0.0158384990000000
460 -0.0161331990000000
461 -0.0145739990000000
462 -0.0135133990000000
463 -0.0137283990000000
464 -0.0152946990000000
465 -0.0134933990000000
466 -0.0132275990000000
467 -0.0156291990000000
468 -0.0163981990000000
469 -0.0123808990000000
470 -0.0123630990000000
471 -0.0141086990000000
472 -0.0119540990000000
473 -0.0138863990000000
474 -0.0146268990000000
475 -0.0152720990000000
476 -0.0156418990000000
477 -0.0149772990000000
478 -0.0159319990000000
479 -0.0150163990000000
480 -0.0129799990000000
481 -0.0122372990000000
482 -0.0097849990000000
483 -0.0094828990000000
484 -0.0115266990000000
485 -0.0111410990000000
486 -0.0097796990000000
487 -0.0092934990000000
488 -0.0093223990000000
489 -0.0090479990000000
490 -0.0086428990000000
491 -0.0062224990000000
492 -0.0056871990000000
493 -0.0053490990000000
494 -0.0041438990000000
495 -0.0077906990000000
496 -0.0099600990000000
497 -0.0144088990000000
498 -0.0121888990000000
499 -0.0140330990000000
500 -0.0123011990000000
501 -0.0103177990000000
502 -0.0095730990000000
503 -0.0119556990000000
504 -0.0113117990000000
505 -0.0107847990000000
506 -0.0121342990000000
507 -0.0126064990000000
508 -0.0151199990000000
509 -0.0148850990000000
510 -0.0149619990000000
511 -0.0133401990000000
512 -0.0137951990000000
513 -0.0141593990000000
514 -0.0125023990000000
515 -0.0138098990000000
516 -0.0159676990000000
517 -0.0148137990000000
518 -0.0161367990000000
519 -0.0155609990000000
520 -0.0146422990000000
521 -0.0103979990000000
522 -0.0100018990000000
523 -0.0089125990000000
524 -0.0089486990000000
525 -0.0102246990000000
526 -0.0045622990000000
527 -0.0101869990000000
528 -0.0095215990000000
529 -0.0097514990000000
530 -0.0140600990000000
531 -0.0127024990000000
532 -0.0129783990000000
533 -0.0130939990000000
534 -0.0145166990000000
535 -0.0141352990000000
536 -0.0144216990000000
537 -0.0141045990000000
538 -0.0125358990000000
539 -0.0140842990000000
540 -0.0149161990000000
541 -0.0119115990000000
542 -0.0138127990000000
543 -0.0132568990000000
544 -0.0152714990000000
545 -0.0153148990000000
546 -0.0161026990000000
547 -0.0148517990000000
548 -0.0152362990000000
549 -0.0141726990000000
550 -0.0150891990000000
551 -0.0164589990000000
552 -0.0166269990000000
553 -0.0158676990000000
554 -0.0163748990000000
555 -0.0139256990000000
556 -0.0143016990000000
557 -0.0147684990000000
558 -0.0148221990000000
559 -0.0149102990000000
560 -0.0143691990000000
561 -0.0145519990000000
562 -0.0153690990000000
563 -0.0174573990000000
564 -0.0171648990000000
565 -0.0183750990000000
566 -0.0153547990000000
567 -0.0179783990000000
568 -0.0182358990000000
569 -0.0184763990000000
570 -0.0184923990000000
571 -0.0205813990000000
572 -0.0177622990000000
573 -0.0160121990000000
574 -0.0182863990000000
575 -0.0191712990000000
576 -0.0182299990000000
577 -0.0168975990000000
578 -0.0153019990000000
579 -0.0177993990000000
580 -0.0176859990000000
581 -0.0161481990000000
582 -0.0172652990000000
583 -0.0146815990000000
584 -0.0158951990000000
585 -0.0160685990000000
586 -0.0157224990000000
587 -0.0172570990000000
588 -0.0147808990000000
589 -0.0160853990000000
590 -0.0141210990000000
591 -0.0146880990000000
592 -0.0159770990000000
593 -0.0149799990000000
594 -0.0160589990000000
595 -0.0153615990000000
596 -0.0153477990000000
597 -0.0155476990000000
598 -0.0149091990000000
599 -0.0162588990000000
600 -0.0168190990000000
1 0.3196306010000000
2 0.1312914010000000
3 0.0922282010000000
4 0.0675498010000000
5 0.0512584010000000
6 0.0352455010000000
7 0.0255024010000000
8 0.0176370010000000
9 0.0135527010000000
10 0.0057078010000000
11 0.0055671010000000
12 0.0024926010000000
13 0.0002317010000000
14 0.0023884010000000
15 -0.0001134990000000
16 0.0008151010000000
17 -0.0018188990000000
18 -0.0048234990000000
19 -0.0045934990000000
20 -0.0065803990000000
21 -0.0055059990000000
22 -0.0094224990000000
23 -0.0112349990000000
24 -0.0104657990000000
25 -0.0143280990000000
26 -0.0156207990000000
27 -0.0175937990000000
28 -0.0183347990000000
29 -0.0171833990000000
30 -0.0171333990000000
31 -0.0223151990000000
32 -0.0198417990000000
33 -0.0197914990000000
34 -0.0173600990000000
35 -0.0151262990000000
36 -0.0151294990000000
37 -0.0131253990000000
38 -0.0120981990000000
39 -0.0150232990000000
40 -0.0149817990000000
41 -0.0153112990000000
42 -0.0183996990000000
43 -0.0198957990000000
44 -0.0195586990000000
45 -0.0200953990000000
46 -0.0202948990000000
47 -0.0228185990000000
48 -0.0210040990000000
49 -0.0214584990000000
50 -0.0212127990000000
51 -0.0202877990000000
52 -0.0200792990000000
53 -0.0201975990000000
54 -0.0210957990000000
55 -0.0187183990000000
56 -0.0170119990000000
57 -0.0175056990000000
58 -0.0169963990000000
59 -0.0167234990000000
60 -0.0158276990000000
61 -0.0149480990000000
62 -0.0133249990000000
63 -0.0144745990000000
64 -0.0171425990000000
65 -0.0165824990000000
66 -0.0172416990000000
67 -0.0142218990000000
68 -0.0141953990000000
69 -0.0103348990000000
70 -0.0105443990000000
71 -0.0117323990000000
72 -0.0110916990000000
73 -0.0111613990000000
74 -0.0124810990000000
75 -0.0147737990000000
76 -0.0097109990000000
77 -0.0111888990000000
78 -0.0123218990000000
79 -0.0146250990000000
80 -0.0137658990000000
81 -0.0125029990000000
82 -0.0109468990000000
83 -0.0153532990000000
84 -0.0165332990000000
85 -0.0151362990000000
86 -0.0163536990000000
87 -0.0155849990000000
88 -0.0144463990000000
89 -0.0132431990000000
90 -0.0157814990000000
91 -0.0173373990000000
92 -0.0177893990000000
93 -0.0171790990000000
94 -0.0178064990000000
95 -0.0200837990000000
96 -0.0186072990000000
97 -0.0153608990000000
98 -0.0164671990000000
99 -0.0166441990000000
100 -0.0161514990000000
101 -0.0152678990000000
102 -0.0149449990000000
103 -0.0165565990000000
104 -0.0169590990000000
105 -0.0178875990000000
106 -0.0171444990000000
107 -0.0177320990000000
108 -0.0177893990000000
109 -0.0173585990000000
110 -0.0185775990000000
111 -0.0177182990000000
112 -0.0186412990000000
113 -0.0172319990000000
114 -0.0127900990000000
115 -0.0143168990000000
116 -0.0149490990000000
117 -0.0156059990000000
118 -0.0170409990000000
119 -0.0174912990000000
120 -0.0156084990000000
121 -0.0151207990000000
122 -0.0153822990000000
123 -0.0160368990000000
124 -0.0140952990000000
125 -0.0120784990000000
126 -0.0133621990000000
127 -0.0129839990000000
128 -0.0148403990000000
129 -0.0152338990000000
130 -0.0167175990000000
131 -0.0193510990000000
132 -0.0203867990000000
133 -0.0177184990000000
134 -0.0185819990000000
135 -0.0169482990000000
136 -0.0175005990000000
137 -0.0152685990000000
138 -0.0177490990000000
139 -0.0166261990000000
140 -0.0161495990000000
141 -0.0148845990000000
142 -0.0138797990000000
143 -0.0106527990000000
144 -0.0142521990000000
145 -0.0129526990000000
146 -0.0121570990000000
147 -0.0135726990000000
148 -0.0158826990000000
149 -0.0147987990000000
150 -0.0144581990000000
151 -0.0152779990000000
152 -0.0146743990000000
153 -0.0136812990000000
154 -0.0126938990000000
155 -0.0120031990000000
156 -0.0108041990000000
157 -0.0112604990000000
158 -0.0114900990000000
159 -0.0128045990000000
160 -0.0138558990000000
161 -0.0128597990000000
162 -0.0110296990000000
163 -0.0129038990000000
164 -0.0127686990000000
165 -0.0095539990000000
166 -0.0084363990000000
167 -0.0066404990000000
168 -0.0110194990000000
169 -0.0119448990000000
170 -0.0141820990000000
171 -0.0118862990000000
172 -0.0082573990000000
173 -0.0082756990000000
174 -0.0105455990000000
175 -0.0107633990000000
176 -0.0122556990000000
177 -0.0138292990000000
178 -0.0120502990000000
179 -0.0102834990000000
180 -0.0125495990000000
181 -0.0132619990000000
182 -0.0152944990000000
183 -0.0157951990000000
184 -0.0144732990000000
185 -0.0149227990000000
186 -0.0154369990000000
187 -0.0163594990000000
188 -0.0152819990000000
189 -0.0144786990000000
190 -0.0145431990000000
191 -0.0140009990000000
192 -0.0149452990000000
193 -0.0148377990000000
194 -0.0142883990000000
195 -0.0128629990000000
196 -0.0114353990000000
197 -0.0121163990000000
198 -0.0123868990000000
199 -0.0129547990000000
200 -0.0154203990000000
201 -0.0149433990000000
202 -0.0142392990000000
203 -0.0173066990000000
204 -0.0184464990000000
205 -0.0158662990000000
206 -0.0188660990000000
207 -0.0184404990000000
208 -0.0190426990000000
209 -0.0195514990000000
210 -0.0168422990000000
211 -0.0167943990000000
212 -0.0174826990000000
213 -0.0198657990000000
214 -0.0218221990000000
215 -0.0216584990000000
216 -0.0218683990000000
217 -0.0195249990000000
218 -0.0216814990000000
219 -0.0243659990000000
220 -0.0228105990000000
221 -0.0226494990000000
222 -0.0223336990000000
223 -0.0216834990000000
224 -0.0197759990000000
225 -0.0192746990000000
226 -0.0214148990000000
227 -0.0205722990000000
228 -0.0194927990000000
229 -0.0183442990000000
230 -0.0190160990000000
231 -0.0201830990000000
232 -0.0195607990000000
233 -0.0152746990000000
234 -0.0148687990000000
235 -0.0174511990000000
236 -0.0159491990000000
237 -0.0123825990000000
238 -0.0139600990000000
239 -0.0132052990000000
240 -0.0153456990000000
241 -0.0134666990000000
242 -0.0116807990000000
243 -0.0131544990000000
244 -0.0138041990000000
245 -0.0126068990000000
246 -0.0151225990000000
247 -0.0140651990000000
248 -0.0125871990000000
249 -0.0095370990000000
250 -0.0118836990000000
251 -0.0094103990000000
252 -0.0096406990000000
253 -0.0083928990000000
254 -0.0105495990000000
255 -0.0109935990000000
256 -0.0127779990000000
257 -0.0093991990000000
258 -0.0093272990000000
259 -0.0077926990000000
260 -0.0101477990000000
261 -0.0108017990000000
262 -0.0092431990000000
263 -0.0086358990000000
264 -0.0047626990000000
265 -0.0115665990000000
266 -0.0132887990000000
267 -0.0135946990000000
268 -0.0134830990000000
269 -0.0138485990000000
270 -0.0123997990000000
271 -0.0138175990000000
272 -0.0124555990000000
273 -0.0145007990000000
274 -0.0158133990000000
275 -0.0157926990000000
276 -0.0163049990000000
277 -0.0183561990000000
278 -0.0165411990000000
279 -0.0146311990000000
280 -0.0138374990000000
281 -0.0128958990000000
282 -0.0152227990000000
283 -0.0094917990000000
284 -0.0102308990000000
285 -0.0124736990000000
286 -0.0127866990000000
287 -0.0122760990000000
288 -0.0146192990000000
289 -0.0140944990000000
290 -0.0131357990000000
291 -0.0144714990000000
292 -0.0138976990000000
293 -0.0107983990000000
294 -0.0135557990000000
295 -0.0166488990000000
296 -0.0155063990000000
297 -0.0146978990000000
298 -0.0174613990000000
299 -0.0129588990000000
300 -0.0122977990000000
301 -0.0128011990000000
302 -0.0116074990000000
303 -0.0110189990000000
304 -0.0104919990000000
305 -0.0087607990000000
306 -0.0117863990000000
307 -0.0104183990000000
308 -0.0118410990000000
309 -0.0142216990000000
310 -0.0126307990000000
311 -0.0131119990000000
312 -0.0125992990000000
313 -0.0144805990000000
314 -0.0148562990000000
315 -0.0142740990000000
316 -0.0148299990000000
317 -0.0160673990000000
318 -0.0146343990000000
319 -0.0155081990000000
320 -0.0154837990000000
321 -0.0172546990000000
322 -0.0163026990000000
323 -0.0158805990000000
324 -0.0167098990000000
325 -0.0158699990000000
326 -0.0162327990000000
327 -0.0179912990000000
328 -0.0178577990000000
329 -0.0167446990000000
330 -0.0135045990000000
331 -0.0123918990000000
332 -0.0112512990000000
333 -0.0161052990000000
334 -0.0163348990000000
335 -0.0122477990000000
336 -0.0103649990000000
337 -0.0121674990000000
338 -0.0128582990000000
339 -0.0083671990000000
340 -0.0098306990000000
341 -0.0115136990000000
342 -0.0106111990000000
343 -0.0091870990000000
344 -0.0093607990000000
345 -0.0110569990000000
346 -0.0117137990000000
347 -0.0152165990000000
348 -0.0173599990000000
349 -0.0136278990000000
350 -0.0150590990000000
351 -0.0178214990000000
352 -0.0180008990000000
353 -0.0176370990000000
354 -0.0178051990000000
355 -0.0205005990000000
356 -0.0201254990000000
357 -0.0176379990000000
358 -0.0163893990000000
359 -0.0178437990000000
360 -0.0161908990000000
361 -0.0152297990000000
362 -0.0167287990000000
363 -0.0155528990000000
364 -0.0142128990000000
365 -0.0150536990000000
366 -0.0123793990000000
367 -0.0149793990000000
368 -0.0174694990000000
369 -0.0170344990000000
370 -0.0154570990000000
371 -0.0160730990000000
372 -0.0166186990000000
373 -0.0179579990000000
374 -0.0175410990000000
375 -0.0168175990000000
376 -0.0169019990000000
377 -0.0143996990000000
378 -0.0118783990000000
379 -0.0108254990000000
380 -0.0132753990000000
381 -0.0162378990000000
382 -0.0166248990000000
383 -0.0153661990000000
384 -0.0154970990000000
385 -0.0182900990000000
386 -0.0197699990000000
387 -0.0181132990000000
388 -0.0167796990000000
389 -0.0182705990000000
390 -0.0194869990000000
391 -0.0191540990000000
392 -0.0185562990000000
393 -0.0199293990000000
394 -0.0200191990000000
395 -0.0179170990000000
396 -0.0147679990000000
397 -0.0154979990000000
398 -0.0155261990000000
399 -0.0173612990000000
400 -0.0191127990000000
401 -0.0198420990000000
402 -0.0181978990000000
403 -0.0204113990000000
404 -0.0194927990000000
405 -0.0183928990000000
406 -0.0169437990000000
407 -0.0172037990000000
408 -0.0163942990000000
409 -0.0157336990000000
410 -0.0154986990000000
411 -0.0131694990000000
412 -0.0167741990000000
413 -0.0136428990000000
414 -0.0132501990000000
415 -0.0143411990000000
416 -0.0148043990000000
417 -0.0175252990000000
418 -0.0161117990000000
419 -0.0148859990000000
420 -0.0170670990000000
421 -0.0169068990000000
422 -0.0145331990000000
423 -0.0157474990000000
424 -0.0162186990000000
425 -0.0189998990000000
426 -0.0181411990000000
427 -0.0175669990000000
428 -0.0183878990000000
429 -0.0159540990000000
430 -0.0123776990000000
431 -0.0149445990000000
432 -0.0125838990000000
433 -0.0143405990000000
434 -0.0149221990000000
435 -0.0150511990000000
436 -0.0154746990000000
437 -0.0169298990000000
438 -0.0191248990000000
439 -0.0176762990000000
440 -0.0176492990000000
441 -0.0170031990000000
442 -0.0171190990000000
443 -0.0188433990000000
444 -0.0188764990000000
445 -0.0184505990000000
446 -0.0198800990000000
447 -0.0202337990000000
448 -0.0187557990000000
449 -0.0188688990000000
450 -0.0182237990000000
451 -0.0187474990000000
452 -0.0171562990000000
453 -0.0183285990000000
454 -0.0205796990000000
455 -0.0181049990000000
456 -0.0186430990000000
457 -0.0208470990000000
458 -0.0184284990000000
459 -0.0187637990000000
460 -0.0194899990000000
461 -0.0194017990000000
462 -0.0201744990000000
463 -0.0214029990000000
464 -0.0185855990000000
465 -0.0188971990000000
466 -0.0143965990000000
467 -0.0160031990000000
468 -0.0158839990000000
469 -0.0162680990000000
470 -0.0177203990000000
471 -0.0170909990000000
472 -0.0181155990000000
473 -0.0197534990000000
474 -0.0185029990000000
475 -0.0205315990000000
476 -0.0186031990000000
477 -0.0184024990000000
478 -0.0182798990000000
479 -0.0211696990000000
480 -0.0219932990000000
481 -0.0214559990000000
482 -0.0213750990000000
483 -0.0199604990000000
484 -0.0204879990000000
485 -0.0205558990000000
486 -0.0198037990000000
487 -0.0180669990000000
488 -0.0172584990000000
489 -0.0179939990000000
490 -0.0157614990000000
491 -0.0148290990000000
492 -0.0139733990000000
493 -0.0156848990000000
494 -0.0136805990000000
495 -0.0121880990000000
496 -0.0121348990000000
497 -0.0131035990000000
498 -0.0135588990000000
499 -0.0140681990000000
500 -0.0147457990000000
501 -0.0148414990000000
502 -0.0129464990000000
503 -0.0136306990000000
504 -0.0150909990000000
505 -0.0136296990000000
506 -0.0114139990000000
507 -0.0094577990000000
508 -0.0099824990000000
509 -0.0086243990000000
510 -0.0074195990000000
511 -0.0069348990000000
512 -0.0094978990000000
513 -0.0111266990000000
514 -0.0093804990000000
515 -0.0093386990000000
516 -0.0103308990000000
517 -0.0132031990000000
518 -0.0145531990000000
519 -0.0099530990000000
520 -0.0095868990000000
521 -0.0117925990000000
522 -0.0099352990000000
523 -0.0104596990000000
524 -0.0107369990000000
525 -0.0099033990000000
526 -0.0119449990000000
527 -0.0098480990000000
528 -0.0099538990000000
529 -0.0136328990000000
530 -0.0144401990000000
531 -0.0130381990000000
532 -0.0101758990000000
533 -0.0123689990000000
534 -0.0107835990000000
535 -0.0134382990000000
536 -0.0168120990000000
537 -0.0139378990000000
538 -0.0136665990000000
539 -0.0102775990000000
540 -0.0134580990000000
541 -0.0144508990000000
542 -0.0112568990000000
543 -0.0115493990000000
544 -0.0094934990000000
545 -0.0110182990000000
546 -0.0107275990000000
547 -0.0107891990000000
548 -0.0114758990000000
549 -0.0123360990000000
550 -0.0123441990000000
551 -0.0128584990000000
552 -0.0103600990000000
553 -0.0119242990000000
554 -0.0116519990000000
555 -0.0130828990000000
556 -0.0111085990000000
557 -0.0104168990000000
558 -0.0121934990000000
559 -0.0139263990000000
560 -0.0128700990000000
561 -0.0138191990000000
562 -0.0165086990000000
563 -0.0176390990000000
564 -0.0164073990000000
565 -0.0163501990000000
566 -0.0187879990000000
567 -0.0167888990000000
568 -0.0158480990000000
569 -0.0140588990000000
570 -0.0128551990000000
571 -0.0137418990000000
572 -0.0155240990000000
573 -0.0182383990000000
574 -0.0166946990000000
575 -0.0180649990000000
576 -0.0180109990000000
577 -0.0166478990000000
578 -0.0134878990000000
579 -0.0130279990000000
580 -0.0103435990000000
581 -0.0126460990000000
582 -0.0102661990000000
583 -0.0093973990000000
584 -0.0088379990000000
585 -0.0097325990000000
586 -0.0082770990000000
587 -0.0088885990000000
588 -0.0107543990000000
589 -0.0103051990000000
590 -0.0115223990000000
591 -0.0136714990000000
592 -0.0147881990000000
593 -0.0122469990000000
594 -0.0141917990000000
595 -0.0146433990000000
596 -0.0149920990000000
597 -0.0133267990000000
598 -0.0106322990000000
599 -0.0129087990000000
600 -0.0130490990000000
