1 0.0148664383333334
2 0.0129590383333334
3 0.0067835383333334
4 0.0078383383333334
5 0.0019261383333334
6 -0.0004519616666666
7 -0.0019241616666666
8 -0.0081364616666666
9 -0.0069429616666666
10 -0.0103701616666666
11 -0.0115880616666666
12 -0.0048842616666666
13 -0.0007753616666666
14 -0.0070642616666666
15 -0.0074797616666666
16 -0.0060719616666666
17 -0.0060237616666666
18 -0.0029201616666666
19 -0.0010432616666666
20 -0.0041028616666666
21 -0.0085882616666666
22 -0.0077608616666666
23 -0.0139484616666666
24 -0.0108401616666666
25 -0.0094019616666666
26 -0.0148115616666666
27 -0.0173222616666666
28 -0.0175300616666666
29 -0.0158984616666666
30 -0.0163556616666666
31 -0.0144608616666666
32 -0.0122282616666666
33 -0.0133106616666666
34 -0.0127860616666666
35 -0.0129648616666666
36 -0.0088926616666666
37 -0.0033326616666666
38 0.0008810383333334
39 -0.0010516616666666
40 0.0059888383333334
41 -0.0009217616666666
42 0.0034694383333334
43 0.0010242383333334
44 -0.0002817616666666
45 0.0007852383333334
46 0.0006877383333334
47 -0.0018932616666666
48 -0.0019833616666666
49 0.0010665383333334
50 -0.0009140616666666
51 -0.0053026616666666
52 -0.0061256616666666
53 0.0005589383333334
54 0.0030526383333334
55 -0.0061163616666666
56 -0.0032399616666666
57 -0.0046755616666666
58 -0.0057623616666666
59 -0.0048351616666666
60 -0.0088948616666666
61 -0.0069705616666666
62 -0.0097244616666666
63 -0.0132146616666666
64 -0.0138723616666666
65 -0.0134104616666666
66 -0.0109479616666666
67 -0.0098010616666666
68 -0.0064477616666666
69 -0.0064653616666666
70 -0.0075088616666666
71 -0.0081299616666666
72 -0.0046300616666666
73 -0.0091342616666666
74 -0.0080844616666666
75 -0.0035881616666666
76 -0.0044009616666666
77 -0.0066492616666666
78 -0.0069613616666666
79 -0.0022031616666666
80 0.0020402383333334
81 0.0039826383333334
82 0.0051135383333334
83 0.0057425383333334
84 0.0029196383333334
85 -0.0014697616666666
86 0.0002335383333334
87 -0.0028580616666666
88 -0.0082349616666666
89 -0.0113299616666666
90 -0.0143256616666666
91 -0.0094736616666666
92 -0.0063511616666666
93 -0.0095879616666666
94 -0.0152451616666666
95 -0.0134374616666666
96 -0.0105280616666666
97 -0.0097589616666666
98 -0.0118728616666666
99 -0.0134040616666666
100 -0.0138257616666666
101 -0.0098133616666666
102 -0.0084751616666666
103 -0.0128554616666666
104 -0.0134945616666666
105 -0.0106179616666666
106 -0.0061207616666666
107 -0.0078778616666666
108 -0.0036145616666666
109 -0.0076005616666666
110 -0.0110617616666666
111 -0.0053588616666666
112 -0.0042995616666666
113 -0.0003938616666666
114 -0.0051038616666666
115 -0.0048944616666666
116 -0.0057982616666666
117 -0.0077077616666666
118 -0.0065623616666666
119 -0.0079697616666666
120 -0.0044066616666666
121 -0.0022406616666666
122 -0.0092766616666666
123 -0.0102488616666666
124 -0.0095806616666666
125 -0.0057852616666666
126 -0.0105264616666666
127 -0.0125808616666666
128 -0.0103201616666666
129 -0.0040829616666666
130 -0.0033921616666666
131 -0.0039559616666666
132 -0.0017608616666666
133 -0.0000360616666666
134 -0.0051062616666666
135 -0.0015339616666666
136 -0.0036655616666666
137 -0.0059461616666666
138 -0.0027888616666666
139 -0.0007197616666666
140 0.0047196383333334
141 0.0013247383333334
142 -0.0022756616666666
143 0.0003969383333334
144 -0.0031248616666666
145 -0.0052147616666666
146 -0.0020686616666666
147 -0.0032968616666666
148 -0.0035601616666666
149 -0.0068781616666666
150 -0.0058824616666666
151 -0.0058629616666666
152 -0.0090540616666666
153 -0.0111476616666666
154 -0.0093608616666666
155 -0.0095768616666666
156 -0.0086835616666666
157 -0.0043722616666666
158 -0.0078939616666666
159 -0.0061643616666666
160 -0.0011323616666666
161 -0.0024354616666666
162 -0.0008839616666666
163 0.0086219383333334
164 0.0055023383333334
165 0.0020289383333334
166 0.0020470383333334
167 0.0038865383333334
168 0.0077590383333334
169 0.0008287383333334
170 0.0057201383333334
171 0.0022772383333334
172 0.0019522383333334
173 0.0002016383333334
174 0.0030597383333334
175 0.0009305383333334
176 0.0050728383333334
177 -0.0002656616666666
178 -0.0036981616666666
179 -0.0039771616666666
180 -0.0010196616666666
181 -0.0076334616666666
182 -0.0062689616666666
183 -0.0024289616666666
184 -0.0058132616666666
185 -0.0059369616666666
186 -0.0083197616666666
187 -0.0118431616666666
188 -0.0065220616666666
189 -0.0036248616666666
190 -0.0047448616666666
191 -0.0109063616666666
192 -0.0093170616666666
193 -0.0060403616666666
194 -0.0000746616666666
195 0.0046835383333334
196 0.0017493383333334
197 -0.0004802616666666
198 0.0001316383333334
199 -0.0032139616666666
200 0.0050182383333334
201 0.0017932383333334
202 -0.0014302616666666
203 -0.0022407616666666
204 0.0031708383333334
205 0.0021194383333334
206 0.0009309383333334
207 0.0012644383333334
208 -0.0019622616666666
209 -0.0072389616666666
210 -0.0067431616666666
211 -0.0080867616666666
212 -0.0072792616666666
213 -0.0099140616666666
214 -0.0118340616666666
215 -0.0110930616666666
216 -0.0031167616666666
217 -0.0068975616666666
218 -0.0021556616666666
219 -0.0021630616666666
220 -0.0029925616666666
221 -0.0026035616666666
222 0.0034791383333334
223 0.0018097383333334
224 0.0017917383333334
225 0.0006657383333334
226 -0.0011780616666666
227 -0.0043837616666666
228 -0.0031306616666666
229 0.0003959383333334
230 -0.0029889616666666
231 -0.0033257616666666
232 0.0019379383333334
233 -0.0023878616666666
234 -0.0053998616666666
235 -0.0070072616666666
236 -0.0069273616666666
237 -0.0047695616666666
238 -0.0051469616666666
239 -0.0058257616666666
240 0.0008122383333334
241 -0.0037431616666666
242 -0.0038568616666666
243 -0.0029132616666666
244 -0.0005219616666666
245 0.0025771383333334
246 0.0043077383333334
247 -0.0036872616666666
248 0.0036336383333334
249 -0.0003473616666666
250 0.0004107383333334
251 -0.0009559616666666
252 0.0010813383333334
253 -0.0052573616666666
254 -0.0047766616666666
255 -0.0021718616666666
256 -0.0012226616666666
257 -0.0045239616666666
258 -0.0068630616666666
259 -0.0097952616666666
260 -0.0067809616666666
261 -0.0079530616666666
262 -0.0139850616666666
263 -0.0114545616666666
264 -0.0086427616666666
265 -0.0086900616666666
266 -0.0054647616666666
267 -0.0095981616666666
268 -0.0094220616666666
269 -0.0117514616666666
270 -0.0098519616666666
271 -0.0079881616666666
272 -0.0112767616666666
273 -0.0119796616666666
274 -0.0114612616666666
275 -0.0063711616666666
276 -0.0024653616666666
277 0.0028307383333334
278 -0.0012304616666666
279 -0.0017515616666666
280 -0.0028786616666666
281 -0.0019724616666666
282 -0.0069913616666666
283 -0.0101404616666666
284 -0.0107058616666666
285 -0.0127120616666666
286 -0.0116395616666666
287 -0.0109057616666666
288 -0.0039570616666666
289 -0.0012771616666666
290 -0.0025065616666666
291 0.0020975383333334
292 -0.0002146616666666
293 -0.0014220616666666
294 0.0010797383333334
295 -0.0018397616666666
296 0.0034029383333334
297 0.0011802383333334
298 0.0021383383333334
299 0.0059557383333334
300 0.0032848383333334
301 0.0050431383333334
302 0.0063528383333334
303 0.0034659383333334
304 0.0037660383333334
305 0.0008506383333334
306 0.0044852383333334
307 0.0059515383333334
308 0.0042834383333334
309 -0.0023727616666666
310 -0.0039176616666666
311 0.0051771383333334
312 0.0041480383333334
313 0.0044332383333334
314 -0.0006312616666666
315 -0.0000982616666666
316 0.0004210383333334
317 -0.0010934616666666
318 0.0039137383333334
319 0.0012028383333334
320 -0.0010668616666666
321 -0.0041291616666666
322 0.0007938383333334
323 -0.0038695616666666
324 -0.0028566616666666
325 0.0035435383333334
326 0.0046151383333334
327 -0.0010595616666666
328 0.0055473383333334
329 0.0006266383333334
330 -0.0020725616666666
331 -0.0040117616666666
332 -0.0073663616666666
333 -0.0010754616666666
334 -0.0079591616666666
335 -0.0036668616666666
336 -0.0030905616666666
337 -0.0034825616666666
338 -0.0031735616666666
339 -0.0049796616666666
340 -0.0084073616666666
341 -0.0072122616666666
342 -0.0078767616666666
343 -0.0121811616666666
344 -0.0120635616666666
345 -0.0121958616666666
346 -0.0121597616666666
347 0.0017139383333334
348 0.0029471383333334
349 0.0027163383333334
350 0.0044092383333334
351 0.0060977383333334
352 0.0058748383333334
353 0.0021290383333334
354 0.0103704383333334
355 0.0038079383333334
356 -0.0006042616666666
357 -0.0034644616666666
358 -0.0065129616666666
359 -0.0066227616666666
360 -0.0114873616666666
361 -0.0065572616666666
362 -0.0063635616666666
363 -0.0057896616666666
364 -0.0063006616666666
365 -0.0030246616666666
366 -0.0022048616666666
367 -0.0017942616666666
368 -0.0010729616666666
369 -0.0017688616666666
370 0.0008095383333334
371 0.0012718383333334
372 -0.0017169616666666
373 -0.0015512616666666
374 -0.0048469616666666
375 -0.0013459616666666
376 0.0012535383333334
377 -0.0016493616666666
378 -0.0010202616666666
379 0.0004324383333334
380 0.0024450383333334
381 0.0018494383333334
382 0.0014622383333334
383 -0.0003480616666666
384 -0.0009917616666666
385 -0.0020231616666666
386 0.0006337383333334
387 0.0013680383333334
388 -0.0047916616666666
389 -0.0090609616666666
390 -0.0100112616666666
391 -0.0109157616666666
392 -0.0130460616666666
393 -0.0111623616666666
394 -0.0105616616666666
395 -0.0092917616666666
396 -0.0129776616666666
397 -0.0153633616666666
398 -0.0113937616666666
399 -0.0105821616666666
400 -0.0139541616666666
401 -0.0148610616666666
402 -0.0125161616666666
403 -0.0116611616666666
404 -0.0096306616666666
405 -0.0060106616666666
406 -0.0031974616666666
407 -0.0056320616666666
408 -0.0083985616666666
409 -0.0088051616666666
410 -0.0102470616666666
411 -0.0132410616666666
412 -0.0116583616666666
413 -0.0094200616666666
414 -0.0062796616666666
415 -0.0064839616666666
416 -0.0049153616666666
417 -0.0054439616666666
418 -0.0003437616666666
419 -0.0018988616666666
420 -0.0045837616666666
421 -0.0066466616666666
422 0.0015973383333334
423 -0.0006936616666666
424 0.0038046383333334
425 0.0010147383333334
426 -0.0002157616666666
427 0.0025090383333334
428 0.0013365383333334
429 -0.0007630616666666
430 0.0019051383333334
431 0.0009072383333334
432 -0.0022102616666666
433 -0.0010534616666666
434 -0.0062469616666666
435 -0.0045487616666666
436 -0.0026597616666666
437 -0.0064555616666666
438 -0.0072889616666666
439 -0.0069578616666666
440 -0.0040219616666666
441 -0.0079943616666666
442 -0.0031246616666666
443 0.0009831383333334
444 -0.0011408616666666
445 0.0058081383333334
446 0.0060681383333334
447 -0.0003867616666666
448 -0.0012472616666666
449 -0.0019343616666666
450 -0.0035261616666666
451 -0.0050695616666666
452 -0.0044021616666666
453 -0.0056648616666666
454 -0.0050067616666666
455 -0.0030380616666666
456 -0.0008433616666666
457 -0.0043338616666666
458 -0.0009908616666666
459 -0.0080855616666666
460 -0.0059023616666666
461 -0.0048118616666666
462 -0.0057763616666666
463 -0.0056972616666666
464 0.0018423383333334
465 -0.0028221616666666
466 -0.0015230616666666
467 0.0018336383333334
468 0.0045276383333334
469 0.0043613383333334
470 0.0030781383333334
471 -0.0065731616666666
472 -0.0075409616666666
473 -0.0055994616666666
474 -0.0010985616666666
475 0.0015944383333334
476 0.0044769383333334
477 0.0017781383333334
478 -0.0016235616666666
479 -0.0010987616666666
480 0.0011778383333334
481 0.0053244383333334
482 -0.0019009616666666
483 -0.0029204616666666
484 -0.0027296616666666
485 -0.0052573616666666
486 -0.0064370616666666
487 -0.0084710616666666
488 -0.0139496616666666
489 -0.0110692616666666
490 -0.0107285616666666
491 -0.0111078616666666
492 -0.0100536616666666
493 -0.0162438616666666
494 -0.0148122616666666
495 -0.0141554616666666
496 -0.0116969616666666
497 -0.0128413616666666
498 -0.0093023616666666
499 -0.0067732616666666
500 -0.0086676616666666
501 -0.0074621616666666
502 -0.0059302616666666
503 -0.0051426616666666
504 -0.0043263616666666
505 -0.0028739616666666
506 -0.0050659616666666
507 -0.0081272616666666
508 -0.0054831616666666
509 -0.0049738616666666
510 -0.0050973616666666
511 -0.0085286616666666
512 -0.0091081616666666
513 -0.0111490616666666
514 -0.0118798616666666
515 -0.0086963616666666
516 -0.0046712616666666
517 -0.0033086616666666
518 -0.0051247616666666
519 -0.0036539616666666
520 -0.0017716616666666
521 0.0004561383333334
522 -0.0024680616666666
523 0.0001620383333334
524 0.0016355383333334
525 0.0057373383333334
526 0.0045219383333334
527 0.0014789383333334
528 0.0018836383333334
529 0.0002969383333334
530 -0.0010280616666666
531 -0.0042912616666666
532 -0.0003585616666666
533 -0.0049020616666666
534 0.0003500383333334
535 -0.0042719616666666
536 -0.0101690616666666
537 -0.0102905616666666
538 -0.0011223616666666
539 0.0035688383333334
540 0.0013432383333334
541 0.0012634383333334
542 -0.0008128616666666
543 -0.0040351616666666
544 -0.0083693616666666
545 -0.0075309616666666
546 -0.0110096616666666
547 -0.0080105616666666
548 -0.0068228616666666
549 -0.0017316616666666
550 0.0013475383333334
551 -0.0050202616666666
552 -0.0023124616666666
553 0.0045322383333334
554 -0.0043100616666666
555 -0.0009087616666666
556 0.0023038383333334
557 0.0018440383333334
558 -0.0069174616666666
559 -0.0041475616666666
560 -0.0046939616666666
561 -0.0066279616666666
562 -0.0105035616666666
563 -0.0065060616666666
564 -0.0070848616666666
565 -0.0069172616666666
566 -0.0051968616666666
567 -0.0089786616666666
568 -0.0081088616666666
569 -0.0055463616666666
570 -0.0069322616666666
571 -0.0083213616666666
572 -0.0039631616666666
573 -0.0047416616666666
574 -0.0106404616666666
575 -0.0075282616666666
576 -0.0063958616666666
577 -0.0036012616666666
578 -0.0045597616666666
579 -0.0044197616666666
580 -0.0084268616666666
581 -0.0122181616666666
582 -0.0077836616666666
583 -0.0074160616666666
584 -0.0077288616666666
585 -0.0018160616666666
586 -0.0064710616666666
587 -0.0099842616666666
588 -0.0048728616666666
589 -0.0076115616666666
590 -0.0031094616666666
591 -0.0030339616666666
592 -0.0028991616666666
593 -0.0005459616666666
594 -0.0018574616666666
595 0.0009255383333334
596 -0.0051187616666666
597 -0.0056589616666666
598 -0.0021026616666666
599 -0.0018033616666666
600 -0.0036361616666666
1 0.0130129383333334
2 0.0088714383333334
3 0.0107138383333334
4 0.0041892383333334
5 0.0066596383333334
6 0.0073156383333334
7 0.0042421383333334
8 0.0013518383333334
9 -0.0031148616666666
10 -0.0026821616666666
11 0.0007522383333334
12 -0.0041059616666666
13 -0.0032507616666666
14 0.0023932383333334
15 -0.0045474616666666
16 -0.0058579616666666
17 -0.0096574616666666
18 -0.0048004616666666
19 -0.0040666616666666
20 -0.0100496616666666
21 -0.0076490616666666
22 -0.0081103616666666
23 -0.0051670616666666
24 -0.0009129616666666
25 0.0002925383333334
26 -0.0013849616666666
27 -0.0009450616666666
28 -0.0060491616666666
29 -0.0074351616666666
30 -0.0105220616666666
31 -0.0099832616666666
32 -0.0088501616666666
33 -0.0040653616666666
34 -0.0039792616666666
35 -0.0015581616666666
36 -0.0078030616666666
37 -0.0075242616666666
38 -0.0039197616666666
39 -0.0062172616666666
40 -0.0106295616666666
41 -0.0047861616666666
42 -0.0038430616666666
43 -0.0071358616666666
44 -0.0056220616666666
45 -0.0068146616666666
46 -0.0107286616666666
47 -0.0081362616666666
48 -0.0073063616666666
49 -0.0103103616666666
50 -0.0120456616666666
51 -0.0112471616666666
52 -0.0092500616666666
53 -0.0123295616666666
54 -0.0133141616666666
55 -0.0136113616666666
56 -0.0132616616666666
57 -0.0103385616666666
58 -0.0123297616666666
59 -0.0117156616666666
60 -0.0112437616666666
61 -0.0081263616666666
62 -0.0121693616666666
63 -0.0061265616666666
64 -0.0036497616666666
65 -0.0042267616666666
66 0.0016344383333334
67 -0.0027253616666666
68 0.0005533383333334
69 -0.0037918616666666
70 -0.0050680616666666
71 -0.0048371616666666
72 -0.0077704616666666
73 -0.0068426616666666
74 -0.0028329616666666
75 0.0043104383333334
76 0.0079588383333334
77 0.0069453383333334
78 0.0061292383333334
79 0.0076196383333334
80 0.0057292383333334
81 0.0010998383333334
82 -0.0071683616666666
83 -0.0072227616666666
84 -0.0078624616666666
85 -0.0087245616666666
86 -0.0090294616666666
87 -0.0119233616666666
88 -0.0130816616666666
89 -0.0152609616666666
90 -0.0157499616666666
91 -0.0135072616666666
92 -0.0136967616666666
93 -0.0140156616666666
94 -0.0082306616666666
95 -0.0080960616666666
96 -0.0086941616666666
97 -0.0110909616666666
98 -0.0119701616666666
99 -0.0098797616666666
100 -0.0068223616666666
101 -0.0110065616666666
102 -0.0109249616666666
103 -0.0041512616666666
104 -0.0073877616666666
105 -0.0062812616666666
106 -0.0070431616666666
107 -0.0078544616666666
108 -0.0079318616666666
109 -0.0068489616666666
110 -0.0083671616666666
111 -0.0081054616666666
112 -0.0036961616666666
113 -0.0039897616666666
114 -0.0051993616666666
115 -0.0017434616666666
116 -0.0013814616666666
117 -0.0034430616666666
118 -0.0038262616666666
119 -0.0072779616666666
120 -0.0068842616666666
121 -0.0093168616666666
122 -0.0089779616666666
123 -0.0099649616666666
124 -0.0057911616666666
125 -0.0053050616666666
126 -0.0065255616666666
127 -0.0088710616666666
128 -0.0074741616666666
129 -0.0082592616666666
130 -0.0090435616666666
131 -0.0090786616666666
132 -0.0097264616666666
133 -0.0091518616666666
134 -0.0087394616666666
135 -0.0067558616666666
136 -0.0065811616666666
137 -0.0062366616666666
138 -0.0054281616666666
139 -0.0098358616666666
140 -0.0126426616666666
141 -0.0061281616666666
142 -0.0023973616666666
143 -0.0049046616666666
144 -0.0044577616666666
145 -0.0030749616666666
146 -0.0049540616666666
147 -0.0064798616666666
148 -0.0099016616666666
149 -0.0064003616666666
150 -0.0106808616666666
151 -0.0066867616666666
152 -0.0051154616666666
153 -0.0069445616666666
154 -0.0074443616666666
155 -0.0055222616666666
156 0.0013801383333334
157 -0.0002596616666666
158 -0.0017955616666666
159 -0.0036851616666666
160 0.0004548383333334
161 -0.0041646616666666
162 -0.0069904616666666
163 -0.0081758616666666
164 -0.0088594616666666
165 -0.0132541616666666
166 -0.0154803616666666
167 -0.0121014616666666
168 -0.0104384616666666
169 -0.0113663616666666
170 -0.0091013616666666
171 -0.0071501616666666
172 -0.0081246616666666
173 -0.0047516616666666
174 -0.0038398616666666
175 -0.0081283616666666
176 -0.0037617616666666
177 -0.0029142616666666
178 -0.0081762616666666
179 -0.0065708616666666
180 -0.0067788616666666
181 -0.0091398616666666
182 -0.0109875616666666
183 -0.0105369616666666
184 -0.0104860616666666
185 -0.0098514616666666
186 -0.0033683616666666
187 -0.0053098616666666
188 -0.0072951616666666
189 -0.0059495616666666
190 -0.0037117616666666
191 -0.0072682616666666
192 -0.0047144616666666
193 0.0006113383333334
194 0.0023258383333334
195 0.0022181383333334
196 0.0018628383333334
197 -0.0039260616666666
198 -0.0022153616666666
199 -0.0058113616666666
200 -0.0044174616666666
201 -0.0044176616666666
202 -0.0063419616666666
203 -0.0040013616666666
204 -0.0035982616666666
205 -0.0085557616666666
206 -0.0072375616666666
207 -0.0076439616666666
208 -0.0060459616666666
209 -0.0044745616666666
210 -0.0043782616666666
211 -0.0044788616666666
212 -0.0045271616666666
213 -0.0027078616666666
214 0.0027196383333334
215 0.0022535383333334
216 -0.0042386616666666
217 -0.0084145616666666
218 -0.0060216616666666
219 -0.0079769616666666
220 -0.0115162616666666
221 -0.0112139616666666
222 -0.0164852616666666
223 -0.0103373616666666
224 -0.0142921616666666
225 -0.0176443616666666
226 -0.0139051616666666
227 -0.0174387616666666
228 -0.0106215616666666
229 -0.0098686616666666
230 -0.0082803616666666
231 -0.0080212616666666
232 -0.0087009616666666
233 -0.0080234616666666
234 -0.0023252616666666
235 -0.0007054616666666
236 0.0016284383333334
237 0.0006094383333334
238 -0.0009137616666666
239 -0.0047974616666666
240 -0.0044067616666666
241 -0.0012874616666666
242 -0.0021228616666666
243 0.0007629383333334
244 -0.0021712616666666
245 -0.0007313616666666
246 -0.0035836616666666
247 -0.0065530616666666
248 -0.0044738616666666
249 -0.0024155616666666
250 0.0005805383333334
251 -0.0067618616666666
252 -0.0078297616666666
253 -0.0038640616666666
254 -0.0006598616666666
255 -0.0006429616666666
256 -0.0001461616666666
257 0.0032130383333334
258 0.0062257383333334
259 0.0013839383333334
260 0.0049253383333334
261 0.0089538383333334
262 0.0075552383333334
263 0.0064900383333334
264 0.0045407383333334
265 -0.0043121616666666
266 -0.0071144616666666
267 -0.0089286616666666
268 -0.0056322616666666
269 -0.0085789616666666
270 -0.0006386616666666
271 0.0005229383333334
272 -0.0005813616666666
273 -0.0002419616666666
274 -0.0006349616666666
275 -0.0008060616666666
276 -0.0019854616666666
277 -0.0062779616666666
278 -0.0102565616666666
279 -0.0133990616666666
280 -0.0126303616666666
281 -0.0113532616666666
282 -0.0093967616666666
283 -0.0091727616666666
284 -0.0125532616666666
285 -0.0155165616666666
286 -0.0154789616666666
287 -0.0184384616666666
288 -0.0172054616666666
289 -0.0169389616666666
290 -0.0158386616666666
291 -0.0167844616666666
292 -0.0172513616666666
293 -0.0148465616666666
294 -0.0139919616666666
295 -0.0123608616666666
296 -0.0154165616666666
297 -0.0146708616666666
298 -0.0129191616666666
299 -0.0123157616666666
300 -0.0131039616666666
301 -0.0136866616666666
302 -0.0125073616666666
303 -0.0049814616666666
304 -0.0034231616666666
305 -0.0028911616666666
306 -0.0016267616666666
307 -0.0025364616666666
308 -0.0018315616666666
309 -0.0008724616666666
310 0.0029658383333334
311 0.0007974383333334
312 -0.0018916616666666
313 -0.0001777616666666
314 -0.0028587616666666
315 0.0014082383333334
316 0.0058790383333334
317 0.0032294383333334
318 0.0039362383333334
319 0.0014060383333334
320 -0.0033511616666666
321 -0.0029798616666666
322 -0.0071132616666666
323 -0.0096977616666666
324 -0.0064457616666666
325 -0.0099681616666666
326 -0.0079358616666666
327 -0.0099421616666666
328 -0.0124225616666666
329 -0.0110711616666666
330 -0.0109456616666666
331 -0.0090536616666666
332 -0.0115181616666666
333 -0.0104816616666666
334 -0.0087914616666666
335 -0.0039967616666666
336 -0.0052626616666666
337 -0.0125076616666666
338 -0.0119804616666666
339 -0.0134664616666666
340 -0.0077471616666666
341 -0.0070770616666666
342 -0.0047732616666666
343 -0.0047889616666666
344 -0.0037510616666666
345 -0.0038238616666666
346 -0.0056860616666666
347 -0.0035289616666666
348 0.0017991383333334
349 -0.0031868616666666
350 -0.0065573616666666
351 -0.0065836616666666
352 -0.0052510616666666
353 -0.0063244616666666
354 -0.0035189616666666
355 -0.0066241616666666
356 -0.0081629616666666
357 -0.0088123616666666
358 -0.0067053616666666
359 -0.0061033616666666
360 -0.0031480616666666
361 -0.0084728616666666
362 -0.0093785616666666
363 -0.0075587616666666
364 -0.0063572616666666
365 -0.0044264616666666
366 -0.0022196616666666
367 -0.0056138616666666
368 -0.0065396616666666
369 -0.0039261616666666
370 -0.0101112616666666
371 -0.0118997616666666
372 -0.0099344616666666
373 -0.0121016616666666
374 -0.0096457616666666
375 -0.0097863616666666
376 -0.0138627616666666
377 -0.0177439616666666
378 -0.0191320616666666
379 -0.0160034616666666
380 -0.0146855616666666
381 -0.0112667616666666
382 -0.0126861616666666
383 -0.0114195616666666
384 -0.0023628616666666
385 0.0007080383333334
386 -0.0006910616666666
387 -0.0042223616666666
388 -0.0050403616666666
389 -0.0001410616666666
390 -0.0002545616666666
391 0.0053586383333334
392 0.0084834383333334
393 0.0089370383333334
394 0.0047270383333334
395 0.0000427383333334
396 -0.0038420616666666
397 -0.0033357616666666
398 -0.0060430616666666
399 -0.0116229616666666
400 -0.0110190616666666
401 -0.0116408616666666
402 -0.0087040616666666
403 -0.0100271616666666
404 -0.0081791616666666
405 -0.0109544616666666
406 -0.0147021616666666
407 -0.0167723616666666
408 -0.0133247616666666
409 -0.0055143616666666
410 -0.0014472616666666
411 -0.0026386616666666
412 -0.0033171616666666
413 -0.0055271616666666
414 -0.0027446616666666
415 -0.0030645616666666
416 0.0011322383333334
417 0.0017597383333334
418 -0.0007967616666666
419 -0.0010768616666666
420 0.0032802383333334
421 0.0024826383333334
422 0.0018535383333334
423 -0.0009828616666666
424 -0.0012621616666666
425 0.0001242383333334
426 -0.0024245616666666
427 0.0002664383333334
428 -0.0033527616666666
429 -0.0015420616666666
430 -0.0023591616666666
431 -0.0014085616666666
432 -0.0079026616666666
433 -0.0055558616666666
434 -0.0024567616666666
435 -0.0067866616666666
436 -0.0099037616666666
437 -0.0088115616666666
438 -0.0106219616666666
439 -0.0105258616666666
440 -0.0081026616666666
441 -0.0051723616666666
442 -0.0050331616666666
443 -0.0053585616666666
444 -0.0005770616666666
445 -0.0039360616666666
446 -0.0103299616666666
447 -0.0074965616666666
448 -0.0032144616666666
449 -0.0034578616666666
450 -0.0060804616666666
451 -0.0026334616666666
452 -0.0021399616666666
453 -0.0006890616666666
454 -0.0008064616666666
455 -0.0003000616666666
456 -0.0054486616666666
457 -0.0085665616666666
458 -0.0048723616666666
459 -0.0044398616666666
460 -0.0089356616666666
461 -0.0128393616666666
462 -0.0091226616666666
463 -0.0112035616666666
464 -0.0086117616666666
465 -0.0076351616666666
466 -0.0064963616666666
467 -0.0081592616666666
468 -0.0052665616666666
469 -0.0080709616666666
470 -0.0045473616666666
471 -0.0070056616666666
472 -0.0072662616666666
473 -0.0022061616666666
474 -0.0017246616666666
475 -0.0031722616666666
476 -0.0059853616666666
477 -0.0078832616666666
478 -0.0097602616666666
479 -0.0108003616666666
480 -0.0126777616666666
481 -0.0126357616666666
482 -0.0076617616666666
483 -0.0093247616666666
484 -0.0070813616666666
485 -0.0095997616666666
486 -0.0084836616666666
487 -0.0117987616666666
488 -0.0138049616666666
489 -0.0128389616666666
490 -0.0119486616666666
491 -0.0110099616666666
492 -0.0134601616666666
493 -0.0146609616666666
494 -0.0150318616666666
495 -0.0177513616666666
496 -0.0170998616666666
497 -0.0172801616666666
498 -0.0115634616666666
499 -0.0143226616666666
500 -0.0131807616666666
501 -0.0095575616666666
502 -0.0103639616666666
503 -0.0129974616666666
504 -0.0132023616666666
505 -0.0137607616666666
506 -0.0089196616666666
507 -0.0054060616666666
508 -0.0064123616666666
509 -0.0100031616666666
510 -0.0073310616666666
511 -0.0035807616666666
512 -0.0042108616666666
513 -0.0008705616666666
514 0.0013806383333334
515 0.0040893383333334
516 0.0053549383333334
517 0.0038397383333334
518 0.0046000383333334
519 0.0029040383333334
520 -0.0017053616666666
521 -0.0077657616666666
522 -0.0108155616666666
523 -0.0050241616666666
524 -0.0051632616666666
525 -0.0054706616666666
526 -0.0047179616666666
527 -0.0072935616666666
528 -0.0080282616666666
529 -0.0069374616666666
530 -0.0084614616666666
531 -0.0074002616666666
532 -0.0069316616666666
533 -0.0080560616666666
534 -0.0102714616666666
535 -0.0138386616666666
536 -0.0130507616666666
537 -0.0140968616666666
538 -0.0164554616666666
539 -0.0148896616666666
540 -0.0158985616666666
541 -0.0189364616666666
542 -0.0168097616666666
543 -0.0140906616666666
544 -0.0130518616666666
545 -0.0206113616666666
546 -0.0167708616666666
547 -0.0145672616666666
548 -0.0165271616666666
549 -0.0130443616666666
550 -0.0137696616666666
551 -0.0106034616666666
552 -0.0124496616666666
553 -0.0060864616666666
554 -0.0059464616666666
555 -0.0064034616666666
556 -0.0059219616666666
557 -0.0036165616666666
558 -0.0109872616666666
559 -0.0078634616666666
560 -0.0074939616666666
561 -0.0038517616666666
562 -0.0006979616666666
563 -0.0025463616666666
564 -0.0042673616666666
565 -0.0002187616666666
566 0.0016789383333334
567 0.0023118383333334
568 0.0078551383333334
569 0.0049135383333334
570 0.0003774383333334
571 0.0036398383333334
572 0.0092049383333334
573 0.0113112383333334
574 0.0111108383333334
575 0.0070488383333334
576 0.0037874383333334
577 0.0053282383333334
578 0.0022833383333334
579 0.0029805383333334
580 -0.0007608616666666
581 0.0000233383333334
582 0.0003277383333334
583 0.0027231383333334
584 0.0006470383333334
585 -0.0000209616666666
586 -0.0003424616666666
587 -0.0003014616666666
588 -0.0001596616666666
589 -0.0007816616666666
590 -0.0037314616666666
591 -0.0063868616666666
592 -0.0032795616666666
593 -0.0037431616666666
594 -0.0053670616666666
595 -0.0058949616666666
596 -0.0080317616666666
597 -0.0108803616666666
598 -0.0098157616666666
599 -0.0091248616666666
600 -0.0123813616666666
1 0.0186447383333334
2 0.0149879383333334
3 0.0131062383333334
4 0.0045991383333334
5 0.0092858383333334
6 0.0033830383333334
7 -0.0008003616666666
8 -0.0013421616666666
9 -0.0024089616666666
10 -0.0037906616666666
11 -0.0021803616666666
12 0.0005120383333334
13 -0.0061374616666666
14 -0.0039850616666666
15 -0.0039837616666666
16 -0.0007760616666666
17 0.0020417383333334
18 -0.0012528616666666
19 0.0006696383333334
20 0.0004692383333334
21 -0.0044786616666666
22 -0.0037110616666666
23 -0.0096127616666666
24 -0.0086107616666666
25 -0.0092795616666666
26 -0.0077107616666666
27 -0.0087018616666666
28 -0.0124447616666666
29 -0.0048525616666666
30 -0.0024531616666666
31 -0.0060327616666666
32 -0.0058515616666666
33 -0.0053511616666666
34 -0.0100151616666666
35 -0.0040093616666666
36 -0.0074644616666666
37 -0.0127355616666666
38 -0.0112266616666666
39 -0.0089233616666666
40 -0.0115297616666666
41 -0.0105137616666666
42 -0.0110141616666666
43 -0.0101584616666666
44 -0.0133022616666666
45 -0.0162279616666666
46 -0.0154787616666666
47 -0.0140399616666666
48 -0.0156521616666666
49 -0.0184054616666666
50 -0.0189232616666666
51 -0.0194376616666666
52 -0.0210355616666666
53 -0.0235708616666666
54 -0.0228845616666666
55 -0.0182467616666666
56 -0.0187449616666666
57 -0.0175261616666666
58 -0.0177246616666666
59 -0.0175386616666666
60 -0.0123161616666666
61 -0.0126140616666666
62 -0.0112934616666666
63 -0.0055268616666666
64 -0.0078450616666666
65 -0.0101007616666666
66 -0.0102433616666666
67 -0.0103736616666666
68 -0.0102024616666666
69 -0.0113600616666666
70 -0.0110948616666666
71 -0.0108921616666666
72 -0.0107837616666666
73 -0.0133160616666666
74 -0.0089953616666666
75 -0.0117219616666666
76 -0.0062517616666666
77 -0.0035402616666666
78 -0.0026279616666666
79 -0.0035641616666666
80 -0.0079968616666666
81 -0.0065176616666666
82 -0.0068731616666666
83 -0.0032430616666666
84 -0.0096121616666666
85 -0.0130135616666666
86 -0.0129993616666666
87 -0.0114681616666666
88 -0.0170469616666666
89 -0.0180735616666666
90 -0.0169697616666666
91 -0.0131405616666666
92 -0.0104384616666666
93 -0.0130045616666666
94 -0.0117146616666666
95 -0.0106944616666666
96 -0.0058157616666666
97 -0.0077699616666666
98 -0.0069298616666666
99 -0.0096961616666666
100 -0.0102998616666666
101 -0.0106836616666666
102 -0.0078978616666666
103 -0.0079660616666666
104 -0.0065413616666666
105 -0.0087130616666666
106 -0.0065861616666666
107 -0.0028576616666666
108 -0.0040840616666666
109 -0.0075081616666666
110 -0.0077973616666666
111 -0.0068790616666666
112 -0.0093665616666666
113 -0.0095252616666666
114 -0.0042056616666666
115 -0.0072448616666666
116 -0.0038835616666666
117 -0.0031606616666666
118 -0.0040088616666666
119 -0.0028457616666666
120 -0.0052147616666666
121 -0.0051606616666666
122 -0.0073001616666666
123 -0.0106932616666666
124 -0.0092109616666666
125 -0.0075708616666666
126 -0.0076804616666666
127 -0.0087261616666666
128 -0.0076911616666666
129 -0.0052549616666666
130 -0.0079825616666666
131 -0.0098608616666666
132 -0.0090272616666666
133 -0.0131691616666666
134 -0.0093282616666666
135 -0.0089449616666666
136 -0.0109609616666666
137 -0.0070798616666666
138 -0.0110949616666666
139 -0.0140005616666666
140 -0.0141942616666666
141 -0.0084146616666666
142 -0.0088255616666666
143 -0.0077571616666666
144 -0.0082272616666666
145 -0.0052918616666666
146 -0.0077503616666666
147 -0.0049147616666666
148 -0.0061179616666666
149 -0.0059926616666666
150 -0.0015951616666666
151 -0.0030716616666666
152 -0.0074307616666666
153 -0.0065484616666666
154 -0.0039450616666666
155 -0.0049495616666666
156 0.0012887383333334
157 -0.0033885616666666
158 -0.0059564616666666
159 -0.0032409616666666
160 -0.0049831616666666
161 -0.0085953616666666
162 -0.0059570616666666
163 -0.0084432616666666
164 -0.0152902616666666
165 -0.0104533616666666
166 -0.0061775616666666
167 -0.0046486616666666
168 -0.0005554616666666
169 -0.0049922616666666
170 -0.0040140616666666
171 -0.0045933616666666
172 -0.0020247616666666
173 -0.0023003616666666
174 -0.0002342616666666
175 0.0016885383333334
176 -0.0003936616666666
177 -0.0048915616666666
178 -0.0053668616666666
179 -0.0009104616666666
180 -0.0012639616666666
181 -0.0035365616666666
182 -0.0032996616666666
183 -0.0021534616666666
184 -0.0063618616666666
185 -0.0061086616666666
186 -0.0086242616666666
187 -0.0102765616666666
188 -0.0076192616666666
189 -0.0066917616666666
190 -0.0084666616666666
191 -0.0070730616666666
192 -0.0095477616666666
193 -0.0111182616666666
194 -0.0126330616666666
195 -0.0161270616666666
196 -0.0175625616666666
197 -0.0144435616666666
198 -0.0112370616666666
199 -0.0128617616666666
200 -0.0114220616666666
201 -0.0101077616666666
202 -0.0121046616666666
203 -0.0095518616666666
204 -0.0128198616666666
205 -0.0101154616666666
206 -0.0060696616666666
207 -0.0045229616666666
208 -0.0013354616666666
209 -0.0039323616666666
210 -0.0093415616666666
211 -0.0099246616666666
212 -0.0062776616666666
213 -0.0029871616666666
214 -0.0070552616666666
215 -0.0042386616666666
216 -0.0037256616666666
217 -0.0045873616666666
218 -0.0077773616666666
219 -0.0077203616666666
220 -0.0102011616666666
221 -0.0065023616666666
222 -0.0032475616666666
223 -0.0074592616666666
224 -0.0013544616666666
225 -0.0030874616666666
226 -0.0042293616666666
227 -0.0036794616666666
228 -0.0060567616666666
229 -0.0068753616666666
230 -0.0069969616666666
231 -0.0083249616666666
232 -0.0088398616666666
233 -0.0076436616666666
234 -0.0086389616666666
235 -0.0036351616666666
236 -0.0042165616666666
237 -0.0075373616666666
238 -0.0096742616666666
239 -0.0069207616666666
240 -0.0022422616666666
241 -0.0038645616666666
242 -0.0052903616666666
243 -0.0081396616666666
244 -0.0039092616666666
245 -0.0057977616666666
246 -0.0057830616666666
247 -0.0054827616666666
248 -0.0067232616666666
249 -0.0048837616666666
250 -0.0038660616666666
251 -0.0054091616666666
252 -0.0068403616666666
253 -0.0092582616666666
254 -0.0122718616666666
255 -0.0079672616666666
256 -0.0031468616666666
257 -0.0096886616666666
258 -0.0076463616666666
259 -0.0054978616666666
260 -0.0077669616666666
261 -0.0080783616666666
262 -0.0076117616666666
263 -0.0092222616666666
264 -0.0107263616666666
265 -0.0091196616666666
266 -0.0099257616666666
267 -0.0048398616666666
268 -0.0083062616666666
269 -0.0071072616666666
270 -0.0086382616666666
271 -0.0107940616666666
272 -0.0113887616666666
273 -0.0069962616666666
274 -0.0066890616666666
275 -0.0126413616666666
276 -0.0046492616666666
277 -0.0014284616666666
278 0.0005258383333334
279 -0.0031295616666666
280 -0.0091336616666666
281 -0.0077694616666666
282 -0.0058868616666666
283 -0.0044668616666666
284 -0.0033889616666666
285 0.0006559383333334
286 -0.0020247616666666
287 -0.0067113616666666
288 -0.0086214616666666
289 -0.0131565616666666
290 -0.0159536616666666
291 -0.0118792616666666
292 -0.0094213616666666
293 -0.0076042616666666
294 -0.0096537616666666
295 -0.0130064616666666
296 -0.0127857616666666
297 -0.0068815616666666
298 -0.0020086616666666
299 0.0026115383333334
300 0.0055730383333334
301 0.0078526383333334
302 0.0079152383333334
303 0.0048966383333334
304 0.0049746383333334
305 0.0032199383333334
306 0.0030217383333334
307 0.0025788383333334
308 0.0017996383333334
309 -0.0042214616666666
310 -0.0006077616666666
311 -0.0043614616666666
312 -0.0058536616666666
313 -0.0044684616666666
314 -0.0045948616666666
315 -0.0075364616666666
316 -0.0047100616666666
317 -0.0078349616666666
318 -0.0081850616666666
319 -0.0084974616666666
320 -0.0116371616666666
321 -0.0081152616666666
322 -0.0070777616666666
323 -0.0122502616666666
324 -0.0105113616666666
325 -0.0104386616666666
326 -0.0095085616666666
327 -0.0116963616666666
328 -0.0128745616666666
329 -0.0118815616666666
330 -0.0125715616666666
331 -0.0128473616666666
332 -0.0138720616666666
333 -0.0164153616666666
334 -0.0160495616666666
335 -0.0148543616666666
336 -0.0129501616666666
337 -0.0111107616666666
338 -0.0153461616666666
339 -0.0200950616666666
340 -0.0169598616666666
341 -0.0126230616666666
342 -0.0086628616666666
343 -0.0117433616666666
344 -0.0156970616666666
345 -0.0142307616666666
346 -0.0137396616666666
347 -0.0110847616666666
348 -0.0146144616666666
349 -0.0127727616666666
350 -0.0071233616666666
351 -0.0091456616666666
352 -0.0071505616666666
353 -0.0090618616666666
354 -0.0107910616666666
355 -0.0078997616666666
356 -0.0063718616666666
357 -0.0110118616666666
358 -0.0120807616666666
359 -0.0116173616666666
360 -0.0129139616666666
361 -0.0138594616666666
362 -0.0133465616666666
363 -0.0142142616666666
364 -0.0156683616666666
365 -0.0112396616666666
366 -0.0107266616666666
367 -0.0105966616666666
368 -0.0093277616666666
369 -0.0125264616666666
370 -0.0088234616666666
371 -0.0077639616666666
372 -0.0047081616666666
373 -0.0076797616666666
374 -0.0046767616666666
375 -0.0059013616666666
376 -0.0092368616666666
377 -0.0126839616666666
378 -0.0141768616666666
379 -0.0126000616666666
380 -0.0076532616666666
381 -0.0058523616666666
382 -0.0032525616666666
383 -0.0071719616666666
384 -0.0076750616666666
385 -0.0096261616666666
386 -0.0106662616666666
387 -0.0137511616666666
388 -0.0164248616666666
389 -0.0109693616666666
390 -0.0127168616666666
391 -0.0160012616666666
392 -0.0120004616666666
393 -0.0099414616666666
394 -0.0117121616666666
395 -0.0095376616666666
396 -0.0149178616666666
397 -0.0125055616666666
398 -0.0112000616666666
399 -0.0110612616666666
400 -0.0138583616666666
401 -0.0148245616666666
402 -0.0109187616666666
403 -0.0071982616666666
404 -0.0115294616666666
405 -0.0151380616666666
406 -0.0136220616666666
407 -0.0105616616666666
408 -0.0138701616666666
409 -0.0142623616666666
410 -0.0101440616666666
411 -0.0078555616666666
412 -0.0044900616666666
413 0.0003085383333334
414 -0.0025840616666666
415 -0.0028790616666666
416 0.0041413383333334
417 0.0082745383333334
418 -0.0053277616666666
419 -0.0049017616666666
420 -0.0033724616666666
421 -0.0058749616666666
422 -0.0109783616666666
423 -0.0111389616666666
424 -0.0118225616666666
425 -0.0130923616666666
426 -0.0101086616666666
427 -0.0037277616666666
428 -0.0009075616666666
429 -0.0027034616666666
430 -0.0046771616666666
431 0.0007641383333334
432 0.0051282383333334
433 0.0048689383333334
434 0.0013238383333334
435 0.0049140383333334
436 0.0046663383333334
437 0.0085042383333334
438 0.0085477383333334
439 0.0070435383333334
440 0.0128212383333334
441 0.0103436383333334
442 0.0107738383333334
443 0.0083922383333334
444 0.0084958383333334
445 0.0091526383333334
446 -0.0003195616666666
447 -0.0038026616666666
448 -0.0075316616666666
449 -0.0047909616666666
450 -0.0053260616666666
451 -0.0109501616666666
452 -0.0121858616666666
453 -0.0103049616666666
454 -0.0102938616666666
455 -0.0158220616666666
456 -0.0150019616666666
457 -0.0150920616666666
458 -0.0118364616666666
459 -0.0082189616666666
460 -0.0086159616666666
461 -0.0070803616666666
462 -0.0060962616666666
463 -0.0027419616666666
464 -0.0034535616666666
465 -0.0023189616666666
466 -0.0026886616666666
467 -0.0042101616666666
468 -0.0062191616666666
469 -0.0039792616666666
470 0.0001106383333334
471 0.0036483383333334
472 0.0016363383333334
473 0.0011540383333334
474 -0.0026273616666666
475 -0.0019314616666666
476 0.0019644383333334
477 0.0010558383333334
478 0.0062395383333334
479 0.0009186383333334
480 -0.0031513616666666
481 -0.0033842616666666
482 -0.0026244616666666
483 0.0025942383333334
484 0.0041371383333334
485 0.0055364383333334
486 0.0036798383333334
487 0.0057744383333334
488 0.0039594383333334
489 0.0023601383333334
490 0.0010006383333334
491 0.0054797383333334
492 0.0007284383333334
493 0.0001001383333334
494 0.0034157383333334
495 0.0028464383333334
496 0.0031994383333334
497 0.0017290383333334
498 0.0049560383333334
499 0.0091179383333334
500 0.0041686383333334
501 0.0079013383333334
502 0.0091692383333334
503 0.0096286383333334
504 0.0043301383333334
505 0.0044609383333334
506 0.0014392383333334
507 0.0028983383333334
508 -0.0020943616666666
509 0.0004320383333334
510 -0.0030149616666666
511 -0.0029689616666666
512 -0.0050134616666666
513 -0.0059262616666666
514 -0.0049217616666666
515 -0.0037751616666666
516 -0.0066668616666666
517 -0.0100016616666666
518 -0.0042032616666666
519 -0.0041387616666666
520 -0.0068046616666666
521 -0.0067749616666666
522 -0.0046799616666666
523 -0.0062739616666666
524 -0.0080194616666666
525 -0.0077438616666666
526 -0.0103521616666666
527 -0.0073521616666666
528 -0.0069758616666666
529 -0.0061457616666666
530 -0.0041862616666666
531 -0.0097597616666666
532 -0.0106931616666666
533 -0.0076851616666666
534 -0.0085783616666666
535 -0.0076253616666666
536 -0.0089602616666666
537 -0.0097872616666666
538 -0.0117013616666666
539 -0.0133244616666666
540 -0.0124895616666666
541 -0.0138792616666666
542 -0.0124304616666666
543 -0.0133762616666666
544 -0.0130651616666666
545 -0.0110486616666666
546 -0.0114181616666666
547 -0.0101834616666666
548 -0.0111686616666666
549 -0.0086781616666666
550 -0.0087207616666666
551 -0.0106545616666666
552 -0.0083234616666666
553 -0.0089701616666666
554 -0.0079018616666666
555 -0.0111745616666666
556 -0.0093435616666666
557 -0.0109655616666666
558 -0.0112175616666666
559 -0.0122879616666666
560 -0.0089264616666666
561 -0.0094060616666666
562 -0.0075886616666666
563 -0.0042359616666666
564 -0.0023061616666666
565 -0.0097990616666666
566 -0.0121698616666666
567 -0.0123822616666666
568 -0.0096535616666666
569 -0.0086659616666666
570 -0.0038691616666666
571 -0.0056688616666666
572 -0.0043198616666666
573 -0.0045127616666666
574 -0.0058863616666666
575 -0.0056266616666666
576 -0.0060402616666666
577 -0.0074611616666666
578 -0.0052927616666666
579 -0.0052816616666666
580 -0.0055374616666666
581 -0.0082296616666666
582 -0.0050919616666666
583 -0.0049983616666666
584 -0.0068150616666666
585 -0.0107078616666666
586 -0.0016786616666666
587 -0.0027852616666666
588 0.0024305383333334
589 0.0007275383333334
590 0.0036214383333334
591 0.0046123383333334
592 0.0017446383333334
593 -0.0001292616666666
594 -0.0024291616666666
595 -0.0021831616666666
596 -0.0035171616666666
597 -0.0041700616666666
598 -0.0040366616666666
599 -0.0024287616666666
600 -0.0024122616666666
1 0.0174841383333334
2 0.0152698383333334
3 0.0039953383333334
4 -0.0005930616666666
5 0.0029556383333334
6 0.0009337383333334
7 -0.0001445616666666
8 0.0021701383333334
9 -0.0004555616666666
10 -0.0033929616666666
11 -0.0075164616666666
12 -0.0078062616666666
13 -0.0062366616666666
14 -0.0054852616666666
15 -0.0044013616666666
16 -0.0049457616666666
17 0.0025885383333334
18 -0.0027201616666666
19 -0.0030293616666666
20 -0.0000781616666666
21 -0.0009938616666666
22 -0.0026248616666666
23 -0.0028327616666666
24 -0.0028816616666666
25 -0.0042695616666666
26 -0.0024592616666666
27 0.0017332383333334
28 0.0061910383333334
29 0.0004208383333334
30 0.0009333383333334
31 0.0037503383333334
32 0.0007875383333334
33 0.0062287383333334
34 0.0077574383333334
35 0.0034453383333334
36 0.0012304383333334
37 0.0029929383333334
38 0.0046452383333334
39 -0.0033336616666666
40 -0.0024415616666666
41 -0.0016523616666666
42 -0.0017633616666666
43 -0.0013073616666666
44 0.0009742383333334
45 -0.0016108616666666
46 -0.0012616616666666
47 -0.0088438616666666
48 -0.0128000616666666
49 -0.0125406616666666
50 -0.0185760616666666
51 -0.0194523616666666
52 -0.0188812616666666
53 -0.0178299616666666
54 -0.0136789616666666
55 -0.0124959616666666
56 -0.0111589616666666
57 -0.0069907616666666
58 -0.0058313616666666
59 -0.0066299616666666
60 -0.0050930616666666
61 -0.0077486616666666
62 -0.0060071616666666
63 -0.0016514616666666
64 0.0027143383333334
65 -0.0051978616666666
66 -0.0009734616666666
67 -0.0030638616666666
68 0.0000559383333334
69 0.0042429383333334
70 -0.0023248616666666
71 0.0009904383333334
72 0.0006040383333334
73 -0.0034369616666666
74 -0.0083744616666666
75 -0.0078434616666666
76 -0.0040692616666666
77 -0.0038800616666666
78 -0.0062378616666666
79 -0.0056571616666666
80 -0.0127279616666666
81 -0.0124466616666666
82 -0.0127872616666666
83 -0.0112223616666666
84 -0.0086936616666666
85 -0.0132556616666666
86 -0.0106860616666666
87 -0.0083034616666666
88 -0.0121531616666666
89 -0.0107829616666666
90 -0.0091975616666666
91 -0.0079601616666666
92 -0.0021642616666666
93 -0.0066735616666666
94 -0.0076076616666666
95 -0.0064518616666666
96 -0.0065848616666666
97 -0.0075366616666666
98 -0.0020846616666666
99 -0.0054897616666666
100 -0.0100320616666666
101 -0.0151618616666666
102 -0.0160350616666666
103 -0.0106772616666666
104 -0.0090281616666666
105 -0.0103605616666666
106 -0.0117622616666666
107 -0.0122998616666666
108 -0.0085999616666666
109 -0.0109289616666666
110 -0.0126964616666666
111 -0.0101341616666666
112 -0.0096727616666666
113 -0.0095870616666666
114 -0.0014424616666666
115 -0.0027413616666666
116 -0.0056181616666666
117 -0.0052334616666666
118 -0.0070121616666666
119 -0.0101194616666666
120 -0.0138445616666666
121 -0.0169105616666666
122 -0.0130243616666666
123 -0.0134279616666666
124 -0.0142305616666666
125 -0.0131171616666666
126 -0.0180139616666666
127 -0.0190116616666666
128 -0.0171750616666666
129 -0.0166643616666666
130 -0.0158944616666666
131 -0.0092707616666666
132 -0.0070492616666666
133 -0.0088836616666666
134 -0.0061994616666666
135 -0.0017674616666666
136 -0.0055999616666666
137 -0.0057634616666666
138 -0.0042237616666666
139 -0.0064208616666666
140 -0.0071616616666666
141 -0.0077347616666666
142 -0.0032376616666666
143 -0.0044685616666666
144 0.0028736383333334
145 0.0004857383333334
146 0.0001533383333334
147 0.0014322383333334
148 0.0006579383333334
149 -0.0028386616666666
150 -0.0065398616666666
151 -0.0046234616666666
152 -0.0014166616666666
153 -0.0044404616666666
154 -0.0067174616666666
155 -0.0097351616666666
156 -0.0067721616666666
157 -0.0065361616666666
158 -0.0063642616666666
159 -0.0072178616666666
160 -0.0101518616666666
161 -0.0130956616666666
162 -0.0102098616666666
163 -0.0128261616666666
164 -0.0122138616666666
165 -0.0108699616666666
166 -0.0132966616666666
167 -0.0112420616666666
168 -0.0116157616666666
169 -0.0146845616666666
170 -0.0158897616666666
171 -0.0126341616666666
172 -0.0105850616666666
173 -0.0088458616666666
174 -0.0076316616666666
175 -0.0092571616666666
176 -0.0058014616666666
177 -0.0034049616666666
178 -0.0034472616666666
179 -0.0021550616666666
180 -0.0013067616666666
181 -0.0013244616666666
182 -0.0042665616666666
183 -0.0075962616666666
184 -0.0124602616666666
185 -0.0141046616666666
186 -0.0112677616666666
187 -0.0083425616666666
188 -0.0075980616666666
189 -0.0105017616666666
190 -0.0141769616666666
191 -0.0100349616666666
192 -0.0092164616666666
193 -0.0052130616666666
194 -0.0070194616666666
195 -0.0094635616666666
196 -0.0096040616666666
197 -0.0060189616666666
198 -0.0044207616666666
199 -0.0046549616666666
200 -0.0060572616666666
201 -0.0072101616666666
202 -0.0046630616666666
203 -0.0025453616666666
204 -0.0055969616666666
205 -0.0013668616666666
206 0.0039058383333334
207 -0.0005224616666666
208 -0.0053011616666666
209 0.0001701383333334
210 -0.0019451616666666
211 0.0010996383333334
212 -0.0020871616666666
213 -0.0033283616666666
214 -0.0016056616666666
215 -0.0011874616666666
216 -0.0012058616666666
217 -0.0006797616666666
218 -0.0034822616666666
219 -0.0046325616666666
220 -0.0053813616666666
221 -0.0078473616666666
222 -0.0084947616666666
223 -0.0078350616666666
224 -0.0058591616666666
225 -0.0082183616666666
226 -0.0075275616666666
227 -0.0068327616666666
228 -0.0109303616666666
229 -0.0132044616666666
230 -0.0085080616666666
231 -0.0019225616666666
232 -0.0048837616666666
233 -0.0051470616666666
234 -0.0035708616666666
235 -0.0023889616666666
236 -0.0020860616666666
237 0.0003223383333334
238 -0.0041447616666666
239 -0.0022032616666666
240 -0.0025428616666666
241 -0.0023235616666666
242 -0.0010544616666666
243 0.0000629383333334
244 -0.0053470616666666
245 -0.0010469616666666
246 -0.0081780616666666
247 -0.0091658616666666
248 -0.0116920616666666
249 -0.0124662616666666
250 -0.0146572616666666
251 -0.0141439616666666
252 -0.0129835616666666
253 -0.0079014616666666
254 -0.0092363616666666
255 -0.0073060616666666
256 -0.0067860616666666
257 -0.0049469616666666
258 -0.0042228616666666
259 -0.0075407616666666
260 -0.0076465616666666
261 -0.0076855616666666
262 -0.0076191616666666
263 -0.0108085616666666
264 -0.0139261616666666
265 -0.0160074616666666
266 -0.0166360616666666
267 -0.0170910616666666
268 -0.0101057616666666
269 -0.0115322616666666
270 -0.0124416616666666
271 -0.0110578616666666
272 -0.0072887616666666
273 -0.0123779616666666
274 -0.0091165616666666
275 -0.0112438616666666
276 -0.0170715616666666
277 -0.0155799616666666
278 -0.0131487616666666
279 -0.0171583616666666
280 -0.0165037616666666
281 -0.0158474616666666
282 -0.0126745616666666
283 -0.0103759616666666
284 -0.0144660616666666
285 -0.0157255616666666
286 -0.0125864616666666
287 -0.0136387616666666
288 -0.0102873616666666
289 -0.0038419616666666
290 -0.0007885616666666
291 0.0026354383333334
292 0.0018472383333334
293 -0.0021822616666666
294 0.0014441383333334
295 0.0052346383333334
296 0.0059867383333334
297 0.0068180383333334
298 0.0003038383333334
299 -0.0014834616666666
300 0.0014318383333334
301 0.0026092383333334
302 -0.0002600616666666
303 -0.0038284616666666
304 -0.0015094616666666
305 0.0002115383333334
306 -0.0027695616666666
307 -0.0034688616666666
308 -0.0004916616666666
309 -0.0006648616666666
310 -0.0029058616666666
311 -0.0010483616666666
312 -0.0055682616666666
313 -0.0048377616666666
314 -0.0013149616666666
315 -0.0001059616666666
316 -0.0039471616666666
317 -0.0018655616666666
318 -0.0048153616666666
319 -0.0080226616666666
320 -0.0095663616666666
321 -0.0079171616666666
322 -0.0073901616666666
323 -0.0108618616666666
324 -0.0131932616666666
325 -0.0136527616666666
326 -0.0095323616666666
327 -0.0087333616666666
328 -0.0048874616666666
329 -0.0078924616666666
330 -0.0060287616666666
331 -0.0044569616666666
332 -0.0006954616666666
333 -0.0017494616666666
334 0.0024904383333334
335 0.0007098383333334
336 0.0005735383333334
337 0.0005788383333334
338 -0.0052513616666666
339 -0.0002251616666666
340 -0.0009567616666666
341 -0.0044279616666666
342 -0.0056347616666666
343 -0.0071395616666666
344 -0.0096951616666666
345 -0.0039074616666666
346 -0.0027730616666666
347 -0.0058537616666666
348 -0.0086436616666666
349 -0.0065944616666666
350 -0.0069612616666666
351 -0.0089827616666666
352 -0.0061494616666666
353 -0.0071936616666666
354 -0.0070524616666666
355 -0.0099066616666666
356 -0.0086403616666666
357 -0.0063461616666666
358 0.0013450383333334
359 0.0044367383333334
360 -0.0000313616666666
361 0.0019941383333334
362 0.0017014383333334
363 -0.0041627616666666
364 -0.0049240616666666
365 -0.0037029616666666
366 -0.0068073616666666
367 -0.0075977616666666
368 -0.0088524616666666
369 -0.0064725616666666
370 -0.0097091616666666
371 -0.0144069616666666
372 -0.0142520616666666
373 -0.0165731616666666
374 -0.0178336616666666
375 -0.0139256616666666
376 -0.0131333616666666
377 -0.0150818616666666
378 -0.0121690616666666
379 -0.0124971616666666
380 -0.0139996616666666
381 -0.0122737616666666
382 -0.0137196616666666
383 -0.0112592616666666
384 -0.0133959616666666
385 -0.0160826616666666
386 -0.0179961616666666
387 -0.0201746616666666
388 -0.0203286616666666
389 -0.0187775616666666
390 -0.0162307616666666
391 -0.0162928616666666
392 -0.0169568616666666
393 -0.0148078616666666
394 -0.0138773616666666
395 -0.0103104616666666
396 -0.0108814616666666
397 -0.0088959616666666
398 -0.0055895616666666
399 -0.0064114616666666
400 -0.0025783616666666
401 -0.0097237616666666
402 -0.0100894616666666
403 -0.0110010616666666
404 -0.0078637616666666
405 -0.0071929616666666
406 -0.0078930616666666
407 -0.0033448616666666
408 -0.0010048616666666
409 -0.0040706616666666
410 -0.0053409616666666
411 -0.0049388616666666
412 -0.0054742616666666
413 -0.0025949616666666
414 -0.0029899616666666
415 -0.0044952616666666
416 -0.0115531616666666
417 -0.0114207616666666
418 -0.0094624616666666
419 -0.0061166616666666
420 -0.0059348616666666
421 -0.0093013616666666
422 -0.0047401616666666
423 -0.0077030616666666
424 -0.0066483616666666
425 -0.0065462616666666
426 -0.0035557616666666
427 -0.0059231616666666
428 -0.0041403616666666
429 -0.0060999616666666
430 -0.0077861616666666
431 -0.0077135616666666
432 -0.0065251616666666
433 -0.0068549616666666
434 -0.0019449616666666
435 -0.0016994616666666
436 -0.0052799616666666
437 -0.0085657616666666
438 -0.0072017616666666
439 -0.0109739616666666
440 -0.0078364616666666
441 -0.0097369616666666
442 -0.0101614616666666
443 -0.0072934616666666
444 -0.0046334616666666
445 -0.0051019616666666
446 -0.0058068616666666
447 -0.0060459616666666
448 -0.0043921616666666
449 -0.0018551616666666
450 -0.0010894616666666
451 -0.0062662616666666
452 -0.0048794616666666
453 -0.0057548616666666
454 -0.0082661616666666
455 -0.0134998616666666
456 -0.0114958616666666
457 -0.0080173616666666
458 -0.0059124616666666
459 -0.0055832616666666
460 -0.0068323616666666
461 -0.0029177616666666
462 -0.0019936616666666
463 -0.0041589616666666
464 -0.0034390616666666
465 -0.0043287616666666
466 -0.0024409616666666
467 -0.0043491616666666
468 -0.0078036616666666
469 -0.0061333616666666
470 -0.0067638616666666
471 -0.0049570616666666
472 -0.0070190616666666
473 -0.0073093616666666
474 -0.0096308616666666
475 -0.0133150616666666
476 -0.0135751616666666
477 -0.0182543616666666
478 -0.0199920616666666
479 -0.0182518616666666
480 -0.0198832616666666
481 -0.0169294616666666
482 -0.0128870616666666
483 -0.0175561616666666
484 -0.0146944616666666
485 -0.0154061616666666
486 -0.0144831616666666
487 -0.0136374616666666
488 -0.0147451616666666
489 -0.0157187616666666
490 -0.0098474616666666
491 -0.0073610616666666
492 -0.0025118616666666
493 -0.0006859616666666
494 0.0019454383333334
495 0.0066355383333334
496 0.0041971383333334
497 0.0050603383333334
498 0.0078924383333334
499 0.0066142383333334
500 0.0034147383333334
501 0.0073049383333334
502 0.0004722383333334
503 -0.0004971616666666
504 -0.0001640616666666
505 0.0064896383333334
506 0.0038127383333334
507 -0.0017585616666666
508 -0.0039155616666666
509 -0.0066871616666666
510 -0.0041660616666666
511 -0.0045843616666666
512 -0.0058641616666666
513 -0.0080537616666666
514 -0.0087635616666666
515 -0.0115432616666666
516 -0.0133279616666666
517 -0.0158090616666666
518 -0.0173984616666666
519 -0.0164249616666666
520 -0.0130562616666666
521 -0.0112194616666666
522 -0.0144191616666666
523 -0.0143272616666666
524 -0.0145268616666666
525 -0.0159516616666666
526 -0.0155552616666666
527 -0.0125338616666666
528 -0.0093288616666666
529 -0.0113869616666666
530 -0.0107559616666666
531 -0.0103338616666666
532 -0.0138291616666666
533 -0.0094920616666666
534 -0.0063300616666666
535 -0.0061879616666666
536 -0.0031667616666666
537 -0.0081923616666666
538 -0.0091355616666666
539 -0.0068555616666666
540 -0.0120682616666666
541 -0.0110223616666666
542 -0.0100873616666666
543 -0.0078325616666666
544 -0.0078254616666666
545 -0.0036718616666666
546 -0.0046550616666666
547 -0.0056606616666666
548 -0.0092037616666666
549 -0.0098722616666666
550 -0.0098581616666666
551 -0.0080902616666666
552 -0.0113171616666666
553 -0.0097123616666666
554 -0.0115599616666666
555 -0.0078188616666666
556 -0.0045943616666666
557 -0.0058777616666666
558 -0.0005267616666666
559 -0.0009671616666666
560 -0.0027653616666666
561 -0.0057191616666666
562 -0.0016316616666666
563 -0.0052065616666666
564 -0.0030720616666666
565 -0.0108813616666666
566 -0.0095898616666666
567 -0.0115468616666666
568 -0.0093350616666666
569 -0.0081502616666666
570 -0.0093504616666666
571 -0.0073463616666666
572 -0.0074221616666666
573 -0.0061952616666666
574 -0.0071195616666666
575 -0.0102952616666666
576 -0.0145812616666666
577 -0.0103159616666666
578 -0.0127098616666666
579 -0.0098943616666666
580 -0.0057278616666666
581 -0.0029719616666666
582 -0.0032867616666666
583 -0.0085322616666666
584 -0.0067422616666666
585 -0.0090289616666666
586 -0.0097216616666666
587 -0.0093493616666666
588 -0.0101871616666666
589 -0.0047252616666666
590 -0.0028079616666666
591 -0.0091845616666666
592 -0.0064661616666666
593 -0.0061171616666666
594 -0.0028108616666666
595 -0.0025295616666666
596 -0.0053879616666666
597 -0.0044728616666666
598 -0.0061605616666666
599 -0.0056066616666666
600 -0.0074712616666666
1 0.0136908383333334
2 0.0081791383333334
3 0.0068543383333334
4 0.0046939383333334
5 0.0032843383333334
6 -0.0013518616666666
7 -0.0020632616666666
8 -0.0051093616666666
9 -0.0083484616666666
10 -0.0090840616666666
11 -0.0126220616666666
12 -0.0087034616666666
13 -0.0106276616666666
14 -0.0118861616666666
15 -0.0103665616666666
16 -0.0138024616666666
17 -0.0071902616666666
18 -0.0068181616666666
19 -0.0095394616666666
20 -0.0073937616666666
21 -0.0081741616666666
22 -0.0097030616666666
23 -0.0060475616666666
24 -0.0082714616666666
25 -0.0088915616666666
26 -0.0130216616666666
27 -0.0138768616666666
28 -0.0114916616666666
29 -0.0116541616666666
30 -0.0140099616666666
31 -0.0095246616666666
32 -0.0092957616666666
33 -0.0116536616666666
34 -0.0115496616666666
35 -0.0114305616666666
36 -0.0087340616666666
37 -0.0057258616666666
38 -0.0030730616666666
39 -0.0053446616666666
40 -0.0034012616666666
41 -0.0032650616666666
42 -0.0062311616666666
43 -0.0054673616666666
44 -0.0110246616666666
45 -0.0148787616666666
46 -0.0146680616666666
47 -0.0127229616666666
48 -0.0099592616666666
49 -0.0125919616666666
50 -0.0137065616666666
51 -0.0158410616666666
52 -0.0143212616666666
53 -0.0173544616666666
54 -0.0196712616666666
55 -0.0215334616666666
56 -0.0187712616666666
57 -0.0163991616666666
58 -0.0135695616666666
59 -0.0117879616666666
60 -0.0070974616666666
61 -0.0027976616666666
62 -0.0025954616666666
63 -0.0067593616666666
64 -0.0065319616666666
65 -0.0093039616666666
66 -0.0083753616666666
67 -0.0101153616666666
68 -0.0150084616666666
69 -0.0093428616666666
70 -0.0099127616666666
71 -0.0091058616666666
72 -0.0130815616666666
73 -0.0139631616666666
74 -0.0136817616666666
75 -0.0131299616666666
76 -0.0107774616666666
77 -0.0160988616666666
78 -0.0157596616666666
79 -0.0118643616666666
80 -0.0113657616666666
81 -0.0093602616666666
82 -0.0080810616666666
83 -0.0073295616666666
84 -0.0085001616666666
85 -0.0071769616666666
86 -0.0118112616666666
87 -0.0072032616666666
88 -0.0082478616666666
89 -0.0101471616666666
90 -0.0025332616666666
91 -0.0099371616666666
92 -0.0112727616666666
93 -0.0076319616666666
94 0.0000617383333334
95 -0.0040786616666666
96 -0.0027216616666666
97 -0.0033747616666666
98 0.0022479383333334
99 0.0024619383333334
100 -0.0051549616666666
101 -0.0042025616666666
102 -0.0043975616666666
103 -0.0049559616666666
104 -0.0065853616666666
105 -0.0045606616666666
106 -0.0036617616666666
107 -0.0090728616666666
108 -0.0122383616666666
109 -0.0117460616666666
110 -0.0062810616666666
111 -0.0073453616666666
112 -0.0076546616666666
113 -0.0010125616666666
114 -0.0021615616666666
115 0.0018844383333334
116 0.0046718383333334
117 0.0000217383333334
118 -0.0011855616666666
119 0.0000517383333334
120 -0.0055225616666666
121 -0.0038202616666666
122 -0.0009513616666666
123 -0.0021283616666666
124 -0.0017360616666666
125 -0.0041249616666666
126 -0.0046624616666666
127 -0.0022166616666666
128 -0.0074361616666666
129 -0.0051332616666666
130 -0.0062900616666666
131 -0.0119769616666666
132 -0.0131753616666666
133 -0.0163342616666666
134 -0.0108499616666666
135 -0.0045862616666666
136 -0.0060472616666666
137 -0.0096742616666666
138 -0.0111766616666666
139 -0.0105612616666666
140 -0.0100311616666666
141 -0.0095113616666666
142 -0.0102923616666666
143 -0.0134925616666666
144 -0.0117099616666666
145 -0.0179797616666666
146 -0.0117244616666666
147 -0.0076519616666666
148 -0.0069062616666666
149 -0.0089126616666666
150 -0.0084819616666666
151 -0.0097737616666666
152 -0.0090306616666666
153 -0.0064400616666666
154 -0.0057335616666666
155 -0.0078774616666666
156 -0.0056787616666666
157 -0.0085508616666666
158 -0.0045817616666666
159 -0.0047395616666666
160 -0.0076892616666666
161 -0.0063227616666666
162 -0.0031771616666666
163 -0.0077906616666666
164 -0.0089357616666666
165 -0.0124108616666666
166 -0.0132732616666666
167 -0.0171982616666666
168 -0.0181075616666666
169 -0.0186457616666666
170 -0.0167944616666666
171 -0.0103686616666666
172 -0.0083075616666666
173 -0.0128985616666666
174 -0.0116028616666666
175 -0.0099064616666666
176 -0.0132487616666666
177 -0.0143915616666666
178 -0.0146012616666666
179 -0.0122607616666666
180 -0.0151785616666666
181 -0.0157091616666666
182 -0.0136525616666666
183 -0.0132325616666666
184 -0.0124409616666666
185 -0.0098532616666666
186 -0.0041064616666666
187 -0.0113486616666666
188 -0.0089422616666666
189 -0.0081914616666666
190 -0.0087529616666666
191 -0.0114587616666666
192 -0.0026077616666666
193 -0.0038778616666666
194 -0.0019297616666666
195 -0.0037030616666666
196 -0.0055585616666666
197 -0.0045029616666666
198 -0.0100393616666666
199 -0.0078590616666666
200 -0.0064905616666666
201 -0.0072420616666666
202 -0.0081704616666666
203 -0.0139029616666666
204 -0.0156235616666666
205 -0.0151797616666666
206 -0.0172289616666666
207 -0.0121979616666666
208 -0.0124832616666666
209 -0.0171804616666666
210 -0.0164719616666666
211 -0.0133991616666666
212 -0.0095192616666666
213 -0.0106532616666666
214 -0.0103842616666666
215 -0.0106923616666666
216 -0.0106261616666666
217 -0.0080026616666666
218 -0.0054152616666666
219 -0.0083382616666666
220 -0.0094624616666666
221 -0.0100165616666666
222 -0.0102269616666666
223 -0.0104368616666666
224 -0.0083764616666666
225 -0.0072458616666666
226 -0.0035521616666666
227 -0.0040811616666666
228 -0.0047846616666666
229 -0.0028823616666666
230 -0.0045160616666666
231 -0.0034789616666666
232 -0.0039068616666666
233 -0.0002400616666666
234 -0.0015586616666666
235 -0.0022514616666666
236 0.0021205383333334
237 0.0059729383333334
238 0.0017542383333334
239 -0.0020633616666666
240 -0.0021025616666666
241 -0.0060261616666666
242 -0.0081441616666666
243 -0.0123314616666666
244 -0.0133879616666666
245 -0.0132696616666666
246 -0.0117447616666666
247 -0.0110480616666666
248 -0.0064805616666666
249 -0.0038557616666666
250 -0.0039318616666666
251 -0.0018945616666666
252 -0.0049927616666666
253 -0.0030357616666666
254 -0.0068504616666666
255 -0.0067965616666666
256 -0.0080927616666666
257 -0.0061468616666666
258 -0.0086235616666666
259 -0.0101588616666666
260 -0.0094229616666666
261 -0.0125767616666666
262 -0.0099715616666666
263 -0.0112008616666666
264 -0.0129629616666666
265 -0.0156033616666666
266 -0.0152488616666666
267 -0.0175148616666666
268 -0.0188426616666666
269 -0.0218962616666666
270 -0.0215816616666666
271 -0.0182923616666666
272 -0.0177420616666666
273 -0.0191294616666666
274 -0.0187815616666666
275 -0.0149067616666666
276 -0.0142876616666666
277 -0.0132614616666666
278 -0.0060931616666666
279 -0.0043443616666666
280 -0.0031183616666666
281 -0.0010279616666666
282 -0.0027322616666666
283 -0.0030774616666666
284 -0.0062902616666666
285 -0.0057474616666666
286 -0.0089160616666666
287 -0.0100061616666666
288 -0.0136385616666666
289 -0.0144843616666666
290 -0.0097757616666666
291 -0.0126780616666666
292 -0.0141523616666666
293 -0.0129729616666666
294 -0.0117597616666666
295 -0.0114656616666666
296 -0.0102859616666666
297 -0.0125319616666666
298 -0.0096128616666666
299 -0.0078969616666666
300 -0.0035399616666666
301 -0.0075325616666666
302 -0.0072517616666666
303 -0.0023118616666666
304 -0.0035007616666666
305 -0.0082211616666666
306 -0.0057681616666666
307 -0.0051357616666666
308 -0.0038716616666666
309 -0.0108792616666666
310 -0.0060600616666666
311 -0.0113310616666666
312 -0.0109870616666666
313 -0.0058254616666666
314 -0.0076064616666666
315 -0.0092016616666666
316 -0.0131193616666666
317 -0.0101662616666666
318 -0.0073712616666666
319 -0.0083540616666666
320 -0.0040795616666666
321 -0.0010003616666666
322 0.0001505383333334
323 -0.0079026616666666
324 -0.0013694616666666
325 -0.0016063616666666
326 0.0001562383333334
327 -0.0014542616666666
328 0.0015369383333334
329 0.0064719383333334
330 0.0096023383333334
331 0.0077207383333334
332 0.0054590383333334
333 0.0020974383333334
334 -0.0015051616666666
335 0.0013690383333334
336 -0.0001712616666666
337 -0.0000785616666666
338 0.0024224383333334
339 0.0016253383333334
340 0.0008987383333334
341 -0.0022592616666666
342 -0.0034568616666666
343 -0.0044267616666666
344 -0.0012703616666666
345 -0.0019899616666666
346 -0.0030253616666666
347 -0.0081349616666666
348 -0.0078185616666666
349 -0.0084574616666666
350 -0.0091679616666666
351 -0.0060866616666666
352 -0.0098125616666666
353 -0.0034154616666666
354 -0.0086040616666666
355 -0.0085495616666666
356 -0.0002800616666666
357 0.0026254383333334
358 0.0022897383333334
359 0.0022321383333334
360 -0.0009921616666666
361 0.0013868383333334
362 0.0056209383333334
363 -0.0015907616666666
364 -0.0068235616666666
365 -0.0063857616666666
366 -0.0064174616666666
367 -0.0114840616666666
368 -0.0109768616666666
369 -0.0115701616666666
370 -0.0113270616666666
371 -0.0144545616666666
372 -0.0173295616666666
373 -0.0159458616666666
374 -0.0143313616666666
375 -0.0146917616666666
376 -0.0125910616666666
377 -0.0119914616666666
378 -0.0102761616666666
379 -0.0128396616666666
380 -0.0104779616666666
381 -0.0100863616666666
382 -0.0092437616666666
383 -0.0093929616666666
384 -0.0123788616666666
385 -0.0112455616666666
386 -0.0073480616666666
387 -0.0095035616666666
388 -0.0085325616666666
389 -0.0084980616666666
390 -0.0149343616666666
391 -0.0094893616666666
392 -0.0054474616666666
393 0.0006477383333334
394 -0.0023064616666666
395 0.0002697383333334
396 0.0025760383333334
397 -0.0019293616666666
398 -0.0007954616666666
399 -0.0026307616666666
400 -0.0016521616666666
401 0.0001965383333334
402 -0.0020032616666666
403 -0.0037627616666666
404 -0.0049877616666666
405 -0.0015708616666666
406 -0.0014111616666666
407 -0.0031499616666666
408 -0.0074437616666666
409 -0.0095375616666666
410 -0.0072213616666666
411 -0.0097149616666666
412 -0.0077738616666666
413 -0.0071184616666666
414 -0.0096671616666666
415 -0.0136176616666666
416 -0.0141690616666666
417 -0.0160087616666666
418 -0.0151997616666666
419 -0.0166563616666666
420 -0.0233476616666666
421 -0.0203095616666666
422 -0.0154477616666666
423 -0.0169171616666666
424 -0.0154903616666666
425 -0.0192670616666666
426 -0.0181311616666666
427 -0.0141828616666666
428 -0.0092228616666666
429 -0.0071736616666666
430 -0.0087643616666666
431 -0.0083758616666666
432 -0.0089883616666666
433 -0.0062968616666666
434 -0.0050574616666666
435 -0.0074325616666666
436 -0.0113237616666666
437 -0.0076841616666666
438 -0.0115269616666666
439 -0.0074171616666666
440 -0.0072696616666666
441 -0.0088006616666666
442 -0.0120005616666666
443 -0.0131610616666666
444 -0.0162620616666666
445 -0.0142658616666666
446 -0.0129864616666666
447 -0.0111909616666666
448 -0.0098758616666666
449 -0.0092247616666666
450 -0.0092104616666666
451 -0.0104022616666666
452 -0.0078821616666666
453 -0.0061145616666666
454 -0.0033327616666666
455 -0.0044347616666666
456 -0.0041971616666666
457 -0.0043379616666666
458 -0.0008788616666666
459 -0.0027054616666666
460 -0.0078151616666666
461 -0.0042511616666666
462 -0.0014357616666666
463 -0.0070481616666666
464 -0.0068449616666666
465 -0.0031085616666666
466 -0.0000691616666666
467 -0.0032988616666666
468 0.0028443383333334
469 0.0060714383333334
470 0.0041571383333334
471 0.0020752383333334
472 0.0032581383333334
473 0.0052855383333334
474 -0.0016951616666666
475 -0.0056629616666666
476 -0.0059445616666666
477 -0.0053452616666666
478 -0.0043940616666666
479 -0.0032765616666666
480 -0.0053739616666666
481 -0.0029707616666666
482 -0.0053476616666666
483 -0.0113937616666666
484 -0.0099098616666666
485 -0.0059330616666666
486 -0.0020176616666666
487 -0.0019315616666666
488 0.0013754383333334
489 0.0052902383333334
490 0.0096611383333334
491 0.0109263383333334
492 0.0058719383333334
493 0.0122567383333334
494 0.0051551383333334
495 0.0078845383333334
496 0.0142397383333334
497 0.0055354383333334
498 0.0084344383333334
499 0.0046780383333334
500 0.0071227383333334
501 0.0079535383333334
502 0.0035612383333334
503 0.0054274383333334
504 0.0059839383333334
505 0.0049835383333334
506 0.0081795383333334
507 0.0058990383333334
508 0.0064549383333334
509 -0.0012993616666666
510 -0.0037680616666666
511 -0.0023430616666666
512 -0.0027743616666666
513 -0.0023519616666666
514 -0.0016151616666666
515 0.0032541383333334
516 0.0010633383333334
517 0.0051870383333334
518 -0.0000030616666666
519 -0.0021602616666666
520 -0.0037485616666666
521 -0.0039134616666666
522 -0.0099832616666666
523 -0.0027246616666666
524 -0.0073608616666666
525 -0.0033667616666666
526 -0.0040674616666666
527 -0.0093715616666666
528 -0.0032164616666666
529 -0.0081625616666666
530 -0.0088493616666666
531 -0.0080364616666666
532 -0.0114742616666666
533 -0.0100353616666666
534 -0.0094420616666666
535 -0.0120752616666666
536 -0.0101025616666666
537 -0.0074156616666666
538 -0.0133239616666666
539 -0.0113723616666666
540 -0.0104850616666666
541 -0.0085424616666666
542 -0.0072184616666666
543 0.0003084383333334
544 0.0005053383333334
545 0.0010451383333334
546 0.0032310383333334
547 0.0020825383333334
548 0.0003923383333334
549 -0.0036387616666666
550 -0.0097296616666666
551 -0.0097176616666666
552 -0.0093130616666666
553 -0.0139303616666666
554 -0.0109881616666666
555 -0.0069609616666666
556 -0.0058516616666666
557 -0.0050809616666666
558 -0.0049077616666666
559 -0.0037920616666666
560 -0.0015531616666666
561 -0.0044982616666666
562 -0.0054152616666666
563 -0.0027685616666666
564 -0.0002733616666666
565 -0.0027159616666666
566 0.0023714383333334
567 -0.0028390616666666
568 -0.0037357616666666
569 -0.0036727616666666
570 -0.0052971616666666
571 -0.0095500616666666
572 -0.0110886616666666
573 -0.0136338616666666
574 -0.0179055616666666
575 -0.0179556616666666
576 -0.0146716616666666
577 -0.0111674616666666
578 -0.0133231616666666
579 -0.0153478616666666
580 -0.0120625616666666
581 -0.0103524616666666
582 -0.0114305616666666
583 -0.0128739616666666
584 -0.0128557616666666
585 -0.0150082616666666
586 -0.0124793616666666
587 -0.0116746616666666
588 -0.0128032616666666
589 -0.0132848616666666
590 -0.0122881616666666
591 -0.0118134616666666
592 -0.0127123616666666
593 -0.0132387616666666
594 -0.0114513616666666
595 -0.0085889616666666
596 -0.0100627616666666
597 -0.0116998616666666
598 -0.0095519616666666
599 -0.0083620616666666
600 -0.0057880616666666
1 0.0086671383333334
2 0.0038743383333334
3 0.0075054383333334
4 0.0063364383333334
5 0.0001732383333334
6 -0.0005522616666666
7 0.0004125383333334
8 -0.0013302616666666
9 -0.0033304616666666
10 -0.0037709616666666
11 -0.0053514616666666
12 -0.0034422616666666
13 0.0014545383333334
14 -0.0024952616666666
15 0.0036135383333334
16 -0.0002228616666666
17 -0.0033332616666666
18 -0.0039478616666666
19 -0.0009762616666666
20 0.0024031383333334
21 -0.0020422616666666
22 0.0015375383333334
23 -0.0011601616666666
24 0.0024695383333334
25 0.0042305383333334
26 0.0026104383333334
27 0.0039662383333334
28 0.0064912383333334
29 0.0082784383333334
30 0.0050361383333334
31 0.0013204383333334
32 0.0041276383333334
33 0.0017295383333334
34 -0.0036220616666666
35 -0.0059511616666666
36 -0.0041949616666666
37 -0.0072508616666666
38 -0.0101250616666666
39 -0.0091078616666666
40 -0.0100176616666666
41 -0.0141834616666666
42 -0.0153528616666666
43 -0.0161914616666666
44 -0.0176608616666666
45 -0.0191819616666666
46 -0.0204055616666666
47 -0.0195873616666666
48 -0.0180896616666666
49 -0.0169906616666666
50 -0.0154822616666666
51 -0.0142354616666666
52 -0.0143711616666666
53 -0.0163385616666666
54 -0.0140089616666666
55 -0.0078510616666666
56 -0.0073063616666666
57 -0.0036757616666666
58 -0.0043205616666666
59 -0.0013523616666666
60 -0.0055169616666666
61 -0.0045096616666666
62 -0.0072297616666666
63 -0.0105744616666666
64 -0.0069501616666666
65 -0.0069694616666666
66 -0.0077624616666666
67 -0.0109022616666666
68 -0.0093123616666666
69 -0.0072169616666666
70 -0.0070816616666666
71 -0.0031646616666666
72 -0.0040610616666666
73 -0.0079599616666666
74 -0.0038081616666666
75 -0.0046999616666666
76 -0.0057078616666666
77 -0.0042009616666666
78 -0.0058877616666666
79 -0.0118000616666666
80 -0.0092906616666666
81 -0.0089395616666666
82 -0.0065488616666666
83 -0.0068595616666666
84 -0.0088350616666666
85 -0.0070454616666666
86 -0.0079594616666666
87 -0.0035467616666666
88 -0.0076905616666666
89 -0.0075054616666666
90 -0.0082503616666666
91 -0.0067483616666666
92 -0.0092432616666666
93 -0.0075044616666666
94 -0.0057785616666666
95 -0.0019127616666666
96 0.0008752383333334
97 0.0003487383333334
98 -0.0022002616666666
99 -0.0034423616666666
100 -0.0019305616666666
101 -0.0009062616666666
102 -0.0053365616666666
103 -0.0044463616666666
104 -0.0058245616666666
105 -0.0058905616666666
106 -0.0015581616666666
107 -0.0030830616666666
108 -0.0082743616666666
109 -0.0108485616666666
110 -0.0154882616666666
111 -0.0172106616666666
112 -0.0191294616666666
113 -0.0191430616666666
114 -0.0163089616666666
115 -0.0145467616666666
116 -0.0105476616666666
117 -0.0117789616666666
118 -0.0074479616666666
119 -0.0137683616666666
120 -0.0052596616666666
121 0.0005959383333334
122 -0.0034298616666666
123 -0.0060725616666666
124 0.0027180383333334
125 0.0003540383333334
126 -0.0025805616666666
127 -0.0024802616666666
128 -0.0029330616666666
129 -0.0002922616666666
130 0.0005861383333334
131 0.0008953383333334
132 0.0030158383333334
133 0.0010017383333334
134 -0.0023181616666666
135 -0.0016368616666666
136 0.0029819383333334
137 0.0035391383333334
138 0.0051285383333334
139 0.0001663383333334
140 -0.0021188616666666
141 -0.0015826616666666
142 -0.0033982616666666
143 -0.0029778616666666
144 -0.0023423616666666
145 -0.0065926616666666
146 -0.0087247616666666
147 -0.0086664616666666
148 -0.0090569616666666
149 -0.0088383616666666
150 -0.0019885616666666
151 -0.0027140616666666
152 -0.0069611616666666
153 -0.0048631616666666
154 -0.0044373616666666
155 0.0030719383333334
156 0.0044488383333334
157 -0.0012242616666666
158 -0.0000703616666666
159 0.0008691383333334
160 -0.0051655616666666
161 -0.0052879616666666
162 -0.0027905616666666
163 -0.0096465616666666
164 -0.0089490616666666
165 -0.0107742616666666
166 -0.0087004616666666
167 -0.0102967616666666
168 -0.0143841616666666
169 -0.0116134616666666
170 -0.0104132616666666
171 -0.0096085616666666
172 -0.0076277616666666
173 -0.0054637616666666
174 -0.0106197616666666
175 -0.0093879616666666
176 -0.0113977616666666
177 -0.0125189616666666
178 -0.0102767616666666
179 -0.0088069616666666
180 -0.0050936616666666
181 -0.0056251616666666
182 -0.0075941616666666
183 -0.0117951616666666
184 -0.0078776616666666
185 -0.0113379616666666
186 -0.0119565616666666
187 -0.0071076616666666
188 -0.0071998616666666
189 -0.0083716616666666
190 -0.0071064616666666
191 -0.0083763616666666
192 -0.0093015616666666
193 -0.0077134616666666
194 -0.0050103616666666
195 -0.0050421616666666
196 -0.0037898616666666
197 -0.0041459616666666
198 -0.0006176616666666
199 -0.0034312616666666
200 -0.0070890616666666
201 -0.0049977616666666
202 -0.0081821616666666
203 -0.0083193616666666
204 -0.0082702616666666
205 -0.0087874616666666
206 -0.0063180616666666
207 -0.0056407616666666
208 -0.0050360616666666
209 -0.0031074616666666
210 -0.0011478616666666
211 0.0000829383333334
212 -0.0063915616666666
213 -0.0091212616666666
214 -0.0093137616666666
215 -0.0105085616666666
216 -0.0081933616666666
217 -0.0091586616666666
218 -0.0089164616666666
219 -0.0065267616666666
220 -0.0092521616666666
221 -0.0132728616666666
222 -0.0116416616666666
223 -0.0074033616666666
224 -0.0082234616666666
225 -0.0084164616666666
226 -0.0070545616666666
227 -0.0118183616666666
228 -0.0113063616666666
229 -0.0082483616666666
230 -0.0093951616666666
231 -0.0073511616666666
232 -0.0077370616666666
233 -0.0104692616666666
234 -0.0085202616666666
235 -0.0046225616666666
236 -0.0030920616666666
237 -0.0035865616666666
238 -0.0039445616666666
239 -0.0060836616666666
240 -0.0049694616666666
241 -0.0068105616666666
242 -0.0057616616666666
243 -0.0064916616666666
244 -0.0104377616666666
245 -0.0115276616666666
246 -0.0111897616666666
247 -0.0079162616666666
248 -0.0005278616666666
249 -0.0043240616666666
250 -0.0067005616666666
251 -0.0075596616666666
252 -0.0043930616666666
253 -0.0029680616666666
254 -0.0012526616666666
255 -0.0048412616666666
256 -0.0058461616666666
257 -0.0093169616666666
258 -0.0086001616666666
259 -0.0084708616666666
260 -0.0086298616666666
261 -0.0111487616666666
262 -0.0108888616666666
263 -0.0073477616666666
264 -0.0084977616666666
265 -0.0114018616666666
266 -0.0090755616666666
267 -0.0046498616666666
268 -0.0018164616666666
269 0.0008117383333334
270 0.0007396383333334
271 -0.0028148616666666
272 -0.0008740616666666
273 -0.0039977616666666
274 -0.0066828616666666
275 0.0041753383333334
276 0.0004510383333334
277 0.0004524383333334
278 0.0019074383333334
279 0.0004141383333334
280 -0.0042715616666666
281 -0.0032303616666666
282 -0.0009801616666666
283 -0.0001847616666666
284 -0.0031477616666666
285 -0.0037130616666666
286 -0.0015710616666666
287 -0.0036198616666666
288 -0.0058298616666666
289 -0.0059102616666666
290 -0.0061414616666666
291 -0.0077218616666666
292 -0.0075767616666666
293 -0.0098533616666666
294 -0.0099120616666666
295 -0.0045261616666666
296 -0.0108174616666666
297 -0.0103562616666666
298 -0.0070479616666666
299 -0.0082185616666666
300 -0.0080549616666666
301 -0.0054416616666666
302 -0.0062332616666666
303 0.0001281383333334
304 0.0001435383333334
305 0.0015821383333334
306 0.0039189383333334
307 0.0023987383333334
308 -0.0036963616666666
309 -0.0091574616666666
310 -0.0151521616666666
311 -0.0100507616666666
312 -0.0058678616666666
313 -0.0087126616666666
314 -0.0082033616666666
315 -0.0035266616666666
316 -0.0016122616666666
317 -0.0039956616666666
318 -0.0052842616666666
319 -0.0073450616666666
320 -0.0024469616666666
321 -0.0036747616666666
322 -0.0050362616666666
323 -0.0032800616666666
324 -0.0066248616666666
325 -0.0116130616666666
326 -0.0106914616666666
327 -0.0133860616666666
328 -0.0124585616666666
329 -0.0088511616666666
330 -0.0047396616666666
331 -0.0055676616666666
332 -0.0063010616666666
333 -0.0061027616666666
334 -0.0032680616666666
335 -0.0035557616666666
336 -0.0099275616666666
337 -0.0084766616666666
338 -0.0101021616666666
339 -0.0039126616666666
340 -0.0051181616666666
341 -0.0043985616666666
342 -0.0049808616666666
343 -0.0042689616666666
344 -0.0025073616666666
345 0.0009677383333334
346 -0.0041536616666666
347 -0.0037774616666666
348 -0.0033237616666666
349 0.0000709383333334
350 -0.0034827616666666
351 0.0035089383333334
352 -0.0004462616666666
353 -0.0010029616666666
354 0.0010183383333334
355 0.0027267383333334
356 0.0009089383333334
357 0.0010386383333334
358 -0.0007819616666666
359 -0.0044400616666666
360 0.0025410383333334
361 0.0003920383333334
362 -0.0001385616666666
363 0.0020530383333334
364 -0.0000584616666666
365 -0.0070276616666666
366 -0.0062865616666666
367 -0.0061498616666666
368 -0.0046746616666666
369 0.0026678383333334
370 0.0025856383333334
371 0.0014544383333334
372 -0.0004132616666666
373 0.0009478383333334
374 -0.0005931616666666
375 -0.0031134616666666
376 0.0009019383333334
377 -0.0038260616666666
378 -0.0013941616666666
379 -0.0043309616666666
380 -0.0031051616666666
381 -0.0049922616666666
382 -0.0072613616666666
383 -0.0029159616666666
384 -0.0020304616666666
385 -0.0044788616666666
386 -0.0025560616666666
387 -0.0058243616666666
388 -0.0015947616666666
389 0.0004032383333334
390 0.0006361383333334
391 0.0010463383333334
392 0.0032879383333334
393 -0.0023667616666666
394 -0.0002330616666666
395 0.0009965383333334
396 -0.0042357616666666
397 -0.0044318616666666
398 -0.0060831616666666
399 -0.0099951616666666
400 -0.0107329616666666
401 -0.0127899616666666
402 -0.0139927616666666
403 -0.0074303616666666
404 -0.0048264616666666
405 0.0002836383333334
406 0.0052027383333334
407 0.0003823383333334
408 -0.0006874616666666
409 -0.0038658616666666
410 -0.0031400616666666
411 -0.0020223616666666
412 0.0007988383333334
413 0.0024533383333334
414 0.0021950383333334
415 -0.0045685616666666
416 -0.0054259616666666
417 -0.0038797616666666
418 -0.0039329616666666
419 -0.0056026616666666
420 -0.0107306616666666
421 -0.0088808616666666
422 -0.0061086616666666
423 -0.0044583616666666
424 -0.0030927616666666
425 -0.0042780616666666
426 -0.0091248616666666
427 -0.0033655616666666
428 -0.0010440616666666
429 -0.0017706616666666
430 0.0000130383333334
431 0.0013575383333334
432 -0.0061965616666666
433 -0.0091098616666666
434 -0.0109643616666666
435 -0.0095475616666666
436 -0.0112486616666666
437 -0.0111209616666666
438 -0.0102479616666666
439 -0.0131769616666666
440 -0.0117654616666666
441 -0.0102969616666666
442 -0.0068453616666666
443 -0.0079852616666666
444 -0.0057951616666666
445 -0.0045491616666666
446 -0.0088227616666666
447 -0.0096339616666666
448 -0.0116264616666666
449 -0.0111963616666666
450 -0.0048244616666666
451 -0.0001293616666666
452 -0.0031166616666666
453 -0.0044147616666666
454 -0.0035608616666666
455 -0.0025155616666666
456 -0.0035035616666666
457 -0.0061724616666666
458 -0.0055509616666666
459 -0.0105528616666666
460 -0.0111736616666666
461 -0.0091445616666666
462 -0.0062088616666666
463 -0.0111029616666666
464 -0.0126488616666666
465 -0.0131551616666666
466 -0.0104377616666666
467 -0.0115644616666666
468 -0.0105128616666666
469 -0.0162168616666666
470 -0.0140573616666666
471 -0.0121764616666666
472 -0.0086861616666666
473 -0.0079604616666666
474 -0.0027485616666666
475 -0.0026218616666666
476 -0.0015766616666666
477 -0.0087565616666666
478 -0.0088412616666666
479 -0.0059864616666666
480 -0.0044097616666666
481 -0.0056705616666666
482 -0.0054445616666666
483 -0.0071845616666666
484 -0.0066149616666666
485 -0.0085651616666666
486 -0.0043170616666666
487 -0.0063866616666666
488 -0.0079428616666666
489 -0.0109295616666666
490 -0.0124951616666666
491 -0.0124485616666666
492 -0.0140766616666666
493 -0.0134089616666666
494 -0.0117684616666666
495 -0.0137044616666666
496 -0.0120822616666666
497 -0.0060526616666666
498 -0.0084473616666666
499 -0.0124858616666666
500 -0.0145768616666666
501 -0.0127674616666666
502 -0.0111342616666666
503 -0.0163023616666666
504 -0.0131443616666666
505 -0.0148612616666666
506 -0.0165489616666666
507 -0.0154953616666666
508 -0.0128240616666666
509 -0.0097471616666666
510 -0.0112432616666666
511 -0.0137084616666666
512 -0.0113241616666666
513 -0.0123910616666666
514 -0.0115838616666666
515 -0.0101646616666666
516 -0.0076426616666666
517 -0.0123637616666666
518 -0.0123584616666666
519 -0.0139359616666666
520 -0.0189954616666666
521 -0.0157391616666666
522 -0.0138568616666666
523 -0.0153783616666666
524 -0.0099712616666666
525 -0.0100138616666666
526 -0.0078943616666666
527 -0.0011474616666666
528 -0.0027829616666666
529 -0.0030550616666666
530 0.0014230383333334
531 0.0021330383333334
532 0.0043228383333334
533 0.0072402383333334
534 0.0116411383333334
535 0.0067344383333334
536 0.0085617383333334
537 0.0101850383333334
538 0.0111681383333334
539 0.0099415383333334
540 0.0063937383333334
541 0.0060176383333334
542 0.0030620383333334
543 -0.0037191616666666
544 -0.0065091616666666
545 -0.0093245616666666
546 -0.0046228616666666
547 -0.0051735616666666
548 -0.0097428616666666
549 -0.0042964616666666
550 -0.0077331616666666
551 -0.0088836616666666
552 -0.0098874616666666
553 -0.0118026616666666
554 -0.0104102616666666
555 -0.0107433616666666
556 -0.0091460616666666
557 -0.0093103616666666
558 -0.0077925616666666
559 -0.0100832616666666
560 -0.0112883616666666
561 -0.0139469616666666
562 -0.0146887616666666
563 -0.0098010616666666
564 -0.0046823616666666
565 -0.0028419616666666
566 -0.0047584616666666
567 -0.0036986616666666
568 -0.0029840616666666
569 -0.0026351616666666
570 -0.0061886616666666
571 -0.0067309616666666
572 -0.0073734616666666
573 -0.0056464616666666
574 -0.0026150616666666
575 -0.0062741616666666
576 -0.0090346616666666
577 -0.0062972616666666
578 -0.0048552616666666
579 -0.0062675616666666
580 -0.0091279616666666
581 -0.0090708616666666
582 -0.0070636616666666
583 -0.0089632616666666
584 -0.0095079616666666
585 -0.0102996616666666
586 -0.0133357616666666
587 -0.0143101616666666
588 -0.0133820616666666
589 -0.0116753616666666
590 -0.0113301616666666
591 -0.0076030616666666
592 -0.0060663616666666
593 -0.0087714616666666
594 -0.0113071616666666
595 -0.0108345616666666
596 -0.0105202616666666
597 -0.0104548616666666
598 -0.0101540616666666
599 -0.0118021616666666
600 -0.0097737616666666
1 0.0008432383333334
2 0.0049218383333334
3 0.0051116383333334
4 -0.0008415616666666
5 0.0015891383333334
6 -0.0026084616666666
7 0.0000248383333334
8 0.0006442383333334
9 -0.0043101616666666
10 -0.0032240616666666
11 -0.0059032616666666
12 -0.0086122616666666
13 -0.0128043616666666
14 -0.0080094616666666
15 -0.0093800616666666
16 -0.0105262616666666
17 -0.0083970616666666
18 -0.0089131616666666
19 -0.0131708616666666
20 -0.0134933616666666
21 -0.0076204616666666
22 -0.0107616616666666
23 -0.0113757616666666
24 -0.0109923616666666
25 -0.0089826616666666
26 -0.0090201616666666
27 -0.0121900616666666
28 -0.0118699616666666
29 -0.0109584616666666
30 -0.0066834616666666
31 -0.0046326616666666
32 -0.0016862616666666
33 -0.0017189616666666
34 0.0020239383333334
35 0.0103971383333334
36 0.0100019383333334
37 0.0043090383333334
38 0.0040141383333334
39 -0.0038551616666666
40 -0.0018023616666666
41 -0.0028903616666666
42 -0.0059688616666666
43 -0.0010720616666666
44 0.0001374383333334
45 0.0016977383333334
46 -0.0021815616666666
47 -0.0008986616666666
48 0.0026307383333334
49 0.0012554383333334
50 -0.0017932616666666
51 -0.0011039616666666
52 -0.0060058616666666
53 -0.0101173616666666
54 -0.0076491616666666
55 -0.0051116616666666
56 -0.0112742616666666
57 -0.0133032616666666
58 -0.0086797616666666
59 -0.0063514616666666
60 -0.0074111616666666
61 -0.0108852616666666
62 -0.0124429616666666
63 -0.0120998616666666
64 -0.0059811616666666
65 -0.0043391616666666
66 -0.0038249616666666
67 -0.0061414616666666
68 -0.0090030616666666
69 -0.0079961616666666
70 -0.0092214616666666
71 -0.0108885616666666
72 -0.0116401616666666
73 -0.0140629616666666
74 -0.0136415616666666
75 -0.0105504616666666
76 -0.0118162616666666
77 -0.0132916616666666
78 -0.0151458616666666
79 -0.0104073616666666
80 -0.0101614616666666
81 -0.0111085616666666
82 -0.0101667616666666
83 -0.0113138616666666
84 -0.0112592616666666
85 -0.0132541616666666
86 -0.0126059616666666
87 -0.0082519616666666
88 -0.0093455616666666
89 -0.0131298616666666
90 -0.0116367616666666
91 -0.0071363616666666
92 -0.0095790616666666
93 -0.0105767616666666
94 -0.0074106616666666
95 -0.0029175616666666
96 -0.0013115616666666
97 -0.0072183616666666
98 -0.0071404616666666
99 -0.0069511616666666
100 -0.0053894616666666
101 -0.0042477616666666
102 -0.0034822616666666
103 -0.0055412616666666
104 -0.0056195616666666
105 -0.0100951616666666
106 -0.0131028616666666
107 -0.0064677616666666
108 -0.0051283616666666
109 -0.0062355616666666
110 -0.0112981616666666
111 -0.0147190616666666
112 -0.0086403616666666
113 -0.0115026616666666
114 -0.0129900616666666
115 -0.0062063616666666
116 -0.0000676616666666
117 0.0003589383333334
118 0.0022437383333334
119 -0.0013859616666666
120 -0.0012801616666666
121 -0.0018226616666666
122 -0.0021547616666666
123 0.0014925383333334
124 -0.0019803616666666
125 0.0019053383333334
126 -0.0014396616666666
127 -0.0075441616666666
128 -0.0056629616666666
129 -0.0067352616666666
130 -0.0103159616666666
131 -0.0042672616666666
132 -0.0040144616666666
133 -0.0047741616666666
134 -0.0054062616666666
135 -0.0047396616666666
136 -0.0027644616666666
137 -0.0013573616666666
138 0.0003199383333334
139 -0.0002260616666666
140 -0.0094103616666666
141 -0.0059698616666666
142 -0.0033300616666666
143 -0.0043657616666666
144 -0.0085315616666666
145 -0.0095531616666666
146 -0.0064757616666666
147 -0.0058773616666666
148 -0.0053902616666666
149 -0.0043010616666666
150 -0.0047117616666666
151 0.0019268383333334
152 -0.0009525616666666
153 -0.0004485616666666
154 -0.0052104616666666
155 -0.0035221616666666
156 -0.0050735616666666
157 -0.0095827616666666
158 -0.0109941616666666
159 -0.0084128616666666
160 -0.0125904616666666
161 -0.0121140616666666
162 -0.0096773616666666
163 -0.0123946616666666
164 -0.0111273616666666
165 -0.0121331616666666
166 -0.0094051616666666
167 -0.0116602616666666
168 -0.0097592616666666
169 -0.0110591616666666
170 -0.0112010616666666
171 -0.0054087616666666
172 0.0035483383333334
173 -0.0071857616666666
174 -0.0084055616666666
175 -0.0064367616666666
176 -0.0030210616666666
177 -0.0034960616666666
178 -0.0047594616666666
179 -0.0042284616666666
180 -0.0028444616666666
181 -0.0008599616666666
182 -0.0059229616666666
183 -0.0026542616666666
184 0.0001918383333334
185 -0.0038348616666666
186 -0.0094737616666666
187 -0.0111843616666666
188 -0.0099444616666666
189 -0.0088976616666666
190 -0.0057027616666666
191 -0.0083776616666666
192 -0.0105018616666666
193 -0.0134487616666666
194 -0.0118232616666666
195 -0.0151637616666666
196 -0.0156965616666666
197 -0.0109582616666666
198 -0.0066848616666666
199 -0.0043642616666666
200 -0.0065604616666666
201 -0.0038574616666666
202 -0.0049118616666666
203 -0.0051290616666666
204 -0.0051186616666666
205 -0.0021236616666666
206 0.0006166383333334
207 0.0055341383333334
208 0.0018730383333334
209 0.0078227383333334
210 0.0064102383333334
211 -0.0002383616666666
212 -0.0048362616666666
213 -0.0056206616666666
214 -0.0002585616666666
215 -0.0035464616666666
216 -0.0002855616666666
217 0.0068995383333334
218 0.0012254383333334
219 -0.0052683616666666
220 -0.0045084616666666
221 -0.0004847616666666
222 -0.0018904616666666
223 -0.0083692616666666
224 -0.0033241616666666
225 -0.0033428616666666
226 -0.0069020616666666
227 -0.0040704616666666
228 -0.0000645616666666
229 0.0015047383333334
230 -0.0042573616666666
231 0.0060854383333334
232 0.0057574383333334
233 0.0006632383333334
234 -0.0075537616666666
235 -0.0066455616666666
236 -0.0061643616666666
237 -0.0030205616666666
238 -0.0033297616666666
239 -0.0066009616666666
240 -0.0077463616666666
241 -0.0078676616666666
242 -0.0132986616666666
243 -0.0123455616666666
244 -0.0099165616666666
245 -0.0090675616666666
246 -0.0032496616666666
247 0.0007012383333334
248 -0.0017414616666666
249 -0.0066284616666666
250 -0.0091298616666666
251 -0.0069338616666666
252 -0.0111655616666666
253 -0.0104235616666666
254 -0.0131605616666666
255 -0.0136051616666666
256 -0.0170113616666666
257 -0.0171399616666666
258 -0.0070050616666666
259 -0.0070526616666666
260 -0.0060995616666666
261 -0.0051485616666666
262 -0.0067518616666666
263 -0.0076576616666666
264 -0.0097984616666666
265 -0.0115382616666666
266 -0.0093815616666666
267 -0.0099281616666666
268 -0.0101619616666666
269 -0.0064963616666666
270 -0.0041198616666666
271 -0.0039580616666666
272 0.0000815383333334
273 -0.0010803616666666
274 -0.0040488616666666
275 0.0011671383333334
276 0.0012823383333334
277 0.0003782383333334
278 -0.0046821616666666
279 -0.0027441616666666
280 -0.0045527616666666
281 -0.0103947616666666
282 -0.0078366616666666
283 -0.0114005616666666
284 -0.0079036616666666
285 -0.0080786616666666
286 -0.0085470616666666
287 -0.0103637616666666
288 -0.0064972616666666
289 -0.0080961616666666
290 -0.0043265616666666
291 -0.0006709616666666
292 -0.0007660616666666
293 -0.0035734616666666
294 -0.0052052616666666
295 -0.0061379616666666
296 -0.0060802616666666
297 -0.0049506616666666
298 -0.0038104616666666
299 -0.0086146616666666
300 -0.0083037616666666
301 -0.0073444616666666
302 -0.0091715616666666
303 -0.0034526616666666
304 -0.0038006616666666
305 -0.0060988616666666
306 -0.0109244616666666
307 -0.0087629616666666
308 -0.0105144616666666
309 -0.0107579616666666
310 -0.0064438616666666
311 -0.0102623616666666
312 -0.0065241616666666
313 -0.0000220616666666
314 0.0021017383333334
315 -0.0001086616666666
316 -0.0034143616666666
317 -0.0030395616666666
318 -0.0036526616666666
319 -0.0054976616666666
320 -0.0081550616666666
321 -0.0140829616666666
322 -0.0098650616666666
323 -0.0097276616666666
324 -0.0127471616666666
325 -0.0042501616666666
326 -0.0036184616666666
327 -0.0039898616666666
328 -0.0036204616666666
329 -0.0072135616666666
330 -0.0047047616666666
331 -0.0040019616666666
332 -0.0035181616666666
333 -0.0060987616666666
334 -0.0094523616666666
335 -0.0112243616666666
336 -0.0070670616666666
337 -0.0101481616666666
338 -0.0071484616666666
339 -0.0071506616666666
340 -0.0070693616666666
341 -0.0083710616666666
342 -0.0063513616666666
343 -0.0108595616666666
344 -0.0088240616666666
345 -0.0088095616666666
346 -0.0076743616666666
347 -0.0078987616666666
348 -0.0086953616666666
349 -0.0052502616666666
350 -0.0047459616666666
351 -0.0013516616666666
352 0.0004945383333334
353 0.0023877383333334
354 0.0009044383333334
355 -0.0003042616666666
356 0.0021289383333334
357 0.0025269383333334
358 0.0005852383333334
359 0.0037959383333334
360 0.0068928383333334
361 0.0047976383333334
362 0.0067040383333334
363 0.0035013383333334
364 0.0024828383333334
365 0.0041018383333334
366 0.0008848383333334
367 0.0048642383333334
368 0.0042117383333334
369 0.0078225383333334
370 0.0041913383333334
371 -0.0002921616666666
372 0.0008925383333334
373 -0.0036427616666666
374 -0.0065871616666666
375 -0.0065494616666666
376 -0.0074636616666666
377 -0.0075261616666666
378 -0.0066064616666666
379 -0.0114522616666666
380 -0.0028052616666666
381 -0.0075255616666666
382 0.0001656383333334
383 -0.0023207616666666
384 -0.0066065616666666
385 -0.0036651616666666
386 -0.0063203616666666
387 -0.0111217616666666
388 -0.0088279616666666
389 -0.0042256616666666
390 -0.0050028616666666
391 -0.0055743616666666
392 -0.0028649616666666
393 -0.0046039616666666
394 -0.0099857616666666
395 -0.0094195616666666
396 -0.0067598616666666
397 -0.0075059616666666
398 -0.0035776616666666
399 -0.0040908616666666
400 -0.0079891616666666
401 -0.0038027616666666
402 0.0006872383333334
403 0.0051795383333334
404 0.0031910383333334
405 -0.0037677616666666
406 0.0037119383333334
407 0.0000853383333334
408 -0.0044677616666666
409 -0.0014895616666666
410 -0.0000417616666666
411 -0.0056976616666666
412 -0.0042217616666666
413 -0.0036289616666666
414 0.0033244383333334
415 0.0019840383333334
416 0.0028755383333334
417 0.0033651383333334
418 -0.0009223616666666
419 -0.0002979616666666
420 0.0000488383333334
421 -0.0040175616666666
422 -0.0009614616666666
423 -0.0060640616666666
424 -0.0015456616666666
425 -0.0029613616666666
426 -0.0011202616666666
427 -0.0044180616666666
428 -0.0043432616666666
429 0.0026858383333334
430 0.0062888383333334
431 -0.0017372616666666
432 0.0005726383333334
433 0.0034064383333334
434 -0.0003100616666666
435 0.0010750383333334
436 0.0083573383333334
437 0.0043300383333334
438 0.0056756383333334
439 0.0042801383333334
440 0.0054496383333334
441 0.0052859383333334
442 0.0020264383333334
443 0.0041453383333334
444 0.0018436383333334
445 -0.0040540616666666
446 -0.0071283616666666
447 -0.0059937616666666
448 -0.0056384616666666
449 -0.0089071616666666
450 -0.0067418616666666
451 -0.0068844616666666
452 -0.0043293616666666
453 -0.0058515616666666
454 -0.0003023616666666
455 -0.0074253616666666
456 -0.0095641616666666
457 -0.0106025616666666
458 -0.0102847616666666
459 -0.0067970616666666
460 -0.0072833616666666
461 -0.0127234616666666
462 -0.0107497616666666
463 -0.0122965616666666
464 -0.0132369616666666
465 -0.0106552616666666
466 -0.0103982616666666
467 -0.0099867616666666
468 -0.0107900616666666
469 -0.0111852616666666
470 -0.0094435616666666
471 -0.0162371616666666
472 -0.0157947616666666
473 -0.0147827616666666
474 -0.0145425616666666
475 -0.0165891616666666
476 -0.0129065616666666
477 -0.0071348616666666
478 -0.0100498616666666
479 -0.0075301616666666
480 -0.0078241616666666
481 -0.0113333616666666
482 -0.0126422616666666
483 -0.0127307616666666
484 -0.0126314616666666
485 -0.0074640616666666
486 -0.0060653616666666
487 -0.0054778616666666
488 -0.0076607616666666
489 -0.0051610616666666
490 -0.0047145616666666
491 -0.0087106616666666
492 -0.0084152616666666
493 -0.0081799616666666
494 -0.0114899616666666
495 -0.0050310616666666
496 -0.0039397616666666
497 -0.0052713616666666
498 -0.0085319616666666
499 -0.0143581616666666
500 -0.0126102616666666
501 -0.0131686616666666
502 -0.0112745616666666
503 -0.0105546616666666
504 -0.0162104616666666
505 -0.0153708616666666
506 -0.0158153616666666
507 -0.0152356616666666
508 -0.0111134616666666
509 -0.0100282616666666
510 -0.0089700616666666
511 -0.0151588616666666
512 -0.0156536616666666
513 -0.0144487616666666
514 -0.0122035616666666
515 -0.0092378616666666
516 -0.0081041616666666
517 -0.0128910616666666
518 -0.0097715616666666
519 -0.0137793616666666
520 -0.0104050616666666
521 -0.0110348616666666
522 -0.0138150616666666
523 -0.0095205616666666
524 -0.0048274616666666
525 -0.0049815616666666
526 -0.0075865616666666
527 -0.0079290616666666
528 -0.0090336616666666
529 -0.0078764616666666
530 -0.0066853616666666
531 -0.0095027616666666
532 -0.0079605616666666
533 -0.0062114616666666
534 -0.0077762616666666
535 -0.0097771616666666
536 -0.0051787616666666
537 -0.0086866616666666
538 -0.0054516616666666
539 -0.0093647616666666
540 -0.0115217616666666
541 -0.0045686616666666
542 -0.0068133616666666
543 -0.0102983616666666
544 -0.0095510616666666
545 -0.0041657616666666
546 -0.0013737616666666
547 -0.0021002616666666
548 -0.0033624616666666
549 -0.0046897616666666
550 -0.0009833616666666
551 -0.0024302616666666
552 -0.0029456616666666
553 -0.0047970616666666
554 -0.0095058616666666
555 -0.0019810616666666
556 -0.0105197616666666
557 -0.0094082616666666
558 -0.0139959616666666
559 -0.0144713616666666
560 -0.0083269616666666
561 -0.0152554616666666
562 -0.0154268616666666
563 -0.0081613616666666
564 -0.0133742616666666
565 -0.0117458616666666
566 -0.0107856616666666
567 -0.0091089616666666
568 -0.0092846616666666
569 -0.0067928616666666
570 -0.0067502616666666
571 -0.0048109616666666
572 -0.0033352616666666
573 -0.0094040616666666
574 -0.0083729616666666
575 -0.0037963616666666
576 0.0007857383333334
577 -0.0043024616666666
578 -0.0095784616666666
579 -0.0139833616666666
580 -0.0110174616666666
581 -0.0097051616666666
582 -0.0107408616666666
583 -0.0143403616666666
584 -0.0143185616666666
585 -0.0109218616666666
586 -0.0041749616666666
587 -0.0076868616666666
588 -0.0079076616666666
589 -0.0086153616666666
590 -0.0111078616666666
591 -0.0102818616666666
592 -0.0089059616666666
593 -0.0059153616666666
594 -0.0078616616666666
595 -0.0100375616666666
596 -0.0072621616666666
597 -0.0054170616666666
598 -0.0029353616666666
599 -0.0041245616666666
600 -0.0049271616666666
1 0.0076196383333334
2 0.0130390383333334
3 0.0081017383333334
4 0.0034806383333334
5 0.0004313383333334
6 0.0034167383333334
7 0.0054829383333334
8 0.0092417383333334
9 0.0074403383333334
10 0.0054506383333334
11 0.0035124383333334
12 0.0032885383333334
13 0.0038382383333334
14 -0.0029543616666666
15 -0.0022324616666666
16 -0.0032493616666666
17 -0.0019483616666666
18 -0.0032499616666666
19 -0.0026845616666666
20 -0.0066227616666666
21 -0.0077225616666666
22 -0.0042138616666666
23 -0.0042585616666666
24 -0.0081252616666666
25 -0.0096377616666666
26 -0.0091736616666666
27 -0.0015109616666666
28 -0.0016181616666666
29 -0.0014727616666666
30 -0.0049435616666666
31 -0.0067227616666666
32 -0.0091301616666666
33 -0.0083425616666666
34 -0.0059031616666666
35 -0.0051059616666666
36 -0.0062485616666666
37 -0.0128599616666666
38 -0.0051641616666666
39 -0.0009172616666666
40 -0.0006361616666666
41 -0.0043780616666666
42 -0.0057192616666666
43 -0.0075054616666666
44 -0.0035958616666666
45 -0.0049966616666666
46 -0.0017105616666666
47 -0.0038978616666666
48 -0.0074089616666666
49 -0.0057037616666666
50 -0.0047820616666666
51 -0.0033559616666666
52 -0.0024185616666666
53 -0.0073887616666666
54 -0.0085769616666666
55 -0.0091803616666666
56 -0.0077288616666666
57 -0.0091018616666666
58 -0.0083120616666666
59 -0.0077936616666666
60 -0.0114364616666666
61 -0.0050860616666666
62 -0.0044308616666666
63 -0.0067206616666666
64 -0.0058757616666666
65 -0.0091679616666666
66 -0.0067434616666666
67 -0.0048700616666666
68 -0.0091079616666666
69 -0.0070450616666666
70 -0.0056002616666666
71 -0.0019438616666666
72 -0.0036863616666666
73 -0.0073979616666666
74 -0.0066646616666666
75 -0.0078600616666666
76 -0.0050940616666666
77 -0.0062308616666666
78 -0.0063555616666666
79 -0.0041903616666666
80 -0.0057794616666666
81 -0.0049681616666666
82 -0.0041509616666666
83 -0.0025906616666666
84 -0.0067463616666666
85 -0.0096084616666666
86 -0.0086232616666666
87 -0.0102223616666666
88 -0.0118314616666666
89 -0.0126070616666666
90 -0.0106711616666666
91 -0.0084179616666666
92 -0.0045785616666666
93 -0.0077766616666666
94 -0.0068655616666666
95 -0.0050627616666666
96 -0.0001115616666666
97 0.0004204383333334
98 0.0002615383333334
99 -0.0017894616666666
100 -0.0077310616666666
101 -0.0009221616666666
102 -0.0004621616666666
103 -0.0029915616666666
104 -0.0082460616666666
105 -0.0039486616666666
106 -0.0011931616666666
107 -0.0062968616666666
108 -0.0064659616666666
109 -0.0113309616666666
110 -0.0111857616666666
111 -0.0071238616666666
112 -0.0132089616666666
113 -0.0154954616666666
114 -0.0113914616666666
115 -0.0115122616666666
116 -0.0143783616666666
117 -0.0119847616666666
118 -0.0174443616666666
119 -0.0170537616666666
120 -0.0157732616666666
121 -0.0170277616666666
122 -0.0161893616666666
123 -0.0182781616666666
124 -0.0157207616666666
125 -0.0166055616666666
126 -0.0142473616666666
127 -0.0108768616666666
128 -0.0072805616666666
129 -0.0072862616666666
130 -0.0059707616666666
131 -0.0031683616666666
132 -0.0061232616666666
133 -0.0068209616666666
134 -0.0029072616666666
135 -0.0024796616666666
136 -0.0028296616666666
137 -0.0006216616666666
138 -0.0025347616666666
139 -0.0030368616666666
140 -0.0073768616666666
141 -0.0117401616666666
142 -0.0149079616666666
143 -0.0114382616666666
144 -0.0115135616666666
145 -0.0065794616666666
146 -0.0091109616666666
147 -0.0160905616666666
148 -0.0152316616666666
149 -0.0097176616666666
150 -0.0074600616666666
151 -0.0076475616666666
152 -0.0110774616666666
153 -0.0090883616666666
154 -0.0126958616666666
155 -0.0099318616666666
156 -0.0091784616666666
157 -0.0074365616666666
158 -0.0030132616666666
159 -0.0038914616666666
160 -0.0003661616666666
161 -0.0045944616666666
162 -0.0049038616666666
163 -0.0087225616666666
164 -0.0107160616666666
165 -0.0134000616666666
166 -0.0135386616666666
167 -0.0062988616666666
168 -0.0086143616666666
169 -0.0114015616666666
170 -0.0103009616666666
171 -0.0093711616666666
172 -0.0062791616666666
173 -0.0035250616666666
174 -0.0054332616666666
175 -0.0039684616666666
176 0.0006605383333334
177 -0.0012190616666666
178 -0.0043635616666666
179 -0.0038709616666666
180 -0.0036704616666666
181 -0.0027104616666666
182 -0.0061966616666666
183 -0.0115818616666666
184 -0.0088139616666666
185 -0.0080357616666666
186 -0.0091704616666666
187 -0.0053344616666666
188 -0.0097522616666666
189 -0.0110984616666666
190 -0.0148199616666666
191 -0.0161238616666666
192 -0.0191197616666666
193 -0.0154612616666666
194 -0.0115729616666666
195 -0.0113005616666666
196 -0.0138378616666666
197 -0.0094228616666666
198 -0.0082414616666666
199 -0.0112342616666666
200 -0.0108963616666666
201 -0.0098620616666666
202 -0.0129967616666666
203 -0.0087708616666666
204 -0.0096565616666666
205 -0.0072694616666666
206 -0.0059084616666666
207 -0.0076371616666666
208 -0.0077476616666666
209 -0.0087311616666666
210 -0.0056747616666666
211 -0.0028738616666666
212 -0.0099545616666666
213 -0.0057432616666666
214 -0.0031232616666666
215 -0.0075855616666666
216 -0.0112320616666666
217 -0.0063243616666666
218 -0.0101264616666666
219 -0.0086169616666666
220 -0.0100542616666666
221 -0.0042422616666666
222 -0.0073289616666666
223 -0.0076214616666666
224 -0.0079193616666666
225 -0.0020558616666666
226 -0.0021665616666666
227 -0.0052476616666666
228 -0.0077209616666666
229 -0.0050031616666666
230 0.0032933383333334
231 -0.0004334616666666
232 -0.0022148616666666
233 -0.0029779616666666
234 -0.0066892616666666
235 -0.0015744616666666
236 -0.0026933616666666
237 -0.0005403616666666
238 -0.0013025616666666
239 0.0029803383333334
240 0.0000140383333334
241 0.0021320383333334
242 0.0023249383333334
243 0.0069317383333334
244 0.0048459383333334
245 -0.0017480616666666
246 -0.0060794616666666
247 -0.0035648616666666
248 -0.0020380616666666
249 -0.0036951616666666
250 -0.0040894616666666
251 -0.0004453616666666
252 -0.0005312616666666
253 -0.0081599616666666
254 -0.0086226616666666
255 -0.0062864616666666
256 -0.0079727616666666
257 -0.0094244616666666
258 -0.0127225616666666
259 -0.0065885616666666
260 -0.0082936616666666
261 -0.0095452616666666
262 -0.0100669616666666
263 -0.0116580616666666
264 -0.0089616616666666
265 -0.0044508616666666
266 -0.0079781616666666
267 -0.0076436616666666
268 -0.0084095616666666
269 -0.0085733616666666
270 -0.0067450616666666
271 -0.0065210616666666
272 -0.0044675616666666
273 -0.0053992616666666
274 -0.0062492616666666
275 -0.0072324616666666
276 -0.0041846616666666
277 -0.0026349616666666
278 0.0028349383333334
279 -0.0019513616666666
280 0.0007017383333334
281 0.0001762383333334
282 -0.0036718616666666
283 -0.0021222616666666
284 -0.0017720616666666
285 -0.0016409616666666
286 0.0014832383333334
287 0.0007692383333334
288 0.0047448383333334
289 -0.0021243616666666
290 -0.0009340616666666
291 -0.0005970616666666
292 0.0023677383333334
293 -0.0024829616666666
294 -0.0056257616666666
295 -0.0072597616666666
296 -0.0075850616666666
297 -0.0058310616666666
298 -0.0076946616666666
299 -0.0102336616666666
300 -0.0041902616666666
301 0.0006533383333334
302 0.0017448383333334
303 0.0030182383333334
304 0.0041875383333334
305 -0.0008137616666666
306 0.0011518383333334
307 -0.0032490616666666
308 -0.0006119616666666
309 -0.0007005616666666
310 -0.0004451616666666
311 -0.0018168616666666
312 -0.0024610616666666
313 -0.0033997616666666
314 -0.0025551616666666
315 -0.0025296616666666
316 -0.0045940616666666
317 -0.0021327616666666
318 0.0013939383333334
319 0.0020703383333334
320 0.0019889383333334
321 0.0015721383333334
322 0.0007300383333334
323 -0.0004811616666666
324 -0.0041270616666666
325 -0.0091349616666666
326 -0.0108243616666666
327 -0.0102280616666666
328 -0.0069301616666666
329 -0.0068270616666666
330 -0.0113319616666666
331 -0.0131140616666666
332 -0.0122117616666666
333 -0.0088950616666666
334 -0.0104205616666666
335 -0.0116820616666666
336 -0.0119398616666666
337 -0.0086729616666666
338 -0.0135933616666666
339 -0.0077606616666666
340 -0.0029188616666666
341 -0.0032267616666666
342 -0.0026602616666666
343 -0.0042395616666666
344 -0.0025436616666666
345 -0.0052156616666666
346 -0.0030839616666666
347 -0.0011953616666666
348 -0.0004860616666666
349 -0.0035750616666666
350 -0.0089075616666666
351 -0.0075059616666666
352 -0.0083162616666666
353 -0.0140342616666666
354 -0.0155679616666666
355 -0.0174288616666666
356 -0.0153667616666666
357 -0.0131234616666666
358 -0.0145283616666666
359 -0.0135447616666666
360 -0.0099623616666666
361 -0.0112530616666666
362 -0.0074089616666666
363 -0.0093141616666666
364 -0.0071375616666666
365 -0.0036776616666666
366 -0.0011567616666666
367 -0.0013519616666666
368 -0.0057577616666666
369 -0.0069637616666666
370 -0.0098236616666666
371 -0.0119001616666666
372 -0.0150544616666666
373 -0.0111471616666666
374 -0.0132403616666666
375 -0.0130169616666666
376 -0.0088629616666666
377 -0.0081351616666666
378 -0.0084888616666666
379 -0.0087121616666666
380 -0.0101768616666666
381 -0.0094175616666666
382 -0.0099839616666666
383 -0.0106342616666666
384 -0.0109225616666666
385 -0.0058807616666666
386 -0.0041521616666666
387 -0.0103415616666666
388 -0.0085390616666666
389 -0.0106043616666666
390 -0.0056619616666666
391 -0.0029507616666666
392 -0.0062351616666666
393 -0.0066121616666666
394 -0.0076780616666666
395 -0.0060877616666666
396 -0.0075569616666666
397 -0.0063022616666666
398 -0.0023171616666666
399 -0.0021458616666666
400 -0.0088450616666666
401 -0.0103431616666666
402 -0.0110072616666666
403 -0.0083904616666666
404 -0.0086042616666666
405 -0.0107596616666666
406 -0.0122945616666666
407 -0.0125093616666666
408 -0.0144170616666666
409 -0.0107541616666666
410 -0.0096325616666666
411 -0.0100065616666666
412 -0.0089316616666666
413 -0.0064965616666666
414 -0.0047217616666666
415 -0.0048887616666666
416 -0.0083893616666666
417 -0.0147559616666666
418 -0.0162136616666666
419 -0.0139822616666666
420 -0.0135404616666666
421 -0.0147069616666666
422 -0.0092262616666666
423 -0.0127792616666666
424 -0.0103987616666666
425 -0.0131195616666666
426 -0.0115443616666666
427 -0.0092784616666666
428 -0.0075230616666666
429 -0.0088347616666666
430 -0.0106306616666666
431 -0.0098239616666666
432 -0.0090167616666666
433 -0.0039674616666666
434 -0.0058328616666666
435 -0.0104044616666666
436 -0.0091254616666666
437 -0.0106959616666666
438 -0.0087225616666666
439 -0.0069062616666666
440 -0.0027037616666666
441 -0.0012678616666666
442 0.0053833383333334
443 0.0106515383333334
444 0.0059000383333334
445 0.0037788383333334
446 0.0014643383333334
447 -0.0003395616666666
448 0.0012189383333334
449 0.0005168383333334
450 -0.0026168616666666
451 -0.0019372616666666
452 0.0001753383333334
453 -0.0047978616666666
454 -0.0076002616666666
455 -0.0039206616666666
456 -0.0081126616666666
457 -0.0091885616666666
458 -0.0071937616666666
459 -0.0069880616666666
460 -0.0014395616666666
461 -0.0025646616666666
462 -0.0101869616666666
463 -0.0095027616666666
464 -0.0061318616666666
465 -0.0073368616666666
466 -0.0045441616666666
467 -0.0052985616666666
468 -0.0051833616666666
469 -0.0046864616666666
470 -0.0074669616666666
471 -0.0044662616666666
472 -0.0047162616666666
473 -0.0094984616666666
474 -0.0112388616666666
475 -0.0106717616666666
476 -0.0114421616666666
477 -0.0145607616666666
478 -0.0130596616666666
479 -0.0084632616666666
480 -0.0053643616666666
481 -0.0048950616666666
482 -0.0046928616666666
483 -0.0012395616666666
484 0.0042641383333334
485 0.0008794383333334
486 -0.0006932616666666
487 -0.0025583616666666
488 -0.0012801616666666
489 -0.0053605616666666
490 0.0002690383333334
491 0.0035801383333334
492 -0.0009868616666666
493 -0.0044041616666666
494 -0.0047606616666666
495 -0.0045226616666666
496 -0.0043920616666666
497 -0.0088383616666666
498 -0.0063193616666666
499 -0.0066155616666666
500 -0.0015826616666666
501 -0.0029912616666666
502 -0.0022083616666666
503 0.0000484383333334
504 -0.0008038616666666
505 -0.0057201616666666
506 -0.0066732616666666
507 -0.0065117616666666
508 -0.0004274616666666
509 -0.0023601616666666
510 -0.0025923616666666
511 0.0007582383333334
512 0.0022517383333334
513 0.0007233383333334
514 0.0126369383333334
515 0.0099258383333334
516 0.0036018383333334
517 -0.0002887616666666
518 0.0009154383333334
519 0.0060439383333334
520 0.0050517383333334
521 0.0026766383333334
522 0.0035652383333334
523 0.0109531383333334
524 0.0080800383333334
525 0.0038796383333334
526 -0.0018876616666666
527 -0.0045529616666666
528 -0.0004591616666666
529 -0.0026805616666666
530 -0.0058897616666666
531 -0.0095487616666666
532 -0.0102651616666666
533 -0.0122309616666666
534 -0.0099064616666666
535 -0.0137875616666666
536 -0.0128993616666666
537 -0.0142857616666666
538 -0.0115898616666666
539 -0.0114457616666666
540 -0.0110665616666666
541 -0.0098679616666666
542 -0.0117427616666666
543 -0.0123306616666666
544 -0.0126924616666666
545 -0.0081381616666666
546 -0.0107684616666666
547 -0.0157829616666666
548 -0.0094204616666666
549 -0.0106517616666666
550 -0.0057133616666666
551 -0.0016648616666666
552 -0.0026299616666666
553 -0.0004425616666666
554 -0.0057405616666666
555 -0.0022993616666666
556 -0.0053791616666666
557 -0.0024044616666666
558 -0.0051365616666666
559 -0.0030858616666666
560 -0.0037753616666666
561 -0.0060352616666666
562 0.0000656383333334
563 0.0026967383333334
564 -0.0005876616666666
565 -0.0042472616666666
566 -0.0060968616666666
567 -0.0033474616666666
568 -0.0051127616666666
569 -0.0056541616666666
570 -0.0073668616666666
571 -0.0015839616666666
572 -0.0013456616666666
573 -0.0006511616666666
574 -0.0047782616666666
575 -0.0048851616666666
576 -0.0095098616666666
577 -0.0119061616666666
578 -0.0057074616666666
579 -0.0079473616666666
580 -0.0056759616666666
581 -0.0070313616666666
582 -0.0109122616666666
583 -0.0080784616666666
584 -0.0040476616666666
585 -0.0080683616666666
586 -0.0090712616666666
587 -0.0106686616666666
588 -0.0098950616666666
589 -0.0097019616666666
590 -0.0107947616666666
591 -0.0079710616666666
592 -0.0073797616666666
593 -0.0103952616666666
594 -0.0113593616666666
595 -0.0135343616666666
596 -0.0122015616666666
597 -0.0096862616666666
598 -0.0093786616666666
599 -0.0074405616666666
600 -0.0063083616666666
1 0.0063232383333334
2 -0.0001416616666666
3 -0.0000287616666666
4 0.0021274383333334
5 0.0016091383333334
6 -0.0021594616666666
7 -0.0054838616666666
8 -0.0064862616666666
9 -0.0089607616666666
10 -0.0095375616666666
11 -0.0122528616666666
12 -0.0128516616666666
13 -0.0092263616666666
14 -0.0091340616666666
15 -0.0064135616666666
16 -0.0076366616666666
17 -0.0105701616666666
18 -0.0070640616666666
19 -0.0016083616666666
20 -0.0076849616666666
21 -0.0009563616666666
22 -0.0008726616666666
23 -0.0087442616666666
24 -0.0013915616666666
25 -0.0038686616666666
26 -0.0072762616666666
27 -0.0047574616666666
28 -0.0036176616666666
29 -0.0045427616666666
30 -0.0114454616666666
31 -0.0114336616666666
32 -0.0099902616666666
33 -0.0082387616666666
34 -0.0046875616666666
35 -0.0055455616666666
36 -0.0041048616666666
37 -0.0020165616666666
38 -0.0025331616666666
39 0.0006526383333334
40 0.0023408383333334
41 0.0045288383333334
42 0.0051415383333334
43 0.0056012383333334
44 0.0064107383333334
45 0.0031707383333334
46 0.0032869383333334
47 0.0003323383333334
48 -0.0007079616666666
49 -0.0011232616666666
50 -0.0037758616666666
51 -0.0041724616666666
52 -0.0072692616666666
53 -0.0038152616666666
54 -0.0081022616666666
55 -0.0093856616666666
56 -0.0063456616666666
57 -0.0081464616666666
58 -0.0050395616666666
59 -0.0033569616666666
60 -0.0028659616666666
61 -0.0049346616666666
62 -0.0071600616666666
63 -0.0057331616666666
64 0.0021467383333334
65 -0.0031879616666666
66 -0.0025027616666666
67 -0.0073589616666666
68 -0.0078663616666666
69 -0.0099170616666666
70 -0.0095506616666666
71 -0.0102543616666666
72 -0.0087052616666666
73 -0.0096637616666666
74 -0.0099001616666666
75 -0.0132631616666666
76 -0.0150378616666666
77 -0.0134423616666666
78 -0.0111675616666666
79 -0.0086756616666666
80 -0.0123997616666666
81 -0.0126330616666666
82 -0.0117492616666666
83 -0.0109232616666666
84 -0.0101809616666666
85 -0.0105146616666666
86 -0.0086703616666666
87 -0.0096676616666666
88 -0.0064039616666666
89 -0.0031160616666666
90 -0.0016560616666666
91 0.0002102383333334
92 -0.0018107616666666
93 0.0028372383333334
94 0.0022376383333334
95 0.0069963383333334
96 0.0000201383333334
97 -0.0014176616666666
98 0.0008825383333334
99 -0.0059345616666666
100 -0.0022838616666666
101 -0.0049121616666666
102 0.0017825383333334
103 0.0040606383333334
104 0.0045354383333334
105 0.0057002383333334
106 0.0023706383333334
107 0.0013976383333334
108 -0.0012175616666666
109 0.0001112383333334
110 -0.0040996616666666
111 -0.0078738616666666
112 -0.0011088616666666
113 -0.0027099616666666
114 -0.0027684616666666
115 -0.0071376616666666
116 0.0013785383333334
117 -0.0081800616666666
118 -0.0049952616666666
119 -0.0040336616666666
120 -0.0039611616666666
121 -0.0049472616666666
122 -0.0056258616666666
123 -0.0068574616666666
124 -0.0001563616666666
125 -0.0025872616666666
126 -0.0026488616666666
127 0.0015907383333334
128 0.0022089383333334
129 0.0001777383333334
130 -0.0008198616666666
131 0.0019136383333334
132 0.0005327383333334
133 0.0030083383333334
134 -0.0000780616666666
135 -0.0022890616666666
136 -0.0029703616666666
137 -0.0085016616666666
138 -0.0109006616666666
139 -0.0143394616666666
140 -0.0155470616666666
141 -0.0141685616666666
142 -0.0147367616666666
143 -0.0130454616666666
144 -0.0069357616666666
145 -0.0072283616666666
146 -0.0081262616666666
147 -0.0086727616666666
148 -0.0126194616666666
149 -0.0124294616666666
150 -0.0038206616666666
151 -0.0073649616666666
152 -0.0055308616666666
153 -0.0032310616666666
154 -0.0077248616666666
155 -0.0075501616666666
156 -0.0055828616666666
157 -0.0005977616666666
158 -0.0022456616666666
159 -0.0031222616666666
160 0.0019710383333334
161 0.0083023383333334
162 0.0062341383333334
163 0.0006376383333334
164 -0.0033584616666666
165 0.0026117383333334
166 0.0075210383333334
167 0.0073628383333334
168 0.0087600383333334
169 0.0080510383333334
170 0.0094175383333334
171 0.0029276383333334
172 0.0015556383333334
173 0.0024980383333334
174 -0.0023826616666666
175 0.0004569383333334
176 0.0018813383333334
177 0.0021550383333334
178 -0.0008835616666666
179 -0.0008152616666666
180 -0.0062117616666666
181 -0.0051706616666666
182 -0.0040149616666666
183 -0.0027217616666666
184 -0.0021550616666666
185 -0.0049738616666666
186 -0.0066188616666666
187 -0.0067342616666666
188 -0.0028111616666666
189 -0.0036523616666666
190 -0.0002608616666666
191 -0.0024094616666666
192 0.0032942383333334
193 0.0059456383333334
194 0.0051707383333334
195 0.0035217383333334
196 0.0073396383333334
197 0.0063641383333334
198 0.0041980383333334
199 0.0050605383333334
200 0.0040737383333334
201 -0.0020611616666666
202 0.0004519383333334
203 -0.0002398616666666
204 -0.0021322616666666
205 0.0016559383333334
206 0.0011454383333334
207 0.0005953383333334
208 -0.0006464616666666
209 -0.0001457616666666
210 0.0015728383333334
211 -0.0007412616666666
212 -0.0016568616666666
213 -0.0070629616666666
214 -0.0101167616666666
215 -0.0079422616666666
216 -0.0088511616666666
217 -0.0112018616666666
218 -0.0099275616666666
219 -0.0111466616666666
220 -0.0104167616666666
221 -0.0098661616666666
222 -0.0095471616666666
223 -0.0094181616666666
224 -0.0054499616666666
225 0.0021535383333334
226 -0.0043031616666666
227 -0.0041028616666666
228 -0.0068883616666666
229 -0.0071532616666666
230 -0.0021654616666666
231 -0.0036845616666666
232 0.0027243383333334
233 0.0019682383333334
234 0.0010244383333334
235 0.0016038383333334
236 0.0002364383333334
237 -0.0001276616666666
238 -0.0014093616666666
239 -0.0024554616666666
240 -0.0019343616666666
241 -0.0070771616666666
242 -0.0035010616666666
243 -0.0052380616666666
244 -0.0020311616666666
245 -0.0039137616666666
246 -0.0043843616666666
247 -0.0017292616666666
248 0.0003255383333334
249 -0.0029692616666666
250 -0.0038716616666666
251 0.0013326383333334
252 -0.0015497616666666
253 0.0071566383333334
254 0.0052167383333334
255 -0.0022390616666666
256 0.0006608383333334
257 0.0025837383333334
258 -0.0015115616666666
259 -0.0049355616666666
260 -0.0026777616666666
261 -0.0034891616666666
262 -0.0040874616666666
263 0.0026661383333334
264 -0.0025028616666666
265 -0.0068296616666666
266 -0.0079767616666666
267 -0.0040411616666666
268 -0.0056346616666666
269 -0.0083338616666666
270 -0.0059149616666666
271 -0.0097300616666666
272 -0.0044467616666666
273 -0.0034283616666666
274 -0.0053331616666666
275 -0.0034863616666666
276 -0.0046862616666666
277 -0.0063381616666666
278 -0.0073241616666666
279 -0.0052879616666666
280 -0.0091236616666666
281 -0.0127589616666666
282 -0.0156604616666666
283 -0.0174580616666666
284 -0.0085811616666666
285 -0.0122370616666666
286 -0.0082435616666666
287 -0.0054434616666666
288 -0.0087926616666666
289 -0.0110762616666666
290 -0.0093492616666666
291 -0.0047178616666666
292 -0.0053598616666666
293 -0.0103791616666666
294 -0.0122939616666666
295 -0.0112797616666666
296 -0.0066445616666666
297 -0.0094270616666666
298 -0.0070094616666666
299 -0.0081579616666666
300 -0.0091931616666666
301 -0.0091556616666666
302 -0.0082849616666666
303 -0.0132710616666666
304 -0.0140849616666666
305 -0.0100643616666666
306 -0.0099997616666666
307 -0.0113943616666666
308 -0.0107256616666666
309 -0.0073004616666666
310 -0.0059976616666666
311 -0.0044655616666666
312 -0.0065662616666666
313 -0.0093567616666666
314 -0.0105935616666666
315 -0.0101187616666666
316 -0.0137015616666666
317 -0.0119374616666666
318 -0.0078574616666666
319 -0.0116731616666666
320 -0.0127781616666666
321 -0.0134756616666666
322 -0.0149377616666666
323 -0.0151283616666666
324 -0.0170995616666666
325 -0.0130962616666666
326 -0.0158217616666666
327 -0.0112436616666666
328 -0.0096892616666666
329 -0.0093554616666666
330 -0.0040048616666666
331 -0.0023640616666666
332 -0.0041231616666666
333 0.0001665383333334
334 -0.0026676616666666
335 -0.0011529616666666
336 -0.0010617616666666
337 -0.0006320616666666
338 -0.0008558616666666
339 -0.0013574616666666
340 -0.0036139616666666
341 0.0017280383333334
342 0.0038364383333334
343 0.0028048383333334
344 0.0025190383333334
345 -0.0013823616666666
346 0.0018291383333334
347 0.0003519383333334
348 0.0026522383333334
349 -0.0009274616666666
350 -0.0039031616666666
351 0.0012427383333334
352 -0.0006456616666666
353 -0.0003230616666666
354 0.0004099383333334
355 -0.0031957616666666
356 -0.0075500616666666
357 -0.0038269616666666
358 -0.0013861616666666
359 0.0013724383333334
360 0.0029734383333334
361 -0.0022450616666666
362 -0.0036664616666666
363 0.0002333383333334
364 0.0080960383333334
365 0.0030008383333334
366 -0.0011363616666666
367 -0.0035833616666666
368 -0.0045618616666666
369 -0.0066061616666666
370 -0.0004861616666666
371 -0.0088623616666666
372 -0.0065183616666666
373 -0.0087687616666666
374 -0.0055517616666666
375 -0.0052948616666666
376 -0.0056065616666666
377 -0.0095897616666666
378 -0.0066954616666666
379 -0.0050134616666666
380 -0.0058850616666666
381 -0.0045289616666666
382 -0.0019539616666666
383 0.0046080383333334
384 0.0043302383333334
385 -0.0036921616666666
386 -0.0047475616666666
387 -0.0054108616666666
388 -0.0056094616666666
389 -0.0018421616666666
390 -0.0053962616666666
391 -0.0038921616666666
392 -0.0070391616666666
393 -0.0059963616666666
394 -0.0072220616666666
395 -0.0094982616666666
396 -0.0067466616666666
397 -0.0075969616666666
398 -0.0086393616666666
399 -0.0017134616666666
400 -0.0035309616666666
401 -0.0060435616666666
402 -0.0062787616666666
403 -0.0058756616666666
404 -0.0014424616666666
405 -0.0025518616666666
406 -0.0027601616666666
407 -0.0022039616666666
408 -0.0038917616666666
409 -0.0046273616666666
410 -0.0068366616666666
411 -0.0086739616666666
412 -0.0131320616666666
413 -0.0140225616666666
414 -0.0108018616666666
415 -0.0099803616666666
416 -0.0073272616666666
417 -0.0091356616666666
418 -0.0071791616666666
419 -0.0109472616666666
420 -0.0095528616666666
421 -0.0092225616666666
422 -0.0096110616666666
423 -0.0035978616666666
424 -0.0014376616666666
425 -0.0032594616666666
426 -0.0030719616666666
427 -0.0066993616666666
428 -0.0047657616666666
429 -0.0050288616666666
430 -0.0018263616666666
431 -0.0032589616666666
432 -0.0020878616666666
433 -0.0033177616666666
434 -0.0039818616666666
435 -0.0054073616666666
436 -0.0030136616666666
437 -0.0029576616666666
438 -0.0071260616666666
439 -0.0045197616666666
440 0.0022449383333334
441 0.0036120383333334
442 0.0044169383333334
443 -0.0015720616666666
444 0.0029212383333334
445 0.0045074383333334
446 -0.0010494616666666
447 -0.0026275616666666
448 -0.0001953616666666
449 -0.0012124616666666
450 0.0004430383333334
451 -0.0024978616666666
452 -0.0036696616666666
453 -0.0081823616666666
454 -0.0103840616666666
455 -0.0038054616666666
456 -0.0059256616666666
457 -0.0071835616666666
458 -0.0031143616666666
459 -0.0001239616666666
460 0.0029792383333334
461 0.0044184383333334
462 0.0025438383333334
463 0.0026645383333334
464 0.0001975383333334
465 -0.0048863616666666
466 -0.0031861616666666
467 -0.0034178616666666
468 -0.0027272616666666
469 -0.0073159616666666
470 -0.0117052616666666
471 -0.0040835616666666
472 -0.0008777616666666
473 0.0009400383333334
474 0.0016516383333334
475 -0.0031456616666666
476 -0.0070902616666666
477 -0.0094186616666666
478 -0.0126171616666666
479 -0.0056179616666666
480 -0.0076715616666666
481 -0.0068288616666666
482 -0.0085252616666666
483 -0.0112917616666666
484 -0.0102293616666666
485 -0.0012675616666666
486 -0.0082216616666666
487 -0.0131191616666666
488 -0.0105144616666666
489 -0.0149794616666666
490 -0.0132684616666666
491 -0.0147820616666666
492 -0.0128917616666666
493 -0.0146703616666666
494 -0.0128067616666666
495 -0.0112968616666666
496 -0.0108020616666666
497 -0.0092395616666666
498 -0.0022171616666666
499 -0.0032899616666666
500 -0.0052126616666666
501 0.0002265383333334
502 0.0007344383333334
503 0.0023191383333334
504 -0.0012819616666666
505 -0.0030588616666666
506 -0.0046428616666666
507 -0.0003654616666666
508 0.0030060383333334
509 0.0014846383333334
510 -0.0023378616666666
511 0.0046448383333334
512 -0.0026686616666666
513 -0.0018812616666666
514 -0.0042693616666666
515 -0.0025434616666666
516 0.0029255383333334
517 0.0040253383333334
518 0.0028753383333334
519 0.0045003383333334
520 0.0026257383333334
521 0.0043934383333334
522 0.0070222383333334
523 0.0090535383333334
524 0.0048426383333334
525 -0.0011165616666666
526 -0.0019181616666666
527 -0.0040476616666666
528 -0.0087703616666666
529 -0.0056695616666666
530 -0.0085321616666666
531 -0.0059838616666666
532 -0.0053602616666666
533 -0.0056596616666666
534 -0.0032604616666666
535 -0.0038590616666666
536 -0.0048536616666666
537 -0.0053435616666666
538 -0.0060664616666666
539 -0.0116507616666666
540 -0.0161443616666666
541 -0.0129853616666666
542 -0.0121231616666666
543 -0.0084485616666666
544 -0.0064235616666666
545 -0.0068974616666666
546 -0.0067066616666666
547 -0.0016328616666666
548 -0.0011525616666666
549 -0.0028030616666666
550 -0.0025764616666666
551 -0.0022831616666666
552 -0.0032998616666666
553 -0.0129420616666666
554 -0.0114996616666666
555 -0.0128089616666666
556 -0.0167556616666666
557 -0.0145514616666666
558 -0.0092971616666666
559 -0.0055696616666666
560 -0.0064624616666666
561 -0.0072434616666666
562 -0.0038110616666666
563 -0.0061832616666666
564 -0.0056481616666666
565 -0.0037755616666666
566 -0.0030269616666666
567 -0.0008707616666666
568 -0.0014181616666666
569 0.0019461383333334
570 0.0023870383333334
571 0.0044794383333334
572 0.0000784383333334
573 -0.0019276616666666
574 -0.0079160616666666
575 -0.0115034616666666
576 -0.0122727616666666
577 -0.0122515616666666
578 -0.0132693616666666
579 -0.0160208616666666
580 -0.0158958616666666
581 -0.0132853616666666
582 -0.0119605616666666
583 -0.0116630616666666
584 -0.0115649616666666
585 -0.0112680616666666
586 -0.0116943616666666
587 -0.0131036616666666
588 -0.0196387616666666
589 -0.0185786616666666
590 -0.0181112616666666
591 -0.0163275616666666
592 -0.0140134616666666
593 -0.0082817616666666
594 -0.0044914616666666
595 -0.0019208616666666
596 -0.0002503616666666
597 -0.0055035616666666
598 -0.0049974616666666
599 -0.0051703616666666
600 -0.0071883616666666
1 0.0192882383333334
2 0.0126611383333334
3 0.0109839383333334
4 0.0068198383333334
5 0.0059697383333334
6 0.0116451383333334
7 0.0051832383333334
8 0.0039533383333334
9 0.0008022383333334
10 -0.0029565616666666
11 -0.0027339616666666
12 -0.0027539616666666
13 -0.0015603616666666
14 -0.0020040616666666
15 -0.0025777616666666
16 -0.0016228616666666
17 0.0006175383333334
18 -0.0055558616666666
19 -0.0062464616666666
20 -0.0047089616666666
21 -0.0048830616666666
22 -0.0071042616666666
23 -0.0011607616666666
24 0.0025978383333334
25 0.0025503383333334
26 0.0023754383333334
27 0.0013435383333334
28 0.0073014383333334
29 0.0005601383333334
30 0.0039457383333334
31 0.0021801383333334
32 0.0034704383333334
33 0.0057536383333334
34 0.0052492383333334
35 0.0024848383333334
36 0.0005305383333334
37 0.0009314383333334
38 -0.0026952616666666
39 -0.0040605616666666
40 -0.0017397616666666
41 -0.0048824616666666
42 -0.0025858616666666
43 -0.0021103616666666
44 -0.0046454616666666
45 -0.0009956616666666
46 -0.0059303616666666
47 -0.0069427616666666
48 -0.0044626616666666
49 -0.0064688616666666
50 -0.0053494616666666
51 -0.0078411616666666
52 -0.0092722616666666
53 -0.0073131616666666
54 -0.0073559616666666
55 -0.0075590616666666
56 -0.0037656616666666
57 -0.0085346616666666
58 -0.0085356616666666
59 -0.0122794616666666
60 -0.0084480616666666
61 -0.0110937616666666
62 -0.0107365616666666
63 -0.0099873616666666
64 -0.0124255616666666
65 -0.0109743616666666
66 -0.0129695616666666
67 -0.0101850616666666
68 -0.0109161616666666
69 -0.0109643616666666
70 -0.0115184616666666
71 -0.0113031616666666
72 -0.0122806616666666
73 -0.0113113616666666
74 -0.0077161616666666
75 -0.0093916616666666
76 -0.0106496616666666
77 -0.0140314616666666
78 -0.0111854616666666
79 -0.0115157616666666
80 -0.0097526616666666
81 -0.0067980616666666
82 -0.0062129616666666
83 -0.0051237616666666
84 -0.0050375616666666
85 -0.0058042616666666
86 0.0020942383333334
87 -0.0043939616666666
88 0.0032967383333334
89 0.0042426383333334
90 0.0047880383333334
91 -0.0014313616666666
92 -0.0007273616666666
93 -0.0029231616666666
94 -0.0050523616666666
95 -0.0074687616666666
96 -0.0090578616666666
97 -0.0073018616666666
98 -0.0095312616666666
99 -0.0121827616666666
100 -0.0123780616666666
101 -0.0146760616666666
102 -0.0116254616666666
103 -0.0107686616666666
104 -0.0094459616666666
105 -0.0052690616666666
106 -0.0049521616666666
107 -0.0081303616666666
108 -0.0093585616666666
109 -0.0095903616666666
110 -0.0064987616666666
111 -0.0044698616666666
112 -0.0042544616666666
113 -0.0029670616666666
114 -0.0033641616666666
115 -0.0029701616666666
116 -0.0041250616666666
117 -0.0007142616666666
118 -0.0012876616666666
119 -0.0006942616666666
120 -0.0011158616666666
121 -0.0053326616666666
122 -0.0017853616666666
123 -0.0027385616666666
124 -0.0026734616666666
125 -0.0076792616666666
126 -0.0087337616666666
127 -0.0019973616666666
128 -0.0029578616666666
129 -0.0025788616666666
130 -0.0028043616666666
131 -0.0031996616666666
132 -0.0017448616666666
133 -0.0030321616666666
134 -0.0048297616666666
135 -0.0056370616666666
136 -0.0053091616666666
137 -0.0084105616666666
138 -0.0086408616666666
139 -0.0033824616666666
140 -0.0047274616666666
141 -0.0028692616666666
142 -0.0051254616666666
143 0.0012675383333334
144 -0.0014815616666666
145 0.0018318383333334
146 -0.0029773616666666
147 0.0012629383333334
148 0.0004344383333334
149 -0.0045543616666666
150 0.0008481383333334
151 0.0004658383333334
152 -0.0022050616666666
153 -0.0001678616666666
154 0.0023204383333334
155 0.0048539383333334
156 -0.0000580616666666
157 -0.0039302616666666
158 -0.0053055616666666
159 -0.0063638616666666
160 -0.0017127616666666
161 -0.0025788616666666
162 -0.0005201616666666
163 -0.0001148616666666
164 0.0023292383333334
165 -0.0017997616666666
166 -0.0052646616666666
167 -0.0049145616666666
168 -0.0027516616666666
169 -0.0026129616666666
170 0.0033845383333334
171 -0.0021570616666666
172 -0.0029270616666666
173 -0.0041516616666666
174 -0.0005595616666666
175 -0.0077491616666666
176 -0.0121318616666666
177 -0.0078043616666666
178 -0.0013592616666666
179 -0.0047983616666666
180 -0.0093473616666666
181 -0.0088580616666666
182 -0.0070768616666666
183 -0.0002638616666666
184 -0.0050453616666666
185 -0.0063713616666666
186 -0.0039561616666666
187 -0.0022492616666666
188 -0.0009186616666666
189 -0.0016788616666666
190 -0.0020162616666666
191 0.0024183383333334
192 -0.0026112616666666
193 0.0010635383333334
194 0.0075673383333334
195 0.0049192383333334
196 0.0028810383333334
197 0.0038668383333334
198 0.0029727383333334
199 0.0007973383333334
200 0.0031863383333334
201 -0.0027133616666666
202 0.0028298383333334
203 -0.0049442616666666
204 -0.0032978616666666
205 -0.0010978616666666
206 -0.0064955616666666
207 -0.0050755616666666
208 -0.0076398616666666
209 -0.0062763616666666
210 -0.0003492616666666
211 0.0054672383333334
212 0.0031645383333334
213 0.0004073383333334
214 -0.0025090616666666
215 -0.0010078616666666
216 0.0028668383333334
217 0.0045892383333334
218 0.0092549383333334
219 0.0088822383333334
220 0.0093342383333334
221 0.0112012383333334
222 0.0078954383333334
223 -0.0009568616666666
224 0.0050018383333334
225 0.0042449383333334
226 0.0038987383333334
227 0.0093329383333334
228 0.0049464383333334
229 0.0009967383333334
230 0.0002615383333334
231 -0.0043143616666666
232 -0.0012509616666666
233 -0.0022179616666666
234 -0.0082526616666666
235 -0.0104563616666666
236 -0.0086976616666666
237 -0.0086976616666666
238 -0.0070391616666666
239 -0.0080357616666666
240 -0.0085799616666666
241 -0.0059959616666666
242 -0.0041672616666666
243 -0.0032754616666666
244 -0.0013371616666666
245 -0.0006395616666666
246 0.0053675383333334
247 0.0032364383333334
248 -0.0007818616666666
249 -0.0047626616666666
250 0.0003503383333334
251 -0.0037665616666666
252 -0.0087121616666666
253 0.0007885383333334
254 -0.0000714616666666
255 -0.0019273616666666
256 -0.0025474616666666
257 -0.0017855616666666
258 -0.0033774616666666
259 0.0024958383333334
260 0.0096560383333334
261 0.0064565383333334
262 0.0036344383333334
263 0.0067289383333334
264 0.0008500383333334
265 -0.0017903616666666
266 -0.0011791616666666
267 -0.0029891616666666
268 -0.0095925616666666
269 -0.0059518616666666
270 -0.0056152616666666
271 -0.0042604616666666
272 -0.0064180616666666
273 -0.0061279616666666
274 -0.0058640616666666
275 -0.0095866616666666
276 -0.0064415616666666
277 -0.0078379616666666
278 -0.0048620616666666
279 -0.0031264616666666
280 -0.0023862616666666
281 0.0011226383333334
282 0.0010552383333334
283 -0.0026939616666666
284 -0.0002139616666666
285 -0.0055375616666666
286 -0.0039587616666666
287 -0.0108329616666666
288 -0.0156440616666666
289 -0.0135404616666666
290 -0.0174158616666666
291 -0.0174602616666666
292 -0.0132050616666666
293 -0.0080684616666666
294 -0.0093364616666666
295 -0.0102663616666666
296 -0.0056209616666666
297 -0.0057792616666666
298 -0.0075945616666666
299 -0.0067259616666666
300 -0.0090511616666666
301 -0.0087587616666666
302 -0.0087245616666666
303 -0.0113353616666666
304 -0.0073521616666666
305 -0.0101187616666666
306 -0.0127697616666666
307 -0.0114186616666666
308 -0.0130170616666666
309 -0.0132034616666666
310 -0.0088649616666666
311 -0.0123342616666666
312 -0.0087947616666666
313 -0.0036740616666666
314 -0.0066772616666666
315 -0.0102234616666666
316 -0.0067299616666666
317 -0.0064087616666666
318 -0.0091910616666666
319 -0.0016168616666666
320 0.0066995383333334
321 0.0032241383333334
322 0.0026664383333334
323 -0.0016351616666666
324 0.0000897383333334
325 0.0034792383333334
326 -0.0014911616666666
327 -0.0034071616666666
328 -0.0064829616666666
329 -0.0144226616666666
330 -0.0116756616666666
331 -0.0086532616666666
332 -0.0061343616666666
333 -0.0122682616666666
334 -0.0126732616666666
335 -0.0101270616666666
336 -0.0141779616666666
337 -0.0115908616666666
338 -0.0135626616666666
339 -0.0131739616666666
340 -0.0126518616666666
341 -0.0134087616666666
342 -0.0128596616666666
343 -0.0131774616666666
344 -0.0182773616666666
345 -0.0174012616666666
346 -0.0127389616666666
347 -0.0085490616666666
348 -0.0099729616666666
349 -0.0075835616666666
350 -0.0070286616666666
351 -0.0073922616666666
352 -0.0105758616666666
353 -0.0110653616666666
354 -0.0111943616666666
355 -0.0121779616666666
356 -0.0103421616666666
357 -0.0106770616666666
358 -0.0130227616666666
359 -0.0104144616666666
360 -0.0104485616666666
361 -0.0094967616666666
362 -0.0100371616666666
363 -0.0038756616666666
364 -0.0020189616666666
365 -0.0040670616666666
366 -0.0059497616666666
367 -0.0092536616666666
368 -0.0079218616666666
369 -0.0037719616666666
370 -0.0038138616666666
371 -0.0073568616666666
372 -0.0088623616666666
373 -0.0095482616666666
374 -0.0104483616666666
375 -0.0106479616666666
376 -0.0121260616666666
377 -0.0156626616666666
378 -0.0178547616666666
379 -0.0183759616666666
380 -0.0176881616666666
381 -0.0171083616666666
382 -0.0190944616666666
383 -0.0146469616666666
384 -0.0148550616666666
385 -0.0145138616666666
386 -0.0126715616666666
387 -0.0100021616666666
388 -0.0098541616666666
389 -0.0084934616666666
390 -0.0117858616666666
391 -0.0157665616666666
392 -0.0150160616666666
393 -0.0143351616666666
394 -0.0144679616666666
395 -0.0123475616666666
396 -0.0155097616666666
397 -0.0113004616666666
398 -0.0088426616666666
399 -0.0120187616666666
400 -0.0118099616666666
401 -0.0068408616666666
402 -0.0072249616666666
403 -0.0046345616666666
404 -0.0090356616666666
405 -0.0084179616666666
406 -0.0089436616666666
407 -0.0071847616666666
408 -0.0057788616666666
409 -0.0079498616666666
410 -0.0070869616666666
411 -0.0063880616666666
412 -0.0001341616666666
413 -0.0013236616666666
414 -0.0051479616666666
415 -0.0031227616666666
416 -0.0035266616666666
417 -0.0041084616666666
418 0.0003422383333334
419 -0.0011994616666666
420 -0.0009492616666666
421 0.0015353383333334
422 0.0017172383333334
423 0.0020365383333334
424 -0.0007493616666666
425 0.0022361383333334
426 0.0056764383333334
427 0.0029902383333334
428 0.0003742383333334
429 -0.0001377616666666
430 0.0004533383333334
431 -0.0024544616666666
432 -0.0030925616666666
433 0.0027144383333334
434 0.0046978383333334
435 0.0062643383333334
436 0.0059924383333334
437 0.0011073383333334
438 -0.0004414616666666
439 -0.0007806616666666
440 0.0008042383333334
441 0.0035825383333334
442 -0.0000091616666666
443 -0.0035171616666666
444 -0.0039035616666666
445 -0.0081636616666666
446 -0.0062891616666666
447 -0.0019630616666666
448 0.0017376383333334
449 0.0047688383333334
450 0.0079150383333334
451 0.0088590383333334
452 0.0051446383333334
453 0.0061559383333334
454 0.0064009383333334
455 -0.0005029616666666
456 0.0036326383333334
457 -0.0004595616666666
458 -0.0038928616666666
459 -0.0050088616666666
460 -0.0017413616666666
461 -0.0005287616666666
462 -0.0011500616666666
463 -0.0041812616666666
464 -0.0062933616666666
465 -0.0042704616666666
466 -0.0062639616666666
467 -0.0082615616666666
468 -0.0084738616666666
469 -0.0084372616666666
470 -0.0125408616666666
471 -0.0108809616666666
472 -0.0144250616666666
473 -0.0107441616666666
474 -0.0127572616666666
475 -0.0072172616666666
476 -0.0091272616666666
477 -0.0119340616666666
478 -0.0130279616666666
479 -0.0096451616666666
480 -0.0047277616666666
481 -0.0015090616666666
482 0.0008784383333334
483 0.0044453383333334
484 0.0077851383333334
485 0.0023970383333334
486 0.0000439383333334
487 0.0052694383333334
488 0.0040660383333334
489 0.0041070383333334
490 0.0007241383333334
491 -0.0061457616666666
492 -0.0053668616666666
493 -0.0012762616666666
494 -0.0045132616666666
495 -0.0020948616666666
496 -0.0061633616666666
497 -0.0050479616666666
498 -0.0040860616666666
499 -0.0042813616666666
500 -0.0035208616666666
501 -0.0047571616666666
502 -0.0046317616666666
503 -0.0058220616666666
504 -0.0095173616666666
505 -0.0126735616666666
506 -0.0119298616666666
507 -0.0130252616666666
508 -0.0118052616666666
509 -0.0104174616666666
510 -0.0109612616666666
511 -0.0124398616666666
512 -0.0132689616666666
513 -0.0124863616666666
514 -0.0080130616666666
515 -0.0098485616666666
516 -0.0089737616666666
517 -0.0099062616666666
518 -0.0100316616666666
519 -0.0096347616666666
520 -0.0042755616666666
521 -0.0066975616666666
522 -0.0088450616666666
523 -0.0113828616666666
524 -0.0094084616666666
525 -0.0088589616666666
526 -0.0084232616666666
527 -0.0097560616666666
528 -0.0070170616666666
529 -0.0036906616666666
530 -0.0045222616666666
531 -0.0061213616666666
532 -0.0032580616666666
533 -0.0057559616666666
534 -0.0055847616666666
535 -0.0089839616666666
536 -0.0064223616666666
537 -0.0105531616666666
538 -0.0075498616666666
539 -0.0009203616666666
540 -0.0039410616666666
541 -0.0002768616666666
542 -0.0014365616666666
543 -0.0063824616666666
544 -0.0031924616666666
545 -0.0008191616666666
546 -0.0073538616666666
547 -0.0081843616666666
548 -0.0071921616666666
549 -0.0099779616666666
550 -0.0102391616666666
551 -0.0067817616666666
552 -0.0072712616666666
553 -0.0060620616666666
554 -0.0073506616666666
555 -0.0117047616666666
556 -0.0062393616666666
557 -0.0006651616666666
558 -0.0036993616666666
559 -0.0034812616666666
560 -0.0024994616666666
561 -0.0008559616666666
562 0.0011111383333334
563 -0.0029218616666666
564 -0.0008193616666666
565 -0.0078753616666666
566 -0.0068544616666666
567 -0.0005172616666666
568 0.0010315383333334
569 0.0007774383333334
570 -0.0034271616666666
571 -0.0000166616666666
572 -0.0025086616666666
573 0.0005577383333334
574 0.0041639383333334
575 0.0017511383333334
576 0.0007437383333334
577 -0.0059453616666666
578 -0.0065416616666666
579 -0.0029576616666666
580 0.0005536383333334
581 0.0038838383333334
582 0.0017116383333334
583 0.0002438383333334
584 -0.0045532616666666
585 -0.0058902616666666
586 -0.0056622616666666
587 -0.0058076616666666
588 -0.0068241616666666
589 -0.0077168616666666
590 -0.0034694616666666
591 -0.0044852616666666
592 -0.0060584616666666
593 -0.0012754616666666
594 0.0018769383333334
595 -0.0007915616666666
596 0.0011589383333334
597 -0.0018621616666666
598 -0.0011185616666666
599 -0.0020218616666666
600 -0.0055392616666666
1 0.0088423383333334
2 0.0122879383333334
3 0.0111608383333334
4 -0.0011143616666666
5 -0.0044534616666666
6 -0.0071432616666666
7 -0.0101959616666666
8 -0.0109056616666666
9 -0.0101948616666666
10 -0.0134946616666666
11 -0.0138933616666666
12 -0.0076304616666666
13 -0.0061485616666666
14 -0.0022255616666666
15 -0.0024524616666666
16 -0.0046863616666666
17 -0.0071382616666666
18 -0.0087607616666666
19 -0.0115142616666666
20 -0.0093146616666666
21 -0.0049470616666666
22 -0.0037137616666666
23 -0.0028129616666666
24 -0.0063405616666666
25 -0.0046841616666666
26 -0.0095103616666666
27 -0.0102220616666666
28 -0.0123115616666666
29 -0.0135845616666666
30 -0.0170338616666666
31 -0.0193976616666666
32 -0.0149610616666666
33 -0.0122790616666666
34 -0.0086097616666666
35 -0.0088030616666666
36 -0.0109743616666666
37 -0.0115387616666666
38 -0.0084531616666666
39 -0.0110274616666666
40 -0.0125553616666666
41 -0.0108408616666666
42 -0.0108365616666666
43 -0.0105489616666666
44 -0.0122282616666666
45 -0.0097646616666666
46 -0.0067871616666666
47 -0.0066190616666666
48 -0.0061136616666666
49 -0.0085303616666666
50 -0.0114227616666666
51 -0.0124279616666666
52 -0.0122299616666666
53 -0.0055217616666666
54 -0.0095333616666666
55 -0.0059179616666666
56 -0.0014646616666666
57 -0.0022168616666666
58 -0.0055023616666666
59 -0.0012188616666666
60 -0.0031262616666666
61 -0.0046074616666666
62 -0.0066330616666666
63 -0.0043312616666666
64 -0.0024414616666666
65 -0.0058702616666666
66 -0.0044805616666666
67 -0.0049809616666666
68 -0.0042104616666666
69 -0.0021588616666666
70 -0.0067563616666666
71 -0.0066148616666666
72 -0.0039156616666666
73 -0.0051439616666666
74 -0.0076036616666666
75 -0.0070979616666666
76 -0.0092172616666666
77 -0.0063538616666666
78 -0.0071719616666666
79 -0.0121480616666666
80 -0.0120321616666666
81 -0.0107007616666666
82 -0.0107919616666666
83 -0.0071086616666666
84 -0.0040420616666666
85 -0.0028663616666666
86 -0.0020811616666666
87 0.0002464383333334
88 -0.0022343616666666
89 -0.0062761616666666
90 -0.0019955616666666
91 0.0025215383333334
92 -0.0006231616666666
93 -0.0008437616666666
94 0.0051887383333334
95 0.0068858383333334
96 0.0073011383333334
97 0.0007687383333334
98 0.0043247383333334
99 0.0071070383333334
100 0.0014888383333334
101 -0.0010500616666666
102 -0.0006007616666666
103 0.0014325383333334
104 0.0056034383333334
105 0.0037405383333334
106 0.0010485383333334
107 0.0021796383333334
108 0.0004170383333334
109 0.0042589383333334
110 0.0045188383333334
111 0.0002393383333334
112 0.0042652383333334
113 0.0063498383333334
114 0.0043289383333334
115 0.0046554383333334
116 0.0035907383333334
117 0.0014010383333334
118 0.0011071383333334
119 -0.0000086616666666
120 0.0008821383333334
121 -0.0044408616666666
122 -0.0028813616666666
123 0.0023412383333334
124 0.0004813383333334
125 0.0018226383333334
126 0.0017682383333334
127 0.0002382383333334
128 0.0010249383333334
129 0.0040143383333334
130 0.0030527383333334
131 0.0049448383333334
132 0.0032437383333334
133 0.0085767383333334
134 0.0048550383333334
135 0.0111264383333334
136 0.0050093383333334
137 -0.0021851616666666
138 -0.0002570616666666
139 0.0003716383333334
140 0.0023905383333334
141 -0.0019221616666666
142 0.0044189383333334
143 0.0032682383333334
144 0.0014729383333334
145 -0.0017611616666666
146 -0.0042751616666666
147 -0.0054713616666666
148 -0.0090056616666666
149 -0.0119101616666666
150 -0.0125756616666666
151 -0.0098665616666666
152 -0.0102863616666666
153 -0.0134996616666666
154 -0.0115925616666666
155 -0.0102777616666666
156 -0.0107215616666666
157 -0.0097321616666666
158 -0.0087970616666666
159 -0.0079873616666666
160 -0.0054549616666666
161 -0.0043455616666666
162 -0.0042299616666666
163 -0.0013237616666666
164 -0.0016902616666666
165 0.0030783383333334
166 0.0011597383333334
167 -0.0013014616666666
168 -0.0008582616666666
169 0.0043800383333334
170 0.0057846383333334
171 -0.0009477616666666
172 -0.0023238616666666
173 -0.0056551616666666
174 -0.0103794616666666
175 -0.0087040616666666
176 -0.0083921616666666
177 -0.0078213616666666
178 -0.0086071616666666
179 -0.0077538616666666
180 -0.0117191616666666
181 -0.0107697616666666
182 -0.0108029616666666
183 -0.0068780616666666
184 -0.0029654616666666
185 -0.0043847616666666
186 -0.0063255616666666
187 -0.0074013616666666
188 -0.0115939616666666
189 -0.0090180616666666
190 -0.0087283616666666
191 -0.0083179616666666
192 -0.0074044616666666
193 -0.0053006616666666
194 -0.0038425616666666
195 -0.0085460616666666
196 -0.0070179616666666
197 -0.0017577616666666
198 0.0023330383333334
199 -0.0017847616666666
200 -0.0064479616666666
201 -0.0025788616666666
202 0.0019943383333334
203 -0.0015604616666666
204 -0.0011148616666666
205 0.0024201383333334
206 -0.0005291616666666
207 0.0018380383333334
208 -0.0014213616666666
209 -0.0000069616666666
210 -0.0002261616666666
211 -0.0070044616666666
212 -0.0063577616666666
213 -0.0069928616666666
214 -0.0036157616666666
215 -0.0019887616666666
216 -0.0026699616666666
217 -0.0062575616666666
218 -0.0089694616666666
219 -0.0072556616666666
220 -0.0050728616666666
221 -0.0053951616666666
222 -0.0113033616666666
223 -0.0133431616666666
224 -0.0059066616666666
225 -0.0088801616666666
226 -0.0095470616666666
227 -0.0151203616666666
228 -0.0169250616666666
229 -0.0154305616666666
230 -0.0106935616666666
231 -0.0106477616666666
232 -0.0095048616666666
233 -0.0081868616666666
234 -0.0058855616666666
235 -0.0021125616666666
236 -0.0093383616666666
237 -0.0104532616666666
238 -0.0089258616666666
239 -0.0136147616666666
240 -0.0153177616666666
241 -0.0092824616666666
242 -0.0090320616666666
243 -0.0093661616666666
244 -0.0112000616666666
245 -0.0124855616666666
246 -0.0126094616666666
247 -0.0133796616666666
248 -0.0142930616666666
249 -0.0160417616666666
250 -0.0151124616666666
251 -0.0104123616666666
252 -0.0071381616666666
253 -0.0057977616666666
254 -0.0037232616666666
255 -0.0002627616666666
256 -0.0025802616666666
257 -0.0025479616666666
258 -0.0046630616666666
259 -0.0007357616666666
260 -0.0081289616666666
261 -0.0010334616666666
262 0.0002716383333334
263 0.0040052383333334
264 0.0034276383333334
265 0.0032684383333334
266 0.0016243383333334
267 0.0011996383333334
268 -0.0021238616666666
269 -0.0061442616666666
270 -0.0036295616666666
271 -0.0027070616666666
272 -0.0009294616666666
273 -0.0026790616666666
274 -0.0041123616666666
275 0.0014235383333334
276 -0.0027448616666666
277 -0.0023609616666666
278 -0.0045296616666666
279 -0.0039231616666666
280 -0.0031278616666666
281 -0.0020205616666666
282 -0.0021839616666666
283 -0.0069448616666666
284 -0.0100483616666666
285 -0.0092314616666666
286 -0.0045432616666666
287 -0.0055321616666666
288 -0.0011568616666666
289 -0.0038225616666666
290 -0.0043261616666666
291 -0.0077689616666666
292 -0.0074276616666666
293 -0.0086831616666666
294 -0.0117349616666666
295 -0.0139517616666666
296 -0.0104830616666666
297 -0.0140056616666666
298 -0.0130641616666666
299 -0.0107141616666666
300 -0.0047516616666666
301 -0.0023601616666666
302 0.0008259383333334
303 -0.0055026616666666
304 -0.0084743616666666
305 -0.0023724616666666
306 -0.0022021616666666
307 0.0007141383333334
308 0.0047181383333334
309 0.0019456383333334
310 0.0042708383333334
311 0.0043306383333334
312 0.0024298383333334
313 -0.0002214616666666
314 0.0005890383333334
315 -0.0005673616666666
316 -0.0058744616666666
317 -0.0075967616666666
318 -0.0034338616666666
319 -0.0061917616666666
320 -0.0023665616666666
321 -0.0033160616666666
322 -0.0014308616666666
323 -0.0011243616666666
324 -0.0056408616666666
325 -0.0062164616666666
326 -0.0008535616666666
327 -0.0056809616666666
328 -0.0098810616666666
329 -0.0074342616666666
330 -0.0060879616666666
331 -0.0118065616666666
332 -0.0082874616666666
333 -0.0093407616666666
334 -0.0130413616666666
335 -0.0172195616666666
336 -0.0123558616666666
337 -0.0078517616666666
338 -0.0073011616666666
339 -0.0064870616666666
340 -0.0107365616666666
341 -0.0079962616666666
342 -0.0105550616666666
343 -0.0049322616666666
344 0.0011644383333334
345 -0.0028663616666666
346 -0.0074770616666666
347 -0.0099776616666666
348 -0.0057027616666666
349 -0.0052875616666666
350 -0.0014663616666666
351 -0.0009746616666666
352 -0.0000859616666666
353 0.0038697383333334
354 0.0036610383333334
355 0.0052976383333334
356 0.0028416383333334
357 -0.0007425616666666
358 -0.0025005616666666
359 -0.0032800616666666
360 -0.0039423616666666
361 -0.0057000616666666
362 -0.0069151616666666
363 -0.0112918616666666
364 -0.0174771616666666
365 -0.0159680616666666
366 -0.0180264616666666
367 -0.0141702616666666
368 -0.0098445616666666
369 -0.0050906616666666
370 -0.0058926616666666
371 -0.0016250616666666
372 -0.0022128616666666
373 0.0000057383333334
374 -0.0076644616666666
375 -0.0053536616666666
376 -0.0057304616666666
377 -0.0082133616666666
378 -0.0071316616666666
379 -0.0061950616666666
380 -0.0097749616666666
381 -0.0119208616666666
382 -0.0113511616666666
383 -0.0107562616666666
384 -0.0099467616666666
385 -0.0116972616666666
386 -0.0105779616666666
387 -0.0094171616666666
388 -0.0059560616666666
389 -0.0085127616666666
390 -0.0061808616666666
391 -0.0089015616666666
392 -0.0106463616666666
393 -0.0067735616666666
394 -0.0073479616666666
395 -0.0078095616666666
396 -0.0103488616666666
397 -0.0088550616666666
398 -0.0092622616666666
399 -0.0079022616666666
400 -0.0046238616666666
401 0.0015565383333334
402 -0.0044190616666666
403 -0.0050706616666666
404 -0.0045185616666666
405 -0.0053315616666666
406 -0.0063122616666666
407 -0.0039638616666666
408 -0.0003726616666666
409 -0.0061473616666666
410 0.0009057383333334
411 -0.0022048616666666
412 -0.0063221616666666
413 -0.0076724616666666
414 -0.0087820616666666
415 -0.0061392616666666
416 -0.0010256616666666
417 -0.0059118616666666
418 -0.0054191616666666
419 -0.0017390616666666
420 0.0014162383333334
421 -0.0025254616666666
422 -0.0066894616666666
423 -0.0028836616666666
424 -0.0043826616666666
425 -0.0054031616666666
426 -0.0026118616666666
427 -0.0034349616666666
428 -0.0003698616666666
429 -0.0022918616666666
430 -0.0040340616666666
431 -0.0089288616666666
432 -0.0110453616666666
433 -0.0088823616666666
434 -0.0116693616666666
435 -0.0109480616666666
436 -0.0140882616666666
437 -0.0113561616666666
438 -0.0095628616666666
439 -0.0078695616666666
440 -0.0075826616666666
441 -0.0027355616666666
442 -0.0010638616666666
443 -0.0057622616666666
444 -0.0031713616666666
445 -0.0033631616666666
446 -0.0065898616666666
447 -0.0118072616666666
448 -0.0097097616666666
449 -0.0074166616666666
450 -0.0087878616666666
451 -0.0103014616666666
452 -0.0062326616666666
453 -0.0036075616666666
454 -0.0093030616666666
455 -0.0111663616666666
456 -0.0044611616666666
457 -0.0102808616666666
458 -0.0077161616666666
459 -0.0118692616666666
460 -0.0054754616666666
461 -0.0091172616666666
462 -0.0073343616666666
463 -0.0043109616666666
464 -0.0049946616666666
465 -0.0103597616666666
466 -0.0095431616666666
467 -0.0083180616666666
468 -0.0071075616666666
469 -0.0052414616666666
470 -0.0066777616666666
471 -0.0044195616666666
472 -0.0037745616666666
473 -0.0021375616666666
474 -0.0032374616666666
475 -0.0063007616666666
476 -0.0082164616666666
477 -0.0096361616666666
478 -0.0098812616666666
479 -0.0154539616666666
480 -0.0144271616666666
481 -0.0124479616666666
482 -0.0126857616666666
483 -0.0104778616666666
484 -0.0062687616666666
485 -0.0104414616666666
486 -0.0077943616666666
487 -0.0092692616666666
488 -0.0068568616666666
489 -0.0069564616666666
490 -0.0099775616666666
491 -0.0057659616666666
492 -0.0036734616666666
493 -0.0024892616666666
494 0.0013031383333334
495 0.0047529383333334
496 -0.0009911616666666
497 -0.0018526616666666
498 0.0016001383333334
499 0.0013686383333334
500 0.0022875383333334
501 0.0018068383333334
502 0.0031930383333334
503 -0.0005067616666666
504 -0.0014594616666666
505 -0.0029133616666666
506 -0.0026951616666666
507 -0.0008007616666666
508 -0.0013874616666666
509 -0.0082153616666666
510 -0.0076787616666666
511 -0.0073516616666666
512 -0.0063130616666666
513 -0.0041103616666666
514 0.0017176383333334
515 0.0027078383333334
516 -0.0027518616666666
517 0.0030630383333334
518 -0.0031910616666666
519 -0.0050003616666666
520 -0.0052747616666666
521 -0.0079975616666666
522 -0.0107938616666666
523 -0.0070235616666666
524 -0.0037606616666666
525 0.0042430383333334
526 0.0021353383333334
527 0.0011423383333334
528 0.0013132383333334
529 0.0009793383333334
530 0.0027762383333334
531 0.0049442383333334
532 0.0009241383333334
533 0.0050827383333334
534 0.0039577383333334
535 -0.0004391616666666
536 0.0012164383333334
537 -0.0040791616666666
538 -0.0008080616666666
539 0.0052310383333334
540 0.0030677383333334
541 0.0012944383333334
542 -0.0014027616666666
543 -0.0029108616666666
544 0.0035856383333334
545 0.0013804383333334
546 0.0011612383333334
547 0.0092991383333334
548 0.0085238383333334
549 0.0068003383333334
550 0.0069876383333334
551 0.0063575383333334
552 0.0120976383333334
553 0.0116408383333334
554 0.0119418383333334
555 0.0030140383333334
556 -0.0038940616666666
557 -0.0037280616666666
558 0.0046345383333334
559 0.0057665383333334
560 0.0084523383333334
561 0.0055635383333334
562 0.0023533383333334
563 -0.0029000616666666
564 -0.0030621616666666
565 -0.0016374616666666
566 -0.0045711616666666
567 -0.0077359616666666
568 -0.0122312616666666
569 -0.0107702616666666
570 -0.0089093616666666
571 -0.0056600616666666
572 -0.0112331616666666
573 -0.0081608616666666
574 -0.0114436616666666
575 -0.0113269616666666
576 -0.0102909616666666
577 -0.0098722616666666
578 -0.0102926616666666
579 -0.0119282616666666
580 -0.0118411616666666
581 -0.0083015616666666
582 -0.0077040616666666
583 -0.0069244616666666
584 -0.0052606616666666
585 -0.0056632616666666
586 -0.0048340616666666
587 -0.0062219616666666
588 -0.0029859616666666
589 -0.0028271616666666
590 -0.0040968616666666
591 -0.0018572616666666
592 -0.0026427616666666
593 -0.0027436616666666
594 -0.0051264616666666
595 -0.0071607616666666
596 -0.0015643616666666
597 0.0024943383333334
598 0.0029867383333334
599 0.0052863383333334
600 0.0009859383333334
1 0.0096418383333334
2 0.0081377383333334
3 0.0091761383333334
4 0.0043254383333334
5 -0.0058442616666666
6 -0.0057238616666666
7 -0.0011831616666666
8 -0.0043581616666666
9 -0.0080627616666666
10 -0.0085488616666666
11 -0.0120061616666666
12 -0.0137332616666666
13 -0.0128480616666666
14 -0.0090762616666666
15 -0.0076849616666666
16 -0.0060548616666666
17 -0.0056836616666666
18 -0.0044001616666666
19 -0.0008482616666666
20 -0.0005947616666666
21 -0.0039253616666666
22 -0.0061334616666666
23 -0.0072953616666666
24 -0.0098176616666666
25 -0.0122382616666666
26 -0.0157497616666666
27 -0.0149333616666666
28 -0.0180993616666666
29 -0.0156067616666666
30 -0.0107833616666666
31 -0.0106470616666666
32 -0.0073335616666666
33 -0.0076351616666666
34 -0.0043750616666666
35 -0.0105241616666666
36 -0.0065675616666666
37 -0.0047413616666666
38 -0.0061392616666666
39 -0.0053059616666666
40 -0.0065835616666666
41 -0.0038262616666666
42 -0.0049689616666666
43 -0.0052709616666666
44 -0.0010209616666666
45 -0.0007066616666666
46 0.0030870383333334
47 0.0014721383333334
48 -0.0014233616666666
49 -0.0037624616666666
50 -0.0023690616666666
51 -0.0003563616666666
52 -0.0029377616666666
53 -0.0026405616666666
54 0.0005137383333334
55 -0.0058700616666666
56 -0.0056847616666666
57 -0.0069843616666666
58 -0.0081637616666666
59 -0.0075514616666666
60 -0.0113502616666666
61 -0.0101304616666666
62 -0.0090727616666666
63 -0.0024637616666666
64 -0.0052740616666666
65 -0.0048499616666666
66 -0.0017386616666666
67 -0.0034390616666666
68 -0.0068755616666666
69 -0.0132234616666666
70 -0.0069343616666666
71 -0.0110911616666666
72 -0.0123254616666666
73 -0.0104935616666666
74 -0.0070831616666666
75 -0.0057583616666666
76 -0.0044243616666666
77 -0.0040753616666666
78 -0.0046580616666666
79 -0.0013339616666666
80 -0.0000961616666666
81 0.0001738383333334
82 0.0078428383333334
83 0.0081562383333334
84 0.0086749383333334
85 0.0072105383333334
86 0.0050404383333334
87 0.0030757383333334
88 0.0026817383333334
89 -0.0027552616666666
90 0.0012659383333334
91 -0.0037861616666666
92 -0.0033337616666666
93 -0.0016978616666666
94 -0.0026396616666666
95 -0.0044534616666666
96 -0.0133886616666666
97 -0.0126268616666666
98 -0.0112021616666666
99 -0.0177611616666666
100 -0.0167533616666666
101 -0.0175680616666666
102 -0.0152818616666666
103 -0.0142276616666666
104 -0.0162130616666666
105 -0.0151798616666666
106 -0.0148423616666666
107 -0.0183962616666666
108 -0.0182524616666666
109 -0.0148315616666666
110 -0.0096593616666666
111 -0.0091284616666666
112 -0.0041681616666666
113 -0.0009684616666666
114 -0.0025035616666666
115 -0.0052405616666666
116 -0.0071337616666666
117 -0.0065742616666666
118 -0.0056601616666666
119 -0.0013537616666666
120 -0.0020035616666666
121 -0.0019879616666666
122 -0.0052393616666666
123 0.0006756383333334
124 -0.0038185616666666
125 -0.0088286616666666
126 -0.0065040616666666
127 -0.0066849616666666
128 -0.0075454616666666
129 -0.0075649616666666
130 -0.0031491616666666
131 -0.0012682616666666
132 0.0000100383333334
133 -0.0046986616666666
134 -0.0044343616666666
135 -0.0008404616666666
136 -0.0030312616666666
137 -0.0037558616666666
138 -0.0100165616666666
139 -0.0099159616666666
140 -0.0087332616666666
141 -0.0048672616666666
142 -0.0022005616666666
143 -0.0040031616666666
144 -0.0046993616666666
145 -0.0043548616666666
146 -0.0027326616666666
147 0.0001668383333334
148 -0.0005619616666666
149 0.0008294383333334
150 -0.0024222616666666
151 -0.0028947616666666
152 -0.0015507616666666
153 -0.0036953616666666
154 -0.0030235616666666
155 -0.0040652616666666
156 -0.0050649616666666
157 -0.0015942616666666
158 -0.0005786616666666
159 -0.0026175616666666
160 -0.0028650616666666
161 -0.0041110616666666
162 -0.0054644616666666
163 -0.0035414616666666
164 -0.0113323616666666
165 -0.0085058616666666
166 -0.0078911616666666
167 -0.0068051616666666
168 -0.0064365616666666
169 -0.0105300616666666
170 -0.0132454616666666
171 -0.0124426616666666
172 -0.0071827616666666
173 -0.0089306616666666
174 -0.0106545616666666
175 -0.0074430616666666
176 -0.0105688616666666
177 -0.0070762616666666
178 -0.0038346616666666
179 0.0007779383333334
180 0.0021614383333334
181 0.0020987383333334
182 -0.0033050616666666
183 -0.0060239616666666
184 -0.0030889616666666
185 -0.0011756616666666
186 -0.0028435616666666
187 -0.0042403616666666
188 -0.0040316616666666
189 -0.0024911616666666
190 -0.0038910616666666
191 -0.0045429616666666
192 -0.0061669616666666
193 -0.0081137616666666
194 -0.0088270616666666
195 -0.0071481616666666
196 -0.0102045616666666
197 -0.0082007616666666
198 -0.0116106616666666
199 -0.0111710616666666
200 -0.0081543616666666
201 -0.0048361616666666
202 -0.0056161616666666
203 -0.0099979616666666
204 -0.0095020616666666
205 -0.0091722616666666
206 -0.0070149616666666
207 -0.0074636616666666
208 -0.0093628616666666
209 -0.0121393616666666
210 -0.0129552616666666
211 -0.0135968616666666
212 -0.0107496616666666
213 -0.0090022616666666
214 0.0003801383333334
215 -0.0017478616666666
216 -0.0081435616666666
217 -0.0015547616666666
218 -0.0013865616666666
219 0.0025239383333334
220 -0.0004500616666666
221 0.0011243383333334
222 0.0011647383333334
223 -0.0050062616666666
224 -0.0082913616666666
225 -0.0028582616666666
226 -0.0014459616666666
227 0.0006507383333334
228 -0.0009416616666666
229 -0.0073823616666666
230 -0.0034069616666666
231 -0.0048956616666666
232 -0.0068934616666666
233 -0.0080110616666666
234 -0.0118495616666666
235 -0.0127505616666666
236 -0.0122428616666666
237 -0.0114161616666666
238 -0.0119172616666666
239 -0.0101420616666666
240 -0.0069231616666666
241 -0.0037501616666666
242 -0.0054863616666666
243 -0.0024700616666666
244 -0.0044210616666666
245 -0.0079451616666666
246 -0.0091263616666666
247 -0.0109052616666666
248 -0.0130476616666666
249 -0.0136476616666666
250 -0.0134031616666666
251 -0.0156438616666666
252 -0.0126222616666666
253 -0.0115301616666666
254 -0.0040006616666666
255 -0.0057704616666666
256 -0.0091244616666666
257 -0.0049673616666666
258 0.0007214383333334
259 0.0008350383333334
260 -0.0023280616666666
261 -0.0056475616666666
262 -0.0061830616666666
263 -0.0050878616666666
264 -0.0067071616666666
265 -0.0048933616666666
266 -0.0031344616666666
267 -0.0048162616666666
268 -0.0095246616666666
269 -0.0088188616666666
270 -0.0102552616666666
271 -0.0090399616666666
272 -0.0029894616666666
273 -0.0036333616666666
274 -0.0022044616666666
275 -0.0037750616666666
276 -0.0059473616666666
277 -0.0086027616666666
278 -0.0113678616666666
279 -0.0107742616666666
280 -0.0093496616666666
281 -0.0077555616666666
282 -0.0092293616666666
283 -0.0078311616666666
284 -0.0025691616666666
285 -0.0085773616666666
286 -0.0042804616666666
287 -0.0059106616666666
288 -0.0080585616666666
289 -0.0051502616666666
290 -0.0055728616666666
291 -0.0033789616666666
292 -0.0041415616666666
293 -0.0041407616666666
294 -0.0005547616666666
295 0.0044899383333334
296 0.0068737383333334
297 -0.0019988616666666
298 -0.0053257616666666
299 -0.0017889616666666
300 0.0019418383333334
301 -0.0051674616666666
302 -0.0067426616666666
303 -0.0049186616666666
304 -0.0034842616666666
305 -0.0027572616666666
306 -0.0044233616666666
307 -0.0091943616666666
308 -0.0091770616666666
309 -0.0067237616666666
310 -0.0110023616666666
311 -0.0091736616666666
312 -0.0060060616666666
313 -0.0090768616666666
314 -0.0048155616666666
315 -0.0026017616666666
316 -0.0029796616666666
317 -0.0067037616666666
318 -0.0075899616666666
319 -0.0126782616666666
320 -0.0109450616666666
321 -0.0080279616666666
322 -0.0079372616666666
323 -0.0129065616666666
324 -0.0120790616666666
325 -0.0107421616666666
326 -0.0135996616666666
327 -0.0134231616666666
328 -0.0143078616666666
329 -0.0125282616666666
330 -0.0133650616666666
331 -0.0148514616666666
332 -0.0109777616666666
333 -0.0110814616666666
334 -0.0134409616666666
335 -0.0110113616666666
336 -0.0109098616666666
337 -0.0094713616666666
338 -0.0083492616666666
339 -0.0010525616666666
340 -0.0023960616666666
341 0.0045208383333334
342 -0.0024415616666666
343 -0.0068628616666666
344 -0.0084772616666666
345 -0.0132240616666666
346 -0.0060989616666666
347 -0.0106125616666666
348 -0.0035494616666666
349 -0.0020351616666666
350 -0.0004476616666666
351 -0.0005183616666666
352 0.0000094383333334
353 0.0019174383333334
354 0.0018126383333334
355 0.0061465383333334
356 0.0037832383333334
357 0.0050036383333334
358 -0.0003146616666666
359 -0.0020606616666666
360 -0.0058179616666666
361 -0.0055643616666666
362 -0.0061203616666666
363 -0.0081039616666666
364 -0.0068269616666666
365 -0.0042060616666666
366 -0.0062373616666666
367 -0.0075579616666666
368 -0.0073763616666666
369 -0.0095402616666666
370 -0.0080918616666666
371 -0.0070442616666666
372 -0.0071737616666666
373 -0.0087779616666666
374 -0.0071998616666666
375 -0.0069832616666666
376 -0.0063120616666666
377 -0.0089470616666666
378 -0.0108594616666666
379 -0.0126600616666666
380 -0.0070511616666666
381 -0.0009833616666666
382 0.0011494383333334
383 -0.0043418616666666
384 -0.0101769616666666
385 -0.0087240616666666
386 -0.0067065616666666
387 -0.0051520616666666
388 -0.0041594616666666
389 -0.0071678616666666
390 -0.0064690616666666
391 -0.0045005616666666
392 -0.0055301616666666
393 -0.0029915616666666
394 -0.0071772616666666
395 -0.0081426616666666
396 -0.0054577616666666
397 -0.0073979616666666
398 -0.0075413616666666
399 -0.0071903616666666
400 0.0008399383333334
401 -0.0066553616666666
402 -0.0106060616666666
403 -0.0147974616666666
404 -0.0125268616666666
405 -0.0126690616666666
406 -0.0104389616666666
407 -0.0110539616666666
408 -0.0132781616666666
409 -0.0167359616666666
410 -0.0141701616666666
411 -0.0049912616666666
412 -0.0112353616666666
413 -0.0115084616666666
414 -0.0114519616666666
415 -0.0130961616666666
416 -0.0114168616666666
417 -0.0141934616666666
418 -0.0164874616666666
419 -0.0149140616666666
420 -0.0139867616666666
421 -0.0085204616666666
422 -0.0079278616666666
423 -0.0100029616666666
424 -0.0065545616666666
425 -0.0066757616666666
426 -0.0058857616666666
427 -0.0029378616666666
428 0.0019476383333334
429 0.0017703383333334
430 0.0071461383333334
431 0.0083840383333334
432 0.0096058383333334
433 0.0111852383333334
434 0.0146713383333334
435 0.0057467383333334
436 0.0015032383333334
437 0.0005220383333334
438 -0.0005010616666666
439 -0.0026411616666666
440 0.0011808383333334
441 -0.0010167616666666
442 -0.0043760616666666
443 -0.0034750616666666
444 -0.0041715616666666
445 -0.0031549616666666
446 -0.0026674616666666
447 -0.0047427616666666
448 -0.0059092616666666
449 -0.0065438616666666
450 -0.0054523616666666
451 -0.0063137616666666
452 -0.0025722616666666
453 -0.0008019616666666
454 -0.0061327616666666
455 -0.0069245616666666
456 -0.0048862616666666
457 -0.0017363616666666
458 -0.0088770616666666
459 -0.0060122616666666
460 -0.0070931616666666
461 -0.0113793616666666
462 -0.0110601616666666
463 -0.0130890616666666
464 -0.0085122616666666
465 -0.0066587616666666
466 -0.0089527616666666
467 -0.0060106616666666
468 -0.0052495616666666
469 -0.0050165616666666
470 -0.0057785616666666
471 -0.0066260616666666
472 -0.0111786616666666
473 -0.0126170616666666
474 -0.0142731616666666
475 -0.0102434616666666
476 -0.0104610616666666
477 -0.0137496616666666
478 -0.0113356616666666
479 -0.0075933616666666
480 -0.0058020616666666
481 -0.0050972616666666
482 -0.0062760616666666
483 -0.0049404616666666
484 -0.0056962616666666
485 -0.0055191616666666
486 -0.0039909616666666
487 -0.0073707616666666
488 -0.0102690616666666
489 -0.0112948616666666
490 -0.0106761616666666
491 -0.0166572616666666
492 -0.0180710616666666
493 -0.0162773616666666
494 -0.0150553616666666
495 -0.0100440616666666
496 -0.0097249616666666
497 -0.0128233616666666
498 -0.0120193616666666
499 -0.0035649616666666
500 -0.0024760616666666
501 -0.0083328616666666
502 -0.0043839616666666
503 -0.0044565616666666
504 -0.0036459616666666
505 -0.0042651616666666
506 -0.0044895616666666
507 -0.0032721616666666
508 -0.0032328616666666
509 -0.0011845616666666
510 -0.0070296616666666
511 -0.0056998616666666
512 -0.0040595616666666
513 -0.0004924616666666
514 0.0081206383333334
515 0.0003619383333334
516 0.0013210383333334
517 -0.0026389616666666
518 -0.0053665616666666
519 -0.0021039616666666
520 -0.0009958616666666
521 -0.0045249616666666
522 -0.0026838616666666
523 -0.0012157616666666
524 0.0001778383333334
525 -0.0000455616666666
526 -0.0021387616666666
527 0.0002140383333334
528 -0.0001582616666666
529 -0.0040722616666666
530 -0.0013187616666666
531 -0.0011655616666666
532 -0.0039218616666666
533 -0.0022770616666666
534 0.0019153383333334
535 -0.0009038616666666
536 0.0006182383333334
537 0.0007082383333334
538 -0.0028265616666666
539 -0.0017534616666666
540 -0.0079435616666666
541 0.0026230383333334
542 0.0008648383333334
543 -0.0015976616666666
544 -0.0028465616666666
545 -0.0005773616666666
546 -0.0013756616666666
547 -0.0008889616666666
548 0.0007691383333334
549 -0.0026041616666666
550 -0.0013091616666666
551 -0.0050725616666666
552 -0.0044017616666666
553 -0.0036899616666666
554 -0.0057914616666666
555 -0.0054345616666666
556 -0.0063772616666666
557 -0.0023832616666666
558 -0.0043907616666666
559 -0.0077774616666666
560 -0.0046565616666666
561 -0.0032964616666666
562 -0.0036428616666666
563 -0.0082562616666666
564 -0.0146632616666666
565 -0.0082354616666666
566 -0.0091439616666666
567 -0.0085571616666666
568 -0.0078935616666666
569 -0.0063566616666666
570 -0.0065300616666666
571 -0.0027625616666666
572 -0.0030849616666666
573 -0.0024673616666666
574 -0.0062113616666666
575 -0.0073888616666666
576 -0.0027362616666666
577 -0.0043572616666666
578 -0.0013038616666666
579 -0.0002041616666666
580 -0.0041462616666666
581 -0.0065004616666666
582 -0.0016740616666666
583 -0.0019585616666666
584 -0.0057563616666666
585 -0.0029305616666666
586 -0.0040728616666666
587 -0.0018274616666666
588 0.0018802383333334
589 -0.0006265616666666
590 -0.0023052616666666
591 -0.0058594616666666
592 -0.0041631616666666
593 0.0003330383333334
594 0.0007220383333334
595 -0.0026744616666666
596 -0.0105268616666666
597 -0.0159592616666666
598 -0.0117228616666666
599 -0.0094793616666666
600 -0.0108534616666666
1 0.0083894383333334
2 0.0072768383333334
3 0.0036726383333334
4 0.0074773383333334
5 0.0047133383333334
6 0.0001350383333334
7 -0.0048294616666666
8 -0.0014493616666666
9 0.0006650383333334
10 -0.0043120616666666
11 -0.0057251616666666
12 -0.0094360616666666
13 -0.0106076616666666
14 -0.0081635616666666
15 -0.0122472616666666
16 -0.0089488616666666
17 -0.0090894616666666
18 -0.0114537616666666
19 -0.0083033616666666
20 -0.0052167616666666
21 -0.0070794616666666
22 -0.0066703616666666
23 -0.0054154616666666
24 -0.0017217616666666
25 -0.0068255616666666
26 -0.0091693616666666
27 -0.0068338616666666
28 -0.0046495616666666
29 -0.0051395616666666
30 -0.0088856616666666
31 -0.0105423616666666
32 -0.0073701616666666
33 -0.0098826616666666
34 -0.0077037616666666
35 -0.0052356616666666
36 -0.0052314616666666
37 -0.0065311616666666
38 -0.0093917616666666
39 -0.0069076616666666
40 -0.0085639616666666
41 -0.0083560616666666
42 -0.0048612616666666
43 -0.0072488616666666
44 -0.0077666616666666
45 -0.0068312616666666
46 -0.0092566616666666
47 -0.0101127616666666
48 -0.0084017616666666
49 -0.0076255616666666
50 -0.0090165616666666
51 -0.0096297616666666
52 -0.0059298616666666
53 -0.0029115616666666
54 -0.0046245616666666
55 -0.0038992616666666
56 -0.0030930616666666
57 -0.0081573616666666
58 -0.0038734616666666
59 -0.0072068616666666
60 -0.0076199616666666
61 -0.0110087616666666
62 -0.0115201616666666
63 -0.0095010616666666
64 -0.0113829616666666
65 -0.0086304616666666
66 -0.0061867616666666
67 -0.0025408616666666
68 -0.0072228616666666
69 -0.0093054616666666
70 -0.0086623616666666
71 -0.0080693616666666
72 -0.0088135616666666
73 -0.0089423616666666
74 -0.0100214616666666
75 -0.0055900616666666
76 -0.0033519616666666
77 -0.0040936616666666
78 -0.0060077616666666
79 -0.0084812616666666
80 -0.0057003616666666
81 -0.0009701616666666
82 0.0018765383333334
83 0.0058401383333334
84 -0.0003053616666666
85 -0.0017599616666666
86 -0.0039373616666666
87 -0.0030024616666666
88 -0.0035558616666666
89 -0.0064357616666666
90 -0.0021881616666666
91 -0.0037146616666666
92 -0.0077445616666666
93 -0.0042538616666666
94 -0.0055134616666666
95 -0.0041103616666666
96 0.0003478383333334
97 0.0043127383333334
98 0.0004709383333334
99 -0.0035972616666666
100 -0.0026348616666666
101 -0.0008597616666666
102 -0.0059885616666666
103 -0.0039498616666666
104 -0.0006196616666666
105 0.0027042383333334
106 -0.0013455616666666
107 -0.0020913616666666
108 -0.0032914616666666
109 -0.0071545616666666
110 -0.0104857616666666
111 -0.0040779616666666
112 -0.0047181616666666
113 -0.0099125616666666
114 -0.0120736616666666
115 -0.0055748616666666
116 -0.0055337616666666
117 -0.0077371616666666
118 -0.0088738616666666
119 -0.0089686616666666
120 -0.0090288616666666
121 -0.0056124616666666
122 -0.0089208616666666
123 -0.0091964616666666
124 -0.0092579616666666
125 -0.0071399616666666
126 -0.0069792616666666
127 -0.0101382616666666
128 -0.0091905616666666
129 -0.0049918616666666
130 -0.0075949616666666
131 -0.0125697616666666
132 -0.0111143616666666
133 -0.0131783616666666
134 -0.0123753616666666
135 -0.0117800616666666
136 -0.0107675616666666
137 -0.0122086616666666
138 -0.0081856616666666
139 -0.0093859616666666
140 -0.0084177616666666
141 -0.0064523616666666
142 -0.0043872616666666
143 -0.0074294616666666
144 -0.0038617616666666
145 0.0027068383333334
146 0.0045016383333334
147 0.0036764383333334
148 0.0059978383333334
149 0.0016706383333334
150 0.0019544383333334
151 -0.0000323616666666
152 0.0001776383333334
153 -0.0024845616666666
154 -0.0031516616666666
155 -0.0021241616666666
156 -0.0029189616666666
157 -0.0003632616666666
158 0.0055346383333334
159 0.0056051383333334
160 0.0001804383333334
161 -0.0022122616666666
162 0.0014225383333334
163 0.0015458383333334
164 0.0020506383333334
165 0.0066943383333334
166 0.0082701383333334
167 -0.0023194616666666
168 -0.0005193616666666
169 0.0039987383333334
170 0.0061811383333334
171 -0.0019966616666666
172 -0.0081985616666666
173 -0.0077585616666666
174 -0.0068325616666666
175 -0.0042425616666666
176 -0.0047900616666666
177 -0.0039556616666666
178 -0.0040889616666666
179 -0.0043023616666666
180 0.0001639383333334
181 -0.0021121616666666
182 -0.0021825616666666
183 0.0005654383333334
184 -0.0002465616666666
185 -0.0027440616666666
186 -0.0088376616666666
187 -0.0083945616666666
188 -0.0054666616666666
189 -0.0054401616666666
190 -0.0021103616666666
191 0.0019742383333334
192 -0.0029216616666666
193 -0.0053429616666666
194 -0.0063944616666666
195 -0.0012628616666666
196 -0.0015633616666666
197 -0.0060001616666666
198 -0.0049929616666666
199 -0.0080123616666666
200 -0.0077453616666666
201 -0.0074904616666666
202 -0.0072940616666666
203 -0.0072795616666666
204 -0.0080905616666666
205 -0.0080216616666666
206 -0.0057025616666666
207 -0.0054562616666666
208 -0.0095538616666666
209 -0.0099586616666666
210 -0.0141806616666666
211 -0.0107187616666666
212 -0.0127939616666666
213 -0.0176592616666666
214 -0.0153469616666666
215 -0.0155895616666666
216 -0.0169770616666666
217 -0.0138794616666666
218 -0.0153249616666666
219 -0.0160039616666666
220 -0.0177234616666666
221 -0.0156432616666666
222 -0.0125573616666666
223 -0.0081710616666666
224 -0.0081995616666666
225 -0.0059039616666666
226 -0.0073002616666666
227 -0.0066389616666666
228 -0.0095320616666666
229 -0.0090908616666666
230 -0.0014715616666666
231 -0.0058450616666666
232 -0.0047449616666666
233 -0.0040280616666666
234 -0.0056251616666666
235 -0.0073605616666666
236 -0.0120323616666666
237 -0.0100363616666666
238 -0.0107383616666666
239 -0.0055333616666666
240 -0.0012995616666666
241 0.0000151383333334
242 -0.0020666616666666
243 -0.0070120616666666
244 -0.0054431616666666
245 -0.0008831616666666
246 0.0008342383333334
247 -0.0006008616666666
248 -0.0040358616666666
249 -0.0045298616666666
250 -0.0086654616666666
251 -0.0139831616666666
252 -0.0089436616666666
253 -0.0104783616666666
254 -0.0117237616666666
255 -0.0061816616666666
256 -0.0097696616666666
257 -0.0080914616666666
258 -0.0098237616666666
259 -0.0086064616666666
260 -0.0041530616666666
261 -0.0029021616666666
262 -0.0054307616666666
263 -0.0046699616666666
264 -0.0088907616666666
265 -0.0071639616666666
266 -0.0074360616666666
267 -0.0064767616666666
268 -0.0054112616666666
269 -0.0066176616666666
270 -0.0039656616666666
271 -0.0032987616666666
272 -0.0026252616666666
273 -0.0010413616666666
274 0.0006583383333334
275 0.0040742383333334
276 0.0034334383333334
277 0.0082580383333334
278 0.0091930383333334
279 0.0080429383333334
280 0.0065478383333334
281 -0.0016649616666666
282 -0.0027076616666666
283 -0.0011767616666666
284 0.0037266383333334
285 -0.0007332616666666
286 0.0001560383333334
287 -0.0006918616666666
288 0.0015495383333334
289 0.0021671383333334
290 0.0036035383333334
291 0.0002480383333334
292 -0.0039741616666666
293 -0.0061001616666666
294 -0.0092787616666666
295 -0.0109631616666666
296 -0.0087011616666666
297 -0.0091344616666666
298 -0.0126932616666666
299 -0.0136757616666666
300 -0.0117738616666666
301 -0.0085058616666666
302 -0.0097636616666666
303 -0.0074813616666666
304 -0.0099760616666666
305 -0.0080824616666666
306 -0.0065758616666666
307 -0.0106648616666666
308 -0.0089301616666666
309 -0.0049473616666666
310 -0.0100689616666666
311 -0.0077439616666666
312 -0.0067963616666666
313 -0.0067534616666666
314 -0.0058976616666666
315 -0.0097492616666666
316 -0.0116801616666666
317 -0.0133187616666666
318 -0.0096902616666666
319 -0.0124831616666666
320 -0.0114968616666666
321 -0.0141694616666666
322 -0.0142107616666666
323 -0.0099834616666666
324 -0.0097994616666666
325 -0.0085069616666666
326 -0.0096858616666666
327 -0.0077310616666666
328 -0.0053389616666666
329 -0.0074675616666666
330 -0.0040817616666666
331 -0.0030448616666666
332 -0.0005915616666666
333 0.0017915383333334
334 -0.0017123616666666
335 -0.0000837616666666
336 0.0013666383333334
337 0.0005073383333334
338 -0.0018603616666666
339 -0.0038501616666666
340 0.0018611383333334
341 -0.0005703616666666
342 -0.0012086616666666
343 -0.0089489616666666
344 -0.0109639616666666
345 -0.0099078616666666
346 -0.0078013616666666
347 -0.0085369616666666
348 -0.0079603616666666
349 -0.0076660616666666
350 -0.0051774616666666
351 -0.0080764616666666
352 -0.0091369616666666
353 -0.0080418616666666
354 -0.0118857616666666
355 -0.0092102616666666
356 -0.0089077616666666
357 -0.0103760616666666
358 -0.0037505616666666
359 -0.0013784616666666
360 -0.0021452616666666
361 -0.0010827616666666
362 0.0036634383333334
363 0.0010528383333334
364 -0.0049954616666666
365 -0.0057978616666666
366 -0.0037956616666666
367 -0.0013190616666666
368 -0.0080895616666666
369 -0.0061575616666666
370 -0.0048996616666666
371 -0.0043886616666666
372 -0.0034229616666666
373 -0.0065483616666666
374 -0.0074297616666666
375 -0.0027872616666666
376 -0.0008646616666666
377 0.0020917383333334
378 -0.0002880616666666
379 -0.0024182616666666
380 0.0026683383333334
381 -0.0004181616666666
382 0.0050026383333334
383 0.0038541383333334
384 0.0061197383333334
385 0.0007714383333334
386 -0.0001926616666666
387 0.0004968383333334
388 -0.0067620616666666
389 -0.0075406616666666
390 -0.0080228616666666
391 -0.0038967616666666
392 -0.0052945616666666
393 -0.0017461616666666
394 -0.0026349616666666
395 -0.0058244616666666
396 -0.0007250616666666
397 -0.0003138616666666
398 0.0015618383333334
399 -0.0034160616666666
400 0.0002336383333334
401 -0.0011887616666666
402 0.0005708383333334
403 -0.0016438616666666
404 -0.0028153616666666
405 -0.0027282616666666
406 -0.0028719616666666
407 -0.0054963616666666
408 -0.0061145616666666
409 -0.0058927616666666
410 -0.0061471616666666
411 -0.0030333616666666
412 -0.0018422616666666
413 -0.0039899616666666
414 -0.0053633616666666
415 -0.0035832616666666
416 -0.0020940616666666
417 -0.0035902616666666
418 -0.0066919616666666
419 -0.0059798616666666
420 -0.0070204616666666
421 -0.0076686616666666
422 -0.0097076616666666
423 -0.0062945616666666
424 -0.0071742616666666
425 -0.0082194616666666
426 -0.0138909616666666
427 -0.0120506616666666
428 -0.0095480616666666
429 -0.0101879616666666
430 -0.0075049616666666
431 -0.0097634616666666
432 -0.0081892616666666
433 -0.0043752616666666
434 -0.0041529616666666
435 -0.0044721616666666
436 -0.0000042616666666
437 -0.0047369616666666
438 0.0010309383333334
439 0.0019204383333334
440 -0.0018164616666666
441 0.0037578383333334
442 0.0039515383333334
443 -0.0006762616666666
444 -0.0023824616666666
445 -0.0005774616666666
446 0.0018795383333334
447 -0.0002664616666666
448 -0.0023182616666666
449 -0.0011112616666666
450 0.0005617383333334
451 -0.0014270616666666
452 -0.0059959616666666
453 -0.0035864616666666
454 -0.0018443616666666
455 -0.0001626616666666
456 -0.0058535616666666
457 -0.0058284616666666
458 -0.0025451616666666
459 -0.0030506616666666
460 -0.0064102616666666
461 -0.0082725616666666
462 -0.0046233616666666
463 -0.0045004616666666
464 -0.0040200616666666
465 -0.0063916616666666
466 -0.0047334616666666
467 -0.0057377616666666
468 -0.0082827616666666
469 -0.0052228616666666
470 -0.0048536616666666
471 -0.0035327616666666
472 -0.0056107616666666
473 -0.0047084616666666
474 -0.0109940616666666
475 -0.0066565616666666
476 -0.0078135616666666
477 -0.0102091616666666
478 -0.0077181616666666
479 -0.0110531616666666
480 -0.0102662616666666
481 -0.0136634616666666
482 -0.0142180616666666
483 -0.0155375616666666
484 -0.0142442616666666
485 -0.0105524616666666
486 -0.0075153616666666
487 -0.0054955616666666
488 -0.0083639616666666
489 -0.0078148616666666
490 -0.0103662616666666
491 -0.0078781616666666
492 -0.0077725616666666
493 -0.0058538616666666
494 -0.0017401616666666
495 -0.0025603616666666
496 0.0014470383333334
497 0.0019987383333334
498 -0.0026304616666666
499 -0.0013048616666666
500 0.0002218383333334
501 -0.0005954616666666
502 -0.0056581616666666
503 -0.0042034616666666
504 0.0030855383333334
505 0.0028545383333334
506 0.0046769383333334
507 -0.0011870616666666
508 0.0000919383333334
509 0.0041169383333334
510 0.0019811383333334
511 0.0032160383333334
512 0.0052270383333334
513 0.0119301383333334
514 0.0061682383333334
515 -0.0010617616666666
516 -0.0045526616666666
517 -0.0042128616666666
518 -0.0068230616666666
519 -0.0065885616666666
520 -0.0077827616666666
521 -0.0054577616666666
522 -0.0104824616666666
523 -0.0070569616666666
524 -0.0036869616666666
525 -0.0042268616666666
526 -0.0052974616666666
527 -0.0032283616666666
528 -0.0007220616666666
529 -0.0013295616666666
530 -0.0007607616666666
531 0.0038433383333334
532 0.0056648383333334
533 0.0030423383333334
534 0.0038090383333334
535 -0.0002347616666666
536 -0.0014006616666666
537 -0.0036447616666666
538 -0.0063792616666666
539 -0.0025746616666666
540 -0.0028002616666666
541 -0.0041636616666666
542 -0.0037030616666666
543 -0.0041736616666666
544 -0.0095793616666666
545 -0.0058333616666666
546 -0.0024604616666666
547 -0.0018237616666666
548 -0.0021999616666666
549 -0.0017256616666666
550 -0.0019160616666666
551 -0.0009795616666666
552 -0.0033825616666666
553 -0.0012870616666666
554 -0.0008463616666666
555 -0.0022583616666666
556 -0.0011680616666666
557 0.0010118383333334
558 -0.0010447616666666
559 -0.0006898616666666
560 -0.0033567616666666
561 -0.0054328616666666
562 -0.0067578616666666
563 -0.0029937616666666
564 0.0029784383333334
565 0.0031385383333334
566 -0.0003542616666666
567 -0.0006306616666666
568 0.0004929383333334
569 -0.0043059616666666
570 -0.0029854616666666
571 -0.0033010616666666
572 -0.0059288616666666
573 -0.0091469616666666
574 -0.0094280616666666
575 -0.0128875616666666
576 -0.0095802616666666
577 -0.0094722616666666
578 -0.0080111616666666
579 -0.0071168616666666
580 -0.0068621616666666
581 -0.0075307616666666
582 -0.0013495616666666
583 -0.0037759616666666
584 -0.0051886616666666
585 -0.0047969616666666
586 -0.0068593616666666
587 -0.0102929616666666
588 -0.0121925616666666
589 -0.0069151616666666
590 -0.0013491616666666
591 0.0019318383333334
592 0.0011169383333334
593 -0.0015062616666666
594 -0.0091826616666666
595 -0.0045024616666666
596 -0.0100200616666666
597 -0.0133495616666666
598 -0.0125158616666666
599 -0.0143727616666666
600 -0.0170784616666666
1 0.0175878383333334
2 0.0106827383333334
3 0.0063476383333334
4 0.0008597383333334
5 0.0005722383333334
6 0.0018160383333334
7 0.0059082383333334
8 0.0017653383333334
9 -0.0008025616666666
10 0.0009535383333334
11 -0.0023612616666666
12 -0.0067083616666666
13 -0.0062271616666666
14 -0.0047812616666666
15 -0.0072429616666666
16 -0.0053768616666666
17 -0.0089042616666666
18 -0.0119605616666666
19 -0.0132160616666666
20 -0.0130473616666666
21 -0.0102465616666666
22 -0.0122575616666666
23 -0.0090308616666666
24 -0.0077482616666666
25 -0.0074470616666666
26 -0.0076687616666666
27 -0.0104156616666666
28 -0.0058748616666666
29 -0.0069365616666666
30 -0.0019317616666666
31 0.0004313383333334
32 -0.0037261616666666
33 -0.0009271616666666
34 0.0033616383333334
35 0.0018100383333334
36 -0.0055301616666666
37 -0.0043611616666666
38 -0.0005368616666666
39 0.0002262383333334
40 -0.0076297616666666
41 -0.0047450616666666
42 -0.0066106616666666
43 -0.0074474616666666
44 -0.0077482616666666
45 -0.0072678616666666
46 -0.0055354616666666
47 -0.0101239616666666
48 -0.0077479616666666
49 -0.0066860616666666
50 -0.0054924616666666
51 -0.0036306616666666
52 -0.0010859616666666
53 0.0004579383333334
54 0.0039124383333334
55 0.0033735383333334
56 0.0078102383333334
57 0.0054327383333334
58 0.0074778383333334
59 0.0061242383333334
60 0.0081547383333334
61 0.0096774383333334
62 0.0029378383333334
63 0.0010212383333334
64 -0.0001352616666666
65 -0.0049322616666666
66 -0.0067099616666666
67 -0.0051466616666666
68 -0.0069029616666666
69 -0.0091595616666666
70 -0.0097760616666666
71 -0.0086288616666666
72 -0.0104714616666666
73 -0.0122073616666666
74 -0.0108235616666666
75 -0.0110566616666666
76 -0.0119004616666666
77 -0.0084862616666666
78 -0.0108392616666666
79 -0.0123943616666666
80 -0.0105680616666666
81 -0.0068086616666666
82 -0.0015194616666666
83 -0.0010387616666666
84 -0.0028653616666666
85 -0.0068964616666666
86 -0.0088997616666666
87 -0.0095094616666666
88 -0.0040640616666666
89 -0.0066527616666666
90 -0.0057780616666666
91 -0.0062369616666666
92 -0.0030087616666666
93 -0.0043226616666666
94 -0.0053229616666666
95 -0.0026803616666666
96 -0.0058144616666666
97 -0.0067848616666666
98 -0.0115855616666666
99 -0.0118330616666666
100 -0.0105060616666666
101 -0.0097623616666666
102 -0.0111921616666666
103 -0.0129390616666666
104 -0.0127664616666666
105 -0.0149572616666666
106 -0.0130323616666666
107 -0.0123642616666666
108 -0.0119158616666666
109 -0.0095826616666666
110 -0.0051414616666666
111 -0.0021305616666666
112 -0.0029626616666666
113 -0.0044234616666666
114 -0.0028750616666666
115 -0.0009540616666666
116 0.0014343383333334
117 -0.0012614616666666
118 -0.0036976616666666
119 -0.0064324616666666
120 -0.0082058616666666
121 -0.0082270616666666
122 -0.0064738616666666
123 -0.0058610616666666
124 -0.0136523616666666
125 -0.0131701616666666
126 -0.0105875616666666
127 -0.0099033616666666
128 -0.0111180616666666
129 -0.0059495616666666
130 -0.0075585616666666
131 -0.0098503616666666
132 -0.0109056616666666
133 -0.0120750616666666
134 -0.0080814616666666
135 -0.0123331616666666
136 -0.0098071616666666
137 -0.0044510616666666
138 -0.0036499616666666
139 -0.0079931616666666
140 -0.0090469616666666
141 -0.0123159616666666
142 -0.0109327616666666
143 -0.0046317616666666
144 0.0000593383333334
145 -0.0051970616666666
146 -0.0069305616666666
147 -0.0030899616666666
148 0.0001839383333334
149 0.0021022383333334
150 0.0025827383333334
151 0.0013761383333334
152 0.0031277383333334
153 -0.0004457616666666
154 -0.0033192616666666
155 -0.0061681616666666
156 -0.0012524616666666
157 0.0014180383333334
158 0.0001521383333334
159 -0.0003664616666666
160 0.0008756383333334
161 -0.0007313616666666
162 -0.0044587616666666
163 -0.0002251616666666
164 -0.0034849616666666
165 -0.0045260616666666
166 -0.0032812616666666
167 -0.0046479616666666
168 -0.0073102616666666
169 -0.0070827616666666
170 -0.0036831616666666
171 0.0005624383333334
172 -0.0006800616666666
173 -0.0001912616666666
174 -0.0013844616666666
175 -0.0043848616666666
176 -0.0051089616666666
177 -0.0049905616666666
178 -0.0006602616666666
179 -0.0009376616666666
180 -0.0026135616666666
181 -0.0065606616666666
182 -0.0086676616666666
183 -0.0050990616666666
184 -0.0036864616666666
185 -0.0052624616666666
186 -0.0046175616666666
187 -0.0050322616666666
188 -0.0064414616666666
189 -0.0058274616666666
190 -0.0019847616666666
191 -0.0036897616666666
192 -0.0009621616666666
193 0.0004576383333334
194 -0.0051552616666666
195 -0.0009914616666666
196 -0.0028957616666666
197 -0.0019594616666666
198 -0.0005542616666666
199 -0.0048753616666666
200 -0.0030246616666666
201 -0.0036100616666666
202 -0.0017537616666666
203 -0.0059614616666666
204 -0.0049031616666666
205 0.0014349383333334
206 -0.0023017616666666
207 -0.0090978616666666
208 -0.0038877616666666
209 -0.0058207616666666
210 -0.0025116616666666
211 -0.0046387616666666
212 -0.0033384616666666
213 -0.0000213616666666
214 -0.0027841616666666
215 -0.0017246616666666
216 -0.0024001616666666
217 -0.0015849616666666
218 -0.0061638616666666
219 -0.0106373616666666
220 -0.0114930616666666
221 -0.0076391616666666
222 -0.0094047616666666
223 -0.0115310616666666
224 -0.0097009616666666
225 -0.0082046616666666
226 -0.0028394616666666
227 -0.0000684616666666
228 0.0007678383333334
229 -0.0005218616666666
230 0.0008349383333334
231 -0.0035769616666666
232 -0.0078264616666666
233 -0.0044911616666666
234 -0.0018057616666666
235 -0.0011574616666666
236 0.0000336383333334
237 -0.0014868616666666
238 0.0021254383333334
239 0.0024869383333334
240 0.0014840383333334
241 0.0017269383333334
242 0.0027257383333334
243 0.0023186383333334
244 0.0056554383333334
245 -0.0019442616666666
246 0.0007480383333334
247 0.0027041383333334
248 0.0014383383333334
249 -0.0039718616666666
250 -0.0050896616666666
251 -0.0035974616666666
252 -0.0022844616666666
253 -0.0006764616666666
254 0.0013840383333334
255 -0.0000530616666666
256 -0.0010207616666666
257 -0.0025499616666666
258 -0.0056661616666666
259 -0.0040919616666666
260 -0.0090029616666666
261 -0.0086811616666666
262 -0.0117478616666666
263 -0.0107255616666666
264 -0.0073199616666666
265 -0.0089665616666666
266 -0.0131423616666666
267 -0.0143532616666666
268 -0.0135905616666666
269 -0.0092903616666666
270 -0.0085770616666666
271 -0.0085371616666666
272 -0.0082128616666666
273 -0.0092071616666666
274 -0.0094526616666666
275 -0.0068737616666666
276 -0.0060956616666666
277 -0.0075188616666666
278 -0.0057590616666666
279 -0.0083156616666666
280 -0.0050590616666666
281 -0.0027181616666666
282 -0.0054549616666666
283 -0.0024136616666666
284 0.0013837383333334
285 0.0059968383333334
286 0.0014734383333334
287 -0.0017572616666666
288 -0.0077691616666666
289 -0.0050575616666666
290 -0.0027942616666666
291 -0.0049986616666666
292 -0.0058229616666666
293 -0.0051879616666666
294 -0.0029119616666666
295 -0.0006363616666666
296 0.0018157383333334
297 0.0054458383333334
298 0.0020393383333334
299 0.0053477383333334
300 0.0054585383333334
301 0.0059540383333334
302 0.0039893383333334
303 0.0017918383333334
304 -0.0045801616666666
305 -0.0041931616666666
306 -0.0019408616666666
307 -0.0014702616666666
308 -0.0015794616666666
309 -0.0055628616666666
310 -0.0045225616666666
311 -0.0061553616666666
312 -0.0093010616666666
313 -0.0098589616666666
314 -0.0129015616666666
315 -0.0088568616666666
316 -0.0058466616666666
317 -0.0106689616666666
318 -0.0127410616666666
319 -0.0103560616666666
320 -0.0114366616666666
321 -0.0096637616666666
322 -0.0037475616666666
323 -0.0101689616666666
324 -0.0080686616666666
325 -0.0038758616666666
326 -0.0017415616666666
327 -0.0025555616666666
328 -0.0034819616666666
329 -0.0079220616666666
330 -0.0070248616666666
331 -0.0093935616666666
332 -0.0081607616666666
333 -0.0051135616666666
334 -0.0060985616666666
335 -0.0090835616666666
336 -0.0065333616666666
337 -0.0098743616666666
338 -0.0084745616666666
339 -0.0092985616666666
340 -0.0064136616666666
341 -0.0052463616666666
342 -0.0079348616666666
343 -0.0022546616666666
344 -0.0030324616666666
345 -0.0012361616666666
346 -0.0007938616666666
347 0.0044747383333334
348 0.0070178383333334
349 0.0040580383333334
350 0.0011464383333334
351 0.0001034383333334
352 0.0022883383333334
353 0.0084699383333334
354 0.0051630383333334
355 -0.0025950616666666
356 -0.0055099616666666
357 -0.0037576616666666
358 -0.0055321616666666
359 -0.0106488616666666
360 -0.0138171616666666
361 -0.0165317616666666
362 -0.0219739616666666
363 -0.0160176616666666
364 -0.0132677616666666
365 -0.0148296616666666
366 -0.0150982616666666
367 -0.0138268616666666
368 -0.0114514616666666
369 -0.0098478616666666
370 -0.0065022616666666
371 -0.0033762616666666
372 -0.0059853616666666
373 -0.0028698616666666
374 0.0016316383333334
375 -0.0037903616666666
376 -0.0045020616666666
377 -0.0048327616666666
378 -0.0067858616666666
379 -0.0149403616666666
380 -0.0108407616666666
381 -0.0063361616666666
382 -0.0131627616666666
383 -0.0124642616666666
384 -0.0128619616666666
385 -0.0117773616666666
386 -0.0137813616666666
387 -0.0112393616666666
388 -0.0089393616666666
389 -0.0088236616666666
390 -0.0094791616666666
391 -0.0056942616666666
392 -0.0090063616666666
393 -0.0077559616666666
394 -0.0073882616666666
395 -0.0071359616666666
396 -0.0109873616666666
397 -0.0135314616666666
398 -0.0123678616666666
399 -0.0141483616666666
400 -0.0124335616666666
401 -0.0126002616666666
402 -0.0077355616666666
403 -0.0073014616666666
404 -0.0053394616666666
405 -0.0052769616666666
406 -0.0038156616666666
407 -0.0017169616666666
408 -0.0034905616666666
409 -0.0029310616666666
410 -0.0034553616666666
411 -0.0007167616666666
412 -0.0061461616666666
413 -0.0084207616666666
414 -0.0057958616666666
415 -0.0048619616666666
416 -0.0053509616666666
417 -0.0074772616666666
418 -0.0071907616666666
419 -0.0087017616666666
420 -0.0080989616666666
421 -0.0031645616666666
422 -0.0016888616666666
423 -0.0054668616666666
424 -0.0030100616666666
425 -0.0057869616666666
426 -0.0048556616666666
427 -0.0098248616666666
428 -0.0051008616666666
429 -0.0080451616666666
430 -0.0095400616666666
431 -0.0111121616666666
432 -0.0197848616666666
433 -0.0197180616666666
434 -0.0165682616666666
435 -0.0152656616666666
436 -0.0119197616666666
437 -0.0151696616666666
438 -0.0122108616666666
439 -0.0112854616666666
440 -0.0108756616666666
441 -0.0101859616666666
442 -0.0117920616666666
443 -0.0094522616666666
444 -0.0065381616666666
445 -0.0074306616666666
446 -0.0056815616666666
447 -0.0069807616666666
448 -0.0085012616666666
449 -0.0038823616666666
450 -0.0059948616666666
451 -0.0030612616666666
452 -0.0024998616666666
453 -0.0020079616666666
454 -0.0080029616666666
455 -0.0093982616666666
456 -0.0026728616666666
457 -0.0091495616666666
458 -0.0067069616666666
459 -0.0059056616666666
460 -0.0014887616666666
461 -0.0046830616666666
462 -0.0057138616666666
463 -0.0008864616666666
464 0.0012407383333334
465 -0.0040072616666666
466 -0.0019312616666666
467 0.0009507383333334
468 -0.0026215616666666
469 -0.0046729616666666
470 -0.0036941616666666
471 -0.0046312616666666
472 -0.0033319616666666
473 -0.0063108616666666
474 0.0017788383333334
475 -0.0015745616666666
476 -0.0002702616666666
477 -0.0029124616666666
478 -0.0068698616666666
479 -0.0075164616666666
480 -0.0034794616666666
481 -0.0034806616666666
482 -0.0038880616666666
483 -0.0040805616666666
484 -0.0013294616666666
485 -0.0029189616666666
486 -0.0071253616666666
487 -0.0091236616666666
488 -0.0086033616666666
489 -0.0134041616666666
490 -0.0101844616666666
491 -0.0086215616666666
492 -0.0027362616666666
493 -0.0021098616666666
494 -0.0022561616666666
495 -0.0023391616666666
496 -0.0033095616666666
497 -0.0055110616666666
498 -0.0033208616666666
499 -0.0115942616666666
500 -0.0096964616666666
501 -0.0097076616666666
502 -0.0100293616666666
503 -0.0058139616666666
504 -0.0026311616666666
505 -0.0039514616666666
506 0.0004176383333334
507 0.0019772383333334
508 0.0011075383333334
509 -0.0017297616666666
510 0.0004221383333334
511 -0.0010654616666666
512 -0.0031969616666666
513 -0.0051644616666666
514 -0.0032471616666666
515 0.0021062383333334
516 0.0059594383333334
517 0.0075474383333334
518 0.0004995383333334
519 -0.0080732616666666
520 -0.0060632616666666
521 -0.0018032616666666
522 -0.0063975616666666
523 -0.0101365616666666
524 -0.0122293616666666
525 -0.0111802616666666
526 -0.0079483616666666
527 -0.0092583616666666
528 -0.0098351616666666
529 -0.0124910616666666
530 -0.0025815616666666
531 -0.0041639616666666
532 -0.0077456616666666
533 -0.0103499616666666
534 -0.0103065616666666
535 -0.0127567616666666
536 -0.0092660616666666
537 -0.0055413616666666
538 -0.0044884616666666
539 -0.0029969616666666
540 -0.0051885616666666
541 -0.0085053616666666
542 -0.0073160616666666
543 -0.0078217616666666
544 -0.0107686616666666
545 -0.0103224616666666
546 -0.0133237616666666
547 -0.0141050616666666
548 -0.0111445616666666
549 -0.0068929616666666
550 -0.0067394616666666
551 -0.0017876616666666
552 -0.0013631616666666
553 0.0006015383333334
554 -0.0025643616666666
555 -0.0067811616666666
556 -0.0074832616666666
557 -0.0065035616666666
558 -0.0050012616666666
559 -0.0024483616666666
560 -0.0056771616666666
561 -0.0054014616666666
562 -0.0081366616666666
563 -0.0080299616666666
564 -0.0097415616666666
565 -0.0042028616666666
566 -0.0094327616666666
567 -0.0115678616666666
568 -0.0064196616666666
569 -0.0101722616666666
570 -0.0123777616666666
571 -0.0110055616666666
572 -0.0087881616666666
573 -0.0048076616666666
574 -0.0070290616666666
575 -0.0077189616666666
576 -0.0021560616666666
577 -0.0053644616666666
578 -0.0039139616666666
579 -0.0074170616666666
580 -0.0088233616666666
581 -0.0023055616666666
582 -0.0041597616666666
583 -0.0072128616666666
584 -0.0076260616666666
585 -0.0087546616666666
586 -0.0087879616666666
587 -0.0045839616666666
588 -0.0071525616666666
589 -0.0046847616666666
590 -0.0091766616666666
591 -0.0082431616666666
592 -0.0115387616666666
593 -0.0133472616666666
594 -0.0151671616666666
595 -0.0160709616666666
596 -0.0157266616666666
597 -0.0180117616666666
598 -0.0175320616666666
599 -0.0166441616666666
600 -0.0161971616666666
1 0.0211984383333334
2 0.0193126383333334
3 0.0107052383333334
4 0.0157145383333334
5 0.0145118383333334
6 0.0084002383333334
7 0.0061295383333334
8 0.0046781383333334
9 0.0032375383333334
10 -0.0027929616666666
11 -0.0069887616666666
12 -0.0037893616666666
13 -0.0086876616666666
14 -0.0107009616666666
15 -0.0098679616666666
16 -0.0082044616666666
17 -0.0078254616666666
18 -0.0102060616666666
19 -0.0070312616666666
20 -0.0056542616666666
21 -0.0068628616666666
22 -0.0070465616666666
23 -0.0054110616666666
24 -0.0041416616666666
25 -0.0020445616666666
26 -0.0100100616666666
27 -0.0089543616666666
28 -0.0096378616666666
29 -0.0120285616666666
30 -0.0113981616666666
31 -0.0093846616666666
32 -0.0106109616666666
33 -0.0051823616666666
34 -0.0042544616666666
35 -0.0032734616666666
36 -0.0024118616666666
37 -0.0037753616666666
38 -0.0029225616666666
39 -0.0040618616666666
40 -0.0036625616666666
41 -0.0004317616666666
42 0.0006340383333334
43 0.0027584383333334
44 -0.0062289616666666
45 -0.0089409616666666
46 -0.0105062616666666
47 -0.0092837616666666
48 -0.0043903616666666
49 -0.0057894616666666
50 -0.0060441616666666
51 -0.0080913616666666
52 -0.0053581616666666
53 -0.0033311616666666
54 -0.0106741616666666
55 -0.0106525616666666
56 -0.0158193616666666
57 -0.0099447616666666
58 -0.0110418616666666
59 -0.0101790616666666
60 -0.0122920616666666
61 -0.0101065616666666
62 -0.0104311616666666
63 -0.0157711616666666
64 -0.0103091616666666
65 -0.0118859616666666
66 -0.0090137616666666
67 -0.0073159616666666
68 -0.0039087616666666
69 -0.0055703616666666
70 -0.0077188616666666
71 -0.0106187616666666
72 -0.0087208616666666
73 -0.0073407616666666
74 -0.0090054616666666
75 -0.0069644616666666
76 -0.0056785616666666
77 0.0008299383333334
78 -0.0006939616666666
79 -0.0046158616666666
80 -0.0024707616666666
81 -0.0043343616666666
82 -0.0063873616666666
83 -0.0074816616666666
84 -0.0069618616666666
85 -0.0088595616666666
86 -0.0120804616666666
87 -0.0119184616666666
88 -0.0104991616666666
89 -0.0121274616666666
90 -0.0102891616666666
91 -0.0049999616666666
92 -0.0042051616666666
93 -0.0062327616666666
94 -0.0073486616666666
95 -0.0078625616666666
96 -0.0088601616666666
97 -0.0094391616666666
98 -0.0067393616666666
99 -0.0049695616666666
100 -0.0020666616666666
101 -0.0062026616666666
102 -0.0043529616666666
103 -0.0042982616666666
104 -0.0003203616666666
105 0.0015002383333334
106 -0.0025885616666666
107 -0.0036104616666666
108 -0.0020650616666666
109 -0.0054325616666666
110 -0.0003998616666666
111 -0.0075485616666666
112 -0.0055374616666666
113 -0.0049403616666666
114 -0.0084198616666666
115 -0.0092811616666666
116 -0.0101988616666666
117 -0.0145428616666666
118 -0.0171498616666666
119 -0.0167620616666666
120 -0.0133705616666666
121 -0.0080427616666666
122 -0.0060528616666666
123 -0.0045033616666666
124 -0.0061102616666666
125 -0.0081929616666666
126 -0.0123011616666666
127 -0.0089622616666666
128 -0.0087431616666666
129 -0.0057636616666666
130 -0.0061537616666666
131 -0.0013551616666666
132 -0.0027965616666666
133 -0.0061292616666666
134 -0.0059447616666666
135 -0.0095021616666666
136 -0.0065193616666666
137 -0.0062820616666666
138 -0.0062988616666666
139 -0.0111215616666666
140 -0.0105189616666666
141 -0.0110708616666666
142 -0.0102600616666666
143 -0.0140414616666666
144 -0.0117304616666666
145 -0.0103919616666666
146 -0.0072297616666666
147 -0.0092278616666666
148 -0.0126420616666666
149 -0.0106616616666666
150 -0.0066934616666666
151 -0.0073020616666666
152 -0.0077198616666666
153 -0.0116489616666666
154 -0.0087162616666666
155 -0.0081303616666666
156 -0.0109474616666666
157 -0.0088094616666666
158 -0.0111578616666666
159 -0.0117901616666666
160 -0.0049172616666666
161 -0.0090329616666666
162 -0.0105781616666666
163 -0.0119213616666666
164 -0.0115156616666666
165 -0.0090211616666666
166 -0.0091210616666666
167 -0.0083372616666666
168 -0.0075585616666666
169 -0.0117477616666666
170 -0.0122323616666666
171 -0.0094471616666666
172 -0.0135421616666666
173 -0.0135625616666666
174 -0.0094408616666666
175 -0.0037951616666666
176 -0.0057871616666666
177 -0.0078156616666666
178 -0.0054686616666666
179 -0.0074083616666666
180 -0.0064010616666666
181 -0.0056496616666666
182 -0.0036862616666666
183 -0.0051370616666666
184 -0.0054131616666666
185 -0.0016535616666666
186 -0.0004040616666666
187 -0.0028448616666666
188 -0.0008676616666666
189 -0.0009660616666666
190 -0.0024829616666666
191 -0.0057567616666666
192 -0.0092028616666666
193 -0.0081562616666666
194 -0.0083831616666666
195 -0.0098764616666666
196 -0.0107734616666666
197 -0.0134953616666666
198 -0.0111992616666666
199 -0.0148751616666666
200 -0.0127972616666666
201 -0.0119596616666666
202 -0.0118333616666666
203 -0.0088484616666666
204 -0.0092842616666666
205 -0.0107576616666666
206 -0.0081102616666666
207 -0.0045206616666666
208 -0.0013264616666666
209 -0.0073192616666666
210 -0.0093305616666666
211 -0.0072496616666666
212 -0.0076784616666666
213 -0.0076921616666666
214 -0.0112409616666666
215 -0.0098821616666666
216 -0.0113223616666666
217 -0.0129112616666666
218 -0.0125634616666666
219 -0.0076981616666666
220 -0.0094455616666666
221 -0.0069021616666666
222 -0.0060413616666666
223 -0.0037143616666666
224 -0.0081817616666666
225 -0.0088531616666666
226 -0.0102569616666666
227 -0.0084116616666666
228 -0.0034185616666666
229 -0.0066893616666666
230 -0.0066258616666666
231 -0.0033993616666666
232 -0.0083001616666666
233 -0.0057773616666666
234 -0.0014098616666666
235 -0.0074588616666666
236 -0.0045746616666666
237 -0.0014216616666666
238 0.0005741383333334
239 0.0008085383333334
240 -0.0031577616666666
241 0.0010563383333334
242 0.0034948383333334
243 0.0001669383333334
244 -0.0020247616666666
245 -0.0035693616666666
246 -0.0051577616666666
247 -0.0047028616666666
248 -0.0039925616666666
249 -0.0058633616666666
250 -0.0011103616666666
251 0.0003214383333334
252 -0.0067076616666666
253 -0.0103317616666666
254 -0.0088005616666666
255 -0.0068499616666666
256 -0.0078562616666666
257 -0.0058171616666666
258 -0.0020164616666666
259 -0.0063960616666666
260 -0.0053748616666666
261 -0.0067852616666666
262 -0.0103595616666666
263 -0.0053261616666666
264 -0.0071088616666666
265 -0.0052984616666666
266 -0.0049417616666666
267 -0.0030931616666666
268 0.0015611383333334
269 -0.0005969616666666
270 0.0064193383333334
271 0.0068994383333334
272 0.0030473383333334
273 -0.0029084616666666
274 -0.0029546616666666
275 -0.0063653616666666
276 -0.0064777616666666
277 -0.0052686616666666
278 -0.0070866616666666
279 -0.0003175616666666
280 -0.0020557616666666
281 -0.0013644616666666
282 -0.0025312616666666
283 -0.0049821616666666
284 -0.0083769616666666
285 -0.0076661616666666
286 -0.0102220616666666
287 -0.0116396616666666
288 -0.0102605616666666
289 -0.0065736616666666
290 -0.0093488616666666
291 -0.0084340616666666
292 -0.0064992616666666
293 -0.0100175616666666
294 -0.0092376616666666
295 -0.0117797616666666
296 -0.0125611616666666
297 -0.0117563616666666
298 -0.0100630616666666
299 -0.0101544616666666
300 -0.0092736616666666
301 -0.0095800616666666
302 -0.0091622616666666
303 -0.0066892616666666
304 -0.0070905616666666
305 -0.0054630616666666
306 -0.0103321616666666
307 -0.0080185616666666
308 -0.0049265616666666
309 -0.0059163616666666
310 -0.0079674616666666
311 -0.0053516616666666
312 -0.0032556616666666
313 -0.0053723616666666
314 -0.0079761616666666
315 -0.0070499616666666
316 -0.0081535616666666
317 -0.0057545616666666
318 -0.0051125616666666
319 -0.0081123616666666
320 -0.0091777616666666
321 -0.0059992616666666
322 -0.0007393616666666
323 -0.0037556616666666
324 -0.0017773616666666
325 -0.0005278616666666
326 -0.0034629616666666
327 -0.0013934616666666
328 0.0030869383333334
329 -0.0008254616666666
330 0.0020346383333334
331 0.0043039383333334
332 0.0044044383333334
333 0.0047337383333334
334 0.0057894383333334
335 0.0003244383333334
336 0.0016182383333334
337 -0.0008402616666666
338 -0.0029184616666666
339 -0.0078118616666666
340 0.0011027383333334
341 -0.0015933616666666
342 -0.0042090616666666
343 -0.0034519616666666
344 -0.0012776616666666
345 -0.0025014616666666
346 -0.0035121616666666
347 0.0003514383333334
348 0.0011746383333334
349 -0.0017149616666666
350 -0.0009754616666666
351 -0.0013370616666666
352 0.0006169383333334
353 0.0009352383333334
354 0.0034830383333334
355 0.0000412383333334
356 -0.0012076616666666
357 0.0004878383333334
358 0.0001766383333334
359 -0.0021815616666666
360 -0.0007857616666666
361 -0.0027329616666666
362 -0.0017350616666666
363 -0.0048040616666666
364 -0.0053719616666666
365 -0.0031301616666666
366 -0.0028489616666666
367 -0.0021373616666666
368 -0.0073974616666666
369 -0.0080877616666666
370 -0.0117833616666666
371 -0.0050352616666666
372 -0.0028563616666666
373 -0.0048433616666666
374 -0.0039692616666666
375 -0.0038477616666666
376 -0.0009356616666666
377 0.0034433383333334
378 0.0024539383333334
379 0.0016769383333334
380 0.0054676383333334
381 0.0040053383333334
382 -0.0002303616666666
383 0.0003690383333334
384 0.0038964383333334
385 0.0021857383333334
386 0.0008007383333334
387 -0.0036646616666666
388 -0.0064093616666666
389 -0.0048839616666666
390 -0.0033560616666666
391 -0.0016785616666666
392 -0.0025270616666666
393 -0.0030244616666666
394 0.0016754383333334
395 0.0025441383333334
396 0.0013248383333334
397 -0.0056046616666666
398 -0.0049240616666666
399 -0.0088230616666666
400 -0.0066902616666666
401 -0.0041210616666666
402 -0.0050773616666666
403 -0.0002470616666666
404 -0.0012726616666666
405 -0.0016986616666666
406 -0.0042540616666666
407 -0.0076543616666666
408 -0.0108739616666666
409 -0.0105941616666666
410 -0.0118727616666666
411 -0.0118225616666666
412 -0.0098471616666666
413 -0.0103480616666666
414 -0.0104228616666666
415 -0.0140365616666666
416 -0.0096849616666666
417 -0.0117914616666666
418 -0.0100487616666666
419 -0.0064124616666666
420 -0.0042789616666666
421 -0.0075597616666666
422 -0.0073539616666666
423 -0.0106681616666666
424 -0.0044327616666666
425 -0.0057605616666666
426 -0.0020753616666666
427 0.0001488383333334
428 0.0008185383333334
429 0.0007548383333334
430 -0.0050413616666666
431 -0.0050295616666666
432 -0.0091322616666666
433 -0.0107357616666666
434 -0.0096284616666666
435 -0.0098591616666666
436 -0.0111132616666666
437 -0.0144819616666666
438 -0.0159941616666666
439 -0.0182331616666666
440 -0.0156387616666666
441 -0.0157328616666666
442 -0.0147407616666666
443 -0.0120503616666666
444 -0.0063349616666666
445 -0.0037851616666666
446 -0.0048984616666666
447 -0.0019236616666666
448 -0.0011154616666666
449 0.0028017383333334
450 -0.0011944616666666
451 -0.0008842616666666
452 0.0033323383333334
453 0.0002492383333334
454 -0.0015321616666666
455 0.0021664383333334
456 -0.0002764616666666
457 0.0023758383333334
458 -0.0029121616666666
459 -0.0080181616666666
460 -0.0084906616666666
461 -0.0075515616666666
462 -0.0091626616666666
463 -0.0137601616666666
464 -0.0072183616666666
465 -0.0070687616666666
466 -0.0087383616666666
467 -0.0086959616666666
468 -0.0112748616666666
469 -0.0084919616666666
470 -0.0071235616666666
471 -0.0085949616666666
472 -0.0050095616666666
473 -0.0031646616666666
474 -0.0039566616666666
475 0.0021692383333334
476 0.0019567383333334
477 0.0001339383333334
478 0.0000859383333334
479 -0.0008447616666666
480 0.0035752383333334
481 -0.0021377616666666
482 -0.0042731616666666
483 -0.0001903616666666
484 0.0013848383333334
485 0.0069028383333334
486 0.0082185383333334
487 0.0036066383333334
488 0.0037920383333334
489 0.0057016383333334
490 0.0011038383333334
491 -0.0047825616666666
492 -0.0020079616666666
493 -0.0029723616666666
494 -0.0049371616666666
495 -0.0057719616666666
496 -0.0070431616666666
497 -0.0066200616666666
498 -0.0070072616666666
499 -0.0100756616666666
500 -0.0090694616666666
501 0.0002369383333334
502 0.0009763383333334
503 -0.0015888616666666
504 0.0038956383333334
505 0.0061655383333334
506 0.0002596383333334
507 -0.0025161616666666
508 -0.0007629616666666
509 0.0020205383333334
510 0.0000003383333334
511 -0.0024123616666666
512 -0.0003467616666666
513 0.0023825383333334
514 -0.0019083616666666
515 -0.0040236616666666
516 -0.0040520616666666
517 -0.0040722616666666
518 -0.0040420616666666
519 -0.0059488616666666
520 -0.0043314616666666
521 -0.0096490616666666
522 -0.0114668616666666
523 -0.0065272616666666
524 -0.0016465616666666
525 -0.0021931616666666
526 -0.0036654616666666
527 -0.0054864616666666
528 -0.0016653616666666
529 -0.0018319616666666
530 -0.0044383616666666
531 -0.0034531616666666
532 -0.0016359616666666
533 -0.0041947616666666
534 -0.0068877616666666
535 -0.0086531616666666
536 -0.0101145616666666
537 -0.0085420616666666
538 -0.0071656616666666
539 -0.0088729616666666
540 -0.0093998616666666
541 -0.0096900616666666
542 -0.0143349616666666
543 -0.0111415616666666
544 -0.0129161616666666
545 -0.0110725616666666
546 -0.0107982616666666
547 -0.0107640616666666
548 -0.0041361616666666
549 -0.0064364616666666
550 -0.0067922616666666
551 -0.0057530616666666
552 -0.0070689616666666
553 -0.0032561616666666
554 -0.0025284616666666
555 -0.0053803616666666
556 -0.0053751616666666
557 -0.0070078616666666
558 -0.0088619616666666
559 -0.0019021616666666
560 0.0007160383333334
561 0.0006063383333334
562 0.0007145383333334
563 -0.0031266616666666
564 0.0010307383333334
565 0.0000913383333334
566 0.0006073383333334
567 -0.0023898616666666
568 -0.0041813616666666
569 -0.0018364616666666
570 -0.0008447616666666
571 0.0025935383333334
572 0.0018900383333334
573 -0.0010707616666666
574 -0.0008008616666666
575 -0.0041343616666666
576 -0.0039421616666666
577 -0.0040045616666666
578 -0.0012554616666666
579 -0.0002147616666666
580 -0.0021930616666666
581 0.0051294383333334
582 0.0051878383333334
583 0.0017370383333334
584 0.0012124383333334
585 0.0003236383333334
586 -0.0019438616666666
587 -0.0073488616666666
588 -0.0054333616666666
589 -0.0015793616666666
590 -0.0005071616666666
591 -0.0036635616666666
592 -0.0056076616666666
593 -0.0058641616666666
594 -0.0068562616666666
595 -0.0035873616666666
596 -0.0071639616666666
597 -0.0057592616666666
598 -0.0067984616666666
599 -0.0073739616666666
600 -0.0046930616666666
1 0.0058403383333334
2 0.0024996383333334
3 0.0012889383333334
4 0.0043665383333334
5 0.0002130383333334
6 0.0005827383333334
7 -0.0015029616666666
8 -0.0020743616666666
9 -0.0010642616666666
10 -0.0023143616666666
11 0.0043984383333334
12 0.0036655383333334
13 0.0014546383333334
14 0.0009888383333334
15 0.0002667383333334
16 -0.0032289616666666
17 -0.0045360616666666
18 -0.0053448616666666
19 -0.0062794616666666
20 -0.0019281616666666
21 -0.0050177616666666
22 -0.0090096616666666
23 -0.0099001616666666
24 -0.0087270616666666
25 -0.0086515616666666
26 -0.0095697616666666
27 -0.0048657616666666
28 -0.0006250616666666
29 0.0004575383333334
30 -0.0034769616666666
31 -0.0066266616666666
32 -0.0061291616666666
33 -0.0035332616666666
34 -0.0053982616666666
35 -0.0099013616666666
36 -0.0081730616666666
37 -0.0095944616666666
38 -0.0098755616666666
39 -0.0085241616666666
40 -0.0131430616666666
41 -0.0130106616666666
42 -0.0081417616666666
43 -0.0059261616666666
44 -0.0072035616666666
45 -0.0091790616666666
46 -0.0068582616666666
47 -0.0036507616666666
48 -0.0058752616666666
49 -0.0049527616666666
50 -0.0084599616666666
51 -0.0107139616666666
52 -0.0083933616666666
53 -0.0072985616666666
54 -0.0078689616666666
55 -0.0035702616666666
56 -0.0088871616666666
57 -0.0040053616666666
58 -0.0014314616666666
59 -0.0007975616666666
60 0.0018843383333334
61 0.0003512383333334
62 -0.0028435616666666
63 0.0008791383333334
64 -0.0027359616666666
65 -0.0012301616666666
66 -0.0046684616666666
67 -0.0059861616666666
68 0.0011495383333334
69 -0.0029449616666666
70 -0.0049357616666666
71 -0.0082530616666666
72 -0.0119935616666666
73 -0.0179126616666666
74 -0.0167281616666666
75 -0.0196138616666666
76 -0.0172898616666666
77 -0.0164118616666666
78 -0.0167815616666666
79 -0.0186345616666666
80 -0.0163954616666666
81 -0.0097559616666666
82 -0.0094024616666666
83 -0.0105774616666666
84 -0.0085497616666666
85 -0.0124975616666666
86 -0.0100937616666666
87 -0.0154538616666666
88 -0.0196957616666666
89 -0.0154548616666666
90 -0.0157648616666666
91 -0.0156141616666666
92 -0.0176216616666666
93 -0.0197224616666666
94 -0.0193328616666666
95 -0.0150387616666666
96 -0.0137687616666666
97 -0.0117113616666666
98 -0.0088368616666666
99 -0.0095738616666666
100 -0.0089430616666666
101 -0.0061965616666666
102 -0.0074826616666666
103 -0.0068973616666666
104 -0.0037618616666666
105 -0.0022698616666666
106 -0.0060148616666666
107 -0.0093817616666666
108 -0.0060104616666666
109 -0.0083758616666666
110 -0.0080651616666666
111 -0.0053715616666666
112 -0.0038299616666666
113 -0.0022030616666666
114 -0.0040072616666666
115 -0.0055226616666666
116 -0.0033789616666666
117 -0.0008738616666666
118 -0.0052069616666666
119 -0.0097382616666666
120 -0.0160657616666666
121 -0.0139662616666666
122 -0.0128140616666666
123 -0.0127004616666666
124 -0.0091555616666666
125 -0.0029545616666666
126 -0.0013180616666666
127 -0.0041124616666666
128 -0.0058870616666666
129 -0.0066901616666666
130 -0.0068398616666666
131 -0.0084783616666666
132 -0.0036728616666666
133 -0.0019890616666666
134 0.0034042383333334
135 -0.0036903616666666
136 -0.0010953616666666
137 -0.0015560616666666
138 -0.0034724616666666
139 -0.0059679616666666
140 -0.0043008616666666
141 -0.0048486616666666
142 -0.0037720616666666
143 -0.0075307616666666
144 -0.0105967616666666
145 -0.0128975616666666
146 -0.0109692616666666
147 -0.0065221616666666
148 -0.0052779616666666
149 -0.0079297616666666
150 -0.0047485616666666
151 -0.0023871616666666
152 -0.0079463616666666
153 -0.0084493616666666
154 -0.0095759616666666
155 -0.0124559616666666
156 -0.0165250616666666
157 -0.0137341616666666
158 -0.0111804616666666
159 -0.0136201616666666
160 -0.0138789616666666
161 -0.0079506616666666
162 -0.0083780616666666
163 -0.0067959616666666
164 -0.0061946616666666
165 -0.0031083616666666
166 0.0006682383333334
167 0.0000884383333334
168 0.0035226383333334
169 0.0012809383333334
170 0.0007381383333334
171 0.0005945383333334
172 -0.0032045616666666
173 -0.0060265616666666
174 0.0020671383333334
175 -0.0004354616666666
176 0.0000968383333334
177 0.0038230383333334
178 0.0051702383333334
179 0.0042769383333334
180 0.0051126383333334
181 0.0127435383333334
182 0.0096025383333334
183 0.0034944383333334
184 0.0017673383333334
185 0.0010466383333334
186 0.0073347383333334
187 0.0092779383333334
188 0.0081266383333334
189 0.0005470383333334
190 0.0007886383333334
191 -0.0053794616666666
192 -0.0085406616666666
193 -0.0070929616666666
194 -0.0077074616666666
195 -0.0041146616666666
196 0.0042877383333334
197 0.0016023383333334
198 0.0021917383333334
199 0.0026561383333334
200 0.0030698383333334
201 0.0051119383333334
202 0.0081484383333334
203 0.0023150383333334
204 0.0004169383333334
205 -0.0018919616666666
206 -0.0057189616666666
207 -0.0045718616666666
208 -0.0006797616666666
209 0.0024805383333334
210 0.0023483383333334
211 -0.0042750616666666
212 -0.0031605616666666
213 0.0005943383333334
214 0.0043121383333334
215 0.0018444383333334
216 -0.0006747616666666
217 -0.0041709616666666
218 -0.0057091616666666
219 -0.0020180616666666
220 -0.0029135616666666
221 -0.0073054616666666
222 -0.0064485616666666
223 -0.0051009616666666
224 -0.0120641616666666
225 -0.0072759616666666
226 -0.0059244616666666
227 -0.0046908616666666
228 -0.0062325616666666
229 -0.0077906616666666
230 -0.0050689616666666
231 -0.0100946616666666
232 -0.0131260616666666
233 -0.0082200616666666
234 -0.0081450616666666
235 -0.0079716616666666
236 -0.0098790616666666
237 -0.0076289616666666
238 -0.0053702616666666
239 -0.0083117616666666
240 -0.0108459616666666
241 -0.0114364616666666
242 -0.0129173616666666
243 -0.0083752616666666
244 -0.0126997616666666
245 -0.0116753616666666
246 -0.0073046616666666
247 -0.0075237616666666
248 -0.0042718616666666
249 -0.0095598616666666
250 -0.0094562616666666
251 -0.0063155616666666
252 -0.0038199616666666
253 -0.0071337616666666
254 -0.0022821616666666
255 -0.0034387616666666
256 -0.0025811616666666
257 -0.0018410616666666
258 -0.0006413616666666
259 -0.0028417616666666
260 -0.0029196616666666
261 -0.0001788616666666
262 -0.0064928616666666
263 -0.0049138616666666
264 -0.0039216616666666
265 -0.0026008616666666
266 0.0000870383333334
267 0.0001381383333334
268 -0.0047311616666666
269 -0.0037607616666666
270 0.0012836383333334
271 0.0002076383333334
272 -0.0013207616666666
273 -0.0029876616666666
274 0.0001341383333334
275 -0.0026471616666666
276 -0.0024930616666666
277 -0.0024182616666666
278 0.0043216383333334
279 -0.0020991616666666
280 -0.0057811616666666
281 -0.0051130616666666
282 -0.0067227616666666
283 -0.0030519616666666
284 -0.0026160616666666
285 0.0029312383333334
286 0.0019417383333334
287 -0.0002511616666666
288 -0.0001331616666666
289 -0.0046017616666666
290 -0.0004306616666666
291 -0.0002359616666666
292 -0.0006735616666666
293 -0.0042091616666666
294 -0.0062569616666666
295 -0.0064904616666666
296 -0.0062138616666666
297 -0.0099276616666666
298 -0.0026972616666666
299 -0.0061397616666666
300 -0.0067128616666666
301 -0.0112579616666666
302 -0.0139340616666666
303 -0.0112866616666666
304 -0.0089493616666666
305 -0.0117518616666666
306 -0.0091120616666666
307 -0.0081662616666666
308 -0.0050509616666666
309 -0.0114381616666666
310 -0.0063612616666666
311 -0.0103536616666666
312 -0.0118725616666666
313 -0.0098347616666666
314 -0.0068759616666666
315 -0.0060588616666666
316 -0.0062333616666666
317 -0.0100315616666666
318 -0.0118489616666666
319 -0.0082669616666666
320 -0.0043457616666666
321 -0.0002624616666666
322 -0.0044288616666666
323 -0.0069339616666666
324 -0.0058596616666666
325 -0.0052032616666666
326 -0.0067947616666666
327 -0.0082915616666666
328 -0.0060638616666666
329 -0.0111016616666666
330 -0.0115031616666666
331 -0.0140116616666666
332 -0.0124720616666666
333 -0.0094711616666666
334 -0.0062121616666666
335 -0.0020967616666666
336 -0.0025655616666666
337 -0.0072768616666666
338 -0.0104692616666666
339 -0.0011747616666666
340 0.0020614383333334
341 -0.0018700616666666
342 -0.0008384616666666
343 -0.0016444616666666
344 -0.0053203616666666
345 -0.0058256616666666
346 -0.0013587616666666
347 -0.0030977616666666
348 -0.0080394616666666
349 -0.0109034616666666
350 -0.0034342616666666
351 -0.0030305616666666
352 -0.0063905616666666
353 -0.0061819616666666
354 -0.0090818616666666
355 -0.0103399616666666
356 -0.0104846616666666
357 -0.0127839616666666
358 -0.0129424616666666
359 -0.0114799616666666
360 -0.0130114616666666
361 -0.0121166616666666
362 -0.0134844616666666
363 -0.0155443616666666
364 -0.0158375616666666
365 -0.0178571616666666
366 -0.0192556616666666
367 -0.0137962616666666
368 -0.0120008616666666
369 -0.0083237616666666
370 -0.0088515616666666
371 -0.0089068616666666
372 -0.0043041616666666
373 0.0002224383333334
374 -0.0054253616666666
375 -0.0053128616666666
376 -0.0023236616666666
377 -0.0020908616666666
378 0.0032291383333334
379 0.0007896383333334
380 0.0037060383333334
381 -0.0003101616666666
382 -0.0015492616666666
383 -0.0002192616666666
384 0.0043455383333334
385 -0.0009212616666666
386 -0.0017042616666666
387 0.0005840383333334
388 -0.0026880616666666
389 -0.0066378616666666
390 -0.0061702616666666
391 -0.0111766616666666
392 -0.0090751616666666
393 -0.0054878616666666
394 -0.0078679616666666
395 -0.0065553616666666
396 -0.0114863616666666
397 -0.0031371616666666
398 -0.0010203616666666
399 -0.0064025616666666
400 -0.0096446616666666
401 -0.0121641616666666
402 -0.0095055616666666
403 -0.0116191616666666
404 -0.0091666616666666
405 -0.0112644616666666
406 -0.0123999616666666
407 -0.0066819616666666
408 -0.0081108616666666
409 -0.0128523616666666
410 -0.0098539616666666
411 -0.0049040616666666
412 -0.0062460616666666
413 -0.0060094616666666
414 -0.0016988616666666
415 0.0005960383333334
416 0.0033415383333334
417 0.0076187383333334
418 -0.0010667616666666
419 0.0039446383333334
420 0.0017861383333334
421 -0.0015987616666666
422 -0.0033041616666666
423 0.0000410383333334
424 -0.0007182616666666
425 -0.0015514616666666
426 -0.0016674616666666
427 -0.0025253616666666
428 -0.0044150616666666
429 -0.0053033616666666
430 -0.0065854616666666
431 -0.0045525616666666
432 -0.0078573616666666
433 -0.0069831616666666
434 -0.0058246616666666
435 0.0000025383333334
436 -0.0037259616666666
437 -0.0058685616666666
438 -0.0093651616666666
439 -0.0119426616666666
440 -0.0055354616666666
441 -0.0051823616666666
442 -0.0067365616666666
443 -0.0089575616666666
444 -0.0083388616666666
445 -0.0069640616666666
446 -0.0087584616666666
447 -0.0041349616666666
448 0.0004783383333334
449 0.0002522383333334
450 0.0004662383333334
451 -0.0005316616666666
452 -0.0010274616666666
453 -0.0054700616666666
454 -0.0064536616666666
455 -0.0095717616666666
456 -0.0084552616666666
457 -0.0086164616666666
458 -0.0082420616666666
459 -0.0114909616666666
460 -0.0133158616666666
461 -0.0138087616666666
462 -0.0077987616666666
463 -0.0041998616666666
464 -0.0116367616666666
465 -0.0119046616666666
466 -0.0072495616666666
467 -0.0073787616666666
468 -0.0083209616666666
469 -0.0111898616666666
470 -0.0094973616666666
471 -0.0107608616666666
472 -0.0080000616666666
473 -0.0086143616666666
474 -0.0053186616666666
475 -0.0107990616666666
476 -0.0101372616666666
477 -0.0095340616666666
478 -0.0117225616666666
479 -0.0127877616666666
480 -0.0137907616666666
481 -0.0159838616666666
482 -0.0151128616666666
483 -0.0143324616666666
484 -0.0140132616666666
485 -0.0136157616666666
486 -0.0107279616666666
487 -0.0126423616666666
488 -0.0118585616666666
489 -0.0072670616666666
490 -0.0052833616666666
491 -0.0095329616666666
492 -0.0125351616666666
493 -0.0130844616666666
494 -0.0060919616666666
495 -0.0050783616666666
496 -0.0041838616666666
497 -0.0038530616666666
498 -0.0030558616666666
499 -0.0031993616666666
500 -0.0081173616666666
501 -0.0102972616666666
502 -0.0072042616666666
503 -0.0162794616666666
504 -0.0130188616666666
505 -0.0127449616666666
506 -0.0128532616666666
507 -0.0096249616666666
508 -0.0069711616666666
509 -0.0091524616666666
510 -0.0034700616666666
511 -0.0025994616666666
512 -0.0050694616666666
513 -0.0067455616666666
514 -0.0067576616666666
515 -0.0067351616666666
516 -0.0072667616666666
517 -0.0105802616666666
518 -0.0104321616666666
519 -0.0135114616666666
520 -0.0102683616666666
521 -0.0071413616666666
522 -0.0099407616666666
523 -0.0108143616666666
524 -0.0119355616666666
525 -0.0080599616666666
526 -0.0065114616666666
527 -0.0023230616666666
528 -0.0057665616666666
529 -0.0128341616666666
530 -0.0113383616666666
531 -0.0088100616666666
532 -0.0068424616666666
533 -0.0069339616666666
534 -0.0089401616666666
535 -0.0047670616666666
536 -0.0039330616666666
537 -0.0035771616666666
538 -0.0036196616666666
539 -0.0079367616666666
540 -0.0041211616666666
541 -0.0022697616666666
542 -0.0045008616666666
543 -0.0089633616666666
544 -0.0072201616666666
545 -0.0074119616666666
546 -0.0065279616666666
547 -0.0081157616666666
548 -0.0033032616666666
549 -0.0057490616666666
550 -0.0057557616666666
551 0.0024722383333334
552 0.0010696383333334
553 0.0013465383333334
554 0.0037610383333334
555 -0.0008057616666666
556 -0.0024465616666666
557 -0.0046883616666666
558 0.0057381383333334
559 0.0059233383333334
560 0.0014778383333334
561 0.0032142383333334
562 0.0005265383333334
563 -0.0031177616666666
564 0.0002808383333334
565 0.0019799383333334
566 -0.0016300616666666
567 0.0028723383333334
568 -0.0019341616666666
569 -0.0067423616666666
570 -0.0054068616666666
571 -0.0016943616666666
572 -0.0040066616666666
573 -0.0053000616666666
574 -0.0053080616666666
575 -0.0085057616666666
576 -0.0096609616666666
577 -0.0069535616666666
578 -0.0029521616666666
579 -0.0091042616666666
580 -0.0056967616666666
581 -0.0092090616666666
582 -0.0122999616666666
583 -0.0129376616666666
584 -0.0098551616666666
585 -0.0078093616666666
586 -0.0086127616666666
587 -0.0039412616666666
588 -0.0050367616666666
589 -0.0061319616666666
590 -0.0082831616666666
591 -0.0104720616666666
592 -0.0117921616666666
593 -0.0104827616666666
594 -0.0068905616666666
595 -0.0048008616666666
596 -0.0076902616666666
597 -0.0049803616666666
598 -0.0076856616666666
599 -0.0023918616666666
600 -0.0011214616666666
1 0.0032389383333334
2 0.0018241383333334
3 -0.0003217616666666
4 -0.0028597616666666
5 -0.0048252616666666
6 0.0018368383333334
7 0.0044278383333334
8 0.0063700383333334
9 0.0028608383333334
10 0.0034247383333334
11 -0.0009555616666666
12 -0.0024549616666666
13 -0.0025571616666666
14 -0.0058225616666666
15 -0.0036497616666666
16 -0.0038317616666666
17 -0.0052211616666666
18 -0.0000937616666666
19 -0.0015717616666666
20 -0.0020387616666666
21 -0.0032205616666666
22 -0.0030321616666666
23 -0.0033762616666666
24 -0.0050590616666666
25 -0.0108611616666666
26 -0.0056720616666666
27 -0.0055453616666666
28 -0.0082072616666666
29 -0.0048943616666666
30 -0.0050814616666666
31 -0.0082860616666666
32 -0.0054025616666666
33 -0.0081446616666666
34 -0.0123170616666666
35 -0.0138300616666666
36 -0.0123450616666666
37 -0.0097218616666666
38 -0.0079811616666666
39 -0.0087380616666666
40 -0.0050864616666666
41 -0.0040400616666666
42 -0.0027158616666666
43 0.0008565383333334
44 -0.0058291616666666
45 -0.0024333616666666
46 -0.0035595616666666
47 -0.0052139616666666
48 -0.0016117616666666
49 -0.0037975616666666
50 -0.0003821616666666
51 0.0016446383333334
52 -0.0028013616666666
53 -0.0025341616666666
54 -0.0031871616666666
55 -0.0001681616666666
56 -0.0032571616666666
57 -0.0066523616666666
58 -0.0025335616666666
59 -0.0037652616666666
60 -0.0064201616666666
61 -0.0043027616666666
62 -0.0044587616666666
63 -0.0071281616666666
64 -0.0066539616666666
65 -0.0070263616666666
66 -0.0047517616666666
67 -0.0067041616666666
68 -0.0055087616666666
69 -0.0067616616666666
70 -0.0094733616666666
71 -0.0058504616666666
72 -0.0053453616666666
73 -0.0057845616666666
74 -0.0072492616666666
75 -0.0069745616666666
76 -0.0038283616666666
77 -0.0085516616666666
78 -0.0058058616666666
79 0.0011870383333334
80 0.0009266383333334
81 -0.0034768616666666
82 -0.0048474616666666
83 -0.0037786616666666
84 -0.0026447616666666
85 -0.0042381616666666
86 -0.0026066616666666
87 -0.0037415616666666
88 -0.0082579616666666
89 -0.0087139616666666
90 -0.0064991616666666
91 -0.0086795616666666
92 -0.0068438616666666
93 -0.0065457616666666
94 -0.0064086616666666
95 -0.0026818616666666
96 -0.0039946616666666
97 -0.0058385616666666
98 -0.0099339616666666
99 -0.0081669616666666
100 -0.0055259616666666
101 -0.0037314616666666
102 0.0000640383333334
103 -0.0049254616666666
104 -0.0058894616666666
105 -0.0099464616666666
106 -0.0068532616666666
107 -0.0039229616666666
108 -0.0080455616666666
109 -0.0095963616666666
110 -0.0043575616666666
111 -0.0047301616666666
112 -0.0040934616666666
113 -0.0033430616666666
114 -0.0039817616666666
115 -0.0002288616666666
116 -0.0003810616666666
117 -0.0002374616666666
118 -0.0028700616666666
119 -0.0028529616666666
120 0.0017528383333334
121 0.0022369383333334
122 0.0041652383333334
123 0.0022841383333334
124 -0.0037238616666666
125 0.0085512383333334
126 -0.0043039616666666
127 -0.0056182616666666
128 -0.0079697616666666
129 -0.0053135616666666
130 -0.0055332616666666
131 -0.0067447616666666
132 -0.0069276616666666
133 -0.0013243616666666
134 -0.0051423616666666
135 -0.0076283616666666
136 -0.0078511616666666
137 -0.0122489616666666
138 -0.0075144616666666
139 -0.0102940616666666
140 -0.0149194616666666
141 -0.0154643616666666
142 -0.0096848616666666
143 -0.0039666616666666
144 -0.0039992616666666
145 -0.0075330616666666
146 -0.0049613616666666
147 -0.0044669616666666
148 0.0032134383333334
149 0.0067173383333334
150 0.0038637383333334
151 0.0038964383333334
152 0.0010181383333334
153 0.0078752383333334
154 0.0051435383333334
155 0.0074393383333334
156 0.0014340383333334
157 0.0016740383333334
158 -0.0048167616666666
159 -0.0058964616666666
160 -0.0074503616666666
161 -0.0061125616666666
162 -0.0006727616666666
163 0.0009824383333334
164 0.0001989383333334
165 -0.0022426616666666
166 -0.0015390616666666
167 -0.0021961616666666
168 -0.0070015616666666
169 -0.0053849616666666
170 -0.0043286616666666
171 -0.0032246616666666
172 -0.0043007616666666
173 -0.0019162616666666
174 -0.0081167616666666
175 -0.0069251616666666
176 -0.0093380616666666
177 -0.0116871616666666
178 -0.0032760616666666
179 -0.0031232616666666
180 -0.0043160616666666
181 -0.0017350616666666
182 0.0009577383333334
183 -0.0051472616666666
184 -0.0083360616666666
185 -0.0023967616666666
186 -0.0047647616666666
187 -0.0024469616666666
188 -0.0047287616666666
189 -0.0032496616666666
190 -0.0059830616666666
191 -0.0037398616666666
192 -0.0041820616666666
193 -0.0074441616666666
194 -0.0105532616666666
195 -0.0125336616666666
196 -0.0092221616666666
197 -0.0067865616666666
198 -0.0097938616666666
199 -0.0123153616666666
200 -0.0101531616666666
201 -0.0137995616666666
202 -0.0173922616666666
203 -0.0115094616666666
204 -0.0107239616666666
205 -0.0083113616666666
206 -0.0097439616666666
207 -0.0067948616666666
208 -0.0103992616666666
209 -0.0099636616666666
210 -0.0092243616666666
211 -0.0095546616666666
212 -0.0115417616666666
213 -0.0112749616666666
214 -0.0033555616666666
215 -0.0054699616666666
216 -0.0104104616666666
217 -0.0131083616666666
218 -0.0139549616666666
219 -0.0105930616666666
220 -0.0132390616666666
221 -0.0097354616666666
222 -0.0094171616666666
223 -0.0098315616666666
224 -0.0120381616666666
225 -0.0142294616666666
226 -0.0143173616666666
227 -0.0123935616666666
228 -0.0092166616666666
229 -0.0081860616666666
230 -0.0017093616666666
231 -0.0073352616666666
232 -0.0071186616666666
233 -0.0073763616666666
234 -0.0058189616666666
235 -0.0063898616666666
236 -0.0041290616666666
237 -0.0087631616666666
238 -0.0051690616666666
239 -0.0049599616666666
240 -0.0045335616666666
241 -0.0045443616666666
242 -0.0043826616666666
243 0.0001781383333334
244 -0.0072568616666666
245 -0.0088229616666666
246 -0.0092392616666666
247 -0.0031515616666666
248 -0.0062760616666666
249 -0.0088773616666666
250 -0.0126416616666666
251 -0.0147578616666666
252 -0.0123138616666666
253 -0.0101825616666666
254 -0.0075612616666666
255 -0.0061551616666666
256 -0.0117582616666666
257 -0.0091035616666666
258 -0.0087694616666666
259 -0.0066169616666666
260 -0.0025542616666666
261 -0.0042484616666666
262 -0.0053906616666666
263 -0.0004923616666666
264 0.0041366383333334
265 0.0066484383333334
266 0.0050681383333334
267 0.0009602383333334
268 0.0007477383333334
269 -0.0026680616666666
270 -0.0044253616666666
271 -0.0034350616666666
272 -0.0058089616666666
273 -0.0053996616666666
274 -0.0068625616666666
275 -0.0137257616666666
276 -0.0134155616666666
277 -0.0132159616666666
278 -0.0158063616666666
279 -0.0187121616666666
280 -0.0190063616666666
281 -0.0177049616666666
282 -0.0130962616666666
283 -0.0131545616666666
284 -0.0169327616666666
285 -0.0129598616666666
286 -0.0133894616666666
287 -0.0126820616666666
288 -0.0137685616666666
289 -0.0128994616666666
290 -0.0098357616666666
291 -0.0069019616666666
292 -0.0033884616666666
293 -0.0022732616666666
294 -0.0024716616666666
295 -0.0018568616666666
296 -0.0047887616666666
297 -0.0051712616666666
298 -0.0085107616666666
299 -0.0079849616666666
300 -0.0035211616666666
301 -0.0071303616666666
302 -0.0069735616666666
303 -0.0031409616666666
304 -0.0005463616666666
305 -0.0018598616666666
306 -0.0033647616666666
307 -0.0053794616666666
308 -0.0100315616666666
309 -0.0014964616666666
310 -0.0048513616666666
311 -0.0121361616666666
312 -0.0098931616666666
313 -0.0095656616666666
314 -0.0132653616666666
315 -0.0129256616666666
316 -0.0145516616666666
317 -0.0084299616666666
318 -0.0076337616666666
319 -0.0055741616666666
320 -0.0084864616666666
321 -0.0084181616666666
322 -0.0057974616666666
323 -0.0053434616666666
324 -0.0045810616666666
325 -0.0091506616666666
326 -0.0106061616666666
327 -0.0140459616666666
328 -0.0163678616666666
329 -0.0088996616666666
330 -0.0079042616666666
331 -0.0104689616666666
332 -0.0054361616666666
333 -0.0109698616666666
334 -0.0091507616666666
335 -0.0072760616666666
336 -0.0107403616666666
337 -0.0094262616666666
338 -0.0119405616666666
339 -0.0124276616666666
340 -0.0141960616666666
341 -0.0104220616666666
342 -0.0060588616666666
343 -0.0072953616666666
344 -0.0080803616666666
345 -0.0144819616666666
346 -0.0167756616666666
347 -0.0124071616666666
348 -0.0094433616666666
349 -0.0100306616666666
350 -0.0079281616666666
351 -0.0060288616666666
352 -0.0048105616666666
353 -0.0013836616666666
354 -0.0037998616666666
355 -0.0051137616666666
356 -0.0063635616666666
357 -0.0048478616666666
358 0.0019460383333334
359 0.0047115383333334
360 0.0050696383333334
361 0.0011734383333334
362 -0.0012307616666666
363 -0.0014898616666666
364 -0.0051842616666666
365 -0.0077238616666666
366 -0.0053831616666666
367 -0.0084014616666666
368 -0.0055528616666666
369 -0.0061104616666666
370 -0.0098676616666666
371 -0.0105210616666666
372 -0.0088591616666666
373 -0.0077861616666666
374 -0.0060241616666666
375 -0.0092889616666666
376 -0.0044248616666666
377 -0.0021744616666666
378 -0.0034666616666666
379 -0.0061485616666666
380 -0.0108710616666666
381 -0.0126197616666666
382 -0.0114087616666666
383 -0.0071110616666666
384 -0.0074802616666666
385 -0.0085591616666666
386 -0.0113302616666666
387 -0.0082636616666666
388 -0.0036132616666666
389 -0.0007539616666666
390 -0.0040684616666666
391 -0.0047419616666666
392 -0.0044260616666666
393 -0.0057891616666666
394 -0.0101622616666666
395 -0.0097377616666666
396 -0.0055320616666666
397 -0.0019125616666666
398 -0.0079794616666666
399 -0.0088963616666666
400 -0.0083315616666666
401 -0.0147401616666666
402 -0.0137938616666666
403 -0.0106592616666666
404 -0.0103678616666666
405 -0.0147565616666666
406 -0.0128122616666666
407 -0.0132830616666666
408 -0.0121904616666666
409 -0.0142811616666666
410 -0.0115744616666666
411 -0.0151542616666666
412 -0.0135991616666666
413 -0.0087800616666666
414 -0.0116045616666666
415 -0.0134860616666666
416 -0.0133442616666666
417 -0.0104319616666666
418 -0.0144725616666666
419 -0.0165676616666666
420 -0.0078696616666666
421 -0.0099463616666666
422 -0.0151199616666666
423 -0.0130115616666666
424 -0.0103736616666666
425 -0.0053545616666666
426 -0.0093700616666666
427 -0.0075043616666666
428 -0.0061123616666666
429 -0.0021419616666666
430 0.0003880383333334
431 -0.0012230616666666
432 -0.0027605616666666
433 -0.0003177616666666
434 0.0028692383333334
435 0.0023189383333334
436 -0.0036930616666666
437 -0.0039357616666666
438 -0.0034476616666666
439 -0.0024975616666666
440 -0.0018097616666666
441 -0.0030823616666666
442 0.0033735383333334
443 0.0020638383333334
444 0.0009335383333334
445 -0.0024770616666666
446 -0.0027859616666666
447 -0.0096034616666666
448 -0.0073970616666666
449 -0.0055851616666666
450 0.0000725383333334
451 -0.0009845616666666
452 0.0017235383333334
453 0.0041933383333334
454 0.0029573383333334
455 0.0175325383333334
456 0.0181606383333334
457 0.0135737383333334
458 0.0110952383333334
459 0.0047800383333334
460 0.0067867383333334
461 0.0050301383333334
462 0.0021918383333334
463 -0.0040906616666666
464 -0.0071294616666666
465 -0.0050331616666666
466 -0.0060677616666666
467 -0.0040622616666666
468 -0.0057964616666666
469 -0.0029356616666666
470 -0.0044269616666666
471 -0.0044356616666666
472 -0.0030515616666666
473 -0.0042755616666666
474 -0.0074463616666666
475 -0.0012658616666666
476 -0.0069170616666666
477 -0.0003388616666666
478 -0.0018844616666666
479 -0.0030742616666666
480 -0.0056816616666666
481 -0.0045404616666666
482 -0.0053002616666666
483 -0.0041024616666666
484 -0.0009819616666666
485 0.0002161383333334
486 0.0016464383333334
487 -0.0020796616666666
488 -0.0053045616666666
489 -0.0020594616666666
490 -0.0021664616666666
491 -0.0082261616666666
492 -0.0134014616666666
493 -0.0112647616666666
494 -0.0087992616666666
495 -0.0085022616666666
496 -0.0108960616666666
497 -0.0066292616666666
498 0.0002121383333334
499 -0.0031065616666666
500 -0.0003650616666666
501 -0.0004562616666666
502 -0.0031851616666666
503 -0.0050899616666666
504 -0.0066131616666666
505 -0.0060295616666666
506 -0.0062008616666666
507 -0.0055056616666666
508 -0.0106898616666666
509 -0.0115376616666666
510 -0.0099512616666666
511 -0.0077776616666666
512 -0.0053461616666666
513 -0.0073172616666666
514 -0.0064070616666666
515 -0.0046438616666666
516 -0.0068427616666666
517 -0.0022876616666666
518 -0.0010096616666666
519 0.0009327383333334
520 -0.0010939616666666
521 -0.0068564616666666
522 -0.0014528616666666
523 -0.0014279616666666
524 -0.0051710616666666
525 -0.0074604616666666
526 -0.0138228616666666
527 -0.0130978616666666
528 -0.0168016616666666
529 -0.0114278616666666
530 -0.0111750616666666
531 -0.0083301616666666
532 -0.0095099616666666
533 -0.0149231616666666
534 -0.0106800616666666
535 -0.0135053616666666
536 -0.0151061616666666
537 -0.0173886616666666
538 -0.0159232616666666
539 -0.0101902616666666
540 -0.0122601616666666
541 -0.0114273616666666
542 -0.0069855616666666
543 -0.0061697616666666
544 -0.0059140616666666
545 -0.0056366616666666
546 -0.0035221616666666
547 0.0005784383333334
548 -0.0009889616666666
549 -0.0024858616666666
550 -0.0068568616666666
551 -0.0096944616666666
552 -0.0080891616666666
553 -0.0102217616666666
554 -0.0084599616666666
555 -0.0078881616666666
556 -0.0055102616666666
557 -0.0093168616666666
558 -0.0108649616666666
559 -0.0104256616666666
560 -0.0059883616666666
561 -0.0040900616666666
562 -0.0080787616666666
563 -0.0113670616666666
564 -0.0044203616666666
565 -0.0079380616666666
566 -0.0101430616666666
567 -0.0093539616666666
568 -0.0102020616666666
569 -0.0131266616666666
570 -0.0160712616666666
571 -0.0166376616666666
572 -0.0188911616666666
573 -0.0186453616666666
574 -0.0154967616666666
575 -0.0180512616666666
576 -0.0174965616666666
577 -0.0191139616666666
578 -0.0168560616666666
579 -0.0131557616666666
580 -0.0108227616666666
581 -0.0119729616666666
582 -0.0091247616666666
583 -0.0072803616666666
584 -0.0087626616666666
585 -0.0081644616666666
586 -0.0064799616666666
587 -0.0016932616666666
588 0.0017203383333334
589 -0.0007481616666666
590 -0.0061877616666666
591 0.0028259383333334
592 0.0075621383333334
593 0.0013338383333334
594 -0.0039755616666666
595 -0.0036356616666666
596 -0.0028160616666666
597 -0.0036759616666666
598 -0.0039389616666666
599 -0.0006103616666666
600 0.0010026383333334
1 0.0152967383333334
2 0.0083149383333334
3 0.0042512383333334
4 -0.0029600616666666
5 -0.0104084616666666
6 -0.0092504616666666
7 -0.0104203616666666
8 -0.0072440616666666
9 -0.0079936616666666
10 -0.0083873616666666
11 -0.0059643616666666
12 -0.0052109616666666
13 -0.0093945616666666
14 -0.0070231616666666
15 -0.0059055616666666
16 -0.0050820616666666
17 -0.0081065616666666
18 -0.0095390616666666
19 -0.0029603616666666
20 -0.0042733616666666
21 -0.0104847616666666
22 -0.0094275616666666
23 -0.0112707616666666
24 -0.0102802616666666
25 -0.0050238616666666
26 -0.0042519616666666
27 -0.0076843616666666
28 -0.0090595616666666
29 -0.0088883616666666
30 -0.0115236616666666
31 -0.0115818616666666
32 -0.0105056616666666
33 -0.0072380616666666
34 -0.0092285616666666
35 -0.0097192616666666
36 -0.0118285616666666
37 -0.0122450616666666
38 -0.0114000616666666
39 -0.0095541616666666
40 -0.0097453616666666
41 -0.0127998616666666
42 -0.0120862616666666
43 -0.0126909616666666
44 -0.0075921616666666
45 -0.0036635616666666
46 -0.0047453616666666
47 -0.0067765616666666
48 -0.0097032616666666
49 -0.0045524616666666
50 0.0009620383333334
51 -0.0082521616666666
52 -0.0052985616666666
53 -0.0056563616666666
54 -0.0076194616666666
55 -0.0048265616666666
56 -0.0065743616666666
57 -0.0057319616666666
58 -0.0075628616666666
59 -0.0018972616666666
60 -0.0010635616666666
61 -0.0027314616666666
62 -0.0028295616666666
63 0.0047712383333334
64 -0.0023951616666666
65 -0.0005044616666666
66 0.0039795383333334
67 -0.0025814616666666
68 -0.0037616616666666
69 -0.0072312616666666
70 -0.0071175616666666
71 -0.0054572616666666
72 -0.0035174616666666
73 -0.0036999616666666
74 -0.0073840616666666
75 -0.0088825616666666
76 -0.0111736616666666
77 -0.0140995616666666
78 -0.0133612616666666
79 -0.0127948616666666
80 -0.0144653616666666
81 -0.0165292616666666
82 -0.0125110616666666
83 -0.0162795616666666
84 -0.0168991616666666
85 -0.0129227616666666
86 -0.0080397616666666
87 -0.0141044616666666
88 -0.0146726616666666
89 -0.0114313616666666
90 -0.0071664616666666
91 -0.0055613616666666
92 -0.0056276616666666
93 -0.0068171616666666
94 -0.0078715616666666
95 -0.0076221616666666
96 -0.0101219616666666
97 -0.0153329616666666
98 -0.0118780616666666
99 -0.0098357616666666
100 -0.0075153616666666
101 -0.0065106616666666
102 -0.0061724616666666
103 -0.0109586616666666
104 -0.0090065616666666
105 -0.0105332616666666
106 -0.0071197616666666
107 -0.0114400616666666
108 -0.0103147616666666
109 -0.0064924616666666
110 -0.0084330616666666
111 -0.0049685616666666
112 -0.0080118616666666
113 -0.0079342616666666
114 -0.0062099616666666
115 -0.0051437616666666
116 -0.0058705616666666
117 -0.0089660616666666
118 -0.0115258616666666
119 -0.0093166616666666
120 -0.0106943616666666
121 -0.0083330616666666
122 -0.0074835616666666
123 -0.0097977616666666
124 -0.0087933616666666
125 -0.0105104616666666
126 -0.0078296616666666
127 -0.0006228616666666
128 -0.0050039616666666
129 -0.0028691616666666
130 0.0010111383333334
131 0.0003094383333334
132 0.0033176383333334
133 0.0022554383333334
134 -0.0000973616666666
135 -0.0043567616666666
136 -0.0101139616666666
137 -0.0098672616666666
138 -0.0107751616666666
139 -0.0066756616666666
140 -0.0078535616666666
141 -0.0049006616666666
142 -0.0050979616666666
143 0.0010669383333334
144 -0.0022705616666666
145 -0.0047299616666666
146 -0.0054637616666666
147 -0.0022409616666666
148 -0.0066954616666666
149 -0.0041165616666666
150 -0.0073795616666666
151 -0.0063113616666666
152 -0.0080166616666666
153 -0.0093213616666666
154 -0.0085781616666666
155 -0.0084213616666666
156 -0.0089152616666666
157 -0.0082343616666666
158 -0.0080431616666666
159 -0.0049013616666666
160 -0.0047423616666666
161 -0.0034401616666666
162 -0.0036949616666666
163 -0.0072581616666666
164 -0.0032316616666666
165 -0.0048092616666666
166 -0.0082546616666666
167 -0.0065009616666666
168 -0.0056821616666666
169 -0.0082428616666666
170 -0.0118013616666666
171 -0.0152466616666666
172 -0.0156500616666666
173 -0.0150380616666666
174 -0.0119746616666666
175 -0.0100606616666666
176 -0.0091858616666666
177 -0.0081192616666666
178 -0.0102693616666666
179 -0.0133838616666666
180 -0.0124173616666666
181 -0.0067119616666666
182 -0.0074822616666666
183 -0.0134291616666666
184 -0.0101467616666666
185 -0.0072783616666666
186 -0.0010568616666666
187 -0.0028437616666666
188 -0.0033162616666666
189 -0.0031004616666666
190 -0.0036328616666666
191 -0.0043113616666666
192 -0.0037210616666666
193 0.0001454383333334
194 -0.0047963616666666
195 -0.0033591616666666
196 -0.0021447616666666
197 -0.0063908616666666
198 -0.0074454616666666
199 -0.0073433616666666
200 -0.0031378616666666
201 0.0015484383333334
202 -0.0015387616666666
203 -0.0030345616666666
204 -0.0043584616666666
205 -0.0058132616666666
206 -0.0035265616666666
207 -0.0064876616666666
208 -0.0057580616666666
209 -0.0068015616666666
210 -0.0091003616666666
211 -0.0073900616666666
212 -0.0077903616666666
213 -0.0087564616666666
214 -0.0072535616666666
215 -0.0059002616666666
216 -0.0041843616666666
217 -0.0034469616666666
218 -0.0008973616666666
219 0.0028931383333334
220 0.0029759383333334
221 0.0026987383333334
222 0.0008722383333334
223 0.0038085383333334
224 0.0045646383333334
225 0.0019743383333334
226 0.0008683383333334
227 0.0035641383333334
228 0.0054944383333334
229 0.0014681383333334
230 -0.0015152616666666
231 -0.0019372616666666
232 -0.0000226616666666
233 0.0002850383333334
234 0.0004447383333334
235 -0.0008077616666666
236 -0.0006910616666666
237 0.0016050383333334
238 0.0019226383333334
239 0.0033252383333334
240 -0.0029126616666666
241 -0.0049119616666666
242 -0.0068817616666666
243 -0.0039091616666666
244 -0.0001246616666666
245 0.0023070383333334
246 0.0096544383333334
247 0.0046844383333334
248 0.0056268383333334
249 0.0019501383333334
250 -0.0020990616666666
251 -0.0033868616666666
252 -0.0006508616666666
253 -0.0035141616666666
254 -0.0055179616666666
255 -0.0074625616666666
256 -0.0051040616666666
257 -0.0081580616666666
258 -0.0065413616666666
259 -0.0048490616666666
260 -0.0071865616666666
261 -0.0081029616666666
262 -0.0125282616666666
263 -0.0150863616666666
264 -0.0135857616666666
265 -0.0113266616666666
266 -0.0061665616666666
267 -0.0074227616666666
268 -0.0109153616666666
269 -0.0142006616666666
270 -0.0090689616666666
271 -0.0146867616666666
272 -0.0158064616666666
273 -0.0129562616666666
274 -0.0123324616666666
275 -0.0132094616666666
276 -0.0146759616666666
277 -0.0129576616666666
278 -0.0096937616666666
279 -0.0079684616666666
280 -0.0108610616666666
281 -0.0100343616666666
282 -0.0129020616666666
283 -0.0143667616666666
284 -0.0125665616666666
285 -0.0059359616666666
286 -0.0064607616666666
287 -0.0067477616666666
288 -0.0027080616666666
289 -0.0032531616666666
290 -0.0042634616666666
291 -0.0048039616666666
292 -0.0019819616666666
293 -0.0017136616666666
294 0.0011752383333334
295 -0.0009218616666666
296 -0.0014183616666666
297 -0.0016236616666666
298 -0.0014602616666666
299 -0.0042352616666666
300 -0.0049755616666666
301 -0.0041552616666666
302 -0.0060134616666666
303 -0.0071699616666666
304 -0.0096721616666666
305 -0.0115955616666666
306 -0.0091630616666666
307 -0.0070778616666666
308 -0.0092408616666666
309 -0.0129123616666666
310 -0.0131659616666666
311 -0.0100199616666666
312 -0.0095990616666666
313 -0.0143044616666666
314 -0.0069509616666666
315 -0.0057941616666666
316 -0.0020378616666666
317 -0.0025584616666666
318 0.0017934383333334
319 -0.0013059616666666
320 0.0058139383333334
321 0.0029881383333334
322 0.0043845383333334
323 0.0033956383333334
324 0.0010233383333334
325 -0.0033084616666666
326 0.0015363383333334
327 -0.0011674616666666
328 -0.0002966616666666
329 0.0021805383333334
330 -0.0016515616666666
331 0.0030401383333334
332 0.0028858383333334
333 -0.0048219616666666
334 0.0013390383333334
335 0.0025391383333334
336 0.0002213383333334
337 -0.0054706616666666
338 -0.0079214616666666
339 -0.0101957616666666
340 -0.0078078616666666
341 -0.0055764616666666
342 -0.0047594616666666
343 0.0012464383333334
344 0.0021871383333334
345 0.0007103383333334
346 -0.0005745616666666
347 -0.0022178616666666
348 -0.0019916616666666
349 -0.0040630616666666
350 -0.0027904616666666
351 -0.0048518616666666
352 -0.0040052616666666
353 -0.0046237616666666
354 -0.0048877616666666
355 -0.0074165616666666
356 -0.0048041616666666
357 -0.0047596616666666
358 -0.0008029616666666
359 0.0016207383333334
360 -0.0036323616666666
361 -0.0027067616666666
362 0.0027376383333334
363 0.0017934383333334
364 -0.0000569616666666
365 -0.0058191616666666
366 -0.0077449616666666
367 -0.0087581616666666
368 -0.0122463616666666
369 -0.0115012616666666
370 -0.0120775616666666
371 -0.0120721616666666
372 -0.0125436616666666
373 -0.0093031616666666
374 -0.0133031616666666
375 -0.0110442616666666
376 -0.0059855616666666
377 -0.0042376616666666
378 -0.0026108616666666
379 -0.0022935616666666
380 -0.0031686616666666
381 -0.0004170616666666
382 -0.0046661616666666
383 -0.0136820616666666
384 -0.0121511616666666
385 -0.0091000616666666
386 -0.0069306616666666
387 -0.0080392616666666
388 -0.0041399616666666
389 -0.0099833616666666
390 -0.0098619616666666
391 -0.0133514616666666
392 -0.0108357616666666
393 -0.0078622616666666
394 -0.0067688616666666
395 -0.0097623616666666
396 -0.0088617616666666
397 -0.0097469616666666
398 -0.0064076616666666
399 -0.0098569616666666
400 -0.0099132616666666
401 -0.0085417616666666
402 -0.0108389616666666
403 -0.0116504616666666
404 -0.0108462616666666
405 -0.0068336616666666
406 -0.0045751616666666
407 -0.0011062616666666
408 -0.0015526616666666
409 -0.0012422616666666
410 -0.0043278616666666
411 -0.0058267616666666
412 -0.0070128616666666
413 -0.0090064616666666
414 -0.0067466616666666
415 -0.0012256616666666
416 0.0009323383333334
417 -0.0051136616666666
418 -0.0052739616666666
419 -0.0038412616666666
420 -0.0009079616666666
421 -0.0070264616666666
422 -0.0056703616666666
423 -0.0067860616666666
424 -0.0042982616666666
425 -0.0018768616666666
426 -0.0087665616666666
427 -0.0101785616666666
428 -0.0097578616666666
429 -0.0086585616666666
430 -0.0066399616666666
431 -0.0077018616666666
432 -0.0076075616666666
433 -0.0063391616666666
434 -0.0096676616666666
435 -0.0104700616666666
436 -0.0037393616666666
437 -0.0048787616666666
438 -0.0072899616666666
439 -0.0029587616666666
440 -0.0039130616666666
441 -0.0051203616666666
442 -0.0053696616666666
443 -0.0022258616666666
444 -0.0032121616666666
445 -0.0033992616666666
446 -0.0020569616666666
447 -0.0032257616666666
448 0.0020288383333334
449 0.0038953383333334
450 -0.0004976616666666
451 0.0013855383333334
452 -0.0056721616666666
453 -0.0040054616666666
454 -0.0005367616666666
455 -0.0020840616666666
456 -0.0015858616666666
457 0.0006822383333334
458 0.0031975383333334
459 -0.0015132616666666
460 -0.0061440616666666
461 -0.0054929616666666
462 -0.0012775616666666
463 -0.0027919616666666
464 -0.0011885616666666
465 0.0023904383333334
466 -0.0047018616666666
467 -0.0056806616666666
468 -0.0029970616666666
469 -0.0069997616666666
470 -0.0108408616666666
471 -0.0086770616666666
472 -0.0058750616666666
473 -0.0065771616666666
474 -0.0042202616666666
475 -0.0002191616666666
476 -0.0038420616666666
477 -0.0053616616666666
478 -0.0060415616666666
479 -0.0087384616666666
480 -0.0101101616666666
481 -0.0120311616666666
482 -0.0085887616666666
483 -0.0120571616666666
484 -0.0127649616666666
485 -0.0117412616666666
486 -0.0139021616666666
487 -0.0176334616666666
488 -0.0161880616666666
489 -0.0139834616666666
490 -0.0110678616666666
491 -0.0093311616666666
492 -0.0113935616666666
493 -0.0111953616666666
494 -0.0112379616666666
495 -0.0085619616666666
496 -0.0083538616666666
497 -0.0063966616666666
498 -0.0022439616666666
499 -0.0061978616666666
500 -0.0063303616666666
501 -0.0060377616666666
502 -0.0019092616666666
503 -0.0026420616666666
504 0.0012451383333334
505 -0.0008192616666666
506 -0.0017141616666666
507 -0.0008027616666666
508 -0.0015070616666666
509 -0.0047518616666666
510 -0.0034178616666666
511 -0.0018423616666666
512 -0.0011113616666666
513 -0.0066839616666666
514 -0.0065077616666666
515 -0.0104993616666666
516 -0.0064517616666666
517 -0.0096471616666666
518 -0.0098250616666666
519 -0.0082296616666666
520 -0.0095419616666666
521 -0.0027858616666666
522 -0.0062535616666666
523 -0.0071200616666666
524 -0.0104818616666666
525 -0.0093951616666666
526 -0.0074255616666666
527 -0.0042868616666666
528 -0.0025242616666666
529 0.0011070383333334
530 0.0021795383333334
531 0.0035872383333334
532 -0.0023662616666666
533 -0.0002065616666666
534 -0.0048187616666666
535 -0.0075098616666666
536 -0.0049896616666666
537 -0.0030347616666666
538 -0.0056610616666666
539 -0.0064377616666666
540 -0.0064682616666666
541 -0.0037948616666666
542 -0.0035836616666666
543 -0.0028518616666666
544 -0.0073298616666666
545 -0.0104847616666666
546 -0.0090987616666666
547 -0.0085746616666666
548 -0.0014981616666666
549 -0.0012125616666666
550 -0.0049749616666666
551 -0.0009816616666666
552 0.0029937383333334
553 -0.0019709616666666
554 -0.0034954616666666
555 -0.0004167616666666
556 -0.0040837616666666
557 -0.0047812616666666
558 -0.0109175616666666
559 -0.0111269616666666
560 -0.0106701616666666
561 -0.0103272616666666
562 -0.0098731616666666
563 -0.0112791616666666
564 -0.0131133616666666
565 -0.0168822616666666
566 -0.0137216616666666
567 -0.0114698616666666
568 -0.0082464616666666
569 -0.0103728616666666
570 -0.0085280616666666
571 -0.0136138616666666
572 -0.0150310616666666
573 -0.0139302616666666
574 -0.0131733616666666
575 -0.0146646616666666
576 -0.0155300616666666
577 -0.0119307616666666
578 -0.0125021616666666
579 -0.0107262616666666
580 -0.0080648616666666
581 -0.0078996616666666
582 -0.0080482616666666
583 -0.0082857616666666
584 -0.0126510616666666
585 -0.0083593616666666
586 -0.0056674616666666
587 -0.0086542616666666
588 -0.0070846616666666
589 -0.0112325616666666
590 -0.0119997616666666
591 -0.0093337616666666
592 -0.0073284616666666
593 -0.0094193616666666
594 -0.0023609616666666
595 0.0013387383333334
596 0.0023463383333334
597 0.0052663383333334
598 0.0020892383333334
599 -0.0004373616666666
600 -0.0036938616666666
1 0.0098681383333334
2 0.0071699383333334
3 0.0049129383333334
4 0.0062244383333334
5 0.0012957383333334
6 -0.0010971616666666
7 -0.0001805616666666
8 -0.0031933616666666
9 -0.0017899616666666
10 -0.0037118616666666
11 -0.0068240616666666
12 -0.0104518616666666
13 -0.0058369616666666
14 -0.0087635616666666
15 -0.0083260616666666
16 -0.0073174616666666
17 -0.0115803616666666
18 -0.0086051616666666
19 -0.0040470616666666
20 -0.0081336616666666
21 -0.0098865616666666
22 -0.0128672616666666
23 -0.0169829616666666
24 -0.0193499616666666
25 -0.0156712616666666
26 -0.0144400616666666
27 -0.0128983616666666
28 -0.0100597616666666
29 -0.0083874616666666
30 -0.0038024616666666
31 -0.0094677616666666
32 -0.0118395616666666
33 -0.0067195616666666
34 -0.0024564616666666
35 -0.0065600616666666
36 -0.0091727616666666
37 -0.0130216616666666
38 -0.0131238616666666
39 -0.0108997616666666
40 -0.0128536616666666
41 -0.0124129616666666
42 -0.0145677616666666
43 -0.0134601616666666
44 -0.0124501616666666
45 -0.0119117616666666
46 -0.0128122616666666
47 -0.0067538616666666
48 -0.0038417616666666
49 -0.0032898616666666
50 -0.0130989616666666
51 -0.0111211616666666
52 -0.0066197616666666
53 -0.0061337616666666
54 -0.0078492616666666
55 -0.0065283616666666
56 -0.0045619616666666
57 -0.0009628616666666
58 -0.0025413616666666
59 -0.0025012616666666
60 -0.0019122616666666
61 -0.0004228616666666
62 -0.0046416616666666
63 -0.0036102616666666
64 -0.0041120616666666
65 -0.0003507616666666
66 -0.0013629616666666
67 -0.0035890616666666
68 0.0023230383333334
69 0.0050822383333334
70 -0.0030344616666666
71 -0.0041222616666666
72 -0.0027455616666666
73 0.0039394383333334
74 0.0051770383333334
75 0.0054351383333334
76 0.0016372383333334
77 -0.0010831616666666
78 0.0006018383333334
79 0.0025794383333334
80 0.0009132383333334
81 -0.0032179616666666
82 0.0016040383333334
83 0.0009233383333334
84 -0.0016055616666666
85 -0.0033297616666666
86 -0.0022165616666666
87 0.0030279383333334
88 -0.0023693616666666
89 -0.0007759616666666
90 -0.0002493616666666
91 -0.0008375616666666
92 -0.0040805616666666
93 -0.0073143616666666
94 -0.0073679616666666
95 -0.0120014616666666
96 -0.0038704616666666
97 -0.0079779616666666
98 -0.0068868616666666
99 -0.0079406616666666
100 -0.0064302616666666
101 -0.0071029616666666
102 -0.0080497616666666
103 -0.0098422616666666
104 -0.0040345616666666
105 -0.0026763616666666
106 -0.0065653616666666
107 -0.0065716616666666
108 -0.0094014616666666
109 -0.0139518616666666
110 -0.0098977616666666
111 -0.0114433616666666
112 -0.0096429616666666
113 -0.0029552616666666
114 -0.0026737616666666
115 -0.0058950616666666
116 -0.0048314616666666
117 -0.0033839616666666
118 -0.0002074616666666
119 0.0035417383333334
120 -0.0069706616666666
121 -0.0070715616666666
122 -0.0082444616666666
123 -0.0107408616666666
124 -0.0107228616666666
125 -0.0094091616666666
126 -0.0092883616666666
127 -0.0127195616666666
128 -0.0121956616666666
129 -0.0126097616666666
130 -0.0144044616666666
131 -0.0114867616666666
132 -0.0118637616666666
133 -0.0070169616666666
134 -0.0067431616666666
135 -0.0068590616666666
136 -0.0084735616666666
137 -0.0038595616666666
138 -0.0050651616666666
139 -0.0041324616666666
140 -0.0003930616666666
141 -0.0007532616666666
142 0.0022069383333334
143 -0.0057386616666666
144 -0.0076152616666666
145 -0.0046518616666666
146 -0.0066965616666666
147 -0.0053736616666666
148 -0.0067102616666666
149 -0.0083591616666666
150 -0.0072346616666666
151 -0.0036642616666666
152 -0.0043815616666666
153 -0.0111950616666666
154 -0.0100086616666666
155 -0.0116206616666666
156 -0.0074362616666666
157 -0.0006968616666666
158 -0.0070138616666666
159 -0.0080949616666666
160 -0.0081862616666666
161 -0.0105047616666666
162 -0.0052627616666666
163 -0.0074832616666666
164 -0.0069441616666666
165 -0.0103901616666666
166 -0.0073559616666666
167 -0.0120398616666666
168 -0.0055013616666666
169 -0.0047360616666666
170 -0.0072369616666666
171 -0.0045853616666666
172 -0.0084042616666666
173 -0.0123766616666666
174 -0.0138804616666666
175 -0.0168432616666666
176 -0.0191354616666666
177 -0.0182245616666666
178 -0.0158155616666666
179 -0.0168904616666666
180 -0.0161834616666666
181 -0.0198103616666666
182 -0.0204613616666666
183 -0.0166725616666666
184 -0.0170709616666666
185 -0.0176462616666666
186 -0.0157343616666666
187 -0.0111269616666666
188 -0.0085518616666666
189 -0.0063565616666666
190 0.0017778383333334
191 0.0041065383333334
192 0.0053305383333334
193 0.0016770383333334
194 0.0077749383333334
195 0.0075097383333334
196 0.0096876383333334
197 0.0097800383333334
198 0.0114111383333334
199 0.0083677383333334
200 0.0121363383333334
201 0.0101894383333334
202 0.0101051383333334
203 0.0110397383333334
204 0.0080875383333334
205 0.0048274383333334
206 0.0046999383333334
207 0.0005263383333334
208 -0.0012551616666666
209 0.0017109383333334
210 0.0000152383333334
211 0.0009294383333334
212 -0.0021288616666666
213 -0.0001477616666666
214 0.0029920383333334
215 0.0022570383333334
216 0.0041910383333334
217 0.0004309383333334
218 0.0041453383333334
219 0.0045259383333334
220 -0.0010739616666666
221 -0.0031488616666666
222 -0.0009070616666666
223 0.0019149383333334
224 -0.0007044616666666
225 -0.0014327616666666
226 -0.0049584616666666
227 -0.0031297616666666
228 -0.0063761616666666
229 -0.0079094616666666
230 -0.0072785616666666
231 -0.0092457616666666
232 -0.0093246616666666
233 -0.0062514616666666
234 -0.0061370616666666
235 -0.0058251616666666
236 -0.0055237616666666
237 -0.0057144616666666
238 -0.0089312616666666
239 -0.0098781616666666
240 -0.0103618616666666
241 -0.0113460616666666
242 -0.0096999616666666
243 -0.0110513616666666
244 -0.0069696616666666
245 -0.0048780616666666
246 -0.0044573616666666
247 -0.0105805616666666
248 -0.0093019616666666
249 -0.0068355616666666
250 -0.0110031616666666
251 -0.0054344616666666
252 -0.0081708616666666
253 -0.0068775616666666
254 -0.0034407616666666
255 -0.0050810616666666
256 -0.0048075616666666
257 -0.0082676616666666
258 -0.0072415616666666
259 -0.0087883616666666
260 -0.0038349616666666
261 -0.0078248616666666
262 -0.0074634616666666
263 -0.0073688616666666
264 -0.0081096616666666
265 -0.0089027616666666
266 -0.0106750616666666
267 -0.0086538616666666
268 -0.0033356616666666
269 -0.0037758616666666
270 -0.0066401616666666
271 -0.0076882616666666
272 -0.0087476616666666
273 -0.0124390616666666
274 -0.0115894616666666
275 -0.0097733616666666
276 -0.0079279616666666
277 -0.0074933616666666
278 -0.0026160616666666
279 -0.0026716616666666
280 -0.0001021616666666
281 -0.0018803616666666
282 -0.0011143616666666
283 -0.0032951616666666
284 -0.0073669616666666
285 -0.0064204616666666
286 -0.0068373616666666
287 -0.0098398616666666
288 -0.0116370616666666
289 -0.0031299616666666
290 -0.0042661616666666
291 -0.0010874616666666
292 -0.0022106616666666
293 0.0001994383333334
294 0.0017836383333334
295 -0.0055498616666666
296 -0.0067316616666666
297 -0.0030017616666666
298 -0.0063408616666666
299 -0.0024589616666666
300 -0.0003851616666666
301 -0.0019923616666666
302 -0.0003731616666666
303 -0.0041978616666666
304 -0.0034688616666666
305 -0.0030895616666666
306 -0.0047372616666666
307 -0.0028307616666666
308 -0.0080351616666666
309 -0.0115975616666666
310 -0.0110915616666666
311 -0.0056519616666666
312 -0.0060100616666666
313 -0.0062428616666666
314 -0.0036559616666666
315 -0.0019986616666666
316 -0.0018428616666666
317 -0.0034386616666666
318 -0.0049672616666666
319 -0.0051278616666666
320 -0.0023820616666666
321 -0.0075486616666666
322 -0.0080232616666666
323 -0.0059551616666666
324 -0.0012751616666666
325 -0.0010240616666666
326 -0.0005491616666666
327 -0.0009003616666666
328 -0.0052646616666666
329 -0.0022449616666666
330 -0.0039387616666666
331 -0.0082754616666666
332 -0.0082678616666666
333 -0.0055914616666666
334 -0.0039505616666666
335 0.0002315383333334
336 -0.0054255616666666
337 -0.0058110616666666
338 -0.0026947616666666
339 -0.0029747616666666
340 -0.0080033616666666
341 -0.0060292616666666
342 -0.0073021616666666
343 -0.0034808616666666
344 -0.0022662616666666
345 0.0005955383333334
346 -0.0061374616666666
347 -0.0045293616666666
348 -0.0075714616666666
349 -0.0088945616666666
350 -0.0092820616666666
351 -0.0087466616666666
352 -0.0069165616666666
353 -0.0060861616666666
354 -0.0043305616666666
355 -0.0061417616666666
356 -0.0042777616666666
357 -0.0020598616666666
358 -0.0027833616666666
359 0.0018738383333334
360 -0.0027593616666666
361 -0.0071869616666666
362 -0.0088462616666666
363 -0.0095587616666666
364 -0.0121169616666666
365 -0.0115867616666666
366 -0.0121687616666666
367 -0.0083484616666666
368 -0.0078267616666666
369 -0.0035682616666666
370 -0.0068558616666666
371 -0.0069943616666666
372 -0.0087858616666666
373 -0.0073776616666666
374 -0.0069539616666666
375 -0.0072841616666666
376 -0.0086275616666666
377 -0.0056198616666666
378 -0.0042151616666666
379 -0.0049554616666666
380 -0.0079296616666666
381 -0.0062435616666666
382 -0.0090514616666666
383 -0.0101064616666666
384 -0.0092785616666666
385 -0.0096582616666666
386 -0.0104879616666666
387 -0.0103925616666666
388 -0.0112838616666666
389 -0.0121774616666666
390 -0.0147476616666666
391 -0.0131271616666666
392 -0.0125518616666666
393 -0.0053262616666666
394 -0.0025220616666666
395 -0.0014487616666666
396 -0.0001759616666666
397 -0.0003179616666666
398 0.0061825383333334
399 0.0081936383333334
400 0.0060619383333334
401 0.0042837383333334
402 0.0071453383333334
403 0.0038381383333334
404 -0.0005764616666666
405 0.0002859383333334
406 -0.0023645616666666
407 -0.0032023616666666
408 -0.0069216616666666
409 -0.0088560616666666
410 -0.0031462616666666
411 -0.0015561616666666
412 -0.0056421616666666
413 -0.0041358616666666
414 -0.0044579616666666
415 0.0004223383333334
416 0.0006809383333334
417 0.0012592383333334
418 -0.0012220616666666
419 -0.0033716616666666
420 0.0031604383333334
421 0.0030696383333334
422 -0.0026139616666666
423 -0.0094278616666666
424 -0.0072033616666666
425 -0.0042203616666666
426 -0.0088402616666666
427 -0.0077581616666666
428 -0.0087609616666666
429 -0.0086233616666666
430 -0.0094385616666666
431 -0.0103430616666666
432 -0.0088012616666666
433 -0.0119277616666666
434 -0.0080557616666666
435 -0.0082315616666666
436 -0.0097907616666666
437 -0.0076653616666666
438 -0.0090915616666666
439 -0.0145137616666666
440 -0.0100806616666666
441 -0.0048790616666666
442 -0.0080465616666666
443 -0.0060206616666666
444 -0.0022138616666666
445 -0.0023076616666666
446 -0.0048498616666666
447 -0.0037595616666666
448 -0.0065435616666666
449 -0.0066952616666666
450 -0.0089820616666666
451 -0.0104881616666666
452 -0.0117176616666666
453 -0.0129314616666666
454 -0.0093795616666666
455 -0.0103993616666666
456 -0.0087972616666666
457 -0.0082673616666666
458 -0.0079785616666666
459 -0.0103376616666666
460 -0.0100260616666666
461 -0.0040242616666666
462 -0.0065437616666666
463 -0.0043986616666666
464 -0.0054650616666666
465 -0.0108920616666666
466 -0.0110814616666666
467 -0.0043273616666666
468 -0.0044674616666666
469 -0.0037366616666666
470 -0.0026257616666666
471 -0.0008223616666666
472 0.0010149383333334
473 -0.0037422616666666
474 -0.0054025616666666
475 -0.0026575616666666
476 0.0020375383333334
477 -0.0028227616666666
478 -0.0031236616666666
479 -0.0004565616666666
480 0.0050986383333334
481 0.0044861383333334
482 0.0003978383333334
483 -0.0050038616666666
484 -0.0012646616666666
485 0.0001623383333334
486 -0.0005589616666666
487 -0.0039248616666666
488 -0.0052859616666666
489 -0.0038910616666666
490 -0.0038346616666666
491 -0.0045383616666666
492 -0.0025498616666666
493 0.0003252383333334
494 -0.0016097616666666
495 -0.0034972616666666
496 -0.0022312616666666
497 -0.0036505616666666
498 0.0007459383333334
499 0.0024947383333334
500 -0.0000978616666666
501 -0.0070594616666666
502 -0.0030791616666666
503 0.0048469383333334
504 0.0017801383333334
505 -0.0046071616666666
506 -0.0049140616666666
507 -0.0056848616666666
508 -0.0069857616666666
509 -0.0043366616666666
510 0.0011474383333334
511 -0.0037654616666666
512 -0.0015118616666666
513 -0.0002773616666666
514 0.0009746383333334
515 -0.0030624616666666
516 -0.0040164616666666
517 -0.0060847616666666
518 -0.0067344616666666
519 -0.0019006616666666
520 -0.0022734616666666
521 -0.0020917616666666
522 -0.0062361616666666
523 -0.0102336616666666
524 -0.0024939616666666
525 -0.0026651616666666
526 -0.0037680616666666
527 0.0000698383333334
528 0.0004778383333334
529 -0.0026305616666666
530 -0.0079714616666666
531 -0.0054026616666666
532 -0.0039706616666666
533 -0.0062990616666666
534 -0.0045788616666666
535 -0.0106960616666666
536 -0.0053687616666666
537 -0.0056093616666666
538 -0.0054306616666666
539 -0.0035772616666666
540 -0.0041127616666666
541 -0.0007755616666666
542 -0.0023518616666666
543 -0.0026177616666666
544 -0.0070805616666666
545 -0.0158725616666666
546 -0.0115690616666666
547 -0.0049122616666666
548 -0.0065281616666666
549 -0.0071229616666666
550 -0.0070804616666666
551 -0.0098442616666666
552 -0.0128695616666666
553 -0.0139083616666666
554 -0.0099108616666666
555 -0.0087133616666666
556 -0.0124267616666666
557 -0.0145531616666666
558 -0.0145774616666666
559 -0.0137561616666666
560 -0.0109258616666666
561 -0.0101659616666666
562 -0.0052408616666666
563 -0.0039178616666666
564 -0.0065517616666666
565 -0.0074703616666666
566 -0.0065806616666666
567 -0.0106979616666666
568 -0.0109595616666666
569 -0.0122961616666666
570 -0.0085931616666666
571 -0.0110558616666666
572 -0.0089949616666666
573 -0.0033849616666666
574 0.0017534383333334
575 0.0009119383333334
576 0.0003634383333334
577 0.0019786383333334
578 -0.0053426616666666
579 -0.0054996616666666
580 -0.0042593616666666
581 -0.0080958616666666
582 -0.0087188616666666
583 -0.0044703616666666
584 -0.0012757616666666
585 0.0032250383333334
586 -0.0005912616666666
587 -0.0053157616666666
588 -0.0013906616666666
589 -0.0005686616666666
590 -0.0046625616666666
591 -0.0047880616666666
592 -0.0047029616666666
593 -0.0041572616666666
594 -0.0076342616666666
595 -0.0098878616666666
596 -0.0124398616666666
597 -0.0110150616666666
598 -0.0079957616666666
599 -0.0075967616666666
600 -0.0093520616666666
1 0.0216169383333334
2 0.0180592383333334
3 0.0046212383333334
4 0.0046928383333334
5 0.0040694383333334
6 0.0027401383333334
7 0.0020347383333334
8 0.0009675383333334
9 0.0014259383333334
10 -0.0024171616666666
11 -0.0053455616666666
12 -0.0109695616666666
13 -0.0078758616666666
14 -0.0057368616666666
15 -0.0091334616666666
16 -0.0088611616666666
17 -0.0100975616666666
18 -0.0087238616666666
19 -0.0086403616666666
20 -0.0045608616666666
21 -0.0056963616666666
22 -0.0057912616666666
23 -0.0050351616666666
24 0.0022305383333334
25 0.0021312383333334
26 -0.0002984616666666
27 -0.0017846616666666
28 0.0024455383333334
29 0.0056524383333334
30 0.0031906383333334
31 0.0060576383333334
32 0.0043308383333334
33 0.0004602383333334
34 0.0017407383333334
35 0.0022508383333334
36 -0.0035508616666666
37 -0.0086237616666666
38 -0.0078439616666666
39 -0.0086778616666666
40 -0.0084878616666666
41 -0.0107638616666666
42 -0.0079178616666666
43 -0.0043991616666666
44 -0.0033050616666666
45 -0.0017049616666666
46 0.0007711383333334
47 -0.0029013616666666
48 -0.0025051616666666
49 -0.0036110616666666
50 -0.0083016616666666
51 -0.0098065616666666
52 -0.0068143616666666
53 -0.0073962616666666
54 -0.0090508616666666
55 -0.0116844616666666
56 -0.0127108616666666
57 -0.0144509616666666
58 -0.0157096616666666
59 -0.0115160616666666
60 -0.0129706616666666
61 -0.0107637616666666
62 -0.0080672616666666
63 -0.0083177616666666
64 -0.0082367616666666
65 -0.0087192616666666
66 -0.0065037616666666
67 -0.0074507616666666
68 -0.0105284616666666
69 -0.0073263616666666
70 -0.0057114616666666
71 -0.0053587616666666
72 -0.0032467616666666
73 -0.0026770616666666
74 -0.0095645616666666
75 -0.0043705616666666
76 -0.0056753616666666
77 -0.0096851616666666
78 -0.0097319616666666
79 -0.0141204616666666
80 -0.0077778616666666
81 -0.0020165616666666
82 -0.0013322616666666
83 -0.0023474616666666
84 -0.0073464616666666
85 -0.0098985616666666
86 -0.0078156616666666
87 -0.0089867616666666
88 -0.0074785616666666
89 -0.0066538616666666
90 -0.0095278616666666
91 -0.0116742616666666
92 -0.0138297616666666
93 -0.0116955616666666
94 -0.0053334616666666
95 -0.0116576616666666
96 -0.0138847616666666
97 -0.0118023616666666
98 -0.0101284616666666
99 -0.0083307616666666
100 -0.0093759616666666
101 -0.0029221616666666
102 -0.0027850616666666
103 -0.0039770616666666
104 -0.0029534616666666
105 -0.0021107616666666
106 -0.0023331616666666
107 0.0009788383333334
108 0.0005689383333334
109 -0.0023274616666666
110 -0.0051573616666666
111 0.0002579383333334
112 -0.0044991616666666
113 -0.0024324616666666
114 -0.0014080616666666
115 0.0036754383333334
116 0.0021216383333334
117 -0.0048195616666666
118 -0.0090586616666666
119 -0.0040600616666666
120 -0.0048242616666666
121 0.0001705383333334
122 -0.0002763616666666
123 -0.0029891616666666
124 -0.0016960616666666
125 -0.0035769616666666
126 -0.0014494616666666
127 -0.0015766616666666
128 -0.0043296616666666
129 -0.0058770616666666
130 -0.0022128616666666
131 0.0011744383333334
132 0.0015907383333334
133 -0.0023541616666666
134 -0.0021477616666666
135 -0.0002396616666666
136 -0.0010053616666666
137 -0.0034197616666666
138 -0.0028180616666666
139 -0.0044334616666666
140 0.0023091383333334
141 -0.0007331616666666
142 -0.0052033616666666
143 -0.0064554616666666
144 -0.0048284616666666
145 -0.0035750616666666
146 -0.0055493616666666
147 -0.0062055616666666
148 -0.0064656616666666
149 -0.0067754616666666
150 -0.0064296616666666
151 -0.0081201616666666
152 -0.0048982616666666
153 -0.0060334616666666
154 -0.0078781616666666
155 -0.0141210616666666
156 -0.0165989616666666
157 -0.0172567616666666
158 -0.0152852616666666
159 -0.0152266616666666
160 -0.0106522616666666
161 -0.0125263616666666
162 -0.0163868616666666
163 -0.0132634616666666
164 -0.0153967616666666
165 -0.0152402616666666
166 -0.0155895616666666
167 -0.0129064616666666
168 -0.0142360616666666
169 -0.0147383616666666
170 -0.0138203616666666
171 -0.0081115616666666
172 -0.0004836616666666
173 -0.0030707616666666
174 -0.0039367616666666
175 -0.0066258616666666
176 -0.0088354616666666
177 -0.0137505616666666
178 -0.0156476616666666
179 -0.0168053616666666
180 -0.0192692616666666
181 -0.0167938616666666
182 -0.0177261616666666
183 -0.0139121616666666
184 -0.0163336616666666
185 -0.0160138616666666
186 -0.0114094616666666
187 -0.0138815616666666
188 -0.0166802616666666
189 -0.0122203616666666
190 -0.0121323616666666
191 -0.0139454616666666
192 -0.0146527616666666
193 -0.0173851616666666
194 -0.0183223616666666
195 -0.0149561616666666
196 -0.0132342616666666
197 -0.0090529616666666
198 -0.0103964616666666
199 -0.0113587616666666
200 -0.0111810616666666
201 -0.0055702616666666
202 -0.0086311616666666
203 -0.0091580616666666
204 -0.0055530616666666
205 -0.0091458616666666
206 -0.0029783616666666
207 -0.0098687616666666
208 -0.0068818616666666
209 -0.0044036616666666
210 -0.0087566616666666
211 -0.0115205616666666
212 -0.0070715616666666
213 -0.0031286616666666
214 -0.0072598616666666
215 -0.0060635616666666
216 -0.0046174616666666
217 -0.0089869616666666
218 -0.0111419616666666
219 -0.0145815616666666
220 -0.0114710616666666
221 -0.0120526616666666
222 -0.0110931616666666
223 -0.0096116616666666
224 -0.0120686616666666
225 -0.0112259616666666
226 -0.0070880616666666
227 -0.0022763616666666
228 -0.0013356616666666
229 -0.0024413616666666
230 0.0041653383333334
231 0.0053717383333334
232 0.0098397383333334
233 0.0080629383333334
234 0.0081322383333334
235 0.0108354383333334
236 0.0089701383333334
237 0.0016845383333334
238 -0.0060307616666666
239 -0.0077757616666666
240 -0.0079174616666666
241 -0.0061814616666666
242 -0.0131271616666666
243 -0.0141992616666666
244 -0.0074103616666666
245 -0.0118246616666666
246 -0.0139464616666666
247 -0.0163846616666666
248 -0.0157463616666666
249 -0.0092408616666666
250 -0.0132910616666666
251 -0.0128914616666666
252 -0.0115634616666666
253 -0.0115264616666666
254 -0.0139966616666666
255 -0.0050086616666666
256 -0.0087461616666666
257 -0.0081680616666666
258 -0.0041652616666666
259 -0.0080234616666666
260 -0.0084897616666666
261 -0.0075058616666666
262 -0.0072397616666666
263 -0.0054967616666666
264 -0.0057625616666666
265 -0.0060452616666666
266 -0.0057235616666666
267 -0.0046447616666666
268 -0.0053310616666666
269 -0.0051937616666666
270 -0.0035573616666666
271 -0.0044160616666666
272 -0.0054533616666666
273 -0.0057557616666666
274 -0.0042257616666666
275 -0.0080459616666666
276 -0.0097966616666666
277 -0.0087797616666666
278 -0.0068276616666666
279 -0.0033373616666666
280 -0.0038588616666666
281 -0.0076762616666666
282 -0.0083630616666666
283 -0.0070117616666666
284 -0.0056973616666666
285 -0.0035113616666666
286 -0.0048290616666666
287 -0.0016284616666666
288 -0.0050795616666666
289 -0.0055722616666666
290 -0.0078551616666666
291 -0.0053924616666666
292 0.0018044383333334
293 0.0071879383333334
294 0.0009043383333334
295 -0.0004080616666666
296 0.0021294383333334
297 -0.0009333616666666
298 -0.0033493616666666
299 -0.0037618616666666
300 -0.0042228616666666
301 -0.0046006616666666
302 -0.0068785616666666
303 -0.0022238616666666
304 -0.0105298616666666
305 -0.0060547616666666
306 -0.0051978616666666
307 -0.0004132616666666
308 -0.0051946616666666
309 -0.0077949616666666
310 -0.0072003616666666
311 -0.0094837616666666
312 -0.0088509616666666
313 -0.0061590616666666
314 -0.0087099616666666
315 -0.0066023616666666
316 -0.0053972616666666
317 -0.0055555616666666
318 -0.0058514616666666
319 -0.0054220616666666
320 -0.0011744616666666
321 -0.0023213616666666
322 -0.0031565616666666
323 0.0022843383333334
324 0.0038274383333334
325 0.0022922383333334
326 -0.0010000616666666
327 -0.0019542616666666
328 -0.0018823616666666
329 -0.0016186616666666
330 -0.0074867616666666
331 -0.0087555616666666
332 -0.0058938616666666
333 -0.0023551616666666
334 -0.0049153616666666
335 -0.0073625616666666
336 -0.0063919616666666
337 -0.0053235616666666
338 -0.0061680616666666
339 -0.0094185616666666
340 -0.0119233616666666
341 -0.0131249616666666
342 -0.0094423616666666
343 -0.0098943616666666
344 -0.0108092616666666
345 -0.0117725616666666
346 -0.0050279616666666
347 -0.0077052616666666
348 -0.0105699616666666
349 -0.0067351616666666
350 -0.0065790616666666
351 -0.0073221616666666
352 -0.0125011616666666
353 -0.0120992616666666
354 -0.0111342616666666
355 -0.0085087616666666
356 -0.0105119616666666
357 -0.0033815616666666
358 -0.0027390616666666
359 -0.0055075616666666
360 -0.0029516616666666
361 -0.0008699616666666
362 -0.0045965616666666
363 -0.0072370616666666
364 -0.0091748616666666
365 -0.0074756616666666
366 -0.0072064616666666
367 -0.0087303616666666
368 -0.0051456616666666
369 -0.0073556616666666
370 -0.0084373616666666
371 -0.0086102616666666
372 -0.0055977616666666
373 -0.0038760616666666
374 -0.0038953616666666
375 -0.0017330616666666
376 -0.0035531616666666
377 -0.0059511616666666
378 -0.0052883616666666
379 -0.0019466616666666
380 -0.0024816616666666
381 0.0005696383333334
382 -0.0015482616666666
383 -0.0039549616666666
384 -0.0019922616666666
385 -0.0036682616666666
386 -0.0039810616666666
387 -0.0051691616666666
388 -0.0095813616666666
389 -0.0104788616666666
390 -0.0125431616666666
391 -0.0110428616666666
392 -0.0119473616666666
393 -0.0124112616666666
394 -0.0120489616666666
395 -0.0115500616666666
396 -0.0135389616666666
397 -0.0119443616666666
398 -0.0150199616666666
399 -0.0135485616666666
400 -0.0094252616666666
401 -0.0092258616666666
402 -0.0114382616666666
403 -0.0089266616666666
404 -0.0107901616666666
405 -0.0071407616666666
406 -0.0112339616666666
407 -0.0105612616666666
408 -0.0117313616666666
409 -0.0122235616666666
410 -0.0107581616666666
411 -0.0099109616666666
412 -0.0067580616666666
413 -0.0089669616666666
414 -0.0081633616666666
415 -0.0099708616666666
416 -0.0082932616666666
417 -0.0053623616666666
418 -0.0084118616666666
419 -0.0065465616666666
420 -0.0080564616666666
421 -0.0103048616666666
422 -0.0056225616666666
423 -0.0069088616666666
424 -0.0079588616666666
425 -0.0074925616666666
426 -0.0047055616666666
427 -0.0086630616666666
428 -0.0136570616666666
429 -0.0138077616666666
430 -0.0101017616666666
431 -0.0117365616666666
432 -0.0119210616666666
433 -0.0135185616666666
434 -0.0099114616666666
435 -0.0104771616666666
436 -0.0081948616666666
437 -0.0083796616666666
438 -0.0118294616666666
439 -0.0089576616666666
440 -0.0095587616666666
441 -0.0099076616666666
442 -0.0123450616666666
443 -0.0114270616666666
444 -0.0107483616666666
445 -0.0136100616666666
446 -0.0074444616666666
447 -0.0062551616666666
448 -0.0060740616666666
449 -0.0098922616666666
450 -0.0083756616666666
451 -0.0046575616666666
452 -0.0052002616666666
453 -0.0074128616666666
454 -0.0074685616666666
455 -0.0092487616666666
456 -0.0074090616666666
457 -0.0046988616666666
458 -0.0006603616666666
459 -0.0022574616666666
460 -0.0033236616666666
461 -0.0088705616666666
462 -0.0094103616666666
463 -0.0063983616666666
464 0.0017395383333334
465 -0.0038978616666666
466 -0.0115889616666666
467 -0.0068680616666666
468 -0.0016235616666666
469 0.0010952383333334
470 -0.0042743616666666
471 -0.0011464616666666
472 -0.0017239616666666
473 0.0013509383333334
474 0.0000670383333334
475 0.0009932383333334
476 -0.0007753616666666
477 -0.0002535616666666
478 0.0030089383333334
479 -0.0024457616666666
480 -0.0001153616666666
481 -0.0062520616666666
482 -0.0073715616666666
483 -0.0020345616666666
484 -0.0053386616666666
485 -0.0009732616666666
486 -0.0015779616666666
487 0.0026517383333334
488 0.0025274383333334
489 0.0086207383333334
490 0.0053850383333334
491 0.0041495383333334
492 0.0082887383333334
493 0.0132061383333334
494 0.0086221383333334
495 0.0041197383333334
496 0.0075025383333334
497 0.0078070383333334
498 0.0044326383333334
499 -0.0015157616666666
500 0.0004859383333334
501 -0.0044439616666666
502 -0.0052670616666666
503 -0.0036625616666666
504 -0.0007462616666666
505 -0.0042986616666666
506 -0.0027326616666666
507 -0.0080519616666666
508 0.0000467383333334
509 -0.0048525616666666
510 -0.0038822616666666
511 -0.0074131616666666
512 -0.0070408616666666
513 -0.0065358616666666
514 -0.0011914616666666
515 -0.0023048616666666
516 -0.0068281616666666
517 -0.0090094616666666
518 -0.0085582616666666
519 -0.0121706616666666
520 -0.0137394616666666
521 -0.0129008616666666
522 -0.0164177616666666
523 -0.0163601616666666
524 -0.0125754616666666
525 -0.0113579616666666
526 -0.0135012616666666
527 -0.0158502616666666
528 -0.0180333616666666
529 -0.0144565616666666
530 -0.0098371616666666
531 -0.0077929616666666
532 -0.0102174616666666
533 -0.0082680616666666
534 -0.0053861616666666
535 -0.0075632616666666
536 -0.0115304616666666
537 -0.0111851616666666
538 -0.0129475616666666
539 -0.0109636616666666
540 -0.0096506616666666
541 -0.0120672616666666
542 -0.0090115616666666
543 -0.0069784616666666
544 -0.0045146616666666
545 -0.0077881616666666
546 -0.0052661616666666
547 0.0010002383333334
548 -0.0026132616666666
549 -0.0055504616666666
550 -0.0069685616666666
551 -0.0071880616666666
552 -0.0111069616666666
553 -0.0114555616666666
554 -0.0090526616666666
555 -0.0104964616666666
556 -0.0051935616666666
557 -0.0059544616666666
558 -0.0067485616666666
559 -0.0089265616666666
560 -0.0069515616666666
561 -0.0125488616666666
562 -0.0101764616666666
563 -0.0119665616666666
564 -0.0120674616666666
565 -0.0077176616666666
566 -0.0084221616666666
567 -0.0066781616666666
568 -0.0100300616666666
569 -0.0063647616666666
570 -0.0106945616666666
571 -0.0115479616666666
572 -0.0089872616666666
573 -0.0046963616666666
574 -0.0035707616666666
575 -0.0072092616666666
576 -0.0054614616666666
577 -0.0018605616666666
578 -0.0009525616666666
579 -0.0001333616666666
580 -0.0005488616666666
581 -0.0009605616666666
582 -0.0026357616666666
583 -0.0087811616666666
584 -0.0109227616666666
585 -0.0115290616666666
586 -0.0110278616666666
587 -0.0103722616666666
588 -0.0089710616666666
589 -0.0092700616666666
590 -0.0060456616666666
591 -0.0053618616666666
592 -0.0021149616666666
593 0.0046385383333334
594 0.0020698383333334
595 -0.0004827616666666
596 -0.0012255616666666
597 0.0007880383333334
598 -0.0021859616666666
599 -0.0038778616666666
600 -0.0078267616666666
1 0.0197736383333334
2 0.0137443383333334
3 0.0080402383333334
4 0.0045545383333334
5 0.0023950383333334
6 -0.0011177616666666
7 -0.0005041616666666
8 -0.0076160616666666
9 -0.0059050616666666
10 -0.0069413616666666
11 -0.0084718616666666
12 -0.0103395616666666
13 -0.0081243616666666
14 -0.0050664616666666
15 -0.0064756616666666
16 -0.0072862616666666
17 -0.0053272616666666
18 -0.0020895616666666
19 -0.0040339616666666
20 -0.0036913616666666
21 0.0006449383333334
22 0.0002057383333334
23 0.0018215383333334
24 0.0070933383333334
25 -0.0040033616666666
26 -0.0043043616666666
27 -0.0011160616666666
28 -0.0023314616666666
29 -0.0057666616666666
30 -0.0064060616666666
31 -0.0040758616666666
32 -0.0050531616666666
33 -0.0029369616666666
34 -0.0009390616666666
35 -0.0066327616666666
36 -0.0078356616666666
37 -0.0072692616666666
38 -0.0080339616666666
39 -0.0069696616666666
40 -0.0115476616666666
41 -0.0088551616666666
42 -0.0075687616666666
43 -0.0084024616666666
44 -0.0051997616666666
45 -0.0072246616666666
46 -0.0102248616666666
47 -0.0095522616666666
48 -0.0090298616666666
49 -0.0065520616666666
50 -0.0060803616666666
51 -0.0101299616666666
52 -0.0155162616666666
53 -0.0155760616666666
54 -0.0170367616666666
55 -0.0201419616666666
56 -0.0179672616666666
57 -0.0134281616666666
58 -0.0111037616666666
59 -0.0093461616666666
60 -0.0087672616666666
61 -0.0051548616666666
62 -0.0063621616666666
63 -0.0080773616666666
64 -0.0035275616666666
65 -0.0009819616666666
66 0.0000036383333334
67 0.0035130383333334
68 0.0047130383333334
69 0.0046025383333334
70 0.0044992383333334
71 0.0019520383333334
72 0.0002696383333334
73 0.0036762383333334
74 -0.0001930616666666
75 0.0036297383333334
76 0.0061033383333334
77 0.0048762383333334
78 0.0046946383333334
79 -0.0027774616666666
80 -0.0061773616666666
81 -0.0049960616666666
82 -0.0038021616666666
83 -0.0055208616666666
84 -0.0038880616666666
85 -0.0022150616666666
86 -0.0021341616666666
87 0.0021610383333334
88 0.0041339383333334
89 -0.0019286616666666
90 -0.0026317616666666
91 -0.0043579616666666
92 0.0018008383333334
93 -0.0010027616666666
94 -0.0033160616666666
95 -0.0026365616666666
96 -0.0042435616666666
97 -0.0091743616666666
98 -0.0061313616666666
99 -0.0040517616666666
100 -0.0065264616666666
101 -0.0096677616666666
102 -0.0075232616666666
103 -0.0039566616666666
104 -0.0047365616666666
105 -0.0078541616666666
106 -0.0098996616666666
107 -0.0073972616666666
108 -0.0107090616666666
109 -0.0121349616666666
110 -0.0145776616666666
111 -0.0152689616666666
112 -0.0065304616666666
113 -0.0062332616666666
114 -0.0082610616666666
115 -0.0106195616666666
116 -0.0067282616666666
117 -0.0010323616666666
118 -0.0000784616666666
119 0.0025903383333334
120 0.0015064383333334
121 -0.0019055616666666
122 -0.0016354616666666
123 -0.0013946616666666
124 -0.0017996616666666
125 -0.0079604616666666
126 -0.0070103616666666
127 -0.0038019616666666
128 -0.0032996616666666
129 -0.0082457616666666
130 -0.0050516616666666
131 -0.0022567616666666
132 -0.0041855616666666
133 -0.0043324616666666
134 -0.0029452616666666
135 -0.0024343616666666
136 -0.0034195616666666
137 0.0053971383333334
138 -0.0049083616666666
139 -0.0078048616666666
140 -0.0102189616666666
141 -0.0116570616666666
142 -0.0069074616666666
143 -0.0060025616666666
144 -0.0056017616666666
145 -0.0052399616666666
146 -0.0042164616666666
147 -0.0111085616666666
148 -0.0109486616666666
149 -0.0081828616666666
150 -0.0056355616666666
151 -0.0047231616666666
152 0.0013711383333334
153 -0.0018256616666666
154 -0.0000246616666666
155 -0.0012278616666666
156 -0.0012176616666666
157 0.0016815383333334
158 -0.0033839616666666
159 -0.0081140616666666
160 -0.0054249616666666
161 -0.0067879616666666
162 -0.0018912616666666
163 -0.0044371616666666
164 -0.0088680616666666
165 -0.0121960616666666
166 -0.0070308616666666
167 -0.0090229616666666
168 -0.0117221616666666
169 -0.0067972616666666
170 -0.0024858616666666
171 -0.0004438616666666
172 -0.0003775616666666
173 -0.0014816616666666
174 0.0032930383333334
175 0.0023293383333334
176 0.0022997383333334
177 0.0089164383333334
178 0.0080531383333334
179 -0.0001273616666666
180 0.0031640383333334
181 0.0048212383333334
182 -0.0029932616666666
183 -0.0071283616666666
184 -0.0061080616666666
185 -0.0068991616666666
186 -0.0041509616666666
187 -0.0030171616666666
188 -0.0011250616666666
189 -0.0056501616666666
190 -0.0066464616666666
191 -0.0097554616666666
192 -0.0077684616666666
193 -0.0051273616666666
194 -0.0089700616666666
195 -0.0047757616666666
196 -0.0044917616666666
197 -0.0051606616666666
198 -0.0038808616666666
199 -0.0007282616666666
200 0.0023346383333334
201 0.0005714383333334
202 0.0037913383333334
203 0.0043391383333334
204 0.0057094383333334
205 0.0027905383333334
206 -0.0008919616666666
207 0.0043649383333334
208 0.0026003383333334
209 0.0047106383333334
210 -0.0010462616666666
211 -0.0040680616666666
212 -0.0011932616666666
213 -0.0024836616666666
214 -0.0000951616666666
215 -0.0017667616666666
216 -0.0034020616666666
217 0.0000780383333334
218 0.0011337383333334
219 0.0015088383333334
220 -0.0000650616666666
221 -0.0026006616666666
222 -0.0043625616666666
223 -0.0026681616666666
224 -0.0028949616666666
225 -0.0054136616666666
226 -0.0043646616666666
227 -0.0079990616666666
228 -0.0023773616666666
229 -0.0003395616666666
230 -0.0020398616666666
231 -0.0047720616666666
232 -0.0038565616666666
233 -0.0044555616666666
234 -0.0026217616666666
235 -0.0018836616666666
236 -0.0045388616666666
237 -0.0027624616666666
238 -0.0049110616666666
239 -0.0066609616666666
240 -0.0063842616666666
241 -0.0121805616666666
242 -0.0121102616666666
243 -0.0133412616666666
244 -0.0132848616666666
245 -0.0134091616666666
246 -0.0116699616666666
247 -0.0075268616666666
248 -0.0073145616666666
249 -0.0041840616666666
250 0.0019639383333334
251 0.0036068383333334
252 -0.0025902616666666
253 0.0000887383333334
254 -0.0013287616666666
255 -0.0029079616666666
256 -0.0042077616666666
257 -0.0088798616666666
258 -0.0092103616666666
259 -0.0057386616666666
260 -0.0080750616666666
261 -0.0057716616666666
262 -0.0082033616666666
263 -0.0123453616666666
264 -0.0106050616666666
265 -0.0053652616666666
266 -0.0051451616666666
267 -0.0058255616666666
268 -0.0052961616666666
269 -0.0052854616666666
270 -0.0081751616666666
271 -0.0060644616666666
272 -0.0030886616666666
273 -0.0050842616666666
274 -0.0071057616666666
275 -0.0088165616666666
276 -0.0022892616666666
277 -0.0028143616666666
278 -0.0047961616666666
279 -0.0061039616666666
280 -0.0029372616666666
281 -0.0062752616666666
282 -0.0041080616666666
283 -0.0012247616666666
284 -0.0001216616666666
285 -0.0024286616666666
286 -0.0012668616666666
287 0.0009861383333334
288 0.0006144383333334
289 0.0020125383333334
290 0.0001000383333334
291 -0.0005254616666666
292 0.0006407383333334
293 -0.0028560616666666
294 -0.0043170616666666
295 -0.0088194616666666
296 -0.0139329616666666
297 -0.0148699616666666
298 -0.0119372616666666
299 -0.0112958616666666
300 -0.0106888616666666
301 -0.0115169616666666
302 -0.0094058616666666
303 -0.0070458616666666
304 -0.0064814616666666
305 -0.0059525616666666
306 -0.0038380616666666
307 -0.0026846616666666
308 -0.0045160616666666
309 -0.0009528616666666
310 -0.0005427616666666
311 -0.0058198616666666
312 0.0006982383333334
313 -0.0040729616666666
314 -0.0038289616666666
315 -0.0036711616666666
316 -0.0084721616666666
317 -0.0096486616666666
318 -0.0084234616666666
319 -0.0078604616666666
320 -0.0089214616666666
321 -0.0075358616666666
322 -0.0071545616666666
323 -0.0102599616666666
324 -0.0073754616666666
325 -0.0043656616666666
326 -0.0043749616666666
327 -0.0052202616666666
328 -0.0054064616666666
329 -0.0049861616666666
330 -0.0039100616666666
331 -0.0018417616666666
332 -0.0075986616666666
333 -0.0068882616666666
334 -0.0019342616666666
335 -0.0055553616666666
336 -0.0099046616666666
337 -0.0092468616666666
338 -0.0051190616666666
339 -0.0069408616666666
340 -0.0146001616666666
341 -0.0111515616666666
342 -0.0048878616666666
343 -0.0070919616666666
344 -0.0056202616666666
345 -0.0054077616666666
346 -0.0113676616666666
347 -0.0046365616666666
348 -0.0066121616666666
349 -0.0063753616666666
350 -0.0042861616666666
351 -0.0074644616666666
352 -0.0090776616666666
353 -0.0071002616666666
354 -0.0114061616666666
355 -0.0046467616666666
356 -0.0042570616666666
357 -0.0063966616666666
358 -0.0055094616666666
359 0.0000303383333334
360 -0.0010900616666666
361 -0.0039899616666666
362 -0.0027315616666666
363 -0.0059557616666666
364 -0.0066670616666666
365 -0.0085948616666666
366 -0.0105965616666666
367 -0.0107852616666666
368 -0.0074604616666666
369 -0.0055143616666666
370 -0.0070058616666666
371 -0.0023616616666666
372 -0.0014803616666666
373 -0.0035020616666666
374 -0.0011335616666666
375 -0.0005667616666666
376 0.0039569383333334
377 0.0083837383333334
378 0.0056529383333334
379 0.0033605383333334
380 -0.0010837616666666
381 0.0039971383333334
382 0.0074391383333334
383 0.0001070383333334
384 -0.0063977616666666
385 -0.0059228616666666
386 -0.0028215616666666
387 -0.0100649616666666
388 -0.0074755616666666
389 -0.0053381616666666
390 -0.0100529616666666
391 -0.0117590616666666
392 -0.0108632616666666
393 -0.0141947616666666
394 -0.0106723616666666
395 -0.0085744616666666
396 -0.0094216616666666
397 -0.0061436616666666
398 -0.0047866616666666
399 -0.0053549616666666
400 -0.0050173616666666
401 -0.0032603616666666
402 -0.0031225616666666
403 -0.0084307616666666
404 -0.0132059616666666
405 -0.0137675616666666
406 -0.0148772616666666
407 -0.0164688616666666
408 -0.0132404616666666
409 -0.0092488616666666
410 -0.0118421616666666
411 -0.0120112616666666
412 -0.0127228616666666
413 -0.0107702616666666
414 -0.0081798616666666
415 -0.0107136616666666
416 -0.0138270616666666
417 -0.0123525616666666
418 -0.0152937616666666
419 -0.0103827616666666
420 -0.0098985616666666
421 -0.0102195616666666
422 -0.0096392616666666
423 -0.0126402616666666
424 -0.0119915616666666
425 -0.0123028616666666
426 -0.0131109616666666
427 -0.0077402616666666
428 -0.0079178616666666
429 -0.0052795616666666
430 -0.0025266616666666
431 -0.0018685616666666
432 0.0036465383333334
433 0.0083329383333334
434 0.0134251383333334
435 0.0064564383333334
436 0.0060121383333334
437 0.0018218383333334
438 0.0052589383333334
439 0.0023354383333334
440 -0.0034162616666666
441 0.0015879383333334
442 -0.0023452616666666
443 -0.0049637616666666
444 -0.0036481616666666
445 -0.0013767616666666
446 -0.0054624616666666
447 -0.0074501616666666
448 -0.0025696616666666
449 -0.0005450616666666
450 0.0009702383333334
451 0.0020443383333334
452 0.0016728383333334
453 0.0047414383333334
454 -0.0003692616666666
455 0.0050545383333334
456 -0.0010087616666666
457 0.0033752383333334
458 -0.0003046616666666
459 -0.0004105616666666
460 -0.0052216616666666
461 -0.0084761616666666
462 -0.0061961616666666
463 -0.0048805616666666
464 -0.0056299616666666
465 -0.0074263616666666
466 -0.0072247616666666
467 -0.0081665616666666
468 -0.0062750616666666
469 -0.0051905616666666
470 -0.0029238616666666
471 -0.0050488616666666
472 -0.0092082616666666
473 -0.0121093616666666
474 -0.0102509616666666
475 -0.0129454616666666
476 -0.0103007616666666
477 -0.0090401616666666
478 -0.0087194616666666
479 -0.0081618616666666
480 -0.0063595616666666
481 -0.0058779616666666
482 -0.0067150616666666
483 -0.0048747616666666
484 -0.0049201616666666
485 -0.0017273616666666
486 -0.0028697616666666
487 -0.0063502616666666
488 -0.0033355616666666
489 -0.0051313616666666
490 -0.0034246616666666
491 -0.0054410616666666
492 -0.0105593616666666
493 -0.0106924616666666
494 -0.0137498616666666
495 -0.0140616616666666
496 -0.0113013616666666
497 -0.0097553616666666
498 -0.0129171616666666
499 -0.0143175616666666
500 -0.0153062616666666
501 -0.0099014616666666
502 -0.0115916616666666
503 -0.0148888616666666
504 -0.0103556616666666
505 -0.0092397616666666
506 -0.0114435616666666
507 -0.0113844616666666
508 -0.0082758616666666
509 -0.0061026616666666
510 -0.0094418616666666
511 -0.0077749616666666
512 -0.0112477616666666
513 -0.0055342616666666
514 -0.0055137616666666
515 -0.0053392616666666
516 0.0011179383333334
517 -0.0022567616666666
518 -0.0086676616666666
519 -0.0076110616666666
520 -0.0020870616666666
521 0.0032392383333334
522 0.0026918383333334
523 0.0004149383333334
524 -0.0004524616666666
525 -0.0015312616666666
526 0.0024711383333334
527 0.0068406383333334
528 0.0104074383333334
529 0.0135832383333334
530 0.0065070383333334
531 0.0063132383333334
532 0.0093782383333334
533 0.0060950383333334
534 0.0034881383333334
535 -0.0004692616666666
536 0.0070490383333334
537 0.0087869383333334
538 0.0048582383333334
539 -0.0008097616666666
540 0.0025603383333334
541 0.0013991383333334
542 0.0002961383333334
543 0.0057502383333334
544 0.0002986383333334
545 0.0006438383333334
546 -0.0023391616666666
547 -0.0044145616666666
548 -0.0029317616666666
549 -0.0036273616666666
550 -0.0070257616666666
551 -0.0087534616666666
552 -0.0075960616666666
553 -0.0052561616666666
554 -0.0024033616666666
555 -0.0022524616666666
556 -0.0087986616666666
557 -0.0096291616666666
558 -0.0084335616666666
559 -0.0085048616666666
560 -0.0116580616666666
561 -0.0134442616666666
562 -0.0081964616666666
563 -0.0078027616666666
564 -0.0109555616666666
565 -0.0110413616666666
566 -0.0103967616666666
567 -0.0103947616666666
568 -0.0092407616666666
569 -0.0172686616666666
570 -0.0152588616666666
571 -0.0129064616666666
572 -0.0132334616666666
573 -0.0137667616666666
574 -0.0125417616666666
575 -0.0063147616666666
576 -0.0024825616666666
577 -0.0014120616666666
578 -0.0024063616666666
579 -0.0041510616666666
580 -0.0065603616666666
581 -0.0050290616666666
582 -0.0082210616666666
583 -0.0076555616666666
584 -0.0071386616666666
585 -0.0095306616666666
586 -0.0110798616666666
587 -0.0055010616666666
588 -0.0064800616666666
589 -0.0115028616666666
590 -0.0077780616666666
591 -0.0067557616666666
592 -0.0048122616666666
593 -0.0063322616666666
594 -0.0000598616666666
595 0.0032697383333334
596 0.0051343383333334
597 0.0025801383333334
598 0.0016425383333334
599 0.0049887383333334
600 -0.0033195616666666
1 0.0063640383333334
2 0.0032933383333334
3 0.0019810383333334
4 0.0003560383333334
5 -0.0017405616666666
6 -0.0034245616666666
7 -0.0008908616666666
8 0.0044454383333334
9 0.0092370383333334
10 0.0058220383333334
11 0.0037557383333334
12 0.0090179383333334
13 0.0016201383333334
14 -0.0021698616666666
15 -0.0063741616666666
16 -0.0076402616666666
17 -0.0028744616666666
18 -0.0055745616666666
19 -0.0137604616666666
20 -0.0138581616666666
21 -0.0109300616666666
22 -0.0029079616666666
23 -0.0032637616666666
24 -0.0036740616666666
25 -0.0018374616666666
26 -0.0047306616666666
27 -0.0050068616666666
28 -0.0061449616666666
29 -0.0062819616666666
30 -0.0022909616666666
31 -0.0043618616666666
32 -0.0018687616666666
33 -0.0015102616666666
34 -0.0019517616666666
35 0.0030995383333334
36 -0.0026900616666666
37 -0.0013977616666666
38 -0.0064792616666666
39 -0.0087348616666666
40 -0.0057160616666666
41 -0.0069437616666666
42 -0.0103809616666666
43 -0.0072938616666666
44 -0.0072853616666666
45 -0.0031378616666666
46 -0.0028235616666666
47 0.0010422383333334
48 0.0022836383333334
49 0.0083128383333334
50 0.0136440383333334
51 0.0102678383333334
52 0.0055913383333334
53 0.0042682383333334
54 0.0102023383333334
55 0.0067839383333334
56 0.0005470383333334
57 -0.0054046616666666
58 -0.0079600616666666
59 -0.0092177616666666
60 -0.0095305616666666
61 -0.0114098616666666
62 -0.0123384616666666
63 -0.0125315616666666
64 -0.0110631616666666
65 -0.0127163616666666
66 -0.0126915616666666
67 -0.0123440616666666
68 -0.0102009616666666
69 -0.0043976616666666
70 -0.0032941616666666
71 -0.0077502616666666
72 -0.0106344616666666
73 -0.0072327616666666
74 -0.0112050616666666
75 -0.0099660616666666
76 -0.0121717616666666
77 -0.0083681616666666
78 -0.0067638616666666
79 -0.0059966616666666
80 -0.0061409616666666
81 -0.0086773616666666
82 -0.0095436616666666
83 -0.0136133616666666
84 -0.0131819616666666
85 -0.0086749616666666
86 -0.0058235616666666
87 -0.0011695616666666
88 0.0032589383333334
89 0.0037920383333334
90 0.0060094383333334
91 0.0073942383333334
92 0.0074595383333334
93 0.0064288383333334
94 0.0064664383333334
95 0.0108099383333334
96 0.0063943383333334
97 0.0052271383333334
98 0.0019153383333334
99 -0.0025502616666666
100 -0.0033897616666666
101 -0.0056470616666666
102 -0.0031684616666666
103 -0.0042124616666666
104 -0.0048154616666666
105 -0.0055975616666666
106 -0.0017326616666666
107 -0.0010348616666666
108 -0.0047251616666666
109 -0.0046211616666666
110 -0.0061670616666666
111 -0.0068387616666666
112 -0.0108911616666666
113 -0.0109112616666666
114 -0.0083802616666666
115 -0.0088035616666666
116 -0.0106608616666666
117 -0.0099779616666666
118 -0.0110980616666666
119 -0.0111199616666666
120 -0.0118524616666666
121 -0.0132408616666666
122 -0.0075698616666666
123 -0.0099279616666666
124 -0.0093281616666666
125 -0.0079833616666666
126 -0.0060625616666666
127 -0.0067126616666666
128 -0.0094287616666666
129 -0.0087280616666666
130 -0.0068506616666666
131 -0.0095051616666666
132 -0.0097755616666666
133 -0.0062348616666666
134 -0.0053659616666666
135 -0.0098639616666666
136 -0.0056435616666666
137 -0.0007152616666666
138 -0.0034647616666666
139 -0.0038935616666666
140 -0.0059778616666666
141 -0.0050700616666666
142 -0.0043950616666666
143 -0.0080397616666666
144 -0.0070804616666666
145 -0.0040397616666666
146 -0.0052207616666666
147 -0.0063016616666666
148 -0.0124745616666666
149 -0.0089596616666666
150 -0.0076643616666666
151 -0.0138263616666666
152 -0.0154241616666666
153 -0.0176619616666666
154 -0.0154707616666666
155 -0.0139980616666666
156 -0.0167755616666666
157 -0.0129711616666666
158 -0.0132380616666666
159 -0.0146038616666666
160 -0.0083989616666666
161 -0.0092712616666666
162 -0.0108402616666666
163 -0.0131725616666666
164 -0.0133458616666666
165 -0.0066764616666666
166 -0.0031854616666666
167 -0.0038947616666666
168 -0.0031447616666666
169 -0.0020392616666666
170 0.0020862383333334
171 -0.0030626616666666
172 -0.0044976616666666
173 -0.0034118616666666
174 -0.0029681616666666
175 0.0037701383333334
176 0.0017947383333334
177 0.0056602383333334
178 0.0003995383333334
179 -0.0003785616666666
180 0.0020077383333334
181 -0.0019937616666666
182 -0.0041695616666666
183 -0.0079060616666666
184 -0.0107229616666666
185 -0.0112415616666666
186 -0.0105484616666666
187 -0.0059955616666666
188 -0.0044956616666666
189 -0.0028986616666666
190 -0.0037612616666666
191 0.0022590383333334
192 -0.0004828616666666
193 0.0003209383333334
194 0.0010434383333334
195 -0.0042094616666666
196 -0.0087069616666666
197 -0.0098422616666666
198 -0.0090687616666666
199 -0.0108652616666666
200 -0.0062696616666666
201 -0.0088502616666666
202 -0.0100325616666666
203 -0.0094238616666666
204 -0.0085466616666666
205 -0.0067615616666666
206 -0.0059467616666666
207 -0.0052066616666666
208 -0.0063395616666666
209 -0.0101307616666666
210 -0.0086248616666666
211 -0.0075730616666666
212 -0.0051970616666666
213 -0.0079783616666666
214 -0.0086589616666666
215 -0.0035680616666666
216 -0.0045439616666666
217 -0.0018690616666666
218 -0.0023469616666666
219 -0.0024599616666666
220 0.0025540383333334
221 0.0021500383333334
222 -0.0029692616666666
223 -0.0041344616666666
224 -0.0027552616666666
225 -0.0099336616666666
226 -0.0104126616666666
227 -0.0056875616666666
228 -0.0112133616666666
229 -0.0067822616666666
230 -0.0097907616666666
231 -0.0089435616666666
232 -0.0111732616666666
233 -0.0071203616666666
234 -0.0069264616666666
235 -0.0089949616666666
236 -0.0045635616666666
237 -0.0080963616666666
238 -0.0055264616666666
239 -0.0069038616666666
240 -0.0033846616666666
241 -0.0033465616666666
242 -0.0007964616666666
243 -0.0043465616666666
244 -0.0086587616666666
245 -0.0102350616666666
246 -0.0094607616666666
247 -0.0059813616666666
248 -0.0068992616666666
249 -0.0120489616666666
250 -0.0132675616666666
251 -0.0128502616666666
252 -0.0132979616666666
253 -0.0092799616666666
254 -0.0071530616666666
255 -0.0128255616666666
256 -0.0090689616666666
257 -0.0092979616666666
258 -0.0062369616666666
259 -0.0044071616666666
260 -0.0048870616666666
261 -0.0003147616666666
262 -0.0027864616666666
263 -0.0065953616666666
264 -0.0067404616666666
265 -0.0051227616666666
266 -0.0045727616666666
267 -0.0062358616666666
268 -0.0065868616666666
269 -0.0100918616666666
270 -0.0124721616666666
271 -0.0097254616666666
272 -0.0030695616666666
273 -0.0043905616666666
274 -0.0040215616666666
275 -0.0063399616666666
276 -0.0015902616666666
277 -0.0042699616666666
278 -0.0095793616666666
279 -0.0107459616666666
280 -0.0108568616666666
281 -0.0099503616666666
282 -0.0084115616666666
283 -0.0079596616666666
284 -0.0052791616666666
285 -0.0067070616666666
286 -0.0079786616666666
287 -0.0088517616666666
288 -0.0102791616666666
289 -0.0080017616666666
290 -0.0114252616666666
291 -0.0118307616666666
292 -0.0112319616666666
293 -0.0142475616666666
294 -0.0128347616666666
295 -0.0105092616666666
296 -0.0134993616666666
297 -0.0107743616666666
298 -0.0105698616666666
299 -0.0115330616666666
300 -0.0111790616666666
301 -0.0125003616666666
302 -0.0130117616666666
303 -0.0116498616666666
304 -0.0085018616666666
305 -0.0082817616666666
306 -0.0105110616666666
307 -0.0124751616666666
308 -0.0158272616666666
309 -0.0143578616666666
310 -0.0163082616666666
311 -0.0154758616666666
312 -0.0144384616666666
313 -0.0170840616666666
314 -0.0163748616666666
315 -0.0132193616666666
316 -0.0123347616666666
317 -0.0140129616666666
318 -0.0159930616666666
319 -0.0121478616666666
320 -0.0100378616666666
321 -0.0086910616666666
322 -0.0083164616666666
323 -0.0079264616666666
324 -0.0039650616666666
325 -0.0054040616666666
326 -0.0058946616666666
327 -0.0104368616666666
328 -0.0061102616666666
329 -0.0030236616666666
330 -0.0091236616666666
331 -0.0086879616666666
332 -0.0104200616666666
333 -0.0088892616666666
334 -0.0123799616666666
335 -0.0117567616666666
336 -0.0109852616666666
337 -0.0086315616666666
338 -0.0027656616666666
339 -0.0091181616666666
340 -0.0096918616666666
341 -0.0105893616666666
342 -0.0039385616666666
343 -0.0028740616666666
344 0.0060545383333334
345 0.0061047383333334
346 0.0055587383333334
347 0.0001224383333334
348 0.0017021383333334
349 0.0028459383333334
350 0.0016782383333334
351 -0.0033820616666666
352 -0.0002877616666666
353 0.0020378383333334
354 0.0041601383333334
355 -0.0033408616666666
356 -0.0045617616666666
357 -0.0084659616666666
358 -0.0109957616666666
359 -0.0083434616666666
360 -0.0077628616666666
361 -0.0040830616666666
362 -0.0034432616666666
363 0.0030670383333334
364 -0.0026605616666666
365 0.0013016383333334
366 -0.0016719616666666
367 -0.0016561616666666
368 -0.0067035616666666
369 -0.0085715616666666
370 -0.0122628616666666
371 -0.0120634616666666
372 -0.0127848616666666
373 -0.0131188616666666
374 -0.0134123616666666
375 -0.0120125616666666
376 -0.0110775616666666
377 -0.0105503616666666
378 -0.0093247616666666
379 -0.0085115616666666
380 -0.0091227616666666
381 -0.0088884616666666
382 -0.0045437616666666
383 -0.0046243616666666
384 -0.0076361616666666
385 -0.0088618616666666
386 -0.0071685616666666
387 -0.0054014616666666
388 -0.0028640616666666
389 -0.0018697616666666
390 -0.0026815616666666
391 0.0017891383333334
392 -0.0027418616666666
393 -0.0006104616666666
394 -0.0060667616666666
395 -0.0062831616666666
396 0.0006621383333334
397 -0.0030831616666666
398 -0.0065176616666666
399 -0.0098094616666666
400 -0.0097223616666666
401 -0.0072919616666666
402 -0.0045927616666666
403 -0.0053159616666666
404 -0.0050354616666666
405 -0.0046206616666666
406 -0.0028981616666666
407 -0.0059990616666666
408 -0.0002635616666666
409 -0.0047916616666666
410 -0.0023366616666666
411 -0.0074418616666666
412 -0.0050265616666666
413 -0.0032313616666666
414 -0.0061980616666666
415 -0.0083333616666666
416 -0.0050486616666666
417 -0.0041134616666666
418 -0.0076170616666666
419 -0.0060667616666666
420 -0.0053793616666666
421 -0.0085327616666666
422 -0.0099348616666666
423 -0.0088733616666666
424 -0.0059363616666666
425 -0.0015074616666666
426 0.0026475383333334
427 0.0048106383333334
428 0.0013727383333334
429 -0.0001921616666666
430 -0.0015979616666666
431 -0.0103424616666666
432 -0.0074387616666666
433 -0.0027033616666666
434 -0.0054467616666666
435 -0.0070503616666666
436 -0.0038089616666666
437 -0.0091118616666666
438 -0.0095641616666666
439 -0.0029889616666666
440 -0.0036630616666666
441 -0.0057193616666666
442 -0.0096063616666666
443 -0.0050023616666666
444 -0.0061746616666666
445 -0.0069528616666666
446 -0.0063847616666666
447 -0.0101900616666666
448 -0.0100625616666666
449 -0.0074071616666666
450 -0.0071927616666666
451 -0.0097153616666666
452 -0.0105778616666666
453 -0.0088459616666666
454 -0.0096524616666666
455 -0.0073135616666666
456 -0.0034235616666666
457 -0.0091762616666666
458 -0.0082130616666666
459 -0.0071636616666666
460 -0.0079426616666666
461 -0.0066242616666666
462 -0.0002051616666666
463 0.0011925383333334
464 0.0053085383333334
465 0.0074153383333334
466 0.0013467383333334
467 0.0010020383333334
468 -0.0016251616666666
469 -0.0013388616666666
470 -0.0084386616666666
471 -0.0072534616666666
472 -0.0078120616666666
473 -0.0087208616666666
474 -0.0059811616666666
475 -0.0020049616666666
476 -0.0007865616666666
477 -0.0062065616666666
478 -0.0070425616666666
479 -0.0100834616666666
480 -0.0086089616666666
481 -0.0080590616666666
482 -0.0135056616666666
483 -0.0112823616666666
484 -0.0141140616666666
485 -0.0133263616666666
486 -0.0119657616666666
487 -0.0089127616666666
488 -0.0074003616666666
489 -0.0086947616666666
490 -0.0053455616666666
491 -0.0112865616666666
492 -0.0079946616666666
493 -0.0071972616666666
494 -0.0075591616666666
495 -0.0045412616666666
496 0.0010115383333334
497 -0.0054184616666666
498 -0.0046780616666666
499 -0.0082809616666666
500 -0.0059812616666666
501 -0.0043764616666666
502 -0.0025366616666666
503 -0.0053510616666666
504 -0.0055609616666666
505 -0.0047396616666666
506 -0.0071692616666666
507 -0.0045479616666666
508 -0.0056323616666666
509 -0.0024821616666666
510 -0.0107023616666666
511 -0.0143313616666666
512 -0.0093000616666666
513 -0.0129228616666666
514 -0.0077933616666666
515 -0.0061956616666666
516 -0.0074092616666666
517 -0.0108758616666666
518 -0.0062857616666666
519 -0.0075736616666666
520 -0.0037646616666666
521 -0.0035202616666666
522 0.0036313383333334
523 0.0024330383333334
524 0.0118320383333334
525 0.0098557383333334
526 0.0079888383333334
527 0.0133197383333334
528 0.0025924383333334
529 0.0023853383333334
530 0.0013064383333334
531 -0.0025181616666666
532 -0.0008803616666666
533 -0.0010623616666666
534 0.0001239383333334
535 0.0039236383333334
536 0.0005830383333334
537 -0.0034001616666666
538 -0.0022807616666666
539 0.0002055383333334
540 0.0023136383333334
541 0.0044526383333334
542 0.0020834383333334
543 -0.0000923616666666
544 0.0040933383333334
545 0.0004716383333334
546 -0.0086930616666666
547 -0.0077975616666666
548 -0.0110503616666666
549 -0.0125309616666666
550 -0.0055947616666666
551 -0.0022976616666666
552 -0.0030000616666666
553 -0.0036090616666666
554 0.0005752383333334
555 -0.0011486616666666
556 -0.0003697616666666
557 -0.0001743616666666
558 -0.0002903616666666
559 0.0008406383333334
560 0.0022902383333334
561 -0.0019085616666666
562 0.0027597383333334
563 -0.0011787616666666
564 -0.0037311616666666
565 -0.0028977616666666
566 -0.0024879616666666
567 -0.0054770616666666
568 -0.0061458616666666
569 -0.0070255616666666
570 -0.0069395616666666
571 -0.0052622616666666
572 -0.0045980616666666
573 -0.0115540616666666
574 -0.0087290616666666
575 -0.0041604616666666
576 -0.0034421616666666
577 0.0006336383333334
578 0.0006595383333334
579 -0.0027950616666666
580 -0.0012823616666666
581 -0.0031885616666666
582 -0.0094260616666666
583 -0.0052418616666666
584 -0.0062472616666666
585 -0.0057405616666666
586 -0.0057475616666666
587 -0.0123320616666666
588 -0.0085583616666666
589 -0.0082634616666666
590 -0.0057508616666666
591 -0.0095628616666666
592 -0.0068075616666666
593 -0.0071264616666666
594 -0.0050560616666666
595 -0.0061587616666666
596 -0.0085454616666666
597 -0.0133795616666666
598 -0.0082621616666666
599 -0.0071087616666666
600 -0.0097227616666666
1 0.0161006383333334
2 0.0116704383333334
3 0.0034662383333334
4 0.0092643383333334
5 0.0078213383333334
6 0.0066738383333334
7 -0.0004140616666666
8 0.0022758383333334
9 -0.0014913616666666
10 -0.0039359616666666
11 -0.0054923616666666
12 -0.0092565616666666
13 -0.0057008616666666
14 -0.0062241616666666
15 -0.0082759616666666
16 -0.0049632616666666
17 -0.0032929616666666
18 -0.0080371616666666
19 -0.0108320616666666
20 -0.0097676616666666
21 -0.0118617616666666
22 -0.0146754616666666
23 -0.0143177616666666
24 -0.0118933616666666
25 -0.0116846616666666
26 -0.0112856616666666
27 -0.0093827616666666
28 -0.0054764616666666
29 -0.0032911616666666
30 -0.0053996616666666
31 -0.0038706616666666
32 -0.0081918616666666
33 -0.0118165616666666
34 -0.0097871616666666
35 -0.0092127616666666
36 -0.0024756616666666
37 -0.0001894616666666
38 -0.0031625616666666
39 -0.0058176616666666
40 -0.0040053616666666
41 -0.0002356616666666
42 0.0020618383333334
43 0.0034126383333334
44 -0.0031567616666666
45 -0.0080806616666666
46 -0.0098932616666666
47 -0.0130823616666666
48 -0.0121647616666666
49 -0.0099294616666666
50 -0.0069301616666666
51 -0.0099974616666666
52 -0.0142613616666666
53 -0.0156654616666666
54 -0.0121540616666666
55 -0.0112236616666666
56 -0.0141866616666666
57 -0.0126737616666666
58 -0.0099699616666666
59 -0.0103678616666666
60 -0.0109056616666666
61 -0.0122894616666666
62 -0.0112484616666666
63 -0.0099902616666666
64 -0.0080956616666666
65 -0.0118425616666666
66 -0.0127514616666666
67 -0.0155354616666666
68 -0.0128723616666666
69 -0.0095462616666666
70 -0.0110135616666666
71 -0.0121394616666666
72 -0.0139268616666666
73 -0.0155038616666666
74 -0.0188010616666666
75 -0.0179419616666666
76 -0.0140175616666666
77 -0.0139871616666666
78 -0.0147714616666666
79 -0.0100062616666666
80 -0.0084266616666666
81 -0.0091798616666666
82 -0.0074614616666666
83 -0.0049205616666666
84 -0.0021858616666666
85 -0.0066158616666666
86 -0.0079873616666666
87 -0.0085410616666666
88 -0.0024063616666666
89 -0.0033882616666666
90 0.0013854383333334
91 0.0079503383333334
92 0.0039104383333334
93 0.0018359383333334
94 0.0004407383333334
95 -0.0022111616666666
96 -0.0007039616666666
97 0.0030073383333334
98 0.0073130383333334
99 0.0030442383333334
100 0.0016225383333334
101 -0.0006451616666666
102 -0.0067444616666666
103 -0.0066869616666666
104 -0.0104478616666666
105 -0.0065799616666666
106 -0.0058486616666666
107 -0.0111429616666666
108 -0.0116114616666666
109 -0.0116987616666666
110 -0.0119034616666666
111 -0.0080247616666666
112 -0.0068617616666666
113 -0.0079593616666666
114 -0.0098270616666666
115 -0.0100107616666666
116 -0.0129157616666666
117 -0.0085741616666666
118 -0.0082942616666666
119 -0.0098489616666666
120 -0.0137318616666666
121 -0.0129575616666666
122 -0.0077004616666666
123 -0.0095622616666666
124 -0.0063044616666666
125 0.0004062383333334
126 -0.0044904616666666
127 -0.0020843616666666
128 -0.0025919616666666
129 -0.0064355616666666
130 -0.0033411616666666
131 -0.0017525616666666
132 0.0004115383333334
133 0.0013500383333334
134 0.0029044383333334
135 0.0036292383333334
136 -0.0053932616666666
137 -0.0046105616666666
138 -0.0074500616666666
139 -0.0129442616666666
140 -0.0140491616666666
141 -0.0131469616666666
142 -0.0162561616666666
143 -0.0154605616666666
144 -0.0117474616666666
145 -0.0090125616666666
146 -0.0050338616666666
147 -0.0045973616666666
148 -0.0077968616666666
149 -0.0027234616666666
150 -0.0010112616666666
151 -0.0048720616666666
152 -0.0070549616666666
153 -0.0062311616666666
154 -0.0110674616666666
155 -0.0062456616666666
156 -0.0062400616666666
157 -0.0080067616666666
158 -0.0105451616666666
159 -0.0046895616666666
160 -0.0082537616666666
161 -0.0082884616666666
162 -0.0030397616666666
163 -0.0053649616666666
164 -0.0030494616666666
165 -0.0022603616666666
166 -0.0016136616666666
167 -0.0052201616666666
168 -0.0051099616666666
169 -0.0015653616666666
170 -0.0034594616666666
171 -0.0048091616666666
172 -0.0026943616666666
173 -0.0040332616666666
174 -0.0055309616666666
175 -0.0063174616666666
176 -0.0083738616666666
177 -0.0098961616666666
178 -0.0100904616666666
179 -0.0042397616666666
180 -0.0056882616666666
181 -0.0016308616666666
182 -0.0023150616666666
183 -0.0030061616666666
184 -0.0011516616666666
185 -0.0026882616666666
186 -0.0032309616666666
187 -0.0042708616666666
188 -0.0047329616666666
189 0.0007546383333334
190 0.0003224383333334
191 0.0061515383333334
192 0.0033274383333334
193 -0.0059641616666666
194 -0.0024822616666666
195 -0.0046661616666666
196 -0.0092238616666666
197 -0.0102902616666666
198 -0.0071846616666666
199 -0.0065309616666666
200 -0.0009853616666666
201 -0.0005495616666666
202 -0.0018391616666666
203 -0.0046995616666666
204 -0.0054542616666666
205 -0.0035681616666666
206 -0.0038314616666666
207 -0.0081968616666666
208 -0.0109850616666666
209 -0.0096150616666666
210 -0.0123642616666666
211 -0.0090885616666666
212 -0.0098494616666666
213 -0.0081978616666666
214 -0.0113991616666666
215 -0.0050993616666666
216 -0.0025792616666666
217 -0.0027310616666666
218 0.0001600383333334
219 -0.0053292616666666
220 -0.0018269616666666
221 -0.0004394616666666
222 -0.0084506616666666
223 -0.0119931616666666
224 -0.0119225616666666
225 -0.0102764616666666
226 -0.0083547616666666
227 -0.0110141616666666
228 -0.0123326616666666
229 -0.0120630616666666
230 -0.0109705616666666
231 -0.0067449616666666
232 -0.0059094616666666
233 -0.0125080616666666
234 -0.0123552616666666
235 -0.0124032616666666
236 -0.0112775616666666
237 -0.0083155616666666
238 -0.0097832616666666
239 -0.0100556616666666
240 -0.0071080616666666
241 -0.0060626616666666
242 -0.0107809616666666
243 -0.0133450616666666
244 -0.0112765616666666
245 -0.0104259616666666
246 -0.0122410616666666
247 -0.0131800616666666
248 -0.0093722616666666
249 -0.0101148616666666
250 -0.0089792616666666
251 -0.0059076616666666
252 -0.0068701616666666
253 -0.0081772616666666
254 -0.0081615616666666
255 -0.0084871616666666
256 -0.0073492616666666
257 -0.0135739616666666
258 -0.0104058616666666
259 -0.0078795616666666
260 -0.0059562616666666
261 -0.0083043616666666
262 -0.0065382616666666
263 -0.0055708616666666
264 -0.0023591616666666
265 -0.0081101616666666
266 -0.0135349616666666
267 -0.0124045616666666
268 -0.0089911616666666
269 -0.0077359616666666
270 -0.0100276616666666
271 -0.0069973616666666
272 -0.0041511616666666
273 -0.0075292616666666
274 -0.0064207616666666
275 -0.0032501616666666
276 -0.0015077616666666
277 -0.0029830616666666
278 -0.0021760616666666
279 -0.0051564616666666
280 -0.0013537616666666
281 -0.0015961616666666
282 -0.0042642616666666
283 -0.0045474616666666
284 -0.0041808616666666
285 -0.0050675616666666
286 -0.0037302616666666
287 0.0005648383333334
288 0.0001227383333334
289 -0.0019457616666666
290 -0.0067183616666666
291 -0.0119930616666666
292 -0.0126324616666666
293 -0.0096342616666666
294 -0.0134558616666666
295 -0.0093408616666666
296 -0.0082078616666666
297 -0.0048113616666666
298 -0.0079501616666666
299 -0.0075874616666666
300 -0.0082596616666666
301 -0.0061163616666666
302 -0.0054269616666666
303 -0.0070760616666666
304 -0.0118551616666666
305 -0.0085822616666666
306 -0.0092782616666666
307 -0.0095894616666666
308 -0.0186087616666666
309 -0.0161535616666666
310 -0.0172311616666666
311 -0.0185226616666666
312 -0.0127108616666666
313 -0.0081176616666666
314 -0.0078536616666666
315 -0.0068333616666666
316 -0.0037832616666666
317 -0.0062168616666666
318 -0.0007746616666666
319 0.0033511383333334
320 0.0034557383333334
321 0.0026538383333334
322 0.0004534383333334
323 0.0050696383333334
324 0.0038526383333334
325 0.0008397383333334
326 -0.0048815616666666
327 -0.0011743616666666
328 -0.0014950616666666
329 -0.0068084616666666
330 -0.0116094616666666
331 -0.0091116616666666
332 -0.0100077616666666
333 -0.0119183616666666
334 -0.0086081616666666
335 -0.0111882616666666
336 -0.0125802616666666
337 -0.0159573616666666
338 -0.0136012616666666
339 -0.0096649616666666
340 -0.0073469616666666
341 -0.0070919616666666
342 -0.0096011616666666
343 -0.0107192616666666
344 -0.0080004616666666
345 -0.0064256616666666
346 -0.0079841616666666
347 -0.0060570616666666
348 -0.0072858616666666
349 -0.0025952616666666
350 -0.0019717616666666
351 -0.0041321616666666
352 -0.0033553616666666
353 -0.0037683616666666
354 -0.0023140616666666
355 -0.0036135616666666
356 -0.0070693616666666
357 -0.0014538616666666
358 -0.0087464616666666
359 -0.0128416616666666
360 -0.0139991616666666
361 -0.0109597616666666
362 -0.0071068616666666
363 -0.0053396616666666
364 -0.0039371616666666
365 -0.0021557616666666
366 -0.0021418616666666
367 -0.0064291616666666
368 -0.0060501616666666
369 -0.0077777616666666
370 -0.0008699616666666
371 -0.0059861616666666
372 -0.0087480616666666
373 -0.0096855616666666
374 -0.0109233616666666
375 -0.0083150616666666
376 -0.0104015616666666
377 -0.0139392616666666
378 -0.0165326616666666
379 -0.0182749616666666
380 -0.0216389616666666
381 -0.0245174616666666
382 -0.0210148616666666
383 -0.0192489616666666
384 -0.0190975616666666
385 -0.0221229616666666
386 -0.0213719616666666
387 -0.0199680616666666
388 -0.0181434616666666
389 -0.0178230616666666
390 -0.0097280616666666
391 -0.0100598616666666
392 -0.0065726616666666
393 -0.0008753616666666
394 -0.0048335616666666
395 -0.0106726616666666
396 -0.0141170616666666
397 -0.0140970616666666
398 -0.0097717616666666
399 -0.0048150616666666
400 -0.0009330616666666
401 -0.0044393616666666
402 -0.0053441616666666
403 0.0014404383333334
404 0.0011689383333334
405 0.0000794383333334
406 0.0012369383333334
407 -0.0002565616666666
408 -0.0036791616666666
409 -0.0060055616666666
410 -0.0078941616666666
411 -0.0062472616666666
412 -0.0075950616666666
413 -0.0101791616666666
414 -0.0101845616666666
415 -0.0112598616666666
416 -0.0138347616666666
417 -0.0146877616666666
418 -0.0133052616666666
419 -0.0175263616666666
420 -0.0155338616666666
421 -0.0143536616666666
422 -0.0085373616666666
423 -0.0052608616666666
424 -0.0076511616666666
425 -0.0061275616666666
426 -0.0027025616666666
427 -0.0069177616666666
428 -0.0096351616666666
429 -0.0101091616666666
430 -0.0073678616666666
431 -0.0090409616666666
432 -0.0082965616666666
433 -0.0073203616666666
434 -0.0055196616666666
435 -0.0069823616666666
436 -0.0057847616666666
437 -0.0068374616666666
438 -0.0081577616666666
439 -0.0084111616666666
440 -0.0084857616666666
441 -0.0076110616666666
442 -0.0042329616666666
443 -0.0018106616666666
444 -0.0028911616666666
445 -0.0020045616666666
446 -0.0072370616666666
447 -0.0059041616666666
448 -0.0091639616666666
449 -0.0100900616666666
450 -0.0141664616666666
451 -0.0113803616666666
452 -0.0131660616666666
453 -0.0136387616666666
454 -0.0120004616666666
455 -0.0097252616666666
456 -0.0070653616666666
457 -0.0043660616666666
458 -0.0060878616666666
459 -0.0042564616666666
460 -0.0075775616666666
461 -0.0097839616666666
462 -0.0042525616666666
463 -0.0055986616666666
464 -0.0019306616666666
465 0.0002501383333334
466 -0.0059868616666666
467 -0.0037781616666666
468 -0.0052559616666666
469 -0.0034750616666666
470 -0.0034045616666666
471 -0.0041181616666666
472 -0.0026221616666666
473 -0.0069918616666666
474 -0.0008665616666666
475 0.0039388383333334
476 -0.0029806616666666
477 -0.0088618616666666
478 -0.0041985616666666
479 -0.0052526616666666
480 -0.0051414616666666
481 -0.0023734616666666
482 -0.0024783616666666
483 0.0025650383333334
484 -0.0000492616666666
485 0.0005489383333334
486 -0.0057396616666666
487 -0.0037609616666666
488 0.0027436383333334
489 -0.0018547616666666
490 -0.0019763616666666
491 -0.0042406616666666
492 -0.0073761616666666
493 -0.0071061616666666
494 -0.0123075616666666
495 -0.0125811616666666
496 -0.0155757616666666
497 -0.0170234616666666
498 -0.0120886616666666
499 -0.0098310616666666
500 -0.0061398616666666
501 -0.0092707616666666
502 -0.0029514616666666
503 0.0016854383333334
504 -0.0023340616666666
505 -0.0024011616666666
506 -0.0011490616666666
507 0.0057226383333334
508 0.0012346383333334
509 0.0035664383333334
510 -0.0021715616666666
511 -0.0065429616666666
512 -0.0061987616666666
513 -0.0025889616666666
514 0.0006244383333334
515 -0.0040828616666666
516 0.0018551383333334
517 -0.0013701616666666
518 0.0030972383333334
519 -0.0014679616666666
520 -0.0047524616666666
521 -0.0075364616666666
522 -0.0032721616666666
523 -0.0081548616666666
524 -0.0094531616666666
525 -0.0090666616666666
526 -0.0097229616666666
527 -0.0104755616666666
528 -0.0086964616666666
529 -0.0055990616666666
530 -0.0055573616666666
531 -0.0061511616666666
532 -0.0109327616666666
533 -0.0135055616666666
534 -0.0084403616666666
535 -0.0052077616666666
536 -0.0080707616666666
537 -0.0068896616666666
538 -0.0119034616666666
539 -0.0073699616666666
540 -0.0027295616666666
541 -0.0064854616666666
542 -0.0100070616666666
543 -0.0110367616666666
544 -0.0139472616666666
545 -0.0125996616666666
546 -0.0095576616666666
547 -0.0080034616666666
548 -0.0080991616666666
549 -0.0105584616666666
550 -0.0116638616666666
551 -0.0127991616666666
552 -0.0082812616666666
553 -0.0056782616666666
554 -0.0056520616666666
555 -0.0062477616666666
556 -0.0056446616666666
557 -0.0102306616666666
558 -0.0102667616666666
559 -0.0118088616666666
560 -0.0128688616666666
561 -0.0104610616666666
562 -0.0127656616666666
563 -0.0119430616666666
564 -0.0117419616666666
565 -0.0080257616666666
566 -0.0101521616666666
567 -0.0104883616666666
568 -0.0076560616666666
569 -0.0105774616666666
570 -0.0133904616666666
571 -0.0148330616666666
572 -0.0132951616666666
573 -0.0148253616666666
574 -0.0091845616666666
575 -0.0113151616666666
576 -0.0104759616666666
577 -0.0037663616666666
578 -0.0048068616666666
579 -0.0087914616666666
580 -0.0104557616666666
581 -0.0094801616666666
582 -0.0117046616666666
583 -0.0122283616666666
584 -0.0147137616666666
585 -0.0088784616666666
586 -0.0094106616666666
587 -0.0125227616666666
588 -0.0135480616666666
589 -0.0071132616666666
590 -0.0095516616666666
591 -0.0136718616666666
592 -0.0124373616666666
593 -0.0116926616666666
594 -0.0133610616666666
595 -0.0109549616666666
596 -0.0146372616666666
597 -0.0162541616666666
598 -0.0129088616666666
599 -0.0142092616666666
600 -0.0117994616666666
1 0.0108414383333334
2 0.0081769383333334
3 0.0056691383333334
4 0.0085389383333334
5 0.0051358383333334
6 0.0053755383333334
7 0.0039294383333334
8 0.0024199383333334
9 0.0027359383333334
10 -0.0018688616666666
11 0.0005698383333334
12 -0.0011441616666666
13 -0.0034212616666666
14 -0.0066217616666666
15 -0.0051644616666666
16 0.0028865383333334
17 0.0020661383333334
18 0.0042297383333334
19 0.0048725383333334
20 0.0023995383333334
21 -0.0011240616666666
22 -0.0035762616666666
23 -0.0064268616666666
24 -0.0020684616666666
25 -0.0039119616666666
26 -0.0051587616666666
27 -0.0043565616666666
28 -0.0072965616666666
29 -0.0095685616666666
30 -0.0029719616666666
31 -0.0060566616666666
32 -0.0036460616666666
33 -0.0028272616666666
34 -0.0008146616666666
35 0.0012380383333334
36 0.0026110383333334
37 -0.0009593616666666
38 0.0015582383333334
39 0.0022328383333334
40 0.0047956383333334
41 0.0040540383333334
42 0.0045022383333334
43 0.0005230383333334
44 0.0021091383333334
45 0.0023985383333334
46 0.0037734383333334
47 0.0019825383333334
48 0.0026829383333334
49 0.0008811383333334
50 -0.0039989616666666
51 -0.0051924616666666
52 -0.0022213616666666
53 -0.0006610616666666
54 -0.0041515616666666
55 -0.0068965616666666
56 -0.0088335616666666
57 -0.0033424616666666
58 -0.0069619616666666
59 -0.0072618616666666
60 -0.0063972616666666
61 -0.0118213616666666
62 -0.0159012616666666
63 -0.0141872616666666
64 -0.0157433616666666
65 -0.0151041616666666
66 -0.0170677616666666
67 -0.0139473616666666
68 -0.0137943616666666
69 -0.0119916616666666
70 -0.0108008616666666
71 -0.0092605616666666
72 -0.0114092616666666
73 -0.0131412616666666
74 -0.0076041616666666
75 -0.0045357616666666
76 -0.0019033616666666
77 -0.0094288616666666
78 -0.0076416616666666
79 -0.0024728616666666
80 -0.0014368616666666
81 -0.0013863616666666
82 -0.0047399616666666
83 -0.0043895616666666
84 -0.0078078616666666
85 -0.0028955616666666
86 -0.0063395616666666
87 -0.0063270616666666
88 -0.0088268616666666
89 -0.0103449616666666
90 -0.0071278616666666
91 -0.0076871616666666
92 -0.0090956616666666
93 -0.0112312616666666
94 -0.0096574616666666
95 -0.0068234616666666
96 -0.0111436616666666
97 -0.0118016616666666
98 -0.0104608616666666
99 -0.0100648616666666
100 -0.0120075616666666
101 -0.0095672616666666
102 -0.0054921616666666
103 -0.0058055616666666
104 -0.0100298616666666
105 -0.0102406616666666
106 -0.0041350616666666
107 -0.0065519616666666
108 -0.0038924616666666
109 -0.0064355616666666
110 -0.0069673616666666
111 -0.0083374616666666
112 -0.0085752616666666
113 -0.0110639616666666
114 -0.0125189616666666
115 -0.0055213616666666
116 -0.0051293616666666
117 -0.0088953616666666
118 -0.0088596616666666
119 -0.0100832616666666
120 -0.0066082616666666
121 -0.0052868616666666
122 -0.0062857616666666
123 -0.0097799616666666
124 -0.0036283616666666
125 -0.0035414616666666
126 -0.0071059616666666
127 -0.0045995616666666
128 -0.0045872616666666
129 -0.0064696616666666
130 -0.0088738616666666
131 -0.0065526616666666
132 -0.0070389616666666
133 -0.0085702616666666
134 -0.0074270616666666
135 -0.0083947616666666
136 -0.0072085616666666
137 -0.0057008616666666
138 -0.0044182616666666
139 -0.0015796616666666
140 0.0002092383333334
141 -0.0049045616666666
142 -0.0085351616666666
143 -0.0080050616666666
144 -0.0046480616666666
145 -0.0062458616666666
146 -0.0050924616666666
147 -0.0032120616666666
148 -0.0012355616666666
149 -0.0022945616666666
150 -0.0045919616666666
151 -0.0015593616666666
152 0.0003478383333334
153 -0.0017060616666666
154 -0.0006168616666666
155 -0.0031388616666666
156 0.0005846383333334
157 -0.0010528616666666
158 -0.0033861616666666
159 -0.0051412616666666
160 -0.0063948616666666
161 -0.0072855616666666
162 -0.0097414616666666
163 -0.0066289616666666
164 -0.0122783616666666
165 -0.0084391616666666
166 -0.0086542616666666
167 -0.0111359616666666
168 -0.0063907616666666
169 -0.0060004616666666
170 -0.0037746616666666
171 -0.0068304616666666
172 -0.0045832616666666
173 -0.0058118616666666
174 -0.0023462616666666
175 -0.0043096616666666
176 -0.0006845616666666
177 -0.0048095616666666
178 -0.0052651616666666
179 -0.0044188616666666
180 -0.0005959616666666
181 0.0032709383333334
182 0.0001647383333334
183 -0.0031944616666666
184 -0.0042195616666666
185 -0.0000171616666666
186 0.0028564383333334
187 0.0018284383333334
188 -0.0035523616666666
189 -0.0039886616666666
190 -0.0079413616666666
191 -0.0107634616666666
192 -0.0103682616666666
193 -0.0081793616666666
194 -0.0081974616666666
195 -0.0079914616666666
196 -0.0089640616666666
197 -0.0076624616666666
198 -0.0108085616666666
199 -0.0104631616666666
200 -0.0082968616666666
201 -0.0089499616666666
202 -0.0099226616666666
203 -0.0131174616666666
204 -0.0120768616666666
205 -0.0107968616666666
206 -0.0115853616666666
207 -0.0080898616666666
208 -0.0125385616666666
209 -0.0133214616666666
210 -0.0142666616666666
211 -0.0146795616666666
212 -0.0090085616666666
213 -0.0061290616666666
214 -0.0065185616666666
215 -0.0089507616666666
216 -0.0053527616666666
217 -0.0020257616666666
218 -0.0046295616666666
219 -0.0059070616666666
220 -0.0062970616666666
221 -0.0052884616666666
222 -0.0033305616666666
223 0.0009628383333334
224 -0.0021325616666666
225 -0.0045821616666666
226 -0.0098869616666666
227 -0.0133989616666666
228 -0.0102621616666666
229 -0.0095974616666666
230 -0.0061005616666666
231 -0.0103415616666666
232 -0.0106490616666666
233 -0.0021388616666666
234 -0.0008406616666666
235 -0.0038427616666666
236 0.0006488383333334
237 -0.0002541616666666
238 0.0000804383333334
239 -0.0016070616666666
240 -0.0004030616666666
241 0.0017222383333334
242 -0.0010793616666666
243 0.0005215383333334
244 -0.0010717616666666
245 -0.0054900616666666
246 -0.0052077616666666
247 -0.0028525616666666
248 -0.0009269616666666
249 -0.0023029616666666
250 -0.0042662616666666
251 -0.0031967616666666
252 -0.0060215616666666
253 -0.0086117616666666
254 -0.0095100616666666
255 -0.0054171616666666
256 -0.0085861616666666
257 -0.0052529616666666
258 -0.0094953616666666
259 -0.0114604616666666
260 -0.0112807616666666
261 -0.0097131616666666
262 -0.0134170616666666
263 -0.0117421616666666
264 -0.0127782616666666
265 -0.0086364616666666
266 -0.0100011616666666
267 -0.0100140616666666
268 -0.0048814616666666
269 -0.0051668616666666
270 -0.0127599616666666
271 -0.0112788616666666
272 -0.0098499616666666
273 -0.0094015616666666
274 -0.0120439616666666
275 -0.0138620616666666
276 -0.0145971616666666
277 -0.0152814616666666
278 -0.0146669616666666
279 -0.0114546616666666
280 -0.0112444616666666
281 -0.0087343616666666
282 -0.0068615616666666
283 -0.0045376616666666
284 -0.0054045616666666
285 -0.0020612616666666
286 -0.0026778616666666
287 0.0036279383333334
288 0.0017832383333334
289 -0.0006742616666666
290 0.0013480383333334
291 -0.0057076616666666
292 -0.0008297616666666
293 -0.0043566616666666
294 -0.0033196616666666
295 -0.0065973616666666
296 -0.0131499616666666
297 -0.0099603616666666
298 -0.0127920616666666
299 -0.0090085616666666
300 -0.0076858616666666
301 -0.0116415616666666
302 -0.0070317616666666
303 -0.0087827616666666
304 -0.0089107616666666
305 -0.0073652616666666
306 -0.0110606616666666
307 -0.0110524616666666
308 -0.0087660616666666
309 -0.0075513616666666
310 -0.0093846616666666
311 -0.0106259616666666
312 -0.0101470616666666
313 -0.0136478616666666
314 -0.0094532616666666
315 -0.0105180616666666
316 -0.0076926616666666
317 -0.0049830616666666
318 -0.0104097616666666
319 -0.0132789616666666
320 -0.0075790616666666
321 -0.0077139616666666
322 -0.0085088616666666
323 -0.0124229616666666
324 -0.0080975616666666
325 -0.0077766616666666
326 -0.0086124616666666
327 -0.0079063616666666
328 -0.0023677616666666
329 -0.0056549616666666
330 -0.0002181616666666
331 0.0024857383333334
332 -0.0038396616666666
333 -0.0094751616666666
334 -0.0098661616666666
335 -0.0089583616666666
336 -0.0062969616666666
337 -0.0057927616666666
338 -0.0040036616666666
339 -0.0057075616666666
340 -0.0052939616666666
341 -0.0094282616666666
342 -0.0138493616666666
343 -0.0121083616666666
344 -0.0112211616666666
345 -0.0107349616666666
346 -0.0121822616666666
347 -0.0086855616666666
348 -0.0057703616666666
349 -0.0051162616666666
350 -0.0067520616666666
351 -0.0047039616666666
352 -0.0050494616666666
353 -0.0044785616666666
354 -0.0042705616666666
355 -0.0032890616666666
356 0.0000564383333334
357 -0.0031965616666666
358 -0.0062047616666666
359 -0.0055001616666666
360 -0.0040357616666666
361 0.0006282383333334
362 -0.0002073616666666
363 0.0046147383333334
364 -0.0004441616666666
365 0.0042847383333334
366 0.0051571383333334
367 0.0063495383333334
368 0.0003453383333334
369 -0.0028528616666666
370 -0.0024676616666666
371 -0.0023051616666666
372 -0.0067768616666666
373 -0.0087147616666666
374 -0.0072701616666666
375 -0.0063043616666666
376 -0.0087969616666666
377 -0.0099177616666666
378 -0.0115111616666666
379 -0.0110250616666666
380 -0.0134331616666666
381 -0.0094905616666666
382 -0.0061987616666666
383 -0.0065081616666666
384 -0.0088272616666666
385 -0.0124062616666666
386 -0.0101512616666666
387 -0.0079352616666666
388 -0.0062858616666666
389 -0.0098295616666666
390 -0.0079157616666666
391 -0.0082299616666666
392 -0.0104555616666666
393 -0.0121125616666666
394 -0.0124231616666666
395 -0.0131043616666666
396 -0.0118254616666666
397 -0.0124995616666666
398 -0.0126124616666666
399 -0.0152724616666666
400 -0.0105854616666666
401 -0.0065684616666666
402 -0.0022284616666666
403 -0.0053517616666666
404 0.0003354383333334
405 -0.0016511616666666
406 -0.0003008616666666
407 0.0043526383333334
408 0.0016617383333334
409 -0.0002317616666666
410 -0.0037593616666666
411 -0.0048936616666666
412 -0.0056055616666666
413 -0.0041590616666666
414 -0.0039554616666666
415 -0.0063755616666666
416 -0.0073706616666666
417 -0.0080375616666666
418 -0.0038815616666666
419 -0.0039912616666666
420 -0.0067144616666666
421 -0.0077363616666666
422 -0.0113867616666666
423 -0.0122724616666666
424 -0.0076388616666666
425 -0.0108542616666666
426 -0.0049891616666666
427 -0.0063432616666666
428 -0.0053022616666666
429 -0.0035100616666666
430 0.0026907383333334
431 0.0052755383333334
432 -0.0053125616666666
433 0.0023699383333334
434 0.0016279383333334
435 0.0005744383333334
436 -0.0002922616666666
437 0.0009608383333334
438 0.0048897383333334
439 0.0056469383333334
440 0.0011406383333334
441 0.0034779383333334
442 0.0048902383333334
443 -0.0053718616666666
444 -0.0053516616666666
445 -0.0062139616666666
446 -0.0091010616666666
447 -0.0134415616666666
448 -0.0117624616666666
449 -0.0108450616666666
450 -0.0137505616666666
451 -0.0118242616666666
452 -0.0148637616666666
453 -0.0118337616666666
454 -0.0073761616666666
455 -0.0107309616666666
456 -0.0126117616666666
457 -0.0147217616666666
458 -0.0137106616666666
459 -0.0156029616666666
460 -0.0165346616666666
461 -0.0158185616666666
462 -0.0108689616666666
463 -0.0105408616666666
464 -0.0101386616666666
465 -0.0127185616666666
466 -0.0125113616666666
467 -0.0072052616666666
468 -0.0051293616666666
469 -0.0054303616666666
470 -0.0044052616666666
471 -0.0046143616666666
472 -0.0071250616666666
473 -0.0055587616666666
474 -0.0096081616666666
475 -0.0059837616666666
476 -0.0073752616666666
477 -0.0099440616666666
478 -0.0061185616666666
479 -0.0036972616666666
480 -0.0019246616666666
481 -0.0041496616666666
482 0.0006934383333334
483 0.0021230383333334
484 -0.0001839616666666
485 -0.0005000616666666
486 -0.0022617616666666
487 -0.0036963616666666
488 -0.0075673616666666
489 -0.0122842616666666
490 -0.0116179616666666
491 -0.0103864616666666
492 -0.0084190616666666
493 -0.0067853616666666
494 -0.0080555616666666
495 -0.0049874616666666
496 -0.0005124616666666
497 -0.0012576616666666
498 0.0007172383333334
499 0.0031511383333334
500 0.0033218383333334
501 -0.0020415616666666
502 -0.0021728616666666
503 -0.0001005616666666
504 0.0008912383333334
505 -0.0038385616666666
506 -0.0053828616666666
507 -0.0054290616666666
508 -0.0077830616666666
509 -0.0057176616666666
510 -0.0025399616666666
511 -0.0066321616666666
512 -0.0047272616666666
513 -0.0021989616666666
514 -0.0017744616666666
515 -0.0024580616666666
516 -0.0015634616666666
517 -0.0025521616666666
518 0.0010838383333334
519 -0.0039568616666666
520 -0.0030034616666666
521 0.0013084383333334
522 -0.0008393616666666
523 -0.0049060616666666
524 -0.0026585616666666
525 -0.0019714616666666
526 -0.0035470616666666
527 0.0006872383333334
528 0.0080945383333334
529 0.0070561383333334
530 0.0053625383333334
531 0.0061894383333334
532 -0.0009719616666666
533 -0.0046956616666666
534 -0.0027047616666666
535 -0.0059566616666666
536 -0.0043806616666666
537 -0.0061094616666666
538 -0.0079111616666666
539 -0.0073158616666666
540 -0.0060010616666666
541 -0.0079001616666666
542 -0.0094302616666666
543 -0.0150070616666666
544 -0.0109783616666666
545 -0.0110299616666666
546 -0.0094300616666666
547 -0.0122002616666666
548 -0.0144731616666666
549 -0.0087662616666666
550 -0.0083883616666666
551 -0.0076086616666666
552 -0.0138809616666666
553 -0.0129062616666666
554 -0.0127151616666666
555 -0.0124492616666666
556 -0.0147330616666666
557 -0.0142600616666666
558 -0.0079708616666666
559 -0.0091370616666666
560 -0.0119394616666666
561 -0.0086241616666666
562 -0.0109086616666666
563 -0.0133777616666666
564 -0.0114529616666666
565 -0.0115068616666666
566 -0.0099429616666666
567 -0.0097448616666666
568 -0.0161174616666666
569 -0.0155964616666666
570 -0.0109713616666666
571 -0.0090094616666666
572 -0.0057994616666666
573 -0.0016238616666666
574 -0.0004615616666666
575 -0.0018261616666666
576 -0.0009201616666666
577 0.0010683383333334
578 0.0021177383333334
579 -0.0003496616666666
580 0.0007814383333334
581 0.0036925383333334
582 0.0113930383333334
583 0.0035519383333334
584 0.0012357383333334
585 -0.0048352616666666
586 -0.0073037616666666
587 -0.0104484616666666
588 -0.0107370616666666
589 -0.0100822616666666
590 -0.0096541616666666
591 -0.0081533616666666
592 -0.0070135616666666
593 -0.0040743616666666
594 -0.0091049616666666
595 -0.0124455616666666
596 -0.0093874616666666
597 -0.0063345616666666
598 -0.0065736616666666
599 -0.0086795616666666
600 -0.0092995616666666
1 -0.0009544616666666
2 -0.0007708616666666
3 -0.0076994616666666
4 -0.0086643616666666
5 -0.0082552616666666
6 -0.0079032616666666
7 -0.0147479616666666
8 -0.0151509616666666
9 -0.0136581616666666
10 -0.0127786616666666
11 -0.0109110616666666
12 -0.0111392616666666
13 -0.0092518616666666
14 -0.0082667616666666
15 -0.0073428616666666
16 -0.0116461616666666
17 -0.0056911616666666
18 -0.0069921616666666
19 -0.0062366616666666
20 -0.0025636616666666
21 -0.0027726616666666
22 -0.0049301616666666
23 -0.0026450616666666
24 -0.0023384616666666
25 -0.0043057616666666
26 -0.0026243616666666
27 -0.0064214616666666
28 -0.0039348616666666
29 0.0029512383333334
30 0.0077544383333334
31 0.0052554383333334
32 0.0054596383333334
33 0.0065064383333334
34 -0.0006584616666666
35 -0.0032947616666666
36 -0.0016847616666666
37 -0.0017111616666666
38 -0.0059055616666666
39 -0.0036794616666666
40 -0.0110820616666666
41 -0.0118149616666666
42 -0.0039252616666666
43 -0.0069294616666666
44 -0.0031380616666666
45 -0.0033760616666666
46 -0.0058097616666666
47 -0.0050339616666666
48 -0.0086093616666666
49 -0.0061760616666666
50 -0.0094322616666666
51 -0.0058167616666666
52 -0.0095346616666666
53 -0.0096061616666666
54 -0.0112836616666666
55 -0.0143878616666666
56 -0.0114490616666666
57 -0.0106033616666666
58 -0.0071840616666666
59 -0.0054259616666666
60 -0.0064948616666666
61 -0.0070680616666666
62 -0.0054624616666666
63 -0.0072358616666666
64 -0.0071499616666666
65 -0.0054235616666666
66 -0.0050431616666666
67 -0.0063166616666666
68 -0.0079498616666666
69 -0.0042437616666666
70 -0.0011322616666666
71 -0.0022102616666666
72 -0.0020630616666666
73 -0.0001985616666666
74 -0.0006100616666666
75 -0.0045108616666666
76 0.0008420383333334
77 -0.0000101616666666
78 -0.0055120616666666
79 -0.0045059616666666
80 -0.0040588616666666
81 -0.0041031616666666
82 0.0003969383333334
83 0.0033335383333334
84 0.0043351383333334
85 -0.0001188616666666
86 -0.0024550616666666
87 -0.0036355616666666
88 0.0004592383333334
89 0.0026101383333334
90 0.0037676383333334
91 -0.0015625616666666
92 0.0022506383333334
93 0.0010146383333334
94 0.0010764383333334
95 -0.0000288616666666
96 -0.0055787616666666
97 -0.0038354616666666
98 -0.0144055616666666
99 -0.0101539616666666
100 -0.0089177616666666
101 -0.0102064616666666
102 -0.0134847616666666
103 -0.0104807616666666
104 -0.0099884616666666
105 -0.0100935616666666
106 -0.0106768616666666
107 -0.0103160616666666
108 -0.0072399616666666
109 -0.0070973616666666
110 -0.0100686616666666
111 -0.0056362616666666
112 -0.0064911616666666
113 -0.0053609616666666
114 -0.0021246616666666
115 0.0007369383333334
116 0.0001890383333334
117 -0.0047390616666666
118 -0.0059498616666666
119 -0.0098479616666666
120 -0.0065972616666666
121 -0.0065670616666666
122 -0.0089102616666666
123 -0.0077266616666666
124 -0.0083592616666666
125 -0.0087199616666666
126 -0.0109265616666666
127 -0.0082139616666666
128 -0.0069460616666666
129 -0.0117792616666666
130 -0.0158073616666666
131 -0.0154089616666666
132 -0.0121475616666666
133 -0.0107235616666666
134 -0.0096839616666666
135 -0.0128588616666666
136 -0.0101573616666666
137 -0.0131514616666666
138 -0.0118971616666666
139 -0.0134751616666666
140 -0.0112654616666666
141 -0.0107948616666666
142 -0.0056602616666666
143 -0.0042940616666666
144 -0.0026050616666666
145 -0.0012192616666666
146 -0.0025885616666666
147 -0.0027898616666666
148 0.0007539383333334
149 0.0028259383333334
150 -0.0020157616666666
151 -0.0060326616666666
152 -0.0076883616666666
153 -0.0122051616666666
154 -0.0106258616666666
155 -0.0112195616666666
156 -0.0138161616666666
157 -0.0086210616666666
158 -0.0084919616666666
159 -0.0102248616666666
160 -0.0076463616666666
161 -0.0046509616666666
162 -0.0038238616666666
163 -0.0107438616666666
164 -0.0106226616666666
165 -0.0095500616666666
166 -0.0080414616666666
167 -0.0081546616666666
168 -0.0057138616666666
169 -0.0113662616666666
170 -0.0129065616666666
171 -0.0107180616666666
172 -0.0091367616666666
173 -0.0053980616666666
174 0.0019111383333334
175 -0.0019320616666666
176 0.0013580383333334
177 0.0002451383333334
178 -0.0016803616666666
179 0.0026124383333334
180 -0.0026126616666666
181 -0.0004154616666666
182 0.0019732383333334
183 0.0020573383333334
184 0.0005833383333334
185 -0.0031671616666666
186 -0.0085487616666666
187 -0.0057083616666666
188 -0.0054459616666666
189 -0.0060876616666666
190 -0.0111221616666666
191 -0.0162000616666666
192 -0.0106690616666666
193 -0.0100472616666666
194 -0.0097710616666666
195 -0.0066741616666666
196 -0.0062559616666666
197 -0.0081262616666666
198 -0.0096726616666666
199 -0.0029370616666666
200 -0.0045385616666666
201 -0.0074696616666666
202 -0.0083593616666666
203 -0.0127067616666666
204 -0.0097389616666666
205 -0.0064742616666666
206 -0.0112040616666666
207 -0.0108698616666666
208 -0.0072718616666666
209 -0.0001660616666666
210 0.0008311383333334
211 -0.0004345616666666
212 0.0008386383333334
213 -0.0028448616666666
214 -0.0024468616666666
215 -0.0053861616666666
216 -0.0083404616666666
217 -0.0088831616666666
218 -0.0059589616666666
219 -0.0050769616666666
220 -0.0119930616666666
221 -0.0127808616666666
222 -0.0128382616666666
223 -0.0147430616666666
224 -0.0194129616666666
225 -0.0173625616666666
226 -0.0205996616666666
227 -0.0182235616666666
228 -0.0146297616666666
229 -0.0098544616666666
230 -0.0053889616666666
231 -0.0036942616666666
232 -0.0040373616666666
233 -0.0117440616666666
234 -0.0044314616666666
235 -0.0018056616666666
236 -0.0047950616666666
237 -0.0112255616666666
238 -0.0133413616666666
239 -0.0099315616666666
240 -0.0068536616666666
241 -0.0057811616666666
242 -0.0061745616666666
243 -0.0072462616666666
244 -0.0050240616666666
245 -0.0026062616666666
246 -0.0018925616666666
247 -0.0024732616666666
248 -0.0009731616666666
249 -0.0026763616666666
250 -0.0051747616666666
251 -0.0051001616666666
252 -0.0049879616666666
253 -0.0030197616666666
254 -0.0065430616666666
255 -0.0075125616666666
256 -0.0046686616666666
257 -0.0019933616666666
258 0.0005838383333334
259 0.0029796383333334
260 0.0051457383333334
261 0.0042893383333334
262 0.0050129383333334
263 0.0023154383333334
264 0.0001599383333334
265 -0.0001770616666666
266 0.0016991383333334
267 -0.0011492616666666
268 -0.0043622616666666
269 -0.0019832616666666
270 -0.0058792616666666
271 -0.0026039616666666
272 -0.0086589616666666
273 -0.0086218616666666
274 -0.0116511616666666
275 -0.0115397616666666
276 -0.0064409616666666
277 -0.0044846616666666
278 -0.0034270616666666
279 -0.0013667616666666
280 -0.0059570616666666
281 -0.0059441616666666
282 -0.0066923616666666
283 -0.0056113616666666
284 -0.0019655616666666
285 -0.0019792616666666
286 -0.0048995616666666
287 -0.0080081616666666
288 -0.0040812616666666
289 -0.0031525616666666
290 -0.0055769616666666
291 -0.0109532616666666
292 -0.0113396616666666
293 -0.0118333616666666
294 -0.0065818616666666
295 -0.0060516616666666
296 -0.0023263616666666
297 -0.0050103616666666
298 -0.0042240616666666
299 -0.0055541616666666
300 -0.0079983616666666
301 -0.0051472616666666
302 -0.0075113616666666
303 -0.0048807616666666
304 -0.0074053616666666
305 -0.0060487616666666
306 -0.0125029616666666
307 -0.0131008616666666
308 -0.0121955616666666
309 -0.0118598616666666
310 -0.0095965616666666
311 -0.0046643616666666
312 -0.0024035616666666
313 -0.0061727616666666
314 -0.0058091616666666
315 -0.0005001616666666
316 -0.0026509616666666
317 0.0059963383333334
318 0.0053084383333334
319 -0.0009560616666666
320 -0.0024977616666666
321 -0.0050747616666666
322 -0.0053919616666666
323 -0.0053688616666666
324 -0.0012292616666666
325 0.0035067383333334
326 0.0019671383333334
327 -0.0014341616666666
328 -0.0069165616666666
329 -0.0072544616666666
330 -0.0044236616666666
331 -0.0070320616666666
332 -0.0094560616666666
333 -0.0071411616666666
334 -0.0109927616666666
335 -0.0093028616666666
336 -0.0102634616666666
337 -0.0114320616666666
338 -0.0105353616666666
339 -0.0147902616666666
340 -0.0143942616666666
341 -0.0114424616666666
342 -0.0075613616666666
343 -0.0061504616666666
344 -0.0053268616666666
345 0.0009122383333334
346 0.0024552383333334
347 0.0004678383333334
348 0.0047682383333334
349 0.0009376383333334
350 -0.0011087616666666
351 -0.0003506616666666
352 -0.0014447616666666
353 -0.0041740616666666
354 -0.0121328616666666
355 -0.0133254616666666
356 -0.0065282616666666
357 -0.0081541616666666
358 -0.0076582616666666
359 -0.0022965616666666
360 -0.0058288616666666
361 -0.0097812616666666
362 -0.0076773616666666
363 -0.0031646616666666
364 -0.0094973616666666
365 -0.0069742616666666
366 -0.0012496616666666
367 -0.0003251616666666
368 -0.0015411616666666
369 -0.0028284616666666
370 -0.0067615616666666
371 -0.0020478616666666
372 -0.0016062616666666
373 -0.0062080616666666
374 -0.0077539616666666
375 -0.0048498616666666
376 -0.0085074616666666
377 -0.0112712616666666
378 -0.0121689616666666
379 -0.0079805616666666
380 -0.0069135616666666
381 -0.0133941616666666
382 -0.0128948616666666
383 -0.0122868616666666
384 -0.0112296616666666
385 -0.0139261616666666
386 -0.0130638616666666
387 -0.0107648616666666
388 -0.0095300616666666
389 -0.0098402616666666
390 -0.0090629616666666
391 -0.0109880616666666
392 -0.0084717616666666
393 -0.0044555616666666
394 -0.0005977616666666
395 -0.0023362616666666
396 -0.0093756616666666
397 -0.0103932616666666
398 -0.0079281616666666
399 -0.0114232616666666
400 -0.0080447616666666
401 -0.0079186616666666
402 -0.0072212616666666
403 -0.0085783616666666
404 -0.0101526616666666
405 -0.0108123616666666
406 -0.0096525616666666
407 -0.0140905616666666
408 -0.0154412616666666
409 -0.0147248616666666
410 -0.0144343616666666
411 -0.0118076616666666
412 -0.0099919616666666
413 -0.0098900616666666
414 -0.0053631616666666
415 -0.0052747616666666
416 -0.0029784616666666
417 -0.0049995616666666
418 -0.0020013616666666
419 -0.0030474616666666
420 -0.0069208616666666
421 0.0003202383333334
422 0.0021399383333334
423 0.0014849383333334
424 0.0015920383333334
425 -0.0010719616666666
426 0.0044312383333334
427 -0.0012823616666666
428 0.0011722383333334
429 0.0004044383333334
430 -0.0036237616666666
431 -0.0082961616666666
432 -0.0079258616666666
433 -0.0111170616666666
434 -0.0076629616666666
435 -0.0039162616666666
436 -0.0098651616666666
437 -0.0062088616666666
438 -0.0009028616666666
439 -0.0031349616666666
440 -0.0073174616666666
441 -0.0075399616666666
442 -0.0066636616666666
443 -0.0050932616666666
444 -0.0058867616666666
445 -0.0042793616666666
446 -0.0054558616666666
447 -0.0024439616666666
448 -0.0003911616666666
449 -0.0018954616666666
450 -0.0056315616666666
451 -0.0080295616666666
452 -0.0058089616666666
453 -0.0072690616666666
454 -0.0035000616666666
455 -0.0047145616666666
456 -0.0106791616666666
457 -0.0114786616666666
458 -0.0089834616666666
459 -0.0058154616666666
460 -0.0025735616666666
461 0.0016961383333334
462 -0.0026180616666666
463 -0.0015787616666666
464 0.0015920383333334
465 -0.0018740616666666
466 -0.0035437616666666
467 -0.0045033616666666
468 -0.0068837616666666
469 -0.0113783616666666
470 -0.0105388616666666
471 -0.0094760616666666
472 -0.0061162616666666
473 -0.0011051616666666
474 -0.0064529616666666
475 -0.0113079616666666
476 -0.0120358616666666
477 -0.0133772616666666
478 -0.0150451616666666
479 -0.0182676616666666
480 -0.0155451616666666
481 -0.0165374616666666
482 -0.0177314616666666
483 -0.0155094616666666
484 -0.0126591616666666
485 -0.0146638616666666
486 -0.0185773616666666
487 -0.0183540616666666
488 -0.0154657616666666
489 -0.0145574616666666
490 -0.0179335616666666
491 -0.0165308616666666
492 -0.0162288616666666
493 -0.0145891616666666
494 -0.0114558616666666
495 -0.0121147616666666
496 -0.0123849616666666
497 -0.0158943616666666
498 -0.0131034616666666
499 -0.0142029616666666
500 -0.0142892616666666
501 -0.0139458616666666
502 -0.0132966616666666
503 -0.0119289616666666
504 -0.0101487616666666
505 -0.0124954616666666
506 -0.0156232616666666
507 -0.0183291616666666
508 -0.0148150616666666
509 -0.0137756616666666
510 -0.0123752616666666
511 -0.0111159616666666
512 -0.0113379616666666
513 -0.0127354616666666
514 -0.0132891616666666
515 -0.0160051616666666
516 -0.0131379616666666
517 -0.0152512616666666
518 -0.0155013616666666
519 -0.0151185616666666
520 -0.0120975616666666
521 -0.0131116616666666
522 -0.0074910616666666
523 -0.0087261616666666
524 -0.0049216616666666
525 -0.0035981616666666
526 -0.0033407616666666
527 -0.0063181616666666
528 -0.0079350616666666
529 -0.0056312616666666
530 -0.0035274616666666
531 -0.0066210616666666
532 -0.0048867616666666
533 -0.0059585616666666
534 -0.0077381616666666
535 -0.0103122616666666
536 -0.0104831616666666
537 -0.0130031616666666
538 -0.0117620616666666
539 -0.0058122616666666
540 -0.0083164616666666
541 -0.0052593616666666
542 -0.0081534616666666
543 -0.0016593616666666
544 -0.0055487616666666
545 -0.0090779616666666
546 -0.0052729616666666
547 -0.0031443616666666
548 0.0002191383333334
549 -0.0035041616666666
550 -0.0068107616666666
551 -0.0077893616666666
552 -0.0057182616666666
553 -0.0041390616666666
554 -0.0028877616666666
555 -0.0017332616666666
556 -0.0041858616666666
557 -0.0049526616666666
558 -0.0067930616666666
559 -0.0047446616666666
560 -0.0064623616666666
561 -0.0110361616666666
562 -0.0167824616666666
563 -0.0119694616666666
564 -0.0068995616666666
565 -0.0059453616666666
566 -0.0032133616666666
567 -0.0056791616666666
568 -0.0066356616666666
569 -0.0044423616666666
570 -0.0057295616666666
571 0.0006692383333334
572 0.0003529383333334
573 0.0014068383333334
574 0.0018166383333334
575 0.0009843383333334
576 0.0026311383333334
577 -0.0010460616666666
578 -0.0023595616666666
579 -0.0005263616666666
580 -0.0011491616666666
581 -0.0040369616666666
582 -0.0036116616666666
583 -0.0008827616666666
584 -0.0005102616666666
585 -0.0074133616666666
586 -0.0065166616666666
587 -0.0070011616666666
588 -0.0065279616666666
589 -0.0042064616666666
590 -0.0044044616666666
591 -0.0021734616666666
592 -0.0018706616666666
593 0.0010322383333334
594 0.0014414383333334
595 0.0078849383333334
596 0.0085586383333334
597 0.0008917383333334
598 0.0035373383333334
599 -0.0013727616666666
600 -0.0081433616666666
1 0.0115093383333334
2 0.0075009383333334
3 0.0022699383333334
4 0.0010550383333334
5 0.0078986383333334
6 0.0053549383333334
7 0.0041539383333334
8 -0.0017051616666666
9 -0.0023770616666666
10 -0.0007172616666666
11 -0.0006465616666666
12 0.0002833383333334
13 0.0019703383333334
14 0.0064504383333334
15 0.0064833383333334
16 0.0074966383333334
17 0.0112033383333334
18 0.0094099383333334
19 0.0043045383333334
20 0.0017920383333334
21 0.0010173383333334
22 -0.0010536616666666
23 -0.0008160616666666
24 -0.0043474616666666
25 -0.0022947616666666
26 -0.0073732616666666
27 -0.0050562616666666
28 -0.0043672616666666
29 -0.0079784616666666
30 -0.0101272616666666
31 -0.0072991616666666
32 -0.0046485616666666
33 -0.0048429616666666
34 -0.0058083616666666
35 -0.0036568616666666
36 -0.0030913616666666
37 -0.0056674616666666
38 -0.0068204616666666
39 -0.0059171616666666
40 -0.0060209616666666
41 -0.0032632616666666
42 -0.0017686616666666
43 0.0001544383333334
44 -0.0051104616666666
45 -0.0044252616666666
46 -0.0050018616666666
47 -0.0089527616666666
48 -0.0104699616666666
49 -0.0103248616666666
50 -0.0088447616666666
51 -0.0043684616666666
52 -0.0026012616666666
53 -0.0059873616666666
54 -0.0094476616666666
55 -0.0075375616666666
56 -0.0008529616666666
57 0.0084236383333334
58 0.0084082383333334
59 0.0044141383333334
60 0.0040425383333334
61 -0.0004895616666666
62 -0.0046002616666666
63 0.0007283383333334
64 -0.0011041616666666
65 -0.0060761616666666
66 -0.0081541616666666
67 -0.0063831616666666
68 -0.0045051616666666
69 -0.0056460616666666
70 -0.0141831616666666
71 -0.0126264616666666
72 -0.0121687616666666
73 -0.0122136616666666
74 -0.0072947616666666
75 -0.0067835616666666
76 -0.0073016616666666
77 -0.0060300616666666
78 -0.0030864616666666
79 0.0014054383333334
80 0.0029980383333334
81 -0.0048909616666666
82 -0.0075997616666666
83 -0.0083088616666666
84 -0.0119311616666666
85 -0.0111176616666666
86 -0.0092697616666666
87 -0.0097711616666666
88 -0.0076025616666666
89 -0.0055306616666666
90 -0.0080858616666666
91 -0.0073773616666666
92 -0.0052732616666666
93 -0.0040214616666666
94 -0.0024694616666666
95 -0.0050234616666666
96 -0.0057240616666666
97 -0.0077741616666666
98 -0.0098337616666666
99 -0.0117035616666666
100 -0.0153411616666666
101 -0.0175703616666666
102 -0.0169113616666666
103 -0.0114535616666666
104 -0.0083548616666666
105 -0.0132696616666666
106 -0.0081511616666666
107 -0.0048114616666666
108 -0.0070457616666666
109 -0.0123880616666666
110 -0.0077789616666666
111 -0.0020650616666666
112 -0.0046189616666666
113 -0.0041458616666666
114 -0.0076503616666666
115 -0.0068473616666666
116 -0.0107548616666666
117 -0.0037726616666666
118 -0.0054419616666666
119 -0.0028151616666666
120 -0.0018087616666666
121 -0.0015071616666666
122 0.0012808383333334
123 -0.0001771616666666
124 -0.0037071616666666
125 -0.0071490616666666
126 -0.0094911616666666
127 -0.0088435616666666
128 -0.0063369616666666
129 -0.0028302616666666
130 -0.0061494616666666
131 -0.0067240616666666
132 -0.0077550616666666
133 -0.0052572616666666
134 -0.0059527616666666
135 -0.0079917616666666
136 -0.0146000616666666
137 -0.0135752616666666
138 -0.0094535616666666
139 -0.0106350616666666
140 -0.0072974616666666
141 -0.0108091616666666
142 -0.0079713616666666
143 -0.0087320616666666
144 -0.0076690616666666
145 -0.0077243616666666
146 -0.0055079616666666
147 -0.0084040616666666
148 -0.0054152616666666
149 -0.0070879616666666
150 -0.0089500616666666
151 -0.0047282616666666
152 -0.0002525616666666
153 -0.0032627616666666
154 -0.0051274616666666
155 -0.0070600616666666
156 -0.0051563616666666
157 -0.0050424616666666
158 -0.0041552616666666
159 -0.0049786616666666
160 -0.0102622616666666
161 -0.0088308616666666
162 -0.0084037616666666
163 -0.0094080616666666
164 -0.0113795616666666
165 -0.0101972616666666
166 -0.0109399616666666
167 -0.0110345616666666
168 -0.0092823616666666
169 -0.0087875616666666
170 -0.0094148616666666
171 -0.0086288616666666
172 -0.0075800616666666
173 -0.0055226616666666
174 -0.0064954616666666
175 -0.0111331616666666
176 -0.0154587616666666
177 -0.0149181616666666
178 -0.0077281616666666
179 -0.0072210616666666
180 -0.0053986616666666
181 -0.0027635616666666
182 -0.0013401616666666
183 0.0008983383333334
184 -0.0003123616666666
185 -0.0037232616666666
186 -0.0005875616666666
187 0.0030827383333334
188 0.0050643383333334
189 0.0036051383333334
190 0.0009426383333334
191 0.0006329383333334
192 0.0012000383333334
193 -0.0027773616666666
194 -0.0018025616666666
195 -0.0020733616666666
196 -0.0035873616666666
197 -0.0078354616666666
198 -0.0074654616666666
199 -0.0062735616666666
200 -0.0079405616666666
201 -0.0133851616666666
202 -0.0072123616666666
203 -0.0071429616666666
204 -0.0026847616666666
205 -0.0014366616666666
206 -0.0014173616666666
207 0.0014002383333334
208 -0.0032194616666666
209 -0.0016629616666666
210 0.0022702383333334
211 0.0001004383333334
212 -0.0016663616666666
213 -0.0021981616666666
214 -0.0052454616666666
215 -0.0046244616666666
216 -0.0028161616666666
217 -0.0029001616666666
218 -0.0062443616666666
219 -0.0080353616666666
220 -0.0058258616666666
221 -0.0036637616666666
222 -0.0080788616666666
223 -0.0103392616666666
224 -0.0130341616666666
225 -0.0167859616666666
226 -0.0165137616666666
227 -0.0148847616666666
228 -0.0155266616666666
229 -0.0160959616666666
230 -0.0138652616666666
231 -0.0170924616666666
232 -0.0160592616666666
233 -0.0120831616666666
234 -0.0116862616666666
235 -0.0153898616666666
236 -0.0147119616666666
237 -0.0100732616666666
238 -0.0080833616666666
239 -0.0102212616666666
240 -0.0053275616666666
241 -0.0028920616666666
242 0.0000883383333334
243 0.0009379383333334
244 0.0026224383333334
245 0.0027025383333334
246 -0.0006055616666666
247 -0.0013509616666666
248 0.0017251383333334
249 -0.0000037616666666
250 0.0004268383333334
251 -0.0064605616666666
252 -0.0022308616666666
253 -0.0024770616666666
254 -0.0005517616666666
255 -0.0005683616666666
256 -0.0025085616666666
257 -0.0043332616666666
258 -0.0021290616666666
259 -0.0053320616666666
260 -0.0057442616666666
261 -0.0076878616666666
262 -0.0051956616666666
263 -0.0079508616666666
264 -0.0081836616666666
265 -0.0038126616666666
266 -0.0022738616666666
267 -0.0024009616666666
268 -0.0056720616666666
269 -0.0036176616666666
270 -0.0052662616666666
271 -0.0063596616666666
272 -0.0065860616666666
273 -0.0016924616666666
274 -0.0022305616666666
275 -0.0048398616666666
276 -0.0096782616666666
277 -0.0065233616666666
278 -0.0016632616666666
279 -0.0082992616666666
280 -0.0097116616666666
281 -0.0060280616666666
282 -0.0061283616666666
283 -0.0078702616666666
284 -0.0044047616666666
285 -0.0059955616666666
286 -0.0073113616666666
287 -0.0036559616666666
288 -0.0087164616666666
289 -0.0098302616666666
290 -0.0108348616666666
291 -0.0103869616666666
292 -0.0068055616666666
293 -0.0050273616666666
294 -0.0066344616666666
295 -0.0080616616666666
296 -0.0087777616666666
297 -0.0087444616666666
298 -0.0073778616666666
299 -0.0122166616666666
300 -0.0099649616666666
301 -0.0121227616666666
302 -0.0071228616666666
303 -0.0068215616666666
304 -0.0100684616666666
305 -0.0094525616666666
306 -0.0105209616666666
307 -0.0104940616666666
308 -0.0096737616666666
309 -0.0092404616666666
310 -0.0073319616666666
311 -0.0076497616666666
312 -0.0129350616666666
313 -0.0133601616666666
314 -0.0100642616666666
315 -0.0111621616666666
316 -0.0146870616666666
317 -0.0115519616666666
318 -0.0107661616666666
319 -0.0036066616666666
320 -0.0060735616666666
321 -0.0078586616666666
322 -0.0079032616666666
323 -0.0042950616666666
324 -0.0041715616666666
325 -0.0018166616666666
326 -0.0033366616666666
327 -0.0007497616666666
328 -0.0038018616666666
329 -0.0029778616666666
330 -0.0016337616666666
331 -0.0050089616666666
332 -0.0060614616666666
333 -0.0091362616666666
334 -0.0036153616666666
335 -0.0047310616666666
336 -0.0036490616666666
337 -0.0056396616666666
338 -0.0034069616666666
339 -0.0006679616666666
340 0.0008874383333334
341 -0.0024683616666666
342 -0.0005311616666666
343 0.0016243383333334
344 -0.0031671616666666
345 -0.0062644616666666
346 -0.0083896616666666
347 -0.0052372616666666
348 -0.0131521616666666
349 -0.0138681616666666
350 -0.0086471616666666
351 -0.0134508616666666
352 -0.0166999616666666
353 -0.0109022616666666
354 -0.0117398616666666
355 -0.0111379616666666
356 -0.0074955616666666
357 -0.0067322616666666
358 -0.0084038616666666
359 -0.0083907616666666
360 -0.0077241616666666
361 -0.0071580616666666
362 -0.0052444616666666
363 -0.0096075616666666
364 -0.0143404616666666
365 -0.0098711616666666
366 -0.0096126616666666
367 -0.0084481616666666
368 -0.0026298616666666
369 -0.0018575616666666
370 -0.0107542616666666
371 -0.0098410616666666
372 -0.0030711616666666
373 -0.0029780616666666
374 -0.0052187616666666
375 -0.0037183616666666
376 -0.0031268616666666
377 -0.0005345616666666
378 -0.0000973616666666
379 0.0033916383333334
380 0.0041830383333334
381 0.0050584383333334
382 0.0075435383333334
383 0.0080799383333334
384 0.0097242383333334
385 0.0080256383333334
386 0.0031446383333334
387 -0.0053747616666666
388 -0.0049590616666666
389 -0.0065199616666666
390 -0.0070571616666666
391 -0.0062030616666666
392 -0.0064772616666666
393 -0.0088383616666666
394 -0.0057403616666666
395 -0.0048423616666666
396 -0.0098354616666666
397 -0.0097231616666666
398 -0.0057825616666666
399 -0.0065677616666666
400 -0.0066076616666666
401 -0.0140733616666666
402 -0.0123724616666666
403 -0.0118419616666666
404 -0.0111275616666666
405 -0.0053559616666666
406 -0.0079991616666666
407 -0.0104668616666666
408 -0.0069621616666666
409 -0.0019917616666666
410 -0.0083800616666666
411 -0.0042107616666666
412 0.0011056383333334
413 0.0016678383333334
414 -0.0009544616666666
415 0.0032356383333334
416 -0.0006880616666666
417 0.0005892383333334
418 -0.0004437616666666
419 -0.0025903616666666
420 -0.0045965616666666
421 -0.0070200616666666
422 -0.0045233616666666
423 -0.0067947616666666
424 -0.0078985616666666
425 -0.0095098616666666
426 -0.0079053616666666
427 -0.0053203616666666
428 -0.0044999616666666
429 -0.0068479616666666
430 -0.0065741616666666
431 -0.0097599616666666
432 -0.0100169616666666
433 -0.0072867616666666
434 -0.0041748616666666
435 -0.0050433616666666
436 -0.0087422616666666
437 -0.0110671616666666
438 -0.0089931616666666
439 -0.0122392616666666
440 -0.0099685616666666
441 -0.0086121616666666
442 -0.0067631616666666
443 -0.0060690616666666
444 -0.0051831616666666
445 -0.0037241616666666
446 -0.0058917616666666
447 -0.0059316616666666
448 -0.0067936616666666
449 -0.0058857616666666
450 -0.0061570616666666
451 -0.0059262616666666
452 -0.0129663616666666
453 -0.0161188616666666
454 -0.0187413616666666
455 -0.0186258616666666
456 -0.0158345616666666
457 -0.0153305616666666
458 -0.0163619616666666
459 -0.0120895616666666
460 -0.0068792616666666
461 -0.0077939616666666
462 -0.0083629616666666
463 -0.0087640616666666
464 -0.0046128616666666
465 -0.0066629616666666
466 -0.0020215616666666
467 0.0006310383333334
468 0.0003043383333334
469 0.0034438383333334
470 0.0049566383333334
471 0.0073002383333334
472 0.0007212383333334
473 0.0002921383333334
474 -0.0012862616666666
475 0.0009471383333334
476 0.0005880383333334
477 0.0031737383333334
478 0.0065923383333334
479 0.0047442383333334
480 -0.0004587616666666
481 0.0041279383333334
482 -0.0011101616666666
483 0.0013004383333334
484 0.0034462383333334
485 0.0048419383333334
486 -0.0001818616666666
487 -0.0026492616666666
488 -0.0016094616666666
489 -0.0006908616666666
490 -0.0039481616666666
491 -0.0086989616666666
492 -0.0100189616666666
493 -0.0099862616666666
494 -0.0130722616666666
495 -0.0103621616666666
496 -0.0118283616666666
497 -0.0090787616666666
498 -0.0046608616666666
499 -0.0040395616666666
500 -0.0090464616666666
501 -0.0115897616666666
502 -0.0138162616666666
503 -0.0090036616666666
504 -0.0075402616666666
505 -0.0063955616666666
506 -0.0091485616666666
507 -0.0136092616666666
508 -0.0117457616666666
509 -0.0134291616666666
510 -0.0101357616666666
511 -0.0055313616666666
512 -0.0088382616666666
513 -0.0102623616666666
514 -0.0069788616666666
515 -0.0083892616666666
516 -0.0069500616666666
517 -0.0064480616666666
518 -0.0051427616666666
519 -0.0017058616666666
520 -0.0009596616666666
521 0.0003333383333334
522 0.0001025383333334
523 0.0023606383333334
524 0.0079542383333334
525 0.0052942383333334
526 0.0071731383333334
527 0.0008828383333334
528 0.0013588383333334
529 0.0026741383333334
530 0.0050408383333334
531 0.0056319383333334
532 0.0031160383333334
533 0.0039171383333334
534 0.0011588383333334
535 -0.0012505616666666
536 -0.0001946616666666
537 0.0022929383333334
538 0.0021650383333334
539 0.0022068383333334
540 0.0020123383333334
541 0.0017112383333334
542 0.0024943383333334
543 0.0003562383333334
544 -0.0056525616666666
545 -0.0075780616666666
546 -0.0051908616666666
547 -0.0088472616666666
548 -0.0108769616666666
549 -0.0124762616666666
550 -0.0125716616666666
551 -0.0091530616666666
552 -0.0106889616666666
553 -0.0085329616666666
554 -0.0123735616666666
555 -0.0161374616666666
556 -0.0166679616666666
557 -0.0159515616666666
558 -0.0118708616666666
559 -0.0158178616666666
560 -0.0111052616666666
561 -0.0117625616666666
562 -0.0139111616666666
563 -0.0142989616666666
564 -0.0171120616666666
565 -0.0173733616666666
566 -0.0150441616666666
567 -0.0172025616666666
568 -0.0132728616666666
569 -0.0097612616666666
570 -0.0080465616666666
571 -0.0064099616666666
572 -0.0047728616666666
573 -0.0022163616666666
574 -0.0075205616666666
575 -0.0133676616666666
576 -0.0119071616666666
577 -0.0065332616666666
578 -0.0027413616666666
579 -0.0031043616666666
580 -0.0043957616666666
581 -0.0089228616666666
582 -0.0056516616666666
583 -0.0075525616666666
584 -0.0115499616666666
585 -0.0125767616666666
586 -0.0124186616666666
587 -0.0082159616666666
588 -0.0087363616666666
589 -0.0103981616666666
590 -0.0070182616666666
591 -0.0114969616666666
592 -0.0157222616666666
593 -0.0165506616666666
594 -0.0157239616666666
595 -0.0176215616666666
596 -0.0174036616666666
597 -0.0161561616666666
598 -0.0216790616666666
599 -0.0181702616666666
600 -0.0126221616666666
1 0.0111868383333334
2 0.0120157383333334
3 0.0098987383333334
4 0.0069686383333334
5 0.0030324383333334
6 0.0015163383333334
7 -0.0000588616666666
8 -0.0098236616666666
9 -0.0082724616666666
10 -0.0098834616666666
11 -0.0080441616666666
12 -0.0074226616666666
13 -0.0068428616666666
14 -0.0062778616666666
15 -0.0056574616666666
16 -0.0062296616666666
17 -0.0032732616666666
18 -0.0033584616666666
19 -0.0015610616666666
20 -0.0023591616666666
21 -0.0039181616666666
22 -0.0042719616666666
23 -0.0060542616666666
24 -0.0049845616666666
25 -0.0031563616666666
26 -0.0043713616666666
27 -0.0055585616666666
28 -0.0005342616666666
29 -0.0010786616666666
30 -0.0020743616666666
31 -0.0000475616666666
32 -0.0020480616666666
33 -0.0042187616666666
34 -0.0036120616666666
35 -0.0026270616666666
36 -0.0033653616666666
37 -0.0032771616666666
38 -0.0038283616666666
39 -0.0073623616666666
40 -0.0011131616666666
41 -0.0027963616666666
42 -0.0033894616666666
43 -0.0065923616666666
44 -0.0111603616666666
45 -0.0062035616666666
46 -0.0082121616666666
47 -0.0075447616666666
48 -0.0080387616666666
49 -0.0053558616666666
50 -0.0125341616666666
51 -0.0109418616666666
52 -0.0086247616666666
53 -0.0067229616666666
54 -0.0082230616666666
55 -0.0037325616666666
56 -0.0009668616666666
57 -0.0038699616666666
58 -0.0030597616666666
59 -0.0004916616666666
60 -0.0028433616666666
61 -0.0030230616666666
62 0.0001910383333334
63 0.0030250383333334
64 0.0016507383333334
65 -0.0030243616666666
66 -0.0019634616666666
67 0.0000644383333334
68 0.0010934383333334
69 -0.0011641616666666
70 -0.0029620616666666
71 -0.0056647616666666
72 -0.0078999616666666
73 -0.0038997616666666
74 -0.0022137616666666
75 -0.0008666616666666
76 -0.0054182616666666
77 -0.0035047616666666
78 0.0023282383333334
79 -0.0012959616666666
80 -0.0036722616666666
81 -0.0024453616666666
82 -0.0010938616666666
83 0.0011301383333334
84 -0.0002286616666666
85 -0.0010512616666666
86 0.0017653383333334
87 -0.0002135616666666
88 -0.0042580616666666
89 -0.0058172616666666
90 -0.0055959616666666
91 -0.0057890616666666
92 -0.0106173616666666
93 -0.0060788616666666
94 -0.0040312616666666
95 0.0024131383333334
96 0.0039075383333334
97 -0.0004726616666666
98 0.0002916383333334
99 -0.0014939616666666
100 -0.0066373616666666
101 -0.0059121616666666
102 -0.0019672616666666
103 0.0002619383333334
104 -0.0022382616666666
105 -0.0004998616666666
106 0.0022801383333334
107 -0.0033795616666666
108 -0.0014869616666666
109 -0.0021896616666666
110 -0.0046535616666666
111 -0.0031958616666666
112 -0.0042403616666666
113 -0.0047946616666666
114 -0.0019731616666666
115 -0.0053089616666666
116 -0.0066546616666666
117 -0.0040604616666666
118 -0.0028707616666666
119 -0.0040931616666666
120 -0.0043240616666666
121 -0.0012463616666666
122 -0.0037067616666666
123 -0.0020928616666666
124 -0.0006590616666666
125 -0.0015268616666666
126 -0.0027231616666666
127 0.0001758383333334
128 -0.0015387616666666
129 -0.0035347616666666
130 -0.0027675616666666
131 -0.0005992616666666
132 -0.0011239616666666
133 -0.0008103616666666
134 -0.0017494616666666
135 -0.0032954616666666
136 -0.0036828616666666
137 -0.0055274616666666
138 -0.0054770616666666
139 -0.0101799616666666
140 -0.0049700616666666
141 -0.0093986616666666
142 -0.0106411616666666
143 -0.0081043616666666
144 -0.0074064616666666
145 -0.0101396616666666
146 -0.0077728616666666
147 -0.0055073616666666
148 -0.0002800616666666
149 0.0030228383333334
150 0.0027357383333334
151 0.0063218383333334
152 0.0062163383333334
153 -0.0006412616666666
154 -0.0026935616666666
155 -0.0043049616666666
156 -0.0090094616666666
157 -0.0099324616666666
158 -0.0072390616666666
159 -0.0072848616666666
160 -0.0079809616666666
161 -0.0096918616666666
162 -0.0116683616666666
163 -0.0094524616666666
164 -0.0074040616666666
165 -0.0074159616666666
166 -0.0115123616666666
167 -0.0067742616666666
168 -0.0097307616666666
169 -0.0126929616666666
170 -0.0146662616666666
171 -0.0108237616666666
172 -0.0102080616666666
173 -0.0112026616666666
174 -0.0102211616666666
175 -0.0087775616666666
176 -0.0085550616666666
177 -0.0091997616666666
178 -0.0076997616666666
179 -0.0085468616666666
180 -0.0075960616666666
181 -0.0035350616666666
182 0.0008582383333334
183 -0.0021419616666666
184 -0.0041963616666666
185 -0.0005249616666666
186 -0.0000004616666666
187 -0.0040297616666666
188 -0.0059067616666666
189 -0.0071857616666666
190 -0.0033937616666666
191 -0.0028779616666666
192 -0.0029504616666666
193 -0.0090312616666666
194 -0.0065267616666666
195 -0.0096969616666666
196 -0.0119539616666666
197 -0.0121498616666666
198 -0.0090703616666666
199 -0.0115602616666666
200 -0.0131951616666666
201 -0.0126401616666666
202 -0.0156102616666666
203 -0.0125198616666666
204 -0.0131606616666666
205 -0.0142170616666666
206 -0.0133411616666666
207 -0.0122045616666666
208 -0.0118736616666666
209 -0.0096410616666666
210 -0.0071158616666666
211 -0.0070165616666666
212 -0.0080679616666666
213 -0.0091348616666666
214 -0.0068959616666666
215 -0.0015486616666666
216 -0.0041077616666666
217 0.0033155383333334
218 -0.0014987616666666
219 -0.0029761616666666
220 -0.0012083616666666
221 -0.0022002616666666
222 -0.0089937616666666
223 -0.0066241616666666
224 -0.0029405616666666
225 -0.0041312616666666
226 -0.0053411616666666
227 -0.0053332616666666
228 -0.0011891616666666
229 -0.0014242616666666
230 -0.0067035616666666
231 -0.0086211616666666
232 -0.0076683616666666
233 -0.0043832616666666
234 -0.0012604616666666
235 -0.0025630616666666
236 -0.0074874616666666
237 -0.0018246616666666
238 -0.0016454616666666
239 -0.0048099616666666
240 -0.0066429616666666
241 -0.0019998616666666
242 -0.0042949616666666
243 -0.0011048616666666
244 -0.0039298616666666
245 -0.0039826616666666
246 -0.0046921616666666
247 -0.0001576616666666
248 -0.0010491616666666
249 0.0033160383333334
250 0.0009468383333334
251 0.0086318383333334
252 0.0089189383333334
253 0.0069651383333334
254 0.0075080383333334
255 0.0099539383333334
256 0.0104795383333334
257 0.0027800383333334
258 0.0040657383333334
259 0.0007783383333334
260 -0.0018700616666666
261 -0.0075258616666666
262 -0.0097102616666666
263 -0.0084655616666666
264 -0.0060631616666666
265 -0.0058532616666666
266 -0.0015476616666666
267 -0.0091025616666666
268 -0.0036162616666666
269 -0.0035628616666666
270 -0.0007400616666666
271 -0.0025916616666666
272 -0.0015292616666666
273 -0.0054257616666666
274 0.0008526383333334
275 0.0044626383333334
276 -0.0001590616666666
277 0.0016638383333334
278 0.0013571383333334
279 0.0004536383333334
280 -0.0032143616666666
281 -0.0024041616666666
282 -0.0032145616666666
283 -0.0003141616666666
284 -0.0022892616666666
285 -0.0047126616666666
286 -0.0085426616666666
287 -0.0119116616666666
288 -0.0146700616666666
289 -0.0149249616666666
290 -0.0122949616666666
291 -0.0152030616666666
292 -0.0147709616666666
293 -0.0133233616666666
294 -0.0133692616666666
295 -0.0072552616666666
296 -0.0045696616666666
297 0.0017194383333334
298 -0.0001068616666666
299 -0.0015777616666666
300 -0.0022215616666666
301 -0.0013753616666666
302 -0.0020051616666666
303 0.0001088383333334
304 0.0025191383333334
305 -0.0007874616666666
306 0.0035267383333334
307 -0.0044966616666666
308 -0.0083466616666666
309 -0.0084955616666666
310 -0.0092104616666666
311 -0.0091995616666666
312 -0.0056930616666666
313 -0.0067187616666666
314 -0.0068878616666666
315 -0.0037436616666666
316 -0.0056608616666666
317 -0.0053938616666666
318 -0.0056353616666666
319 -0.0020555616666666
320 -0.0027438616666666
321 -0.0018705616666666
322 -0.0042814616666666
323 -0.0019559616666666
324 -0.0075995616666666
325 -0.0074104616666666
326 -0.0022436616666666
327 -0.0050479616666666
328 -0.0012115616666666
329 -0.0035363616666666
330 -0.0059711616666666
331 -0.0080731616666666
332 -0.0079983616666666
333 -0.0108826616666666
334 -0.0144439616666666
335 -0.0123829616666666
336 -0.0093512616666666
337 -0.0028150616666666
338 -0.0064690616666666
339 -0.0071005616666666
340 -0.0033639616666666
341 -0.0020273616666666
342 -0.0005648616666666
343 -0.0031030616666666
344 0.0007827383333334
345 0.0004736383333334
346 -0.0034013616666666
347 -0.0034122616666666
348 0.0009383383333334
349 0.0037084383333334
350 -0.0005097616666666
351 0.0024925383333334
352 0.0004605383333334
353 0.0017284383333334
354 0.0046441383333334
355 0.0025431383333334
356 -0.0038521616666666
357 -0.0038322616666666
358 -0.0015977616666666
359 -0.0000938616666666
360 -0.0026639616666666
361 -0.0054634616666666
362 -0.0070679616666666
363 -0.0042082616666666
364 -0.0046037616666666
365 -0.0083254616666666
366 -0.0061819616666666
367 -0.0024037616666666
368 -0.0020057616666666
369 -0.0069597616666666
370 -0.0034361616666666
371 -0.0062650616666666
372 -0.0100033616666666
373 -0.0126572616666666
374 -0.0132229616666666
375 -0.0132744616666666
376 -0.0106749616666666
377 -0.0100274616666666
378 -0.0087325616666666
379 -0.0072388616666666
380 -0.0047745616666666
381 -0.0043427616666666
382 -0.0073539616666666
383 -0.0096750616666666
384 -0.0070835616666666
385 -0.0084812616666666
386 -0.0058988616666666
387 -0.0049477616666666
388 0.0018962383333334
389 -0.0016796616666666
390 0.0015275383333334
391 -0.0007826616666666
392 0.0000876383333334
393 0.0062197383333334
394 0.0113696383333334
395 0.0092039383333334
396 0.0037944383333334
397 0.0019272383333334
398 -0.0002430616666666
399 -0.0003752616666666
400 -0.0004636616666666
401 -0.0046559616666666
402 -0.0057783616666666
403 -0.0086369616666666
404 -0.0070030616666666
405 -0.0051454616666666
406 -0.0064738616666666
407 -0.0080080616666666
408 -0.0046021616666666
409 -0.0002915616666666
410 0.0000430383333334
411 -0.0030495616666666
412 -0.0053107616666666
413 -0.0023360616666666
414 0.0026581383333334
415 0.0040568383333334
416 0.0039965383333334
417 0.0028861383333334
418 -0.0014973616666666
419 -0.0015448616666666
420 -0.0021386616666666
421 -0.0034437616666666
422 -0.0047547616666666
423 -0.0029246616666666
424 -0.0000246616666666
425 0.0035904383333334
426 0.0016279383333334
427 -0.0030587616666666
428 -0.0033910616666666
429 0.0014926383333334
430 -0.0021051616666666
431 -0.0028799616666666
432 -0.0025134616666666
433 0.0005380383333334
434 0.0007909383333334
435 -0.0033648616666666
436 -0.0009456616666666
437 -0.0003196616666666
438 -0.0018813616666666
439 0.0001404383333334
440 0.0029110383333334
441 0.0019698383333334
442 0.0045321383333334
443 0.0042859383333334
444 -0.0001058616666666
445 -0.0004119616666666
446 -0.0014851616666666
447 -0.0020093616666666
448 -0.0039528616666666
449 -0.0083011616666666
450 -0.0079089616666666
451 -0.0068987616666666
452 -0.0118372616666666
453 -0.0131074616666666
454 -0.0159881616666666
455 -0.0103947616666666
456 -0.0100839616666666
457 -0.0098401616666666
458 -0.0070024616666666
459 -0.0022587616666666
460 -0.0023461616666666
461 0.0004421383333334
462 0.0029277383333334
463 0.0009216383333334
464 -0.0000023616666666
465 -0.0031454616666666
466 -0.0063772616666666
467 -0.0040871616666666
468 -0.0012586616666666
469 0.0009443383333334
470 -0.0009372616666666
471 -0.0094591616666666
472 -0.0077215616666666
473 -0.0130328616666666
474 -0.0097978616666666
475 -0.0099672616666666
476 -0.0104877616666666
477 -0.0104236616666666
478 -0.0092477616666666
479 -0.0026804616666666
480 -0.0032824616666666
481 -0.0033348616666666
482 -0.0071578616666666
483 -0.0107494616666666
484 -0.0062118616666666
485 -0.0033414616666666
486 -0.0029399616666666
487 -0.0064750616666666
488 -0.0030362616666666
489 0.0019220383333334
490 0.0032964383333334
491 -0.0037744616666666
492 -0.0080556616666666
493 -0.0109306616666666
494 -0.0101726616666666
495 -0.0113844616666666
496 -0.0155512616666666
497 -0.0168713616666666
498 -0.0149176616666666
499 -0.0124651616666666
500 -0.0125378616666666
501 -0.0115408616666666
502 -0.0104246616666666
503 -0.0103866616666666
504 -0.0031940616666666
505 -0.0025425616666666
506 0.0007402383333334
507 0.0001604383333334
508 -0.0014485616666666
509 0.0008925383333334
510 -0.0014798616666666
511 0.0028742383333334
512 -0.0002137616666666
513 -0.0009773616666666
514 -0.0008699616666666
515 0.0033868383333334
516 0.0017093383333334
517 0.0017520383333334
518 -0.0027411616666666
519 -0.0000739616666666
520 0.0006834383333334
521 -0.0070200616666666
522 -0.0103532616666666
523 -0.0095721616666666
524 -0.0102988616666666
525 -0.0082620616666666
526 -0.0075469616666666
527 -0.0027307616666666
528 -0.0027300616666666
529 -0.0010019616666666
530 0.0051064383333334
531 -0.0004602616666666
532 -0.0048392616666666
533 -0.0037890616666666
534 -0.0004326616666666
535 -0.0045399616666666
536 -0.0100037616666666
537 -0.0063792616666666
538 -0.0043540616666666
539 -0.0060818616666666
540 -0.0094270616666666
541 -0.0080142616666666
542 -0.0032705616666666
543 -0.0064681616666666
544 -0.0072121616666666
545 -0.0053905616666666
546 0.0007087383333334
547 -0.0011431616666666
548 0.0007360383333334
549 -0.0000860616666666
550 0.0031926383333334
551 0.0026929383333334
552 0.0015739383333334
553 0.0054458383333334
554 0.0047429383333334
555 -0.0004487616666666
556 -0.0029935616666666
557 -0.0059789616666666
558 -0.0066852616666666
559 -0.0059527616666666
560 -0.0072819616666666
561 -0.0029789616666666
562 -0.0058624616666666
563 -0.0076020616666666
564 -0.0139172616666666
565 -0.0121498616666666
566 -0.0100616616666666
567 -0.0122548616666666
568 -0.0139324616666666
569 -0.0117667616666666
570 -0.0067754616666666
571 -0.0033430616666666
572 -0.0019852616666666
573 -0.0071547616666666
574 -0.0081794616666666
575 -0.0076675616666666
576 -0.0123516616666666
577 -0.0116319616666666
578 -0.0102989616666666
579 -0.0106560616666666
580 -0.0101610616666666
581 -0.0142973616666666
582 -0.0136857616666666
583 -0.0138555616666666
584 -0.0107319616666666
585 -0.0109417616666666
586 -0.0143847616666666
587 -0.0134079616666666
588 -0.0112935616666666
589 -0.0123408616666666
590 -0.0082648616666666
591 -0.0055656616666666
592 -0.0044373616666666
593 -0.0065988616666666
594 -0.0064666616666666
595 -0.0112678616666666
596 -0.0107456616666666
597 -0.0095109616666666
598 -0.0077915616666666
599 -0.0053488616666666
600 -0.0095224616666666
1 0.0100896383333334
2 0.0068567383333334
3 0.0111681383333334
4 0.0053657383333334
5 -0.0042912616666666
6 -0.0049249616666666
7 -0.0060108616666666
8 -0.0061708616666666
9 -0.0021360616666666
10 -0.0045081616666666
11 -0.0030840616666666
12 -0.0049994616666666
13 -0.0087518616666666
14 -0.0089547616666666
15 -0.0058792616666666
16 -0.0100466616666666
17 -0.0123455616666666
18 -0.0136929616666666
19 -0.0171448616666666
20 -0.0153760616666666
21 -0.0107190616666666
22 -0.0138835616666666
23 -0.0167998616666666
24 -0.0076189616666666
25 -0.0073919616666666
26 -0.0105669616666666
27 -0.0107211616666666
28 -0.0097404616666666
29 -0.0099067616666666
30 -0.0138909616666666
31 -0.0164716616666666
32 -0.0096843616666666
33 -0.0060808616666666
34 -0.0071449616666666
35 -0.0051289616666666
36 -0.0044516616666666
37 -0.0018199616666666
38 -0.0071542616666666
39 -0.0108398616666666
40 -0.0076207616666666
41 -0.0040131616666666
42 -0.0038852616666666
43 -0.0070944616666666
44 -0.0057333616666666
45 -0.0071391616666666
46 -0.0041109616666666
47 -0.0002001616666666
48 0.0022527383333334
49 -0.0000697616666666
50 0.0030259383333334
51 0.0032940383333334
52 0.0069551383333334
53 0.0019129383333334
54 -0.0046060616666666
55 -0.0018923616666666
56 -0.0076680616666666
57 -0.0056794616666666
58 -0.0093622616666666
59 -0.0072688616666666
60 -0.0077800616666666
61 -0.0088843616666666
62 -0.0088196616666666
63 -0.0076482616666666
64 -0.0155311616666666
65 -0.0149537616666666
66 -0.0097227616666666
67 -0.0093954616666666
68 -0.0136893616666666
69 -0.0167165616666666
70 -0.0144381616666666
71 -0.0140984616666666
72 -0.0182759616666666
73 -0.0192843616666666
74 -0.0191257616666666
75 -0.0148390616666666
76 -0.0152708616666666
77 -0.0122770616666666
78 -0.0135254616666666
79 -0.0121487616666666
80 -0.0121619616666666
81 -0.0108781616666666
82 -0.0070017616666666
83 -0.0027792616666666
84 -0.0015460616666666
85 -0.0051683616666666
86 -0.0003400616666666
87 0.0028528383333334
88 -0.0057412616666666
89 -0.0103078616666666
90 -0.0071347616666666
91 -0.0081430616666666
92 -0.0088371616666666
93 -0.0091759616666666
94 -0.0087927616666666
95 -0.0109344616666666
96 -0.0091076616666666
97 -0.0078984616666666
98 -0.0080310616666666
99 -0.0128900616666666
100 -0.0108581616666666
101 -0.0141042616666666
102 -0.0085113616666666
103 -0.0069603616666666
104 -0.0017605616666666
105 0.0016296383333334
106 0.0030989383333334
107 0.0053298383333334
108 0.0081505383333334
109 0.0002314383333334
110 -0.0008149616666666
111 -0.0022151616666666
112 -0.0015223616666666
113 0.0010920383333334
114 -0.0003005616666666
115 0.0027747383333334
116 -0.0031396616666666
117 0.0026354383333334
118 -0.0002971616666666
119 0.0016392383333334
120 -0.0016707616666666
121 -0.0067213616666666
122 -0.0114446616666666
123 -0.0084795616666666
124 -0.0076492616666666
125 -0.0051319616666666
126 0.0002467383333334
127 0.0036190383333334
128 -0.0029324616666666
129 0.0045844383333334
130 0.0041707383333334
131 0.0053075383333334
132 0.0045267383333334
133 0.0029824383333334
134 0.0000176383333334
135 0.0004200383333334
136 -0.0059015616666666
137 -0.0102320616666666
138 -0.0099246616666666
139 -0.0096705616666666
140 -0.0061636616666666
141 -0.0060432616666666
142 -0.0070135616666666
143 -0.0042361616666666
144 -0.0013259616666666
145 -0.0027250616666666
146 -0.0010983616666666
147 -0.0043413616666666
148 -0.0066453616666666
149 -0.0113650616666666
150 -0.0081440616666666
151 -0.0110474616666666
152 -0.0109740616666666
153 -0.0071189616666666
154 -0.0114948616666666
155 -0.0076077616666666
156 -0.0048264616666666
157 0.0052263383333334
158 0.0005053383333334
159 -0.0009243616666666
160 0.0010348383333334
161 0.0008465383333334
162 0.0049434383333334
163 0.0045993383333334
164 0.0020613383333334
165 0.0007711383333334
166 0.0001912383333334
167 -0.0045802616666666
168 -0.0011331616666666
169 0.0050533383333334
170 0.0035422383333334
171 -0.0026520616666666
172 -0.0027135616666666
173 -0.0027759616666666
174 -0.0005707616666666
175 0.0010745383333334
176 -0.0067178616666666
177 -0.0058631616666666
178 -0.0040848616666666
179 -0.0079122616666666
180 -0.0104868616666666
181 -0.0067682616666666
182 -0.0067015616666666
183 -0.0042900616666666
184 -0.0020099616666666
185 -0.0043207616666666
186 -0.0009479616666666
187 -0.0012731616666666
188 -0.0029317616666666
189 0.0045215383333334
190 0.0016289383333334
191 0.0044668383333334
192 0.0073669383333334
193 0.0018980383333334
194 -0.0004817616666666
195 -0.0022472616666666
196 0.0012228383333334
197 -0.0006867616666666
198 -0.0059821616666666
199 -0.0069742616666666
200 -0.0082808616666666
201 -0.0070525616666666
202 -0.0090148616666666
203 -0.0128203616666666
204 -0.0156465616666666
205 -0.0136762616666666
206 -0.0104496616666666
207 -0.0076462616666666
208 -0.0125124616666666
209 -0.0109469616666666
210 -0.0131820616666666
211 -0.0134603616666666
212 -0.0125500616666666
213 -0.0090679616666666
214 -0.0087463616666666
215 -0.0095470616666666
216 -0.0076794616666666
217 -0.0062428616666666
218 -0.0045779616666666
219 -0.0041455616666666
220 -0.0049301616666666
221 -0.0064786616666666
222 -0.0067958616666666
223 -0.0046198616666666
224 -0.0000024616666666
225 -0.0005106616666666
226 -0.0042399616666666
227 -0.0072087616666666
228 -0.0039733616666666
229 -0.0040318616666666
230 -0.0029804616666666
231 -0.0046236616666666
232 -0.0011461616666666
233 0.0024242383333334
234 -0.0008412616666666
235 -0.0022830616666666
236 -0.0016135616666666
237 -0.0041358616666666
238 -0.0039742616666666
239 -0.0004859616666666
240 -0.0033662616666666
241 -0.0051274616666666
242 -0.0099209616666666
243 -0.0094053616666666
244 -0.0092463616666666
245 -0.0080081616666666
246 -0.0048989616666666
247 -0.0071322616666666
248 -0.0079513616666666
249 -0.0061685616666666
250 -0.0052220616666666
251 -0.0079964616666666
252 -0.0003254616666666
253 -0.0036817616666666
254 -0.0072147616666666
255 -0.0068152616666666
256 0.0010639383333334
257 0.0049296383333334
258 0.0003689383333334
259 -0.0035260616666666
260 0.0032241383333334
261 0.0012988383333334
262 -0.0012942616666666
263 -0.0020925616666666
264 -0.0005531616666666
265 0.0023748383333334
266 -0.0081336616666666
267 -0.0058851616666666
268 -0.0037400616666666
269 -0.0089526616666666
270 -0.0077150616666666
271 -0.0085851616666666
272 -0.0068813616666666
273 -0.0063029616666666
274 -0.0090648616666666
275 -0.0064097616666666
276 -0.0118506616666666
277 -0.0123267616666666
278 -0.0070696616666666
279 -0.0071968616666666
280 -0.0092637616666666
281 -0.0037940616666666
282 -0.0050662616666666
283 -0.0019155616666666
284 -0.0054498616666666
285 -0.0029734616666666
286 -0.0024191616666666
287 -0.0009930616666666
288 -0.0018936616666666
289 -0.0040765616666666
290 -0.0019410616666666
291 0.0013741383333334
292 0.0018406383333334
293 0.0011122383333334
294 -0.0004576616666666
295 -0.0006848616666666
296 -0.0044048616666666
297 0.0024030383333334
298 -0.0035528616666666
299 -0.0052440616666666
300 -0.0043284616666666
301 -0.0068546616666666
302 0.0001283383333334
303 -0.0016204616666666
304 -0.0064323616666666
305 -0.0012312616666666
306 -0.0057782616666666
307 -0.0083539616666666
308 -0.0113684616666666
309 -0.0066279616666666
310 -0.0101192616666666
311 -0.0118856616666666
312 -0.0098611616666666
313 -0.0058471616666666
314 -0.0027156616666666
315 -0.0032171616666666
316 0.0011245383333334
317 0.0023136383333334
318 0.0036403383333334
319 -0.0004580616666666
320 -0.0048992616666666
321 -0.0017761616666666
322 -0.0024138616666666
323 0.0023595383333334
324 -0.0028937616666666
325 0.0024373383333334
326 0.0010237383333334
327 -0.0053913616666666
328 -0.0074252616666666
329 -0.0084037616666666
330 -0.0104393616666666
331 -0.0057888616666666
332 -0.0103729616666666
333 -0.0099050616666666
334 -0.0115317616666666
335 -0.0155993616666666
336 -0.0140378616666666
337 -0.0099782616666666
338 -0.0125277616666666
339 -0.0075592616666666
340 -0.0073723616666666
341 -0.0116998616666666
342 -0.0087753616666666
343 -0.0104305616666666
344 -0.0097555616666666
345 -0.0084115616666666
346 -0.0117106616666666
347 -0.0092506616666666
348 -0.0151413616666666
349 -0.0154364616666666
350 -0.0089006616666666
351 -0.0033537616666666
352 0.0002517383333334
353 -0.0007940616666666
354 0.0027953383333334
355 0.0063034383333334
356 0.0011541383333334
357 0.0054422383333334
358 -0.0013272616666666
359 -0.0030240616666666
360 0.0010538383333334
361 0.0025429383333334
362 0.0047488383333334
363 0.0070236383333334
364 0.0034371383333334
365 0.0104416383333334
366 0.0008485383333334
367 0.0024170383333334
368 0.0025760383333334
369 0.0004817383333334
370 -0.0044042616666666
371 -0.0020919616666666
372 -0.0020389616666666
373 -0.0043737616666666
374 -0.0028883616666666
375 -0.0001329616666666
376 0.0014892383333334
377 -0.0023745616666666
378 -0.0023380616666666
379 -0.0050181616666666
380 -0.0078624616666666
381 -0.0092427616666666
382 -0.0068737616666666
383 -0.0077601616666666
384 -0.0038588616666666
385 -0.0054016616666666
386 -0.0048431616666666
387 -0.0011223616666666
388 -0.0030925616666666
389 -0.0040710616666666
390 -0.0046278616666666
391 -0.0053498616666666
392 -0.0045670616666666
393 -0.0020301616666666
394 -0.0020851616666666
395 -0.0020042616666666
396 -0.0047743616666666
397 0.0006625383333334
398 -0.0031551616666666
399 -0.0104252616666666
400 -0.0078313616666666
401 -0.0045996616666666
402 -0.0086570616666666
403 -0.0098459616666666
404 -0.0051841616666666
405 -0.0029353616666666
406 -0.0027001616666666
407 -0.0013105616666666
408 -0.0064807616666666
409 -0.0041335616666666
410 -0.0037642616666666
411 -0.0063578616666666
412 -0.0071034616666666
413 -0.0043757616666666
414 0.0025304383333334
415 -0.0020201616666666
416 0.0019043383333334
417 0.0029851383333334
418 0.0004299383333334
419 0.0013154383333334
420 0.0002651383333334
421 0.0008950383333334
422 -0.0033830616666666
423 -0.0051378616666666
424 -0.0100619616666666
425 -0.0098694616666666
426 -0.0041895616666666
427 -0.0053127616666666
428 -0.0060558616666666
429 -0.0027791616666666
430 -0.0072249616666666
431 -0.0090565616666666
432 -0.0137555616666666
433 -0.0130021616666666
434 -0.0104790616666666
435 -0.0055470616666666
436 0.0003322383333334
437 -0.0010997616666666
438 -0.0040778616666666
439 -0.0024666616666666
440 0.0001531383333334
441 0.0028152383333334
442 -0.0001390616666666
443 0.0014412383333334
444 0.0029924383333334
445 0.0004227383333334
446 -0.0006366616666666
447 0.0018560383333334
448 0.0038249383333334
449 0.0035693383333334
450 0.0039267383333334
451 -0.0035737616666666
452 -0.0064049616666666
453 -0.0083780616666666
454 -0.0059773616666666
455 -0.0054147616666666
456 -0.0040391616666666
457 -0.0063817616666666
458 -0.0059461616666666
459 -0.0085900616666666
460 -0.0098545616666666
461 -0.0094367616666666
462 -0.0064093616666666
463 -0.0126378616666666
464 -0.0100036616666666
465 -0.0128410616666666
466 -0.0114707616666666
467 -0.0113334616666666
468 -0.0210316616666666
469 -0.0159463616666666
470 -0.0139157616666666
471 -0.0149769616666666
472 -0.0127217616666666
473 -0.0113456616666666
474 -0.0152841616666666
475 -0.0168443616666666
476 -0.0107400616666666
477 -0.0058154616666666
478 -0.0094564616666666
479 -0.0045491616666666
480 -0.0002435616666666
481 -0.0060996616666666
482 -0.0090740616666666
483 -0.0067138616666666
484 -0.0030632616666666
485 -0.0039194616666666
486 -0.0040992616666666
487 -0.0077403616666666
488 -0.0108601616666666
489 -0.0071328616666666
490 -0.0047229616666666
491 -0.0046752616666666
492 -0.0005368616666666
493 0.0043903383333334
494 0.0061181383333334
495 0.0050314383333334
496 -0.0001144616666666
497 -0.0045201616666666
498 -0.0090945616666666
499 -0.0044105616666666
500 -0.0111877616666666
501 -0.0065525616666666
502 -0.0064143616666666
503 -0.0063340616666666
504 -0.0048706616666666
505 -0.0053949616666666
506 -0.0056246616666666
507 -0.0022381616666666
508 -0.0017153616666666
509 -0.0054995616666666
510 -0.0051403616666666
511 -0.0114272616666666
512 -0.0096911616666666
513 -0.0090722616666666
514 -0.0126728616666666
515 -0.0107007616666666
516 -0.0106469616666666
517 -0.0126768616666666
518 -0.0068416616666666
519 -0.0053872616666666
520 -0.0052112616666666
521 0.0042132383333334
522 -0.0040737616666666
523 -0.0021730616666666
524 -0.0008605616666666
525 0.0010604383333334
526 -0.0011811616666666
527 -0.0035850616666666
528 -0.0068134616666666
529 -0.0062321616666666
530 -0.0030436616666666
531 -0.0056267616666666
532 -0.0071248616666666
533 -0.0072702616666666
534 -0.0069802616666666
535 -0.0131819616666666
536 -0.0112994616666666
537 -0.0135785616666666
538 -0.0139291616666666
539 -0.0096999616666666
540 -0.0080273616666666
541 -0.0069816616666666
542 -0.0044737616666666
543 -0.0036850616666666
544 -0.0039699616666666
545 -0.0027020616666666
546 -0.0041033616666666
547 -0.0084219616666666
548 -0.0083312616666666
549 -0.0039967616666666
550 -0.0043302616666666
551 -0.0020180616666666
552 -0.0042062616666666
553 -0.0041012616666666
554 -0.0025860616666666
555 -0.0031590616666666
556 -0.0008853616666666
557 0.0023732383333334
558 0.0018064383333334
559 0.0034569383333334
560 0.0011845383333334
561 -0.0040596616666666
562 -0.0031691616666666
563 -0.0055239616666666
564 -0.0037462616666666
565 -0.0083262616666666
566 -0.0075716616666666
567 -0.0118906616666666
568 -0.0131584616666666
569 -0.0106459616666666
570 -0.0103198616666666
571 -0.0117428616666666
572 -0.0105657616666666
573 -0.0083921616666666
574 -0.0046092616666666
575 -0.0030655616666666
576 -0.0061426616666666
577 -0.0037080616666666
578 -0.0017097616666666
579 -0.0071131616666666
580 -0.0057793616666666
581 -0.0100118616666666
582 -0.0118106616666666
583 -0.0136827616666666
584 -0.0161922616666666
585 -0.0161252616666666
586 -0.0147404616666666
587 -0.0125391616666666
588 -0.0121027616666666
589 -0.0115989616666666
590 -0.0063317616666666
591 -0.0082672616666666
592 -0.0080928616666666
593 -0.0121769616666666
594 -0.0136803616666666
595 -0.0098231616666666
596 -0.0135605616666666
597 -0.0130052616666666
598 -0.0139225616666666
599 -0.0135514616666666
600 -0.0084398616666666
1 0.0257615383333334
2 0.0234719383333334
3 0.0184022383333334
4 0.0146235383333334
5 0.0049233383333334
6 0.0044503383333334
7 0.0036450383333334
8 -0.0024714616666666
9 0.0014889383333334
10 0.0031288383333334
11 0.0034810383333334
12 -0.0030111616666666
13 -0.0014972616666666
14 -0.0007082616666666
15 0.0006943383333334
16 0.0038342383333334
17 0.0068069383333334
18 0.0103105383333334
19 0.0096467383333334
20 0.0075233383333334
21 0.0020421383333334
22 0.0023782383333334
23 0.0062854383333334
24 0.0076093383333334
25 0.0088656383333334
26 0.0031730383333334
27 0.0027576383333334
28 0.0032336383333334
29 -0.0043591616666666
30 -0.0061248616666666
31 -0.0044530616666666
32 -0.0075474616666666
33 -0.0061516616666666
34 -0.0069773616666666
35 -0.0057907616666666
36 -0.0074574616666666
37 -0.0110368616666666
38 -0.0088664616666666
39 -0.0042243616666666
40 -0.0053012616666666
41 -0.0045151616666666
42 -0.0101909616666666
43 -0.0096263616666666
44 -0.0108137616666666
45 -0.0088350616666666
46 -0.0106729616666666
47 -0.0100350616666666
48 -0.0096389616666666
49 -0.0117888616666666
50 -0.0146501616666666
51 -0.0126140616666666
52 -0.0180961616666666
53 -0.0148004616666666
54 -0.0110881616666666
55 -0.0052466616666666
56 -0.0086169616666666
57 -0.0080435616666666
58 -0.0073483616666666
59 -0.0063943616666666
60 -0.0106198616666666
61 -0.0149175616666666
62 -0.0152207616666666
63 -0.0134616616666666
64 -0.0137189616666666
65 -0.0113211616666666
66 -0.0093930616666666
67 -0.0049166616666666
68 -0.0050454616666666
69 -0.0073027616666666
70 -0.0077644616666666
71 -0.0081813616666666
72 -0.0031329616666666
73 -0.0040943616666666
74 -0.0011404616666666
75 -0.0052366616666666
76 -0.0037091616666666
77 -0.0082916616666666
78 -0.0035778616666666
79 -0.0061651616666666
80 -0.0050988616666666
81 -0.0054611616666666
82 -0.0055239616666666
83 -0.0029921616666666
84 -0.0057828616666666
85 -0.0087580616666666
86 -0.0099224616666666
87 -0.0106420616666666
88 -0.0090296616666666
89 -0.0117502616666666
90 -0.0081363616666666
91 -0.0106825616666666
92 -0.0086828616666666
93 -0.0117378616666666
94 -0.0127051616666666
95 -0.0106764616666666
96 -0.0043658616666666
97 -0.0064918616666666
98 -0.0053710616666666
99 -0.0062335616666666
100 0.0010138383333334
101 0.0038586383333334
102 0.0013558383333334
103 0.0012388383333334
104 -0.0030074616666666
105 -0.0050315616666666
106 -0.0021488616666666
107 -0.0042751616666666
108 -0.0068086616666666
109 -0.0056318616666666
110 -0.0042824616666666
111 -0.0071167616666666
112 -0.0087098616666666
113 -0.0022220616666666
114 0.0021012383333334
115 -0.0049203616666666
116 -0.0076017616666666
117 -0.0047619616666666
118 -0.0005689616666666
119 -0.0035009616666666
120 -0.0041656616666666
121 0.0007025383333334
122 0.0020283383333334
123 0.0042690383333334
124 0.0024315383333334
125 -0.0041099616666666
126 -0.0023175616666666
127 -0.0028445616666666
128 0.0012907383333334
129 0.0005043383333334
130 0.0000096383333334
131 0.0065444383333334
132 0.0021066383333334
133 0.0019764383333334
134 0.0005775383333334
135 0.0016531383333334
136 0.0061524383333334
137 0.0081008383333334
138 0.0065849383333334
139 0.0102045383333334
140 0.0104215383333334
141 0.0066691383333334
142 -0.0006906616666666
143 -0.0004765616666666
144 -0.0017684616666666
145 -0.0049709616666666
146 -0.0055436616666666
147 -0.0065981616666666
148 -0.0082756616666666
149 -0.0074181616666666
150 -0.0092666616666666
151 -0.0116409616666666
152 -0.0109542616666666
153 -0.0105566616666666
154 -0.0080493616666666
155 -0.0112945616666666
156 -0.0097665616666666
157 -0.0055233616666666
158 -0.0042719616666666
159 -0.0012738616666666
160 -0.0003513616666666
161 0.0020788383333334
162 0.0043735383333334
163 0.0006508383333334
164 0.0061744383333334
165 0.0011075383333334
166 -0.0002340616666666
167 -0.0019201616666666
168 -0.0030962616666666
169 -0.0017777616666666
170 -0.0051599616666666
171 -0.0045933616666666
172 -0.0013030616666666
173 -0.0078492616666666
174 -0.0047474616666666
175 -0.0025060616666666
176 -0.0055476616666666
177 -0.0049203616666666
178 -0.0075164616666666
179 -0.0085258616666666
180 -0.0080647616666666
181 -0.0149163616666666
182 -0.0113173616666666
183 -0.0067514616666666
184 -0.0107310616666666
185 -0.0118172616666666
186 -0.0064729616666666
187 -0.0017849616666666
188 0.0005226383333334
189 0.0009179383333334
190 -0.0070588616666666
191 -0.0084370616666666
192 -0.0033618616666666
193 -0.0081777616666666
194 -0.0104920616666666
195 -0.0091651616666666
196 -0.0082330616666666
197 -0.0116176616666666
198 -0.0119655616666666
199 -0.0118991616666666
200 -0.0032276616666666
201 -0.0010814616666666
202 0.0020125383333334
203 0.0010811383333334
204 0.0022404383333334
205 -0.0009767616666666
206 -0.0001176616666666
207 0.0048525383333334
208 0.0044787383333334
209 0.0049982383333334
210 0.0050569383333334
211 0.0045116383333334
212 0.0019920383333334
213 -0.0047439616666666
214 0.0003710383333334
215 -0.0077007616666666
216 -0.0061076616666666
217 -0.0066716616666666
218 -0.0091067616666666
219 -0.0082175616666666
220 -0.0053895616666666
221 -0.0089645616666666
222 -0.0109944616666666
223 -0.0033523616666666
224 -0.0039085616666666
225 -0.0037004616666666
226 -0.0052903616666666
227 -0.0083535616666666
228 -0.0068576616666666
229 -0.0043768616666666
230 -0.0052751616666666
231 -0.0101202616666666
232 -0.0120479616666666
233 -0.0126198616666666
234 -0.0156696616666666
235 -0.0133689616666666
236 -0.0075622616666666
237 -0.0051689616666666
238 -0.0068621616666666
239 -0.0046630616666666
240 -0.0002787616666666
241 0.0015721383333334
242 -0.0036635616666666
243 -0.0035729616666666
244 -0.0009826616666666
245 -0.0060731616666666
246 -0.0023417616666666
247 -0.0024205616666666
248 -0.0054077616666666
249 -0.0064996616666666
250 -0.0056095616666666
251 -0.0031420616666666
252 -0.0065922616666666
253 -0.0053248616666666
254 -0.0019232616666666
255 -0.0024032616666666
256 -0.0023933616666666
257 0.0008575383333334
258 0.0029389383333334
259 0.0033183383333334
260 0.0002951383333334
261 -0.0031144616666666
262 -0.0083120616666666
263 -0.0058464616666666
264 -0.0060281616666666
265 -0.0063066616666666
266 -0.0067412616666666
267 -0.0128169616666666
268 -0.0123868616666666
269 -0.0096591616666666
270 -0.0136362616666666
271 -0.0121229616666666
272 -0.0092406616666666
273 -0.0087137616666666
274 -0.0060816616666666
275 -0.0075974616666666
276 -0.0076025616666666
277 -0.0071816616666666
278 -0.0055728616666666
279 -0.0076262616666666
280 -0.0065757616666666
281 -0.0093951616666666
282 -0.0050769616666666
283 -0.0060188616666666
284 -0.0065094616666666
285 -0.0050247616666666
286 -0.0031592616666666
287 -0.0034447616666666
288 -0.0087080616666666
289 -0.0078337616666666
290 -0.0058063616666666
291 -0.0045991616666666
292 -0.0010619616666666
293 -0.0063690616666666
294 -0.0056733616666666
295 -0.0063915616666666
296 -0.0096824616666666
297 -0.0058265616666666
298 -0.0004768616666666
299 -0.0032502616666666
300 -0.0017863616666666
301 -0.0042714616666666
302 0.0002344383333334
303 0.0032815383333334
304 0.0046509383333334
305 0.0012590383333334
306 -0.0012204616666666
307 -0.0026396616666666
308 -0.0029361616666666
309 -0.0061610616666666
310 0.0014513383333334
311 0.0038402383333334
312 0.0028687383333334
313 -0.0014005616666666
314 -0.0040904616666666
315 -0.0080850616666666
316 -0.0038458616666666
317 -0.0006065616666666
318 -0.0007723616666666
319 -0.0055982616666666
320 -0.0037889616666666
321 -0.0079447616666666
322 -0.0065156616666666
323 -0.0101661616666666
324 -0.0097387616666666
325 -0.0069805616666666
326 -0.0082204616666666
327 -0.0088812616666666
328 -0.0095540616666666
329 -0.0079551616666666
330 -0.0041646616666666
331 -0.0042171616666666
332 -0.0064218616666666
333 -0.0062858616666666
334 -0.0042088616666666
335 -0.0043117616666666
336 -0.0028434616666666
337 -0.0041598616666666
338 -0.0077659616666666
339 -0.0045455616666666
340 -0.0058210616666666
341 -0.0061115616666666
342 -0.0076843616666666
343 -0.0079285616666666
344 -0.0027139616666666
345 -0.0008615616666666
346 -0.0016024616666666
347 0.0021405383333334
348 -0.0040608616666666
349 -0.0001084616666666
350 -0.0018669616666666
351 -0.0018337616666666
352 -0.0018248616666666
353 -0.0051244616666666
354 -0.0081462616666666
355 -0.0022449616666666
356 -0.0042002616666666
357 -0.0055558616666666
358 -0.0057316616666666
359 -0.0070027616666666
360 -0.0040691616666666
361 -0.0065258616666666
362 -0.0100649616666666
363 -0.0053980616666666
364 -0.0023722616666666
365 -0.0014782616666666
366 -0.0051976616666666
367 -0.0050537616666666
368 -0.0011758616666666
369 0.0028151383333334
370 0.0002781383333334
371 -0.0013709616666666
372 -0.0036795616666666
373 -0.0052049616666666
374 -0.0052004616666666
375 -0.0089037616666666
376 -0.0147477616666666
377 -0.0122255616666666
378 -0.0110818616666666
379 -0.0130964616666666
380 -0.0094651616666666
381 -0.0092071616666666
382 -0.0077938616666666
383 -0.0108701616666666
384 -0.0115636616666666
385 -0.0100734616666666
386 -0.0140908616666666
387 -0.0157986616666666
388 -0.0122800616666666
389 -0.0095629616666666
390 -0.0076151616666666
391 -0.0049910616666666
392 -0.0046837616666666
393 -0.0063623616666666
394 -0.0049918616666666
395 -0.0089626616666666
396 -0.0083297616666666
397 -0.0087703616666666
398 -0.0070289616666666
399 -0.0076212616666666
400 -0.0082289616666666
401 -0.0068974616666666
402 -0.0054648616666666
403 -0.0059910616666666
404 -0.0112277616666666
405 -0.0092840616666666
406 -0.0088356616666666
407 -0.0090711616666666
408 -0.0123275616666666
409 -0.0130922616666666
410 -0.0059661616666666
411 -0.0086033616666666
412 -0.0052029616666666
413 -0.0036843616666666
414 -0.0069391616666666
415 0.0005719383333334
416 0.0018673383333334
417 -0.0003925616666666
418 -0.0006785616666666
419 -0.0018899616666666
420 -0.0040146616666666
421 -0.0057069616666666
422 -0.0068482616666666
423 -0.0105960616666666
424 -0.0093474616666666
425 -0.0067631616666666
426 -0.0038580616666666
427 -0.0039861616666666
428 -0.0018611616666666
429 -0.0013019616666666
430 -0.0042961616666666
431 -0.0044419616666666
432 -0.0017712616666666
433 -0.0039361616666666
434 -0.0084176616666666
435 -0.0066628616666666
436 -0.0088443616666666
437 -0.0090581616666666
438 -0.0073647616666666
439 -0.0049134616666666
440 -0.0017114616666666
441 0.0009238383333334
442 0.0004169383333334
443 -0.0036056616666666
444 -0.0048210616666666
445 -0.0014934616666666
446 -0.0037122616666666
447 -0.0048373616666666
448 0.0002102383333334
449 -0.0034330616666666
450 -0.0068609616666666
451 -0.0055686616666666
452 -0.0025662616666666
453 -0.0012543616666666
454 -0.0089417616666666
455 -0.0058023616666666
456 -0.0039882616666666
457 -0.0015480616666666
458 -0.0021277616666666
459 -0.0059489616666666
460 -0.0095749616666666
461 -0.0073547616666666
462 -0.0075240616666666
463 0.0000599383333334
464 0.0001798383333334
465 -0.0039616616666666
466 -0.0073010616666666
467 -0.0059710616666666
468 -0.0037939616666666
469 -0.0068755616666666
470 -0.0076934616666666
471 -0.0062674616666666
472 -0.0066670616666666
473 -0.0058201616666666
474 -0.0069714616666666
475 -0.0037604616666666
476 -0.0033941616666666
477 -0.0011061616666666
478 -0.0047051616666666
479 -0.0144064616666666
480 -0.0150069616666666
481 -0.0119499616666666
482 -0.0107540616666666
483 -0.0081959616666666
484 -0.0076593616666666
485 -0.0081886616666666
486 -0.0113450616666666
487 -0.0088014616666666
488 -0.0054164616666666
489 -0.0019990616666666
490 -0.0056919616666666
491 -0.0091964616666666
492 -0.0100601616666666
493 -0.0067185616666666
494 -0.0065313616666666
495 -0.0045471616666666
496 -0.0059671616666666
497 -0.0067243616666666
498 -0.0034977616666666
499 -0.0027539616666666
500 -0.0019003616666666
501 -0.0018513616666666
502 -0.0035291616666666
503 -0.0014304616666666
504 0.0006163383333334
505 -0.0045916616666666
506 -0.0096409616666666
507 -0.0087121616666666
508 -0.0081023616666666
509 -0.0075198616666666
510 -0.0047891616666666
511 -0.0092835616666666
512 -0.0105001616666666
513 -0.0087978616666666
514 -0.0066976616666666
515 -0.0080241616666666
516 -0.0089595616666666
517 -0.0114571616666666
518 -0.0125153616666666
519 -0.0113039616666666
520 -0.0071608616666666
521 -0.0082081616666666
522 -0.0106108616666666
523 -0.0110623616666666
524 -0.0142958616666666
525 -0.0123903616666666
526 -0.0171223616666666
527 -0.0138902616666666
528 -0.0149609616666666
529 -0.0169400616666666
530 -0.0136612616666666
531 -0.0127831616666666
532 -0.0109155616666666
533 -0.0053353616666666
534 -0.0024089616666666
535 -0.0070612616666666
536 -0.0038977616666666
537 0.0005547383333334
538 -0.0014807616666666
539 -0.0005923616666666
540 -0.0098346616666666
541 -0.0084334616666666
542 -0.0026746616666666
543 -0.0007907616666666
544 -0.0001988616666666
545 0.0019267383333334
546 -0.0028697616666666
547 -0.0020106616666666
548 0.0005707383333334
549 0.0017723383333334
550 0.0044862383333334
551 0.0058544383333334
552 0.0014294383333334
553 0.0011054383333334
554 -0.0001543616666666
555 0.0015239383333334
556 -0.0053411616666666
557 -0.0060495616666666
558 -0.0033177616666666
559 -0.0057481616666666
560 -0.0014011616666666
561 -0.0058398616666666
562 -0.0047332616666666
563 -0.0095239616666666
564 -0.0079890616666666
565 -0.0096235616666666
566 -0.0069601616666666
567 -0.0093597616666666
568 -0.0093337616666666
569 -0.0045830616666666
570 -0.0062699616666666
571 -0.0025176616666666
572 -0.0017062616666666
573 0.0058296383333334
574 0.0065354383333334
575 0.0029310383333334
576 0.0036420383333334
577 0.0059246383333334
578 0.0038390383333334
579 0.0023714383333334
580 0.0039485383333334
581 0.0051785383333334
582 0.0036034383333334
583 0.0038696383333334
584 0.0004868383333334
585 -0.0032754616666666
586 -0.0007658616666666
587 -0.0028153616666666
588 0.0005574383333334
589 -0.0063228616666666
590 -0.0037227616666666
591 -0.0050641616666666
592 -0.0078307616666666
593 -0.0101750616666666
594 -0.0106030616666666
595 -0.0066090616666666
596 -0.0039085616666666
597 0.0013303383333334
598 -0.0007317616666666
599 0.0000799383333334
600 -0.0050658616666666
1 0.0039739383333334
2 0.0023428383333334
3 0.0014968383333334
4 0.0018956383333334
5 -0.0049101616666666
6 -0.0072621616666666
7 -0.0065682616666666
8 -0.0057101616666666
9 -0.0085396616666666
10 -0.0103180616666666
11 -0.0142434616666666
12 -0.0140334616666666
13 -0.0107580616666666
14 -0.0156339616666666
15 -0.0144118616666666
16 -0.0153742616666666
17 -0.0145512616666666
18 -0.0135720616666666
19 -0.0118324616666666
20 -0.0133891616666666
21 -0.0121396616666666
22 -0.0103984616666666
23 -0.0047422616666666
24 -0.0087262616666666
25 -0.0132510616666666
26 -0.0113267616666666
27 -0.0133406616666666
28 -0.0131543616666666
29 -0.0120016616666666
30 -0.0110736616666666
31 -0.0098841616666666
32 -0.0125640616666666
33 -0.0076225616666666
34 -0.0050969616666666
35 -0.0043183616666666
36 -0.0034581616666666
37 -0.0011359616666666
38 -0.0028785616666666
39 -0.0040007616666666
40 -0.0055423616666666
41 -0.0013850616666666
42 0.0015932383333334
43 0.0005968383333334
44 0.0009513383333334
45 0.0034322383333334
46 0.0019006383333334
47 -0.0003113616666666
48 -0.0008227616666666
49 0.0030659383333334
50 0.0023947383333334
51 0.0010813383333334
52 0.0000863383333334
53 -0.0015611616666666
54 -0.0029996616666666
55 -0.0025548616666666
56 -0.0047048616666666
57 -0.0058142616666666
58 -0.0114437616666666
59 -0.0076930616666666
60 -0.0058589616666666
61 -0.0154615616666666
62 -0.0145594616666666
63 -0.0139157616666666
64 -0.0074665616666666
65 -0.0095880616666666
66 -0.0087615616666666
67 -0.0069640616666666
68 -0.0079516616666666
69 -0.0070198616666666
70 -0.0069600616666666
71 -0.0053106616666666
72 -0.0048879616666666
73 -0.0091263616666666
74 -0.0077032616666666
75 -0.0097533616666666
76 -0.0077917616666666
77 -0.0084008616666666
78 -0.0063199616666666
79 -0.0082872616666666
80 -0.0074407616666666
81 -0.0076681616666666
82 -0.0097115616666666
83 -0.0099855616666666
84 -0.0089423616666666
85 -0.0043270616666666
86 0.0002322383333334
87 -0.0019484616666666
88 0.0043801383333334
89 -0.0025034616666666
90 -0.0042753616666666
91 -0.0063345616666666
92 -0.0056928616666666
93 -0.0037945616666666
94 -0.0050553616666666
95 -0.0026782616666666
96 0.0011880383333334
97 -0.0023018616666666
98 -0.0015649616666666
99 -0.0024006616666666
100 -0.0015249616666666
101 -0.0016059616666666
102 -0.0003623616666666
103 -0.0010366616666666
104 0.0041256383333334
105 0.0010892383333334
106 0.0026260383333334
107 0.0017898383333334
108 0.0012842383333334
109 -0.0011834616666666
110 0.0000363383333334
111 0.0033899383333334
112 -0.0024703616666666
113 -0.0039784616666666
114 -0.0009542616666666
115 0.0026824383333334
116 0.0012274383333334
117 -0.0050938616666666
118 -0.0043030616666666
119 -0.0034931616666666
120 -0.0051775616666666
121 -0.0031793616666666
122 -0.0043375616666666
123 -0.0050124616666666
124 -0.0062951616666666
125 -0.0031099616666666
126 -0.0094180616666666
127 -0.0070105616666666
128 -0.0059365616666666
129 -0.0058855616666666
130 -0.0053832616666666
131 -0.0080113616666666
132 -0.0078318616666666
133 -0.0058487616666666
134 -0.0048272616666666
135 -0.0031331616666666
136 -0.0021876616666666
137 -0.0086805616666666
138 -0.0057067616666666
139 -0.0004442616666666
140 0.0017132383333334
141 0.0064617383333334
142 0.0015378383333334
143 0.0057184383333334
144 0.0034919383333334
145 0.0084435383333334
146 0.0096108383333334
147 0.0061874383333334
148 0.0017933383333334
149 -0.0013059616666666
150 -0.0010622616666666
151 -0.0034917616666666
152 -0.0029972616666666
153 -0.0037004616666666
154 -0.0014144616666666
155 -0.0038571616666666
156 -0.0049507616666666
157 -0.0025811616666666
158 -0.0013819616666666
159 -0.0027467616666666
160 -0.0013694616666666
161 -0.0051691616666666
162 -0.0041892616666666
163 -0.0055870616666666
164 -0.0083890616666666
165 -0.0061897616666666
166 -0.0021817616666666
167 -0.0001063616666666
168 0.0000036383333334
169 0.0005627383333334
170 0.0009004383333334
171 -0.0020247616666666
172 -0.0016174616666666
173 -0.0036488616666666
174 0.0001446383333334
175 0.0003697383333334
176 0.0050856383333334
177 0.0023808383333334
178 -0.0004551616666666
179 -0.0014581616666666
180 -0.0028920616666666
181 -0.0037487616666666
182 -0.0019796616666666
183 0.0021358383333334
184 0.0015111383333334
185 0.0003424383333334
186 0.0031315383333334
187 0.0023395383333334
188 0.0016732383333334
189 0.0035060383333334
190 0.0032441383333334
191 0.0008677383333334
192 0.0015370383333334
193 -0.0033060616666666
194 -0.0030556616666666
195 -0.0073678616666666
196 -0.0064547616666666
197 -0.0038190616666666
198 -0.0035870616666666
199 -0.0066223616666666
200 -0.0091633616666666
201 -0.0119261616666666
202 -0.0111617616666666
203 -0.0095742616666666
204 -0.0097823616666666
205 -0.0110319616666666
206 -0.0076818616666666
207 -0.0060241616666666
208 -0.0063236616666666
209 -0.0065452616666666
210 -0.0085450616666666
211 -0.0024496616666666
212 0.0021791383333334
213 0.0023258383333334
214 0.0027012383333334
215 -0.0035449616666666
216 -0.0078900616666666
217 -0.0099273616666666
218 -0.0122981616666666
219 -0.0073562616666666
220 -0.0092060616666666
221 -0.0123121616666666
222 -0.0086024616666666
223 -0.0032637616666666
224 -0.0004941616666666
225 -0.0064689616666666
226 -0.0082233616666666
227 -0.0061663616666666
228 -0.0055690616666666
229 -0.0044654616666666
230 -0.0024057616666666
231 -0.0059335616666666
232 0.0012634383333334
233 0.0011571383333334
234 0.0000158383333334
235 -0.0035572616666666
236 -0.0027444616666666
237 -0.0026178616666666
238 -0.0049531616666666
239 -0.0048334616666666
240 -0.0040696616666666
241 -0.0083569616666666
242 -0.0049666616666666
243 -0.0004957616666666
244 -0.0059493616666666
245 -0.0085875616666666
246 -0.0105088616666666
247 -0.0102365616666666
248 -0.0090685616666666
249 -0.0008667616666666
250 -0.0012847616666666
251 -0.0037550616666666
252 0.0044599383333334
253 0.0047357383333334
254 0.0005389383333334
255 0.0015253383333334
256 0.0047811383333334
257 0.0059247383333334
258 0.0030321383333334
259 0.0008571383333334
260 0.0033886383333334
261 0.0051980383333334
262 0.0025714383333334
263 -0.0030631616666666
264 -0.0052518616666666
265 -0.0075629616666666
266 -0.0069929616666666
267 -0.0085203616666666
268 -0.0039905616666666
269 -0.0051409616666666
270 -0.0041685616666666
271 -0.0096560616666666
272 -0.0040084616666666
273 -0.0029092616666666
274 -0.0017769616666666
275 -0.0083969616666666
276 -0.0120084616666666
277 -0.0054680616666666
278 -0.0072018616666666
279 -0.0083342616666666
280 -0.0161146616666666
281 -0.0150583616666666
282 -0.0148869616666666
283 -0.0174980616666666
284 -0.0167768616666666
285 -0.0105052616666666
286 -0.0162809616666666
287 -0.0171456616666666
288 -0.0185455616666666
289 -0.0162475616666666
290 -0.0126003616666666
291 -0.0081019616666666
292 -0.0088660616666666
293 -0.0121551616666666
294 -0.0146194616666666
295 -0.0143457616666666
296 -0.0134927616666666
297 -0.0094847616666666
298 -0.0073875616666666
299 -0.0048823616666666
300 -0.0024351616666666
301 -0.0042428616666666
302 -0.0061381616666666
303 -0.0085119616666666
304 -0.0076286616666666
305 -0.0053684616666666
306 -0.0071952616666666
307 -0.0144721616666666
308 -0.0094002616666666
309 -0.0093937616666666
310 -0.0080044616666666
311 -0.0067258616666666
312 -0.0068902616666666
313 -0.0080764616666666
314 -0.0111860616666666
315 -0.0163798616666666
316 -0.0171411616666666
317 -0.0184136616666666
318 -0.0165545616666666
319 -0.0133751616666666
320 -0.0123691616666666
321 -0.0061028616666666
322 -0.0051651616666666
323 -0.0041719616666666
324 -0.0052785616666666
325 -0.0061488616666666
326 -0.0002878616666666
327 0.0012338383333334
328 -0.0029215616666666
329 -0.0048083616666666
330 -0.0028366616666666
331 0.0045724383333334
332 0.0062897383333334
333 0.0036404383333334
334 0.0024928383333334
335 0.0041682383333334
336 0.0043243383333334
337 0.0044665383333334
338 0.0010994383333334
339 0.0008994383333334
340 -0.0018300616666666
341 -0.0042154616666666
342 -0.0047600616666666
343 -0.0075916616666666
344 -0.0070748616666666
345 -0.0146385616666666
346 -0.0149571616666666
347 -0.0128711616666666
348 -0.0109998616666666
349 -0.0125269616666666
350 -0.0160157616666666
351 -0.0144003616666666
352 -0.0103856616666666
353 -0.0016952616666666
354 -0.0064547616666666
355 -0.0042547616666666
356 -0.0065931616666666
357 -0.0108092616666666
358 -0.0106785616666666
359 -0.0098337616666666
360 -0.0116703616666666
361 -0.0082594616666666
362 -0.0068026616666666
363 -0.0072125616666666
364 -0.0090717616666666
365 -0.0111273616666666
366 -0.0092740616666666
367 -0.0064777616666666
368 -0.0023662616666666
369 0.0003369383333334
370 0.0042027383333334
371 0.0042020383333334
372 0.0063145383333334
373 0.0053159383333334
374 0.0011599383333334
375 -0.0026886616666666
376 -0.0028324616666666
377 -0.0027146616666666
378 0.0014283383333334
379 -0.0020017616666666
380 0.0002032383333334
381 -0.0006782616666666
382 -0.0000968616666666
383 -0.0022320616666666
384 -0.0090736616666666
385 -0.0047055616666666
386 0.0014925383333334
387 -0.0007047616666666
388 -0.0054759616666666
389 -0.0047591616666666
390 -0.0014584616666666
391 -0.0081186616666666
392 -0.0050157616666666
393 -0.0058330616666666
394 -0.0109768616666666
395 -0.0048523616666666
396 -0.0070478616666666
397 -0.0120782616666666
398 -0.0122312616666666
399 -0.0134704616666666
400 -0.0101437616666666
401 -0.0105601616666666
402 -0.0037411616666666
403 -0.0081359616666666
404 -0.0118816616666666
405 -0.0073890616666666
406 -0.0055254616666666
407 -0.0061934616666666
408 -0.0018858616666666
409 -0.0066375616666666
410 -0.0092667616666666
411 -0.0047727616666666
412 -0.0029787616666666
413 -0.0010194616666666
414 0.0006634383333334
415 -0.0048017616666666
416 -0.0068556616666666
417 -0.0108372616666666
418 -0.0126197616666666
419 -0.0151057616666666
420 -0.0134153616666666
421 -0.0105768616666666
422 -0.0055273616666666
423 -0.0085292616666666
424 -0.0096276616666666
425 -0.0065674616666666
426 -0.0096913616666666
427 -0.0095589616666666
428 -0.0111372616666666
429 -0.0141127616666666
430 -0.0118786616666666
431 -0.0090944616666666
432 -0.0073033616666666
433 -0.0037549616666666
434 0.0015706383333334
435 0.0033428383333334
436 -0.0021359616666666
437 0.0014070383333334
438 -0.0056659616666666
439 -0.0053178616666666
440 -0.0078614616666666
441 -0.0094336616666666
442 -0.0032047616666666
443 -0.0037218616666666
444 -0.0024718616666666
445 -0.0088217616666666
446 -0.0109315616666666
447 -0.0132931616666666
448 -0.0117528616666666
449 -0.0121841616666666
450 -0.0133239616666666
451 -0.0083086616666666
452 -0.0097285616666666
453 -0.0121689616666666
454 -0.0101507616666666
455 -0.0120027616666666
456 -0.0144717616666666
457 -0.0126892616666666
458 -0.0163646616666666
459 -0.0168127616666666
460 -0.0092504616666666
461 -0.0076556616666666
462 -0.0068203616666666
463 -0.0077287616666666
464 -0.0043291616666666
465 -0.0027331616666666
466 -0.0014168616666666
467 -0.0063532616666666
468 -0.0070673616666666
469 -0.0060983616666666
470 -0.0066349616666666
471 -0.0078582616666666
472 -0.0096495616666666
473 -0.0117485616666666
474 -0.0101470616666666
475 -0.0136007616666666
476 -0.0133338616666666
477 -0.0127076616666666
478 -0.0075423616666666
479 -0.0069895616666666
480 -0.0108491616666666
481 -0.0084111616666666
482 -0.0058116616666666
483 -0.0032169616666666
484 -0.0070337616666666
485 -0.0084143616666666
486 -0.0118249616666666
487 -0.0162283616666666
488 -0.0109163616666666
489 -0.0096730616666666
490 -0.0131432616666666
491 -0.0125697616666666
492 -0.0127463616666666
493 -0.0066265616666666
494 -0.0070882616666666
495 -0.0081449616666666
496 -0.0129276616666666
497 -0.0130968616666666
498 -0.0136525616666666
499 -0.0130429616666666
500 -0.0099180616666666
501 -0.0105041616666666
502 -0.0077751616666666
503 -0.0116949616666666
504 -0.0087609616666666
505 -0.0109413616666666
506 -0.0098427616666666
507 -0.0064340616666666
508 -0.0109293616666666
509 -0.0094500616666666
510 -0.0100198616666666
511 -0.0081777616666666
512 -0.0145696616666666
513 -0.0094513616666666
514 -0.0073975616666666
515 -0.0053477616666666
516 -0.0053693616666666
517 -0.0070573616666666
518 -0.0088299616666666
519 -0.0097368616666666
520 -0.0102944616666666
521 -0.0124217616666666
522 -0.0167179616666666
523 -0.0156173616666666
524 -0.0119381616666666
525 -0.0120819616666666
526 -0.0083339616666666
527 -0.0082032616666666
528 -0.0019421616666666
529 0.0002080383333334
530 -0.0059987616666666
531 -0.0051115616666666
532 -0.0077435616666666
533 -0.0057710616666666
534 -0.0079452616666666
535 0.0002843383333334
536 -0.0020233616666666
537 0.0010840383333334
538 0.0047800383333334
539 0.0052094383333334
540 0.0054553383333334
541 -0.0015545616666666
542 0.0006729383333334
543 -0.0056066616666666
544 -0.0055713616666666
545 -0.0050869616666666
546 -0.0050798616666666
547 -0.0070612616666666
548 -0.0079899616666666
549 -0.0057671616666666
550 -0.0034883616666666
551 -0.0083225616666666
552 -0.0039901616666666
553 -0.0044589616666666
554 -0.0009604616666666
555 -0.0042583616666666
556 -0.0035081616666666
557 0.0015194383333334
558 0.0020565383333334
559 -0.0049096616666666
560 -0.0103619616666666
561 -0.0110578616666666
562 -0.0113980616666666
563 -0.0116838616666666
564 -0.0012506616666666
565 -0.0001494616666666
566 -0.0037075616666666
567 0.0011939383333334
568 0.0008529383333334
569 0.0033359383333334
570 0.0073378383333334
571 0.0053463383333334
572 0.0067369383333334
573 0.0064646383333334
574 0.0098485383333334
575 0.0054158383333334
576 0.0092906383333334
577 0.0062925383333334
578 0.0062448383333334
579 0.0031449383333334
580 -0.0004140616666666
581 -0.0039638616666666
582 -0.0032611616666666
583 -0.0009239616666666
584 0.0004533383333334
585 -0.0046379616666666
586 -0.0072736616666666
587 -0.0045504616666666
588 -0.0046492616666666
589 -0.0036292616666666
590 -0.0030901616666666
591 -0.0068702616666666
592 -0.0045809616666666
593 -0.0044537616666666
594 -0.0039750616666666
595 -0.0019835616666666
596 -0.0084643616666666
597 -0.0076362616666666
598 -0.0097347616666666
599 -0.0083334616666666
600 -0.0059764616666666
