       1.0000000        0.0046361
       2.0000000        0.0319503
       3.0000000        0.0621729
       4.0000000        0.0863323
       5.0000000        0.1104683
       6.0000000        0.1318183
       7.0000000        0.1473164
       8.0000000        0.1593575
       9.0000000        0.1693627
      10.0000000        0.1784827
      11.0000000        0.1877228
      12.0000000        0.1972205
      13.0000000        0.2047270
      14.0000000        0.2073458
      15.0000000        0.2068009
      16.0000000        0.2062834
       1.0000000        0.0047325
       2.0000000        0.0340459
       3.0000000        0.0674117
       4.0000000        0.0930748
       5.0000000        0.1167256
       6.0000000        0.1378374
       7.0000000        0.1539347
       8.0000000        0.1655107
       9.0000000        0.1761400
      10.0000000        0.1870525
      11.0000000        0.1953736
      12.0000000        0.2005701
      13.0000000        0.2042192
      14.0000000        0.2080358
      15.0000000        0.2100124
      16.0000000        0.2100805
       1.0000000        0.0053656
       2.0000000        0.0367473
       3.0000000        0.0711963
       4.0000000        0.0976005
       5.0000000        0.1224656
       6.0000000        0.1440760
       7.0000000        0.1619304
       8.0000000        0.1765713
       9.0000000        0.1871915
      10.0000000        0.1960240
      11.0000000        0.2039809
      12.0000000        0.2070831
      13.0000000        0.2066237
      14.0000000        0.2090441
      15.0000000        0.2153660
      16.0000000        0.2187638
       1.0000000        0.0058204
       2.0000000        0.0400578
       3.0000000        0.0773853
       4.0000000        0.1050260
       5.0000000        0.1304076
       6.0000000        0.1516027
       7.0000000        0.1677888
       8.0000000        0.1809189
       9.0000000        0.1898737
      10.0000000        0.1962891
      11.0000000        0.2039300
      12.0000000        0.2114269
      13.0000000        0.2142577
      14.0000000        0.2133327
      15.0000000        0.2132421
      16.0000000        0.2138627
       1.0000000        0.0056857
       2.0000000        0.0416392
       3.0000000        0.0853527
       4.0000000        0.1161812
       5.0000000        0.1405191
       6.0000000        0.1612292
       7.0000000        0.1755565
       8.0000000        0.1852938
       9.0000000        0.1930837
      10.0000000        0.2019964
      11.0000000        0.2139541
      12.0000000        0.2254747
      13.0000000        0.2318331
      14.0000000        0.2321425
      15.0000000        0.2303192
      16.0000000        0.2296609
       1.0000000        0.0061704
       2.0000000        0.0455153
       3.0000000        0.0931462
       4.0000000        0.1251609
       5.0000000        0.1486413
       6.0000000        0.1678089
       7.0000000        0.1817159
       8.0000000        0.1915022
       9.0000000        0.2001969
      10.0000000        0.2107295
      11.0000000        0.2220107
      12.0000000        0.2319728
      13.0000000        0.2396251
      14.0000000        0.2464043
      15.0000000        0.2517307
      16.0000000        0.2537891
       1.0000000        0.0070231
       2.0000000        0.0503236
       3.0000000        0.1021143
       4.0000000        0.1397848
       5.0000000        0.1681384
       6.0000000        0.1866532
       7.0000000        0.1950350
       8.0000000        0.2000308
       9.0000000        0.2079636
      10.0000000        0.2191275
      11.0000000        0.2318528
      12.0000000        0.2453097
      13.0000000        0.2569185
      14.0000000        0.2637728
      15.0000000        0.2662801
      16.0000000        0.2666163
       1.0000000        0.0069921
       2.0000000        0.0512123
       3.0000000        0.1020417
       4.0000000        0.1366022
       5.0000000        0.1635392
       6.0000000        0.1832091
       7.0000000        0.1967123
       8.0000000        0.2119069
       9.0000000        0.2263222
      10.0000000        0.2359473
      11.0000000        0.2435446
      12.0000000        0.2507216
      13.0000000        0.2572152
      14.0000000        0.2617220
      15.0000000        0.2620992
      16.0000000        0.2610990
       1.0000000        0.0066817
       2.0000000        0.0483538
       3.0000000        0.0942580
       4.0000000        0.1238770
       5.0000000        0.1471468
       6.0000000        0.1675123
       7.0000000        0.1869301
       8.0000000        0.2053261
       9.0000000        0.2193882
      10.0000000        0.2297952
      11.0000000        0.2360723
      12.0000000        0.2363046
      13.0000000        0.2343953
      14.0000000        0.2353497
      15.0000000        0.2367991
      16.0000000        0.2368725
       1.0000000        0.0070762
       2.0000000        0.0487784
       3.0000000        0.0917781
       4.0000000        0.1225536
       5.0000000        0.1492799
       6.0000000        0.1680917
       7.0000000        0.1815165
       8.0000000        0.1947464
       9.0000000        0.2069028
      10.0000000        0.2149792
      11.0000000        0.2180084
      12.0000000        0.2154270
      13.0000000        0.2106748
      14.0000000        0.2081401
      15.0000000        0.2066093
      16.0000000        0.2054718
       1.0000000        0.0067521
       2.0000000        0.0484226
       3.0000000        0.0931537
       4.0000000        0.1244661
       5.0000000        0.1514531
       6.0000000        0.1698470
       7.0000000        0.1826029
       8.0000000        0.1965928
       9.0000000        0.2090149
      10.0000000        0.2152745
      11.0000000        0.2151115
      12.0000000        0.2093740
      13.0000000        0.1991901
      14.0000000        0.1867198
      15.0000000        0.1758571
      16.0000000        0.1713132
       1.0000000        0.0061203
       2.0000000        0.0445515
       3.0000000        0.0911354
       4.0000000        0.1248717
       5.0000000        0.1478062
       6.0000000        0.1641086
       7.0000000        0.1782090
       8.0000000        0.1906020
       9.0000000        0.1977615
      10.0000000        0.1996634
      11.0000000        0.1964163
      12.0000000        0.1860367
      13.0000000        0.1723846
      14.0000000        0.1612780
      15.0000000        0.1549237
      16.0000000        0.1528060
       1.0000000        0.0065769
       2.0000000        0.0473584
       3.0000000        0.0908264
       4.0000000        0.1173533
       5.0000000        0.1390028
       6.0000000        0.1592923
       7.0000000        0.1733349
       8.0000000        0.1811287
       9.0000000        0.1836146
      10.0000000        0.1820512
      11.0000000        0.1768335
      12.0000000        0.1672218
      13.0000000        0.1554846
      14.0000000        0.1473440
      15.0000000        0.1438674
      16.0000000        0.1428261
       1.0000000        0.0068627
       2.0000000        0.0490157
       3.0000000        0.0916407
       4.0000000        0.1167905
       5.0000000        0.1402868
       6.0000000        0.1621962
       7.0000000        0.1734178
       8.0000000        0.1738164
       9.0000000        0.1720644
      10.0000000        0.1710373
      11.0000000        0.1657944
      12.0000000        0.1560455
      13.0000000        0.1489165
      14.0000000        0.1467608
      15.0000000        0.1453319
      16.0000000        0.1443965
       1.0000000        0.0062171
       2.0000000        0.0448074
       3.0000000        0.0872617
       4.0000000        0.1139142
       5.0000000        0.1345490
       6.0000000        0.1504663
       7.0000000        0.1578196
       8.0000000        0.1589936
       9.0000000        0.1575657
      10.0000000        0.1543954
      11.0000000        0.1498559
      12.0000000        0.1445290
      13.0000000        0.1407934
      14.0000000        0.1408899
      15.0000000        0.1423090
      16.0000000        0.1426884
       1.0000000        0.0059244
       2.0000000        0.0426758
       3.0000000        0.0839664
       4.0000000        0.1110735
       5.0000000        0.1292682
       6.0000000        0.1421656
       7.0000000        0.1484562
       8.0000000        0.1486743
       9.0000000        0.1466263
      10.0000000        0.1437177
      11.0000000        0.1413614
      12.0000000        0.1402220
      13.0000000        0.1388368
      14.0000000        0.1373708
      15.0000000        0.1356817
      16.0000000        0.1346832
       1.0000000        0.0057106
       2.0000000        0.0398758
       3.0000000        0.0778779
       4.0000000        0.1064080
       5.0000000        0.1293160
       6.0000000        0.1426893
       7.0000000        0.1463163
       8.0000000        0.1455071
       9.0000000        0.1448813
      10.0000000        0.1455715
      11.0000000        0.1450159
      12.0000000        0.1420032
      13.0000000        0.1383949
      14.0000000        0.1359912
      15.0000000        0.1344999
      16.0000000        0.1339092
       1.0000000        0.0055631
       2.0000000        0.0410326
       3.0000000        0.0823741
       4.0000000        0.1102829
       5.0000000        0.1307607
       6.0000000        0.1454654
       7.0000000        0.1505827
       8.0000000        0.1496461
       9.0000000        0.1501273
      10.0000000        0.1517696
      11.0000000        0.1513004
      12.0000000        0.1485513
      13.0000000        0.1462423
      14.0000000        0.1464542
      15.0000000        0.1474442
      16.0000000        0.1475127
       1.0000000        0.0049817
       2.0000000        0.0374892
       3.0000000        0.0769330
       4.0000000        0.1050965
       5.0000000        0.1251285
       6.0000000        0.1363819
       7.0000000        0.1402502
       8.0000000        0.1428124
       9.0000000        0.1455123
      10.0000000        0.1480917
      11.0000000        0.1501759
      12.0000000        0.1510170
      13.0000000        0.1528756
      14.0000000        0.1573830
      15.0000000        0.1619432
      16.0000000        0.1635106
       1.0000000        0.0048287
       2.0000000        0.0354257
       3.0000000        0.0705115
       4.0000000        0.0944409
       5.0000000        0.1110729
       6.0000000        0.1203622
       7.0000000        0.1263947
       8.0000000        0.1323636
       9.0000000        0.1376308
      10.0000000        0.1422621
      11.0000000        0.1470194
      12.0000000        0.1519953
      13.0000000        0.1559545
      14.0000000        0.1587054
      15.0000000        0.1602358
      16.0000000        0.1605351
       1.0000000        0.0047291
       2.0000000        0.0326605
       3.0000000        0.0637269
       4.0000000        0.0857015
       5.0000000        0.1005283
       6.0000000        0.1104810
       7.0000000        0.1196195
       8.0000000        0.1280006
       9.0000000        0.1350675
      10.0000000        0.1404207
      11.0000000        0.1443741
      12.0000000        0.1471222
      13.0000000        0.1497927
      14.0000000        0.1524009
      15.0000000        0.1545542
      16.0000000        0.1555686
       1.0000000        0.0052612
       2.0000000        0.0353672
       3.0000000        0.0698499
       4.0000000        0.0949484
       5.0000000        0.1126710
       6.0000000        0.1235330
       7.0000000        0.1312993
       8.0000000        0.1394119
       9.0000000        0.1461357
      10.0000000        0.1503567
      11.0000000        0.1542425
      12.0000000        0.1586781
      13.0000000        0.1624071
      14.0000000        0.1655826
      15.0000000        0.1667233
      16.0000000        0.1664455
       1.0000000        0.0061529
       2.0000000        0.0436937
       3.0000000        0.0840313
       4.0000000        0.1131368
       5.0000000        0.1350258
       6.0000000        0.1490051
       7.0000000        0.1587843
       8.0000000        0.1661752
       9.0000000        0.1702231
      10.0000000        0.1715958
      11.0000000        0.1755030
      12.0000000        0.1840508
      13.0000000        0.1932714
      14.0000000        0.1985154
      15.0000000        0.1989505
      16.0000000        0.1981703
       1.0000000        0.0068185
       2.0000000        0.0463867
       3.0000000        0.0884886
       4.0000000        0.1195370
       5.0000000        0.1439402
       6.0000000        0.1622260
       7.0000000        0.1767275
       8.0000000        0.1866788
       9.0000000        0.1924182
      10.0000000        0.1964595
      11.0000000        0.2000138
      12.0000000        0.2040660
      13.0000000        0.2084039
      14.0000000        0.2118265
      15.0000000        0.2142933
      16.0000000        0.2153237
       1.0000000        0.0071174
       2.0000000        0.0484852
       3.0000000        0.0928845
       4.0000000        0.1227368
       5.0000000        0.1452073
       6.0000000        0.1657055
       7.0000000        0.1871822
       8.0000000        0.2065955
       9.0000000        0.2200933
      10.0000000        0.2287279
      11.0000000        0.2323059
      12.0000000        0.2322489
      13.0000000        0.2305849
      14.0000000        0.2280831
      15.0000000        0.2251929
      16.0000000        0.2235836
       1.0000000        0.0062319
       2.0000000        0.0441907
       3.0000000        0.0854349
       4.0000000        0.1158446
       5.0000000        0.1434056
       6.0000000        0.1727351
       7.0000000        0.2002965
       8.0000000        0.2201165
       9.0000000        0.2316248
      10.0000000        0.2382606
      11.0000000        0.2422799
      12.0000000        0.2444538
      13.0000000        0.2420133
      14.0000000        0.2365817
      15.0000000        0.2318552
      16.0000000        0.2298193
       1.0000000        0.0065127
       2.0000000        0.0443510
       3.0000000        0.0874361
       4.0000000        0.1218031
       5.0000000        0.1525894
       6.0000000        0.1808363
       7.0000000        0.2051898
       8.0000000        0.2245094
       9.0000000        0.2352603
      10.0000000        0.2399593
      11.0000000        0.2427727
      12.0000000        0.2433290
      13.0000000        0.2385808
      14.0000000        0.2301094
      15.0000000        0.2217592
      16.0000000        0.2178593
       1.0000000        0.0061282
       2.0000000        0.0433781
       3.0000000        0.0872453
       4.0000000        0.1224555
       5.0000000        0.1526252
       6.0000000        0.1777584
       7.0000000        0.1984510
       8.0000000        0.2146899
       9.0000000        0.2260666
      10.0000000        0.2330004
      11.0000000        0.2353176
      12.0000000        0.2329526
      13.0000000        0.2286933
      14.0000000        0.2243885
      15.0000000        0.2215472
      16.0000000        0.2208117
       1.0000000        0.0057066
       2.0000000        0.0430627
       3.0000000        0.0888174
       4.0000000        0.1228802
       5.0000000        0.1525835
       6.0000000        0.1813162
       7.0000000        0.2029306
       8.0000000        0.2147691
       9.0000000        0.2241547
      10.0000000        0.2331805
      11.0000000        0.2394720
      12.0000000        0.2410336
      13.0000000        0.2386869
      14.0000000        0.2363424
      15.0000000        0.2351459
      16.0000000        0.2346595
       1.0000000        0.0053231
       2.0000000        0.0409517
       3.0000000        0.0871014
       4.0000000        0.1232875
       5.0000000        0.1537780
       6.0000000        0.1796858
       7.0000000        0.1982858
       8.0000000        0.2096824
       9.0000000        0.2175379
      10.0000000        0.2257481
      11.0000000        0.2333552
      12.0000000        0.2362846
      13.0000000        0.2355283
      14.0000000        0.2358964
      15.0000000        0.2375703
      16.0000000        0.2382652
       1.0000000        0.0051852
       2.0000000        0.0397424
       3.0000000        0.0845078
       4.0000000        0.1183551
       5.0000000        0.1468067
       6.0000000        0.1717660
       7.0000000        0.1902358
       8.0000000        0.2043064
       9.0000000        0.2147649
      10.0000000        0.2207643
      11.0000000        0.2237232
      12.0000000        0.2269156
      13.0000000        0.2300301
      14.0000000        0.2309377
      15.0000000        0.2296498
      16.0000000        0.2282995
       1.0000000        0.0053617
       2.0000000        0.0401469
       3.0000000        0.0838269
       4.0000000        0.1185853
       5.0000000        0.1479798
       6.0000000        0.1699992
       7.0000000        0.1821190
       8.0000000        0.1902822
       9.0000000        0.2007559
      10.0000000        0.2120769
      11.0000000        0.2185456
      12.0000000        0.2173107
      13.0000000        0.2115224
      14.0000000        0.2075896
      15.0000000        0.2078132
      16.0000000        0.2089309
       1.0000000        0.0057870
       2.0000000        0.0415875
       3.0000000        0.0854680
       4.0000000        0.1183707
       5.0000000        0.1435452
       6.0000000        0.1624562
       7.0000000        0.1749481
       8.0000000        0.1844881
       9.0000000        0.1914713
      10.0000000        0.1957298
      11.0000000        0.1982206
      12.0000000        0.1984412
      13.0000000        0.1961435
      14.0000000        0.1927933
      15.0000000        0.1899799
      16.0000000        0.1889740
       1.0000000        0.0060494
       2.0000000        0.0430621
       3.0000000        0.0855583
       4.0000000        0.1142448
       5.0000000        0.1364302
       6.0000000        0.1531834
       7.0000000        0.1640818
       8.0000000        0.1709730
       9.0000000        0.1738579
      10.0000000        0.1742910
      11.0000000        0.1759526
      12.0000000        0.1785964
      13.0000000        0.1800244
      14.0000000        0.1811826
      15.0000000        0.1828966
      16.0000000        0.1837217
       1.0000000        0.0062482
       2.0000000        0.0443638
       3.0000000        0.0851572
       4.0000000        0.1136985
       5.0000000        0.1381658
       6.0000000        0.1560884
       7.0000000        0.1674507
       8.0000000        0.1744372
       9.0000000        0.1772889
      10.0000000        0.1794642
      11.0000000        0.1811106
      12.0000000        0.1799271
      13.0000000        0.1781656
      14.0000000        0.1796253
      15.0000000        0.1830800
      16.0000000        0.1848224
       1.0000000        0.0062742
       2.0000000        0.0440442
       3.0000000        0.0877463
       4.0000000        0.1225543
       5.0000000        0.1508426
       6.0000000        0.1712850
       7.0000000        0.1852389
       8.0000000        0.1957025
       9.0000000        0.2013162
      10.0000000        0.2020799
      11.0000000        0.1987720
      12.0000000        0.1923281
      13.0000000        0.1890717
      14.0000000        0.1918141
      15.0000000        0.1959548
      16.0000000        0.1980075
       1.0000000        0.0062644
       2.0000000        0.0443241
       3.0000000        0.0901276
       4.0000000        0.1258237
       5.0000000        0.1558289
       6.0000000        0.1800947
       7.0000000        0.1971385
       8.0000000        0.2077866
       9.0000000        0.2133788
      10.0000000        0.2135930
      11.0000000        0.2105523
      12.0000000        0.2094851
      13.0000000        0.2112645
      14.0000000        0.2138638
      15.0000000        0.2158377
      16.0000000        0.2162961
       1.0000000        0.0059791
       2.0000000        0.0427477
       3.0000000        0.0858449
       4.0000000        0.1186394
       5.0000000        0.1470776
       6.0000000        0.1710620
       7.0000000        0.1879703
       8.0000000        0.1994905
       9.0000000        0.2063710
      10.0000000        0.2091976
      11.0000000        0.2115084
      12.0000000        0.2161064
      13.0000000        0.2219362
      14.0000000        0.2267387
      15.0000000        0.2287926
      16.0000000        0.2290954
       1.0000000        0.0058555
       2.0000000        0.0421179
       3.0000000        0.0856240
       4.0000000        0.1198397
       5.0000000        0.1467601
       6.0000000        0.1652192
       7.0000000        0.1782325
       8.0000000        0.1889104
       9.0000000        0.1978234
      10.0000000        0.2069386
      11.0000000        0.2161088
      12.0000000        0.2223630
      13.0000000        0.2258419
      14.0000000        0.2267651
      15.0000000        0.2264495
      16.0000000        0.2264965
       1.0000000        0.0060357
       2.0000000        0.0424370
       3.0000000        0.0845639
       4.0000000        0.1162845
       5.0000000        0.1416630
       6.0000000        0.1596132
       7.0000000        0.1730051
       8.0000000        0.1851590
       9.0000000        0.1958420
      10.0000000        0.2043553
      11.0000000        0.2113159
      12.0000000        0.2183934
      13.0000000        0.2253181
      14.0000000        0.2269135
      15.0000000        0.2227919
      16.0000000        0.2195351
       1.0000000        0.0059039
       2.0000000        0.0415862
       3.0000000        0.0847027
       4.0000000        0.1196637
       5.0000000        0.1474695
       6.0000000        0.1697706
       7.0000000        0.1897936
       8.0000000        0.2074275
       9.0000000        0.2187563
      10.0000000        0.2250086
      11.0000000        0.2302030
      12.0000000        0.2359210
      13.0000000        0.2391225
      14.0000000        0.2398031
      15.0000000        0.2411459
      16.0000000        0.2425709
       1.0000000        0.0058567
       2.0000000        0.0431608
       3.0000000        0.0905124
       4.0000000        0.1282858
       5.0000000        0.1585805
       6.0000000        0.1846579
       7.0000000        0.2049330
       8.0000000        0.2178745
       9.0000000        0.2256601
      10.0000000        0.2350706
      11.0000000        0.2469837
      12.0000000        0.2576950
      13.0000000        0.2670073
      14.0000000        0.2751154
      15.0000000        0.2815450
      16.0000000        0.2842403
       1.0000000        0.0066791
       2.0000000        0.0490464
       3.0000000        0.0995886
       4.0000000        0.1365677
       5.0000000        0.1644983
       6.0000000        0.1871290
       7.0000000        0.2067601
       8.0000000        0.2250860
       9.0000000        0.2408137
      10.0000000        0.2541102
      11.0000000        0.2693534
      12.0000000        0.2856361
      13.0000000        0.2979309
      14.0000000        0.3046558
      15.0000000        0.3077750
      16.0000000        0.3087830
       1.0000000        0.0071021
       2.0000000        0.0503846
       3.0000000        0.0979226
       4.0000000        0.1296379
       5.0000000        0.1541147
       6.0000000        0.1756386
       7.0000000        0.1937238
       8.0000000        0.2130930
       9.0000000        0.2311844
      10.0000000        0.2447534
      11.0000000        0.2570513
      12.0000000        0.2680646
      13.0000000        0.2783903
      14.0000000        0.2889574
      15.0000000        0.2941768
      16.0000000        0.2943628
       1.0000000        0.0064178
       2.0000000        0.0467410
       3.0000000        0.0918045
       4.0000000        0.1218386
       5.0000000        0.1444959
       6.0000000        0.1635159
       7.0000000        0.1786834
       8.0000000        0.1912101
       9.0000000        0.2036421
      10.0000000        0.2168999
      11.0000000        0.2284030
      12.0000000        0.2382063
      13.0000000        0.2473420
      14.0000000        0.2543598
      15.0000000        0.2565417
      16.0000000        0.2561449
       1.0000000        0.0064034
       2.0000000        0.0449492
       3.0000000        0.0856601
       4.0000000        0.1125328
       5.0000000        0.1346712
       6.0000000        0.1539984
       7.0000000        0.1683137
       8.0000000        0.1779984
       9.0000000        0.1877057
      10.0000000        0.2014170
      11.0000000        0.2155968
      12.0000000        0.2258052
      13.0000000        0.2329505
      14.0000000        0.2391433
      15.0000000        0.2440799
      16.0000000        0.2458203
       1.0000000        0.0062888
       2.0000000        0.0450837
       3.0000000        0.0885100
       4.0000000        0.1190365
       5.0000000        0.1418108
       6.0000000        0.1570381
       7.0000000        0.1667092
       8.0000000        0.1787400
       9.0000000        0.1922411
      10.0000000        0.2034883
      11.0000000        0.2123941
      12.0000000        0.2190986
      13.0000000        0.2275722
      14.0000000        0.2370010
      15.0000000        0.2434953
      16.0000000        0.2457330
       1.0000000        0.0056106
       2.0000000        0.0413760
       3.0000000        0.0848092
       4.0000000        0.1157784
       5.0000000        0.1377254
       6.0000000        0.1544442
       7.0000000        0.1710685
       8.0000000        0.1906128
       9.0000000        0.2059950
      10.0000000        0.2112729
      11.0000000        0.2128927
      12.0000000        0.2183169
      13.0000000        0.2293336
      14.0000000        0.2401265
      15.0000000        0.2454961
      16.0000000        0.2466453
       1.0000000        0.0047550
       2.0000000        0.0356345
       3.0000000        0.0757139
       4.0000000        0.1077656
       5.0000000        0.1338930
       6.0000000        0.1558461
       7.0000000        0.1771044
       8.0000000        0.1944702
       9.0000000        0.2031199
      10.0000000        0.2073312
      11.0000000        0.2102059
      12.0000000        0.2125048
      13.0000000        0.2184178
      14.0000000        0.2259159
      15.0000000        0.2295216
      16.0000000        0.2297180
       1.0000000        0.0048948
       2.0000000        0.0371206
       3.0000000        0.0787266
       4.0000000        0.1121327
       5.0000000        0.1392562
       6.0000000        0.1598380
       7.0000000        0.1726919
       8.0000000        0.1820306
       9.0000000        0.1918111
      10.0000000        0.2003887
      11.0000000        0.2062194
      12.0000000        0.2080172
      13.0000000        0.2064568
      14.0000000        0.2039866
      15.0000000        0.2024920
      16.0000000        0.2020912
       1.0000000        0.0054748
       2.0000000        0.0412672
       3.0000000        0.0854638
       4.0000000        0.1159430
       5.0000000        0.1370348
       6.0000000        0.1509186
       7.0000000        0.1585201
       8.0000000        0.1634849
       9.0000000        0.1669756
      10.0000000        0.1710301
      11.0000000        0.1758460
      12.0000000        0.1787040
      13.0000000        0.1773666
      14.0000000        0.1726950
      15.0000000        0.1676014
      16.0000000        0.1654030
       1.0000000        0.0061441
       2.0000000        0.0443217
       3.0000000        0.0873640
       4.0000000        0.1115344
       5.0000000        0.1246675
       6.0000000        0.1337836
       7.0000000        0.1412197
       8.0000000        0.1480525
       9.0000000        0.1557715
      10.0000000        0.1647530
      11.0000000        0.1726124
      12.0000000        0.1747497
      13.0000000        0.1692853
      14.0000000        0.1594564
      15.0000000        0.1508382
      16.0000000        0.1471981
       1.0000000        0.0054537
       2.0000000        0.0389700
       3.0000000        0.0751940
       4.0000000        0.0963219
       5.0000000        0.1102346
       6.0000000        0.1228521
       7.0000000        0.1350503
       8.0000000        0.1439200
       9.0000000        0.1498717
      10.0000000        0.1557719
      11.0000000        0.1584934
      12.0000000        0.1556531
      13.0000000        0.1504173
      14.0000000        0.1442629
      15.0000000        0.1388965
      16.0000000        0.1366660
       1.0000000        0.0049950
       2.0000000        0.0327911
       3.0000000        0.0636305
       4.0000000        0.0872565
       5.0000000        0.1056243
       6.0000000        0.1205764
       7.0000000        0.1319265
       8.0000000        0.1405336
       9.0000000        0.1470707
      10.0000000        0.1507087
      11.0000000        0.1510465
      12.0000000        0.1480069
      13.0000000        0.1420809
      14.0000000        0.1354239
      15.0000000        0.1324609
      16.0000000        0.1316197
       1.0000000        0.0044501
       2.0000000        0.0292653
       3.0000000        0.0591430
       4.0000000        0.0824450
       5.0000000        0.0993731
       6.0000000        0.1110698
       7.0000000        0.1204594
       8.0000000        0.1298792
       9.0000000        0.1375038
      10.0000000        0.1411881
      11.0000000        0.1414481
      12.0000000        0.1372117
      13.0000000        0.1314086
      14.0000000        0.1276451
      15.0000000        0.1270754
      16.0000000        0.1274404
       1.0000000        0.0040834
       2.0000000        0.0288632
       3.0000000        0.0595643
       4.0000000        0.0828155
       5.0000000        0.0984572
       6.0000000        0.1110042
       7.0000000        0.1231132
       8.0000000        0.1332330
       9.0000000        0.1395407
      10.0000000        0.1425093
      11.0000000        0.1423519
      12.0000000        0.1388383
      13.0000000        0.1338342
      14.0000000        0.1277969
      15.0000000        0.1225782
      16.0000000        0.1204654
       1.0000000        0.0039253
       2.0000000        0.0292010
       3.0000000        0.0615898
       4.0000000        0.0867940
       5.0000000        0.1048257
       6.0000000        0.1178288
       7.0000000        0.1294851
       8.0000000        0.1403160
       9.0000000        0.1477790
      10.0000000        0.1511575
      11.0000000        0.1515314
      12.0000000        0.1498726
      13.0000000        0.1464017
      14.0000000        0.1413296
      15.0000000        0.1370432
      16.0000000        0.1355137
       1.0000000        0.0039610
       2.0000000        0.0311618
       3.0000000        0.0682532
       4.0000000        0.0970601
       5.0000000        0.1156841
       6.0000000        0.1269151
       7.0000000        0.1344028
       8.0000000        0.1421354
       9.0000000        0.1481895
      10.0000000        0.1513606
      11.0000000        0.1525760
      12.0000000        0.1519989
      13.0000000        0.1512195
      14.0000000        0.1527664
      15.0000000        0.1557020
      16.0000000        0.1571670
       1.0000000        0.0044170
       2.0000000        0.0340376
       3.0000000        0.0728824
       4.0000000        0.1018828
       5.0000000        0.1211707
       6.0000000        0.1341647
       7.0000000        0.1427505
       8.0000000        0.1490258
       9.0000000        0.1529075
      10.0000000        0.1531387
      11.0000000        0.1514095
      12.0000000        0.1495292
      13.0000000        0.1502255
      14.0000000        0.1547081
      15.0000000        0.1607628
      16.0000000        0.1635030
       1.0000000        0.0041929
       2.0000000        0.0313773
       3.0000000        0.0669917
       4.0000000        0.0947819
       5.0000000        0.1151709
       6.0000000        0.1301256
       7.0000000        0.1409162
       8.0000000        0.1500673
       9.0000000        0.1569202
      10.0000000        0.1595691
      11.0000000        0.1596701
      12.0000000        0.1597681
      13.0000000        0.1605943
      14.0000000        0.1597908
      15.0000000        0.1586551
      16.0000000        0.1585211
       1.0000000        0.0041080
       2.0000000        0.0293568
       3.0000000        0.0623333
       4.0000000        0.0882477
       5.0000000        0.1067795
       6.0000000        0.1207448
       7.0000000        0.1299858
       8.0000000        0.1365267
       9.0000000        0.1432219
      10.0000000        0.1506064
      11.0000000        0.1575059
      12.0000000        0.1628540
      13.0000000        0.1666091
      14.0000000        0.1684970
      15.0000000        0.1682946
      16.0000000        0.1676286
       1.0000000        0.0040160
       2.0000000        0.0302092
       3.0000000        0.0628598
       4.0000000        0.0857355
       5.0000000        0.1031501
       6.0000000        0.1181332
       7.0000000        0.1296748
       8.0000000        0.1373430
       9.0000000        0.1429832
      10.0000000        0.1469576
      11.0000000        0.1507608
      12.0000000        0.1580481
      13.0000000        0.1676391
      14.0000000        0.1755296
      15.0000000        0.1806487
      16.0000000        0.1827092
       1.0000000        0.0041718
       2.0000000        0.0309022
       3.0000000        0.0642885
       4.0000000        0.0883039
       5.0000000        0.1071670
       6.0000000        0.1227474
       7.0000000        0.1334929
       8.0000000        0.1391240
       9.0000000        0.1410157
      10.0000000        0.1435242
      11.0000000        0.1498978
      12.0000000        0.1592273
      13.0000000        0.1697181
      14.0000000        0.1815501
      15.0000000        0.1924034
      16.0000000        0.1967728
       1.0000000        0.0043376
       2.0000000        0.0330830
       3.0000000        0.0688931
       4.0000000        0.0937141
       5.0000000        0.1111816
       6.0000000        0.1242858
       7.0000000        0.1353137
       8.0000000        0.1459089
       9.0000000        0.1543349
      10.0000000        0.1619709
      11.0000000        0.1710048
      12.0000000        0.1792896
      13.0000000        0.1841510
      14.0000000        0.1871242
      15.0000000        0.1906413
      16.0000000        0.1927920
       1.0000000        0.0044291
       2.0000000        0.0332746
       3.0000000        0.0687505
       4.0000000        0.0948586
       5.0000000        0.1161475
       6.0000000        0.1354314
       7.0000000        0.1524393
       8.0000000        0.1663630
       9.0000000        0.1772796
      10.0000000        0.1852137
      11.0000000        0.1905700
      12.0000000        0.1931355
      13.0000000        0.1941875
      14.0000000        0.1948572
      15.0000000        0.1953698
      16.0000000        0.1954648
       1.0000000        0.0048073
       2.0000000        0.0355163
       3.0000000        0.0720787
       4.0000000        0.1011413
       5.0000000        0.1282463
       6.0000000        0.1517450
       7.0000000        0.1676823
       8.0000000        0.1781022
       9.0000000        0.1849700
      10.0000000        0.1878693
      11.0000000        0.1877037
      12.0000000        0.1869355
      13.0000000        0.1844884
      14.0000000        0.1787554
      15.0000000        0.1721190
      16.0000000        0.1689534
       1.0000000        0.0049849
       2.0000000        0.0367566
       3.0000000        0.0757645
       4.0000000        0.1065126
       5.0000000        0.1345474
       6.0000000        0.1574730
       7.0000000        0.1714572
       8.0000000        0.1810894
       9.0000000        0.1878929
      10.0000000        0.1902021
      11.0000000        0.1882601
      12.0000000        0.1849069
      13.0000000        0.1827315
      14.0000000        0.1796471
      15.0000000        0.1743851
      16.0000000        0.1715623
       1.0000000        0.0047232
       2.0000000        0.0367716
       3.0000000        0.0789134
       4.0000000        0.1110290
       5.0000000        0.1336695
       6.0000000        0.1503900
       7.0000000        0.1640573
       8.0000000        0.1776979
       9.0000000        0.1884610
      10.0000000        0.1908505
      11.0000000        0.1869145
      12.0000000        0.1793930
      13.0000000        0.1700668
      14.0000000        0.1609593
      15.0000000        0.1536520
      16.0000000        0.1505840
       1.0000000        0.0055596
       2.0000000        0.0415653
       3.0000000        0.0839051
       4.0000000        0.1109647
       5.0000000        0.1331406
       6.0000000        0.1570205
       7.0000000        0.1779030
       8.0000000        0.1903006
       9.0000000        0.1927145
      10.0000000        0.1883546
      11.0000000        0.1815256
      12.0000000        0.1712380
      13.0000000        0.1571977
      14.0000000        0.1429793
      15.0000000        0.1328916
      16.0000000        0.1293424
       1.0000000        0.0062736
       2.0000000        0.0453150
       3.0000000        0.0901864
       4.0000000        0.1207156
       5.0000000        0.1456788
       6.0000000        0.1703636
       7.0000000        0.1900838
       8.0000000        0.1996050
       9.0000000        0.2011026
      10.0000000        0.1969039
      11.0000000        0.1853221
      12.0000000        0.1679837
      13.0000000        0.1510123
      14.0000000        0.1373499
      15.0000000        0.1288602
      16.0000000        0.1263984
       1.0000000        0.0067502
       2.0000000        0.0502204
       3.0000000        0.1040970
       4.0000000        0.1461073
       5.0000000        0.1780648
       6.0000000        0.1988675
       7.0000000        0.2083853
       8.0000000        0.2135839
       9.0000000        0.2150939
      10.0000000        0.2071134
      11.0000000        0.1899358
      12.0000000        0.1723691
      13.0000000        0.1569640
      14.0000000        0.1431144
      15.0000000        0.1342167
      16.0000000        0.1315506
       1.0000000        0.0075674
       2.0000000        0.0585470
       3.0000000        0.1224059
       4.0000000        0.1686414
       5.0000000        0.1988355
       6.0000000        0.2170010
       7.0000000        0.2263471
       8.0000000        0.2298960
       9.0000000        0.2267163
      10.0000000        0.2142892
      11.0000000        0.1976905
      12.0000000        0.1827909
      13.0000000        0.1688278
      14.0000000        0.1561342
      15.0000000        0.1484606
      16.0000000        0.1468813
       1.0000000        0.0073423
       2.0000000        0.0562016
       3.0000000        0.1170356
       4.0000000        0.1608727
       5.0000000        0.1918446
       6.0000000        0.2118509
       7.0000000        0.2212891
       8.0000000        0.2229316
       9.0000000        0.2173803
      10.0000000        0.2057312
      11.0000000        0.1930845
      12.0000000        0.1848465
      13.0000000        0.1816191
      14.0000000        0.1768361
      15.0000000        0.1717739
      16.0000000        0.1703748
       1.0000000        0.0065674
       2.0000000        0.0488236
       3.0000000        0.1013718
       4.0000000        0.1423247
       5.0000000        0.1727653
       6.0000000        0.1927632
       7.0000000        0.2015598
       8.0000000        0.2022835
       9.0000000        0.1967665
      10.0000000        0.1878601
      11.0000000        0.1810009
      12.0000000        0.1774650
      13.0000000        0.1744234
      14.0000000        0.1694621
      15.0000000        0.1640979
      16.0000000        0.1619544
       1.0000000        0.0061526
       2.0000000        0.0426904
       3.0000000        0.0856798
       4.0000000        0.1191721
       5.0000000        0.1451800
       6.0000000        0.1630064
       7.0000000        0.1732933
       8.0000000        0.1781861
       9.0000000        0.1785117
      10.0000000        0.1757110
      11.0000000        0.1739023
      12.0000000        0.1713827
      13.0000000        0.1640578
      14.0000000        0.1563122
      15.0000000        0.1517285
      16.0000000        0.1498066
       1.0000000        0.0058290
       2.0000000        0.0390665
       3.0000000        0.0753627
       4.0000000        0.1041822
       5.0000000        0.1286487
       6.0000000        0.1482552
       7.0000000        0.1618719
       8.0000000        0.1665506
       9.0000000        0.1654200
      10.0000000        0.1653217
      11.0000000        0.1660658
      12.0000000        0.1623693
      13.0000000        0.1543342
      14.0000000        0.1460347
      15.0000000        0.1405869
      16.0000000        0.1389436
       1.0000000        0.0054356
       2.0000000        0.0374341
       3.0000000        0.0737937
       4.0000000        0.1011714
       5.0000000        0.1236323
       6.0000000        0.1403025
       7.0000000        0.1506984
       8.0000000        0.1549954
       9.0000000        0.1534532
      10.0000000        0.1496136
      11.0000000        0.1471308
      12.0000000        0.1449013
      13.0000000        0.1399402
      14.0000000        0.1328321
      15.0000000        0.1269618
      16.0000000        0.1246708
       1.0000000        0.0055846
       2.0000000        0.0388082
       3.0000000        0.0770781
       4.0000000        0.1038182
       5.0000000        0.1213742
       6.0000000        0.1322840
       7.0000000        0.1393608
       8.0000000        0.1443450
       9.0000000        0.1469472
      10.0000000        0.1443578
      11.0000000        0.1390829
      12.0000000        0.1343084
      13.0000000        0.1289270
      14.0000000        0.1238780
      15.0000000        0.1207756
      16.0000000        0.1197781
       1.0000000        0.0060407
       2.0000000        0.0418639
       3.0000000        0.0791095
       4.0000000        0.1015898
       5.0000000        0.1143425
       6.0000000        0.1224169
       7.0000000        0.1300997
       8.0000000        0.1360199
       9.0000000        0.1372899
      10.0000000        0.1339800
      11.0000000        0.1295175
      12.0000000        0.1250452
      13.0000000        0.1189120
      14.0000000        0.1142610
      15.0000000        0.1136942
      16.0000000        0.1141662
       1.0000000        0.0060266
       2.0000000        0.0415033
       3.0000000        0.0776816
       4.0000000        0.0959004
       5.0000000        0.1071774
       6.0000000        0.1185504
       7.0000000        0.1275819
       8.0000000        0.1315743
       9.0000000        0.1319921
      10.0000000        0.1314462
      11.0000000        0.1304126
      12.0000000        0.1281307
      13.0000000        0.1242466
      14.0000000        0.1193445
      15.0000000        0.1131853
      16.0000000        0.1100406
       1.0000000        0.0060565
       2.0000000        0.0414143
       3.0000000        0.0783239
       4.0000000        0.0973080
       5.0000000        0.1058821
       6.0000000        0.1121964
       7.0000000        0.1177392
       8.0000000        0.1238052
       9.0000000        0.1281552
      10.0000000        0.1305414
      11.0000000        0.1326919
      12.0000000        0.1337125
      13.0000000        0.1341326
      14.0000000        0.1329345
      15.0000000        0.1305729
      16.0000000        0.1292202
       1.0000000        0.0056835
       2.0000000        0.0389224
       3.0000000        0.0744413
       4.0000000        0.0946519
       5.0000000        0.1045731
       6.0000000        0.1109857
       7.0000000        0.1157534
       8.0000000        0.1211104
       9.0000000        0.1298322
      10.0000000        0.1405499
      11.0000000        0.1481215
      12.0000000        0.1519169
      13.0000000        0.1549360
      14.0000000        0.1567886
      15.0000000        0.1571478
      16.0000000        0.1570348
       1.0000000        0.0052862
       2.0000000        0.0354884
       3.0000000        0.0672550
       4.0000000        0.0875483
       5.0000000        0.1021365
       6.0000000        0.1155254
       7.0000000        0.1278010
       8.0000000        0.1384870
       9.0000000        0.1478006
      10.0000000        0.1539488
      11.0000000        0.1570821
      12.0000000        0.1590158
      13.0000000        0.1623784
      14.0000000        0.1659424
      15.0000000        0.1661063
      16.0000000        0.1655022
       1.0000000        0.0055460
       2.0000000        0.0366077
       3.0000000        0.0676478
       4.0000000        0.0877488
       5.0000000        0.1047095
       6.0000000        0.1217145
       7.0000000        0.1384676
       8.0000000        0.1507059
       9.0000000        0.1578249
      10.0000000        0.1632180
      11.0000000        0.1694352
      12.0000000        0.1748147
      13.0000000        0.1788799
      14.0000000        0.1818467
      15.0000000        0.1821187
      16.0000000        0.1809327
       1.0000000        0.0060104
       2.0000000        0.0407071
       3.0000000        0.0744127
       4.0000000        0.0960828
       5.0000000        0.1151215
       6.0000000        0.1315154
       7.0000000        0.1443722
       8.0000000        0.1532130
       9.0000000        0.1611668
      10.0000000        0.1705858
      11.0000000        0.1791380
      12.0000000        0.1856026
      13.0000000        0.1889088
      14.0000000        0.1907762
      15.0000000        0.1935605
      16.0000000        0.1953847
       1.0000000        0.0067794
       2.0000000        0.0466106
       3.0000000        0.0861748
       4.0000000        0.1097900
       5.0000000        0.1269512
       6.0000000        0.1423844
       7.0000000        0.1577064
       8.0000000        0.1699416
       9.0000000        0.1792713
      10.0000000        0.1890724
      11.0000000        0.1997124
      12.0000000        0.2050768
      13.0000000        0.2026467
      14.0000000        0.1991978
      15.0000000        0.1997973
      16.0000000        0.2015265
       1.0000000        0.0074916
       2.0000000        0.0495647
       3.0000000        0.0913943
       4.0000000        0.1162930
       5.0000000        0.1365584
       6.0000000        0.1567900
       7.0000000        0.1733519
       8.0000000        0.1863618
       9.0000000        0.1986735
      10.0000000        0.2107718
      11.0000000        0.2203538
      12.0000000        0.2233117
      13.0000000        0.2215094
      14.0000000        0.2206419
      15.0000000        0.2195650
      16.0000000        0.2180109
       1.0000000        0.0073340
       2.0000000        0.0488724
       3.0000000        0.0927680
       4.0000000        0.1224850
       5.0000000        0.1462338
       6.0000000        0.1669334
       7.0000000        0.1821157
       8.0000000        0.1929654
       9.0000000        0.1996003
      10.0000000        0.2050466
      11.0000000        0.2130640
      12.0000000        0.2195174
      13.0000000        0.2223452
      14.0000000        0.2229512
      15.0000000        0.2213364
      16.0000000        0.2196430
       1.0000000        0.0069188
       2.0000000        0.0478613
       3.0000000        0.0949450
       4.0000000        0.1297927
       5.0000000        0.1564014
       6.0000000        0.1775783
       7.0000000        0.1946688
       8.0000000        0.2059582
       9.0000000        0.2116621
      10.0000000        0.2151619
      11.0000000        0.2175499
      12.0000000        0.2180855
      13.0000000        0.2185824
      14.0000000        0.2218040
      15.0000000        0.2241515
      16.0000000        0.2244687
       1.0000000        0.0072889
       2.0000000        0.0495227
       3.0000000        0.0950360
       4.0000000        0.1281140
       5.0000000        0.1547862
       6.0000000        0.1750816
       7.0000000        0.1864639
       8.0000000        0.1935581
       9.0000000        0.2004396
      10.0000000        0.2053600
      11.0000000        0.2060157
      12.0000000        0.2042138
      13.0000000        0.2027092
      14.0000000        0.2025198
      15.0000000        0.2033146
      16.0000000        0.2039418
       1.0000000        0.0076384
       2.0000000        0.0498591
       3.0000000        0.0918550
       4.0000000        0.1225595
       5.0000000        0.1519187
       6.0000000        0.1743031
       7.0000000        0.1863579
       8.0000000        0.1928828
       9.0000000        0.1971453
      10.0000000        0.1994174
      11.0000000        0.2002721
      12.0000000        0.1981498
      13.0000000        0.1945520
      14.0000000        0.1909631
      15.0000000        0.1883087
      16.0000000        0.1874778
       1.0000000        0.0087007
       2.0000000        0.0529646
       3.0000000        0.0895671
       4.0000000        0.1143083
       5.0000000        0.1399609
       6.0000000        0.1611665
       7.0000000        0.1730838
       8.0000000        0.1780077
       9.0000000        0.1791290
      10.0000000        0.1810112
      11.0000000        0.1825886
      12.0000000        0.1792459
      13.0000000        0.1752300
      14.0000000        0.1716733
      15.0000000        0.1676267
      16.0000000        0.1654941
       1.0000000        0.0081516
       2.0000000        0.0475337
       3.0000000        0.0803449
       4.0000000        0.1033627
       5.0000000        0.1289368
       6.0000000        0.1504294
       7.0000000        0.1597430
       8.0000000        0.1589385
       9.0000000        0.1558375
      10.0000000        0.1549495
      11.0000000        0.1534351
      12.0000000        0.1479579
      13.0000000        0.1409916
      14.0000000        0.1359981
      15.0000000        0.1333072
      16.0000000        0.1320790
       1.0000000        0.0074077
       2.0000000        0.0440356
       3.0000000        0.0761501
       4.0000000        0.0988333
       5.0000000        0.1235749
       6.0000000        0.1429487
       7.0000000        0.1508445
       8.0000000        0.1521181
       9.0000000        0.1502730
      10.0000000        0.1443489
      11.0000000        0.1325261
      12.0000000        0.1223754
      13.0000000        0.1176067
      14.0000000        0.1157500
      15.0000000        0.1154850
      16.0000000        0.1154724
       1.0000000        0.0081527
       2.0000000        0.0496073
       3.0000000        0.0870785
       4.0000000        0.1104767
       5.0000000        0.1319188
       6.0000000        0.1513324
       7.0000000        0.1625975
       8.0000000        0.1640682
       9.0000000        0.1583089
      10.0000000        0.1483526
      11.0000000        0.1377307
      12.0000000        0.1292366
      13.0000000        0.1257083
      14.0000000        0.1274171
      15.0000000        0.1306371
      16.0000000        0.1316618
       1.0000000        0.0086076
       2.0000000        0.0547131
       3.0000000        0.0949041
       4.0000000        0.1182370
       5.0000000        0.1417523
       6.0000000        0.1644922
       7.0000000        0.1765774
       8.0000000        0.1773949
       9.0000000        0.1718291
      10.0000000        0.1637487
      11.0000000        0.1541910
      12.0000000        0.1439758
      13.0000000        0.1378395
      14.0000000        0.1356791
      15.0000000        0.1338807
      16.0000000        0.1333094
       1.0000000        0.0078537
       2.0000000        0.0517379
       3.0000000        0.0932723
       4.0000000        0.1190820
       5.0000000        0.1434243
       6.0000000        0.1671031
       7.0000000        0.1796977
       8.0000000        0.1831395
       9.0000000        0.1817151
      10.0000000        0.1763095
      11.0000000        0.1685622
      12.0000000        0.1596005
      13.0000000        0.1497567
      14.0000000        0.1392632
      15.0000000        0.1306856
      16.0000000        0.1273486
       1.0000000        0.0071006
       2.0000000        0.0475313
       3.0000000        0.0913902
       4.0000000        0.1284169
       5.0000000        0.1604927
       6.0000000        0.1836690
       7.0000000        0.1962861
       8.0000000        0.2039251
       9.0000000        0.2058325
      10.0000000        0.1993655
      11.0000000        0.1891943
      12.0000000        0.1780330
      13.0000000        0.1668459
      14.0000000        0.1557880
      15.0000000        0.1448606
      16.0000000        0.1395049
       1.0000000        0.0076327
       2.0000000        0.0514521
       3.0000000        0.1002697
       4.0000000        0.1423608
       5.0000000        0.1841753
       6.0000000        0.2183006
       7.0000000        0.2343568
       8.0000000        0.2363634
       9.0000000        0.2321439
      10.0000000        0.2299529
      11.0000000        0.2254364
      12.0000000        0.2105134
      13.0000000        0.1916338
      14.0000000        0.1772269
      15.0000000        0.1698338
      16.0000000        0.1678864
       1.0000000        0.0082222
       2.0000000        0.0574519
       3.0000000        0.1100084
       4.0000000        0.1524476
       5.0000000        0.1931320
       6.0000000        0.2216821
       7.0000000        0.2353317
       8.0000000        0.2428019
       9.0000000        0.2437219
      10.0000000        0.2353677
      11.0000000        0.2236840
      12.0000000        0.2137261
      13.0000000        0.2069550
      14.0000000        0.2044224
      15.0000000        0.2039197
      16.0000000        0.2040651
       1.0000000        0.0086856
       2.0000000        0.0584592
       3.0000000        0.1110460
       4.0000000        0.1542980
       5.0000000        0.1951252
       6.0000000        0.2224797
       7.0000000        0.2387334
       8.0000000        0.2507386
       9.0000000        0.2534264
      10.0000000        0.2476260
      11.0000000        0.2437130
      12.0000000        0.2407542
      13.0000000        0.2353165
      14.0000000        0.2324343
      15.0000000        0.2332542
      16.0000000        0.2342564
       1.0000000        0.0075561
       2.0000000        0.0517373
       3.0000000        0.1008231
       4.0000000        0.1461047
       5.0000000        0.1858301
       6.0000000        0.2119447
       7.0000000        0.2316939
       8.0000000        0.2502038
       9.0000000        0.2607844
      10.0000000        0.2619141
      11.0000000        0.2581935
      12.0000000        0.2497323
      13.0000000        0.2414492
      14.0000000        0.2372490
      15.0000000        0.2314299
      16.0000000        0.2276338
       1.0000000        0.0068288
       2.0000000        0.0473214
       3.0000000        0.0946038
       4.0000000        0.1373716
       5.0000000        0.1711223
       6.0000000        0.1941594
       7.0000000        0.2150733
       8.0000000        0.2362476
       9.0000000        0.2514606
      10.0000000        0.2586240
      11.0000000        0.2569810
      12.0000000        0.2486281
      13.0000000        0.2394508
      14.0000000        0.2312697
      15.0000000        0.2239286
      16.0000000        0.2205800
       1.0000000        0.0067769
       2.0000000        0.0467438
       3.0000000        0.0933330
       4.0000000        0.1301146
       5.0000000        0.1604098
       6.0000000        0.1826759
       7.0000000        0.1992157
       8.0000000        0.2159036
       9.0000000        0.2306705
      10.0000000        0.2407818
      11.0000000        0.2433530
      12.0000000        0.2378166
      13.0000000        0.2268065
      14.0000000        0.2183549
      15.0000000        0.2152435
      16.0000000        0.2139802
       1.0000000        0.0061523
       2.0000000        0.0452670
       3.0000000        0.0919125
       4.0000000        0.1277733
       5.0000000        0.1544673
       6.0000000        0.1724951
       7.0000000        0.1859229
       8.0000000        0.1983945
       9.0000000        0.2105636
      10.0000000        0.2208121
      11.0000000        0.2258230
      12.0000000        0.2205879
      13.0000000        0.2098917
      14.0000000        0.2019762
      15.0000000        0.1973168
      16.0000000        0.1954502
       1.0000000        0.0058336
       2.0000000        0.0419472
       3.0000000        0.0856031
       4.0000000        0.1175664
       5.0000000        0.1421951
       6.0000000        0.1629119
       7.0000000        0.1784565
       8.0000000        0.1890460
       9.0000000        0.1956384
      10.0000000        0.1986905
      11.0000000        0.1981339
      12.0000000        0.1933423
      13.0000000        0.1862546
      14.0000000        0.1802322
      15.0000000        0.1800736
      16.0000000        0.1820737
       1.0000000        0.0058155
       2.0000000        0.0415410
       3.0000000        0.0821138
       4.0000000        0.1116476
       5.0000000        0.1373805
       6.0000000        0.1583299
       7.0000000        0.1712843
       8.0000000        0.1785205
       9.0000000        0.1815358
      10.0000000        0.1832800
      11.0000000        0.1842876
      12.0000000        0.1817688
      13.0000000        0.1763982
      14.0000000        0.1717579
      15.0000000        0.1686704
      16.0000000        0.1672588
       1.0000000        0.0058942
       2.0000000        0.0404596
       3.0000000        0.0787318
       4.0000000        0.1059077
       5.0000000        0.1276463
       6.0000000        0.1432995
       7.0000000        0.1526042
       8.0000000        0.1588472
       9.0000000        0.1627532
      10.0000000        0.1650632
      11.0000000        0.1662281
      12.0000000        0.1661370
      13.0000000        0.1657141
      14.0000000        0.1658040
      15.0000000        0.1671181
      16.0000000        0.1682873
       1.0000000        0.0056234
       2.0000000        0.0384472
       3.0000000        0.0741803
       4.0000000        0.0965103
       5.0000000        0.1105124
       6.0000000        0.1225882
       7.0000000        0.1339503
       8.0000000        0.1404830
       9.0000000        0.1407768
      10.0000000        0.1418032
      11.0000000        0.1450915
      12.0000000        0.1493201
      13.0000000        0.1522708
      14.0000000        0.1526782
      15.0000000        0.1518297
      16.0000000        0.1514211
       1.0000000        0.0055152
       2.0000000        0.0363531
       3.0000000        0.0674892
       4.0000000        0.0862889
       5.0000000        0.1000697
       6.0000000        0.1135447
       7.0000000        0.1263033
       8.0000000        0.1336202
       9.0000000        0.1341501
      10.0000000        0.1341967
      11.0000000        0.1375681
      12.0000000        0.1409002
      13.0000000        0.1421535
      14.0000000        0.1433419
      15.0000000        0.1444421
      16.0000000        0.1448835
       1.0000000        0.0058451
       2.0000000        0.0385732
       3.0000000        0.0665222
       4.0000000        0.0828180
       5.0000000        0.0988190
       6.0000000        0.1146276
       7.0000000        0.1294536
       8.0000000        0.1404487
       9.0000000        0.1468697
      10.0000000        0.1495274
      11.0000000        0.1498886
      12.0000000        0.1477702
      13.0000000        0.1441489
      14.0000000        0.1419539
      15.0000000        0.1417295
      16.0000000        0.1421580
       1.0000000        0.0063741
       2.0000000        0.0423584
       3.0000000        0.0739746
       4.0000000        0.0924522
       5.0000000        0.1089274
       6.0000000        0.1242825
       7.0000000        0.1374718
       8.0000000        0.1493284
       9.0000000        0.1596421
      10.0000000        0.1639622
      11.0000000        0.1633437
      12.0000000        0.1615049
      13.0000000        0.1590027
      14.0000000        0.1554453
      15.0000000        0.1512559
      16.0000000        0.1494099
       1.0000000        0.0062675
       2.0000000        0.0431202
       3.0000000        0.0786841
       4.0000000        0.0982833
       5.0000000        0.1134742
       6.0000000        0.1287915
       7.0000000        0.1419826
       8.0000000        0.1499625
       9.0000000        0.1535250
      10.0000000        0.1542855
      11.0000000        0.1566908
      12.0000000        0.1603695
      13.0000000        0.1606751
      14.0000000        0.1590920
      15.0000000        0.1558146
      16.0000000        0.1540535
       1.0000000        0.0062947
       2.0000000        0.0434786
       3.0000000        0.0803504
       4.0000000        0.1010579
       5.0000000        0.1152255
       6.0000000        0.1277830
       7.0000000        0.1370155
       8.0000000        0.1424438
       9.0000000        0.1450520
      10.0000000        0.1462921
      11.0000000        0.1478529
      12.0000000        0.1495094
      13.0000000        0.1510111
      14.0000000        0.1525422
      15.0000000        0.1510836
      16.0000000        0.1496254
       1.0000000        0.0060235
       2.0000000        0.0428718
       3.0000000        0.0821036
       4.0000000        0.1054310
       5.0000000        0.1211966
       6.0000000        0.1319656
       7.0000000        0.1401356
       8.0000000        0.1469043
       9.0000000        0.1513525
      10.0000000        0.1525463
      11.0000000        0.1516254
      12.0000000        0.1490883
      13.0000000        0.1472194
      14.0000000        0.1458608
      15.0000000        0.1423594
      16.0000000        0.1402786
       1.0000000        0.0066993
       2.0000000        0.0485228
       3.0000000        0.0918936
       4.0000000        0.1149711
       5.0000000        0.1275481
       6.0000000        0.1350973
       7.0000000        0.1433119
       8.0000000        0.1545550
       9.0000000        0.1609283
      10.0000000        0.1604331
      11.0000000        0.1568009
      12.0000000        0.1530242
      13.0000000        0.1491812
      14.0000000        0.1481401
      15.0000000        0.1476773
      16.0000000        0.1468454
       1.0000000        0.0068980
       2.0000000        0.0498708
       3.0000000        0.0915956
       4.0000000        0.1104068
       5.0000000        0.1246099
       6.0000000        0.1372630
       7.0000000        0.1447226
       8.0000000        0.1497067
       9.0000000        0.1523603
      10.0000000        0.1513490
      11.0000000        0.1507847
      12.0000000        0.1502924
      13.0000000        0.1461873
      14.0000000        0.1442266
      15.0000000        0.1462012
      16.0000000        0.1477909
       1.0000000        0.0070144
       2.0000000        0.0480023
       3.0000000        0.0861125
       4.0000000        0.1055756
       5.0000000        0.1211245
       6.0000000        0.1317125
       7.0000000        0.1367596
       8.0000000        0.1446352
       9.0000000        0.1533875
      10.0000000        0.1568059
      11.0000000        0.1573277
      12.0000000        0.1565311
      13.0000000        0.1530496
      14.0000000        0.1462990
      15.0000000        0.1382901
      16.0000000        0.1342603
       1.0000000        0.0058091
       2.0000000        0.0420136
       3.0000000        0.0804339
       4.0000000        0.1042547
       5.0000000        0.1232955
       6.0000000        0.1372266
       7.0000000        0.1434588
       8.0000000        0.1491346
       9.0000000        0.1590691
      10.0000000        0.1690167
      11.0000000        0.1736754
      12.0000000        0.1719527
      13.0000000        0.1636503
      14.0000000        0.1529611
      15.0000000        0.1448471
      16.0000000        0.1420752
       1.0000000        0.0049215
       2.0000000        0.0362949
       3.0000000        0.0718025
       4.0000000        0.0967553
       5.0000000        0.1170122
       6.0000000        0.1315480
       7.0000000        0.1392974
       8.0000000        0.1437810
       9.0000000        0.1487074
      10.0000000        0.1554116
      11.0000000        0.1627758
      12.0000000        0.1681340
      13.0000000        0.1684446
      14.0000000        0.1656027
      15.0000000        0.1620118
      16.0000000        0.1601398
       1.0000000        0.0043935
       2.0000000        0.0339083
       3.0000000        0.0710782
       4.0000000        0.1001285
       5.0000000        0.1242993
       6.0000000        0.1440238
       7.0000000        0.1586887
       8.0000000        0.1671348
       9.0000000        0.1672641
      10.0000000        0.1627417
      11.0000000        0.1574363
      12.0000000        0.1528294
      13.0000000        0.1505252
      14.0000000        0.1510548
      15.0000000        0.1531836
      16.0000000        0.1544981
       1.0000000        0.0052644
       2.0000000        0.0402716
       3.0000000        0.0861651
       4.0000000        0.1219016
       5.0000000        0.1481506
       6.0000000        0.1660941
       7.0000000        0.1776601
       8.0000000        0.1824340
       9.0000000        0.1761262
      10.0000000        0.1643773
      11.0000000        0.1569161
      12.0000000        0.1561831
      13.0000000        0.1586542
      14.0000000        0.1620456
      15.0000000        0.1666517
      16.0000000        0.1690183
       1.0000000        0.0062607
       2.0000000        0.0480034
       3.0000000        0.0998674
       4.0000000        0.1337361
       5.0000000        0.1542931
       6.0000000        0.1683581
       7.0000000        0.1803018
       8.0000000        0.1901639
       9.0000000        0.1923823
      10.0000000        0.1864343
      11.0000000        0.1777034
      12.0000000        0.1712715
      13.0000000        0.1703212
      14.0000000        0.1732920
      15.0000000        0.1761082
      16.0000000        0.1772979
       1.0000000        0.0056016
       2.0000000        0.0425376
       3.0000000        0.0873561
       4.0000000        0.1145604
       5.0000000        0.1304996
       6.0000000        0.1454767
       7.0000000        0.1589487
       8.0000000        0.1673766
       9.0000000        0.1694985
      10.0000000        0.1685259
      11.0000000        0.1667932
      12.0000000        0.1653883
      13.0000000        0.1646048
      14.0000000        0.1642196
      15.0000000        0.1631863
      16.0000000        0.1625296
       1.0000000        0.0050329
       2.0000000        0.0368181
       3.0000000        0.0740362
       4.0000000        0.0989147
       5.0000000        0.1171206
       6.0000000        0.1294599
       7.0000000        0.1359236
       8.0000000        0.1399444
       9.0000000        0.1436062
      10.0000000        0.1470520
      11.0000000        0.1483376
      12.0000000        0.1474020
      13.0000000        0.1477885
      14.0000000        0.1498712
      15.0000000        0.1513103
      16.0000000        0.1516701
       1.0000000        0.0043815
       2.0000000        0.0334083
       3.0000000        0.0691125
       4.0000000        0.0940871
       5.0000000        0.1105079
       6.0000000        0.1199543
       7.0000000        0.1237905
       8.0000000        0.1263468
       9.0000000        0.1304228
      10.0000000        0.1336750
      11.0000000        0.1353217
      12.0000000        0.1374977
      13.0000000        0.1396498
      14.0000000        0.1410532
      15.0000000        0.1413026
      16.0000000        0.1411546
       1.0000000        0.0040761
       2.0000000        0.0312238
       3.0000000        0.0643241
       4.0000000        0.0865517
       5.0000000        0.1013027
       6.0000000        0.1098445
       7.0000000        0.1142766
       8.0000000        0.1194354
       9.0000000        0.1259369
      10.0000000        0.1321406
      11.0000000        0.1364493
      12.0000000        0.1379302
      13.0000000        0.1369294
      14.0000000        0.1348439
      15.0000000        0.1333534
      16.0000000        0.1330495
       1.0000000        0.0038427
       2.0000000        0.0288688
       3.0000000        0.0584596
       4.0000000        0.0789829
       5.0000000        0.0942610
       6.0000000        0.1065352
       7.0000000        0.1167977
       8.0000000        0.1245067
       9.0000000        0.1283151
      10.0000000        0.1297827
      11.0000000        0.1308975
      12.0000000        0.1310250
      13.0000000        0.1295857
      14.0000000        0.1272252
      15.0000000        0.1251569
      16.0000000        0.1240987
       1.0000000        0.0037538
       2.0000000        0.0271746
       3.0000000        0.0543389
       4.0000000        0.0733343
       5.0000000        0.0898893
       6.0000000        0.1045943
       7.0000000        0.1151472
       8.0000000        0.1220143
       9.0000000        0.1252878
      10.0000000        0.1255200
      11.0000000        0.1251675
      12.0000000        0.1252322
      13.0000000        0.1239662
      14.0000000        0.1210238
      15.0000000        0.1187459
      16.0000000        0.1180459
       1.0000000        0.0038205
       2.0000000        0.0277486
       3.0000000        0.0549517
       4.0000000        0.0743499
       5.0000000        0.0902793
       6.0000000        0.1052544
       7.0000000        0.1178815
       8.0000000        0.1243313
       9.0000000        0.1247434
      10.0000000        0.1235756
      11.0000000        0.1233247
      12.0000000        0.1236987
      13.0000000        0.1238904
      14.0000000        0.1225653
      15.0000000        0.1191905
      16.0000000        0.1170528
       1.0000000        0.0040050
       2.0000000        0.0287446
       3.0000000        0.0588382
       4.0000000        0.0833251
       5.0000000        0.1019591
       6.0000000        0.1164640
       7.0000000        0.1274860
       8.0000000        0.1327714
       9.0000000        0.1327704
      10.0000000        0.1304746
      11.0000000        0.1285811
      12.0000000        0.1286058
      13.0000000        0.1299531
      14.0000000        0.1304958
      15.0000000        0.1287969
      16.0000000        0.1274123
       1.0000000        0.0041922
       2.0000000        0.0314007
       3.0000000        0.0668841
       4.0000000        0.0945844
       5.0000000        0.1154049
       6.0000000        0.1306137
       7.0000000        0.1397877
       8.0000000        0.1425148
       9.0000000        0.1405931
      10.0000000        0.1389357
      11.0000000        0.1402282
      12.0000000        0.1417359
      13.0000000        0.1400613
      14.0000000        0.1352696
      15.0000000        0.1306867
      16.0000000        0.1290317
       1.0000000        0.0046126
       2.0000000        0.0350455
       3.0000000        0.0739227
       4.0000000        0.1006289
       5.0000000        0.1183933
       6.0000000        0.1333071
       7.0000000        0.1456162
       8.0000000        0.1528794
       9.0000000        0.1551282
      10.0000000        0.1555496
      11.0000000        0.1548272
      12.0000000        0.1520025
      13.0000000        0.1470339
      14.0000000        0.1397136
      15.0000000        0.1324760
      16.0000000        0.1295439
       1.0000000        0.0050928
       2.0000000        0.0362943
       3.0000000        0.0731838
       4.0000000        0.0990491
       5.0000000        0.1165276
       6.0000000        0.1297790
       7.0000000        0.1420703
       8.0000000        0.1514241
       9.0000000        0.1528952
      10.0000000        0.1497953
      11.0000000        0.1463190
      12.0000000        0.1414960
      13.0000000        0.1351129
      14.0000000        0.1289174
      15.0000000        0.1241355
      16.0000000        0.1222631
       1.0000000        0.0051548
       2.0000000        0.0359922
       3.0000000        0.0734876
       4.0000000        0.1008544
       5.0000000        0.1193181
       6.0000000        0.1328513
       7.0000000        0.1430921
       8.0000000        0.1507752
       9.0000000        0.1547541
      10.0000000        0.1536123
      11.0000000        0.1490003
      12.0000000        0.1411105
      13.0000000        0.1315516
      14.0000000        0.1241880
      15.0000000        0.1197981
      16.0000000        0.1181897
       1.0000000        0.0051259
       2.0000000        0.0369403
       3.0000000        0.0751474
       4.0000000        0.1029844
       5.0000000        0.1248240
       6.0000000        0.1413617
       7.0000000        0.1523052
       8.0000000        0.1591947
       9.0000000        0.1621470
      10.0000000        0.1619614
      11.0000000        0.1584677
      12.0000000        0.1520306
      13.0000000        0.1440314
      14.0000000        0.1361028
      15.0000000        0.1299527
      16.0000000        0.1275452
       1.0000000        0.0050967
       2.0000000        0.0385543
       3.0000000        0.0807086
       4.0000000        0.1138875
       5.0000000        0.1400328
       6.0000000        0.1578442
       7.0000000        0.1671689
       8.0000000        0.1698388
       9.0000000        0.1703056
      10.0000000        0.1699124
      11.0000000        0.1666786
      12.0000000        0.1580245
      13.0000000        0.1462865
      14.0000000        0.1358628
      15.0000000        0.1278286
      16.0000000        0.1243554
       1.0000000        0.0052955
       2.0000000        0.0399875
       3.0000000        0.0828801
       4.0000000        0.1150246
       5.0000000        0.1415467
       6.0000000        0.1629731
       7.0000000        0.1756629
       8.0000000        0.1821832
       9.0000000        0.1856486
      10.0000000        0.1839652
      11.0000000        0.1762006
      12.0000000        0.1644274
      13.0000000        0.1521646
      14.0000000        0.1412741
      15.0000000        0.1332487
      16.0000000        0.1301475
       1.0000000        0.0052564
       2.0000000        0.0398047
       3.0000000        0.0825540
       4.0000000        0.1149920
       5.0000000        0.1417960
       6.0000000        0.1637766
       7.0000000        0.1796300
       8.0000000        0.1910974
       9.0000000        0.1980690
      10.0000000        0.1990502
      11.0000000        0.1925488
      12.0000000        0.1814286
      13.0000000        0.1712227
      14.0000000        0.1642127
      15.0000000        0.1594959
      16.0000000        0.1573248
       1.0000000        0.0049894
       2.0000000        0.0392205
       3.0000000        0.0840735
       4.0000000        0.1174920
       5.0000000        0.1410331
       6.0000000        0.1604315
       7.0000000        0.1797414
       8.0000000        0.1957466
       9.0000000        0.2034184
      10.0000000        0.2039409
      11.0000000        0.1999166
      12.0000000        0.1952364
      13.0000000        0.1914381
      14.0000000        0.1874082
      15.0000000        0.1829592
      16.0000000        0.1807185
       1.0000000        0.0049771
       2.0000000        0.0374937
       3.0000000        0.0782952
       4.0000000        0.1082125
       5.0000000        0.1322159
       6.0000000        0.1535021
       7.0000000        0.1708530
       8.0000000        0.1803849
       9.0000000        0.1841641
      10.0000000        0.1887631
      11.0000000        0.1926580
      12.0000000        0.1922260
      13.0000000        0.1896846
      14.0000000        0.1889834
      15.0000000        0.1900460
      16.0000000        0.1909439
       1.0000000        0.0052931
       2.0000000        0.0389297
       3.0000000        0.0792826
       4.0000000        0.1079717
       5.0000000        0.1277552
       6.0000000        0.1405294
       7.0000000        0.1491943
       8.0000000        0.1565758
       9.0000000        0.1636947
      10.0000000        0.1701552
      11.0000000        0.1752162
      12.0000000        0.1777015
      13.0000000        0.1791226
      14.0000000        0.1812859
      15.0000000        0.1834587
      16.0000000        0.1844172
       1.0000000        0.0057492
       2.0000000        0.0426211
       3.0000000        0.0831986
       4.0000000        0.1067534
       5.0000000        0.1213340
       6.0000000        0.1323651
       7.0000000        0.1425644
       8.0000000        0.1532911
       9.0000000        0.1627811
      10.0000000        0.1692159
      11.0000000        0.1732970
      12.0000000        0.1770647
      13.0000000        0.1809752
      14.0000000        0.1863130
      15.0000000        0.1923969
      16.0000000        0.1949878
       1.0000000        0.0069614
       2.0000000        0.0463157
       3.0000000        0.0855717
       4.0000000        0.1099602
       5.0000000        0.1253967
       6.0000000        0.1367352
       7.0000000        0.1491855
       8.0000000        0.1615498
       9.0000000        0.1708440
      10.0000000        0.1760851
      11.0000000        0.1809736
      12.0000000        0.1873338
      13.0000000        0.1957769
      14.0000000        0.2045325
      15.0000000        0.2103232
      16.0000000        0.2121759
       1.0000000        0.0069398
       2.0000000        0.0478212
       3.0000000        0.0867821
       4.0000000        0.1084000
       5.0000000        0.1244694
       6.0000000        0.1392812
       7.0000000        0.1538590
       8.0000000        0.1685848
       9.0000000        0.1800322
      10.0000000        0.1872329
      11.0000000        0.1943454
      12.0000000        0.2022448
      13.0000000        0.2083017
      14.0000000        0.2136070
      15.0000000        0.2192905
      16.0000000        0.2218686
       1.0000000        0.0062898
       2.0000000        0.0444572
       3.0000000        0.0840261
       4.0000000        0.1085840
       5.0000000        0.1259717
       6.0000000        0.1402768
       7.0000000        0.1542998
       8.0000000        0.1692230
       9.0000000        0.1812585
      10.0000000        0.1912362
      11.0000000        0.2003973
      12.0000000        0.2083762
      13.0000000        0.2149962
      14.0000000        0.2210010
      15.0000000        0.2255249
      16.0000000        0.2271807
       1.0000000        0.0064091
       2.0000000        0.0426380
       3.0000000        0.0784635
       4.0000000        0.1035561
       5.0000000        0.1249304
       6.0000000        0.1406078
       7.0000000        0.1506785
       8.0000000        0.1599017
       9.0000000        0.1697559
      10.0000000        0.1812471
      11.0000000        0.1933911
      12.0000000        0.2009017
      13.0000000        0.2034757
      14.0000000        0.2065984
      15.0000000        0.2114787
      16.0000000        0.2139473
       1.0000000        0.0055174
       2.0000000        0.0381238
       3.0000000        0.0715076
       4.0000000        0.0952969
       5.0000000        0.1186884
       6.0000000        0.1378348
       7.0000000        0.1486719
       8.0000000        0.1559016
       9.0000000        0.1639815
      10.0000000        0.1729074
      11.0000000        0.1796961
      12.0000000        0.1808130
      13.0000000        0.1796272
      14.0000000        0.1800639
      15.0000000        0.1818656
      16.0000000        0.1828082
       1.0000000        0.0052266
       2.0000000        0.0378267
       3.0000000        0.0753489
       4.0000000        0.1007380
       5.0000000        0.1221180
       6.0000000        0.1433027
       7.0000000        0.1587985
       8.0000000        0.1682478
       9.0000000        0.1751999
      10.0000000        0.1808720
      11.0000000        0.1842674
      12.0000000        0.1835076
      13.0000000        0.1789067
      14.0000000        0.1742025
      15.0000000        0.1714882
      16.0000000        0.1708276
       1.0000000        0.0053026
       2.0000000        0.0400251
       3.0000000        0.0803463
       4.0000000        0.1069213
       5.0000000        0.1300499
       6.0000000        0.1513306
       7.0000000        0.1640626
       8.0000000        0.1710140
       9.0000000        0.1768754
      10.0000000        0.1810635
      11.0000000        0.1822266
      12.0000000        0.1803456
      13.0000000        0.1761662
      14.0000000        0.1724009
      15.0000000        0.1701753
      16.0000000        0.1695737
       1.0000000        0.0055327
       2.0000000        0.0421404
       3.0000000        0.0865047
       4.0000000        0.1183311
       5.0000000        0.1437475
       6.0000000        0.1607519
       7.0000000        0.1651228
       8.0000000        0.1680048
       9.0000000        0.1750789
      10.0000000        0.1808314
      11.0000000        0.1812068
      12.0000000        0.1782378
      13.0000000        0.1738090
      14.0000000        0.1682214
      15.0000000        0.1632935
      16.0000000        0.1615309
       1.0000000        0.0057359
       2.0000000        0.0428835
       3.0000000        0.0872685
       4.0000000        0.1204053
       5.0000000        0.1465604
       6.0000000        0.1622505
       7.0000000        0.1672256
       8.0000000        0.1695657
       9.0000000        0.1716172
      10.0000000        0.1725950
      11.0000000        0.1731975
      12.0000000        0.1711417
      13.0000000        0.1635617
      14.0000000        0.1552302
      15.0000000        0.1498456
      16.0000000        0.1482006
       1.0000000        0.0056305
       2.0000000        0.0413575
       3.0000000        0.0841540
       4.0000000        0.1175797
       5.0000000        0.1443370
       6.0000000        0.1607651
       7.0000000        0.1663668
       8.0000000        0.1661587
       9.0000000        0.1645970
      10.0000000        0.1650209
      11.0000000        0.1672256
      12.0000000        0.1686531
      13.0000000        0.1667002
      14.0000000        0.1611154
      15.0000000        0.1550912
      16.0000000        0.1525889
       1.0000000        0.0055938
       2.0000000        0.0409148
       3.0000000        0.0840777
       4.0000000        0.1161844
       5.0000000        0.1392016
       6.0000000        0.1529876
       7.0000000        0.1579794
       8.0000000        0.1600005
       9.0000000        0.1638819
      10.0000000        0.1689390
      11.0000000        0.1722690
      12.0000000        0.1720710
      13.0000000        0.1681193
      14.0000000        0.1633230
      15.0000000        0.1605800
      16.0000000        0.1600970
       1.0000000        0.0059675
       2.0000000        0.0444062
       3.0000000        0.0903699
       4.0000000        0.1237475
       5.0000000        0.1483101
       6.0000000        0.1625773
       7.0000000        0.1683338
       8.0000000        0.1721859
       9.0000000        0.1755076
      10.0000000        0.1762924
      11.0000000        0.1742094
      12.0000000        0.1703107
      13.0000000        0.1673472
      14.0000000        0.1670699
      15.0000000        0.1670374
      16.0000000        0.1660426
       1.0000000        0.0064654
       2.0000000        0.0464920
       3.0000000        0.0926691
       4.0000000        0.1234206
       5.0000000        0.1455219
       6.0000000        0.1633694
       7.0000000        0.1769422
       8.0000000        0.1844395
       9.0000000        0.1850222
      10.0000000        0.1810806
      11.0000000        0.1749682
      12.0000000        0.1682879
      13.0000000        0.1635658
      14.0000000        0.1618645
      15.0000000        0.1618337
      16.0000000        0.1619265
       1.0000000        0.0065845
       2.0000000        0.0472021
       3.0000000        0.0933921
       4.0000000        0.1247469
       5.0000000        0.1448928
       6.0000000        0.1579411
       7.0000000        0.1673530
       8.0000000        0.1741573
       9.0000000        0.1755529
      10.0000000        0.1732523
      11.0000000        0.1698954
      12.0000000        0.1642904
      13.0000000        0.1560020
      14.0000000        0.1488184
      15.0000000        0.1453867
      16.0000000        0.1446956
       1.0000000        0.0064218
       2.0000000        0.0455387
       3.0000000        0.0876505
       4.0000000        0.1198611
       5.0000000        0.1404852
       6.0000000        0.1509044
       7.0000000        0.1599180
       8.0000000        0.1691211
       9.0000000        0.1760752
      10.0000000        0.1778846
      11.0000000        0.1736506
      12.0000000        0.1664959
      13.0000000        0.1589435
      14.0000000        0.1538921
      15.0000000        0.1511104
      16.0000000        0.1498744
       1.0000000        0.0065221
       2.0000000        0.0412843
       3.0000000        0.0760594
       4.0000000        0.1036673
       5.0000000        0.1253742
       6.0000000        0.1389319
       7.0000000        0.1480444
       8.0000000        0.1559270
       9.0000000        0.1615178
      10.0000000        0.1647626
      11.0000000        0.1681252
      12.0000000        0.1711622
      13.0000000        0.1714075
      14.0000000        0.1705743
      15.0000000        0.1692047
      16.0000000        0.1683372
       1.0000000        0.0069048
       2.0000000        0.0428480
       3.0000000        0.0741766
       4.0000000        0.0977054
       5.0000000        0.1159818
       6.0000000        0.1263318
       7.0000000        0.1355237
       8.0000000        0.1474503
       9.0000000        0.1598673
      10.0000000        0.1698697
      11.0000000        0.1750263
      12.0000000        0.1739702
      13.0000000        0.1695465
      14.0000000        0.1652621
      15.0000000        0.1634548
      16.0000000        0.1631041
       1.0000000        0.0064830
       2.0000000        0.0407095
       3.0000000        0.0733244
       4.0000000        0.0976982
       5.0000000        0.1136928
       6.0000000        0.1224071
       7.0000000        0.1314090
       8.0000000        0.1437835
       9.0000000        0.1553387
      10.0000000        0.1625616
      11.0000000        0.1655935
      12.0000000        0.1639783
      13.0000000        0.1565053
      14.0000000        0.1461961
      15.0000000        0.1388624
      16.0000000        0.1361210
       1.0000000        0.0065524
       2.0000000        0.0405651
       3.0000000        0.0746313
       4.0000000        0.0977520
       5.0000000        0.1142751
       6.0000000        0.1256598
       7.0000000        0.1332936
       8.0000000        0.1398285
       9.0000000        0.1468623
      10.0000000        0.1521640
      11.0000000        0.1536582
      12.0000000        0.1518296
      13.0000000        0.1465836
      14.0000000        0.1385157
      15.0000000        0.1320370
      16.0000000        0.1294870
       1.0000000        0.0062245
       2.0000000        0.0432178
       3.0000000        0.0838647
       4.0000000        0.1097875
       5.0000000        0.1271607
       6.0000000        0.1414710
       7.0000000        0.1513867
       8.0000000        0.1563268
       9.0000000        0.1594663
      10.0000000        0.1620950
      11.0000000        0.1631018
      12.0000000        0.1595827
      13.0000000        0.1524289
      14.0000000        0.1457332
      15.0000000        0.1417686
      16.0000000        0.1405945
       1.0000000        0.0061228
       2.0000000        0.0436393
       3.0000000        0.0853448
       4.0000000        0.1119313
       5.0000000        0.1317468
       6.0000000        0.1480506
       7.0000000        0.1583257
       8.0000000        0.1628530
       9.0000000        0.1648951
      10.0000000        0.1673775
      11.0000000        0.1697673
      12.0000000        0.1701428
      13.0000000        0.1681418
      14.0000000        0.1642653
      15.0000000        0.1611701
      16.0000000        0.1602310
       1.0000000        0.0062937
       2.0000000        0.0441051
       3.0000000        0.0845692
       4.0000000        0.1101881
       5.0000000        0.1304162
       6.0000000        0.1480184
       7.0000000        0.1607527
       8.0000000        0.1688274
       9.0000000        0.1738002
      10.0000000        0.1757858
      11.0000000        0.1757596
      12.0000000        0.1744347
      13.0000000        0.1718098
      14.0000000        0.1674996
      15.0000000        0.1626643
      16.0000000        0.1609089
       1.0000000        0.0058249
       2.0000000        0.0404958
       3.0000000        0.0787864
       4.0000000        0.1047407
       5.0000000        0.1250716
       6.0000000        0.1430173
       7.0000000        0.1576695
       8.0000000        0.1672469
       9.0000000        0.1716539
      10.0000000        0.1738134
      11.0000000        0.1757941
      12.0000000        0.1774254
      13.0000000        0.1794216
      14.0000000        0.1816511
      15.0000000        0.1828367
      16.0000000        0.1832104
       1.0000000        0.0054859
       2.0000000        0.0380147
       3.0000000        0.0738755
       4.0000000        0.1006991
       5.0000000        0.1236340
       6.0000000        0.1436076
       7.0000000        0.1583373
       8.0000000        0.1662285
       9.0000000        0.1696360
      10.0000000        0.1737089
      11.0000000        0.1779459
      12.0000000        0.1797912
      13.0000000        0.1789546
      14.0000000        0.1778787
      15.0000000        0.1763445
      16.0000000        0.1754379
       1.0000000        0.0050116
       2.0000000        0.0349803
       3.0000000        0.0694416
       4.0000000        0.0946958
       5.0000000        0.1155426
       6.0000000        0.1318622
       7.0000000        0.1427826
       8.0000000        0.1484682
       9.0000000        0.1525208
      10.0000000        0.1561984
      11.0000000        0.1584937
      12.0000000        0.1602632
      13.0000000        0.1611582
      14.0000000        0.1610124
      15.0000000        0.1606442
      16.0000000        0.1607883
       1.0000000        0.0048523
       2.0000000        0.0346007
       3.0000000        0.0673231
       4.0000000        0.0887242
       5.0000000        0.1053247
       6.0000000        0.1213897
       7.0000000        0.1351004
       8.0000000        0.1424015
       9.0000000        0.1442146
      10.0000000        0.1467935
      11.0000000        0.1504583
      12.0000000        0.1531737
      13.0000000        0.1557640
      14.0000000        0.1597936
      15.0000000        0.1644726
      16.0000000        0.1666143
       1.0000000        0.0051382
       2.0000000        0.0369013
       3.0000000        0.0724047
       4.0000000        0.0957766
       5.0000000        0.1129284
       6.0000000        0.1274344
       7.0000000        0.1398108
       8.0000000        0.1497424
       9.0000000        0.1549041
      10.0000000        0.1576995
      11.0000000        0.1624565
      12.0000000        0.1669296
      13.0000000        0.1671708
      14.0000000        0.1658687
      15.0000000        0.1668418
      16.0000000        0.1678919
       1.0000000        0.0058635
       2.0000000        0.0401637
       3.0000000        0.0764030
       4.0000000        0.1004409
       5.0000000        0.1199872
       6.0000000        0.1342562
       7.0000000        0.1420092
       8.0000000        0.1502560
       9.0000000        0.1621492
      10.0000000        0.1731065
      11.0000000        0.1769352
      12.0000000        0.1755059
      13.0000000        0.1731816
      14.0000000        0.1724815
      15.0000000        0.1736447
      16.0000000        0.1741203
       1.0000000        0.0056975
       2.0000000        0.0388912
       3.0000000        0.0751942
       4.0000000        0.0995022
       5.0000000        0.1174612
       6.0000000        0.1303624
       7.0000000        0.1412195
       8.0000000        0.1546978
       9.0000000        0.1682613
      10.0000000        0.1771551
      11.0000000        0.1815275
      12.0000000        0.1831590
      13.0000000        0.1838263
      14.0000000        0.1831041
      15.0000000        0.1814110
      16.0000000        0.1804177
       1.0000000        0.0054843
       2.0000000        0.0387962
       3.0000000        0.0746675
       4.0000000        0.0972592
       5.0000000        0.1156333
       6.0000000        0.1336759
       7.0000000        0.1489585
       8.0000000        0.1610251
       9.0000000        0.1706261
      10.0000000        0.1784808
      11.0000000        0.1856283
      12.0000000        0.1892447
      13.0000000        0.1882541
      14.0000000        0.1844211
      15.0000000        0.1810413
      16.0000000        0.1803277
       1.0000000        0.0057673
       2.0000000        0.0397908
       3.0000000        0.0769936
       4.0000000        0.1022686
       5.0000000        0.1229618
       6.0000000        0.1406068
       7.0000000        0.1548836
       8.0000000        0.1681327
       9.0000000        0.1806901
      10.0000000        0.1903477
      11.0000000        0.1929598
      12.0000000        0.1890949
      13.0000000        0.1843389
      14.0000000        0.1815081
      15.0000000        0.1818606
      16.0000000        0.1828546
       1.0000000        0.0051401
       2.0000000        0.0374485
       3.0000000        0.0766500
       4.0000000        0.1082249
       5.0000000        0.1347498
       6.0000000        0.1571616
       7.0000000        0.1758432
       8.0000000        0.1921411
       9.0000000        0.2027554
      10.0000000        0.2065551
      11.0000000        0.2052989
      12.0000000        0.1987780
      13.0000000        0.1903474
      14.0000000        0.1834019
      15.0000000        0.1785309
      16.0000000        0.1764737
       1.0000000        0.0053371
       2.0000000        0.0384491
       3.0000000        0.0782159
       4.0000000        0.1100190
       5.0000000        0.1383578
       6.0000000        0.1650302
       7.0000000        0.1856237
       8.0000000        0.1978243
       9.0000000        0.2038960
      10.0000000        0.2058843
      11.0000000        0.2054432
      12.0000000        0.2031225
      13.0000000        0.1954775
      14.0000000        0.1816768
      15.0000000        0.1690769
      16.0000000        0.1643537
       1.0000000        0.0055292
       2.0000000        0.0404166
       3.0000000        0.0829361
       4.0000000        0.1164317
       5.0000000        0.1431739
       6.0000000        0.1624394
       7.0000000        0.1717459
       8.0000000        0.1751948
       9.0000000        0.1786433
      10.0000000        0.1850233
      11.0000000        0.1902143
      12.0000000        0.1906696
      13.0000000        0.1863872
      14.0000000        0.1796521
      15.0000000        0.1741149
      16.0000000        0.1723703
       1.0000000        0.0054924
       2.0000000        0.0406444
       3.0000000        0.0852370
       4.0000000        0.1184098
       5.0000000        0.1386312
       6.0000000        0.1506944
       7.0000000        0.1597408
       8.0000000        0.1679716
       9.0000000        0.1754539
      10.0000000        0.1836978
      11.0000000        0.1913624
      12.0000000        0.1956087
      13.0000000        0.1963819
      14.0000000        0.1949293
      15.0000000        0.1937602
      16.0000000        0.1928571
       1.0000000        0.0052288
       2.0000000        0.0381862
       3.0000000        0.0780077
       4.0000000        0.1044826
       5.0000000        0.1202587
       6.0000000        0.1316621
       7.0000000        0.1411748
       8.0000000        0.1498065
       9.0000000        0.1580923
      10.0000000        0.1657794
      11.0000000        0.1738386
      12.0000000        0.1823928
      13.0000000        0.1890497
      14.0000000        0.1910949
      15.0000000        0.1894611
      16.0000000        0.1879435
       1.0000000        0.0043447
       2.0000000        0.0323487
       3.0000000        0.0662378
       4.0000000        0.0890642
       5.0000000        0.1031434
       6.0000000        0.1136242
       7.0000000        0.1229543
       8.0000000        0.1327392
       9.0000000        0.1420727
      10.0000000        0.1493237
      11.0000000        0.1546841
      12.0000000        0.1600790
      13.0000000        0.1656564
      14.0000000        0.1682410
      15.0000000        0.1684528
      16.0000000        0.1683425
       1.0000000        0.0038761
       2.0000000        0.0293557
       3.0000000        0.0609408
       4.0000000        0.0842031
       5.0000000        0.1001064
       6.0000000        0.1100832
       7.0000000        0.1172919
       8.0000000        0.1242488
       9.0000000        0.1312540
      10.0000000        0.1386562
      11.0000000        0.1464765
      12.0000000        0.1527145
      13.0000000        0.1570027
      14.0000000        0.1597387
      15.0000000        0.1613810
      16.0000000        0.1620328
       1.0000000        0.0039373
       2.0000000        0.0300355
       3.0000000        0.0615613
       4.0000000        0.0839651
       5.0000000        0.1003187
       6.0000000        0.1137650
       7.0000000        0.1232662
       8.0000000        0.1288181
       9.0000000        0.1323245
      10.0000000        0.1357644
      11.0000000        0.1390312
      12.0000000        0.1410647
      13.0000000        0.1411127
      14.0000000        0.1397395
      15.0000000        0.1379815
      16.0000000        0.1372516
       1.0000000        0.0036272
       2.0000000        0.0278724
       3.0000000        0.0590653
       4.0000000        0.0817310
       5.0000000        0.0973472
       6.0000000        0.1099218
       7.0000000        0.1193281
       8.0000000        0.1264412
       9.0000000        0.1328926
      10.0000000        0.1383875
      11.0000000        0.1404834
      12.0000000        0.1397282
      13.0000000        0.1375017
      14.0000000        0.1348087
      15.0000000        0.1322255
      16.0000000        0.1309749
       1.0000000        0.0030585
       2.0000000        0.0240738
       3.0000000        0.0517334
       4.0000000        0.0730490
       5.0000000        0.0908246
       6.0000000        0.1062715
       7.0000000        0.1176370
       8.0000000        0.1267949
       9.0000000        0.1339677
      10.0000000        0.1384134
      11.0000000        0.1412745
      12.0000000        0.1414894
      13.0000000        0.1394708
      14.0000000        0.1382905
      15.0000000        0.1378573
      16.0000000        0.1375054
       1.0000000        0.0029192
       2.0000000        0.0236271
       3.0000000        0.0533744
       4.0000000        0.0783100
       5.0000000        0.0977623
       6.0000000        0.1129209
       7.0000000        0.1241208
       8.0000000        0.1322456
       9.0000000        0.1388079
      10.0000000        0.1442670
      11.0000000        0.1479294
      12.0000000        0.1498663
      13.0000000        0.1510853
      14.0000000        0.1506741
      15.0000000        0.1490127
      16.0000000        0.1481421
       1.0000000        0.0032902
       2.0000000        0.0270784
       3.0000000        0.0611656
       4.0000000        0.0890821
       5.0000000        0.1102601
       6.0000000        0.1266158
       7.0000000        0.1387013
       8.0000000        0.1477643
       9.0000000        0.1562649
      10.0000000        0.1644880
      11.0000000        0.1698195
      12.0000000        0.1718096
      13.0000000        0.1718774
      14.0000000        0.1710209
      15.0000000        0.1686186
      16.0000000        0.1670919
       1.0000000        0.0037070
       2.0000000        0.0293572
       3.0000000        0.0650176
       4.0000000        0.0942614
       5.0000000        0.1164156
       6.0000000        0.1333521
       7.0000000        0.1466243
       8.0000000        0.1575242
       9.0000000        0.1665866
      10.0000000        0.1740588
      11.0000000        0.1787938
      12.0000000        0.1805212
      13.0000000        0.1798991
      14.0000000        0.1765130
      15.0000000        0.1705361
      16.0000000        0.1670609
       1.0000000        0.0040530
       2.0000000        0.0326063
       3.0000000        0.0708443
       4.0000000        0.0992221
       5.0000000        0.1201209
       6.0000000        0.1360619
       7.0000000        0.1483691
       8.0000000        0.1591523
       9.0000000        0.1657194
      10.0000000        0.1674857
      11.0000000        0.1684346
      12.0000000        0.1703103
      13.0000000        0.1726034
      14.0000000        0.1731999
      15.0000000        0.1713880
      16.0000000        0.1699569
       1.0000000        0.0042501
       2.0000000        0.0345688
       3.0000000        0.0758973
       4.0000000        0.1073763
       5.0000000        0.1290068
       6.0000000        0.1443118
       7.0000000        0.1554327
       8.0000000        0.1643505
       9.0000000        0.1695422
      10.0000000        0.1705414
      11.0000000        0.1681478
      12.0000000        0.1637443
      13.0000000        0.1611102
      14.0000000        0.1620306
      15.0000000        0.1640705
      16.0000000        0.1646904
       1.0000000        0.0043675
       2.0000000        0.0350255
       3.0000000        0.0771861
       4.0000000        0.1106392
       5.0000000        0.1340226
       6.0000000        0.1498201
       7.0000000        0.1613918
       8.0000000        0.1701459
       9.0000000        0.1753855
      10.0000000        0.1748936
      11.0000000        0.1690929
      12.0000000        0.1631387
      13.0000000        0.1626376
      14.0000000        0.1660904
      15.0000000        0.1685754
      16.0000000        0.1690573
       1.0000000        0.0041097
       2.0000000        0.0332110
       3.0000000        0.0748510
       4.0000000        0.1100312
       5.0000000        0.1373042
       6.0000000        0.1564229
       7.0000000        0.1702270
       8.0000000        0.1810678
       9.0000000        0.1860239
      10.0000000        0.1841291
      11.0000000        0.1797464
      12.0000000        0.1760576
      13.0000000        0.1745439
      14.0000000        0.1743495
      15.0000000        0.1723642
      16.0000000        0.1707370
       1.0000000        0.0043031
       2.0000000        0.0351530
       3.0000000        0.0782832
       4.0000000        0.1140472
       5.0000000        0.1423247
       6.0000000        0.1630254
       7.0000000        0.1771406
       8.0000000        0.1872651
       9.0000000        0.1923598
      10.0000000        0.1916633
      11.0000000        0.1889226
      12.0000000        0.1861350
      13.0000000        0.1835303
      14.0000000        0.1806202
      15.0000000        0.1758150
      16.0000000        0.1726888
       1.0000000        0.0046273
       2.0000000        0.0377465
       3.0000000        0.0838007
       4.0000000        0.1200803
       5.0000000        0.1479974
       6.0000000        0.1670828
       7.0000000        0.1788585
       8.0000000        0.1869613
       9.0000000        0.1913179
      10.0000000        0.1927383
      11.0000000        0.1905921
      12.0000000        0.1838681
      13.0000000        0.1761010
      14.0000000        0.1724300
      15.0000000        0.1727876
      16.0000000        0.1735168
       1.0000000        0.0049557
       2.0000000        0.0390055
       3.0000000        0.0833800
       4.0000000        0.1176363
       5.0000000        0.1444253
       6.0000000        0.1620377
       7.0000000        0.1706642
       8.0000000        0.1737904
       9.0000000        0.1756861
      10.0000000        0.1781033
      11.0000000        0.1801551
      12.0000000        0.1801990
      13.0000000        0.1786822
      14.0000000        0.1756664
      15.0000000        0.1718321
      16.0000000        0.1697252
       1.0000000        0.0049295
       2.0000000        0.0391131
       3.0000000        0.0846718
       4.0000000        0.1180137
       5.0000000        0.1392175
       6.0000000        0.1502746
       7.0000000        0.1542303
       8.0000000        0.1560274
       9.0000000        0.1581100
      10.0000000        0.1608209
      11.0000000        0.1623935
      12.0000000        0.1621923
      13.0000000        0.1619829
      14.0000000        0.1612960
      15.0000000        0.1584692
      16.0000000        0.1568050
       1.0000000        0.0054598
       2.0000000        0.0431614
       3.0000000        0.0885469
       4.0000000        0.1147501
       5.0000000        0.1288289
       6.0000000        0.1354855
       7.0000000        0.1366312
       8.0000000        0.1378995
       9.0000000        0.1408044
      10.0000000        0.1428530
      11.0000000        0.1422539
      12.0000000        0.1410087
      13.0000000        0.1434702
      14.0000000        0.1491845
      15.0000000        0.1534129
      16.0000000        0.1547804
       1.0000000        0.0059732
       2.0000000        0.0452101
       3.0000000        0.0893317
       4.0000000        0.1144511
       5.0000000        0.1296380
       6.0000000        0.1361791
       7.0000000        0.1369103
       8.0000000        0.1385431
       9.0000000        0.1419998
      10.0000000        0.1436829
      11.0000000        0.1417071
      12.0000000        0.1400510
      13.0000000        0.1416159
      14.0000000        0.1454083
      15.0000000        0.1486699
      16.0000000        0.1500529
       1.0000000        0.0059914
       2.0000000        0.0427216
       3.0000000        0.0843346
       4.0000000        0.1116365
       5.0000000        0.1294772
       6.0000000        0.1397564
       7.0000000        0.1449585
       8.0000000        0.1482110
       9.0000000        0.1481149
      10.0000000        0.1442335
      11.0000000        0.1418076
      12.0000000        0.1434748
      13.0000000        0.1457030
      14.0000000        0.1450067
      15.0000000        0.1409991
      16.0000000        0.1380500
       1.0000000        0.0059991
       2.0000000        0.0409427
       3.0000000        0.0795814
       4.0000000        0.1054221
       5.0000000        0.1241488
       6.0000000        0.1364388
       7.0000000        0.1411265
       8.0000000        0.1417126
       9.0000000        0.1413788
      10.0000000        0.1414446
      11.0000000        0.1424752
      12.0000000        0.1424100
      13.0000000        0.1401347
      14.0000000        0.1388271
      15.0000000        0.1392115
      16.0000000        0.1396387
       1.0000000        0.0053473
       2.0000000        0.0380404
       3.0000000        0.0752041
       4.0000000        0.1026257
       5.0000000        0.1224400
       6.0000000        0.1320501
       7.0000000        0.1343463
       8.0000000        0.1368905
       9.0000000        0.1399416
      10.0000000        0.1414809
      11.0000000        0.1424613
      12.0000000        0.1435320
      13.0000000        0.1447245
      14.0000000        0.1445462
      15.0000000        0.1438600
      16.0000000        0.1439779
       1.0000000        0.0057300
       2.0000000        0.0415057
       3.0000000        0.0829303
       4.0000000        0.1098239
       5.0000000        0.1266160
       6.0000000        0.1370352
       7.0000000        0.1441846
       8.0000000        0.1509231
       9.0000000        0.1560860
      10.0000000        0.1598628
      11.0000000        0.1621920
      12.0000000        0.1619644
      13.0000000        0.1601612
      14.0000000        0.1599590
      15.0000000        0.1624331
      16.0000000        0.1645789
       1.0000000        0.0062401
       2.0000000        0.0459741
       3.0000000        0.0932839
       4.0000000        0.1200665
       5.0000000        0.1343127
       6.0000000        0.1449671
       7.0000000        0.1538640
       8.0000000        0.1592323
       9.0000000        0.1619008
      10.0000000        0.1625846
      11.0000000        0.1617610
      12.0000000        0.1620350
      13.0000000        0.1640476
      14.0000000        0.1681612
      15.0000000        0.1734267
      16.0000000        0.1757867
       1.0000000        0.0061670
       2.0000000        0.0467981
       3.0000000        0.0915139
       4.0000000        0.1158949
       5.0000000        0.1306289
       6.0000000        0.1414253
       7.0000000        0.1453773
       8.0000000        0.1464804
       9.0000000        0.1498000
      10.0000000        0.1532029
      11.0000000        0.1559387
      12.0000000        0.1592211
      13.0000000        0.1623360
      14.0000000        0.1670692
      15.0000000        0.1733980
      16.0000000        0.1759412
       1.0000000        0.0057348
       2.0000000        0.0427158
       3.0000000        0.0830558
       4.0000000        0.1058782
       5.0000000        0.1236848
       6.0000000        0.1360261
       7.0000000        0.1392262
       8.0000000        0.1397678
       9.0000000        0.1429911
      10.0000000        0.1492294
      11.0000000        0.1555161
      12.0000000        0.1599306
      13.0000000        0.1617535
      14.0000000        0.1621068
      15.0000000        0.1617509
      16.0000000        0.1615694
       1.0000000        0.0050855
       2.0000000        0.0383066
       3.0000000        0.0761612
       4.0000000        0.1015784
       5.0000000        0.1212934
       6.0000000        0.1331080
       7.0000000        0.1381936
       8.0000000        0.1407655
       9.0000000        0.1434013
      10.0000000        0.1464552
      11.0000000        0.1497797
      12.0000000        0.1530818
      13.0000000        0.1558130
      14.0000000        0.1567324
      15.0000000        0.1549213
      16.0000000        0.1534807
       1.0000000        0.0043706
       2.0000000        0.0341032
       3.0000000        0.0717377
       4.0000000        0.0988552
       5.0000000        0.1170587
       6.0000000        0.1295181
       7.0000000        0.1384859
       8.0000000        0.1451448
       9.0000000        0.1504043
      10.0000000        0.1534411
      11.0000000        0.1540209
      12.0000000        0.1533954
      13.0000000        0.1524929
      14.0000000        0.1509562
      15.0000000        0.1489848
      16.0000000        0.1481142
       1.0000000        0.0048482
       2.0000000        0.0358625
       3.0000000        0.0737564
       4.0000000        0.0997367
       5.0000000        0.1175491
       6.0000000        0.1319206
       7.0000000        0.1414284
       8.0000000        0.1472417
       9.0000000        0.1519431
      10.0000000        0.1564654
      11.0000000        0.1589034
      12.0000000        0.1571238
      13.0000000        0.1536755
      14.0000000        0.1511939
      15.0000000        0.1487302
      16.0000000        0.1472126
       1.0000000        0.0053856
       2.0000000        0.0388192
       3.0000000        0.0770253
       4.0000000        0.1033222
       5.0000000        0.1234589
       6.0000000        0.1373658
       7.0000000        0.1444512
       8.0000000        0.1492252
       9.0000000        0.1548913
      10.0000000        0.1584720
      11.0000000        0.1572473
      12.0000000        0.1535766
      13.0000000        0.1515207
      14.0000000        0.1526594
      15.0000000        0.1536093
      16.0000000        0.1531621
       1.0000000        0.0048622
       2.0000000        0.0368577
       3.0000000        0.0752015
       4.0000000        0.1014663
       5.0000000        0.1199655
       6.0000000        0.1316226
       7.0000000        0.1396398
       8.0000000        0.1458726
       9.0000000        0.1498277
      10.0000000        0.1500304
      11.0000000        0.1475913
      12.0000000        0.1458013
      13.0000000        0.1459522
      14.0000000        0.1481182
      15.0000000        0.1506521
      16.0000000        0.1513213
       1.0000000        0.0041788
       2.0000000        0.0318583
       3.0000000        0.0668197
       4.0000000        0.0923132
       5.0000000        0.1119262
       6.0000000        0.1292383
       7.0000000        0.1442598
       8.0000000        0.1530376
       9.0000000        0.1556280
      10.0000000        0.1559599
      11.0000000        0.1557318
      12.0000000        0.1560327
      13.0000000        0.1565562
      14.0000000        0.1574439
      15.0000000        0.1580429
      16.0000000        0.1580667
       1.0000000        0.0033277
       2.0000000        0.0262238
       3.0000000        0.0580091
       4.0000000        0.0842409
       5.0000000        0.1057225
       6.0000000        0.1244235
       7.0000000        0.1405145
       8.0000000        0.1536260
       9.0000000        0.1636555
      10.0000000        0.1692728
      11.0000000        0.1690265
      12.0000000        0.1674880
      13.0000000        0.1689034
      14.0000000        0.1721863
      15.0000000        0.1760672
      16.0000000        0.1783313
       1.0000000        0.0032126
       2.0000000        0.0253015
       3.0000000        0.0549293
       4.0000000        0.0779456
       5.0000000        0.0968505
       6.0000000        0.1136687
       7.0000000        0.1262881
       8.0000000        0.1373234
       9.0000000        0.1474168
      10.0000000        0.1546876
      11.0000000        0.1596456
      12.0000000        0.1637880
      13.0000000        0.1666292
      14.0000000        0.1673238
      15.0000000        0.1672700
      16.0000000        0.1672823
       1.0000000        0.0032865
       2.0000000        0.0240484
       3.0000000        0.0525605
       4.0000000        0.0767559
       5.0000000        0.0947313
       6.0000000        0.1077106
       7.0000000        0.1161871
       8.0000000        0.1235356
       9.0000000        0.1323520
      10.0000000        0.1403331
      11.0000000        0.1449540
      12.0000000        0.1479925
      13.0000000        0.1504231
      14.0000000        0.1515605
      15.0000000        0.1506233
      16.0000000        0.1496033
       1.0000000        0.0032555
       2.0000000        0.0249735
       3.0000000        0.0555567
       4.0000000        0.0795688
       5.0000000        0.0951909
       6.0000000        0.1059840
       7.0000000        0.1145329
       8.0000000        0.1214349
       9.0000000        0.1275917
      10.0000000        0.1335273
      11.0000000        0.1390142
      12.0000000        0.1442215
      13.0000000        0.1486650
      14.0000000        0.1500895
      15.0000000        0.1486917
      16.0000000        0.1475737
       1.0000000        0.0034402
       2.0000000        0.0270248
       3.0000000        0.0585850
       4.0000000        0.0818819
       5.0000000        0.0967313
       6.0000000        0.1068032
       7.0000000        0.1149705
       8.0000000        0.1224323
       9.0000000        0.1283190
      10.0000000        0.1334356
      11.0000000        0.1391543
      12.0000000        0.1447195
      13.0000000        0.1484017
      14.0000000        0.1486208
      15.0000000        0.1462028
      16.0000000        0.1447506
       1.0000000        0.0038992
       2.0000000        0.0295806
       3.0000000        0.0617855
       4.0000000        0.0855553
       5.0000000        0.1027032
       6.0000000        0.1148752
       7.0000000        0.1241639
       8.0000000        0.1313778
       9.0000000        0.1357559
      10.0000000        0.1392089
      11.0000000        0.1433197
      12.0000000        0.1477236
      13.0000000        0.1495674
      14.0000000        0.1476294
      15.0000000        0.1435027
      16.0000000        0.1416261
       1.0000000        0.0043383
       2.0000000        0.0309982
       3.0000000        0.0640263
       4.0000000        0.0900525
       5.0000000        0.1100415
       6.0000000        0.1229494
       7.0000000        0.1301238
       8.0000000        0.1368487
       9.0000000        0.1440147
      10.0000000        0.1471286
      11.0000000        0.1459184
      12.0000000        0.1444117
      13.0000000        0.1440360
      14.0000000        0.1440953
      15.0000000        0.1441521
      16.0000000        0.1441350
       1.0000000        0.0043234
       2.0000000        0.0325533
       3.0000000        0.0688756
       4.0000000        0.0970838
       5.0000000        0.1173187
       6.0000000        0.1294302
       7.0000000        0.1356749
       8.0000000        0.1420745
       9.0000000        0.1503820
      10.0000000        0.1547035
      11.0000000        0.1518140
      12.0000000        0.1464580
      13.0000000        0.1429626
      14.0000000        0.1419965
      15.0000000        0.1425120
      16.0000000        0.1426800
       1.0000000        0.0044124
       2.0000000        0.0339272
       3.0000000        0.0716634
       4.0000000        0.0998118
       5.0000000        0.1199284
       6.0000000        0.1334904
       7.0000000        0.1405878
       8.0000000        0.1439153
       9.0000000        0.1477061
      10.0000000        0.1520718
      11.0000000        0.1551941
      12.0000000        0.1562630
      13.0000000        0.1545065
      14.0000000        0.1516632
      15.0000000        0.1501082
      16.0000000        0.1498948
       1.0000000        0.0049228
       2.0000000        0.0374581
       3.0000000        0.0765561
       4.0000000        0.1021931
       5.0000000        0.1201655
       6.0000000        0.1332706
       7.0000000        0.1409483
       8.0000000        0.1457484
       9.0000000        0.1516006
      10.0000000        0.1589609
      11.0000000        0.1649126
      12.0000000        0.1665956
      13.0000000        0.1656771
      14.0000000        0.1648234
      15.0000000        0.1650762
      16.0000000        0.1657158
       1.0000000        0.0052633
       2.0000000        0.0390765
       3.0000000        0.0789699
       4.0000000        0.1061647
       5.0000000        0.1263289
       6.0000000        0.1420989
       7.0000000        0.1524226
       8.0000000        0.1588472
       9.0000000        0.1646467
      10.0000000        0.1709864
      11.0000000        0.1753605
      12.0000000        0.1745785
      13.0000000        0.1708701
      14.0000000        0.1675295
      15.0000000        0.1669393
      16.0000000        0.1675348
       1.0000000        0.0053258
       2.0000000        0.0393623
       3.0000000        0.0825217
       4.0000000        0.1153613
       5.0000000        0.1384733
       6.0000000        0.1537257
       7.0000000        0.1647997
       8.0000000        0.1745390
       9.0000000        0.1822761
      10.0000000        0.1876793
      11.0000000        0.1887449
      12.0000000        0.1846463
      13.0000000        0.1775173
      14.0000000        0.1701940
      15.0000000        0.1651044
      16.0000000        0.1637081
       1.0000000        0.0053152
       2.0000000        0.0390409
       3.0000000        0.0810233
       4.0000000        0.1140663
       5.0000000        0.1384794
       6.0000000        0.1572351
       7.0000000        0.1731921
       8.0000000        0.1837564
       9.0000000        0.1865257
      10.0000000        0.1836458
      11.0000000        0.1794132
      12.0000000        0.1762520
      13.0000000        0.1735116
      14.0000000        0.1729265
      15.0000000        0.1748693
      16.0000000        0.1760479
       1.0000000        0.0050396
       2.0000000        0.0382642
       3.0000000        0.0814077
       4.0000000        0.1156699
       5.0000000        0.1430121
       6.0000000        0.1644767
       7.0000000        0.1785192
       8.0000000        0.1867387
       9.0000000        0.1916535
      10.0000000        0.1913994
      11.0000000        0.1849953
      12.0000000        0.1768650
      13.0000000        0.1720554
      14.0000000        0.1707212
      15.0000000        0.1700547
      16.0000000        0.1696621
       1.0000000        0.0051668
       2.0000000        0.0397045
       3.0000000        0.0839812
       4.0000000        0.1184859
       5.0000000        0.1470924
       6.0000000        0.1713674
       7.0000000        0.1893664
       8.0000000        0.2010692
       9.0000000        0.2063980
      10.0000000        0.2031471
      11.0000000        0.1930099
      12.0000000        0.1839435
      13.0000000        0.1819679
      14.0000000        0.1840635
      15.0000000        0.1834107
      16.0000000        0.1824104
       1.0000000        0.0053200
       2.0000000        0.0401994
       3.0000000        0.0856894
       4.0000000        0.1229510
       5.0000000        0.1554336
       6.0000000        0.1821546
       7.0000000        0.2013927
       8.0000000        0.2121133
       9.0000000        0.2121788
      10.0000000        0.2042776
      11.0000000        0.1978087
      12.0000000        0.1979275
      13.0000000        0.1999164
      14.0000000        0.2010571
      15.0000000        0.2007018
      16.0000000        0.1998805
       1.0000000        0.0053128
       2.0000000        0.0411511
       3.0000000        0.0900451
       4.0000000        0.1336652
       5.0000000        0.1721250
       6.0000000        0.2017431
       7.0000000        0.2193085
       8.0000000        0.2259065
       9.0000000        0.2246736
      10.0000000        0.2191565
      11.0000000        0.2133553
      12.0000000        0.2111982
      13.0000000        0.2134712
      14.0000000        0.2165499
      15.0000000        0.2155170
      16.0000000        0.2137456
       1.0000000        0.0062013
       2.0000000        0.0475400
       3.0000000        0.1030637
       4.0000000        0.1500084
       5.0000000        0.1911680
       6.0000000        0.2212642
       7.0000000        0.2348459
       8.0000000        0.2372925
       9.0000000        0.2352603
      10.0000000        0.2288081
      11.0000000        0.2201171
      12.0000000        0.2169185
      13.0000000        0.2254990
      14.0000000        0.2381290
      15.0000000        0.2433841
      16.0000000        0.2434557
       1.0000000        0.0070643
       2.0000000        0.0526110
       3.0000000        0.1127006
       4.0000000        0.1629528
       5.0000000        0.2056430
       6.0000000        0.2344646
       7.0000000        0.2450037
       8.0000000        0.2447069
       9.0000000        0.2397502
      10.0000000        0.2317130
      11.0000000        0.2240405
      12.0000000        0.2229573
      13.0000000        0.2295880
      14.0000000        0.2357450
      15.0000000        0.2356631
      16.0000000        0.2346867
       1.0000000        0.0064835
       2.0000000        0.0484777
       3.0000000        0.1044052
       4.0000000        0.1570971
       5.0000000        0.2064896
       6.0000000        0.2439212
       7.0000000        0.2622260
       8.0000000        0.2627131
       9.0000000        0.2527388
      10.0000000        0.2431579
      11.0000000        0.2381502
      12.0000000        0.2347587
      13.0000000        0.2326634
      14.0000000        0.2300817
      15.0000000        0.2233124
      16.0000000        0.2185605
       1.0000000        0.0068389
       2.0000000        0.0516206
       3.0000000        0.1095635
       4.0000000        0.1610444
       5.0000000        0.2111718
       6.0000000        0.2475143
       7.0000000        0.2633614
       8.0000000        0.2709419
       9.0000000        0.2749372
      10.0000000        0.2726977
      11.0000000        0.2645797
      12.0000000        0.2548368
      13.0000000        0.2481987
      14.0000000        0.2447188
      15.0000000        0.2436448
      16.0000000        0.2434095
       1.0000000        0.0069987
       2.0000000        0.0544384
       3.0000000        0.1146434
       4.0000000        0.1641387
       5.0000000        0.2096939
       6.0000000        0.2495922
       7.0000000        0.2776578
       8.0000000        0.2918102
       9.0000000        0.2924644
      10.0000000        0.2846257
      11.0000000        0.2749404
      12.0000000        0.2671811
      13.0000000        0.2576968
      14.0000000        0.2447076
      15.0000000        0.2344990
      16.0000000        0.2310827
       1.0000000        0.0064187
       2.0000000        0.0523196
       3.0000000        0.1163804
       4.0000000        0.1699986
       5.0000000        0.2140029
       6.0000000        0.2476649
       7.0000000        0.2717888
       8.0000000        0.2888663
       9.0000000        0.2954311
      10.0000000        0.2898027
      11.0000000        0.2764183
      12.0000000        0.2603728
      13.0000000        0.2448879
      14.0000000        0.2348445
      15.0000000        0.2333975
      16.0000000        0.2352528
       1.0000000        0.0067560
       2.0000000        0.0557422
       3.0000000        0.1256892
       4.0000000        0.1786365
       5.0000000        0.2135517
       6.0000000        0.2385439
       7.0000000        0.2592291
       8.0000000        0.2768390
       9.0000000        0.2855532
      10.0000000        0.2817181
      11.0000000        0.2708975
      12.0000000        0.2584870
      13.0000000        0.2473203
      14.0000000        0.2414998
      15.0000000        0.2401618
      16.0000000        0.2396002
       1.0000000        0.0071831
       2.0000000        0.0578786
       3.0000000        0.1262791
       4.0000000        0.1741412
       5.0000000        0.2029023
       6.0000000        0.2247813
       7.0000000        0.2460125
       8.0000000        0.2645921
       9.0000000        0.2767872
      10.0000000        0.2779560
      11.0000000        0.2695197
      12.0000000        0.2587090
      13.0000000        0.2509373
      14.0000000        0.2471147
      15.0000000        0.2438754
      16.0000000        0.2425009
       1.0000000        0.0090098
       2.0000000        0.0622861
       3.0000000        0.1237193
       4.0000000        0.1656888
       5.0000000        0.1937309
       6.0000000        0.2183506
       7.0000000        0.2424650
       8.0000000        0.2617905
       9.0000000        0.2715955
      10.0000000        0.2724330
      11.0000000        0.2706453
      12.0000000        0.2701247
      13.0000000        0.2679383
      14.0000000        0.2623076
      15.0000000        0.2546263
      16.0000000        0.2508491
       1.0000000        0.0103150
       2.0000000        0.0686853
       3.0000000        0.1320515
       4.0000000        0.1746004
       5.0000000        0.2035977
       6.0000000        0.2248304
       7.0000000        0.2430802
       8.0000000        0.2591396
       9.0000000        0.2677650
      10.0000000        0.2696332
      11.0000000        0.2681151
      12.0000000        0.2630966
      13.0000000        0.2559430
      14.0000000        0.2465664
      15.0000000        0.2371963
      16.0000000        0.2333671
       1.0000000        0.0084108
       2.0000000        0.0638139
       3.0000000        0.1352718
       4.0000000        0.1835059
       5.0000000        0.2138106
       6.0000000        0.2313288
       7.0000000        0.2419272
       8.0000000        0.2497652
       9.0000000        0.2518758
      10.0000000        0.2475780
      11.0000000        0.2427980
      12.0000000        0.2414628
      13.0000000        0.2437357
      14.0000000        0.2467624
      15.0000000        0.2494008
      16.0000000        0.2507948
       1.0000000        0.0069000
       2.0000000        0.0564504
       3.0000000        0.1234881
       4.0000000        0.1681607
       5.0000000        0.1925296
       6.0000000        0.2049489
       7.0000000        0.2113850
       8.0000000        0.2174284
       9.0000000        0.2221334
      10.0000000        0.2264223
      11.0000000        0.2349464
      12.0000000        0.2455360
      13.0000000        0.2523603
      14.0000000        0.2556618
      15.0000000        0.2593160
      16.0000000        0.2615664
       1.0000000        0.0068107
       2.0000000        0.0522037
       3.0000000        0.1092128
       4.0000000        0.1485855
       5.0000000        0.1735764
       6.0000000        0.1870137
       7.0000000        0.1956156
       8.0000000        0.2054333
       9.0000000        0.2148944
      10.0000000        0.2240595
      11.0000000        0.2336253
      12.0000000        0.2429790
      13.0000000        0.2523516
      14.0000000        0.2597810
      15.0000000        0.2618024
      16.0000000        0.2612921
       1.0000000        0.0067431
       2.0000000        0.0497844
       3.0000000        0.1037882
       4.0000000        0.1416906
       5.0000000        0.1663491
       6.0000000        0.1815607
       7.0000000        0.1922830
       8.0000000        0.2020374
       9.0000000        0.2091154
      10.0000000        0.2138291
      11.0000000        0.2184648
      12.0000000        0.2243268
      13.0000000        0.2313821
      14.0000000        0.2361253
      15.0000000        0.2372303
      16.0000000        0.2372640
       1.0000000        0.0067673
       2.0000000        0.0501915
       3.0000000        0.1023911
       4.0000000        0.1395870
       5.0000000        0.1668916
       6.0000000        0.1855992
       7.0000000        0.1964500
       8.0000000        0.2014723
       9.0000000        0.2032422
      10.0000000        0.2059900
      11.0000000        0.2088208
      12.0000000        0.2102568
      13.0000000        0.2128977
      14.0000000        0.2174670
      15.0000000        0.2208829
      16.0000000        0.2214703
       1.0000000        0.0068686
       2.0000000        0.0494451
       3.0000000        0.0991407
       4.0000000        0.1348627
       5.0000000        0.1633817
       6.0000000        0.1830377
       7.0000000        0.1915109
       8.0000000        0.1923918
       9.0000000        0.1898912
      10.0000000        0.1886917
      11.0000000        0.1890674
      12.0000000        0.1907337
      13.0000000        0.1950592
      14.0000000        0.1991389
      15.0000000        0.2002295
      16.0000000        0.2003941
       1.0000000        0.0070405
       2.0000000        0.0492311
       3.0000000        0.0982955
       4.0000000        0.1353804
       5.0000000        0.1657201
       6.0000000        0.1876888
       7.0000000        0.1941778
       8.0000000        0.1906564
       9.0000000        0.1850152
      10.0000000        0.1818011
      11.0000000        0.1830190
      12.0000000        0.1848770
      13.0000000        0.1827116
      14.0000000        0.1805976
      15.0000000        0.1818592
      16.0000000        0.1828642
       1.0000000        0.0065708
       2.0000000        0.0501621
       3.0000000        0.1030138
       4.0000000        0.1402590
       5.0000000        0.1710175
       6.0000000        0.1943608
       7.0000000        0.2035093
       8.0000000        0.1994570
       9.0000000        0.1901107
      10.0000000        0.1845522
      11.0000000        0.1837765
      12.0000000        0.1825970
      13.0000000        0.1780544
      14.0000000        0.1726649
      15.0000000        0.1693779
      16.0000000        0.1682031
       1.0000000        0.0066012
       2.0000000        0.0481728
       3.0000000        0.0972140
       4.0000000        0.1308931
       5.0000000        0.1551827
       6.0000000        0.1737701
       7.0000000        0.1869742
       8.0000000        0.1920324
       9.0000000        0.1895388
      10.0000000        0.1865926
      11.0000000        0.1845463
      12.0000000        0.1769618
      13.0000000        0.1654250
      14.0000000        0.1580016
      15.0000000        0.1545998
      16.0000000        0.1527690
       1.0000000        0.0068213
       2.0000000        0.0473209
       3.0000000        0.0916703
       4.0000000        0.1242302
       5.0000000        0.1506891
       6.0000000        0.1712931
       7.0000000        0.1816031
       8.0000000        0.1828260
       9.0000000        0.1804274
      10.0000000        0.1787733
      11.0000000        0.1764841
      12.0000000        0.1690837
      13.0000000        0.1595847
      14.0000000        0.1545240
      15.0000000        0.1538791
      16.0000000        0.1538214
       1.0000000        0.0072401
       2.0000000        0.0483491
       3.0000000        0.0928569
       4.0000000        0.1256431
       5.0000000        0.1528992
       6.0000000        0.1711473
       7.0000000        0.1758662
       8.0000000        0.1755549
       9.0000000        0.1768956
      10.0000000        0.1752275
      11.0000000        0.1649186
      12.0000000        0.1519400
      13.0000000        0.1425778
      14.0000000        0.1378250
      15.0000000        0.1365270
      16.0000000        0.1366870
       1.0000000        0.0063139
       2.0000000        0.0421488
       3.0000000        0.0826025
       4.0000000        0.1125402
       5.0000000        0.1372670
       6.0000000        0.1556512
       7.0000000        0.1631038
       8.0000000        0.1614135
       9.0000000        0.1561784
      10.0000000        0.1496832
      11.0000000        0.1432583
      12.0000000        0.1387860
      13.0000000        0.1363563
      14.0000000        0.1353349
      15.0000000        0.1347066
      16.0000000        0.1341900
       1.0000000        0.0057243
       2.0000000        0.0372387
       3.0000000        0.0720294
       4.0000000        0.0968305
       5.0000000        0.1155674
       6.0000000        0.1283448
       7.0000000        0.1341269
       8.0000000        0.1358031
       9.0000000        0.1355776
      10.0000000        0.1334326
      11.0000000        0.1308681
      12.0000000        0.1301219
      13.0000000        0.1322426
      14.0000000        0.1341545
      15.0000000        0.1314454
      16.0000000        0.1285201
       1.0000000        0.0052051
       2.0000000        0.0347489
       3.0000000        0.0665822
       4.0000000        0.0884344
       5.0000000        0.1037372
       6.0000000        0.1123575
       7.0000000        0.1169206
       8.0000000        0.1212056
       9.0000000        0.1240908
      10.0000000        0.1254534
      11.0000000        0.1266021
      12.0000000        0.1274671
      13.0000000        0.1266450
      14.0000000        0.1226885
      15.0000000        0.1169142
      16.0000000        0.1140005
       1.0000000        0.0052509
       2.0000000        0.0367160
       3.0000000        0.0697424
       4.0000000        0.0903663
       5.0000000        0.1025479
       6.0000000        0.1083041
       7.0000000        0.1115135
       8.0000000        0.1149883
       9.0000000        0.1175462
      10.0000000        0.1187072
      11.0000000        0.1196909
      12.0000000        0.1211003
      13.0000000        0.1229928
      14.0000000        0.1241701
      15.0000000        0.1257982
      16.0000000        0.1267255
       1.0000000        0.0057135
       2.0000000        0.0380161
       3.0000000        0.0711171
       4.0000000        0.0923607
       5.0000000        0.1049256
       6.0000000        0.1109951
       7.0000000        0.1152157
       8.0000000        0.1200498
       9.0000000        0.1217074
      10.0000000        0.1191527
      11.0000000        0.1176603
      12.0000000        0.1183999
      13.0000000        0.1178667
      14.0000000        0.1152240
      15.0000000        0.1145953
      16.0000000        0.1151309
       1.0000000        0.0060151
       2.0000000        0.0400056
       3.0000000        0.0747877
       4.0000000        0.0971463
       5.0000000        0.1131878
       6.0000000        0.1234985
       7.0000000        0.1287852
       8.0000000        0.1312839
       9.0000000        0.1296986
      10.0000000        0.1253773
      11.0000000        0.1212981
      12.0000000        0.1179491
      13.0000000        0.1144261
      14.0000000        0.1106338
      15.0000000        0.1079839
      16.0000000        0.1071466
       1.0000000        0.0054523
       2.0000000        0.0376511
       3.0000000        0.0725451
       4.0000000        0.0946431
       5.0000000        0.1100186
       6.0000000        0.1208366
       7.0000000        0.1268070
       8.0000000        0.1294980
       9.0000000        0.1297386
      10.0000000        0.1287150
      11.0000000        0.1266201
      12.0000000        0.1232473
      13.0000000        0.1209426
      14.0000000        0.1178629
      15.0000000        0.1130427
      16.0000000        0.1102367
       1.0000000        0.0053954
       2.0000000        0.0372686
       3.0000000        0.0704483
       4.0000000        0.0914890
       5.0000000        0.1068572
       6.0000000        0.1177221
       7.0000000        0.1248673
       8.0000000        0.1309883
       9.0000000        0.1355108
      10.0000000        0.1365950
      11.0000000        0.1328297
      12.0000000        0.1260334
      13.0000000        0.1200042
      14.0000000        0.1168762
      15.0000000        0.1152453
      16.0000000        0.1139538
       1.0000000        0.0048886
       2.0000000        0.0342183
       3.0000000        0.0668078
       4.0000000        0.0901248
       5.0000000        0.1078902
       6.0000000        0.1206391
       7.0000000        0.1286297
       8.0000000        0.1336239
       9.0000000        0.1352482
      10.0000000        0.1342536
      11.0000000        0.1308332
      12.0000000        0.1259458
      13.0000000        0.1215207
      14.0000000        0.1190029
      15.0000000        0.1170868
      16.0000000        0.1160476
       1.0000000        0.0050002
       2.0000000        0.0343653
       3.0000000        0.0651709
       4.0000000        0.0883295
       5.0000000        0.1091491
       6.0000000        0.1241686
       7.0000000        0.1317597
       8.0000000        0.1349365
       9.0000000        0.1354271
      10.0000000        0.1350522
      11.0000000        0.1336592
      12.0000000        0.1297331
      13.0000000        0.1229247
      14.0000000        0.1168496
      15.0000000        0.1138333
      16.0000000        0.1134170
       1.0000000        0.0047620
       2.0000000        0.0330329
       3.0000000        0.0655217
       4.0000000        0.0912302
       5.0000000        0.1123262
       6.0000000        0.1267481
       7.0000000        0.1351426
       8.0000000        0.1389167
       9.0000000        0.1384411
      10.0000000        0.1350413
      11.0000000        0.1314472
      12.0000000        0.1272483
      13.0000000        0.1210048
      14.0000000        0.1156004
      15.0000000        0.1132607
      16.0000000        0.1129237
       1.0000000        0.0051188
       2.0000000        0.0352735
       3.0000000        0.0696625
       4.0000000        0.0940768
       5.0000000        0.1107408
       6.0000000        0.1220342
       7.0000000        0.1293632
       8.0000000        0.1317387
       9.0000000        0.1310069
      10.0000000        0.1299526
      11.0000000        0.1271962
      12.0000000        0.1233197
      13.0000000        0.1201642
      14.0000000        0.1183884
      15.0000000        0.1175136
      16.0000000        0.1169016
       1.0000000        0.0052576
       2.0000000        0.0370968
       3.0000000        0.0709700
       4.0000000        0.0932786
       5.0000000        0.1092532
       6.0000000        0.1188290
       7.0000000        0.1242521
       8.0000000        0.1282964
       9.0000000        0.1328296
      10.0000000        0.1362164
      11.0000000        0.1364151
      12.0000000        0.1341631
      13.0000000        0.1317333
      14.0000000        0.1302502
      15.0000000        0.1280402
      16.0000000        0.1265478
       1.0000000        0.0055425
       2.0000000        0.0377934
       3.0000000        0.0705622
       4.0000000        0.0916570
       5.0000000        0.1058230
       6.0000000        0.1166932
       7.0000000        0.1267536
       8.0000000        0.1347107
       9.0000000        0.1397156
      10.0000000        0.1421942
      11.0000000        0.1431977
      12.0000000        0.1446538
      13.0000000        0.1458289
      14.0000000        0.1467539
      15.0000000        0.1476627
      16.0000000        0.1481424
       1.0000000        0.0051003
       2.0000000        0.0334759
       3.0000000        0.0628098
       4.0000000        0.0855035
       5.0000000        0.1034626
       6.0000000        0.1168045
       7.0000000        0.1267480
       8.0000000        0.1350001
       9.0000000        0.1416760
      10.0000000        0.1466823
      11.0000000        0.1499936
      12.0000000        0.1523194
      13.0000000        0.1537937
      14.0000000        0.1547005
      15.0000000        0.1556281
      16.0000000        0.1562268
       1.0000000        0.0042279
       2.0000000        0.0297119
       3.0000000        0.0599734
       4.0000000        0.0845840
       5.0000000        0.1045979
       6.0000000        0.1193707
       7.0000000        0.1307603
       8.0000000        0.1404352
       9.0000000        0.1472159
      10.0000000        0.1515119
      11.0000000        0.1544979
      12.0000000        0.1569037
      13.0000000        0.1581301
      14.0000000        0.1589848
      15.0000000        0.1605621
      16.0000000        0.1613083
       1.0000000        0.0038571
       2.0000000        0.0288306
       3.0000000        0.0607085
       4.0000000        0.0872094
       5.0000000        0.1085887
       6.0000000        0.1243501
       7.0000000        0.1349867
       8.0000000        0.1425088
       9.0000000        0.1478602
      10.0000000        0.1510378
      11.0000000        0.1529228
      12.0000000        0.1552167
      13.0000000        0.1579919
      14.0000000        0.1608497
      15.0000000        0.1642319
      16.0000000        0.1661934
       1.0000000        0.0040984
       2.0000000        0.0313584
       3.0000000        0.0684355
       4.0000000        0.0988827
       5.0000000        0.1212479
       6.0000000        0.1364935
       7.0000000        0.1448465
       8.0000000        0.1482171
       9.0000000        0.1484206
      10.0000000        0.1494647
      11.0000000        0.1523938
      12.0000000        0.1549493
      13.0000000        0.1575448
      14.0000000        0.1620278
      15.0000000        0.1681560
      16.0000000        0.1713947
       1.0000000        0.0043109
       2.0000000        0.0328332
       3.0000000        0.0722384
       4.0000000        0.1055126
       5.0000000        0.1302499
       6.0000000        0.1451057
       7.0000000        0.1508330
       8.0000000        0.1514696
       9.0000000        0.1500582
      10.0000000        0.1495744
      11.0000000        0.1511338
      12.0000000        0.1550001
      13.0000000        0.1603542
      14.0000000        0.1641283
      15.0000000        0.1657999
      16.0000000        0.1660719
       1.0000000        0.0050682
       2.0000000        0.0374585
       3.0000000        0.0773421
       4.0000000        0.1070112
       5.0000000        0.1291705
       6.0000000        0.1433805
       7.0000000        0.1521449
       8.0000000        0.1578847
       9.0000000        0.1602562
      10.0000000        0.1609862
      11.0000000        0.1630380
      12.0000000        0.1682893
      13.0000000        0.1730687
      14.0000000        0.1741981
      15.0000000        0.1722736
      16.0000000        0.1705237
       1.0000000        0.0051456
       2.0000000        0.0374043
       3.0000000        0.0750126
       4.0000000        0.1019940
       5.0000000        0.1225623
       6.0000000        0.1389671
       7.0000000        0.1521278
       8.0000000        0.1641516
       9.0000000        0.1745831
      10.0000000        0.1809039
      11.0000000        0.1852687
      12.0000000        0.1895104
      13.0000000        0.1924402
      14.0000000        0.1946776
      15.0000000        0.1963589
      16.0000000        0.1969564
       1.0000000        0.0047241
       2.0000000        0.0332478
       3.0000000        0.0670907
       4.0000000        0.0952575
       5.0000000        0.1208759
       6.0000000        0.1440491
       7.0000000        0.1624363
       8.0000000        0.1748493
       9.0000000        0.1835803
      10.0000000        0.1910626
      11.0000000        0.1969401
      12.0000000        0.2024455
      13.0000000        0.2076539
      14.0000000        0.2100434
      15.0000000        0.2090679
      16.0000000        0.2079233
       1.0000000        0.0043656
       2.0000000        0.0311315
       3.0000000        0.0636664
       4.0000000        0.0909765
       5.0000000        0.1157255
       6.0000000        0.1384937
       7.0000000        0.1579179
       8.0000000        0.1729155
       9.0000000        0.1840487
      10.0000000        0.1951192
      11.0000000        0.2060078
      12.0000000        0.2146787
      13.0000000        0.2216052
      14.0000000        0.2273649
      15.0000000        0.2300607
      16.0000000        0.2304455
       1.0000000        0.0041527
       2.0000000        0.0287306
       3.0000000        0.0578608
       4.0000000        0.0826001
       5.0000000        0.1047112
       6.0000000        0.1252680
       7.0000000        0.1455480
       8.0000000        0.1634896
       9.0000000        0.1777165
      10.0000000        0.1904089
      11.0000000        0.2033797
      12.0000000        0.2165479
      13.0000000        0.2287991
      14.0000000        0.2365887
      15.0000000        0.2383655
      16.0000000        0.2380498
       1.0000000        0.0041164
       2.0000000        0.0271672
       3.0000000        0.0546687
       4.0000000        0.0789779
       5.0000000        0.1006240
       6.0000000        0.1213477
       7.0000000        0.1408485
       8.0000000        0.1585939
       9.0000000        0.1757022
      10.0000000        0.1928547
      11.0000000        0.2080747
      12.0000000        0.2179148
      13.0000000        0.2233323
      14.0000000        0.2257784
      15.0000000        0.2260771
      16.0000000        0.2260328
       1.0000000        0.0037031
       2.0000000        0.0261831
       3.0000000        0.0551794
       4.0000000        0.0819176
       5.0000000        0.1058188
       6.0000000        0.1244265
       7.0000000        0.1402692
       8.0000000        0.1569294
       9.0000000        0.1733477
      10.0000000        0.1876799
      11.0000000        0.2003427
      12.0000000        0.2101151
      13.0000000        0.2166759
      14.0000000        0.2218038
      15.0000000        0.2254486
      16.0000000        0.2269704
       1.0000000        0.0038391
       2.0000000        0.0299391
       3.0000000        0.0647090
       4.0000000        0.0929285
       5.0000000        0.1141674
       6.0000000        0.1302931
       7.0000000        0.1441151
       8.0000000        0.1566151
       9.0000000        0.1676220
      10.0000000        0.1780680
      11.0000000        0.1884732
      12.0000000        0.1965127
      13.0000000        0.2012380
      14.0000000        0.2042252
      15.0000000        0.2069544
      16.0000000        0.2082166
       1.0000000        0.0039674
       2.0000000        0.0325875
       3.0000000        0.0713148
       4.0000000        0.0998565
       5.0000000        0.1191328
       6.0000000        0.1331334
       7.0000000        0.1429314
       8.0000000        0.1499132
       9.0000000        0.1567574
      10.0000000        0.1635009
      11.0000000        0.1701065
      12.0000000        0.1754566
      13.0000000        0.1774472
      14.0000000        0.1767306
      15.0000000        0.1749567
      16.0000000        0.1741430
       1.0000000        0.0040678
       2.0000000        0.0321863
       3.0000000        0.0699631
       4.0000000        0.0988449
       5.0000000        0.1197689
       6.0000000        0.1351915
       7.0000000        0.1460973
       8.0000000        0.1538223
       9.0000000        0.1585881
      10.0000000        0.1608719
      11.0000000        0.1609479
      12.0000000        0.1601915
      13.0000000        0.1595182
      14.0000000        0.1584606
      15.0000000        0.1565780
      16.0000000        0.1555788
       1.0000000        0.0041407
       2.0000000        0.0317826
       3.0000000        0.0691219
       4.0000000        0.0993373
       5.0000000        0.1243105
       6.0000000        0.1423777
       7.0000000        0.1514598
       8.0000000        0.1564565
       9.0000000        0.1597047
      10.0000000        0.1615780
      11.0000000        0.1627903
      12.0000000        0.1622387
      13.0000000        0.1600232
      14.0000000        0.1587040
      15.0000000        0.1595134
      16.0000000        0.1604126
       1.0000000        0.0045850
       2.0000000        0.0345023
       3.0000000        0.0714230
       4.0000000        0.1009606
       5.0000000        0.1244691
       6.0000000        0.1412666
       7.0000000        0.1521253
       8.0000000        0.1599267
       9.0000000        0.1667438
      10.0000000        0.1723728
      11.0000000        0.1760577
      12.0000000        0.1751296
      13.0000000        0.1690674
      14.0000000        0.1615306
      15.0000000        0.1556397
      16.0000000        0.1532913
       1.0000000        0.0049745
       2.0000000        0.0369606
       3.0000000        0.0764786
       4.0000000        0.1057169
       5.0000000        0.1277177
       6.0000000        0.1460779
       7.0000000        0.1619199
       8.0000000        0.1754266
       9.0000000        0.1856896
      10.0000000        0.1915869
      11.0000000        0.1919391
      12.0000000        0.1865695
      13.0000000        0.1802448
      14.0000000        0.1759568
      15.0000000        0.1727077
      16.0000000        0.1711487
       1.0000000        0.0052200
       2.0000000        0.0389110
       3.0000000        0.0815280
       4.0000000        0.1135274
       5.0000000        0.1366698
       6.0000000        0.1566104
       7.0000000        0.1742034
       8.0000000        0.1883332
       9.0000000        0.1981090
      10.0000000        0.2027005
      11.0000000        0.2020830
      12.0000000        0.1976046
      13.0000000        0.1914516
      14.0000000        0.1851143
      15.0000000        0.1797019
      16.0000000        0.1771018
       1.0000000        0.0053601
       2.0000000        0.0391315
       3.0000000        0.0816034
       4.0000000        0.1164660
       5.0000000        0.1440373
       6.0000000        0.1657430
       7.0000000        0.1830826
       8.0000000        0.1959147
       9.0000000        0.2036363
      10.0000000        0.2074091
      11.0000000        0.2072060
      12.0000000        0.2025123
      13.0000000        0.1982207
      14.0000000        0.1955307
      15.0000000        0.1912300
      16.0000000        0.1882249
       1.0000000        0.0050068
       2.0000000        0.0368540
       3.0000000        0.0778282
       4.0000000        0.1116611
       5.0000000        0.1414353
       6.0000000        0.1700125
       7.0000000        0.1958334
       8.0000000        0.2144781
       9.0000000        0.2221335
      10.0000000        0.2211740
      11.0000000        0.2165344
      12.0000000        0.2102654
      13.0000000        0.2035161
      14.0000000        0.1958549
      15.0000000        0.1878704
      16.0000000        0.1841974
       1.0000000        0.0052438
       2.0000000        0.0367020
       3.0000000        0.0732352
       4.0000000        0.1030510
       5.0000000        0.1325549
       6.0000000        0.1620331
       7.0000000        0.1858588
       8.0000000        0.2017674
       9.0000000        0.2107574
      10.0000000        0.2143403
      11.0000000        0.2124667
      12.0000000        0.2050465
      13.0000000        0.1946850
      14.0000000        0.1842637
      15.0000000        0.1752101
      16.0000000        0.1709567
       1.0000000        0.0055030
       2.0000000        0.0379129
       3.0000000        0.0737133
       4.0000000        0.1022272
       5.0000000        0.1299822
       6.0000000        0.1550313
       7.0000000        0.1731855
       8.0000000        0.1849511
       9.0000000        0.1936955
      10.0000000        0.1980097
      11.0000000        0.1966886
      12.0000000        0.1925074
      13.0000000        0.1869588
      14.0000000        0.1803127
      15.0000000        0.1742302
      16.0000000        0.1712717
       1.0000000        0.0059219
       2.0000000        0.0405236
       3.0000000        0.0773811
       4.0000000        0.1058716
       5.0000000        0.1311211
       6.0000000        0.1516707
       7.0000000        0.1671873
       8.0000000        0.1817422
       9.0000000        0.1926398
      10.0000000        0.1956484
      11.0000000        0.1930418
      12.0000000        0.1886266
      13.0000000        0.1835173
      14.0000000        0.1774235
      15.0000000        0.1700743
      16.0000000        0.1660340
       1.0000000        0.0057572
       2.0000000        0.0406491
       3.0000000        0.0805168
       4.0000000        0.1101431
       5.0000000        0.1343672
       6.0000000        0.1533376
       7.0000000        0.1703805
       8.0000000        0.1890543
       9.0000000        0.2021509
      10.0000000        0.2071533
      11.0000000        0.2064620
      12.0000000        0.2019014
      13.0000000        0.1943674
      14.0000000        0.1854407
      15.0000000        0.1779279
      16.0000000        0.1748895
       1.0000000        0.0055612
       2.0000000        0.0397531
       3.0000000        0.0800368
       4.0000000        0.1112771
       5.0000000        0.1393991
       6.0000000        0.1638820
       7.0000000        0.1834901
       8.0000000        0.1985877
       9.0000000        0.2081935
      10.0000000        0.2127708
      11.0000000        0.2134210
      12.0000000        0.2088689
      13.0000000        0.1986246
      14.0000000        0.1886023
      15.0000000        0.1816432
      16.0000000        0.1789842
       1.0000000        0.0055513
       2.0000000        0.0393774
       3.0000000        0.0802013
       4.0000000        0.1126650
       5.0000000        0.1414694
       6.0000000        0.1659253
       7.0000000        0.1829571
       8.0000000        0.1934657
       9.0000000        0.1991370
      10.0000000        0.2025377
      11.0000000        0.2045028
      12.0000000        0.2031479
      13.0000000        0.1975078
      14.0000000        0.1914149
      15.0000000        0.1863779
      16.0000000        0.1837877
       1.0000000        0.0054403
       2.0000000        0.0377255
       3.0000000        0.0746562
       4.0000000        0.1031635
       5.0000000        0.1286802
       6.0000000        0.1510796
       7.0000000        0.1681226
       8.0000000        0.1808236
       9.0000000        0.1883176
      10.0000000        0.1913717
      11.0000000        0.1897004
      12.0000000        0.1842219
      13.0000000        0.1787762
      14.0000000        0.1733002
      15.0000000        0.1683344
      16.0000000        0.1663840
       1.0000000        0.0051304
       2.0000000        0.0356246
       3.0000000        0.0704606
       4.0000000        0.0980785
       5.0000000        0.1220853
       6.0000000        0.1410540
       7.0000000        0.1539647
       8.0000000        0.1633337
       9.0000000        0.1697266
      10.0000000        0.1716884
      11.0000000        0.1700940
      12.0000000        0.1652020
      13.0000000        0.1595737
      14.0000000        0.1566188
      15.0000000        0.1572904
      16.0000000        0.1584120
       1.0000000        0.0051867
       2.0000000        0.0378450
       3.0000000        0.0757176
       4.0000000        0.1038160
       5.0000000        0.1243257
       6.0000000        0.1361629
       7.0000000        0.1425851
       8.0000000        0.1479108
       9.0000000        0.1516600
      10.0000000        0.1535504
      11.0000000        0.1545163
      12.0000000        0.1531250
      13.0000000        0.1507568
      14.0000000        0.1523038
      15.0000000        0.1556605
      16.0000000        0.1569787
       1.0000000        0.0052682
       2.0000000        0.0396317
       3.0000000        0.0793039
       4.0000000        0.1034281
       5.0000000        0.1173015
       6.0000000        0.1265442
       7.0000000        0.1329795
       8.0000000        0.1376702
       9.0000000        0.1430771
      10.0000000        0.1494108
      11.0000000        0.1525304
      12.0000000        0.1515290
      13.0000000        0.1496432
      14.0000000        0.1501960
      15.0000000        0.1519547
      16.0000000        0.1524504
       1.0000000        0.0053151
       2.0000000        0.0400430
       3.0000000        0.0790960
       4.0000000        0.1016040
       5.0000000        0.1158583
       6.0000000        0.1255677
       7.0000000        0.1324207
       8.0000000        0.1399082
       9.0000000        0.1476034
      10.0000000        0.1511037
      11.0000000        0.1504357
      12.0000000        0.1493769
      13.0000000        0.1498194
      14.0000000        0.1517223
      15.0000000        0.1542561
      16.0000000        0.1555259
       1.0000000        0.0053191
       2.0000000        0.0374085
       3.0000000        0.0717201
       4.0000000        0.0922141
       5.0000000        0.1046713
       6.0000000        0.1136127
       7.0000000        0.1235278
       8.0000000        0.1352326
       9.0000000        0.1444831
      10.0000000        0.1493752
      11.0000000        0.1506709
      12.0000000        0.1516626
      13.0000000        0.1544568
      14.0000000        0.1586390
      15.0000000        0.1632685
      16.0000000        0.1655422
       1.0000000        0.0054067
       2.0000000        0.0377657
       3.0000000        0.0710750
       4.0000000        0.0886499
       5.0000000        0.1012886
       6.0000000        0.1141962
       7.0000000        0.1247993
       8.0000000        0.1337779
       9.0000000        0.1417450
      10.0000000        0.1458747
      11.0000000        0.1483386
      12.0000000        0.1525280
      13.0000000        0.1572455
      14.0000000        0.1600423
      15.0000000        0.1587365
      16.0000000        0.1572846
       1.0000000        0.0053925
       2.0000000        0.0374466
       3.0000000        0.0709732
       4.0000000        0.0892970
       5.0000000        0.1032416
       6.0000000        0.1192196
       7.0000000        0.1344526
       8.0000000        0.1448078
       9.0000000        0.1504043
      10.0000000        0.1530254
      11.0000000        0.1544327
      12.0000000        0.1540921
      13.0000000        0.1541218
      14.0000000        0.1570422
      15.0000000        0.1604148
      16.0000000        0.1617006
       1.0000000        0.0056833
       2.0000000        0.0382392
       3.0000000        0.0710501
       4.0000000        0.0930339
       5.0000000        0.1102472
       6.0000000        0.1255263
       7.0000000        0.1396422
       8.0000000        0.1513114
       9.0000000        0.1597860
      10.0000000        0.1650027
      11.0000000        0.1661761
      12.0000000        0.1648673
      13.0000000        0.1628566
      14.0000000        0.1621104
      15.0000000        0.1622658
      16.0000000        0.1619414
       1.0000000        0.0053817
       2.0000000        0.0372906
       3.0000000        0.0724340
       4.0000000        0.0971041
       5.0000000        0.1152857
       6.0000000        0.1288910
       7.0000000        0.1406173
       8.0000000        0.1511246
       9.0000000        0.1605841
      10.0000000        0.1682761
      11.0000000        0.1703308
      12.0000000        0.1679938
      13.0000000        0.1653103
      14.0000000        0.1618614
      15.0000000        0.1573165
      16.0000000        0.1550802
       1.0000000        0.0053912
       2.0000000        0.0378308
       3.0000000        0.0745732
       4.0000000        0.1016401
       5.0000000        0.1238246
       6.0000000        0.1410087
       7.0000000        0.1545666
       8.0000000        0.1681414
       9.0000000        0.1799398
      10.0000000        0.1888621
      11.0000000        0.1925650
      12.0000000        0.1899634
      13.0000000        0.1844350
      14.0000000        0.1784959
      15.0000000        0.1733750
      16.0000000        0.1719430
       1.0000000        0.0050481
       2.0000000        0.0360177
       3.0000000        0.0715339
       4.0000000        0.0996007
       5.0000000        0.1256518
       6.0000000        0.1494914
       7.0000000        0.1698963
       8.0000000        0.1852000
       9.0000000        0.1941203
      10.0000000        0.1993476
      11.0000000        0.2028740
      12.0000000        0.2018966
      13.0000000        0.1980422
      14.0000000        0.1964950
      15.0000000        0.1983116
      16.0000000        0.1998219
       1.0000000        0.0051830
       2.0000000        0.0356395
       3.0000000        0.0722876
       4.0000000        0.1027820
       5.0000000        0.1298896
       6.0000000        0.1538048
       7.0000000        0.1739441
       8.0000000        0.1893455
       9.0000000        0.1989965
      10.0000000        0.2051892
      11.0000000        0.2118540
      12.0000000        0.2171080
      13.0000000        0.2159605
      14.0000000        0.2124043
      15.0000000        0.2121061
      16.0000000        0.2128581
       1.0000000        0.0052447
       2.0000000        0.0364405
       3.0000000        0.0738155
       4.0000000        0.1035724
       5.0000000        0.1287994
       6.0000000        0.1508166
       7.0000000        0.1721864
       8.0000000        0.1927136
       9.0000000        0.2095510
      10.0000000        0.2217141
      11.0000000        0.2306222
      12.0000000        0.2358941
      13.0000000        0.2405348
      14.0000000        0.2461433
      15.0000000        0.2496575
      16.0000000        0.2505179
       1.0000000        0.0050187
       2.0000000        0.0359315
       3.0000000        0.0735271
       4.0000000        0.1046749
       5.0000000        0.1330240
       6.0000000        0.1590963
       7.0000000        0.1828324
       8.0000000        0.2052160
       9.0000000        0.2249237
      10.0000000        0.2414389
      11.0000000        0.2583402
      12.0000000        0.2730079
      13.0000000        0.2793560
      14.0000000        0.2821392
      15.0000000        0.2864007
      16.0000000        0.2888514
       1.0000000        0.0056618
       2.0000000        0.0411417
       3.0000000        0.0830407
       4.0000000        0.1156387
       5.0000000        0.1448309
       6.0000000        0.1717200
       7.0000000        0.1967809
       8.0000000        0.2204714
       9.0000000        0.2413746
      10.0000000        0.2573804
      11.0000000        0.2706648
      12.0000000        0.2826878
      13.0000000        0.2917101
      14.0000000        0.2946312
      15.0000000        0.2920645
      16.0000000        0.2893232
       1.0000000        0.0065655
       2.0000000        0.0436542
       3.0000000        0.0847685
       4.0000000        0.1222241
       5.0000000        0.1589043
       6.0000000        0.1906381
       7.0000000        0.2162161
       8.0000000        0.2374428
       9.0000000        0.2529037
      10.0000000        0.2629929
      11.0000000        0.2667791
      12.0000000        0.2662524
      13.0000000        0.2655671
      14.0000000        0.2656155
      15.0000000        0.2659852
      16.0000000        0.2661324
       1.0000000        0.0059875
       2.0000000        0.0441118
       3.0000000        0.0910228
       4.0000000        0.1320155
       5.0000000        0.1704724
       6.0000000        0.2035230
       7.0000000        0.2262990
       8.0000000        0.2410361
       9.0000000        0.2484027
      10.0000000        0.2491526
      11.0000000        0.2496606
      12.0000000        0.2496698
      13.0000000        0.2450961
      14.0000000        0.2385080
      15.0000000        0.2340830
      16.0000000        0.2323333
       1.0000000        0.0055394
       2.0000000        0.0425863
       3.0000000        0.0917030
       4.0000000        0.1322864
       5.0000000        0.1650937
       6.0000000        0.1894513
       7.0000000        0.2040779
       8.0000000        0.2144393
       9.0000000        0.2239161
      10.0000000        0.2282221
      11.0000000        0.2239035
      12.0000000        0.2152963
      13.0000000        0.2090776
      14.0000000        0.2080600
      15.0000000        0.2083222
      16.0000000        0.2079535
       1.0000000        0.0057938
       2.0000000        0.0433581
       3.0000000        0.0903116
       4.0000000        0.1274649
       5.0000000        0.1546946
       6.0000000        0.1722355
       7.0000000        0.1848629
       8.0000000        0.1964771
       9.0000000        0.2025401
      10.0000000        0.2014293
      11.0000000        0.1985704
      12.0000000        0.1948738
      13.0000000        0.1910807
      14.0000000        0.1905927
      15.0000000        0.1922982
      16.0000000        0.1930296
       1.0000000        0.0049772
       2.0000000        0.0397266
       3.0000000        0.0865563
       4.0000000        0.1218598
       5.0000000        0.1452364
       6.0000000        0.1600920
       7.0000000        0.1730397
       8.0000000        0.1872272
       9.0000000        0.1969815
      10.0000000        0.1959662
      11.0000000        0.1854674
      12.0000000        0.1741082
      13.0000000        0.1681296
      14.0000000        0.1681321
      15.0000000        0.1702783
      16.0000000        0.1713347
       1.0000000        0.0047675
       2.0000000        0.0380257
       3.0000000        0.0845118
       4.0000000        0.1228198
       5.0000000        0.1514792
       6.0000000        0.1715807
       7.0000000        0.1857550
       8.0000000        0.1968798
       9.0000000        0.2045328
      10.0000000        0.2060342
      11.0000000        0.2008705
      12.0000000        0.1935228
      13.0000000        0.1873785
      14.0000000        0.1800317
      15.0000000        0.1716986
      16.0000000        0.1677654
       1.0000000        0.0050339
       2.0000000        0.0400199
       3.0000000        0.0878049
       4.0000000        0.1274267
       5.0000000        0.1594340
       6.0000000        0.1784289
       7.0000000        0.1852814
       8.0000000        0.1901238
       9.0000000        0.1944210
      10.0000000        0.1957076
      11.0000000        0.1956144
      12.0000000        0.1933565
      13.0000000        0.1869417
      14.0000000        0.1763056
      15.0000000        0.1647033
      16.0000000        0.1594712
       1.0000000        0.0050976
       2.0000000        0.0401869
       3.0000000        0.0871966
       4.0000000        0.1242019
       5.0000000        0.1490243
       6.0000000        0.1607300
       7.0000000        0.1651094
       8.0000000        0.1669216
       9.0000000        0.1671365
      10.0000000        0.1682142
      11.0000000        0.1713547
      12.0000000        0.1731890
      13.0000000        0.1716673
      14.0000000        0.1690683
      15.0000000        0.1672359
      16.0000000        0.1665911
       1.0000000        0.0051451
       2.0000000        0.0387345
       3.0000000        0.0786470
       4.0000000        0.1069022
       5.0000000        0.1277021
       6.0000000        0.1413026
       7.0000000        0.1479253
       8.0000000        0.1502971
       9.0000000        0.1512438
      10.0000000        0.1524294
      11.0000000        0.1543205
      12.0000000        0.1574567
      13.0000000        0.1623618
      14.0000000        0.1675125
      15.0000000        0.1699304
      16.0000000        0.1702102
       1.0000000        0.0052643
       2.0000000        0.0382484
       3.0000000        0.0772216
       4.0000000        0.1061125
       5.0000000        0.1270212
       6.0000000        0.1408221
       7.0000000        0.1470850
       8.0000000        0.1468604
       9.0000000        0.1463500
      10.0000000        0.1505423
      11.0000000        0.1583259
      12.0000000        0.1659052
      13.0000000        0.1700374
      14.0000000        0.1727595
      15.0000000        0.1741206
      16.0000000        0.1741182
       1.0000000        0.0054201
       2.0000000        0.0394371
       3.0000000        0.0774684
       4.0000000        0.1043030
       5.0000000        0.1238007
       6.0000000        0.1349723
       7.0000000        0.1400126
       8.0000000        0.1451743
       9.0000000        0.1516574
      10.0000000        0.1585125
      11.0000000        0.1653256
      12.0000000        0.1701025
      13.0000000        0.1705229
      14.0000000        0.1672286
      15.0000000        0.1634486
      16.0000000        0.1621354
       1.0000000        0.0056123
       2.0000000        0.0387180
       3.0000000        0.0757117
       4.0000000        0.1035322
       5.0000000        0.1244613
       6.0000000        0.1417538
       7.0000000        0.1583665
       8.0000000        0.1729811
       9.0000000        0.1825407
      10.0000000        0.1873459
      11.0000000        0.1897222
      12.0000000        0.1896325
      13.0000000        0.1861605
      14.0000000        0.1813537
      15.0000000        0.1775831
      16.0000000        0.1761824
       1.0000000        0.0052508
       2.0000000        0.0358775
       3.0000000        0.0729074
       4.0000000        0.1053035
       5.0000000        0.1323965
       6.0000000        0.1542821
       7.0000000        0.1723452
       8.0000000        0.1873258
       9.0000000        0.1967865
      10.0000000        0.1995659
      11.0000000        0.1990026
      12.0000000        0.1979912
      13.0000000        0.1991088
      14.0000000        0.2007694
      15.0000000        0.2023035
      16.0000000        0.2033084
       1.0000000        0.0051774
       2.0000000        0.0380524
       3.0000000        0.0805751
       4.0000000        0.1158902
       5.0000000        0.1440982
       6.0000000        0.1640848
       7.0000000        0.1777292
       8.0000000        0.1890820
       9.0000000        0.1971872
      10.0000000        0.2021107
      11.0000000        0.2056754
      12.0000000        0.2078218
      13.0000000        0.2105398
      14.0000000        0.2155884
      15.0000000        0.2197874
      16.0000000        0.2213110
       1.0000000        0.0053763
       2.0000000        0.0390081
       3.0000000        0.0795655
       4.0000000        0.1099869
       5.0000000        0.1359202
       6.0000000        0.1562211
       7.0000000        0.1695445
       8.0000000        0.1798682
       9.0000000        0.1900626
      10.0000000        0.1977407
      11.0000000        0.2027681
      12.0000000        0.2077779
      13.0000000        0.2144858
      14.0000000        0.2208226
      15.0000000        0.2246609
      16.0000000        0.2261269
       1.0000000        0.0048604
       2.0000000        0.0359597
       3.0000000        0.0736913
       4.0000000        0.1013664
       5.0000000        0.1225383
       6.0000000        0.1400088
       7.0000000        0.1529625
       8.0000000        0.1621669
       9.0000000        0.1710183
      10.0000000        0.1813561
      11.0000000        0.1907329
      12.0000000        0.1969703
      13.0000000        0.2027685
      14.0000000        0.2084490
      15.0000000        0.2112717
      16.0000000        0.2118043
       1.0000000        0.0046474
       2.0000000        0.0348655
       3.0000000        0.0717330
       4.0000000        0.0987008
       5.0000000        0.1186118
       6.0000000        0.1334193
       7.0000000        0.1460096
       8.0000000        0.1569972
       9.0000000        0.1663768
      10.0000000        0.1740248
      11.0000000        0.1795949
      12.0000000        0.1832959
      13.0000000        0.1860591
      14.0000000        0.1882867
      15.0000000        0.1904715
      16.0000000        0.1918560
       1.0000000        0.0049581
       2.0000000        0.0360421
       3.0000000        0.0722424
       4.0000000        0.0977285
       5.0000000        0.1179167
       6.0000000        0.1335073
       7.0000000        0.1445012
       8.0000000        0.1539877
       9.0000000        0.1613393
      10.0000000        0.1662290
      11.0000000        0.1702767
      12.0000000        0.1741731
      13.0000000        0.1768339
      14.0000000        0.1762664
      15.0000000        0.1733860
      16.0000000        0.1719470
       1.0000000        0.0049172
       2.0000000        0.0345991
       3.0000000        0.0693235
       4.0000000        0.0965874
       5.0000000        0.1199295
       6.0000000        0.1377766
       7.0000000        0.1481406
       8.0000000        0.1536132
       9.0000000        0.1581292
      10.0000000        0.1626189
      11.0000000        0.1659780
      12.0000000        0.1676501
      13.0000000        0.1676924
      14.0000000        0.1661910
      15.0000000        0.1638352
      16.0000000        0.1627782
       1.0000000        0.0048390
       2.0000000        0.0354261
       3.0000000        0.0712582
       4.0000000        0.0975735
       5.0000000        0.1189468
       6.0000000        0.1348266
       7.0000000        0.1461671
       8.0000000        0.1537521
       9.0000000        0.1568218
      10.0000000        0.1582210
      11.0000000        0.1607734
      12.0000000        0.1632319
      13.0000000        0.1640894
      14.0000000        0.1650914
      15.0000000        0.1668058
      16.0000000        0.1678077
       1.0000000        0.0051762
       2.0000000        0.0362912
       3.0000000        0.0721979
       4.0000000        0.0981795
       5.0000000        0.1200016
       6.0000000        0.1362562
       7.0000000        0.1462956
       8.0000000        0.1536037
       9.0000000        0.1586209
      10.0000000        0.1606597
      11.0000000        0.1613002
      12.0000000        0.1616641
      13.0000000        0.1626404
      14.0000000        0.1647959
      15.0000000        0.1662550
      16.0000000        0.1665403
       1.0000000        0.0054644
       2.0000000        0.0390689
       3.0000000        0.0761754
       4.0000000        0.1007963
       5.0000000        0.1206575
       6.0000000        0.1361493
       7.0000000        0.1472956
       8.0000000        0.1574624
       9.0000000        0.1651985
      10.0000000        0.1669346
      11.0000000        0.1651582
      12.0000000        0.1628859
      13.0000000        0.1614066
      14.0000000        0.1619776
      15.0000000        0.1634947
      16.0000000        0.1641162
       1.0000000        0.0055509
       2.0000000        0.0400209
       3.0000000        0.0779452
       4.0000000        0.1023450
       5.0000000        0.1203387
       6.0000000        0.1346227
       7.0000000        0.1466310
       8.0000000        0.1561756
       9.0000000        0.1597825
      10.0000000        0.1584576
      11.0000000        0.1575978
      12.0000000        0.1578801
      13.0000000        0.1572465
      14.0000000        0.1564674
      15.0000000        0.1557508
      16.0000000        0.1552756
       1.0000000        0.0050296
       2.0000000        0.0361485
       3.0000000        0.0724432
       4.0000000        0.0980520
       5.0000000        0.1169153
       6.0000000        0.1313380
       7.0000000        0.1420795
       8.0000000        0.1491533
       9.0000000        0.1518032
      10.0000000        0.1533848
      11.0000000        0.1557697
      12.0000000        0.1572550
      13.0000000        0.1576015
      14.0000000        0.1584904
      15.0000000        0.1602652
      16.0000000        0.1614169
       1.0000000        0.0047295
       2.0000000        0.0344043
       3.0000000        0.0710365
       4.0000000        0.0991656
       5.0000000        0.1197268
       6.0000000        0.1331235
       7.0000000        0.1425046
       8.0000000        0.1499544
       9.0000000        0.1548429
      10.0000000        0.1566919
      11.0000000        0.1567796
      12.0000000        0.1572815
      13.0000000        0.1578412
      14.0000000        0.1586834
      15.0000000        0.1606462
      16.0000000        0.1621612
       1.0000000        0.0048907
       2.0000000        0.0367544
       3.0000000        0.0761501
       4.0000000        0.1061745
       5.0000000        0.1291771
       6.0000000        0.1444350
       7.0000000        0.1542072
       8.0000000        0.1615627
       9.0000000        0.1655905
      10.0000000        0.1664792
      11.0000000        0.1661975
      12.0000000        0.1649430
      13.0000000        0.1641471
      14.0000000        0.1645382
      15.0000000        0.1636935
      16.0000000        0.1627403
       1.0000000        0.0051219
       2.0000000        0.0382895
       3.0000000        0.0802843
       4.0000000        0.1117770
       5.0000000        0.1337176
       6.0000000        0.1489310
       7.0000000        0.1596937
       8.0000000        0.1662888
       9.0000000        0.1679383
      10.0000000        0.1681314
      11.0000000        0.1689411
      12.0000000        0.1699498
      13.0000000        0.1695118
      14.0000000        0.1668159
      15.0000000        0.1634453
      16.0000000        0.1618050
       1.0000000        0.0054819
       2.0000000        0.0401125
       3.0000000        0.0814670
       4.0000000        0.1098863
       5.0000000        0.1301689
       6.0000000        0.1459893
       7.0000000        0.1591062
       8.0000000        0.1695862
       9.0000000        0.1772378
      10.0000000        0.1804893
      11.0000000        0.1789393
      12.0000000        0.1749416
      13.0000000        0.1726909
      14.0000000        0.1739724
      15.0000000        0.1759473
      16.0000000        0.1762351
       1.0000000        0.0057769
       2.0000000        0.0410256
       3.0000000        0.0801337
       4.0000000        0.1083391
       5.0000000        0.1319168
       6.0000000        0.1514403
       7.0000000        0.1658869
       8.0000000        0.1770271
       9.0000000        0.1845199
      10.0000000        0.1883973
      11.0000000        0.1895237
      12.0000000        0.1899235
      13.0000000        0.1925283
      14.0000000        0.1966196
      15.0000000        0.1990353
      16.0000000        0.1994687
       1.0000000        0.0057748
       2.0000000        0.0402606
       3.0000000        0.0808850
       4.0000000        0.1127598
       5.0000000        0.1389254
       6.0000000        0.1600383
       7.0000000        0.1758277
       8.0000000        0.1877462
       9.0000000        0.1973910
      10.0000000        0.2055515
      11.0000000        0.2116064
      12.0000000        0.2151658
      13.0000000        0.2170327
      14.0000000        0.2177629
      15.0000000        0.2183338
      16.0000000        0.2181665
       1.0000000        0.0063203
       2.0000000        0.0445362
       3.0000000        0.0894374
       4.0000000        0.1214525
       5.0000000        0.1442427
       6.0000000        0.1629592
       7.0000000        0.1804726
       8.0000000        0.1951085
       9.0000000        0.2039467
      10.0000000        0.2059682
      11.0000000        0.2051853
      12.0000000        0.2039979
      13.0000000        0.2008629
      14.0000000        0.1955379
      15.0000000        0.1912915
      16.0000000        0.1896434
       1.0000000        0.0080168
       2.0000000        0.0540080
       3.0000000        0.0982490
       4.0000000        0.1234002
       5.0000000        0.1437688
       6.0000000        0.1618037
       7.0000000        0.1745337
       8.0000000        0.1841932
       9.0000000        0.1910255
      10.0000000        0.1937524
      11.0000000        0.1924368
      12.0000000        0.1881441
      13.0000000        0.1831036
      14.0000000        0.1792940
      15.0000000        0.1773706
      16.0000000        0.1769555
       1.0000000        0.0082809
       2.0000000        0.0545925
       3.0000000        0.0994587
       4.0000000        0.1278200
       5.0000000        0.1466730
       6.0000000        0.1595963
       7.0000000        0.1704795
       8.0000000        0.1782645
       9.0000000        0.1817587
      10.0000000        0.1820159
      11.0000000        0.1786140
      12.0000000        0.1711801
      13.0000000        0.1628043
      14.0000000        0.1567834
      15.0000000        0.1525941
      16.0000000        0.1508391
       1.0000000        0.0073773
       2.0000000        0.0494473
       3.0000000        0.0928097
       4.0000000        0.1198654
       5.0000000        0.1366744
       6.0000000        0.1491541
       7.0000000        0.1599562
       8.0000000        0.1664084
       9.0000000        0.1649619
      10.0000000        0.1595807
      11.0000000        0.1540251
      12.0000000        0.1499569
      13.0000000        0.1477904
      14.0000000        0.1470439
      15.0000000        0.1461064
      16.0000000        0.1451279
       1.0000000        0.0067138
       2.0000000        0.0440629
       3.0000000        0.0838528
       4.0000000        0.1110134
       5.0000000        0.1317909
       6.0000000        0.1470821
       7.0000000        0.1561067
       8.0000000        0.1583458
       9.0000000        0.1545921
      10.0000000        0.1500646
      11.0000000        0.1487488
      12.0000000        0.1501175
      13.0000000        0.1534715
      14.0000000        0.1554796
      15.0000000        0.1526973
      16.0000000        0.1500640
       1.0000000        0.0068410
       2.0000000        0.0457657
       3.0000000        0.0863132
       4.0000000        0.1145655
       5.0000000        0.1375528
       6.0000000        0.1559378
       7.0000000        0.1681191
       8.0000000        0.1732566
       9.0000000        0.1698543
      10.0000000        0.1651237
      11.0000000        0.1673270
      12.0000000        0.1723420
      13.0000000        0.1730417
      14.0000000        0.1719468
      15.0000000        0.1713907
      16.0000000        0.1710737
       1.0000000        0.0072614
       2.0000000        0.0473137
       3.0000000        0.0894288
       4.0000000        0.1199481
       5.0000000        0.1447550
       6.0000000        0.1622080
       7.0000000        0.1726463
       8.0000000        0.1772234
       9.0000000        0.1777059
      10.0000000        0.1763451
      11.0000000        0.1742873
      12.0000000        0.1732278
      13.0000000        0.1739409
      14.0000000        0.1757564
      15.0000000        0.1774601
      16.0000000        0.1781207
       1.0000000        0.0070691
       2.0000000        0.0478434
       3.0000000        0.0900648
       4.0000000        0.1174953
       5.0000000        0.1387374
       6.0000000        0.1570375
       7.0000000        0.1687017
       8.0000000        0.1751320
       9.0000000        0.1798591
      10.0000000        0.1832455
      11.0000000        0.1835382
      12.0000000        0.1796420
      13.0000000        0.1758295
      14.0000000        0.1769824
      15.0000000        0.1801174
      16.0000000        0.1814864
       1.0000000        0.0070193
       2.0000000        0.0483203
       3.0000000        0.0913829
       4.0000000        0.1171846
       5.0000000        0.1359814
       6.0000000        0.1524333
       7.0000000        0.1654307
       8.0000000        0.1759566
       9.0000000        0.1863823
      10.0000000        0.1968345
      11.0000000        0.2019184
      12.0000000        0.2007049
      13.0000000        0.1954855
      14.0000000        0.1894787
      15.0000000        0.1864571
      16.0000000        0.1859684
       1.0000000        0.0066607
       2.0000000        0.0472368
       3.0000000        0.0933221
       4.0000000        0.1247207
       5.0000000        0.1483915
       6.0000000        0.1674179
       7.0000000        0.1818725
       8.0000000        0.1934473
       9.0000000        0.2016065
      10.0000000        0.2067893
      11.0000000        0.2083338
      12.0000000        0.2033459
      13.0000000        0.1946501
      14.0000000        0.1839551
      15.0000000        0.1722431
      16.0000000        0.1665451
       1.0000000        0.0066973
       2.0000000        0.0493614
       3.0000000        0.0971879
       4.0000000        0.1295369
       5.0000000        0.1536967
       6.0000000        0.1727590
       7.0000000        0.1863845
       8.0000000        0.1950627
       9.0000000        0.2018135
      10.0000000        0.2076865
      11.0000000        0.2103362
      12.0000000        0.2062179
      13.0000000        0.1964207
      14.0000000        0.1825343
      15.0000000        0.1677602
      16.0000000        0.1612123
       1.0000000        0.0070600
       2.0000000        0.0502253
       3.0000000        0.0964913
       4.0000000        0.1237278
       5.0000000        0.1440115
       6.0000000        0.1638855
       7.0000000        0.1811663
       8.0000000        0.1939120
       9.0000000        0.2009107
      10.0000000        0.2023315
      11.0000000        0.1995054
      12.0000000        0.1945472
      13.0000000        0.1901361
      14.0000000        0.1856377
      15.0000000        0.1808493
      16.0000000        0.1783600
       1.0000000        0.0070778
       2.0000000        0.0476038
       3.0000000        0.0894802
       4.0000000        0.1187697
       5.0000000        0.1468555
       6.0000000        0.1741329
       7.0000000        0.1940869
       8.0000000        0.2062634
       9.0000000        0.2122974
      10.0000000        0.2140218
      11.0000000        0.2111675
      12.0000000        0.2056530
      13.0000000        0.1999438
      14.0000000        0.1960822
      15.0000000        0.1934596
      16.0000000        0.1921382
       1.0000000        0.0069710
       2.0000000        0.0475605
       3.0000000        0.0942378
       4.0000000        0.1308301
       5.0000000        0.1608604
       6.0000000        0.1826298
       7.0000000        0.1967580
       8.0000000        0.2078816
       9.0000000        0.2161824
      10.0000000        0.2218019
      11.0000000        0.2243811
      12.0000000        0.2232711
      13.0000000        0.2191232
      14.0000000        0.2136559
      15.0000000        0.2076417
      16.0000000        0.2048346
       1.0000000        0.0073110
       2.0000000        0.0493460
       3.0000000        0.0940613
       4.0000000        0.1263335
       5.0000000        0.1546175
       6.0000000        0.1777185
       7.0000000        0.1929400
       8.0000000        0.2051812
       9.0000000        0.2158021
      10.0000000        0.2226665
      11.0000000        0.2251354
      12.0000000        0.2226507
      13.0000000        0.2152724
      14.0000000        0.2076244
      15.0000000        0.2018484
      16.0000000        0.1987303
       1.0000000        0.0069437
       2.0000000        0.0484264
       3.0000000        0.0946048
       4.0000000        0.1253012
       5.0000000        0.1477775
       6.0000000        0.1653683
       7.0000000        0.1770710
       8.0000000        0.1856676
       9.0000000        0.1926324
      10.0000000        0.1979287
      11.0000000        0.2022131
      12.0000000        0.2042664
      13.0000000        0.1985654
      14.0000000        0.1853985
      15.0000000        0.1735042
      16.0000000        0.1685022
       1.0000000        0.0067565
       2.0000000        0.0476511
       3.0000000        0.0936245
       4.0000000        0.1239085
       5.0000000        0.1425814
       6.0000000        0.1548233
       7.0000000        0.1620943
       8.0000000        0.1664822
       9.0000000        0.1729874
      10.0000000        0.1811256
      11.0000000        0.1855920
      12.0000000        0.1829126
      13.0000000        0.1779759
      14.0000000        0.1748708
      15.0000000        0.1730147
      16.0000000        0.1721737
       1.0000000        0.0063696
       2.0000000        0.0446510
       3.0000000        0.0864357
       4.0000000        0.1154022
       5.0000000        0.1337860
       6.0000000        0.1409713
       7.0000000        0.1456809
       8.0000000        0.1548704
       9.0000000        0.1640064
      10.0000000        0.1668964
      11.0000000        0.1680095
      12.0000000        0.1709741
      13.0000000        0.1726968
      14.0000000        0.1750258
      15.0000000        0.1811088
      16.0000000        0.1852195
       1.0000000        0.0061685
       2.0000000        0.0434678
       3.0000000        0.0833558
       4.0000000        0.1090154
       5.0000000        0.1264316
       6.0000000        0.1366407
       7.0000000        0.1428440
       8.0000000        0.1502135
       9.0000000        0.1559969
      10.0000000        0.1590385
      11.0000000        0.1618912
      12.0000000        0.1649331
      13.0000000        0.1685818
      14.0000000        0.1715449
      15.0000000        0.1726505
      16.0000000        0.1728115
       1.0000000        0.0058522
       2.0000000        0.0419121
       3.0000000        0.0816331
       4.0000000        0.1082821
       5.0000000        0.1265583
       6.0000000        0.1393113
       7.0000000        0.1470102
       8.0000000        0.1525247
       9.0000000        0.1574305
      10.0000000        0.1601643
      11.0000000        0.1597181
      12.0000000        0.1600713
      13.0000000        0.1628233
      14.0000000        0.1633504
      15.0000000        0.1588815
      16.0000000        0.1559583
       1.0000000        0.0056832
       2.0000000        0.0417359
       3.0000000        0.0838010
       4.0000000        0.1112991
       5.0000000        0.1271778
       6.0000000        0.1366594
       7.0000000        0.1439762
       8.0000000        0.1518492
       9.0000000        0.1603146
      10.0000000        0.1681214
      11.0000000        0.1738370
      12.0000000        0.1761667
      13.0000000        0.1749693
      14.0000000        0.1731092
      15.0000000        0.1730766
      16.0000000        0.1732181
       1.0000000        0.0059948
       2.0000000        0.0421652
       3.0000000        0.0819033
       4.0000000        0.1073861
       5.0000000        0.1244536
       6.0000000        0.1376150
       7.0000000        0.1497625
       8.0000000        0.1616620
       9.0000000        0.1740603
      10.0000000        0.1871348
      11.0000000        0.1983400
      12.0000000        0.2022565
      13.0000000        0.2010503
      14.0000000        0.2001150
      15.0000000        0.1993378
      16.0000000        0.1987935
       1.0000000        0.0064461
       2.0000000        0.0453682
       3.0000000        0.0894164
       4.0000000        0.1205592
       5.0000000        0.1427981
       6.0000000        0.1599780
       7.0000000        0.1751437
       8.0000000        0.1889611
       9.0000000        0.2011817
      10.0000000        0.2131490
      11.0000000        0.2238936
      12.0000000        0.2305310
      13.0000000        0.2332089
      14.0000000        0.2331416
      15.0000000        0.2312257
      16.0000000        0.2297349
       1.0000000        0.0067701
       2.0000000        0.0492601
       3.0000000        0.0975997
       4.0000000        0.1297108
       5.0000000        0.1534536
       6.0000000        0.1741250
       7.0000000        0.1939736
       8.0000000        0.2111717
       9.0000000        0.2252103
      10.0000000        0.2374896
      11.0000000        0.2494031
      12.0000000        0.2581711
      13.0000000        0.2635410
      14.0000000        0.2668281
      15.0000000        0.2680302
      16.0000000        0.2686629
       1.0000000        0.0071684
       2.0000000        0.0489665
       3.0000000        0.0934696
       4.0000000        0.1276071
       5.0000000        0.1603164
       6.0000000        0.1860215
       7.0000000        0.2037452
       8.0000000        0.2214785
       9.0000000        0.2430737
      10.0000000        0.2624513
      11.0000000        0.2746224
      12.0000000        0.2828804
      13.0000000        0.2928700
      14.0000000        0.3014931
      15.0000000        0.3054666
      16.0000000        0.3065987
       1.0000000        0.0075350
       2.0000000        0.0503507
       3.0000000        0.0941922
       4.0000000        0.1281228
       5.0000000        0.1636744
       6.0000000        0.1943611
       7.0000000        0.2206423
       8.0000000        0.2445610
       9.0000000        0.2608469
      10.0000000        0.2728963
      11.0000000        0.2844394
      12.0000000        0.2919354
      13.0000000        0.2946457
      14.0000000        0.2957306
      15.0000000        0.2933740
      16.0000000        0.2910215
       1.0000000        0.0076889
       2.0000000        0.0523265
       3.0000000        0.1019024
       4.0000000        0.1407937
       5.0000000        0.1769930
       6.0000000        0.2097584
       7.0000000        0.2349380
       8.0000000        0.2530878
       9.0000000        0.2636706
      10.0000000        0.2658760
      11.0000000        0.2644128
      12.0000000        0.2646867
      13.0000000        0.2666715
      14.0000000        0.2716779
      15.0000000        0.2760425
      16.0000000        0.2770730
       1.0000000        0.0085412
       2.0000000        0.0613374
       3.0000000        0.1209232
       4.0000000        0.1601809
       5.0000000        0.1926783
       6.0000000        0.2213665
       7.0000000        0.2426975
       8.0000000        0.2584045
       9.0000000        0.2674944
      10.0000000        0.2716495
      11.0000000        0.2682531
      12.0000000        0.2594055
      13.0000000        0.2508105
      14.0000000        0.2430010
      15.0000000        0.2374537
      16.0000000        0.2367283
       1.0000000        0.0076785
       2.0000000        0.0578585
       3.0000000        0.1180298
       4.0000000        0.1594613
       5.0000000        0.1913538
       6.0000000        0.2166308
       7.0000000        0.2347226
       8.0000000        0.2489738
       9.0000000        0.2585095
      10.0000000        0.2636412
      11.0000000        0.2617594
      12.0000000        0.2542733
      13.0000000        0.2470948
      14.0000000        0.2421615
      15.0000000        0.2396642
      16.0000000        0.2392748
       1.0000000        0.0071087
       2.0000000        0.0547416
       3.0000000        0.1135527
       4.0000000        0.1524850
       5.0000000        0.1773941
       6.0000000        0.1960552
       7.0000000        0.2125043
       8.0000000        0.2258946
       9.0000000        0.2323899
      10.0000000        0.2341668
      11.0000000        0.2349494
      12.0000000        0.2324495
      13.0000000        0.2261590
      14.0000000        0.2176607
      15.0000000        0.2099673
      16.0000000        0.2068028
       1.0000000        0.0075229
       2.0000000        0.0548539
       3.0000000        0.1076887
       4.0000000        0.1404789
       5.0000000        0.1616286
       6.0000000        0.1726870
       7.0000000        0.1809856
       8.0000000        0.1905522
       9.0000000        0.1981283
      10.0000000        0.1997501
      11.0000000        0.1951165
      12.0000000        0.1862011
      13.0000000        0.1771451
      14.0000000        0.1707791
      15.0000000        0.1641281
      16.0000000        0.1601721
       1.0000000        0.0070352
       2.0000000        0.0503138
       3.0000000        0.0964744
       4.0000000        0.1234317
       5.0000000        0.1361030
       6.0000000        0.1406865
       7.0000000        0.1470620
       8.0000000        0.1578015
       9.0000000        0.1668776
      10.0000000        0.1707464
      11.0000000        0.1708428
      12.0000000        0.1683334
      13.0000000        0.1624337
      14.0000000        0.1572686
      15.0000000        0.1571406
      16.0000000        0.1585872
       1.0000000        0.0070868
       2.0000000        0.0457643
       3.0000000        0.0822210
       4.0000000        0.1041020
       5.0000000        0.1157032
       6.0000000        0.1207279
       7.0000000        0.1281567
       8.0000000        0.1409485
       9.0000000        0.1525505
      10.0000000        0.1594873
      11.0000000        0.1617394
      12.0000000        0.1604970
      13.0000000        0.1562722
      14.0000000        0.1504873
      15.0000000        0.1450257
      16.0000000        0.1427038
       1.0000000        0.0068030
       2.0000000        0.0439082
       3.0000000        0.0785306
       4.0000000        0.0995129
       5.0000000        0.1132595
       6.0000000        0.1235664
       7.0000000        0.1335409
       8.0000000        0.1426308
       9.0000000        0.1497014
      10.0000000        0.1566784
      11.0000000        0.1602888
      12.0000000        0.1589218
      13.0000000        0.1542685
      14.0000000        0.1490521
      15.0000000        0.1455752
      16.0000000        0.1447619
       1.0000000        0.0065585
       2.0000000        0.0456776
       3.0000000        0.0852479
       4.0000000        0.1074109
       5.0000000        0.1239133
       6.0000000        0.1372708
       7.0000000        0.1459334
       8.0000000        0.1510758
       9.0000000        0.1550041
      10.0000000        0.1591386
      11.0000000        0.1607113
      12.0000000        0.1596931
      13.0000000        0.1574973
      14.0000000        0.1528434
      15.0000000        0.1461530
      16.0000000        0.1428248
       1.0000000        0.0063986
       2.0000000        0.0446272
       3.0000000        0.0846996
       4.0000000        0.1120982
       5.0000000        0.1341750
       6.0000000        0.1500439
       7.0000000        0.1590901
       8.0000000        0.1623790
       9.0000000        0.1622134
      10.0000000        0.1617071
      11.0000000        0.1630438
      12.0000000        0.1631147
      13.0000000        0.1605496
      14.0000000        0.1585371
      15.0000000        0.1564320
      16.0000000        0.1553095
       1.0000000        0.0062667
       2.0000000        0.0420374
       3.0000000        0.0801784
       4.0000000        0.1114557
       5.0000000        0.1375700
       6.0000000        0.1542478
       7.0000000        0.1638580
       8.0000000        0.1669093
       9.0000000        0.1661781
      10.0000000        0.1665894
      11.0000000        0.1685914
      12.0000000        0.1707324
      13.0000000        0.1710164
      14.0000000        0.1720778
      15.0000000        0.1746699
      16.0000000        0.1758861
       1.0000000        0.0055084
       2.0000000        0.0371349
       3.0000000        0.0732097
       4.0000000        0.0999438
       5.0000000        0.1198551
       6.0000000        0.1365128
       7.0000000        0.1498852
       8.0000000        0.1586737
       9.0000000        0.1650363
      10.0000000        0.1717122
      11.0000000        0.1785130
      12.0000000        0.1846790
      13.0000000        0.1881732
      14.0000000        0.1884957
      15.0000000        0.1883262
      16.0000000        0.1885539
       1.0000000        0.0052373
       2.0000000        0.0363257
       3.0000000        0.0703890
       4.0000000        0.0960802
       5.0000000        0.1161408
       6.0000000        0.1317877
       7.0000000        0.1435900
       8.0000000        0.1504182
       9.0000000        0.1554110
      10.0000000        0.1635869
      11.0000000        0.1732800
      12.0000000        0.1795783
      13.0000000        0.1827239
      14.0000000        0.1864798
      15.0000000        0.1905215
      16.0000000        0.1920689
       1.0000000        0.0055874
       2.0000000        0.0389882
       3.0000000        0.0745819
       4.0000000        0.0986235
       5.0000000        0.1180874
       6.0000000        0.1349986
       7.0000000        0.1482589
       8.0000000        0.1546037
       9.0000000        0.1577776
      10.0000000        0.1624860
      11.0000000        0.1673557
      12.0000000        0.1714120
      13.0000000        0.1759572
      14.0000000        0.1794004
      15.0000000        0.1796829
      16.0000000        0.1787824
       1.0000000        0.0058841
       2.0000000        0.0404475
       3.0000000        0.0781785
       4.0000000        0.1024552
       5.0000000        0.1222533
       6.0000000        0.1389268
       7.0000000        0.1486721
       8.0000000        0.1526029
       9.0000000        0.1542540
      10.0000000        0.1565863
      11.0000000        0.1596828
      12.0000000        0.1639021
      13.0000000        0.1681226
      14.0000000        0.1684698
      15.0000000        0.1654500
      16.0000000        0.1640081
       1.0000000        0.0056517
       2.0000000        0.0413339
       3.0000000        0.0821252
       4.0000000        0.1094555
       5.0000000        0.1284690
       6.0000000        0.1420967
       7.0000000        0.1506070
       8.0000000        0.1527318
       9.0000000        0.1498563
      10.0000000        0.1472097
      11.0000000        0.1463855
      12.0000000        0.1473674
      13.0000000        0.1482991
      14.0000000        0.1482361
      15.0000000        0.1485257
      16.0000000        0.1485988
       1.0000000        0.0051368
       2.0000000        0.0391413
       3.0000000        0.0805259
       4.0000000        0.1095758
       5.0000000        0.1289698
       6.0000000        0.1399175
       7.0000000        0.1439516
       8.0000000        0.1436173
       9.0000000        0.1411251
      10.0000000        0.1394979
      11.0000000        0.1377318
      12.0000000        0.1350657
      13.0000000        0.1327260
      14.0000000        0.1308429
      15.0000000        0.1303438
      16.0000000        0.1301774
       1.0000000        0.0045859
       2.0000000        0.0348486
       3.0000000        0.0724503
       4.0000000        0.0990732
       5.0000000        0.1182899
       6.0000000        0.1311201
       7.0000000        0.1367867
       8.0000000        0.1366787
       9.0000000        0.1326686
      10.0000000        0.1288473
      11.0000000        0.1286816
      12.0000000        0.1318143
      13.0000000        0.1353913
      14.0000000        0.1389848
      15.0000000        0.1440051
      16.0000000        0.1469728
       1.0000000        0.0041203
       2.0000000        0.0314106
       3.0000000        0.0653752
       4.0000000        0.0905511
       5.0000000        0.1096436
       6.0000000        0.1227635
       7.0000000        0.1290153
       8.0000000        0.1308136
       9.0000000        0.1309165
      10.0000000        0.1329044
      11.0000000        0.1375344
      12.0000000        0.1426192
      13.0000000        0.1464004
      14.0000000        0.1473424
      15.0000000        0.1478087
      16.0000000        0.1486301
       1.0000000        0.0040953
       2.0000000        0.0310560
       3.0000000        0.0646227
       4.0000000        0.0909702
       5.0000000        0.1121655
       6.0000000        0.1272372
       7.0000000        0.1349826
       8.0000000        0.1400113
       9.0000000        0.1445782
      10.0000000        0.1489395
      11.0000000        0.1538967
      12.0000000        0.1594546
      13.0000000        0.1626026
      14.0000000        0.1612769
      15.0000000        0.1566597
      16.0000000        0.1540799
       1.0000000        0.0041517
       2.0000000        0.0314493
       3.0000000        0.0647465
       4.0000000        0.0894215
       5.0000000        0.1100892
       6.0000000        0.1280148
       7.0000000        0.1394246
       8.0000000        0.1458936
       9.0000000        0.1500666
      10.0000000        0.1542884
      11.0000000        0.1593667
      12.0000000        0.1627004
      13.0000000        0.1626118
      14.0000000        0.1601550
      15.0000000        0.1569207
      16.0000000        0.1553759
       1.0000000        0.0040263
       2.0000000        0.0309026
       3.0000000        0.0645775
       4.0000000        0.0899834
       5.0000000        0.1110527
       6.0000000        0.1291549
       7.0000000        0.1415584
       8.0000000        0.1481422
       9.0000000        0.1513095
      10.0000000        0.1532679
      11.0000000        0.1544632
      12.0000000        0.1540395
      13.0000000        0.1519711
      14.0000000        0.1492481
      15.0000000        0.1471341
      16.0000000        0.1465022
       1.0000000        0.0036713
       2.0000000        0.0290400
       3.0000000        0.0624593
       4.0000000        0.0867227
       5.0000000        0.1041527
       6.0000000        0.1188265
       7.0000000        0.1301670
       8.0000000        0.1378604
       9.0000000        0.1426522
      10.0000000        0.1450269
      11.0000000        0.1453443
      12.0000000        0.1437583
      13.0000000        0.1426637
      14.0000000        0.1419331
      15.0000000        0.1398271
      16.0000000        0.1383582
       1.0000000        0.0037635
       2.0000000        0.0291466
       3.0000000        0.0615507
       4.0000000        0.0834253
       5.0000000        0.0978823
       6.0000000        0.1101484
       7.0000000        0.1220439
       8.0000000        0.1342058
       9.0000000        0.1442969
      10.0000000        0.1488051
      11.0000000        0.1476364
      12.0000000        0.1430573
      13.0000000        0.1392190
      14.0000000        0.1376945
      15.0000000        0.1365715
      16.0000000        0.1358894
       1.0000000        0.0039694
       2.0000000        0.0294034
       3.0000000        0.0594387
       4.0000000        0.0801650
       5.0000000        0.0956300
       6.0000000        0.1095271
       7.0000000        0.1212298
       8.0000000        0.1307840
       9.0000000        0.1386376
      10.0000000        0.1426823
      11.0000000        0.1420154
      12.0000000        0.1382648
      13.0000000        0.1339836
      14.0000000        0.1308079
      15.0000000        0.1293748
      16.0000000        0.1289839
       1.0000000        0.0041531
       2.0000000        0.0294572
       3.0000000        0.0595747
       4.0000000        0.0794791
       5.0000000        0.0938196
       6.0000000        0.1076248
       7.0000000        0.1193312
       8.0000000        0.1266023
       9.0000000        0.1299227
      10.0000000        0.1313099
      11.0000000        0.1328992
      12.0000000        0.1346562
      13.0000000        0.1355425
      14.0000000        0.1349813
      15.0000000        0.1337212
      16.0000000        0.1327907
       1.0000000        0.0038664
       2.0000000        0.0280645
       3.0000000        0.0560220
       4.0000000        0.0755889
       5.0000000        0.0901178
       6.0000000        0.1016800
       7.0000000        0.1123355
       8.0000000        0.1206323
       9.0000000        0.1242680
      10.0000000        0.1245366
      11.0000000        0.1254777
      12.0000000        0.1291383
      13.0000000        0.1328744
      14.0000000        0.1342898
      15.0000000        0.1342683
      16.0000000        0.1339808
       1.0000000        0.0039057
       2.0000000        0.0268851
       3.0000000        0.0523391
       4.0000000        0.0711688
       5.0000000        0.0853930
       6.0000000        0.0962548
       7.0000000        0.1044937
       8.0000000        0.1101228
       9.0000000        0.1141205
      10.0000000        0.1177547
      11.0000000        0.1212088
      12.0000000        0.1238628
      13.0000000        0.1270579
      14.0000000        0.1310276
      15.0000000        0.1345390
      16.0000000        0.1359964
       1.0000000        0.0037519
       2.0000000        0.0263156
       3.0000000        0.0520374
       4.0000000        0.0705185
       5.0000000        0.0834138
       6.0000000        0.0921969
       7.0000000        0.0995026
       8.0000000        0.1062808
       9.0000000        0.1115900
      10.0000000        0.1155407
      11.0000000        0.1194331
      12.0000000        0.1241499
      13.0000000        0.1295453
      14.0000000        0.1340077
      15.0000000        0.1363265
      16.0000000        0.1370406
       1.0000000        0.0040466
       2.0000000        0.0292032
       3.0000000        0.0580671
       4.0000000        0.0768619
       5.0000000        0.0895901
       6.0000000        0.0996051
       7.0000000        0.1072010
       8.0000000        0.1131468
       9.0000000        0.1183541
      10.0000000        0.1235074
      11.0000000        0.1281798
      12.0000000        0.1316445
      13.0000000        0.1342659
      14.0000000        0.1354413
      15.0000000        0.1337167
      16.0000000        0.1322157
       1.0000000        0.0043729
       2.0000000        0.0324006
       3.0000000        0.0653334
       4.0000000        0.0870680
       5.0000000        0.1018080
       6.0000000        0.1137121
       7.0000000        0.1230377
       8.0000000        0.1285720
       9.0000000        0.1310937
      10.0000000        0.1333639
      11.0000000        0.1358134
      12.0000000        0.1363399
      13.0000000        0.1345640
      14.0000000        0.1312625
      15.0000000        0.1271499
      16.0000000        0.1252163
       1.0000000        0.0049587
       2.0000000        0.0360995
       3.0000000        0.0729287
       4.0000000        0.0980123
       5.0000000        0.1170656
       6.0000000        0.1327321
       7.0000000        0.1432055
       8.0000000        0.1478150
       9.0000000        0.1477737
      10.0000000        0.1463464
      11.0000000        0.1438790
      12.0000000        0.1391967
      13.0000000        0.1348330
      14.0000000        0.1325232
      15.0000000        0.1315652
      16.0000000        0.1314155
       1.0000000        0.0049307
       2.0000000        0.0366868
       3.0000000        0.0747389
       4.0000000        0.1010827
       5.0000000        0.1203093
       6.0000000        0.1360506
       7.0000000        0.1483007
       8.0000000        0.1560583
       9.0000000        0.1579873
      10.0000000        0.1549360
      11.0000000        0.1490260
      12.0000000        0.1422574
      13.0000000        0.1364072
      14.0000000        0.1315174
      15.0000000        0.1280510
      16.0000000        0.1267478
       1.0000000        0.0049552
       2.0000000        0.0365456
       3.0000000        0.0756898
       4.0000000        0.1032419
       5.0000000        0.1229962
       6.0000000        0.1387123
       7.0000000        0.1499767
       8.0000000        0.1563272
       9.0000000        0.1584391
      10.0000000        0.1565671
      11.0000000        0.1518701
      12.0000000        0.1457158
      13.0000000        0.1388581
      14.0000000        0.1335371
      15.0000000        0.1316105
      16.0000000        0.1315723
       1.0000000        0.0056863
       2.0000000        0.0412283
       3.0000000        0.0827574
       4.0000000        0.1091710
       5.0000000        0.1264785
       6.0000000        0.1408345
       7.0000000        0.1539173
       8.0000000        0.1647638
       9.0000000        0.1700203
      10.0000000        0.1666088
      11.0000000        0.1563793
      12.0000000        0.1434274
      13.0000000        0.1333615
      14.0000000        0.1290892
      15.0000000        0.1290365
      16.0000000        0.1296630
       1.0000000        0.0066355
       2.0000000        0.0484184
       3.0000000        0.0958220
       4.0000000        0.1261622
       5.0000000        0.1467455
       6.0000000        0.1634816
       7.0000000        0.1802177
       8.0000000        0.1939229
       9.0000000        0.1955122
      10.0000000        0.1840202
      11.0000000        0.1679303
      12.0000000        0.1518468
      13.0000000        0.1381256
      14.0000000        0.1298449
      15.0000000        0.1263353
      16.0000000        0.1254924
       1.0000000        0.0064480
       2.0000000        0.0496814
       3.0000000        0.1034818
       4.0000000        0.1411321
       5.0000000        0.1693695
       6.0000000        0.1929273
       7.0000000        0.2112464
       8.0000000        0.2209660
       9.0000000        0.2171219
      10.0000000        0.2027247
      11.0000000        0.1837875
      12.0000000        0.1650698
      13.0000000        0.1490980
      14.0000000        0.1373087
      15.0000000        0.1311604
      16.0000000        0.1296335
       1.0000000        0.0064662
       2.0000000        0.0502699
       3.0000000        0.1040709
       4.0000000        0.1419745
       5.0000000        0.1733892
       6.0000000        0.1994056
       7.0000000        0.2134714
       8.0000000        0.2145765
       9.0000000        0.2052281
      10.0000000        0.1903937
      11.0000000        0.1731442
      12.0000000        0.1530898
      13.0000000        0.1361249
      14.0000000        0.1285395
      15.0000000        0.1257213
      16.0000000        0.1244634
       1.0000000        0.0068381
       2.0000000        0.0512754
       3.0000000        0.1024309
       4.0000000        0.1362025
       5.0000000        0.1643327
       6.0000000        0.1872273
       7.0000000        0.1977278
       8.0000000        0.1946494
       9.0000000        0.1818174
      10.0000000        0.1669185
      11.0000000        0.1536710
      12.0000000        0.1413540
      13.0000000        0.1306233
      14.0000000        0.1246770
      15.0000000        0.1224021
      16.0000000        0.1219118
       1.0000000        0.0068322
       2.0000000        0.0497676
       3.0000000        0.0982531
       4.0000000        0.1314050
       5.0000000        0.1568132
       6.0000000        0.1710172
       7.0000000        0.1717163
       8.0000000        0.1663602
       9.0000000        0.1605273
      10.0000000        0.1534041
      11.0000000        0.1458594
      12.0000000        0.1389442
      13.0000000        0.1301754
      14.0000000        0.1195731
      15.0000000        0.1109519
      16.0000000        0.1077710
       1.0000000        0.0068253
       2.0000000        0.0509311
       3.0000000        0.1010710
       4.0000000        0.1319491
       5.0000000        0.1522483
       6.0000000        0.1601139
       7.0000000        0.1569157
       8.0000000        0.1539518
       9.0000000        0.1539297
      10.0000000        0.1542613
      11.0000000        0.1527173
      12.0000000        0.1477585
      13.0000000        0.1401147
      14.0000000        0.1304595
      15.0000000        0.1211549
      16.0000000        0.1169351
       1.0000000        0.0075583
       2.0000000        0.0556356
       3.0000000        0.1079709
       4.0000000        0.1363859
       5.0000000        0.1510291
       6.0000000        0.1560900
       7.0000000        0.1579790
       8.0000000        0.1617308
       9.0000000        0.1652541
      10.0000000        0.1673415
      11.0000000        0.1679184
      12.0000000        0.1641446
      13.0000000        0.1547771
      14.0000000        0.1414161
      15.0000000        0.1287832
      16.0000000        0.1236046
       1.0000000        0.0075876
       2.0000000        0.0536232
       3.0000000        0.1023766
       4.0000000        0.1314733
       5.0000000        0.1496373
       6.0000000        0.1588108
       7.0000000        0.1629425
       8.0000000        0.1674610
       9.0000000        0.1718680
      10.0000000        0.1732693
      11.0000000        0.1718566
      12.0000000        0.1679292
      13.0000000        0.1604189
      14.0000000        0.1479214
      15.0000000        0.1337933
      16.0000000        0.1273175
       1.0000000        0.0063292
       2.0000000        0.0458800
       3.0000000        0.0905682
       4.0000000        0.1208686
       5.0000000        0.1424614
       6.0000000        0.1574773
       7.0000000        0.1656844
       8.0000000        0.1687047
       9.0000000        0.1687003
      10.0000000        0.1674117
      11.0000000        0.1635466
      12.0000000        0.1568279
      13.0000000        0.1487321
      14.0000000        0.1402030
      15.0000000        0.1330194
      16.0000000        0.1302775
       1.0000000        0.0062981
       2.0000000        0.0434715
       3.0000000        0.0865852
       4.0000000        0.1198322
       5.0000000        0.1466034
       6.0000000        0.1653330
       7.0000000        0.1751447
       8.0000000        0.1773908
       9.0000000        0.1730764
      10.0000000        0.1650699
      11.0000000        0.1558366
      12.0000000        0.1461139
      13.0000000        0.1370944
      14.0000000        0.1286465
      15.0000000        0.1220720
      16.0000000        0.1194744
       1.0000000        0.0060708
       2.0000000        0.0425510
       3.0000000        0.0839588
       4.0000000        0.1147658
       5.0000000        0.1389816
       6.0000000        0.1556979
       7.0000000        0.1618487
       8.0000000        0.1609781
       9.0000000        0.1572882
      10.0000000        0.1531930
      11.0000000        0.1494075
      12.0000000        0.1438676
      13.0000000        0.1358624
      14.0000000        0.1279531
      15.0000000        0.1228177
      16.0000000        0.1206544
       1.0000000        0.0058938
       2.0000000        0.0413678
       3.0000000        0.0820297
       4.0000000        0.1124567
       5.0000000        0.1352117
       6.0000000        0.1496096
       7.0000000        0.1559731
       8.0000000        0.1567553
       9.0000000        0.1530247
      10.0000000        0.1454473
      11.0000000        0.1369066
      12.0000000        0.1302533
      13.0000000        0.1245975
      14.0000000        0.1186022
      15.0000000        0.1132106
      16.0000000        0.1108721
       1.0000000        0.0056220
       2.0000000        0.0406225
       3.0000000        0.0816141
       4.0000000        0.1119341
       5.0000000        0.1347645
       6.0000000        0.1506406
       7.0000000        0.1597257
       8.0000000        0.1621970
       9.0000000        0.1580879
      10.0000000        0.1501870
      11.0000000        0.1398066
      12.0000000        0.1275311
      13.0000000        0.1166700
      14.0000000        0.1096809
      15.0000000        0.1061358
      16.0000000        0.1050599
       1.0000000        0.0051483
       2.0000000        0.0392293
       3.0000000        0.0838500
       4.0000000        0.1173184
       5.0000000        0.1394518
       6.0000000        0.1543560
       7.0000000        0.1642306
       8.0000000        0.1682687
       9.0000000        0.1637339
      10.0000000        0.1526799
      11.0000000        0.1405124
      12.0000000        0.1289983
      13.0000000        0.1189867
      14.0000000        0.1112930
      15.0000000        0.1063605
      16.0000000        0.1047429
       1.0000000        0.0054381
       2.0000000        0.0409604
       3.0000000        0.0845747
       4.0000000        0.1158654
       5.0000000        0.1411892
       6.0000000        0.1637769
       7.0000000        0.1766557
       8.0000000        0.1760757
       9.0000000        0.1678470
      10.0000000        0.1561290
      11.0000000        0.1444094
      12.0000000        0.1347718
      13.0000000        0.1263354
      14.0000000        0.1203068
      15.0000000        0.1174475
      16.0000000        0.1168551
       1.0000000        0.0053130
       2.0000000        0.0391643
       3.0000000        0.0790841
       4.0000000        0.1076545
       5.0000000        0.1333892
       6.0000000        0.1573131
       7.0000000        0.1709196
       8.0000000        0.1712980
       9.0000000        0.1645444
      10.0000000        0.1555557
      11.0000000        0.1467990
      12.0000000        0.1383504
      13.0000000        0.1307138
      14.0000000        0.1248726
      15.0000000        0.1207948
      16.0000000        0.1190590
       1.0000000        0.0054291
       2.0000000        0.0388886
       3.0000000        0.0756610
       4.0000000        0.1042382
       5.0000000        0.1317502
       6.0000000        0.1537046
       7.0000000        0.1645592
       8.0000000        0.1674229
       9.0000000        0.1683275
      10.0000000        0.1665718
      11.0000000        0.1600519
      12.0000000        0.1522508
      13.0000000        0.1455250
      14.0000000        0.1383933
      15.0000000        0.1322332
      16.0000000        0.1301914
       1.0000000        0.0057716
       2.0000000        0.0408928
       3.0000000        0.0819532
       4.0000000        0.1139934
       5.0000000        0.1405142
       6.0000000        0.1586278
       7.0000000        0.1670150
       8.0000000        0.1689703
       9.0000000        0.1689155
      10.0000000        0.1695325
      11.0000000        0.1706536
      12.0000000        0.1689009
      13.0000000        0.1637782
      14.0000000        0.1578327
      15.0000000        0.1527816
      16.0000000        0.1505303
       1.0000000        0.0056619
       2.0000000        0.0432474
       3.0000000        0.0913441
       4.0000000        0.1239704
       5.0000000        0.1410007
       6.0000000        0.1483159
       7.0000000        0.1506432
       8.0000000        0.1521985
       9.0000000        0.1534631
      10.0000000        0.1540272
      11.0000000        0.1565093
      12.0000000        0.1599614
      13.0000000        0.1632905
      14.0000000        0.1665413
      15.0000000        0.1683330
      16.0000000        0.1683789
       1.0000000        0.0058145
       2.0000000        0.0455831
       3.0000000        0.0937983
       4.0000000        0.1211208
       5.0000000        0.1338257
       6.0000000        0.1397296
       7.0000000        0.1420212
       8.0000000        0.1456714
       9.0000000        0.1505083
      10.0000000        0.1522146
      11.0000000        0.1518152
      12.0000000        0.1537984
      13.0000000        0.1591820
      14.0000000        0.1646636
      15.0000000        0.1684213
      16.0000000        0.1699486
       1.0000000        0.0056937
       2.0000000        0.0419961
       3.0000000        0.0851589
       4.0000000        0.1140917
       5.0000000        0.1324244
       6.0000000        0.1439247
       7.0000000        0.1514703
       8.0000000        0.1563028
       9.0000000        0.1586947
      10.0000000        0.1591417
      11.0000000        0.1591415
      12.0000000        0.1619507
      13.0000000        0.1679557
      14.0000000        0.1726559
      15.0000000        0.1733963
      16.0000000        0.1728024
       1.0000000        0.0064474
       2.0000000        0.0428896
       3.0000000        0.0841130
       4.0000000        0.1172228
       5.0000000        0.1429114
       6.0000000        0.1586710
       7.0000000        0.1685686
       8.0000000        0.1750688
       9.0000000        0.1777124
      10.0000000        0.1767129
      11.0000000        0.1747435
      12.0000000        0.1754182
      13.0000000        0.1774739
      14.0000000        0.1794326
      15.0000000        0.1834979
      16.0000000        0.1863845
       1.0000000        0.0066037
       2.0000000        0.0444244
       3.0000000        0.0855430
       4.0000000        0.1180979
       5.0000000        0.1461184
       6.0000000        0.1666993
       7.0000000        0.1806553
       8.0000000        0.1907346
       9.0000000        0.1967193
      10.0000000        0.1996220
      11.0000000        0.1987225
      12.0000000        0.1959647
      13.0000000        0.1941538
      14.0000000        0.1932216
      15.0000000        0.1919896
      16.0000000        0.1912977
       1.0000000        0.0064131
       2.0000000        0.0443101
       3.0000000        0.0873642
       4.0000000        0.1222556
       5.0000000        0.1508280
       6.0000000        0.1733989
       7.0000000        0.1920020
       8.0000000        0.2055950
       9.0000000        0.2129478
      10.0000000        0.2194225
      11.0000000        0.2253710
      12.0000000        0.2255156
      13.0000000        0.2205241
      14.0000000        0.2170330
      15.0000000        0.2148971
      16.0000000        0.2135704
       1.0000000        0.0065525
       2.0000000        0.0476598
       3.0000000        0.0957972
       4.0000000        0.1309041
       5.0000000        0.1592160
       6.0000000        0.1825595
       7.0000000        0.2015624
       8.0000000        0.2193098
       9.0000000        0.2354391
      10.0000000        0.2484701
      11.0000000        0.2583885
      12.0000000        0.2627546
      13.0000000        0.2625020
      14.0000000        0.2632509
      15.0000000        0.2658340
      16.0000000        0.2670431
       1.0000000        0.0069868
       2.0000000        0.0530759
       3.0000000        0.1049407
       4.0000000        0.1357185
       5.0000000        0.1611523
       6.0000000        0.1880795
       7.0000000        0.2121562
       8.0000000        0.2341260
       9.0000000        0.2548434
      10.0000000        0.2724024
      11.0000000        0.2865356
      12.0000000        0.2975110
      13.0000000        0.3033653
      14.0000000        0.3053164
      15.0000000        0.3063117
      16.0000000        0.3066309
       1.0000000        0.0070019
       2.0000000        0.0526497
       3.0000000        0.1045664
       4.0000000        0.1372951
       5.0000000        0.1623896
       6.0000000        0.1893230
       7.0000000        0.2167860
       8.0000000        0.2414156
       9.0000000        0.2635560
      10.0000000        0.2856283
      11.0000000        0.3052904
      12.0000000        0.3200173
      13.0000000        0.3278799
      14.0000000        0.3292128
      15.0000000        0.3288988
      16.0000000        0.3288272
       1.0000000        0.0068958
       2.0000000        0.0499522
       3.0000000        0.1004594
       4.0000000        0.1358318
       5.0000000        0.1634059
       6.0000000        0.1888684
       7.0000000        0.2140089
       8.0000000        0.2402994
       9.0000000        0.2669366
      10.0000000        0.2909866
      11.0000000        0.3100658
      12.0000000        0.3252390
      13.0000000        0.3367677
      14.0000000        0.3440397
      15.0000000        0.3490392
      16.0000000        0.3514450
       1.0000000        0.0067996
       2.0000000        0.0492566
       3.0000000        0.0992918
       4.0000000        0.1365523
       5.0000000        0.1636299
       6.0000000        0.1844272
       7.0000000        0.2034100
       8.0000000        0.2209271
       9.0000000        0.2358760
      10.0000000        0.2498596
      11.0000000        0.2650873
      12.0000000        0.2810275
      13.0000000        0.2961305
      14.0000000        0.3067333
      15.0000000        0.3108967
      16.0000000        0.3115148
       1.0000000        0.0055666
       2.0000000        0.0441356
       3.0000000        0.0957938
       4.0000000        0.1356739
       5.0000000        0.1633737
       6.0000000        0.1794829
       7.0000000        0.1900360
       8.0000000        0.2008842
       9.0000000        0.2125788
      10.0000000        0.2226487
      11.0000000        0.2299869
      12.0000000        0.2356811
      13.0000000        0.2402869
      14.0000000        0.2435357
      15.0000000        0.2448314
      16.0000000        0.2450284
       1.0000000        0.0051362
       2.0000000        0.0406165
       3.0000000        0.0869349
       4.0000000        0.1198798
       5.0000000        0.1403600
       6.0000000        0.1561736
       7.0000000        0.1687108
       8.0000000        0.1790991
       9.0000000        0.1878252
      10.0000000        0.1956844
      11.0000000        0.2040538
      12.0000000        0.2099651
      13.0000000        0.2090185
      14.0000000        0.2033702
      15.0000000        0.1982530
      16.0000000        0.1961711
       1.0000000        0.0054025
       2.0000000        0.0397978
       3.0000000        0.0803484
       4.0000000        0.1092327
       5.0000000        0.1310022
       6.0000000        0.1471448
       7.0000000        0.1590237
       8.0000000        0.1703317
       9.0000000        0.1797190
      10.0000000        0.1841599
      11.0000000        0.1839820
      12.0000000        0.1788481
      13.0000000        0.1717274
      14.0000000        0.1669866
      15.0000000        0.1657258
      16.0000000        0.1655732
       1.0000000        0.0059622
       2.0000000        0.0440978
       3.0000000        0.0872869
       4.0000000        0.1174599
       5.0000000        0.1397683
       6.0000000        0.1545163
       7.0000000        0.1616000
       8.0000000        0.1653204
       9.0000000        0.1659185
      10.0000000        0.1621267
      11.0000000        0.1579653
      12.0000000        0.1562628
      13.0000000        0.1556411
      14.0000000        0.1546819
      15.0000000        0.1537319
      16.0000000        0.1533084
       1.0000000        0.0063469
       2.0000000        0.0473626
       3.0000000        0.0944647
       4.0000000        0.1255600
       5.0000000        0.1442287
       6.0000000        0.1522660
       7.0000000        0.1538106
       8.0000000        0.1550188
       9.0000000        0.1567429
      10.0000000        0.1578078
      11.0000000        0.1571037
      12.0000000        0.1567751
      13.0000000        0.1580429
      14.0000000        0.1599666
      15.0000000        0.1610422
      16.0000000        0.1612777
       1.0000000        0.0059518
       2.0000000        0.0434295
       3.0000000        0.0863894
       4.0000000        0.1140772
       5.0000000        0.1302587
       6.0000000        0.1393893
       7.0000000        0.1448931
       8.0000000        0.1491510
       9.0000000        0.1534207
      10.0000000        0.1559817
      11.0000000        0.1556838
      12.0000000        0.1557961
      13.0000000        0.1579461
      14.0000000        0.1613777
      15.0000000        0.1643370
      16.0000000        0.1655713
       1.0000000        0.0056890
       2.0000000        0.0389413
       3.0000000        0.0746121
       4.0000000        0.0978635
       5.0000000        0.1143637
       6.0000000        0.1257407
       7.0000000        0.1325031
       8.0000000        0.1371405
       9.0000000        0.1401163
      10.0000000        0.1428546
      11.0000000        0.1469723
      12.0000000        0.1515308
      13.0000000        0.1574440
      14.0000000        0.1651325
      15.0000000        0.1712429
      16.0000000        0.1734665
       1.0000000        0.0050754
       2.0000000        0.0356804
       3.0000000        0.0685228
       4.0000000        0.0899601
       5.0000000        0.1052802
       6.0000000        0.1154675
       7.0000000        0.1208408
       8.0000000        0.1258816
       9.0000000        0.1324504
      10.0000000        0.1397503
      11.0000000        0.1486985
      12.0000000        0.1577542
      13.0000000        0.1657347
      14.0000000        0.1722067
      15.0000000        0.1760861
      16.0000000        0.1769650
       1.0000000        0.0049076
       2.0000000        0.0353155
       3.0000000        0.0686807
       4.0000000        0.0900432
       5.0000000        0.1038320
       6.0000000        0.1118827
       7.0000000        0.1173661
       8.0000000        0.1242489
       9.0000000        0.1338166
      10.0000000        0.1449623
      11.0000000        0.1556617
      12.0000000        0.1631291
      13.0000000        0.1668593
      14.0000000        0.1684864
      15.0000000        0.1685282
      16.0000000        0.1680011
       1.0000000        0.0055667
       2.0000000        0.0400158
       3.0000000        0.0753822
       4.0000000        0.0942224
       5.0000000        0.1069998
       6.0000000        0.1180503
       7.0000000        0.1270112
       8.0000000        0.1354963
       9.0000000        0.1458642
      10.0000000        0.1552249
      11.0000000        0.1625359
      12.0000000        0.1672444
      13.0000000        0.1684441
      14.0000000        0.1672491
      15.0000000        0.1653204
      16.0000000        0.1645752
       1.0000000        0.0058180
       2.0000000        0.0415735
       3.0000000        0.0770077
       4.0000000        0.0940293
       5.0000000        0.1058207
       6.0000000        0.1173643
       7.0000000        0.1277549
       8.0000000        0.1385468
       9.0000000        0.1482125
      10.0000000        0.1555170
      11.0000000        0.1620843
      12.0000000        0.1676061
      13.0000000        0.1696893
      14.0000000        0.1699387
      15.0000000        0.1707092
      16.0000000        0.1716831
       1.0000000        0.0053616
       2.0000000        0.0370630
       3.0000000        0.0689413
       4.0000000        0.0882578
       5.0000000        0.1041789
       6.0000000        0.1179750
       7.0000000        0.1279157
       8.0000000        0.1353191
       9.0000000        0.1409889
      10.0000000        0.1466130
      11.0000000        0.1540340
      12.0000000        0.1604142
      13.0000000        0.1631161
      14.0000000        0.1653657
      15.0000000        0.1688955
      16.0000000        0.1702701
       1.0000000        0.0052422
       2.0000000        0.0362319
       3.0000000        0.0684806
       4.0000000        0.0878997
       5.0000000        0.1020719
       6.0000000        0.1160515
       7.0000000        0.1279821
       8.0000000        0.1352804
       9.0000000        0.1391732
      10.0000000        0.1426322
      11.0000000        0.1487090
      12.0000000        0.1563398
      13.0000000        0.1626464
      14.0000000        0.1634203
      15.0000000        0.1601891
      16.0000000        0.1586912
       1.0000000        0.0060277
       2.0000000        0.0388408
       3.0000000        0.0699029
       4.0000000        0.0917653
       5.0000000        0.1105447
       6.0000000        0.1237684
       7.0000000        0.1313984
       8.0000000        0.1362704
       9.0000000        0.1399172
      10.0000000        0.1432835
      11.0000000        0.1490382
      12.0000000        0.1579878
      13.0000000        0.1658891
      14.0000000        0.1680448
      15.0000000        0.1671422
      16.0000000        0.1665124
       1.0000000        0.0068110
       2.0000000        0.0449159
       3.0000000        0.0810585
       4.0000000        0.1040245
       5.0000000        0.1212101
       6.0000000        0.1342188
       7.0000000        0.1446891
       8.0000000        0.1521268
       9.0000000        0.1564974
      10.0000000        0.1595923
      11.0000000        0.1636152
      12.0000000        0.1691158
      13.0000000        0.1728930
      14.0000000        0.1710788
      15.0000000        0.1672602
      16.0000000        0.1648143
       1.0000000        0.0067083
       2.0000000        0.0450227
       3.0000000        0.0846279
       4.0000000        0.1111645
       5.0000000        0.1323351
       6.0000000        0.1479706
       7.0000000        0.1580807
       8.0000000        0.1660070
       9.0000000        0.1725741
      10.0000000        0.1745592
      11.0000000        0.1715252
      12.0000000        0.1697930
      13.0000000        0.1698386
      14.0000000        0.1684394
      15.0000000        0.1651423
      16.0000000        0.1635651
       1.0000000        0.0063874
       2.0000000        0.0469454
       3.0000000        0.0929496
       4.0000000        0.1251559
       5.0000000        0.1502107
       6.0000000        0.1700877
       7.0000000        0.1820703
       8.0000000        0.1874050
       9.0000000        0.1884531
      10.0000000        0.1859952
      11.0000000        0.1801620
      12.0000000        0.1723360
      13.0000000        0.1668762
      14.0000000        0.1675336
      15.0000000        0.1705763
      16.0000000        0.1719240
       1.0000000        0.0067971
       2.0000000        0.0500288
       3.0000000        0.1008957
       4.0000000        0.1326185
       5.0000000        0.1517122
       6.0000000        0.1654957
       7.0000000        0.1758679
       8.0000000        0.1817788
       9.0000000        0.1820831
      10.0000000        0.1792267
      11.0000000        0.1735797
      12.0000000        0.1653921
      13.0000000        0.1602585
      14.0000000        0.1613589
      15.0000000        0.1639261
      16.0000000        0.1649245
       1.0000000        0.0075836
       2.0000000        0.0526056
       3.0000000        0.1000750
       4.0000000        0.1293005
       5.0000000        0.1501764
       6.0000000        0.1627434
       7.0000000        0.1691233
       8.0000000        0.1728217
       9.0000000        0.1717049
      10.0000000        0.1673144
      11.0000000        0.1623720
      12.0000000        0.1581244
      13.0000000        0.1551774
      14.0000000        0.1535940
      15.0000000        0.1527040
      16.0000000        0.1526054
       1.0000000        0.0074333
       2.0000000        0.0499033
       3.0000000        0.0935179
       4.0000000        0.1217894
       5.0000000        0.1429116
       6.0000000        0.1551155
       7.0000000        0.1571590
       8.0000000        0.1566427
       9.0000000        0.1553722
      10.0000000        0.1532201
      11.0000000        0.1538693
      12.0000000        0.1539163
      13.0000000        0.1535972
      14.0000000        0.1557371
      15.0000000        0.1586483
      16.0000000        0.1599177
       1.0000000        0.0069281
       2.0000000        0.0488715
       3.0000000        0.0936317
       4.0000000        0.1224039
       5.0000000        0.1414659
       6.0000000        0.1494810
       7.0000000        0.1510774
       8.0000000        0.1520563
       9.0000000        0.1522315
      10.0000000        0.1534995
      11.0000000        0.1561554
      12.0000000        0.1576838
      13.0000000        0.1595787
      14.0000000        0.1608364
      15.0000000        0.1572593
      16.0000000        0.1544086
       1.0000000        0.0080547
       2.0000000        0.0548333
       3.0000000        0.1018591
       4.0000000        0.1312510
       5.0000000        0.1462086
       6.0000000        0.1491027
       7.0000000        0.1504394
       8.0000000        0.1504079
       9.0000000        0.1486351
      10.0000000        0.1486983
      11.0000000        0.1507375
      12.0000000        0.1533201
      13.0000000        0.1556279
      14.0000000        0.1576383
      15.0000000        0.1564398
      16.0000000        0.1548019
       1.0000000        0.0074208
       2.0000000        0.0527177
       3.0000000        0.1004664
       4.0000000        0.1269519
       5.0000000        0.1400312
       6.0000000        0.1450284
       7.0000000        0.1444830
       8.0000000        0.1420412
       9.0000000        0.1391287
      10.0000000        0.1376322
      11.0000000        0.1403005
      12.0000000        0.1447494
      13.0000000        0.1480348
      14.0000000        0.1521754
      15.0000000        0.1585236
      16.0000000        0.1619116
       1.0000000        0.0065449
       2.0000000        0.0470891
       3.0000000        0.0907116
       4.0000000        0.1175621
       5.0000000        0.1363558
       6.0000000        0.1483739
       7.0000000        0.1514783
       8.0000000        0.1470522
       9.0000000        0.1410772
      10.0000000        0.1387480
      11.0000000        0.1387534
      12.0000000        0.1385372
      13.0000000        0.1391993
      14.0000000        0.1415580
      15.0000000        0.1475562
      16.0000000        0.1511976
       1.0000000        0.0056743
       2.0000000        0.0404936
       3.0000000        0.0795003
       4.0000000        0.1044080
       5.0000000        0.1209517
       6.0000000        0.1316479
       7.0000000        0.1353527
       8.0000000        0.1340483
       9.0000000        0.1320672
      10.0000000        0.1316143
      11.0000000        0.1327284
      12.0000000        0.1335468
      13.0000000        0.1351829
      14.0000000        0.1400845
      15.0000000        0.1470575
      16.0000000        0.1508189
       1.0000000        0.0052018
       2.0000000        0.0362504
       3.0000000        0.0701113
       4.0000000        0.0951670
       5.0000000        0.1139701
       6.0000000        0.1271059
       7.0000000        0.1356094
       8.0000000        0.1396877
       9.0000000        0.1403685
      10.0000000        0.1419852
      11.0000000        0.1450226
      12.0000000        0.1447809
      13.0000000        0.1422241
      14.0000000        0.1425371
      15.0000000        0.1452190
      16.0000000        0.1462280
       1.0000000        0.0049649
       2.0000000        0.0352971
       3.0000000        0.0705979
       4.0000000        0.0990150
       5.0000000        0.1224410
       6.0000000        0.1406545
       7.0000000        0.1538475
       8.0000000        0.1609497
       9.0000000        0.1616995
      10.0000000        0.1599670
      11.0000000        0.1600422
      12.0000000        0.1600181
      13.0000000        0.1584536
      14.0000000        0.1566614
      15.0000000        0.1556828
      16.0000000        0.1555345
       1.0000000        0.0049468
       2.0000000        0.0366631
       3.0000000        0.0757007
       4.0000000        0.1057855
       5.0000000        0.1294163
       6.0000000        0.1503568
       7.0000000        0.1693016
       8.0000000        0.1828984
       9.0000000        0.1891271
      10.0000000        0.1891335
      11.0000000        0.1858081
      12.0000000        0.1830933
      13.0000000        0.1837916
      14.0000000        0.1866635
      15.0000000        0.1890099
      16.0000000        0.1897581
       1.0000000        0.0050071
       2.0000000        0.0351458
       3.0000000        0.0705944
       4.0000000        0.0990251
       5.0000000        0.1239143
       6.0000000        0.1447998
       7.0000000        0.1602076
       8.0000000        0.1701863
       9.0000000        0.1767792
      10.0000000        0.1848128
      11.0000000        0.1940927
      12.0000000        0.1990366
      13.0000000        0.1984051
      14.0000000        0.1967427
      15.0000000        0.1961611
      16.0000000        0.1963275
       1.0000000        0.0048319
       2.0000000        0.0326654
       3.0000000        0.0641608
       4.0000000        0.0891788
       5.0000000        0.1125628
       6.0000000        0.1330359
       7.0000000        0.1489814
       8.0000000        0.1618038
       9.0000000        0.1714174
      10.0000000        0.1773407
      11.0000000        0.1822295
      12.0000000        0.1871651
      13.0000000        0.1892338
      14.0000000        0.1876484
      15.0000000        0.1840065
      16.0000000        0.1819749
       1.0000000        0.0042951
       2.0000000        0.0311649
       3.0000000        0.0639394
       4.0000000        0.0926419
       5.0000000        0.1176049
       6.0000000        0.1372948
       7.0000000        0.1514636
       8.0000000        0.1651610
       9.0000000        0.1790074
      10.0000000        0.1890104
      11.0000000        0.1941802
      12.0000000        0.1963436
      13.0000000        0.1967072
      14.0000000        0.1963900
      15.0000000        0.1954659
      16.0000000        0.1946961
       1.0000000        0.0045087
       2.0000000        0.0317883
       3.0000000        0.0647246
       4.0000000        0.0905550
       5.0000000        0.1110092
       6.0000000        0.1269291
       7.0000000        0.1401932
       8.0000000        0.1538186
       9.0000000        0.1666957
      10.0000000        0.1771689
      11.0000000        0.1838753
      12.0000000        0.1881201
      13.0000000        0.1908413
      14.0000000        0.1917009
      15.0000000        0.1917681
      16.0000000        0.1920280
       1.0000000        0.0051029
       2.0000000        0.0344545
       3.0000000        0.0650579
       4.0000000        0.0871859
       5.0000000        0.1033332
       6.0000000        0.1143848
       7.0000000        0.1255556
       8.0000000        0.1395935
       9.0000000        0.1509789
      10.0000000        0.1574900
      11.0000000        0.1623169
      12.0000000        0.1674890
      13.0000000        0.1722017
      14.0000000        0.1745400
      15.0000000        0.1744336
      16.0000000        0.1740206
       1.0000000        0.0055076
       2.0000000        0.0352805
       3.0000000        0.0653831
       4.0000000        0.0851289
       5.0000000        0.1004084
       6.0000000        0.1119934
       7.0000000        0.1204996
       8.0000000        0.1306822
       9.0000000        0.1399057
      10.0000000        0.1447353
      11.0000000        0.1504423
      12.0000000        0.1585241
      13.0000000        0.1652283
      14.0000000        0.1689668
      15.0000000        0.1684279
      16.0000000        0.1670090
       1.0000000        0.0052588
       2.0000000        0.0347195
       3.0000000        0.0644798
       4.0000000        0.0840803
       5.0000000        0.0981607
       6.0000000        0.1086190
       7.0000000        0.1187581
       8.0000000        0.1287614
       9.0000000        0.1360465
      10.0000000        0.1407288
      11.0000000        0.1453764
      12.0000000        0.1511812
      13.0000000        0.1547892
      14.0000000        0.1554328
      15.0000000        0.1535629
      16.0000000        0.1512939
       1.0000000        0.0046383
       2.0000000        0.0318410
       3.0000000        0.0599105
       4.0000000        0.0769785
       5.0000000        0.0894264
       6.0000000        0.1019372
       7.0000000        0.1134594
       8.0000000        0.1213947
       9.0000000        0.1256321
      10.0000000        0.1281989
      11.0000000        0.1307850
      12.0000000        0.1330676
      13.0000000        0.1361450
      14.0000000        0.1386797
      15.0000000        0.1382998
      16.0000000        0.1370824
       1.0000000        0.0041226
       2.0000000        0.0278409
       3.0000000        0.0540565
       4.0000000        0.0721843
       5.0000000        0.0867731
       6.0000000        0.1006592
       7.0000000        0.1126142
       8.0000000        0.1215716
       9.0000000        0.1259899
      10.0000000        0.1261100
      11.0000000        0.1249166
      12.0000000        0.1254982
      13.0000000        0.1282641
      14.0000000        0.1320752
      15.0000000        0.1352678
      16.0000000        0.1364585
       1.0000000        0.0035416
       2.0000000        0.0245987
       3.0000000        0.0506426
       4.0000000        0.0714636
       5.0000000        0.0878005
       6.0000000        0.1010596
       7.0000000        0.1114335
       8.0000000        0.1204432
       9.0000000        0.1267980
      10.0000000        0.1288525
      11.0000000        0.1284572
      12.0000000        0.1286205
      13.0000000        0.1307975
      14.0000000        0.1331871
      15.0000000        0.1343486
      16.0000000        0.1344126
       1.0000000        0.0037654
       2.0000000        0.0275729
       3.0000000        0.0575105
       4.0000000        0.0811784
       5.0000000        0.0982703
       6.0000000        0.1110123
       7.0000000        0.1229146
       8.0000000        0.1333117
       9.0000000        0.1390373
      10.0000000        0.1410688
      11.0000000        0.1426166
      12.0000000        0.1453293
      13.0000000        0.1481661
      14.0000000        0.1518111
      15.0000000        0.1562112
      16.0000000        0.1583650
       1.0000000        0.0038933
       2.0000000        0.0295160
       3.0000000        0.0618488
       4.0000000        0.0841086
       5.0000000        0.0989552
       6.0000000        0.1133482
       7.0000000        0.1285825
       8.0000000        0.1395695
       9.0000000        0.1439449
      10.0000000        0.1435738
      11.0000000        0.1433581
      12.0000000        0.1453149
      13.0000000        0.1489107
      14.0000000        0.1535596
      15.0000000        0.1574331
      16.0000000        0.1588326
       1.0000000        0.0042088
       2.0000000        0.0309568
       3.0000000        0.0616493
       4.0000000        0.0822293
       5.0000000        0.0980663
       6.0000000        0.1123905
       7.0000000        0.1234694
       8.0000000        0.1296900
       9.0000000        0.1316605
      10.0000000        0.1316326
      11.0000000        0.1328585
      12.0000000        0.1373684
      13.0000000        0.1429332
      14.0000000        0.1479651
      15.0000000        0.1510757
      16.0000000        0.1518526
       1.0000000        0.0044857
       2.0000000        0.0322030
       3.0000000        0.0645574
       4.0000000        0.0880221
       5.0000000        0.1048930
       6.0000000        0.1167094
       7.0000000        0.1254678
       8.0000000        0.1316250
       9.0000000        0.1334441
      10.0000000        0.1328034
      11.0000000        0.1337489
      12.0000000        0.1370561
      13.0000000        0.1397122
      14.0000000        0.1410174
      15.0000000        0.1416610
      16.0000000        0.1416371
       1.0000000        0.0044958
       2.0000000        0.0324605
       3.0000000        0.0662977
       4.0000000        0.0902639
       5.0000000        0.1061392
       6.0000000        0.1166540
       7.0000000        0.1239029
       8.0000000        0.1280416
       9.0000000        0.1301423
      10.0000000        0.1331987
      11.0000000        0.1372594
      12.0000000        0.1382963
      13.0000000        0.1354839
      14.0000000        0.1317123
      15.0000000        0.1292600
      16.0000000        0.1285523
       1.0000000        0.0038027
       2.0000000        0.0284746
       3.0000000        0.0585032
       4.0000000        0.0782818
       5.0000000        0.0906370
       6.0000000        0.1004017
       7.0000000        0.1086865
       8.0000000        0.1167612
       9.0000000        0.1239076
      10.0000000        0.1294020
      11.0000000        0.1330709
      12.0000000        0.1336612
      13.0000000        0.1317258
      14.0000000        0.1290470
      15.0000000        0.1264673
      16.0000000        0.1252246
       1.0000000        0.0035616
       2.0000000        0.0279956
       3.0000000        0.0595332
       4.0000000        0.0800955
       5.0000000        0.0917636
       6.0000000        0.0992333
       7.0000000        0.1050902
       8.0000000        0.1117090
       9.0000000        0.1181927
      10.0000000        0.1228304
      11.0000000        0.1251776
      12.0000000        0.1264503
      13.0000000        0.1282701
      14.0000000        0.1320878
      15.0000000        0.1361426
      16.0000000        0.1378293
       1.0000000        0.0037210
       2.0000000        0.0293329
       3.0000000        0.0626750
       4.0000000        0.0859319
       5.0000000        0.1013492
       6.0000000        0.1115957
       7.0000000        0.1173578
       8.0000000        0.1216609
       9.0000000        0.1274165
      10.0000000        0.1336156
      11.0000000        0.1378205
      12.0000000        0.1386623
      13.0000000        0.1381565
      14.0000000        0.1389758
      15.0000000        0.1400494
      16.0000000        0.1403495
       1.0000000        0.0043755
       2.0000000        0.0331303
       3.0000000        0.0686491
       4.0000000        0.0943094
       5.0000000        0.1138928
       6.0000000        0.1262655
       7.0000000        0.1331235
       8.0000000        0.1407565
       9.0000000        0.1506082
      10.0000000        0.1595071
      11.0000000        0.1642749
      12.0000000        0.1638497
      13.0000000        0.1603289
      14.0000000        0.1563909
      15.0000000        0.1524811
      16.0000000        0.1504616
       1.0000000        0.0057750
       2.0000000        0.0444762
       3.0000000        0.0899469
       4.0000000        0.1173916
       5.0000000        0.1358186
       6.0000000        0.1507900
       7.0000000        0.1651676
       8.0000000        0.1801831
       9.0000000        0.1935063
      10.0000000        0.2025634
      11.0000000        0.2057274
      12.0000000        0.2020087
      13.0000000        0.1933152
      14.0000000        0.1825857
      15.0000000        0.1734200
      16.0000000        0.1697097
       1.0000000        0.0066957
       2.0000000        0.0523356
       3.0000000        0.1056999
       4.0000000        0.1402557
       5.0000000        0.1653511
       6.0000000        0.1845940
       7.0000000        0.1985077
       8.0000000        0.2113550
       9.0000000        0.2230577
      10.0000000        0.2305714
      11.0000000        0.2315808
      12.0000000        0.2269715
      13.0000000        0.2191549
      14.0000000        0.2091084
      15.0000000        0.2002533
      16.0000000        0.1966625
       1.0000000        0.0062800
       2.0000000        0.0477454
       3.0000000        0.1007604
       4.0000000        0.1402165
       5.0000000        0.1673006
       6.0000000        0.1859185
       7.0000000        0.2007956
       8.0000000        0.2136686
       9.0000000        0.2228196
      10.0000000        0.2304818
      11.0000000        0.2380502
      12.0000000        0.2410690
      13.0000000        0.2370261
      14.0000000        0.2266622
      15.0000000        0.2151085
      16.0000000        0.2100674
       1.0000000        0.0058604
       2.0000000        0.0436643
       3.0000000        0.0894289
       4.0000000        0.1240671
       5.0000000        0.1521900
       6.0000000        0.1722049
       7.0000000        0.1851978
       8.0000000        0.1968042
       9.0000000        0.2079600
      10.0000000        0.2163944
      11.0000000        0.2210280
      12.0000000        0.2236287
      13.0000000        0.2257050
      14.0000000        0.2245619
      15.0000000        0.2203039
      16.0000000        0.2180450
       1.0000000        0.0058693
       2.0000000        0.0426666
       3.0000000        0.0849797
       4.0000000        0.1158396
       5.0000000        0.1419765
       6.0000000        0.1626993
       7.0000000        0.1770789
       8.0000000        0.1881741
       9.0000000        0.1985065
      10.0000000        0.2075024
      11.0000000        0.2124821
      12.0000000        0.2156203
      13.0000000        0.2201915
      14.0000000        0.2218792
      15.0000000        0.2192519
      16.0000000        0.2170823
       1.0000000        0.0063846
       2.0000000        0.0468484
       3.0000000        0.0936881
       4.0000000        0.1235600
       5.0000000        0.1435026
       6.0000000        0.1568811
       7.0000000        0.1640322
       8.0000000        0.1707365
       9.0000000        0.1811972
      10.0000000        0.1933216
      11.0000000        0.2049104
      12.0000000        0.2134674
      13.0000000        0.2152837
      14.0000000        0.2128009
      15.0000000        0.2102073
      16.0000000        0.2090241
       1.0000000        0.0072337
       2.0000000        0.0531605
       3.0000000        0.1059018
       4.0000000        0.1374126
       5.0000000        0.1530775
       6.0000000        0.1599428
       7.0000000        0.1659525
       8.0000000        0.1750347
       9.0000000        0.1838660
      10.0000000        0.1920696
      11.0000000        0.1988725
      12.0000000        0.1990677
      13.0000000        0.1934160
      14.0000000        0.1872832
      15.0000000        0.1833905
      16.0000000        0.1821217
       1.0000000        0.0078763
       2.0000000        0.0578175
       3.0000000        0.1154036
       4.0000000        0.1516744
       5.0000000        0.1725570
       6.0000000        0.1845717
       7.0000000        0.1928543
       8.0000000        0.2008708
       9.0000000        0.2054550
      10.0000000        0.2045086
      11.0000000        0.1994748
      12.0000000        0.1929781
      13.0000000        0.1873080
      14.0000000        0.1826934
      15.0000000        0.1809373
      16.0000000        0.1813595
       1.0000000        0.0075314
       2.0000000        0.0542108
       3.0000000        0.1103336
       4.0000000        0.1496409
       5.0000000        0.1768674
       6.0000000        0.1945242
       7.0000000        0.2029916
       8.0000000        0.2012199
       9.0000000        0.1934586
      10.0000000        0.1847010
      11.0000000        0.1786249
      12.0000000        0.1741370
      13.0000000        0.1697970
      14.0000000        0.1666734
      15.0000000        0.1635915
      16.0000000        0.1616783
       1.0000000        0.0070471
       2.0000000        0.0507550
       3.0000000        0.1011443
       4.0000000        0.1357524
       5.0000000        0.1600781
       6.0000000        0.1746023
       7.0000000        0.1800728
       8.0000000        0.1786102
       9.0000000        0.1721517
      10.0000000        0.1651777
      11.0000000        0.1597166
      12.0000000        0.1555565
      13.0000000        0.1523572
      14.0000000        0.1482572
      15.0000000        0.1433329
      16.0000000        0.1406174
       1.0000000        0.0070895
       2.0000000        0.0515970
       3.0000000        0.1001733
       4.0000000        0.1298103
       5.0000000        0.1506268
       6.0000000        0.1625782
       7.0000000        0.1651638
       8.0000000        0.1639330
       9.0000000        0.1597095
      10.0000000        0.1539525
      11.0000000        0.1509661
      12.0000000        0.1495056
      13.0000000        0.1448680
      14.0000000        0.1390452
      15.0000000        0.1366489
      16.0000000        0.1362441
       1.0000000        0.0075718
       2.0000000        0.0515629
       3.0000000        0.0938425
       4.0000000        0.1167541
       5.0000000        0.1322881
       6.0000000        0.1437394
       7.0000000        0.1492156
       8.0000000        0.1508162
       9.0000000        0.1513644
      10.0000000        0.1514140
      11.0000000        0.1491906
      12.0000000        0.1443781
      13.0000000        0.1389151
      14.0000000        0.1354486
      15.0000000        0.1344306
      16.0000000        0.1343582
       1.0000000        0.0078186
       2.0000000        0.0516669
       3.0000000        0.0923125
       4.0000000        0.1133937
       5.0000000        0.1269678
       6.0000000        0.1392292
       7.0000000        0.1516151
       8.0000000        0.1593852
       9.0000000        0.1588050
      10.0000000        0.1541479
      11.0000000        0.1489702
      12.0000000        0.1441180
      13.0000000        0.1425526
      14.0000000        0.1445800
      15.0000000        0.1454750
      16.0000000        0.1452508
       1.0000000        0.0080007
       2.0000000        0.0515078
       3.0000000        0.0926679
       4.0000000        0.1165805
       5.0000000        0.1334879
       6.0000000        0.1456334
       7.0000000        0.1523505
       8.0000000        0.1570099
       9.0000000        0.1584125
      10.0000000        0.1574783
      11.0000000        0.1569062
      12.0000000        0.1565587
      13.0000000        0.1557871
      14.0000000        0.1533268
      15.0000000        0.1498760
      16.0000000        0.1481909
       1.0000000        0.0075980
       2.0000000        0.0493879
       3.0000000        0.0888123
       4.0000000        0.1138722
       5.0000000        0.1344324
       6.0000000        0.1468474
       7.0000000        0.1519870
       8.0000000        0.1581156
       9.0000000        0.1617405
      10.0000000        0.1595580
      11.0000000        0.1579165
      12.0000000        0.1588725
      13.0000000        0.1574399
      14.0000000        0.1535793
      15.0000000        0.1507871
      16.0000000        0.1502493
       1.0000000        0.0068333
       2.0000000        0.0460129
       3.0000000        0.0887781
       4.0000000        0.1184887
       5.0000000        0.1398326
       6.0000000        0.1529377
       7.0000000        0.1607255
       8.0000000        0.1672294
       9.0000000        0.1708613
      10.0000000        0.1695649
      11.0000000        0.1656106
      12.0000000        0.1615683
      13.0000000        0.1576986
      14.0000000        0.1536236
      15.0000000        0.1495989
      16.0000000        0.1477278
       1.0000000        0.0066968
       2.0000000        0.0452871
       3.0000000        0.0877749
       4.0000000        0.1208275
       5.0000000        0.1497484
       6.0000000        0.1703835
       7.0000000        0.1812914
       8.0000000        0.1867749
       9.0000000        0.1883675
      10.0000000        0.1848677
      11.0000000        0.1778946
      12.0000000        0.1708004
      13.0000000        0.1647430
      14.0000000        0.1590125
      15.0000000        0.1554673
      16.0000000        0.1546059
       1.0000000        0.0064431
       2.0000000        0.0444987
       3.0000000        0.0915642
       4.0000000        0.1322173
       5.0000000        0.1654690
       6.0000000        0.1895931
       7.0000000        0.2039778
       8.0000000        0.2071532
       9.0000000        0.2008259
      10.0000000        0.1906093
      11.0000000        0.1807469
      12.0000000        0.1721732
      13.0000000        0.1636761
      14.0000000        0.1546841
      15.0000000        0.1476597
      16.0000000        0.1451261
       1.0000000        0.0066756
       2.0000000        0.0458493
       3.0000000        0.0944631
       4.0000000        0.1341543
       5.0000000        0.1630496
       6.0000000        0.1826553
       7.0000000        0.1956951
       8.0000000        0.2028920
       9.0000000        0.2039429
      10.0000000        0.2011480
      11.0000000        0.1943493
      12.0000000        0.1833539
      13.0000000        0.1733357
      14.0000000        0.1666417
      15.0000000        0.1624022
      16.0000000        0.1603900
       1.0000000        0.0062361
       2.0000000        0.0452912
       3.0000000        0.0940622
       4.0000000        0.1322375
       5.0000000        0.1598957
       6.0000000        0.1778150
       7.0000000        0.1885729
       8.0000000        0.1959642
       9.0000000        0.1984513
      10.0000000        0.1971233
      11.0000000        0.1942924
      12.0000000        0.1880788
      13.0000000        0.1795754
      14.0000000        0.1730655
      15.0000000        0.1707978
      16.0000000        0.1704864
       1.0000000        0.0059292
       2.0000000        0.0436588
       3.0000000        0.0888779
       4.0000000        0.1237308
       5.0000000        0.1521751
       6.0000000        0.1740236
       7.0000000        0.1888579
       8.0000000        0.1996923
       9.0000000        0.2053445
      10.0000000        0.2046857
      11.0000000        0.2005380
      12.0000000        0.1942235
      13.0000000        0.1854345
      14.0000000        0.1798622
      15.0000000        0.1777629
      16.0000000        0.1772060
       1.0000000        0.0056013
       2.0000000        0.0424051
       3.0000000        0.0872411
       4.0000000        0.1195733
       5.0000000        0.1459514
       6.0000000        0.1686414
       7.0000000        0.1869815
       8.0000000        0.2011024
       9.0000000        0.2082529
      10.0000000        0.2031315
      11.0000000        0.1911648
      12.0000000        0.1830766
      13.0000000        0.1810158
      14.0000000        0.1797058
      15.0000000        0.1769771
      16.0000000        0.1755024
       1.0000000        0.0053044
       2.0000000        0.0407972
       3.0000000        0.0865083
       4.0000000        0.1188265
       5.0000000        0.1404330
       6.0000000        0.1567422
       7.0000000        0.1735213
       8.0000000        0.1885798
       9.0000000        0.1949080
      10.0000000        0.1920099
      11.0000000        0.1844131
      12.0000000        0.1774698
      13.0000000        0.1746123
      14.0000000        0.1763667
      15.0000000        0.1787853
      16.0000000        0.1793617
       1.0000000        0.0054976
       2.0000000        0.0403307
       3.0000000        0.0819194
       4.0000000        0.1100765
       5.0000000        0.1294360
       6.0000000        0.1466711
       7.0000000        0.1598382
       8.0000000        0.1673958
       9.0000000        0.1702814
      10.0000000        0.1707681
      11.0000000        0.1694535
      12.0000000        0.1661769
      13.0000000        0.1620883
      14.0000000        0.1607281
      15.0000000        0.1617790
      16.0000000        0.1625550
       1.0000000        0.0049714
       2.0000000        0.0351935
       3.0000000        0.0706010
       4.0000000        0.0974459
       5.0000000        0.1167602
       6.0000000        0.1302410
       7.0000000        0.1389174
       8.0000000        0.1448305
       9.0000000        0.1499774
      10.0000000        0.1533828
      11.0000000        0.1539242
      12.0000000        0.1510384
      13.0000000        0.1458754
      14.0000000        0.1426085
      15.0000000        0.1421371
      16.0000000        0.1420546
       1.0000000        0.0046270
       2.0000000        0.0327904
       3.0000000        0.0648506
       4.0000000        0.0856218
       5.0000000        0.1011963
       6.0000000        0.1151068
       7.0000000        0.1273562
       8.0000000        0.1371857
       9.0000000        0.1435541
      10.0000000        0.1464087
      11.0000000        0.1465352
      12.0000000        0.1433977
      13.0000000        0.1370603
      14.0000000        0.1304352
      15.0000000        0.1255103
      16.0000000        0.1236055
       1.0000000        0.0042828
       2.0000000        0.0306803
       3.0000000        0.0610474
       4.0000000        0.0825342
       5.0000000        0.0978350
       6.0000000        0.1097914
       7.0000000        0.1217740
       8.0000000        0.1344164
       9.0000000        0.1438711
      10.0000000        0.1478582
      11.0000000        0.1470478
      12.0000000        0.1417725
      13.0000000        0.1339852
      14.0000000        0.1253118
      15.0000000        0.1183706
      16.0000000        0.1160214
       1.0000000        0.0041619
       2.0000000        0.0307318
       3.0000000        0.0629058
       4.0000000        0.0856727
       5.0000000        0.1023923
       6.0000000        0.1156479
       7.0000000        0.1266886
       8.0000000        0.1371019
       9.0000000        0.1455883
      10.0000000        0.1503413
      11.0000000        0.1504463
      12.0000000        0.1453423
      13.0000000        0.1372373
      14.0000000        0.1300089
      15.0000000        0.1269038
      16.0000000        0.1263215
       1.0000000        0.0045351
       2.0000000        0.0337124
       3.0000000        0.0687006
       4.0000000        0.0940614
       5.0000000        0.1137290
       6.0000000        0.1302429
       7.0000000        0.1434004
       8.0000000        0.1531835
       9.0000000        0.1584201
      10.0000000        0.1593393
      11.0000000        0.1581577
      12.0000000        0.1552641
      13.0000000        0.1507336
      14.0000000        0.1450373
      15.0000000        0.1394929
      16.0000000        0.1368855
       1.0000000        0.0045941
       2.0000000        0.0361110
       3.0000000        0.0775017
       4.0000000        0.1084376
       5.0000000        0.1299432
       6.0000000        0.1468540
       7.0000000        0.1612799
       8.0000000        0.1725183
       9.0000000        0.1787525
      10.0000000        0.1786774
      11.0000000        0.1750157
      12.0000000        0.1687211
      13.0000000        0.1606105
      14.0000000        0.1526922
      15.0000000        0.1472505
      16.0000000        0.1454431
       1.0000000        0.0047121
       2.0000000        0.0363348
       3.0000000        0.0773629
       4.0000000        0.1079511
       5.0000000        0.1302811
       6.0000000        0.1472348
       7.0000000        0.1590364
       8.0000000        0.1665606
       9.0000000        0.1717410
      10.0000000        0.1749328
      11.0000000        0.1755021
      12.0000000        0.1747690
      13.0000000        0.1722825
      14.0000000        0.1672246
      15.0000000        0.1616685
      16.0000000        0.1591657
       1.0000000        0.0049886
       2.0000000        0.0376348
       3.0000000        0.0795041
       4.0000000        0.1109075
       5.0000000        0.1334258
       6.0000000        0.1465592
       7.0000000        0.1527841
       8.0000000        0.1589630
       9.0000000        0.1662812
      10.0000000        0.1724581
      11.0000000        0.1764250
      12.0000000        0.1786455
      13.0000000        0.1797627
      14.0000000        0.1789295
      15.0000000        0.1780287
      16.0000000        0.1780360
       1.0000000        0.0051433
       2.0000000        0.0369603
       3.0000000        0.0755675
       4.0000000        0.1055347
       5.0000000        0.1282241
       6.0000000        0.1418617
       7.0000000        0.1504968
       8.0000000        0.1582445
       9.0000000        0.1626859
      10.0000000        0.1654395
      11.0000000        0.1674924
      12.0000000        0.1685379
      13.0000000        0.1699607
      14.0000000        0.1729026
      15.0000000        0.1761634
      16.0000000        0.1775552
       1.0000000        0.0050690
       2.0000000        0.0356221
       3.0000000        0.0709420
       4.0000000        0.0977194
       5.0000000        0.1192386
       6.0000000        0.1345222
       7.0000000        0.1447394
       8.0000000        0.1510271
       9.0000000        0.1545215
      10.0000000        0.1565733
      11.0000000        0.1596355
      12.0000000        0.1627842
      13.0000000        0.1633074
      14.0000000        0.1625774
      15.0000000        0.1617201
      16.0000000        0.1613598
       1.0000000        0.0055345
       2.0000000        0.0359956
       3.0000000        0.0705467
       4.0000000        0.0986873
       5.0000000        0.1213138
       6.0000000        0.1379624
       7.0000000        0.1490797
       8.0000000        0.1566251
       9.0000000        0.1606499
      10.0000000        0.1602103
      11.0000000        0.1594215
      12.0000000        0.1612206
      13.0000000        0.1617916
      14.0000000        0.1582038
      15.0000000        0.1540386
      16.0000000        0.1523505
       1.0000000        0.0058156
       2.0000000        0.0396393
       3.0000000        0.0767196
       4.0000000        0.1044505
       5.0000000        0.1268526
       6.0000000        0.1437051
       7.0000000        0.1564872
       8.0000000        0.1654418
       9.0000000        0.1690114
      10.0000000        0.1686246
      11.0000000        0.1677981
      12.0000000        0.1685248
      13.0000000        0.1673206
      14.0000000        0.1624429
      15.0000000        0.1559914
      16.0000000        0.1527951
       1.0000000        0.0059960
       2.0000000        0.0427069
       3.0000000        0.0831140
       4.0000000        0.1117512
       5.0000000        0.1338410
       6.0000000        0.1498683
       7.0000000        0.1623654
       8.0000000        0.1712098
       9.0000000        0.1723708
      10.0000000        0.1677352
      11.0000000        0.1631872
      12.0000000        0.1608624
      13.0000000        0.1568177
      14.0000000        0.1494643
      15.0000000        0.1425682
      16.0000000        0.1399010
       1.0000000        0.0059056
       2.0000000        0.0426487
       3.0000000        0.0857074
       4.0000000        0.1200316
       5.0000000        0.1471489
       6.0000000        0.1631030
       7.0000000        0.1707011
       8.0000000        0.1707540
       9.0000000        0.1639248
      10.0000000        0.1570522
      11.0000000        0.1530284
      12.0000000        0.1498547
      13.0000000        0.1458746
      14.0000000        0.1410014
      15.0000000        0.1370140
      16.0000000        0.1351562
       1.0000000        0.0062334
       2.0000000        0.0434432
       3.0000000        0.0878474
       4.0000000        0.1241383
       5.0000000        0.1532651
       6.0000000        0.1712319
       7.0000000        0.1750052
       8.0000000        0.1693400
       9.0000000        0.1630924
      10.0000000        0.1582488
      11.0000000        0.1519038
      12.0000000        0.1459134
      13.0000000        0.1435628
      14.0000000        0.1431327
      15.0000000        0.1419957
      16.0000000        0.1412428
       1.0000000        0.0060237
       2.0000000        0.0444913
       3.0000000        0.0909217
       4.0000000        0.1229689
       5.0000000        0.1441403
       6.0000000        0.1567681
       7.0000000        0.1612158
       8.0000000        0.1601517
       9.0000000        0.1580626
      10.0000000        0.1557724
      11.0000000        0.1508266
      12.0000000        0.1462190
      13.0000000        0.1440516
      14.0000000        0.1431531
      15.0000000        0.1436560
      16.0000000        0.1441364
       1.0000000        0.0064205
       2.0000000        0.0446704
       3.0000000        0.0857282
       4.0000000        0.1123909
       5.0000000        0.1288523
       6.0000000        0.1381024
       7.0000000        0.1423248
       8.0000000        0.1435869
       9.0000000        0.1440595
      10.0000000        0.1450436
      11.0000000        0.1461399
      12.0000000        0.1466419
      13.0000000        0.1457695
      14.0000000        0.1453352
      15.0000000        0.1457409
      16.0000000        0.1459415
       1.0000000        0.0062472
       2.0000000        0.0417827
       3.0000000        0.0774366
       4.0000000        0.0988865
       5.0000000        0.1136955
       6.0000000        0.1231877
       7.0000000        0.1272236
       8.0000000        0.1306401
       9.0000000        0.1349584
      10.0000000        0.1391772
      11.0000000        0.1417196
      12.0000000        0.1402074
      13.0000000        0.1365082
      14.0000000        0.1348123
      15.0000000        0.1338439
      16.0000000        0.1329107
       1.0000000        0.0056694
       2.0000000        0.0385394
       3.0000000        0.0723270
       4.0000000        0.0939615
       5.0000000        0.1082688
       6.0000000        0.1166990
       7.0000000        0.1226462
       8.0000000        0.1284228
       9.0000000        0.1320742
      10.0000000        0.1320926
      11.0000000        0.1307044
      12.0000000        0.1287776
      13.0000000        0.1261582
      14.0000000        0.1233049
      15.0000000        0.1210859
      16.0000000        0.1203135
       1.0000000        0.0050195
       2.0000000        0.0359025
       3.0000000        0.0681457
       4.0000000        0.0877559
       5.0000000        0.1022727
       6.0000000        0.1141141
       7.0000000        0.1242645
       8.0000000        0.1324919
       9.0000000        0.1359627
      10.0000000        0.1342993
      11.0000000        0.1301545
      12.0000000        0.1260987
      13.0000000        0.1230774
      14.0000000        0.1213188
      15.0000000        0.1207284
      16.0000000        0.1207166
       1.0000000        0.0051862
       2.0000000        0.0358076
       3.0000000        0.0672093
       4.0000000        0.0862802
       5.0000000        0.1014191
       6.0000000        0.1163803
       7.0000000        0.1281919
       8.0000000        0.1336368
       9.0000000        0.1345386
      10.0000000        0.1367697
      11.0000000        0.1414924
      12.0000000        0.1435130
      13.0000000        0.1412884
      14.0000000        0.1369405
      15.0000000        0.1320320
      16.0000000        0.1293757
       1.0000000        0.0046326
       2.0000000        0.0336964
       3.0000000        0.0657823
       4.0000000        0.0866926
       5.0000000        0.1034622
       6.0000000        0.1178260
       7.0000000        0.1270827
       8.0000000        0.1321862
       9.0000000        0.1361306
      10.0000000        0.1412653
      11.0000000        0.1465673
      12.0000000        0.1500774
      13.0000000        0.1514482
      14.0000000        0.1498427
      15.0000000        0.1458916
      16.0000000        0.1436336
       1.0000000        0.0042040
       2.0000000        0.0306557
       3.0000000        0.0609832
       4.0000000        0.0835828
       5.0000000        0.1018072
       6.0000000        0.1142872
       7.0000000        0.1224705
       8.0000000        0.1290744
       9.0000000        0.1346825
      10.0000000        0.1392427
      11.0000000        0.1423865
      12.0000000        0.1455992
      13.0000000        0.1497586
      14.0000000        0.1532918
      15.0000000        0.1547643
      16.0000000        0.1551159
       1.0000000        0.0041641
       2.0000000        0.0304516
       3.0000000        0.0624092
       4.0000000        0.0883639
       5.0000000        0.1087382
       6.0000000        0.1221752
       7.0000000        0.1293650
       8.0000000        0.1344305
       9.0000000        0.1387285
      10.0000000        0.1407210
      11.0000000        0.1417466
      12.0000000        0.1436361
      13.0000000        0.1455836
      14.0000000        0.1480860
      15.0000000        0.1513773
      16.0000000        0.1531240
       1.0000000        0.0044532
       2.0000000        0.0330205
       3.0000000        0.0674024
       4.0000000        0.0929545
       5.0000000        0.1118643
       6.0000000        0.1250579
       7.0000000        0.1325953
       8.0000000        0.1359612
       9.0000000        0.1365754
      10.0000000        0.1365971
      11.0000000        0.1394244
      12.0000000        0.1451433
      13.0000000        0.1488802
      14.0000000        0.1512684
      15.0000000        0.1530618
      16.0000000        0.1535761
       1.0000000        0.0045696
       2.0000000        0.0343432
       3.0000000        0.0677624
       4.0000000        0.0915637
       5.0000000        0.1087042
       6.0000000        0.1194749
       7.0000000        0.1265622
       8.0000000        0.1318493
       9.0000000        0.1348997
      10.0000000        0.1372914
      11.0000000        0.1407873
      12.0000000        0.1445459
      13.0000000        0.1475890
      14.0000000        0.1484464
      15.0000000        0.1469713
      16.0000000        0.1459319
       1.0000000        0.0045919
       2.0000000        0.0319312
       3.0000000        0.0617425
       4.0000000        0.0814972
       5.0000000        0.0976295
       6.0000000        0.1093352
       7.0000000        0.1177028
       8.0000000        0.1249143
       9.0000000        0.1306053
      10.0000000        0.1348106
      11.0000000        0.1377518
      12.0000000        0.1394243
      13.0000000        0.1417288
      14.0000000        0.1457061
      15.0000000        0.1489918
      16.0000000        0.1500551
       1.0000000        0.0041534
       2.0000000        0.0291241
       3.0000000        0.0565512
       4.0000000        0.0750608
       5.0000000        0.0891673
       6.0000000        0.1021029
       7.0000000        0.1122270
       8.0000000        0.1191179
       9.0000000        0.1242483
      10.0000000        0.1282930
      11.0000000        0.1320416
      12.0000000        0.1367050
      13.0000000        0.1422787
      14.0000000        0.1466132
      15.0000000        0.1488494
      16.0000000        0.1496620
       1.0000000        0.0040757
       2.0000000        0.0285721
       3.0000000        0.0554925
       4.0000000        0.0748011
       5.0000000        0.0890466
       6.0000000        0.1004320
       7.0000000        0.1078532
       8.0000000        0.1147137
       9.0000000        0.1233693
      10.0000000        0.1320186
      11.0000000        0.1376385
      12.0000000        0.1409352
      13.0000000        0.1422018
      14.0000000        0.1421774
      15.0000000        0.1420670
      16.0000000        0.1421732
       1.0000000        0.0040468
       2.0000000        0.0277259
       3.0000000        0.0550248
       4.0000000        0.0756023
       5.0000000        0.0905645
       6.0000000        0.1033959
       7.0000000        0.1157575
       8.0000000        0.1272493
       9.0000000        0.1364644
      10.0000000        0.1425836
      11.0000000        0.1472452
      12.0000000        0.1513026
      13.0000000        0.1528063
      14.0000000        0.1522177
      15.0000000        0.1522606
      16.0000000        0.1525961
       1.0000000        0.0042629
       2.0000000        0.0293502
       3.0000000        0.0589478
       4.0000000        0.0805551
       5.0000000        0.0972721
       6.0000000        0.1124485
       7.0000000        0.1261453
       8.0000000        0.1379907
       9.0000000        0.1468782
      10.0000000        0.1528203
      11.0000000        0.1556168
      12.0000000        0.1561593
      13.0000000        0.1558344
      14.0000000        0.1559018
      15.0000000        0.1557997
      16.0000000        0.1554064
       1.0000000        0.0038214
       2.0000000        0.0279813
       3.0000000        0.0570163
       4.0000000        0.0785139
       5.0000000        0.0965589
       6.0000000        0.1144416
       7.0000000        0.1293167
       8.0000000        0.1406335
       9.0000000        0.1518351
      10.0000000        0.1633011
      11.0000000        0.1713069
      12.0000000        0.1740960
      13.0000000        0.1733364
      14.0000000        0.1706918
      15.0000000        0.1675124
      16.0000000        0.1660380
       1.0000000        0.0035363
       2.0000000        0.0263090
       3.0000000        0.0529025
       4.0000000        0.0732673
       5.0000000        0.0923090
       6.0000000        0.1099411
       7.0000000        0.1260344
       8.0000000        0.1410798
       9.0000000        0.1553560
      10.0000000        0.1692359
      11.0000000        0.1815384
      12.0000000        0.1898888
      13.0000000        0.1931795
      14.0000000        0.1925807
      15.0000000        0.1911380
      16.0000000        0.1905417
       1.0000000        0.0032693
       2.0000000        0.0242915
       3.0000000        0.0500818
       4.0000000        0.0702773
       5.0000000        0.0885208
       6.0000000        0.1058517
       7.0000000        0.1226188
       8.0000000        0.1367512
       9.0000000        0.1479830
      10.0000000        0.1584899
      11.0000000        0.1689550
      12.0000000        0.1779765
      13.0000000        0.1838246
      14.0000000        0.1858014
      15.0000000        0.1846955
      16.0000000        0.1836713
       1.0000000        0.0030535
       2.0000000        0.0243514
       3.0000000        0.0535799
       4.0000000        0.0772414
       5.0000000        0.0968672
       6.0000000        0.1136959
       7.0000000        0.1270074
       8.0000000        0.1372678
       9.0000000        0.1460697
      10.0000000        0.1538054
      11.0000000        0.1600857
      12.0000000        0.1654637
      13.0000000        0.1714887
      14.0000000        0.1780452
      15.0000000        0.1837601
      16.0000000        0.1861826
       1.0000000        0.0033997
       2.0000000        0.0266080
       3.0000000        0.0584017
       4.0000000        0.0842715
       5.0000000        0.1060523
       6.0000000        0.1246560
       7.0000000        0.1389908
       8.0000000        0.1496178
       9.0000000        0.1565047
      10.0000000        0.1608933
      11.0000000        0.1650916
      12.0000000        0.1700451
      13.0000000        0.1747722
      14.0000000        0.1775856
      15.0000000        0.1784231
      16.0000000        0.1784423
       1.0000000        0.0037255
       2.0000000        0.0275426
       3.0000000        0.0594718
       4.0000000        0.0868252
       5.0000000        0.1097903
       6.0000000        0.1280080
       7.0000000        0.1424339
       8.0000000        0.1538821
       9.0000000        0.1608482
      10.0000000        0.1636459
      11.0000000        0.1650758
      12.0000000        0.1665969
      13.0000000        0.1677713
      14.0000000        0.1676909
      15.0000000        0.1661741
      16.0000000        0.1652928
       1.0000000        0.0039333
       2.0000000        0.0296123
       3.0000000        0.0633209
       4.0000000        0.0899970
       5.0000000        0.1094481
       6.0000000        0.1220769
       7.0000000        0.1303770
       8.0000000        0.1376735
       9.0000000        0.1449226
      10.0000000        0.1513463
      11.0000000        0.1568165
      12.0000000        0.1604676
      13.0000000        0.1619702
      14.0000000        0.1627913
      15.0000000        0.1623736
      16.0000000        0.1616747
       1.0000000        0.0045207
       2.0000000        0.0342150
       3.0000000        0.0714323
       4.0000000        0.0977140
       5.0000000        0.1142969
       6.0000000        0.1217111
       7.0000000        0.1236749
       8.0000000        0.1260086
       9.0000000        0.1297877
      10.0000000        0.1348412
      11.0000000        0.1407704
      12.0000000        0.1470219
      13.0000000        0.1534772
      14.0000000        0.1573728
      15.0000000        0.1566846
      16.0000000        0.1551907
       1.0000000        0.0050142
       2.0000000        0.0370047
       3.0000000        0.0759853
       4.0000000        0.1012479
       5.0000000        0.1152490
       6.0000000        0.1200633
       7.0000000        0.1197510
       8.0000000        0.1201026
       9.0000000        0.1218259
      10.0000000        0.1228238
      11.0000000        0.1243713
      12.0000000        0.1269660
      13.0000000        0.1295756
      14.0000000        0.1316378
      15.0000000        0.1318457
      16.0000000        0.1313677
       1.0000000        0.0053698
       2.0000000        0.0381633
       3.0000000        0.0758809
       4.0000000        0.1000894
       5.0000000        0.1147979
       6.0000000        0.1215988
       7.0000000        0.1230775
       8.0000000        0.1234789
       9.0000000        0.1238716
      10.0000000        0.1242073
      11.0000000        0.1249830
      12.0000000        0.1249914
      13.0000000        0.1234297
      14.0000000        0.1225313
      15.0000000        0.1231790
      16.0000000        0.1239038
       1.0000000        0.0056098
       2.0000000        0.0376766
       3.0000000        0.0728389
       4.0000000        0.0980580
       5.0000000        0.1130073
       6.0000000        0.1193941
       7.0000000        0.1233956
       8.0000000        0.1264151
       9.0000000        0.1282344
      10.0000000        0.1296172
      11.0000000        0.1291691
      12.0000000        0.1285096
      13.0000000        0.1276657
      14.0000000        0.1262248
      15.0000000        0.1266002
      16.0000000        0.1275350
       1.0000000        0.0050604
       2.0000000        0.0346326
       3.0000000        0.0672306
       4.0000000        0.0896635
       5.0000000        0.1060006
       6.0000000        0.1164980
       7.0000000        0.1221101
       8.0000000        0.1236899
       9.0000000        0.1214036
      10.0000000        0.1167672
      11.0000000        0.1128065
      12.0000000        0.1113017
      13.0000000        0.1118408
      14.0000000        0.1135968
      15.0000000        0.1157167
      16.0000000        0.1167525
       1.0000000        0.0050981
       2.0000000        0.0362674
       3.0000000        0.0713094
       4.0000000        0.0950087
       5.0000000        0.1116025
       6.0000000        0.1205139
       7.0000000        0.1239736
       8.0000000        0.1246137
       9.0000000        0.1221342
      10.0000000        0.1174951
      11.0000000        0.1146355
      12.0000000        0.1147098
      13.0000000        0.1157026
      14.0000000        0.1168886
      15.0000000        0.1179001
      16.0000000        0.1181690
       1.0000000        0.0059714
       2.0000000        0.0407669
       3.0000000        0.0789765
       4.0000000        0.1020819
       5.0000000        0.1161386
       6.0000000        0.1257644
       7.0000000        0.1333729
       8.0000000        0.1389510
       9.0000000        0.1395360
      10.0000000        0.1358648
      11.0000000        0.1322173
      12.0000000        0.1296110
      13.0000000        0.1276134
      14.0000000        0.1267527
      15.0000000        0.1262593
      16.0000000        0.1259800
       1.0000000        0.0062234
       2.0000000        0.0412100
       3.0000000        0.0753844
       4.0000000        0.0972597
       5.0000000        0.1140282
       6.0000000        0.1277088
       7.0000000        0.1399817
       8.0000000        0.1518217
       9.0000000        0.1575935
      10.0000000        0.1557546
      11.0000000        0.1498786
      12.0000000        0.1426683
      13.0000000        0.1373356
      14.0000000        0.1340348
      15.0000000        0.1320437
      16.0000000        0.1313448
       1.0000000        0.0061734
       2.0000000        0.0396374
       3.0000000        0.0757184
       4.0000000        0.1026326
       5.0000000        0.1225349
       6.0000000        0.1372357
       7.0000000        0.1492827
       8.0000000        0.1603580
       9.0000000        0.1668018
      10.0000000        0.1657235
      11.0000000        0.1599440
      12.0000000        0.1542246
      13.0000000        0.1510318
      14.0000000        0.1510737
      15.0000000        0.1535882
      16.0000000        0.1551657
       1.0000000        0.0070785
       2.0000000        0.0464552
       3.0000000        0.0874750
       4.0000000        0.1172629
       5.0000000        0.1408829
       6.0000000        0.1557369
       7.0000000        0.1652291
       8.0000000        0.1744985
       9.0000000        0.1797217
      10.0000000        0.1779702
      11.0000000        0.1720951
      12.0000000        0.1659634
      13.0000000        0.1615727
      14.0000000        0.1597192
      15.0000000        0.1598087
      16.0000000        0.1605541
       1.0000000        0.0066267
       2.0000000        0.0467199
       3.0000000        0.0916189
       4.0000000        0.1208709
       5.0000000        0.1447308
       6.0000000        0.1665601
       7.0000000        0.1803120
       8.0000000        0.1869079
       9.0000000        0.1912751
      10.0000000        0.1902669
      11.0000000        0.1835215
      12.0000000        0.1764118
      13.0000000        0.1705917
      14.0000000        0.1658266
      15.0000000        0.1618096
      16.0000000        0.1598454
       1.0000000        0.0064030
       2.0000000        0.0459029
       3.0000000        0.0903128
       4.0000000        0.1195922
       5.0000000        0.1443672
       6.0000000        0.1682869
       7.0000000        0.1873738
       8.0000000        0.1994708
       9.0000000        0.2050143
      10.0000000        0.2029454
      11.0000000        0.1914990
      12.0000000        0.1773027
      13.0000000        0.1670247
      14.0000000        0.1609869
      15.0000000        0.1576992
      16.0000000        0.1565411
       1.0000000        0.0065246
       2.0000000        0.0466486
       3.0000000        0.0914911
       4.0000000        0.1246331
       5.0000000        0.1546256
       6.0000000        0.1802371
       7.0000000        0.1967651
       8.0000000        0.2053696
       9.0000000        0.2069269
      10.0000000        0.1989907
      11.0000000        0.1857261
      12.0000000        0.1728868
      13.0000000        0.1627373
      14.0000000        0.1559232
      15.0000000        0.1519041
      16.0000000        0.1506645
       1.0000000        0.0063351
       2.0000000        0.0466616
       3.0000000        0.0955257
       4.0000000        0.1327940
       5.0000000        0.1630702
       6.0000000        0.1843414
       7.0000000        0.1943389
       8.0000000        0.1963512
       9.0000000        0.1934819
      10.0000000        0.1878047
      11.0000000        0.1803468
      12.0000000        0.1731907
      13.0000000        0.1698903
      14.0000000        0.1703510
      15.0000000        0.1708683
      16.0000000        0.1708144
       1.0000000        0.0064512
       2.0000000        0.0471810
       3.0000000        0.0946136
       4.0000000        0.1294265
       5.0000000        0.1583827
       6.0000000        0.1786067
       7.0000000        0.1861908
       8.0000000        0.1847365
       9.0000000        0.1786641
      10.0000000        0.1708292
      11.0000000        0.1656154
      12.0000000        0.1660275
      13.0000000        0.1703989
      14.0000000        0.1754829
      15.0000000        0.1799709
      16.0000000        0.1819714
       1.0000000        0.0065051
       2.0000000        0.0453536
       3.0000000        0.0882795
       4.0000000        0.1207909
       5.0000000        0.1449580
       6.0000000        0.1572343
       7.0000000        0.1614740
       8.0000000        0.1614784
       9.0000000        0.1584879
      10.0000000        0.1553569
      11.0000000        0.1548506
      12.0000000        0.1559697
      13.0000000        0.1602846
      14.0000000        0.1664064
      15.0000000        0.1691066
      16.0000000        0.1689247
       1.0000000        0.0059637
       2.0000000        0.0432003
       3.0000000        0.0841432
       4.0000000        0.1085850
       5.0000000        0.1245719
       6.0000000        0.1352878
       7.0000000        0.1410872
       8.0000000        0.1431698
       9.0000000        0.1433266
      10.0000000        0.1436551
      11.0000000        0.1449425
      12.0000000        0.1473732
      13.0000000        0.1492001
      14.0000000        0.1500602
      15.0000000        0.1510471
      16.0000000        0.1516600
       1.0000000        0.0056371
       2.0000000        0.0417871
       3.0000000        0.0814400
       4.0000000        0.1048688
       5.0000000        0.1182432
       6.0000000        0.1258009
       7.0000000        0.1304353
       8.0000000        0.1337160
       9.0000000        0.1346368
      10.0000000        0.1369873
      11.0000000        0.1420845
      12.0000000        0.1438428
      13.0000000        0.1412735
      14.0000000        0.1396613
      15.0000000        0.1406984
      16.0000000        0.1415516
       1.0000000        0.0058791
       2.0000000        0.0422727
       3.0000000        0.0799945
       4.0000000        0.1023660
       5.0000000        0.1168276
       6.0000000        0.1254720
       7.0000000        0.1292508
       8.0000000        0.1318446
       9.0000000        0.1348617
      10.0000000        0.1372471
      11.0000000        0.1384947
      12.0000000        0.1375863
      13.0000000        0.1351091
      14.0000000        0.1320681
      15.0000000        0.1285337
      16.0000000        0.1266567
       1.0000000        0.0057766
       2.0000000        0.0413090
       3.0000000        0.0793507
       4.0000000        0.1019699
       5.0000000        0.1157307
       6.0000000        0.1236040
       7.0000000        0.1267780
       8.0000000        0.1282370
       9.0000000        0.1310004
      10.0000000        0.1333201
      11.0000000        0.1326978
      12.0000000        0.1301589
      13.0000000        0.1261705
      14.0000000        0.1225519
      15.0000000        0.1202157
      16.0000000        0.1193611
       1.0000000        0.0053267
       2.0000000        0.0389430
       3.0000000        0.0766038
       4.0000000        0.0991591
       5.0000000        0.1124403
       6.0000000        0.1213416
       7.0000000        0.1255587
       8.0000000        0.1269681
       9.0000000        0.1285567
      10.0000000        0.1280401
      11.0000000        0.1249013
      12.0000000        0.1210683
      13.0000000        0.1195342
      14.0000000        0.1201126
      15.0000000        0.1208391
      16.0000000        0.1210299
       1.0000000        0.0054160
       2.0000000        0.0383448
       3.0000000        0.0738131
       4.0000000        0.0966492
       5.0000000        0.1118635
       6.0000000        0.1205252
       7.0000000        0.1238966
       8.0000000        0.1241845
       9.0000000        0.1234687
      10.0000000        0.1216649
      11.0000000        0.1182734
      12.0000000        0.1142701
      13.0000000        0.1146428
      14.0000000        0.1179607
      15.0000000        0.1194105
      16.0000000        0.1189900
       1.0000000        0.0058337
       2.0000000        0.0403699
       3.0000000        0.0760248
       4.0000000        0.0977693
       5.0000000        0.1129820
       6.0000000        0.1226069
       7.0000000        0.1261776
       8.0000000        0.1236023
       9.0000000        0.1175700
      10.0000000        0.1146211
      11.0000000        0.1148754
      12.0000000        0.1145087
      13.0000000        0.1144243
      14.0000000        0.1174630
      15.0000000        0.1213752
      16.0000000        0.1230723
       1.0000000        0.0059436
       2.0000000        0.0412275
       3.0000000        0.0787417
       4.0000000        0.1024775
       5.0000000        0.1215358
       6.0000000        0.1343888
       7.0000000        0.1375568
       8.0000000        0.1343313
       9.0000000        0.1278180
      10.0000000        0.1211525
      11.0000000        0.1168849
      12.0000000        0.1156958
      13.0000000        0.1188944
      14.0000000        0.1241203
      15.0000000        0.1271306
      16.0000000        0.1278263
       1.0000000        0.0058179
       2.0000000        0.0417826
       3.0000000        0.0835869
       4.0000000        0.1130282
       5.0000000        0.1342132
       6.0000000        0.1441798
       7.0000000        0.1443280
       8.0000000        0.1406901
       9.0000000        0.1337305
      10.0000000        0.1271845
      11.0000000        0.1248952
      12.0000000        0.1253605
      13.0000000        0.1266564
      14.0000000        0.1272343
      15.0000000        0.1272390
      16.0000000        0.1271440
       1.0000000        0.0067828
       2.0000000        0.0458351
       3.0000000        0.0898680
       4.0000000        0.1216356
       5.0000000        0.1437331
       6.0000000        0.1559226
       7.0000000        0.1593381
       8.0000000        0.1559882
       9.0000000        0.1482067
      10.0000000        0.1419467
      11.0000000        0.1400112
      12.0000000        0.1392462
      13.0000000        0.1389037
      14.0000000        0.1416910
      15.0000000        0.1459521
      16.0000000        0.1475636
       1.0000000        0.0064828
       2.0000000        0.0441202
       3.0000000        0.0869940
       4.0000000        0.1183164
       5.0000000        0.1413334
       6.0000000        0.1554786
       7.0000000        0.1604876
       8.0000000        0.1570977
       9.0000000        0.1503946
      10.0000000        0.1464403
      11.0000000        0.1463175
      12.0000000        0.1470951
      13.0000000        0.1468005
      14.0000000        0.1479659
      15.0000000        0.1521986
      16.0000000        0.1546814
       1.0000000        0.0064839
       2.0000000        0.0433009
       3.0000000        0.0842079
       4.0000000        0.1119179
       5.0000000        0.1300988
       6.0000000        0.1401818
       7.0000000        0.1426638
       8.0000000        0.1433764
       9.0000000        0.1467694
      10.0000000        0.1508604
      11.0000000        0.1528721
      12.0000000        0.1510449
      13.0000000        0.1472354
      14.0000000        0.1442698
      15.0000000        0.1426345
      16.0000000        0.1423950
       1.0000000        0.0065542
       2.0000000        0.0433271
       3.0000000        0.0816785
       4.0000000        0.1067340
       5.0000000        0.1243917
       6.0000000        0.1344291
       7.0000000        0.1398142
       8.0000000        0.1450817
       9.0000000        0.1518715
      10.0000000        0.1575704
      11.0000000        0.1593213
      12.0000000        0.1593764
      13.0000000        0.1577336
      14.0000000        0.1535620
      15.0000000        0.1492784
      16.0000000        0.1478238
       1.0000000        0.0058267
       2.0000000        0.0381559
       3.0000000        0.0713843
       4.0000000        0.0957727
       5.0000000        0.1154952
       6.0000000        0.1293591
       7.0000000        0.1429888
       8.0000000        0.1558895
       9.0000000        0.1647523
      10.0000000        0.1701646
      11.0000000        0.1730050
      12.0000000        0.1731702
      13.0000000        0.1712657
      14.0000000        0.1682129
      15.0000000        0.1660235
      16.0000000        0.1653410
       1.0000000        0.0050714
       2.0000000        0.0356076
       3.0000000        0.0703796
       4.0000000        0.0959766
       5.0000000        0.1184087
       6.0000000        0.1392174
       7.0000000        0.1560381
       8.0000000        0.1674770
       9.0000000        0.1751734
      10.0000000        0.1797783
      11.0000000        0.1834038
      12.0000000        0.1853299
      13.0000000        0.1840582
      14.0000000        0.1830664
      15.0000000        0.1825759
      16.0000000        0.1817638
       1.0000000        0.0049121
       2.0000000        0.0364866
       3.0000000        0.0743859
       4.0000000        0.1005230
       5.0000000        0.1219650
       6.0000000        0.1453345
       7.0000000        0.1662850
       8.0000000        0.1807062
       9.0000000        0.1903377
      10.0000000        0.1952853
      11.0000000        0.1976579
      12.0000000        0.1992224
      13.0000000        0.1993646
      14.0000000        0.1993523
      15.0000000        0.1992048
      16.0000000        0.1989242
       1.0000000        0.0051004
       2.0000000        0.0371542
       3.0000000        0.0746989
       4.0000000        0.1016802
       5.0000000        0.1272915
       6.0000000        0.1541159
       7.0000000        0.1775363
       8.0000000        0.1944662
       9.0000000        0.2046261
      10.0000000        0.2079709
      11.0000000        0.2041687
      12.0000000        0.1965825
      13.0000000        0.1900648
      14.0000000        0.1881950
      15.0000000        0.1897608
      16.0000000        0.1908260
       1.0000000        0.0053781
       2.0000000        0.0397933
       3.0000000        0.0796900
       4.0000000        0.1093581
       5.0000000        0.1360811
       6.0000000        0.1602696
       7.0000000        0.1766611
       8.0000000        0.1840536
       9.0000000        0.1855491
      10.0000000        0.1833943
      11.0000000        0.1796525
      12.0000000        0.1775461
      13.0000000        0.1793990
      14.0000000        0.1830715
      15.0000000        0.1858474
      16.0000000        0.1870581
       1.0000000        0.0056042
       2.0000000        0.0410772
       3.0000000        0.0815506
       4.0000000        0.1119493
       5.0000000        0.1384764
       6.0000000        0.1572783
       7.0000000        0.1638710
       8.0000000        0.1653867
       9.0000000        0.1671711
      10.0000000        0.1687624
      11.0000000        0.1702900
      12.0000000        0.1732304
      13.0000000        0.1766297
      14.0000000        0.1792535
      15.0000000        0.1803972
      16.0000000        0.1807080
       1.0000000        0.0057476
       2.0000000        0.0418809
       3.0000000        0.0834311
       4.0000000        0.1123961
       5.0000000        0.1329298
       6.0000000        0.1471311
       7.0000000        0.1561273
       8.0000000        0.1616814
       9.0000000        0.1632338
      10.0000000        0.1636789
      11.0000000        0.1662345
      12.0000000        0.1688586
      13.0000000        0.1716406
      14.0000000        0.1736571
      15.0000000        0.1720314
      16.0000000        0.1700346
       1.0000000        0.0059163
       2.0000000        0.0438458
       3.0000000        0.0914497
       4.0000000        0.1233119
       5.0000000        0.1400059
       6.0000000        0.1501923
       7.0000000        0.1586297
       8.0000000        0.1646354
       9.0000000        0.1685100
      10.0000000        0.1725054
      11.0000000        0.1774386
      12.0000000        0.1819153
      13.0000000        0.1838011
      14.0000000        0.1852286
      15.0000000        0.1859960
      16.0000000        0.1859027
       1.0000000        0.0053608
       2.0000000        0.0411622
       3.0000000        0.0873471
       4.0000000        0.1169389
       5.0000000        0.1331076
       6.0000000        0.1425866
       7.0000000        0.1497963
       8.0000000        0.1592424
       9.0000000        0.1686000
      10.0000000        0.1747433
      11.0000000        0.1793853
      12.0000000        0.1834354
      13.0000000        0.1879568
      14.0000000        0.1927947
      15.0000000        0.1954984
      16.0000000        0.1960655
       1.0000000        0.0048209
       2.0000000        0.0352001
       3.0000000        0.0726065
       4.0000000        0.1006287
       5.0000000        0.1211940
       6.0000000        0.1388733
       7.0000000        0.1557357
       8.0000000        0.1701845
       9.0000000        0.1786848
      10.0000000        0.1809814
      11.0000000        0.1818426
      12.0000000        0.1852210
      13.0000000        0.1893419
      14.0000000        0.1929509
      15.0000000        0.1948910
      16.0000000        0.1946321
       1.0000000        0.0048656
       2.0000000        0.0344364
       3.0000000        0.0693489
       4.0000000        0.0947194
       5.0000000        0.1141717
       6.0000000        0.1322717
       7.0000000        0.1519206
       8.0000000        0.1727674
       9.0000000        0.1890362
      10.0000000        0.1983114
      11.0000000        0.2022793
      12.0000000        0.2041164
      13.0000000        0.2068705
      14.0000000        0.2119869
      15.0000000        0.2156296
      16.0000000        0.2165429
       1.0000000        0.0054592
       2.0000000        0.0401646
       3.0000000        0.0799251
       4.0000000        0.1051765
       5.0000000        0.1232301
       6.0000000        0.1390124
       7.0000000        0.1532838
       8.0000000        0.1658639
       9.0000000        0.1757632
      10.0000000        0.1843125
      11.0000000        0.1939816
      12.0000000        0.2030059
      13.0000000        0.2090220
      14.0000000        0.2122369
      15.0000000        0.2126694
      16.0000000        0.2121604
       1.0000000        0.0068151
       2.0000000        0.0477331
       3.0000000        0.0924756
       4.0000000        0.1184591
       5.0000000        0.1333570
       6.0000000        0.1465462
       7.0000000        0.1609929
       8.0000000        0.1761842
       9.0000000        0.1882845
      10.0000000        0.1958135
      11.0000000        0.1994929
      12.0000000        0.2005799
      13.0000000        0.2006550
      14.0000000        0.2015141
      15.0000000        0.2025278
      16.0000000        0.2025957
       1.0000000        0.0079314
       2.0000000        0.0524703
       3.0000000        0.0961063
       4.0000000        0.1200295
       5.0000000        0.1372125
       6.0000000        0.1531551
       7.0000000        0.1685176
       8.0000000        0.1844026
       9.0000000        0.1948980
      10.0000000        0.1977113
      11.0000000        0.1979116
      12.0000000        0.1977463
      13.0000000        0.1988704
      14.0000000        0.2020544
      15.0000000        0.2042581
      16.0000000        0.2045116
       1.0000000        0.0081188
       2.0000000        0.0535797
       3.0000000        0.0978249
       4.0000000        0.1230571
       5.0000000        0.1424521
       6.0000000        0.1643191
       7.0000000        0.1849726
       8.0000000        0.1976717
       9.0000000        0.2013105
      10.0000000        0.2002281
      11.0000000        0.1991801
      12.0000000        0.1985568
      13.0000000        0.1984434
      14.0000000        0.1995677
      15.0000000        0.2002515
      16.0000000        0.2002934
       1.0000000        0.0084469
       2.0000000        0.0538734
       3.0000000        0.0961140
       4.0000000        0.1247350
       5.0000000        0.1525194
       6.0000000        0.1798460
       7.0000000        0.1991567
       8.0000000        0.2066634
       9.0000000        0.2062757
      10.0000000        0.2038581
      11.0000000        0.2023983
      12.0000000        0.2018896
      13.0000000        0.2023449
      14.0000000        0.2021267
      15.0000000        0.2021785
      16.0000000        0.2024019
       1.0000000        0.0074113
       2.0000000        0.0487090
       3.0000000        0.0943317
       4.0000000        0.1259959
       5.0000000        0.1539084
       6.0000000        0.1799164
       7.0000000        0.1966666
       8.0000000        0.2036873
       9.0000000        0.2047374
      10.0000000        0.2037595
      11.0000000        0.2021992
      12.0000000        0.2011008
      13.0000000        0.2011470
      14.0000000        0.2011772
      15.0000000        0.2006557
      16.0000000        0.1999885
       1.0000000        0.0068097
       2.0000000        0.0495399
       3.0000000        0.1008403
       4.0000000        0.1402625
       5.0000000        0.1749183
       6.0000000        0.2013749
       7.0000000        0.2145029
       8.0000000        0.2170140
       9.0000000        0.2145190
      10.0000000        0.2128859
      11.0000000        0.2135513
      12.0000000        0.2144561
      13.0000000        0.2122436
      14.0000000        0.2092784
      15.0000000        0.2102744
      16.0000000        0.2117203
       1.0000000        0.0073673
       2.0000000        0.0547376
       3.0000000        0.1107358
       4.0000000        0.1506901
       5.0000000        0.1841898
       6.0000000        0.2104764
       7.0000000        0.2249214
       8.0000000        0.2293689
       9.0000000        0.2267276
      10.0000000        0.2218149
      11.0000000        0.2166100
      12.0000000        0.2099510
      13.0000000        0.2016231
      14.0000000        0.1951627
      15.0000000        0.1933879
      16.0000000        0.1940478
       1.0000000        0.0077850
       2.0000000        0.0570918
       3.0000000        0.1136800
       4.0000000        0.1509193
       5.0000000        0.1775855
       6.0000000        0.1995077
       7.0000000        0.2167080
       8.0000000        0.2260561
       9.0000000        0.2282349
      10.0000000        0.2245993
      11.0000000        0.2155779
      12.0000000        0.2031298
      13.0000000        0.1930815
      14.0000000        0.1901417
      15.0000000        0.1927701
      16.0000000        0.1948544
       1.0000000        0.0075185
       2.0000000        0.0551823
       3.0000000        0.1118884
       4.0000000        0.1489441
       5.0000000        0.1726854
       6.0000000        0.1898627
       7.0000000        0.2020768
       8.0000000        0.2112038
       9.0000000        0.2154391
      10.0000000        0.2138308
      11.0000000        0.2064097
      12.0000000        0.1955668
      13.0000000        0.1874409
      14.0000000        0.1844530
      15.0000000        0.1852451
      16.0000000        0.1866091
       1.0000000        0.0066730
       2.0000000        0.0494605
       3.0000000        0.1015375
       4.0000000        0.1357128
       5.0000000        0.1561437
       6.0000000        0.1694025
       7.0000000        0.1796496
       8.0000000        0.1880049
       9.0000000        0.1906654
      10.0000000        0.1890384
      11.0000000        0.1852410
      12.0000000        0.1799555
      13.0000000        0.1738051
      14.0000000        0.1666636
      15.0000000        0.1590457
      16.0000000        0.1554594
       1.0000000        0.0066858
       2.0000000        0.0469395
       3.0000000        0.0903649
       4.0000000        0.1180273
       5.0000000        0.1353250
       6.0000000        0.1461384
       7.0000000        0.1557860
       8.0000000        0.1639846
       9.0000000        0.1661271
      10.0000000        0.1633287
      11.0000000        0.1574573
      12.0000000        0.1504787
      13.0000000        0.1447833
      14.0000000        0.1415876
      15.0000000        0.1395119
      16.0000000        0.1388872
       1.0000000        0.0067391
       2.0000000        0.0432559
       3.0000000        0.0757944
       4.0000000        0.0955011
       5.0000000        0.1151183
       6.0000000        0.1329602
       7.0000000        0.1436358
       8.0000000        0.1504356
       9.0000000        0.1544259
      10.0000000        0.1543982
      11.0000000        0.1534232
      12.0000000        0.1509557
      13.0000000        0.1463678
      14.0000000        0.1423260
      15.0000000        0.1391497
      16.0000000        0.1376620
       1.0000000        0.0061836
       2.0000000        0.0381670
       3.0000000        0.0676710
       4.0000000        0.0894137
       5.0000000        0.1118616
       6.0000000        0.1280790
       7.0000000        0.1362166
       8.0000000        0.1428428
       9.0000000        0.1468732
      10.0000000        0.1467877
      11.0000000        0.1452037
      12.0000000        0.1426471
      13.0000000        0.1395000
      14.0000000        0.1390176
      15.0000000        0.1408450
      16.0000000        0.1418180
       1.0000000        0.0063183
       2.0000000        0.0386253
       3.0000000        0.0692119
       4.0000000        0.0908575
       5.0000000        0.1086807
       6.0000000        0.1219477
       7.0000000        0.1311124
       8.0000000        0.1379225
       9.0000000        0.1432887
      10.0000000        0.1474645
      11.0000000        0.1504328
      12.0000000        0.1513931
      13.0000000        0.1489761
      14.0000000        0.1442459
      15.0000000        0.1403123
      16.0000000        0.1388164
       1.0000000        0.0066794
       2.0000000        0.0422731
       3.0000000        0.0751734
       4.0000000        0.0980699
       5.0000000        0.1171401
       6.0000000        0.1300424
       7.0000000        0.1357855
       8.0000000        0.1420189
       9.0000000        0.1526116
      10.0000000        0.1630435
      11.0000000        0.1686323
      12.0000000        0.1684836
      13.0000000        0.1612654
      14.0000000        0.1517427
      15.0000000        0.1442542
      16.0000000        0.1407000
       1.0000000        0.0068198
       2.0000000        0.0448691
       3.0000000        0.0824179
       4.0000000        0.1071444
       5.0000000        0.1264309
       6.0000000        0.1402746
       7.0000000        0.1501896
       8.0000000        0.1579785
       9.0000000        0.1622587
      10.0000000        0.1627076
      11.0000000        0.1611527
      12.0000000        0.1554821
      13.0000000        0.1455667
      14.0000000        0.1347816
      15.0000000        0.1267336
      16.0000000        0.1234095
       1.0000000        0.0059269
       2.0000000        0.0427458
       3.0000000        0.0822697
       4.0000000        0.1079921
       5.0000000        0.1285040
       6.0000000        0.1464463
       7.0000000        0.1563676
       8.0000000        0.1596914
       9.0000000        0.1605405
      10.0000000        0.1572845
      11.0000000        0.1502056
      12.0000000        0.1410365
      13.0000000        0.1318531
      14.0000000        0.1237202
      15.0000000        0.1163335
      16.0000000        0.1127279
       1.0000000        0.0057789
       2.0000000        0.0400539
       3.0000000        0.0761679
       4.0000000        0.1004746
       5.0000000        0.1180124
       6.0000000        0.1302024
       7.0000000        0.1375061
       8.0000000        0.1416140
       9.0000000        0.1445583
      10.0000000        0.1456397
      11.0000000        0.1422624
      12.0000000        0.1322900
      13.0000000        0.1203281
      14.0000000        0.1115829
      15.0000000        0.1057567
      16.0000000        0.1033254
       1.0000000        0.0055635
       2.0000000        0.0370439
       3.0000000        0.0696331
       4.0000000        0.0910552
       5.0000000        0.1049945
       6.0000000        0.1160581
       7.0000000        0.1254755
       8.0000000        0.1318429
       9.0000000        0.1349002
      10.0000000        0.1365135
      11.0000000        0.1354026
      12.0000000        0.1297439
      13.0000000        0.1210138
      14.0000000        0.1141133
      15.0000000        0.1113544
      16.0000000        0.1107483
       1.0000000        0.0055817
       2.0000000        0.0366181
       3.0000000        0.0688796
       4.0000000        0.0926108
       5.0000000        0.1100371
       6.0000000        0.1217670
       7.0000000        0.1299710
       8.0000000        0.1345681
       9.0000000        0.1364234
      10.0000000        0.1375388
      11.0000000        0.1368595
      12.0000000        0.1340137
      13.0000000        0.1311712
      14.0000000        0.1280841
      15.0000000        0.1246397
      16.0000000        0.1231243
       1.0000000        0.0055405
       2.0000000        0.0377878
       3.0000000        0.0739671
       4.0000000        0.1012427
       5.0000000        0.1198067
       6.0000000        0.1308656
       7.0000000        0.1368855
       8.0000000        0.1400342
       9.0000000        0.1420073
      10.0000000        0.1431272
      11.0000000        0.1416122
      12.0000000        0.1374454
      13.0000000        0.1341117
      14.0000000        0.1349752
      15.0000000        0.1394155
      16.0000000        0.1419431
       1.0000000        0.0058107
       2.0000000        0.0402035
       3.0000000        0.0792250
       4.0000000        0.1064982
       5.0000000        0.1241678
       6.0000000        0.1361128
       7.0000000        0.1435228
       8.0000000        0.1483268
       9.0000000        0.1538478
      10.0000000        0.1562217
      11.0000000        0.1544901
      12.0000000        0.1518559
      13.0000000        0.1517523
      14.0000000        0.1554603
      15.0000000        0.1590987
      16.0000000        0.1601923
       1.0000000        0.0050326
       2.0000000        0.0357226
       3.0000000        0.0712291
       4.0000000        0.0962590
       5.0000000        0.1152982
       6.0000000        0.1311228
       7.0000000        0.1422710
       8.0000000        0.1497357
       9.0000000        0.1537527
      10.0000000        0.1543697
      11.0000000        0.1546714
      12.0000000        0.1565196
      13.0000000        0.1594436
      14.0000000        0.1635949
      15.0000000        0.1687143
      16.0000000        0.1710763
       1.0000000        0.0043330
       2.0000000        0.0319435
       3.0000000        0.0641825
       4.0000000        0.0853501
       5.0000000        0.1026421
       6.0000000        0.1204086
       7.0000000        0.1361349
       8.0000000        0.1493534
       9.0000000        0.1588272
      10.0000000        0.1628238
      11.0000000        0.1620729
      12.0000000        0.1602337
      13.0000000        0.1611340
      14.0000000        0.1648861
      15.0000000        0.1689204
      16.0000000        0.1705388
       1.0000000        0.0044306
       2.0000000        0.0327650
       3.0000000        0.0652890
       4.0000000        0.0869253
       5.0000000        0.1054841
       6.0000000        0.1243466
       7.0000000        0.1412876
       8.0000000        0.1538565
       9.0000000        0.1604353
      10.0000000        0.1621874
      11.0000000        0.1618019
      12.0000000        0.1614080
      13.0000000        0.1612538
      14.0000000        0.1623208
      15.0000000        0.1635608
      16.0000000        0.1637137
