       1.0000000        0.0452656
       2.0000000        0.1254578
       3.0000000        0.1794306
       4.0000000        0.2068349
       5.0000000        0.2235329
       6.0000000        0.2361482
       7.0000000        0.2464718
       8.0000000        0.2541114
       9.0000000        0.2592024
      10.0000000        0.2643321
      11.0000000        0.2696224
      12.0000000        0.2727302
      13.0000000        0.2735485
      14.0000000        0.2736169
      15.0000000        0.2729594
      16.0000000        0.2723013
       1.0000000        0.0456092
       2.0000000        0.1266647
       3.0000000        0.1799143
       4.0000000        0.2037354
       5.0000000        0.2155571
       6.0000000        0.2235148
       7.0000000        0.2314942
       8.0000000        0.2405477
       9.0000000        0.2485869
      10.0000000        0.2559722
      11.0000000        0.2635301
      12.0000000        0.2680083
      13.0000000        0.2675357
      14.0000000        0.2649690
      15.0000000        0.2630976
      16.0000000        0.2624611
       1.0000000        0.0463170
       2.0000000        0.1273316
       3.0000000        0.1781272
       4.0000000        0.1987679
       5.0000000        0.2090414
       6.0000000        0.2173188
       7.0000000        0.2256605
       8.0000000        0.2342375
       9.0000000        0.2415636
      10.0000000        0.2475173
      11.0000000        0.2519934
      12.0000000        0.2538119
      13.0000000        0.2536158
      14.0000000        0.2531310
      15.0000000        0.2524379
      16.0000000        0.2519488
       1.0000000        0.0453346
       2.0000000        0.1230474
       3.0000000        0.1714942
       4.0000000        0.1947616
       5.0000000        0.2099704
       6.0000000        0.2213006
       7.0000000        0.2307118
       8.0000000        0.2391277
       9.0000000        0.2445218
      10.0000000        0.2458813
      11.0000000        0.2446494
      12.0000000        0.2435083
      13.0000000        0.2440498
      14.0000000        0.2451113
      15.0000000        0.2456809
      16.0000000        0.2458375
       1.0000000        0.0437106
       2.0000000        0.1195887
       3.0000000        0.1686120
       4.0000000        0.1936001
       5.0000000        0.2112876
       6.0000000        0.2255053
       7.0000000        0.2354164
       8.0000000        0.2416070
       9.0000000        0.2437258
      10.0000000        0.2423974
      11.0000000        0.2400462
      12.0000000        0.2383749
      13.0000000        0.2375010
      14.0000000        0.2370782
      15.0000000        0.2371840
      16.0000000        0.2374042
       1.0000000        0.0413999
       2.0000000        0.1144088
       3.0000000        0.1634407
       4.0000000        0.1895375
       5.0000000        0.2071970
       6.0000000        0.2205190
       7.0000000        0.2300604
       8.0000000        0.2364534
       9.0000000        0.2391352
      10.0000000        0.2383446
      11.0000000        0.2360530
      12.0000000        0.2337108
      13.0000000        0.2324243
      14.0000000        0.2324847
      15.0000000        0.2331389
      16.0000000        0.2334938
       1.0000000        0.0391309
       2.0000000        0.1093743
       3.0000000        0.1591852
       4.0000000        0.1888241
       5.0000000        0.2091995
       6.0000000        0.2223687
       7.0000000        0.2308607
       8.0000000        0.2371360
       9.0000000        0.2404589
      10.0000000        0.2403247
      11.0000000        0.2387400
      12.0000000        0.2376249
      13.0000000        0.2362470
      14.0000000        0.2331979
      15.0000000        0.2292747
      16.0000000        0.2273405
       1.0000000        0.0378434
       2.0000000        0.1066096
       3.0000000        0.1585820
       4.0000000        0.1926935
       5.0000000        0.2162116
       6.0000000        0.2302016
       7.0000000        0.2378396
       8.0000000        0.2421107
       9.0000000        0.2432087
      10.0000000        0.2428133
      11.0000000        0.2419398
      12.0000000        0.2395080
      13.0000000        0.2359738
      14.0000000        0.2331626
      15.0000000        0.2318220
      16.0000000        0.2314040
       1.0000000        0.0378704
       2.0000000        0.1071955
       3.0000000        0.1613674
       4.0000000        0.1977328
       5.0000000        0.2212323
       6.0000000        0.2339788
       7.0000000        0.2402631
       8.0000000        0.2445955
       9.0000000        0.2472895
      10.0000000        0.2474316
      11.0000000        0.2449774
      12.0000000        0.2405178
      13.0000000        0.2366679
      14.0000000        0.2348284
      15.0000000        0.2343626
      16.0000000        0.2343504
       1.0000000        0.0395572
       2.0000000        0.1127200
       3.0000000        0.1693370
       4.0000000        0.2051016
       5.0000000        0.2279647
       6.0000000        0.2419470
       7.0000000        0.2492410
       8.0000000        0.2522468
       9.0000000        0.2524083
      10.0000000        0.2513784
      11.0000000        0.2501830
      12.0000000        0.2481292
      13.0000000        0.2451302
      14.0000000        0.2416653
      15.0000000        0.2385406
      16.0000000        0.2372836
       1.0000000        0.0409393
       2.0000000        0.1161717
       3.0000000        0.1728848
       4.0000000        0.2076605
       5.0000000        0.2303236
       6.0000000        0.2450228
       7.0000000        0.2533849
       8.0000000        0.2570015
       9.0000000        0.2568333
      10.0000000        0.2543637
      11.0000000        0.2511882
      12.0000000        0.2476431
      13.0000000        0.2434493
      14.0000000        0.2393456
      15.0000000        0.2365244
      16.0000000        0.2355830
       1.0000000        0.0416661
       2.0000000        0.1175094
       3.0000000        0.1737523
       4.0000000        0.2077432
       5.0000000        0.2290506
       6.0000000        0.2417445
       7.0000000        0.2487961
       8.0000000        0.2524000
       9.0000000        0.2521477
      10.0000000        0.2481871
      11.0000000        0.2428401
      12.0000000        0.2375767
      13.0000000        0.2323595
      14.0000000        0.2282428
      15.0000000        0.2254274
      16.0000000        0.2242196
       1.0000000        0.0419893
       2.0000000        0.1180753
       3.0000000        0.1723583
       4.0000000        0.2015442
       5.0000000        0.2181759
       6.0000000        0.2285974
       7.0000000        0.2347614
       8.0000000        0.2370683
       9.0000000        0.2358381
      10.0000000        0.2334936
      11.0000000        0.2308969
      12.0000000        0.2266358
      13.0000000        0.2215982
      14.0000000        0.2170552
      15.0000000        0.2129668
      16.0000000        0.2111214
       1.0000000        0.0416804
       2.0000000        0.1155141
       3.0000000        0.1653593
       4.0000000        0.1906319
       5.0000000        0.2050941
       6.0000000        0.2134002
       7.0000000        0.2177078
       8.0000000        0.2202550
       9.0000000        0.2209542
      10.0000000        0.2205374
      11.0000000        0.2194366
      12.0000000        0.2158853
      13.0000000        0.2098628
      14.0000000        0.2045696
      15.0000000        0.2018974
      16.0000000        0.2011708
       1.0000000        0.0408320
       2.0000000        0.1122763
       3.0000000        0.1604613
       4.0000000        0.1858163
       5.0000000        0.1998346
       6.0000000        0.2062280
       7.0000000        0.2092245
       8.0000000        0.2121672
       9.0000000        0.2145905
      10.0000000        0.2160940
      11.0000000        0.2158761
      12.0000000        0.2122372
      13.0000000        0.2067662
      14.0000000        0.2025784
      15.0000000        0.2007588
      16.0000000        0.2004376
       1.0000000        0.0394973
       2.0000000        0.1102629
       3.0000000        0.1595800
       4.0000000        0.1862755
       5.0000000        0.2020994
       6.0000000        0.2100815
       7.0000000        0.2127713
       8.0000000        0.2149794
       9.0000000        0.2176079
      10.0000000        0.2183909
      11.0000000        0.2166888
      12.0000000        0.2136028
      13.0000000        0.2098161
      14.0000000        0.2056408
      15.0000000        0.2022926
      16.0000000        0.2010839
       1.0000000        0.0405407
       2.0000000        0.1139587
       3.0000000        0.1663822
       4.0000000        0.1955304
       5.0000000        0.2124564
       6.0000000        0.2204023
       7.0000000        0.2223819
       8.0000000        0.2230859
       9.0000000        0.2244244
      10.0000000        0.2262011
      11.0000000        0.2272333
      12.0000000        0.2259771
      13.0000000        0.2228882
      14.0000000        0.2191436
      15.0000000        0.2154973
      16.0000000        0.2137938
       1.0000000        0.0425111
       2.0000000        0.1178957
       3.0000000        0.1705278
       4.0000000        0.1998348
       5.0000000        0.2160177
       6.0000000        0.2231572
       7.0000000        0.2265979
       8.0000000        0.2300073
       9.0000000        0.2320161
      10.0000000        0.2326567
      11.0000000        0.2329549
      12.0000000        0.2321151
      13.0000000        0.2293207
      14.0000000        0.2253440
      15.0000000        0.2217711
      16.0000000        0.2202135
       1.0000000        0.0430843
       2.0000000        0.1193017
       3.0000000        0.1732781
       4.0000000        0.2044773
       5.0000000        0.2229785
       6.0000000        0.2320995
       7.0000000        0.2360984
       8.0000000        0.2378949
       9.0000000        0.2369413
      10.0000000        0.2347998
      11.0000000        0.2345266
      12.0000000        0.2348938
      13.0000000        0.2329501
      14.0000000        0.2293701
      15.0000000        0.2266302
      16.0000000        0.2256986
       1.0000000        0.0420439
       2.0000000        0.1182398
       3.0000000        0.1735188
       4.0000000        0.2047805
       5.0000000        0.2229537
       6.0000000        0.2332235
       7.0000000        0.2388472
       8.0000000        0.2417727
       9.0000000        0.2415004
      10.0000000        0.2391651
      11.0000000        0.2370420
      12.0000000        0.2355093
      13.0000000        0.2342240
      14.0000000        0.2333874
      15.0000000        0.2332487
      16.0000000        0.2332612
       1.0000000        0.0399690
       2.0000000        0.1134244
       3.0000000        0.1673933
       4.0000000        0.1976552
       5.0000000        0.2162274
       6.0000000        0.2297427
       7.0000000        0.2397284
       8.0000000        0.2450594
       9.0000000        0.2445383
      10.0000000        0.2404471
      11.0000000        0.2372076
      12.0000000        0.2359545
      13.0000000        0.2348804
      14.0000000        0.2327828
      15.0000000        0.2303788
      16.0000000        0.2293122
       1.0000000        0.0392487
       2.0000000        0.1108022
       3.0000000        0.1635180
       4.0000000        0.1947177
       5.0000000        0.2158020
       6.0000000        0.2317872
       7.0000000        0.2431501
       8.0000000        0.2485947
       9.0000000        0.2476242
      10.0000000        0.2430680
      11.0000000        0.2385597
      12.0000000        0.2347974
      13.0000000        0.2314775
      14.0000000        0.2289943
      15.0000000        0.2275595
      16.0000000        0.2271464
       1.0000000        0.0391603
       2.0000000        0.1091487
       3.0000000        0.1574720
       4.0000000        0.1847234
       5.0000000        0.2046165
       6.0000000        0.2202554
       7.0000000        0.2316461
       8.0000000        0.2389353
       9.0000000        0.2413105
      10.0000000        0.2392601
      11.0000000        0.2345245
      12.0000000        0.2295581
      13.0000000        0.2267743
      14.0000000        0.2255459
      15.0000000        0.2242741
      16.0000000        0.2235473
       1.0000000        0.0382004
       2.0000000        0.1040874
       3.0000000        0.1472771
       4.0000000        0.1709980
       5.0000000        0.1887469
       6.0000000        0.2033577
       7.0000000        0.2151935
       8.0000000        0.2237662
       9.0000000        0.2271349
      10.0000000        0.2272755
      11.0000000        0.2275137
      12.0000000        0.2275970
      13.0000000        0.2268135
      14.0000000        0.2255686
      15.0000000        0.2245279
      16.0000000        0.2241279
       1.0000000        0.0384735
       2.0000000        0.1044945
       3.0000000        0.1470275
       4.0000000        0.1696271
       5.0000000        0.1862375
       6.0000000        0.2004019
       7.0000000        0.2122583
       8.0000000        0.2203920
       9.0000000        0.2235925
      10.0000000        0.2249508
      11.0000000        0.2272566
      12.0000000        0.2293963
      13.0000000        0.2305278
      14.0000000        0.2311594
      15.0000000        0.2314169
      16.0000000        0.2314341
       1.0000000        0.0391188
       2.0000000        0.1065951
       3.0000000        0.1500830
       4.0000000        0.1732835
       5.0000000        0.1910254
       6.0000000        0.2064394
       7.0000000        0.2184100
       8.0000000        0.2265239
       9.0000000        0.2309804
      10.0000000        0.2339336
      11.0000000        0.2372985
      12.0000000        0.2404166
      13.0000000        0.2429899
      14.0000000        0.2456867
      15.0000000        0.2483546
      16.0000000        0.2495122
       1.0000000        0.0388992
       2.0000000        0.1080669
       3.0000000        0.1557542
       4.0000000        0.1825982
       5.0000000        0.2013441
       6.0000000        0.2154336
       7.0000000        0.2256152
       8.0000000        0.2335268
       9.0000000        0.2400017
      10.0000000        0.2456726
      11.0000000        0.2513996
      12.0000000        0.2572407
      13.0000000        0.2625315
      14.0000000        0.2663774
      15.0000000        0.2679153
      16.0000000        0.2680029
       1.0000000        0.0387991
       2.0000000        0.1079629
       3.0000000        0.1566562
       4.0000000        0.1849060
       5.0000000        0.2045840
       6.0000000        0.2194359
       7.0000000        0.2301309
       8.0000000        0.2382293
       9.0000000        0.2450230
      10.0000000        0.2521763
      11.0000000        0.2604827
      12.0000000        0.2693851
      13.0000000        0.2776226
      14.0000000        0.2837923
      15.0000000        0.2869171
      16.0000000        0.2876091
       1.0000000        0.0384083
       2.0000000        0.1076743
       3.0000000        0.1582155
       4.0000000        0.1897315
       5.0000000        0.2124036
       6.0000000        0.2284476
       7.0000000        0.2385971
       8.0000000        0.2451928
       9.0000000        0.2503282
      10.0000000        0.2562761
      11.0000000        0.2649022
      12.0000000        0.2752706
      13.0000000        0.2853965
      14.0000000        0.2939814
      15.0000000        0.2995726
      16.0000000        0.3014234
       1.0000000        0.0404191
       2.0000000        0.1137085
       3.0000000        0.1680388
       4.0000000        0.2014622
       5.0000000        0.2238609
       6.0000000        0.2384891
       7.0000000        0.2474758
       8.0000000        0.2538953
       9.0000000        0.2595744
      10.0000000        0.2654006
      11.0000000        0.2728814
      12.0000000        0.2828213
      13.0000000        0.2938118
      14.0000000        0.3035760
      15.0000000        0.3098130
      16.0000000        0.3117714
       1.0000000        0.0421630
       2.0000000        0.1180905
       3.0000000        0.1732040
       4.0000000        0.2051605
       5.0000000        0.2243721
       6.0000000        0.2360255
       7.0000000        0.2426972
       8.0000000        0.2481364
       9.0000000        0.2547611
      10.0000000        0.2623342
      11.0000000        0.2712592
      12.0000000        0.2814907
      13.0000000        0.2905900
      14.0000000        0.2965462
      15.0000000        0.2988947
      16.0000000        0.2991327
       1.0000000        0.0409809
       2.0000000        0.1139978
       3.0000000        0.1670015
       4.0000000        0.1982927
       5.0000000        0.2168328
       6.0000000        0.2282639
       7.0000000        0.2368596
       8.0000000        0.2452546
       9.0000000        0.2535214
      10.0000000        0.2603160
      11.0000000        0.2662300
      12.0000000        0.2732163
      13.0000000        0.2799714
      14.0000000        0.2835415
      15.0000000        0.2845279
      16.0000000        0.2848102
       1.0000000        0.0390761
       2.0000000        0.1091048
       3.0000000        0.1602027
       4.0000000        0.1911712
       5.0000000        0.2113167
       6.0000000        0.2242413
       7.0000000        0.2337495
       8.0000000        0.2430302
       9.0000000        0.2509196
      10.0000000        0.2547834
      11.0000000        0.2562476
      12.0000000        0.2593101
      13.0000000        0.2638124
      14.0000000        0.2682906
      15.0000000        0.2724396
      16.0000000        0.2743436
       1.0000000        0.0386473
       2.0000000        0.1078137
       3.0000000        0.1577899
       4.0000000        0.1883729
       5.0000000        0.2098064
       6.0000000        0.2247159
       7.0000000        0.2356387
       8.0000000        0.2448273
       9.0000000        0.2505490
      10.0000000        0.2514328
      11.0000000        0.2500251
      12.0000000        0.2500963
      13.0000000        0.2533053
      14.0000000        0.2585869
      15.0000000        0.2628958
      16.0000000        0.2643723
       1.0000000        0.0391480
       2.0000000        0.1088229
       3.0000000        0.1588091
       4.0000000        0.1890250
       5.0000000        0.2101825
       6.0000000        0.2265856
       7.0000000        0.2392503
       8.0000000        0.2474029
       9.0000000        0.2506340
      10.0000000        0.2508336
      11.0000000        0.2506321
      12.0000000        0.2514207
      13.0000000        0.2550291
      14.0000000        0.2618035
      15.0000000        0.2681740
      16.0000000        0.2706184
       1.0000000        0.0385146
       2.0000000        0.1075347
       3.0000000        0.1570426
       4.0000000        0.1870444
       5.0000000        0.2084495
       6.0000000        0.2245448
       7.0000000        0.2362483
       8.0000000        0.2441010
       9.0000000        0.2491614
      10.0000000        0.2533185
      11.0000000        0.2574182
      12.0000000        0.2609790
      13.0000000        0.2650610
      14.0000000        0.2707382
      15.0000000        0.2762327
      16.0000000        0.2785221
       1.0000000        0.0372593
       2.0000000        0.1052643
       3.0000000        0.1550110
       4.0000000        0.1848626
       5.0000000        0.2049784
       6.0000000        0.2191450
       7.0000000        0.2295531
       8.0000000        0.2376329
       9.0000000        0.2441509
      10.0000000        0.2509298
      11.0000000        0.2590657
      12.0000000        0.2669209
      13.0000000        0.2718276
      14.0000000        0.2738873
      15.0000000        0.2751237
      16.0000000        0.2757181
       1.0000000        0.0370475
       2.0000000        0.1048035
       3.0000000        0.1537671
       4.0000000        0.1818638
       5.0000000        0.2007783
       6.0000000        0.2144471
       7.0000000        0.2244975
       8.0000000        0.2336039
       9.0000000        0.2416670
      10.0000000        0.2480180
      11.0000000        0.2542332
      12.0000000        0.2611815
      13.0000000        0.2670506
      14.0000000        0.2699957
      15.0000000        0.2704537
      16.0000000        0.2703017
       1.0000000        0.0381847
       2.0000000        0.1072640
       3.0000000        0.1565204
       4.0000000        0.1841273
       5.0000000        0.2018216
       6.0000000        0.2138340
       7.0000000        0.2220649
       8.0000000        0.2304520
       9.0000000        0.2402539
      10.0000000        0.2491173
      11.0000000        0.2555915
      12.0000000        0.2602647
      13.0000000        0.2636696
      14.0000000        0.2651334
      15.0000000        0.2643181
      16.0000000        0.2634121
       1.0000000        0.0394863
       2.0000000        0.1110267
       3.0000000        0.1618176
       4.0000000        0.1899212
       5.0000000        0.2069729
       6.0000000        0.2176094
       7.0000000        0.2246257
       8.0000000        0.2322381
       9.0000000        0.2417574
      10.0000000        0.2501318
      11.0000000        0.2560218
      12.0000000        0.2602493
      13.0000000        0.2622000
      14.0000000        0.2620051
      15.0000000        0.2613674
      16.0000000        0.2611492
       1.0000000        0.0387859
       2.0000000        0.1090662
       3.0000000        0.1591161
       4.0000000        0.1864036
       5.0000000        0.2018056
       6.0000000        0.2113822
       7.0000000        0.2195702
       8.0000000        0.2282180
       9.0000000        0.2365724
      10.0000000        0.2453071
      11.0000000        0.2539506
      12.0000000        0.2584145
      13.0000000        0.2572854
      14.0000000        0.2544449
      15.0000000        0.2529188
      16.0000000        0.2525167
       1.0000000        0.0368080
       2.0000000        0.1041839
       3.0000000        0.1531483
       4.0000000        0.1797121
       5.0000000        0.1942632
       6.0000000        0.2039698
       7.0000000        0.2127272
       8.0000000        0.2216773
       9.0000000        0.2301683
      10.0000000        0.2376711
      11.0000000        0.2436013
      12.0000000        0.2469660
      13.0000000        0.2471657
      14.0000000        0.2448291
      15.0000000        0.2420298
      16.0000000        0.2408529
       1.0000000        0.0357014
       2.0000000        0.1007963
       3.0000000        0.1489048
       4.0000000        0.1768296
       5.0000000        0.1933433
       6.0000000        0.2039387
       7.0000000        0.2123271
       8.0000000        0.2204684
       9.0000000        0.2278986
      10.0000000        0.2338552
      11.0000000        0.2387532
      12.0000000        0.2431966
      13.0000000        0.2473894
      14.0000000        0.2510422
      15.0000000        0.2534798
      16.0000000        0.2543648
       1.0000000        0.0353584
       2.0000000        0.1004257
       3.0000000        0.1501876
       4.0000000        0.1801145
       5.0000000        0.1976257
       6.0000000        0.2086879
       7.0000000        0.2176660
       8.0000000        0.2257854
       9.0000000        0.2318006
      10.0000000        0.2368893
      11.0000000        0.2431441
      12.0000000        0.2501581
      13.0000000        0.2564813
      14.0000000        0.2615490
      15.0000000        0.2650935
      16.0000000        0.2664379
       1.0000000        0.0360057
       2.0000000        0.1025354
       3.0000000        0.1527181
       4.0000000        0.1824082
       5.0000000        0.2010599
       6.0000000        0.2141625
       7.0000000        0.2238906
       8.0000000        0.2317632
       9.0000000        0.2388899
      10.0000000        0.2455922
      11.0000000        0.2514818
      12.0000000        0.2567357
      13.0000000        0.2613971
      14.0000000        0.2650357
      15.0000000        0.2670952
      16.0000000        0.2676765
       1.0000000        0.0367790
       2.0000000        0.1035800
       3.0000000        0.1508735
       4.0000000        0.1775573
       5.0000000        0.1967561
       6.0000000        0.2126075
       7.0000000        0.2247574
       8.0000000        0.2335452
       9.0000000        0.2402779
      10.0000000        0.2467359
      11.0000000        0.2530593
      12.0000000        0.2581370
      13.0000000        0.2615666
      14.0000000        0.2633981
      15.0000000        0.2638419
      16.0000000        0.2638055
       1.0000000        0.0365777
       2.0000000        0.1010881
       3.0000000        0.1456198
       4.0000000        0.1722600
       5.0000000        0.1927821
       6.0000000        0.2089380
       7.0000000        0.2200949
       8.0000000        0.2277154
       9.0000000        0.2341820
      10.0000000        0.2403738
      11.0000000        0.2455706
      12.0000000        0.2498785
      13.0000000        0.2544897
      14.0000000        0.2589103
      15.0000000        0.2612379
      16.0000000        0.2617329
       1.0000000        0.0356163
       2.0000000        0.0982114
       3.0000000        0.1420773
       4.0000000        0.1698839
       5.0000000        0.1908713
       6.0000000        0.2047662
       7.0000000        0.2126103
       8.0000000        0.2195363
       9.0000000        0.2279916
      10.0000000        0.2356558
      11.0000000        0.2417744
      12.0000000        0.2476430
      13.0000000        0.2530786
      14.0000000        0.2571703
      15.0000000        0.2594522
      16.0000000        0.2600879
       1.0000000        0.0362409
       2.0000000        0.0994133
       3.0000000        0.1437326
       4.0000000        0.1705696
       5.0000000        0.1884486
       6.0000000        0.1996771
       7.0000000        0.2071171
       8.0000000        0.2141101
       9.0000000        0.2218265
      10.0000000        0.2304321
      11.0000000        0.2398885
      12.0000000        0.2487576
      13.0000000        0.2554506
      14.0000000        0.2593110
      15.0000000        0.2609350
      16.0000000        0.2613312
       1.0000000        0.0365197
       2.0000000        0.1017930
       3.0000000        0.1479408
       4.0000000        0.1742827
       5.0000000        0.1903871
       6.0000000        0.2005156
       7.0000000        0.2083289
       8.0000000        0.2156329
       9.0000000        0.2213428
      10.0000000        0.2272497
      11.0000000        0.2358068
      12.0000000        0.2451780
      13.0000000        0.2518914
      14.0000000        0.2548851
      15.0000000        0.2556184
      16.0000000        0.2557082
       1.0000000        0.0364481
       2.0000000        0.1023749
       3.0000000        0.1490466
       4.0000000        0.1746411
       5.0000000        0.1898565
       6.0000000        0.1996876
       7.0000000        0.2083820
       8.0000000        0.2178482
       9.0000000        0.2252024
      10.0000000        0.2296508
      11.0000000        0.2332789
      12.0000000        0.2368098
      13.0000000        0.2399913
      14.0000000        0.2428720
      15.0000000        0.2450267
      16.0000000        0.2457625
       1.0000000        0.0368658
       2.0000000        0.1030272
       3.0000000        0.1488576
       4.0000000        0.1729259
       5.0000000        0.1883495
       6.0000000        0.2013048
       7.0000000        0.2130464
       8.0000000        0.2225358
       9.0000000        0.2282815
      10.0000000        0.2308077
      11.0000000        0.2310343
      12.0000000        0.2290229
      13.0000000        0.2265477
      14.0000000        0.2260526
      15.0000000        0.2267319
      16.0000000        0.2270207
       1.0000000        0.0363814
       2.0000000        0.1012354
       3.0000000        0.1461401
       4.0000000        0.1715392
       5.0000000        0.1900016
       6.0000000        0.2057926
       7.0000000        0.2183720
       8.0000000        0.2263777
       9.0000000        0.2290372
      10.0000000        0.2277388
      11.0000000        0.2247652
      12.0000000        0.2210567
      13.0000000        0.2168389
      14.0000000        0.2131353
      15.0000000        0.2107556
      16.0000000        0.2099368
       1.0000000        0.0350635
       2.0000000        0.0984539
       3.0000000        0.1446225
       4.0000000        0.1722031
       5.0000000        0.1905583
       6.0000000        0.2037634
       7.0000000        0.2140628
       8.0000000        0.2215229
       9.0000000        0.2242801
      10.0000000        0.2223737
      11.0000000        0.2178218
      12.0000000        0.2125095
      13.0000000        0.2080027
      14.0000000        0.2049659
      15.0000000        0.2027474
      16.0000000        0.2017310
       1.0000000        0.0354428
       2.0000000        0.0996542
       3.0000000        0.1461374
       4.0000000        0.1740540
       5.0000000        0.1930429
       6.0000000        0.2064351
       7.0000000        0.2161053
       8.0000000        0.2222904
       9.0000000        0.2238121
      10.0000000        0.2218775
      11.0000000        0.2186952
      12.0000000        0.2155268
      13.0000000        0.2134934
      14.0000000        0.2131583
      15.0000000        0.2134595
      16.0000000        0.2135540
       1.0000000        0.0356985
       2.0000000        0.1000347
       3.0000000        0.1468024
       4.0000000        0.1759772
       5.0000000        0.1969083
       6.0000000        0.2115765
       7.0000000        0.2203546
       8.0000000        0.2248736
       9.0000000        0.2267212
      10.0000000        0.2265371
      11.0000000        0.2244595
      12.0000000        0.2220084
      13.0000000        0.2216810
      14.0000000        0.2235461
      15.0000000        0.2256116
      16.0000000        0.2264414
       1.0000000        0.0361243
       2.0000000        0.1009439
       3.0000000        0.1480456
       4.0000000        0.1776257
       5.0000000        0.1987829
       6.0000000        0.2134506
       7.0000000        0.2228987
       8.0000000        0.2290437
       9.0000000        0.2327311
      10.0000000        0.2343651
      11.0000000        0.2343864
      12.0000000        0.2342204
      13.0000000        0.2358747
      14.0000000        0.2396313
      15.0000000        0.2437569
      16.0000000        0.2456173
       1.0000000        0.0365876
       2.0000000        0.1023660
       3.0000000        0.1507919
       4.0000000        0.1819607
       5.0000000        0.2047943
       6.0000000        0.2209057
       7.0000000        0.2313133
       8.0000000        0.2380896
       9.0000000        0.2418104
      10.0000000        0.2428711
      11.0000000        0.2429309
      12.0000000        0.2437646
      13.0000000        0.2460187
      14.0000000        0.2493023
      15.0000000        0.2523548
      16.0000000        0.2536198
       1.0000000        0.0355881
       2.0000000        0.0999345
       3.0000000        0.1477261
       4.0000000        0.1797817
       5.0000000        0.2045029
       6.0000000        0.2217178
       7.0000000        0.2319475
       8.0000000        0.2382559
       9.0000000        0.2420681
      10.0000000        0.2437345
      11.0000000        0.2441860
      12.0000000        0.2442483
      13.0000000        0.2446119
      14.0000000        0.2453618
      15.0000000        0.2458983
      16.0000000        0.2460763
       1.0000000        0.0354343
       2.0000000        0.0985721
       3.0000000        0.1442086
       4.0000000        0.1735198
       5.0000000        0.1956213
       6.0000000        0.2121580
       7.0000000        0.2243802
       8.0000000        0.2332336
       9.0000000        0.2381430
      10.0000000        0.2397904
      11.0000000        0.2397361
      12.0000000        0.2381985
      13.0000000        0.2362333
      14.0000000        0.2357610
      15.0000000        0.2368311
      16.0000000        0.2375409
       1.0000000        0.0356653
       2.0000000        0.0995911
       3.0000000        0.1456884
       4.0000000        0.1735110
       5.0000000        0.1933880
       6.0000000        0.2092284
       7.0000000        0.2218096
       8.0000000        0.2311921
       9.0000000        0.2366331
      10.0000000        0.2387829
      11.0000000        0.2392924
      12.0000000        0.2386238
      13.0000000        0.2364876
      14.0000000        0.2339718
      15.0000000        0.2326997
      16.0000000        0.2324771
       1.0000000        0.0372459
       2.0000000        0.1033516
       3.0000000        0.1506323
       4.0000000        0.1786308
       5.0000000        0.1971840
       6.0000000        0.2101415
       7.0000000        0.2197675
       8.0000000        0.2276348
       9.0000000        0.2336159
      10.0000000        0.2380698
      11.0000000        0.2409740
      12.0000000        0.2409612
      13.0000000        0.2383813
      14.0000000        0.2345929
      15.0000000        0.2310490
      16.0000000        0.2295115
       1.0000000        0.0374923
       2.0000000        0.1035012
       3.0000000        0.1497311
       4.0000000        0.1761665
       5.0000000        0.1926135
       6.0000000        0.2042743
       7.0000000        0.2135749
       8.0000000        0.2215734
       9.0000000        0.2282336
      10.0000000        0.2336652
      11.0000000        0.2382025
      12.0000000        0.2400041
      13.0000000        0.2373148
      14.0000000        0.2315431
      15.0000000        0.2262659
      16.0000000        0.2242387
       1.0000000        0.0383770
       2.0000000        0.1058123
       3.0000000        0.1517358
       4.0000000        0.1767220
       5.0000000        0.1925817
       6.0000000        0.2044657
       7.0000000        0.2148340
       8.0000000        0.2243047
       9.0000000        0.2311114
      10.0000000        0.2348137
      11.0000000        0.2370982
      12.0000000        0.2375416
      13.0000000        0.2348874
      14.0000000        0.2316734
      15.0000000        0.2306831
      16.0000000        0.2307758
       1.0000000        0.0393920
       2.0000000        0.1083651
       3.0000000        0.1549767
       4.0000000        0.1807102
       5.0000000        0.1976221
       6.0000000        0.2096041
       7.0000000        0.2196294
       8.0000000        0.2286652
       9.0000000        0.2346885
      10.0000000        0.2379079
      11.0000000        0.2401492
      12.0000000        0.2416482
      13.0000000        0.2420499
      14.0000000        0.2415097
      15.0000000        0.2410669
      16.0000000        0.2410461
       1.0000000        0.0404299
       2.0000000        0.1125210
       3.0000000        0.1626525
       4.0000000        0.1903459
       5.0000000        0.2072850
       6.0000000        0.2181410
       7.0000000        0.2267402
       8.0000000        0.2350695
       9.0000000        0.2422416
      10.0000000        0.2481189
      11.0000000        0.2523415
      12.0000000        0.2547449
      13.0000000        0.2559806
      14.0000000        0.2550449
      15.0000000        0.2513175
      16.0000000        0.2488658
       1.0000000        0.0408659
       2.0000000        0.1156800
       3.0000000        0.1704918
       4.0000000        0.2018378
       5.0000000        0.2209681
       6.0000000        0.2328968
       7.0000000        0.2409522
       8.0000000        0.2481219
       9.0000000        0.2542714
      10.0000000        0.2578139
      11.0000000        0.2591727
      12.0000000        0.2600976
      13.0000000        0.2604909
      14.0000000        0.2597674
      15.0000000        0.2586942
      16.0000000        0.2582359
       1.0000000        0.0418440
       2.0000000        0.1192330
       3.0000000        0.1763530
       4.0000000        0.2093171
       5.0000000        0.2300629
       6.0000000        0.2433433
       7.0000000        0.2516623
       8.0000000        0.2576913
       9.0000000        0.2619126
      10.0000000        0.2646983
      11.0000000        0.2669398
      12.0000000        0.2673740
      13.0000000        0.2648823
      14.0000000        0.2620732
      15.0000000        0.2610117
      16.0000000        0.2609476
       1.0000000        0.0429003
       2.0000000        0.1219910
       3.0000000        0.1802364
       4.0000000        0.2137642
       5.0000000        0.2345223
       6.0000000        0.2474650
       7.0000000        0.2554724
       8.0000000        0.2614768
       9.0000000        0.2657803
      10.0000000        0.2683385
      11.0000000        0.2696043
      12.0000000        0.2689965
      13.0000000        0.2668360
      14.0000000        0.2643521
      15.0000000        0.2621754
      16.0000000        0.2612008
       1.0000000        0.0434165
       2.0000000        0.1223861
       3.0000000        0.1796426
       4.0000000        0.2120764
       5.0000000        0.2322588
       6.0000000        0.2462049
       7.0000000        0.2554835
       8.0000000        0.2609251
       9.0000000        0.2627487
      10.0000000        0.2618969
      11.0000000        0.2605585
      12.0000000        0.2609408
      13.0000000        0.2630515
      14.0000000        0.2638016
      15.0000000        0.2616739
      16.0000000        0.2600477
       1.0000000        0.0445728
       2.0000000        0.1253307
       3.0000000        0.1829015
       4.0000000        0.2145249
       5.0000000        0.2344505
       6.0000000        0.2490616
       7.0000000        0.2585990
       8.0000000        0.2629013
       9.0000000        0.2625019
      10.0000000        0.2597382
      11.0000000        0.2585914
      12.0000000        0.2605377
      13.0000000        0.2629066
      14.0000000        0.2633095
      15.0000000        0.2619763
      16.0000000        0.2610382
       1.0000000        0.0456797
       2.0000000        0.1268601
       3.0000000        0.1838529
       4.0000000        0.2160491
       5.0000000        0.2372541
       6.0000000        0.2527028
       7.0000000        0.2626538
       8.0000000        0.2670753
       9.0000000        0.2666668
      10.0000000        0.2648027
      11.0000000        0.2651440
      12.0000000        0.2672907
      13.0000000        0.2695602
      14.0000000        0.2713215
      15.0000000        0.2726024
      16.0000000        0.2731876
       1.0000000        0.0459808
       2.0000000        0.1291907
       3.0000000        0.1892628
       4.0000000        0.2242081
       5.0000000        0.2471302
       6.0000000        0.2621183
       7.0000000        0.2701479
       8.0000000        0.2727160
       9.0000000        0.2730028
      10.0000000        0.2744534
      11.0000000        0.2762182
      12.0000000        0.2756360
      13.0000000        0.2735015
      14.0000000        0.2724715
      15.0000000        0.2728877
      16.0000000        0.2733159
       1.0000000        0.0476690
       2.0000000        0.1351156
       3.0000000        0.1987490
       4.0000000        0.2350965
       5.0000000        0.2589437
       6.0000000        0.2746246
       7.0000000        0.2827837
       8.0000000        0.2877582
       9.0000000        0.2926405
      10.0000000        0.2962051
      11.0000000        0.2959833
      12.0000000        0.2917881
      13.0000000        0.2860538
      14.0000000        0.2805916
      15.0000000        0.2760077
      16.0000000        0.2740399
       1.0000000        0.0472130
       2.0000000        0.1342468
       3.0000000        0.1992623
       4.0000000        0.2384297
       5.0000000        0.2644312
       6.0000000        0.2815818
       7.0000000        0.2923652
       8.0000000        0.3000869
       9.0000000        0.3056062
      10.0000000        0.3082639
      11.0000000        0.3067389
      12.0000000        0.3003484
      13.0000000        0.2914295
      14.0000000        0.2830338
      15.0000000        0.2765247
      16.0000000        0.2738853
       1.0000000        0.0490562
       2.0000000        0.1382007
       3.0000000        0.2045024
       4.0000000        0.2459059
       5.0000000        0.2737322
       6.0000000        0.2907368
       7.0000000        0.3002612
       8.0000000        0.3069182
       9.0000000        0.3122223
      10.0000000        0.3154613
      11.0000000        0.3147945
      12.0000000        0.3098567
      13.0000000        0.3028978
      14.0000000        0.2945139
      15.0000000        0.2855325
      16.0000000        0.2811614
       1.0000000        0.0500239
       2.0000000        0.1399679
       3.0000000        0.2062887
       4.0000000        0.2479265
       5.0000000        0.2763637
       6.0000000        0.2939350
       7.0000000        0.3039250
       8.0000000        0.3105763
       9.0000000        0.3149170
      10.0000000        0.3171258
      11.0000000        0.3166246
      12.0000000        0.3128884
      13.0000000        0.3078367
      14.0000000        0.3035967
      15.0000000        0.2997428
      16.0000000        0.2977952
       1.0000000        0.0474667
       2.0000000        0.1332086
       3.0000000        0.1969240
       4.0000000        0.2371767
       5.0000000        0.2657562
       6.0000000        0.2860916
       7.0000000        0.2996005
       8.0000000        0.3085110
       9.0000000        0.3145193
      10.0000000        0.3175416
      11.0000000        0.3167773
      12.0000000        0.3137100
      13.0000000        0.3106531
      14.0000000        0.3093515
      15.0000000        0.3102381
      16.0000000        0.3111182
       1.0000000        0.0462066
       2.0000000        0.1280083
       3.0000000        0.1865393
       4.0000000        0.2232237
       5.0000000        0.2516645
       6.0000000        0.2740432
       7.0000000        0.2898686
       8.0000000        0.3013821
       9.0000000        0.3093244
      10.0000000        0.3130573
      11.0000000        0.3119517
      12.0000000        0.3073370
      13.0000000        0.3035554
      14.0000000        0.3033682
      15.0000000        0.3051206
      16.0000000        0.3059792
       1.0000000        0.0442620
       2.0000000        0.1215888
       3.0000000        0.1763271
       4.0000000        0.2110179
       5.0000000        0.2384610
       6.0000000        0.2606075
       7.0000000        0.2768944
       8.0000000        0.2889013
       9.0000000        0.2967591
      10.0000000        0.2993503
      11.0000000        0.2964155
      12.0000000        0.2919092
      13.0000000        0.2912579
      14.0000000        0.2943748
      15.0000000        0.2978264
      16.0000000        0.2991310
       1.0000000        0.0425100
       2.0000000        0.1173346
       3.0000000        0.1708369
       4.0000000        0.2039649
       5.0000000        0.2283362
       6.0000000        0.2462620
       7.0000000        0.2578957
       8.0000000        0.2663896
       9.0000000        0.2732134
      10.0000000        0.2775997
      11.0000000        0.2796388
      12.0000000        0.2815725
      13.0000000        0.2847118
      14.0000000        0.2875164
      15.0000000        0.2882503
      16.0000000        0.2880427
       1.0000000        0.0410960
       2.0000000        0.1138754
       3.0000000        0.1657839
       4.0000000        0.1968652
       5.0000000        0.2171138
       6.0000000        0.2290682
       7.0000000        0.2356606
       8.0000000        0.2412344
       9.0000000        0.2479037
      10.0000000        0.2547341
      11.0000000        0.2607999
      12.0000000        0.2665730
      13.0000000        0.2720012
      14.0000000        0.2759214
      15.0000000        0.2774584
      16.0000000        0.2776103
       1.0000000        0.0395597
       2.0000000        0.1113824
       3.0000000        0.1647228
       4.0000000        0.1965552
       5.0000000        0.2141557
       6.0000000        0.2219071
       7.0000000        0.2261296
       8.0000000        0.2311051
       9.0000000        0.2370465
      10.0000000        0.2440787
      11.0000000        0.2523188
      12.0000000        0.2599905
      13.0000000        0.2649817
      14.0000000        0.2666000
      15.0000000        0.2658471
      16.0000000        0.2651136
       1.0000000        0.0402711
       2.0000000        0.1139736
       3.0000000        0.1682400
       4.0000000        0.1991661
       5.0000000        0.2166808
       6.0000000        0.2261977
       7.0000000        0.2321723
       8.0000000        0.2381324
       9.0000000        0.2448040
      10.0000000        0.2517617
      11.0000000        0.2578403
      12.0000000        0.2617961
      13.0000000        0.2641005
      14.0000000        0.2651291
      15.0000000        0.2650914
      16.0000000        0.2648968
       1.0000000        0.0405990
       2.0000000        0.1145693
       3.0000000        0.1684707
       4.0000000        0.1986567
       5.0000000        0.2156393
       6.0000000        0.2257038
       7.0000000        0.2343110
       8.0000000        0.2435547
       9.0000000        0.2518865
      10.0000000        0.2586288
      11.0000000        0.2635148
      12.0000000        0.2650855
      13.0000000        0.2639585
      14.0000000        0.2628821
      15.0000000        0.2626119
      16.0000000        0.2624848
       1.0000000        0.0408014
       2.0000000        0.1139770
       3.0000000        0.1656461
       4.0000000        0.1937755
       5.0000000        0.2108695
       6.0000000        0.2233269
       7.0000000        0.2345019
       8.0000000        0.2454492
       9.0000000        0.2544487
      10.0000000        0.2614520
      11.0000000        0.2667015
      12.0000000        0.2684525
      13.0000000        0.2674204
      14.0000000        0.2666934
      15.0000000        0.2671656
      16.0000000        0.2675118
       1.0000000        0.0406859
       2.0000000        0.1119901
       3.0000000        0.1611492
       4.0000000        0.1899012
       5.0000000        0.2101082
       6.0000000        0.2251962
       7.0000000        0.2376933
       8.0000000        0.2483768
       9.0000000        0.2561089
      10.0000000        0.2618936
      11.0000000        0.2655201
      12.0000000        0.2664334
      13.0000000        0.2672736
      14.0000000        0.2695044
      15.0000000        0.2709396
      16.0000000        0.2710298
       1.0000000        0.0428925
       2.0000000        0.1166526
       3.0000000        0.1668183
       4.0000000        0.1964538
       5.0000000        0.2163592
       6.0000000        0.2298163
       7.0000000        0.2395024
       8.0000000        0.2470881
       9.0000000        0.2529590
      10.0000000        0.2573062
      11.0000000        0.2598384
      12.0000000        0.2606843
      13.0000000        0.2617252
      14.0000000        0.2633968
      15.0000000        0.2643071
      16.0000000        0.2644479
       1.0000000        0.0430894
       2.0000000        0.1182285
       3.0000000        0.1705119
       4.0000000        0.2002301
       5.0000000        0.2181420
       6.0000000        0.2287094
       7.0000000        0.2358197
       8.0000000        0.2420837
       9.0000000        0.2466102
      10.0000000        0.2492341
      11.0000000        0.2517609
      12.0000000        0.2542857
      13.0000000        0.2543385
      14.0000000        0.2515212
      15.0000000        0.2490318
      16.0000000        0.2482894
       1.0000000        0.0428878
       2.0000000        0.1182811
       3.0000000        0.1688567
       4.0000000        0.1946912
       5.0000000        0.2103119
       6.0000000        0.2213594
       7.0000000        0.2295281
       8.0000000        0.2355160
       9.0000000        0.2393544
      10.0000000        0.2425114
      11.0000000        0.2460247
      12.0000000        0.2473373
      13.0000000        0.2448281
      14.0000000        0.2416695
      15.0000000        0.2404996
      16.0000000        0.2403879
       1.0000000        0.0398693
       2.0000000        0.1103485
       3.0000000        0.1579692
       4.0000000        0.1825387
       5.0000000        0.1983726
       6.0000000        0.2115038
       7.0000000        0.2215655
       8.0000000        0.2274955
       9.0000000        0.2304061
      10.0000000        0.2326860
      11.0000000        0.2344976
      12.0000000        0.2344736
      13.0000000        0.2328524
      14.0000000        0.2312407
      15.0000000        0.2304786
      16.0000000        0.2302391
       1.0000000        0.0391318
       2.0000000        0.1080910
       3.0000000        0.1552549
       4.0000000        0.1810110
       5.0000000        0.1980682
       6.0000000        0.2117566
       7.0000000        0.2221453
       8.0000000        0.2279017
       9.0000000        0.2293119
      10.0000000        0.2284829
      11.0000000        0.2270197
      12.0000000        0.2251293
      13.0000000        0.2232342
      14.0000000        0.2227895
      15.0000000        0.2241602
      16.0000000        0.2251338
       1.0000000        0.0411298
       2.0000000        0.1133656
       3.0000000        0.1626692
       4.0000000        0.1898427
       5.0000000        0.2075911
       6.0000000        0.2210016
       7.0000000        0.2306330
       8.0000000        0.2343225
       9.0000000        0.2322021
      10.0000000        0.2292444
      11.0000000        0.2281352
      12.0000000        0.2261849
      13.0000000        0.2229740
      14.0000000        0.2211089
      15.0000000        0.2208056
      16.0000000        0.2208192
       1.0000000        0.0407573
       2.0000000        0.1128529
       3.0000000        0.1624960
       4.0000000        0.1901268
       5.0000000        0.2093186
       6.0000000        0.2237590
       7.0000000        0.2325747
       8.0000000        0.2352589
       9.0000000        0.2331834
      10.0000000        0.2300157
      11.0000000        0.2272813
      12.0000000        0.2241019
      13.0000000        0.2203625
      14.0000000        0.2170240
      15.0000000        0.2148517
      16.0000000        0.2141314
       1.0000000        0.0391159
       2.0000000        0.1084583
       3.0000000        0.1565472
       4.0000000        0.1845448
       5.0000000        0.2052106
       6.0000000        0.2202907
       7.0000000        0.2281462
       8.0000000        0.2299286
       9.0000000        0.2278314
      10.0000000        0.2236865
      11.0000000        0.2192870
      12.0000000        0.2161655
      13.0000000        0.2141535
      14.0000000        0.2117155
      15.0000000        0.2086601
      16.0000000        0.2071536
       1.0000000        0.0372670
       2.0000000        0.1036149
       3.0000000        0.1503669
       4.0000000        0.1785480
       5.0000000        0.1992351
       6.0000000        0.2128741
       7.0000000        0.2185774
       8.0000000        0.2195925
       9.0000000        0.2185943
      10.0000000        0.2161473
      11.0000000        0.2130891
      12.0000000        0.2107567
      13.0000000        0.2090789
      14.0000000        0.2069725
      15.0000000        0.2045468
      16.0000000        0.2034246
       1.0000000        0.0361510
       2.0000000        0.1007665
       3.0000000        0.1463868
       4.0000000        0.1738640
       5.0000000        0.1935660
       6.0000000        0.2068367
       7.0000000        0.2144167
       8.0000000        0.2188521
       9.0000000        0.2205584
      10.0000000        0.2193482
      11.0000000        0.2165437
      12.0000000        0.2130727
      13.0000000        0.2086913
      14.0000000        0.2034156
      15.0000000        0.1983294
      16.0000000        0.1960807
       1.0000000        0.0354391
       2.0000000        0.0998514
       3.0000000        0.1469243
       4.0000000        0.1758817
       5.0000000        0.1966463
       6.0000000        0.2116278
       7.0000000        0.2211786
       8.0000000        0.2262613
       9.0000000        0.2277496
      10.0000000        0.2267636
      11.0000000        0.2241904
      12.0000000        0.2197407
      13.0000000        0.2127346
      14.0000000        0.2045068
      15.0000000        0.1979914
      16.0000000        0.1955436
       1.0000000        0.0368551
       2.0000000        0.1046646
       3.0000000        0.1562468
       4.0000000        0.1891924
       5.0000000        0.2123931
       6.0000000        0.2287844
       7.0000000        0.2391738
       8.0000000        0.2446768
       9.0000000        0.2456575
      10.0000000        0.2416137
      11.0000000        0.2334239
      12.0000000        0.2230041
      13.0000000        0.2121007
      14.0000000        0.2019640
      15.0000000        0.1935376
      16.0000000        0.1899187
       1.0000000        0.0381748
       2.0000000        0.1104317
       3.0000000        0.1672408
       4.0000000        0.2027577
       5.0000000        0.2264027
       6.0000000        0.2427360
       7.0000000        0.2523981
       8.0000000        0.2554644
       9.0000000        0.2525583
      10.0000000        0.2456394
      11.0000000        0.2364813
      12.0000000        0.2252214
      13.0000000        0.2123712
      14.0000000        0.2007946
      15.0000000        0.1931799
      16.0000000        0.1906073
       1.0000000        0.0395033
       2.0000000        0.1138712
       3.0000000        0.1712750
       4.0000000        0.2062048
       5.0000000        0.2291317
       6.0000000        0.2453952
       7.0000000        0.2554199
       8.0000000        0.2583464
       9.0000000        0.2549759
      10.0000000        0.2476684
      11.0000000        0.2371916
      12.0000000        0.2232686
      13.0000000        0.2078967
      14.0000000        0.1941534
      15.0000000        0.1841451
      16.0000000        0.1802786
       1.0000000        0.0391829
       2.0000000        0.1115728
       3.0000000        0.1661042
       4.0000000        0.1995900
       5.0000000        0.2225407
       6.0000000        0.2389848
       7.0000000        0.2498263
       8.0000000        0.2542040
       9.0000000        0.2506983
      10.0000000        0.2412294
      11.0000000        0.2287904
      12.0000000        0.2150550
      13.0000000        0.2023126
      14.0000000        0.1917694
      15.0000000        0.1837727
      16.0000000        0.1804968
       1.0000000        0.0385129
       2.0000000        0.1105153
       3.0000000        0.1659352
       4.0000000        0.1999951
       5.0000000        0.2222349
       6.0000000        0.2374087
       7.0000000        0.2470231
       8.0000000        0.2501850
       9.0000000        0.2461551
      10.0000000        0.2380991
      11.0000000        0.2295192
      12.0000000        0.2209869
      13.0000000        0.2130060
      14.0000000        0.2063212
      15.0000000        0.2010412
      16.0000000        0.1987979
       1.0000000        0.0386401
       2.0000000        0.1123268
       3.0000000        0.1708807
       4.0000000        0.2074352
       5.0000000        0.2303550
       6.0000000        0.2447531
       7.0000000        0.2534686
       8.0000000        0.2583192
       9.0000000        0.2592882
      10.0000000        0.2559151
      11.0000000        0.2491315
      12.0000000        0.2409345
      13.0000000        0.2334208
      14.0000000        0.2273077
      15.0000000        0.2227288
      16.0000000        0.2208855
       1.0000000        0.0389641
       2.0000000        0.1131127
       3.0000000        0.1722103
       4.0000000        0.2090760
       5.0000000        0.2312201
       6.0000000        0.2445450
       7.0000000        0.2534739
       8.0000000        0.2603620
       9.0000000        0.2648053
      10.0000000        0.2656699
      11.0000000        0.2627364
      12.0000000        0.2569263
      13.0000000        0.2504307
      14.0000000        0.2457283
      15.0000000        0.2436300
      16.0000000        0.2431861
       1.0000000        0.0386020
       2.0000000        0.1114612
       3.0000000        0.1685474
       4.0000000        0.2043796
       5.0000000        0.2273794
       6.0000000        0.2417685
       7.0000000        0.2502527
       8.0000000        0.2556197
       9.0000000        0.2594138
      10.0000000        0.2608947
      11.0000000        0.2585106
      12.0000000        0.2540346
      13.0000000        0.2513007
      14.0000000        0.2508898
      15.0000000        0.2510514
      16.0000000        0.2510848
       1.0000000        0.0386266
       2.0000000        0.1106234
       3.0000000        0.1659150
       4.0000000        0.2000540
       5.0000000        0.2222838
       6.0000000        0.2377159
       7.0000000        0.2467303
       8.0000000        0.2490281
       9.0000000        0.2477842
      10.0000000        0.2456945
      11.0000000        0.2437256
      12.0000000        0.2433515
      13.0000000        0.2450695
      14.0000000        0.2480133
      15.0000000        0.2514479
      16.0000000        0.2531798
       1.0000000        0.0368338
       2.0000000        0.1046816
       3.0000000        0.1561073
       4.0000000        0.1884464
       5.0000000        0.2096808
       6.0000000        0.2226644
       7.0000000        0.2290055
       8.0000000        0.2305931
       9.0000000        0.2292255
      10.0000000        0.2270853
      11.0000000        0.2266994
      12.0000000        0.2290803
      13.0000000        0.2339125
      14.0000000        0.2400933
      15.0000000        0.2453555
      16.0000000        0.2473995
       1.0000000        0.0356948
       2.0000000        0.1011965
       3.0000000        0.1499577
       4.0000000        0.1799079
       5.0000000        0.1996190
       6.0000000        0.2118370
       7.0000000        0.2182987
       8.0000000        0.2212534
       9.0000000        0.2220062
      10.0000000        0.2219565
      11.0000000        0.2229595
      12.0000000        0.2259658
      13.0000000        0.2310721
      14.0000000        0.2366936
      15.0000000        0.2401552
      16.0000000        0.2410497
       1.0000000        0.0363015
       2.0000000        0.1027175
       3.0000000        0.1516053
       4.0000000        0.1804330
       5.0000000        0.1990520
       6.0000000        0.2114873
       7.0000000        0.2190333
       8.0000000        0.2232316
       9.0000000        0.2245591
      10.0000000        0.2237206
      11.0000000        0.2226688
      12.0000000        0.2237442
      13.0000000        0.2273025
      14.0000000        0.2308840
      15.0000000        0.2324711
      16.0000000        0.2326659
       1.0000000        0.0373351
       2.0000000        0.1048261
       3.0000000        0.1541192
       4.0000000        0.1827703
       5.0000000        0.2002919
       6.0000000        0.2117000
       7.0000000        0.2187220
       8.0000000        0.2223304
       9.0000000        0.2233000
      10.0000000        0.2222618
      11.0000000        0.2202807
      12.0000000        0.2193471
      13.0000000        0.2216116
      14.0000000        0.2264390
      15.0000000        0.2306816
      16.0000000        0.2322238
       1.0000000        0.0363211
       2.0000000        0.1020799
       3.0000000        0.1502380
       4.0000000        0.1783463
       5.0000000        0.1955430
       6.0000000        0.2062174
       7.0000000        0.2120065
       8.0000000        0.2153361
       9.0000000        0.2185886
      10.0000000        0.2211132
      11.0000000        0.2215670
      12.0000000        0.2210964
      13.0000000        0.2218883
      14.0000000        0.2251721
      15.0000000        0.2297994
      16.0000000        0.2321424
       1.0000000        0.0341407
       2.0000000        0.0955685
       3.0000000        0.1407382
       4.0000000        0.1687027
       5.0000000        0.1861117
       6.0000000        0.1955003
       7.0000000        0.2013122
       8.0000000        0.2071960
       9.0000000        0.2134302
      10.0000000        0.2182527
      11.0000000        0.2203815
      12.0000000        0.2203967
      13.0000000        0.2200627
      14.0000000        0.2206050
      15.0000000        0.2216316
      16.0000000        0.2221042
       1.0000000        0.0320821
       2.0000000        0.0910515
       3.0000000        0.1357923
       4.0000000        0.1638766
       5.0000000        0.1812472
       6.0000000        0.1908336
       7.0000000        0.1971733
       8.0000000        0.2029923
       9.0000000        0.2077315
      10.0000000        0.2114614
      11.0000000        0.2150053
      12.0000000        0.2174872
      13.0000000        0.2178836
      14.0000000        0.2165153
      15.0000000        0.2141661
      16.0000000        0.2128528
       1.0000000        0.0314352
       2.0000000        0.0914313
       3.0000000        0.1386352
       4.0000000        0.1671580
       5.0000000        0.1847104
       6.0000000        0.1965063
       7.0000000        0.2046133
       8.0000000        0.2099053
       9.0000000        0.2132214
      10.0000000        0.2160533
      11.0000000        0.2192117
      12.0000000        0.2225015
      13.0000000        0.2250633
      14.0000000        0.2263091
      15.0000000        0.2266395
      16.0000000        0.2266911
       1.0000000        0.0330935
       2.0000000        0.0954816
       3.0000000        0.1432809
       4.0000000        0.1714547
       5.0000000        0.1892988
       6.0000000        0.2016203
       7.0000000        0.2101377
       8.0000000        0.2166997
       9.0000000        0.2217353
      10.0000000        0.2254864
      11.0000000        0.2286295
      12.0000000        0.2306777
      13.0000000        0.2315177
      14.0000000        0.2323982
      15.0000000        0.2337151
      16.0000000        0.2344098
       1.0000000        0.0334671
       2.0000000        0.0967001
       3.0000000        0.1444873
       4.0000000        0.1721232
       5.0000000        0.1894117
       6.0000000        0.2006518
       7.0000000        0.2083952
       8.0000000        0.2146726
       9.0000000        0.2193972
      10.0000000        0.2228833
      11.0000000        0.2258863
      12.0000000        0.2282202
      13.0000000        0.2299919
      14.0000000        0.2324001
      15.0000000        0.2355117
      16.0000000        0.2370602
       1.0000000        0.0332754
       2.0000000        0.0961634
       3.0000000        0.1438887
       4.0000000        0.1718010
       5.0000000        0.1897276
       6.0000000        0.2021197
       7.0000000        0.2104899
       8.0000000        0.2165687
       9.0000000        0.2219138
      10.0000000        0.2263466
      11.0000000        0.2285806
      12.0000000        0.2284391
      13.0000000        0.2273907
      14.0000000        0.2275998
      15.0000000        0.2293467
      16.0000000        0.2304476
       1.0000000        0.0354724
       2.0000000        0.1025168
       3.0000000        0.1540290
       4.0000000        0.1840205
       5.0000000        0.2017967
       6.0000000        0.2137507
       7.0000000        0.2225679
       8.0000000        0.2289155
       9.0000000        0.2331217
      10.0000000        0.2356215
      11.0000000        0.2363314
      12.0000000        0.2348983
      13.0000000        0.2318421
      14.0000000        0.2286298
      15.0000000        0.2265329
      16.0000000        0.2258252
       1.0000000        0.0381030
       2.0000000        0.1097852
       3.0000000        0.1640458
       4.0000000        0.1952343
       5.0000000        0.2143347
       6.0000000        0.2268868
       7.0000000        0.2339205
       8.0000000        0.2362109
       9.0000000        0.2356009
      10.0000000        0.2344111
      11.0000000        0.2338348
      12.0000000        0.2336623
      13.0000000        0.2332293
      14.0000000        0.2316683
      15.0000000        0.2292445
      16.0000000        0.2280080
       1.0000000        0.0396741
       2.0000000        0.1140143
       3.0000000        0.1697108
       4.0000000        0.2009107
       5.0000000        0.2191383
       6.0000000        0.2297007
       7.0000000        0.2334716
       8.0000000        0.2323495
       9.0000000        0.2295258
      10.0000000        0.2273395
      11.0000000        0.2256802
      12.0000000        0.2236228
      13.0000000        0.2213738
      14.0000000        0.2196949
      15.0000000        0.2183308
      16.0000000        0.2176515
       1.0000000        0.0401566
       2.0000000        0.1136121
       3.0000000        0.1656699
       4.0000000        0.1929272
       5.0000000        0.2082144
       6.0000000        0.2165509
       7.0000000        0.2206012
       8.0000000        0.2226602
       9.0000000        0.2230698
      10.0000000        0.2222666
      11.0000000        0.2203742
      12.0000000        0.2165113
      13.0000000        0.2116876
      14.0000000        0.2071213
      15.0000000        0.2030018
      16.0000000        0.2011473
       1.0000000        0.0411806
       2.0000000        0.1141142
       3.0000000        0.1623582
       4.0000000        0.1865416
       5.0000000        0.2009073
       6.0000000        0.2089312
       7.0000000        0.2132018
       8.0000000        0.2162936
       9.0000000        0.2172805
      10.0000000        0.2155287
      11.0000000        0.2120292
      12.0000000        0.2080512
      13.0000000        0.2044577
      14.0000000        0.2005444
      15.0000000        0.1961888
      16.0000000        0.1940886
       1.0000000        0.0420264
       2.0000000        0.1157317
       3.0000000        0.1646689
       4.0000000        0.1900289
       5.0000000        0.2042354
       6.0000000        0.2105678
       7.0000000        0.2135506
       8.0000000        0.2168698
       9.0000000        0.2190139
      10.0000000        0.2186110
      11.0000000        0.2166217
      12.0000000        0.2138340
      13.0000000        0.2108584
      14.0000000        0.2068779
      15.0000000        0.2016358
      16.0000000        0.1989075
       1.0000000        0.0421038
       2.0000000        0.1148003
       3.0000000        0.1624200
       4.0000000        0.1869299
       5.0000000        0.2002566
       6.0000000        0.2063100
       7.0000000        0.2101699
       8.0000000        0.2154858
       9.0000000        0.2196741
      10.0000000        0.2208486
      11.0000000        0.2210751
      12.0000000        0.2201132
      13.0000000        0.2165040
      14.0000000        0.2114559
      15.0000000        0.2069296
      16.0000000        0.2049862
       1.0000000        0.0428802
       2.0000000        0.1169417
       3.0000000        0.1647255
       4.0000000        0.1877162
       5.0000000        0.2009832
       6.0000000        0.2110485
       7.0000000        0.2205548
       8.0000000        0.2282005
       9.0000000        0.2311425
      10.0000000        0.2303986
      11.0000000        0.2287199
      12.0000000        0.2273985
      13.0000000        0.2269262
      14.0000000        0.2263970
      15.0000000        0.2248019
      16.0000000        0.2237724
       1.0000000        0.0429459
       2.0000000        0.1177843
       3.0000000        0.1676755
       4.0000000        0.1936456
       5.0000000        0.2105557
       6.0000000        0.2237500
       7.0000000        0.2339319
       8.0000000        0.2409511
       9.0000000        0.2442773
      10.0000000        0.2446126
      11.0000000        0.2431163
      12.0000000        0.2411298
      13.0000000        0.2407308
      14.0000000        0.2422478
      15.0000000        0.2440171
      16.0000000        0.2446796
       1.0000000        0.0404160
       2.0000000        0.1126787
       3.0000000        0.1632597
       4.0000000        0.1917825
       5.0000000        0.2113553
       6.0000000        0.2256126
       7.0000000        0.2358328
       8.0000000        0.2445150
       9.0000000        0.2516038
      10.0000000        0.2548880
      11.0000000        0.2541317
      12.0000000        0.2520463
      13.0000000        0.2506056
      14.0000000        0.2496380
      15.0000000        0.2481471
      16.0000000        0.2471526
       1.0000000        0.0360646
       2.0000000        0.1020017
       3.0000000        0.1506310
       4.0000000        0.1807266
       5.0000000        0.2025614
       6.0000000        0.2182892
       7.0000000        0.2288020
       8.0000000        0.2374966
       9.0000000        0.2452356
      10.0000000        0.2500480
      11.0000000        0.2511950
      12.0000000        0.2494317
      13.0000000        0.2464409
      14.0000000        0.2445514
      15.0000000        0.2444412
      16.0000000        0.2447290
       1.0000000        0.0338490
       2.0000000        0.0959569
       3.0000000        0.1427675
       4.0000000        0.1720368
       5.0000000        0.1922681
       6.0000000        0.2066803
       7.0000000        0.2168943
       8.0000000        0.2253135
       9.0000000        0.2321920
      10.0000000        0.2369026
      11.0000000        0.2390355
      12.0000000        0.2388127
      13.0000000        0.2379726
      14.0000000        0.2385450
      15.0000000        0.2406739
      16.0000000        0.2419555
       1.0000000        0.0328515
       2.0000000        0.0935699
       3.0000000        0.1392421
       4.0000000        0.1664748
       5.0000000        0.1842810
       6.0000000        0.1972473
       7.0000000        0.2072599
       8.0000000        0.2155151
       9.0000000        0.2223308
      10.0000000        0.2269252
      11.0000000        0.2292535
      12.0000000        0.2307404
      13.0000000        0.2325176
      14.0000000        0.2352664
      15.0000000        0.2384180
      16.0000000        0.2398686
       1.0000000        0.0314623
       2.0000000        0.0896185
       3.0000000        0.1329927
       4.0000000        0.1592807
       5.0000000        0.1779023
       6.0000000        0.1927565
       7.0000000        0.2035773
       8.0000000        0.2105494
       9.0000000        0.2151694
      10.0000000        0.2184635
      11.0000000        0.2206551
      12.0000000        0.2221476
      13.0000000        0.2242927
      14.0000000        0.2281850
      15.0000000        0.2323453
      16.0000000        0.2341117
       1.0000000        0.0318650
       2.0000000        0.0904561
       3.0000000        0.1342299
       4.0000000        0.1616590
       5.0000000        0.1815350
       6.0000000        0.1960775
       7.0000000        0.2054776
       8.0000000        0.2111371
       9.0000000        0.2147681
      10.0000000        0.2174219
      11.0000000        0.2194453
      12.0000000        0.2206644
      13.0000000        0.2216415
      14.0000000        0.2233997
      15.0000000        0.2255568
      16.0000000        0.2265863
       1.0000000        0.0332805
       2.0000000        0.0949418
       3.0000000        0.1414054
       4.0000000        0.1700809
       5.0000000        0.1902804
       6.0000000        0.2045587
       7.0000000        0.2135299
       8.0000000        0.2192425
       9.0000000        0.2220302
      10.0000000        0.2218426
      11.0000000        0.2198945
      12.0000000        0.2175080
      13.0000000        0.2161000
      14.0000000        0.2166995
      15.0000000        0.2184307
      16.0000000        0.2193140
       1.0000000        0.0349792
       2.0000000        0.0989778
       3.0000000        0.1456241
       4.0000000        0.1737068
       5.0000000        0.1939216
       6.0000000        0.2078830
       7.0000000        0.2156707
       8.0000000        0.2192094
       9.0000000        0.2195279
      10.0000000        0.2180335
      11.0000000        0.2163808
      12.0000000        0.2148746
      13.0000000        0.2140251
      14.0000000        0.2142358
      15.0000000        0.2146470
      16.0000000        0.2147019
       1.0000000        0.0361563
       2.0000000        0.1021457
       3.0000000        0.1498777
       4.0000000        0.1775080
       5.0000000        0.1943496
       6.0000000        0.2030272
       7.0000000        0.2071968
       8.0000000        0.2108902
       9.0000000        0.2138204
      10.0000000        0.2149311
      11.0000000        0.2151409
      12.0000000        0.2149633
      13.0000000        0.2141477
      14.0000000        0.2131960
      15.0000000        0.2127436
      16.0000000        0.2126378
       1.0000000        0.0376219
       2.0000000        0.1057502
       3.0000000        0.1536911
       4.0000000        0.1794454
       5.0000000        0.1934137
       6.0000000        0.1997430
       7.0000000        0.2032052
       8.0000000        0.2078250
       9.0000000        0.2127472
      10.0000000        0.2163648
      11.0000000        0.2192628
      12.0000000        0.2211490
      13.0000000        0.2207570
      14.0000000        0.2181252
      15.0000000        0.2145995
      16.0000000        0.2128409
       1.0000000        0.0377155
       2.0000000        0.1055400
       3.0000000        0.1525347
       4.0000000        0.1777890
       5.0000000        0.1930025
       6.0000000        0.2024354
       7.0000000        0.2085566
       8.0000000        0.2132365
       9.0000000        0.2171806
      10.0000000        0.2210124
      11.0000000        0.2242332
      12.0000000        0.2253717
      13.0000000        0.2244132
      14.0000000        0.2226385
      15.0000000        0.2208706
      16.0000000        0.2200410
       1.0000000        0.0374958
       2.0000000        0.1056537
       3.0000000        0.1539354
       4.0000000        0.1795556
       5.0000000        0.1955485
       6.0000000        0.2082177
       7.0000000        0.2177680
       8.0000000        0.2237728
       9.0000000        0.2271019
      10.0000000        0.2291618
      11.0000000        0.2308004
      12.0000000        0.2317882
      13.0000000        0.2310538
      14.0000000        0.2292909
      15.0000000        0.2283969
      16.0000000        0.2283309
       1.0000000        0.0369397
       2.0000000        0.1046602
       3.0000000        0.1538364
       4.0000000        0.1817409
       5.0000000        0.2006293
       6.0000000        0.2151674
       7.0000000        0.2245511
       8.0000000        0.2294373
       9.0000000        0.2321527
      10.0000000        0.2340202
      11.0000000        0.2345767
      12.0000000        0.2333780
      13.0000000        0.2315969
      14.0000000        0.2307496
      15.0000000        0.2306308
      16.0000000        0.2306614
       1.0000000        0.0371384
       2.0000000        0.1047818
       3.0000000        0.1540336
       4.0000000        0.1825119
       5.0000000        0.2008746
       6.0000000        0.2130394
       7.0000000        0.2206534
       8.0000000        0.2265512
       9.0000000        0.2318477
      10.0000000        0.2350070
      11.0000000        0.2348610
      12.0000000        0.2324467
      13.0000000        0.2298223
      14.0000000        0.2280885
      15.0000000        0.2269853
      16.0000000        0.2264937
       1.0000000        0.0371758
       2.0000000        0.1052100
       3.0000000        0.1539581
       4.0000000        0.1800981
       5.0000000        0.1949917
       6.0000000        0.2051933
       7.0000000        0.2147973
       8.0000000        0.2254368
       9.0000000        0.2345074
      10.0000000        0.2385486
      11.0000000        0.2375222
      12.0000000        0.2344658
      13.0000000        0.2329869
      14.0000000        0.2337039
      15.0000000        0.2345262
      16.0000000        0.2346458
       1.0000000        0.0355459
       2.0000000        0.1009503
       3.0000000        0.1472681
       4.0000000        0.1707306
       5.0000000        0.1847497
       6.0000000        0.1974894
       7.0000000        0.2105191
       8.0000000        0.2218330
       9.0000000        0.2290777
      10.0000000        0.2322249
      11.0000000        0.2332605
      12.0000000        0.2339867
      13.0000000        0.2354660
      14.0000000        0.2378388
      15.0000000        0.2400237
      16.0000000        0.2408587
       1.0000000        0.0345284
       2.0000000        0.0963747
       3.0000000        0.1390285
       4.0000000        0.1625154
       5.0000000        0.1794078
       6.0000000        0.1937122
       7.0000000        0.2058513
       8.0000000        0.2161258
       9.0000000        0.2235766
      10.0000000        0.2281201
      11.0000000        0.2310400
      12.0000000        0.2334190
      13.0000000        0.2362182
      14.0000000        0.2394348
      15.0000000        0.2418081
      16.0000000        0.2425444
       1.0000000        0.0336687
       2.0000000        0.0933846
       3.0000000        0.1356786
       4.0000000        0.1620297
       5.0000000        0.1813515
       6.0000000        0.1951374
       7.0000000        0.2057823
       8.0000000        0.2150850
       9.0000000        0.2219242
      10.0000000        0.2271989
      11.0000000        0.2328552
      12.0000000        0.2380190
      13.0000000        0.2416296
      14.0000000        0.2438689
      15.0000000        0.2447234
      16.0000000        0.2447715
       1.0000000        0.0343292
       2.0000000        0.0950938
       3.0000000        0.1390845
       4.0000000        0.1676898
       5.0000000        0.1879792
       6.0000000        0.2015750
       7.0000000        0.2119399
       8.0000000        0.2205606
       9.0000000        0.2271717
      10.0000000        0.2342930
      11.0000000        0.2432685
      12.0000000        0.2509425
      13.0000000        0.2548445
      14.0000000        0.2558711
      15.0000000        0.2555788
      16.0000000        0.2552090
       1.0000000        0.0350054
       2.0000000        0.0981685
       3.0000000        0.1448582
       4.0000000        0.1741679
       5.0000000        0.1937988
       6.0000000        0.2067969
       7.0000000        0.2164905
       8.0000000        0.2254546
       9.0000000        0.2342277
      10.0000000        0.2434984
      11.0000000        0.2528200
      12.0000000        0.2601238
      13.0000000        0.2651008
      14.0000000        0.2682270
      15.0000000        0.2692322
      16.0000000        0.2691933
       1.0000000        0.0358865
       2.0000000        0.1009375
       3.0000000        0.1486915
       4.0000000        0.1777335
       5.0000000        0.1977888
       6.0000000        0.2130077
       7.0000000        0.2253272
       8.0000000        0.2361001
       9.0000000        0.2457299
      10.0000000        0.2551824
      11.0000000        0.2646090
      12.0000000        0.2717643
      13.0000000        0.2761516
      14.0000000        0.2794207
      15.0000000        0.2819784
      16.0000000        0.2830129
       1.0000000        0.0362404
       2.0000000        0.1019837
       3.0000000        0.1506734
       4.0000000        0.1805754
       5.0000000        0.2009893
       6.0000000        0.2165298
       7.0000000        0.2299040
       8.0000000        0.2426626
       9.0000000        0.2550235
      10.0000000        0.2662662
      11.0000000        0.2746166
      12.0000000        0.2788654
      13.0000000        0.2803134
      14.0000000        0.2820041
      15.0000000        0.2847642
      16.0000000        0.2863020
       1.0000000        0.0364472
       2.0000000        0.1026287
       3.0000000        0.1517237
       4.0000000        0.1822918
       5.0000000        0.2039385
       6.0000000        0.2202427
       7.0000000        0.2337684
       8.0000000        0.2466066
       9.0000000        0.2585107
      10.0000000        0.2678842
      11.0000000        0.2733305
      12.0000000        0.2755789
      13.0000000        0.2774370
      14.0000000        0.2815384
      15.0000000        0.2865106
      16.0000000        0.2887302
       1.0000000        0.0374701
       2.0000000        0.1055796
       3.0000000        0.1563090
       4.0000000        0.1887270
       5.0000000        0.2116792
       6.0000000        0.2282455
       7.0000000        0.2418038
       8.0000000        0.2530553
       9.0000000        0.2597945
      10.0000000        0.2630484
      11.0000000        0.2660952
      12.0000000        0.2699147
      13.0000000        0.2736932
      14.0000000        0.2783800
      15.0000000        0.2834722
      16.0000000        0.2857308
       1.0000000        0.0393587
       2.0000000        0.1103352
       3.0000000        0.1634209
       4.0000000        0.1983593
       5.0000000        0.2224709
       6.0000000        0.2387548
       7.0000000        0.2513925
       8.0000000        0.2607102
       9.0000000        0.2648737
      10.0000000        0.2656320
      11.0000000        0.2665272
      12.0000000        0.2686468
      13.0000000        0.2708371
      14.0000000        0.2730683
      15.0000000        0.2751946
      16.0000000        0.2760740
       1.0000000        0.0397308
       2.0000000        0.1116116
       3.0000000        0.1667390
       4.0000000        0.2039618
       5.0000000        0.2292285
       6.0000000        0.2457790
       7.0000000        0.2578934
       8.0000000        0.2659079
       9.0000000        0.2689541
      10.0000000        0.2690743
      11.0000000        0.2687731
      12.0000000        0.2681601
      13.0000000        0.2669393
      14.0000000        0.2656451
      15.0000000        0.2643332
      16.0000000        0.2635816
       1.0000000        0.0403960
       2.0000000        0.1146094
       3.0000000        0.1729512
       4.0000000        0.2117686
       5.0000000        0.2377629
       6.0000000        0.2559703
       7.0000000        0.2681710
       8.0000000        0.2745486
       9.0000000        0.2773062
      10.0000000        0.2773685
      11.0000000        0.2748605
      12.0000000        0.2717715
      13.0000000        0.2685853
      14.0000000        0.2644618
      15.0000000        0.2606162
      16.0000000        0.2590346
       1.0000000        0.0411581
       2.0000000        0.1175977
       3.0000000        0.1779821
       4.0000000        0.2172235
       5.0000000        0.2434981
       6.0000000        0.2620360
       7.0000000        0.2736285
       8.0000000        0.2788255
       9.0000000        0.2801126
      10.0000000        0.2799477
      11.0000000        0.2800328
      12.0000000        0.2804890
      13.0000000        0.2798737
      14.0000000        0.2770672
      15.0000000        0.2733025
      16.0000000        0.2715865
       1.0000000        0.0409550
       2.0000000        0.1174455
       3.0000000        0.1767312
       4.0000000        0.2139837
       5.0000000        0.2389842
       6.0000000        0.2563448
       7.0000000        0.2678745
       8.0000000        0.2749544
       9.0000000        0.2792979
      10.0000000        0.2832042
      11.0000000        0.2871174
      12.0000000        0.2893272
      13.0000000        0.2891241
      14.0000000        0.2878364
      15.0000000        0.2872094
      16.0000000        0.2872313
       1.0000000        0.0399411
       2.0000000        0.1143876
       3.0000000        0.1718543
       4.0000000        0.2076924
       5.0000000        0.2320162
       6.0000000        0.2488703
       7.0000000        0.2594846
       8.0000000        0.2677255
       9.0000000        0.2758515
      10.0000000        0.2836394
      11.0000000        0.2892540
      12.0000000        0.2917848
      13.0000000        0.2923641
      14.0000000        0.2924431
      15.0000000        0.2927759
      16.0000000        0.2930448
       1.0000000        0.0382273
       2.0000000        0.1084945
       3.0000000        0.1619505
       4.0000000        0.1959296
       5.0000000        0.2199440
       6.0000000        0.2363562
       7.0000000        0.2471300
       8.0000000        0.2566944
       9.0000000        0.2667966
      10.0000000        0.2763122
      11.0000000        0.2843238
      12.0000000        0.2906723
      13.0000000        0.2948065
      14.0000000        0.2961131
      15.0000000        0.2958094
      16.0000000        0.2955524
       1.0000000        0.0366124
       2.0000000        0.1023844
       3.0000000        0.1511679
       4.0000000        0.1824925
       5.0000000        0.2046428
       6.0000000        0.2210464
       7.0000000        0.2344648
       8.0000000        0.2468846
       9.0000000        0.2585815
      10.0000000        0.2690462
      11.0000000        0.2778250
      12.0000000        0.2852159
      13.0000000        0.2913176
      14.0000000        0.2957766
      15.0000000        0.2984052
      16.0000000        0.2993200
       1.0000000        0.0349006
       2.0000000        0.0979454
       3.0000000        0.1461067
       4.0000000        0.1774476
       5.0000000        0.1987755
       6.0000000        0.2151977
       7.0000000        0.2295103
       8.0000000        0.2422807
       9.0000000        0.2535949
      10.0000000        0.2639856
      11.0000000        0.2738104
      12.0000000        0.2820627
      13.0000000        0.2881285
      14.0000000        0.2926848
      15.0000000        0.2956923
      16.0000000        0.2966878
       1.0000000        0.0332729
       2.0000000        0.0950022
       3.0000000        0.1429743
       4.0000000        0.1738685
       5.0000000        0.1958666
       6.0000000        0.2137073
       7.0000000        0.2284500
       8.0000000        0.2405423
       9.0000000        0.2508672
      10.0000000        0.2603836
      11.0000000        0.2689961
      12.0000000        0.2760599
      13.0000000        0.2818328
      14.0000000        0.2867743
      15.0000000        0.2904555
      16.0000000        0.2918517
       1.0000000        0.0323171
       2.0000000        0.0926575
       3.0000000        0.1404096
       4.0000000        0.1722544
       5.0000000        0.1956778
       6.0000000        0.2137884
       7.0000000        0.2273555
       8.0000000        0.2384507
       9.0000000        0.2487001
      10.0000000        0.2576625
      11.0000000        0.2648008
      12.0000000        0.2709602
      13.0000000        0.2769771
      14.0000000        0.2824543
      15.0000000        0.2859550
      16.0000000        0.2870355
       1.0000000        0.0319827
       2.0000000        0.0926430
       3.0000000        0.1419182
       4.0000000        0.1756757
       5.0000000        0.1995371
       6.0000000        0.2156218
       7.0000000        0.2267379
       8.0000000        0.2367563
       9.0000000        0.2472387
      10.0000000        0.2566743
      11.0000000        0.2634314
      12.0000000        0.2680541
      13.0000000        0.2716187
      14.0000000        0.2744977
      15.0000000        0.2765561
      16.0000000        0.2773471
       1.0000000        0.0316660
       2.0000000        0.0928242
       3.0000000        0.1428635
       4.0000000        0.1757356
       5.0000000        0.1971379
       6.0000000        0.2110524
       7.0000000        0.2211705
       8.0000000        0.2307186
       9.0000000        0.2407112
      10.0000000        0.2500371
      11.0000000        0.2568133
      12.0000000        0.2603838
      13.0000000        0.2620884
      14.0000000        0.2631963
      15.0000000        0.2635269
      16.0000000        0.2633910
       1.0000000        0.0297352
       2.0000000        0.0875301
       3.0000000        0.1351607
       4.0000000        0.1655834
       5.0000000        0.1846192
       6.0000000        0.1984459
       7.0000000        0.2104307
       8.0000000        0.2211438
       9.0000000        0.2296861
      10.0000000        0.2355735
      11.0000000        0.2392545
      12.0000000        0.2413014
      13.0000000        0.2417556
      14.0000000        0.2405696
      15.0000000        0.2384833
      16.0000000        0.2373814
       1.0000000        0.0281247
       2.0000000        0.0830058
       3.0000000        0.1280025
       4.0000000        0.1567540
       5.0000000        0.1762865
       6.0000000        0.1921248
       7.0000000        0.2053303
       8.0000000        0.2150905
       9.0000000        0.2211697
      10.0000000        0.2245396
      11.0000000        0.2265466
      12.0000000        0.2275804
      13.0000000        0.2273777
      14.0000000        0.2261035
      15.0000000        0.2245872
      16.0000000        0.2239184
       1.0000000        0.0287815
       2.0000000        0.0851017
       3.0000000        0.1308617
       4.0000000        0.1592896
       5.0000000        0.1787427
       6.0000000        0.1947992
       7.0000000        0.2076187
       8.0000000        0.2161995
       9.0000000        0.2207721
      10.0000000        0.2229079
      11.0000000        0.2246095
      12.0000000        0.2265848
      13.0000000        0.2279765
      14.0000000        0.2278349
      15.0000000        0.2265527
      16.0000000        0.2258128
       1.0000000        0.0304975
       2.0000000        0.0890647
       3.0000000        0.1359898
       4.0000000        0.1659763
       5.0000000        0.1868737
       6.0000000        0.2022772
       7.0000000        0.2123487
       8.0000000        0.2185143
       9.0000000        0.2225253
      10.0000000        0.2251308
      11.0000000        0.2270093
      12.0000000        0.2291146
      13.0000000        0.2312053
      14.0000000        0.2321309
      15.0000000        0.2319988
      16.0000000        0.2317971
       1.0000000        0.0313113
       2.0000000        0.0919408
       3.0000000        0.1411360
       4.0000000        0.1729023
       5.0000000        0.1945896
       6.0000000        0.2092804
       7.0000000        0.2178685
       8.0000000        0.2225706
       9.0000000        0.2248927
      10.0000000        0.2261173
      11.0000000        0.2285428
      12.0000000        0.2331126
      13.0000000        0.2380573
      14.0000000        0.2413477
      15.0000000        0.2429758
      16.0000000        0.2435084
       1.0000000        0.0323680
       2.0000000        0.0948901
       3.0000000        0.1450094
       4.0000000        0.1767016
       5.0000000        0.1981867
       6.0000000        0.2131504
       7.0000000        0.2221993
       8.0000000        0.2267617
       9.0000000        0.2285546
      10.0000000        0.2306343
      11.0000000        0.2358876
      12.0000000        0.2438449
      13.0000000        0.2512951
      14.0000000        0.2560937
      15.0000000        0.2582518
      16.0000000        0.2587551
       1.0000000        0.0340514
       2.0000000        0.0980630
       3.0000000        0.1483074
       4.0000000        0.1808774
       5.0000000        0.2033203
       6.0000000        0.2180856
       7.0000000        0.2271156
       8.0000000        0.2330214
       9.0000000        0.2376474
      10.0000000        0.2425129
      11.0000000        0.2485094
      12.0000000        0.2554685
      13.0000000        0.2626213
      14.0000000        0.2692338
      15.0000000        0.2741966
      16.0000000        0.2760469
       1.0000000        0.0340678
       2.0000000        0.0977310
       3.0000000        0.1479061
       4.0000000        0.1808234
       5.0000000        0.2037112
       6.0000000        0.2196876
       7.0000000        0.2305588
       8.0000000        0.2385977
       9.0000000        0.2450173
      10.0000000        0.2502437
      11.0000000        0.2548977
      12.0000000        0.2597743
      13.0000000        0.2649752
      14.0000000        0.2700893
      15.0000000        0.2742263
      16.0000000        0.2758999
       1.0000000        0.0344333
       2.0000000        0.0988029
       3.0000000        0.1491070
       4.0000000        0.1820627
       5.0000000        0.2053708
       6.0000000        0.2214601
       7.0000000        0.2319175
       8.0000000        0.2394881
       9.0000000        0.2456105
      10.0000000        0.2506772
      11.0000000        0.2551809
      12.0000000        0.2593532
      13.0000000        0.2623680
      14.0000000        0.2636103
      15.0000000        0.2636679
      16.0000000        0.2635452
       1.0000000        0.0362936
       2.0000000        0.1033350
       3.0000000        0.1550772
       4.0000000        0.1883224
       5.0000000        0.2097616
       6.0000000        0.2219962
       7.0000000        0.2295509
       8.0000000        0.2362998
       9.0000000        0.2424788
      10.0000000        0.2475843
      11.0000000        0.2520602
      12.0000000        0.2557143
      13.0000000        0.2576840
      14.0000000        0.2585144
      15.0000000        0.2590494
      16.0000000        0.2592309
       1.0000000        0.0379639
       2.0000000        0.1079831
       3.0000000        0.1615463
       4.0000000        0.1948622
       5.0000000        0.2150945
       6.0000000        0.2258998
       7.0000000        0.2317449
       8.0000000        0.2361464
       9.0000000        0.2393083
      10.0000000        0.2420293
      11.0000000        0.2457726
      12.0000000        0.2500557
      13.0000000        0.2538027
      14.0000000        0.2572691
      15.0000000        0.2605338
      16.0000000        0.2620087
       1.0000000        0.0389975
       2.0000000        0.1103344
       3.0000000        0.1640232
       4.0000000        0.1971423
       5.0000000        0.2182016
       6.0000000        0.2299173
       7.0000000        0.2356464
       8.0000000        0.2394899
       9.0000000        0.2425405
      10.0000000        0.2448039
      11.0000000        0.2472803
      12.0000000        0.2502543
      13.0000000        0.2529755
      14.0000000        0.2558753
      15.0000000        0.2590446
      16.0000000        0.2605768
       1.0000000        0.0394429
       2.0000000        0.1108189
       3.0000000        0.1628166
       4.0000000        0.1942346
       5.0000000        0.2158025
       6.0000000        0.2299372
       7.0000000        0.2387344
       8.0000000        0.2458368
       9.0000000        0.2515766
      10.0000000        0.2554202
      11.0000000        0.2581496
      12.0000000        0.2596993
      13.0000000        0.2597896
      14.0000000        0.2594618
      15.0000000        0.2597998
      16.0000000        0.2601657
       1.0000000        0.0386298
       2.0000000        0.1082186
       3.0000000        0.1582131
       4.0000000        0.1884688
       5.0000000        0.2102026
       6.0000000        0.2253841
       7.0000000        0.2352789
       8.0000000        0.2431188
       9.0000000        0.2500173
      10.0000000        0.2553046
      11.0000000        0.2589654
      12.0000000        0.2612255
      13.0000000        0.2614556
      14.0000000        0.2598192
      15.0000000        0.2577541
      16.0000000        0.2568051
       1.0000000        0.0387227
       2.0000000        0.1077988
       3.0000000        0.1572909
       4.0000000        0.1878959
       5.0000000        0.2094603
       6.0000000        0.2239335
       7.0000000        0.2339453
       8.0000000        0.2424119
       9.0000000        0.2490207
      10.0000000        0.2535752
      11.0000000        0.2573739
      12.0000000        0.2604982
      13.0000000        0.2617333
      14.0000000        0.2613334
      15.0000000        0.2604212
      16.0000000        0.2599992
       1.0000000        0.0386036
       2.0000000        0.1080580
       3.0000000        0.1577224
       4.0000000        0.1870043
       5.0000000        0.2081660
       6.0000000        0.2252651
       7.0000000        0.2377451
       8.0000000        0.2455343
       9.0000000        0.2494782
      10.0000000        0.2516757
      11.0000000        0.2540770
      12.0000000        0.2569851
      13.0000000        0.2599730
      14.0000000        0.2618001
      15.0000000        0.2614808
      16.0000000        0.2607510
       1.0000000        0.0381810
       2.0000000        0.1061428
       3.0000000        0.1537862
       4.0000000        0.1811675
       5.0000000        0.2007451
       6.0000000        0.2173465
       7.0000000        0.2304983
       8.0000000        0.2391157
       9.0000000        0.2441537
      10.0000000        0.2473903
      11.0000000        0.2496341
      12.0000000        0.2511644
      13.0000000        0.2522167
      14.0000000        0.2521410
      15.0000000        0.2503660
      16.0000000        0.2491097
       1.0000000        0.0382797
       2.0000000        0.1058761
       3.0000000        0.1521298
       4.0000000        0.1770490
       5.0000000        0.1938390
       6.0000000        0.2085852
       7.0000000        0.2221904
       8.0000000        0.2328205
       9.0000000        0.2392273
      10.0000000        0.2425768
      11.0000000        0.2439179
      12.0000000        0.2435151
      13.0000000        0.2425580
      14.0000000        0.2416520
      15.0000000        0.2402327
      16.0000000        0.2392834
       1.0000000        0.0381907
       2.0000000        0.1050042
       3.0000000        0.1500800
       4.0000000        0.1749877
       5.0000000        0.1929343
       6.0000000        0.2087994
       7.0000000        0.2226227
       8.0000000        0.2332784
       9.0000000        0.2393411
      10.0000000        0.2411166
      11.0000000        0.2402217
      12.0000000        0.2384680
      13.0000000        0.2370811
      14.0000000        0.2354164
      15.0000000        0.2328993
      16.0000000        0.2314751
       1.0000000        0.0367968
       2.0000000        0.1022067
       3.0000000        0.1486004
       4.0000000        0.1761962
       5.0000000        0.1970379
       6.0000000        0.2143213
       7.0000000        0.2272474
       8.0000000        0.2363568
       9.0000000        0.2418450
      10.0000000        0.2432623
      11.0000000        0.2416564
      12.0000000        0.2378387
      13.0000000        0.2317872
      14.0000000        0.2251427
      15.0000000        0.2205386
      16.0000000        0.2189330
       1.0000000        0.0357026
       2.0000000        0.1010156
       3.0000000        0.1510015
       4.0000000        0.1838249
       5.0000000        0.2079164
       6.0000000        0.2255655
       7.0000000        0.2374437
       8.0000000        0.2453617
       9.0000000        0.2496020
      10.0000000        0.2498632
      11.0000000        0.2464923
      12.0000000        0.2400644
      13.0000000        0.2309115
      14.0000000        0.2204682
      15.0000000        0.2120171
      16.0000000        0.2088388
       1.0000000        0.0351634
       2.0000000        0.1020375
       3.0000000        0.1565532
       4.0000000        0.1936524
       5.0000000        0.2196409
       6.0000000        0.2374156
       7.0000000        0.2487053
       8.0000000        0.2549801
       9.0000000        0.2565808
      10.0000000        0.2540570
      11.0000000        0.2485525
      12.0000000        0.2407991
      13.0000000        0.2315469
      14.0000000        0.2222283
      15.0000000        0.2150781
      16.0000000        0.2124034
       1.0000000        0.0357822
       2.0000000        0.1039533
       3.0000000        0.1593698
       4.0000000        0.1974973
       5.0000000        0.2247777
       6.0000000        0.2428067
       7.0000000        0.2526316
       8.0000000        0.2561119
       9.0000000        0.2553681
      10.0000000        0.2529134
      11.0000000        0.2490306
      12.0000000        0.2426692
      13.0000000        0.2346491
      14.0000000        0.2265007
      15.0000000        0.2196768
      16.0000000        0.2168336
       1.0000000        0.0354327
       2.0000000        0.1025693
       3.0000000        0.1569253
       4.0000000        0.1944644
       5.0000000        0.2212353
       6.0000000        0.2383337
       7.0000000        0.2473566
       8.0000000        0.2516422
       9.0000000        0.2530428
      10.0000000        0.2513395
      11.0000000        0.2468151
      12.0000000        0.2408026
      13.0000000        0.2343341
      14.0000000        0.2280889
      15.0000000        0.2230880
      16.0000000        0.2210904
       1.0000000        0.0363609
       2.0000000        0.1044881
       3.0000000        0.1578149
       4.0000000        0.1923840
       5.0000000        0.2160436
       6.0000000        0.2313101
       7.0000000        0.2409383
       8.0000000        0.2473373
       9.0000000        0.2500134
      10.0000000        0.2484640
      11.0000000        0.2432168
      12.0000000        0.2360725
      13.0000000        0.2302707
      14.0000000        0.2274118
      15.0000000        0.2265689
      16.0000000        0.2265042
       1.0000000        0.0364679
       2.0000000        0.1041944
       3.0000000        0.1565440
       4.0000000        0.1903647
       5.0000000        0.2137721
       6.0000000        0.2290912
       7.0000000        0.2381417
       8.0000000        0.2431359
       9.0000000        0.2450486
      10.0000000        0.2443906
      11.0000000        0.2411363
      12.0000000        0.2359770
      13.0000000        0.2304759
      14.0000000        0.2258794
      15.0000000        0.2228605
      16.0000000        0.2217774
       1.0000000        0.0361617
       2.0000000        0.1040038
       3.0000000        0.1569717
       4.0000000        0.1904867
       5.0000000        0.2132058
       6.0000000        0.2293716
       7.0000000        0.2410200
       8.0000000        0.2487482
       9.0000000        0.2516752
      10.0000000        0.2501535
      11.0000000        0.2466589
      12.0000000        0.2431450
      13.0000000        0.2396086
      14.0000000        0.2356318
      15.0000000        0.2319739
      16.0000000        0.2304351
       1.0000000        0.0357488
       2.0000000        0.1023276
       3.0000000        0.1532006
       4.0000000        0.1847082
       5.0000000        0.2063296
       6.0000000        0.2230747
       7.0000000        0.2367679
       8.0000000        0.2467990
       9.0000000        0.2521878
      10.0000000        0.2544636
      11.0000000        0.2558171
      12.0000000        0.2565001
      13.0000000        0.2553796
      14.0000000        0.2516936
      15.0000000        0.2471743
      16.0000000        0.2450789
       1.0000000        0.0342912
       2.0000000        0.0981842
       3.0000000        0.1472381
       4.0000000        0.1781018
       5.0000000        0.1988977
       6.0000000        0.2143987
       7.0000000        0.2273422
       8.0000000        0.2378985
       9.0000000        0.2452641
      10.0000000        0.2506278
      11.0000000        0.2557524
      12.0000000        0.2603781
      13.0000000        0.2631567
      14.0000000        0.2639666
      15.0000000        0.2634477
      16.0000000        0.2628930
       1.0000000        0.0337940
       2.0000000        0.0965052
       3.0000000        0.1446361
       4.0000000        0.1747381
       5.0000000        0.1945241
       6.0000000        0.2091144
       7.0000000        0.2217245
       8.0000000        0.2327408
       9.0000000        0.2417371
      10.0000000        0.2489633
      11.0000000        0.2545567
      12.0000000        0.2595162
      13.0000000        0.2649872
      14.0000000        0.2701446
      15.0000000        0.2736994
      16.0000000        0.2749771
       1.0000000        0.0325881
       2.0000000        0.0936688
       3.0000000        0.1411019
       4.0000000        0.1719761
       5.0000000        0.1939196
       6.0000000        0.2095402
       7.0000000        0.2214826
       8.0000000        0.2321309
       9.0000000        0.2409739
      10.0000000        0.2479074
      11.0000000        0.2541290
      12.0000000        0.2602150
      13.0000000        0.2658833
      14.0000000        0.2703462
      15.0000000        0.2725640
      16.0000000        0.2729879
       1.0000000        0.0311795
       2.0000000        0.0899880
       3.0000000        0.1367211
       4.0000000        0.1680199
       5.0000000        0.1904604
       6.0000000        0.2065300
       7.0000000        0.2183895
       8.0000000        0.2283450
       9.0000000        0.2373481
      10.0000000        0.2458091
      11.0000000        0.2541035
      12.0000000        0.2614474
      13.0000000        0.2660694
      14.0000000        0.2673332
      15.0000000        0.2668042
      16.0000000        0.2664636
       1.0000000        0.0308140
       2.0000000        0.0892836
       3.0000000        0.1363815
       4.0000000        0.1677659
       5.0000000        0.1895646
       6.0000000        0.2050562
       7.0000000        0.2162581
       8.0000000        0.2247930
       9.0000000        0.2329421
      10.0000000        0.2420080
      11.0000000        0.2507640
      12.0000000        0.2571012
      13.0000000        0.2599061
      14.0000000        0.2605459
      15.0000000        0.2610906
      16.0000000        0.2615389
       1.0000000        0.0308641
       2.0000000        0.0901086
       3.0000000        0.1387007
       4.0000000        0.1709160
       5.0000000        0.1917245
       6.0000000        0.2052712
       7.0000000        0.2148893
       8.0000000        0.2223592
       9.0000000        0.2295082
      10.0000000        0.2370186
      11.0000000        0.2437757
      12.0000000        0.2483925
      13.0000000        0.2505375
      14.0000000        0.2510091
      15.0000000        0.2510810
      16.0000000        0.2511808
       1.0000000        0.0323204
       2.0000000        0.0940187
       3.0000000        0.1435144
       4.0000000        0.1754984
       5.0000000        0.1966432
       6.0000000        0.2097619
       7.0000000        0.2168293
       8.0000000        0.2212577
       9.0000000        0.2260119
      10.0000000        0.2314038
      11.0000000        0.2365745
      12.0000000        0.2408118
      13.0000000        0.2436731
      14.0000000        0.2450156
      15.0000000        0.2455426
      16.0000000        0.2456989
       1.0000000        0.0344776
       2.0000000        0.0986581
       3.0000000        0.1470267
       4.0000000        0.1762068
       5.0000000        0.1957815
       6.0000000        0.2081054
       7.0000000        0.2136510
       8.0000000        0.2161292
       9.0000000        0.2193618
      10.0000000        0.2244933
      11.0000000        0.2299623
      12.0000000        0.2335635
      13.0000000        0.2351612
      14.0000000        0.2356361
      15.0000000        0.2352666
      16.0000000        0.2348427
       1.0000000        0.0365116
       2.0000000        0.1036626
       3.0000000        0.1535873
       4.0000000        0.1838375
       5.0000000        0.2037051
       6.0000000        0.2153786
       7.0000000        0.2206773
       8.0000000        0.2240806
       9.0000000        0.2283538
      10.0000000        0.2331394
      11.0000000        0.2371890
      12.0000000        0.2395834
      13.0000000        0.2396475
      14.0000000        0.2376810
      15.0000000        0.2354153
      16.0000000        0.2344681
       1.0000000        0.0382072
       2.0000000        0.1081389
       3.0000000        0.1614559
       4.0000000        0.1953722
       5.0000000        0.2160556
       6.0000000        0.2256609
       7.0000000        0.2298085
       8.0000000        0.2344355
       9.0000000        0.2405097
      10.0000000        0.2464171
      11.0000000        0.2503581
      12.0000000        0.2512265
      13.0000000        0.2492448
      14.0000000        0.2458245
      15.0000000        0.2428065
      16.0000000        0.2416857
       1.0000000        0.0396517
       2.0000000        0.1130722
       3.0000000        0.1690818
       4.0000000        0.2025179
       5.0000000        0.2209767
       6.0000000        0.2297132
       7.0000000        0.2342717
       8.0000000        0.2395684
       9.0000000        0.2466276
      10.0000000        0.2533045
      11.0000000        0.2576618
      12.0000000        0.2582993
      13.0000000        0.2557325
      14.0000000        0.2531625
      15.0000000        0.2524489
      16.0000000        0.2525579
       1.0000000        0.0409960
       2.0000000        0.1159027
       3.0000000        0.1709846
       4.0000000        0.2020205
       5.0000000        0.2192233
       6.0000000        0.2286301
       7.0000000        0.2344448
       8.0000000        0.2396211
       9.0000000        0.2443441
      10.0000000        0.2482926
      11.0000000        0.2515053
      12.0000000        0.2535610
      13.0000000        0.2539302
      14.0000000        0.2536382
      15.0000000        0.2537601
      16.0000000        0.2539455
       1.0000000        0.0412011
       2.0000000        0.1161163
       3.0000000        0.1708617
       4.0000000        0.2015692
       5.0000000        0.2181479
       6.0000000        0.2267055
       7.0000000        0.2320660
       8.0000000        0.2359325
       9.0000000        0.2389468
      10.0000000        0.2436759
      11.0000000        0.2499818
      12.0000000        0.2547247
      13.0000000        0.2564068
      14.0000000        0.2567014
      15.0000000        0.2576321
      16.0000000        0.2584336
       1.0000000        0.0414406
       2.0000000        0.1166774
       3.0000000        0.1701707
       4.0000000        0.1984538
       5.0000000        0.2147314
       6.0000000        0.2255109
       7.0000000        0.2327515
       8.0000000        0.2384421
       9.0000000        0.2434739
      10.0000000        0.2483923
      11.0000000        0.2529997
      12.0000000        0.2558499
      13.0000000        0.2563459
      14.0000000        0.2552203
      15.0000000        0.2542690
      16.0000000        0.2541181
       1.0000000        0.0397960
       2.0000000        0.1116268
       3.0000000        0.1635143
       4.0000000        0.1925592
       5.0000000        0.2097433
       6.0000000        0.2211602
       7.0000000        0.2305138
       8.0000000        0.2392715
       9.0000000        0.2451831
      10.0000000        0.2472923
      11.0000000        0.2475311
      12.0000000        0.2473043
      13.0000000        0.2462527
      14.0000000        0.2437812
      15.0000000        0.2412595
      16.0000000        0.2402517
       1.0000000        0.0399111
       2.0000000        0.1118530
       3.0000000        0.1636569
       4.0000000        0.1935571
       5.0000000        0.2133840
       6.0000000        0.2277403
       7.0000000        0.2376628
       8.0000000        0.2438534
       9.0000000        0.2468130
      10.0000000        0.2475249
      11.0000000        0.2472477
      12.0000000        0.2468666
      13.0000000        0.2460346
      14.0000000        0.2446151
      15.0000000        0.2432917
      16.0000000        0.2426896
       1.0000000        0.0399979
       2.0000000        0.1117921
       3.0000000        0.1640988
       4.0000000        0.1953302
       5.0000000        0.2162859
       6.0000000        0.2309417
       7.0000000        0.2405965
       8.0000000        0.2468860
       9.0000000        0.2504084
      10.0000000        0.2521290
      11.0000000        0.2526101
      12.0000000        0.2515155
      13.0000000        0.2505895
      14.0000000        0.2509069
      15.0000000        0.2508790
      16.0000000        0.2504841
       1.0000000        0.0386955
       2.0000000        0.1084214
       3.0000000        0.1604154
       4.0000000        0.1929250
       5.0000000        0.2149013
       6.0000000        0.2300017
       7.0000000        0.2396062
       8.0000000        0.2446934
       9.0000000        0.2467428
      10.0000000        0.2484039
      11.0000000        0.2514621
      12.0000000        0.2540987
      13.0000000        0.2543565
      14.0000000        0.2522024
      15.0000000        0.2490225
      16.0000000        0.2473945
       1.0000000        0.0382599
       2.0000000        0.1074672
       3.0000000        0.1587214
       4.0000000        0.1909291
       5.0000000        0.2137815
       6.0000000        0.2296446
       7.0000000        0.2385520
       8.0000000        0.2426304
       9.0000000        0.2441606
      10.0000000        0.2444703
      11.0000000        0.2447484
      12.0000000        0.2451414
      13.0000000        0.2452983
      14.0000000        0.2452208
      15.0000000        0.2447444
      16.0000000        0.2443733
       1.0000000        0.0396207
       2.0000000        0.1098243
       3.0000000        0.1594279
       4.0000000        0.1893274
       5.0000000        0.2113996
       6.0000000        0.2284853
       7.0000000        0.2398030
       8.0000000        0.2451121
       9.0000000        0.2452946
      10.0000000        0.2435506
      11.0000000        0.2434392
      12.0000000        0.2445028
      13.0000000        0.2444939
      14.0000000        0.2438343
      15.0000000        0.2440173
      16.0000000        0.2444096
       1.0000000        0.0389166
       2.0000000        0.1089881
       3.0000000        0.1604588
       4.0000000        0.1922000
       5.0000000        0.2135936
       6.0000000        0.2276758
       7.0000000        0.2359040
       8.0000000        0.2397835
       9.0000000        0.2400706
      10.0000000        0.2392499
      11.0000000        0.2400800
      12.0000000        0.2413810
      13.0000000        0.2417389
      14.0000000        0.2419144
      15.0000000        0.2420169
      16.0000000        0.2419823
       1.0000000        0.0382527
       2.0000000        0.1088321
       3.0000000        0.1608800
       4.0000000        0.1908963
       5.0000000        0.2099758
       6.0000000        0.2227902
       7.0000000        0.2306056
       8.0000000        0.2346461
       9.0000000        0.2362653
      10.0000000        0.2379248
      11.0000000        0.2407341
      12.0000000        0.2429418
      13.0000000        0.2431440
      14.0000000        0.2422333
      15.0000000        0.2412697
      16.0000000        0.2407741
       1.0000000        0.0394207
       2.0000000        0.1101503
       3.0000000        0.1605622
       4.0000000        0.1891755
       5.0000000        0.2069302
       6.0000000        0.2172826
       7.0000000        0.2222007
       8.0000000        0.2259222
       9.0000000        0.2302997
      10.0000000        0.2350426
      11.0000000        0.2397015
      12.0000000        0.2423890
      13.0000000        0.2417062
      14.0000000        0.2387247
      15.0000000        0.2352136
      16.0000000        0.2335033
       1.0000000        0.0402570
       2.0000000        0.1122541
       3.0000000        0.1632081
       4.0000000        0.1910055
       5.0000000        0.2056029
       6.0000000        0.2122815
       7.0000000        0.2155970
       8.0000000        0.2194684
       9.0000000        0.2244166
      10.0000000        0.2297074
      11.0000000        0.2348611
      12.0000000        0.2381473
      13.0000000        0.2381967
      14.0000000        0.2349220
      15.0000000        0.2296689
      16.0000000        0.2268066
       1.0000000        0.0408375
       2.0000000        0.1142184
       3.0000000        0.1656672
       4.0000000        0.1918628
       5.0000000        0.2045156
       6.0000000        0.2107708
       7.0000000        0.2146622
       8.0000000        0.2185334
       9.0000000        0.2227005
      10.0000000        0.2270068
      11.0000000        0.2306834
      12.0000000        0.2323725
      13.0000000        0.2320410
      14.0000000        0.2302912
      15.0000000        0.2281751
      16.0000000        0.2272504
       1.0000000        0.0425752
       2.0000000        0.1183468
       3.0000000        0.1705966
       4.0000000        0.1973589
       5.0000000        0.2112342
       6.0000000        0.2190894
       7.0000000        0.2248519
       8.0000000        0.2293451
       9.0000000        0.2306196
      10.0000000        0.2288194
      11.0000000        0.2267949
      12.0000000        0.2256667
      13.0000000        0.2252868
      14.0000000        0.2258789
      15.0000000        0.2271281
      16.0000000        0.2278040
       1.0000000        0.0440514
       2.0000000        0.1221211
       3.0000000        0.1750566
       4.0000000        0.2011046
       5.0000000        0.2145856
       6.0000000        0.2231907
       7.0000000        0.2296503
       8.0000000        0.2333275
       9.0000000        0.2317443
      10.0000000        0.2262009
      11.0000000        0.2210809
      12.0000000        0.2180683
      13.0000000        0.2166789
      14.0000000        0.2165138
      15.0000000        0.2172021
      16.0000000        0.2177219
       1.0000000        0.0435839
       2.0000000        0.1214687
       3.0000000        0.1745452
       4.0000000        0.2007113
       5.0000000        0.2143067
       6.0000000        0.2213868
       7.0000000        0.2234536
       8.0000000        0.2226084
       9.0000000        0.2203042
      10.0000000        0.2173319
      11.0000000        0.2150871
      12.0000000        0.2148487
      13.0000000        0.2150814
      14.0000000        0.2136782
      15.0000000        0.2114353
      16.0000000        0.2104275
       1.0000000        0.0431171
       2.0000000        0.1195847
       3.0000000        0.1714180
       4.0000000        0.1979072
       5.0000000        0.2130865
       6.0000000        0.2211196
       7.0000000        0.2229764
       8.0000000        0.2210573
       9.0000000        0.2180444
      10.0000000        0.2162692
      11.0000000        0.2156481
      12.0000000        0.2146206
      13.0000000        0.2138218
      14.0000000        0.2137696
      15.0000000        0.2134062
      16.0000000        0.2129006
       1.0000000        0.0428151
       2.0000000        0.1184515
       3.0000000        0.1698492
       4.0000000        0.1970481
       5.0000000        0.2128649
       6.0000000        0.2213729
       7.0000000        0.2232992
       8.0000000        0.2220691
       9.0000000        0.2219175
      10.0000000        0.2226676
      11.0000000        0.2219293
      12.0000000        0.2195330
      13.0000000        0.2177510
      14.0000000        0.2174974
      15.0000000        0.2173396
      16.0000000        0.2170675
       1.0000000        0.0417198
       2.0000000        0.1166311
       3.0000000        0.1688631
       4.0000000        0.1962332
       5.0000000        0.2116114
       6.0000000        0.2204227
       7.0000000        0.2250349
       8.0000000        0.2274367
       9.0000000        0.2284745
      10.0000000        0.2289885
      11.0000000        0.2288982
      12.0000000        0.2261060
      13.0000000        0.2207013
      14.0000000        0.2153393
      15.0000000        0.2119955
      16.0000000        0.2109285
       1.0000000        0.0416939
       2.0000000        0.1169839
       3.0000000        0.1692530
       4.0000000        0.1962621
       5.0000000        0.2119696
       6.0000000        0.2223390
       7.0000000        0.2289703
       8.0000000        0.2318017
       9.0000000        0.2314187
      10.0000000        0.2303877
      11.0000000        0.2294197
      12.0000000        0.2266279
      13.0000000        0.2217165
      14.0000000        0.2157370
      15.0000000        0.2099204
      16.0000000        0.2073360
       1.0000000        0.0395498
       2.0000000        0.1116791
       3.0000000        0.1627233
       4.0000000        0.1894114
       5.0000000        0.2039750
       6.0000000        0.2121782
       7.0000000        0.2167759
       8.0000000        0.2192821
       9.0000000        0.2201928
      10.0000000        0.2208940
      11.0000000        0.2209944
      12.0000000        0.2178436
      13.0000000        0.2119386
      14.0000000        0.2066997
      15.0000000        0.2035188
      16.0000000        0.2024136
       1.0000000        0.0378685
       2.0000000        0.1066255
       3.0000000        0.1563608
       4.0000000        0.1840594
       5.0000000        0.1984362
       6.0000000        0.2040864
       7.0000000        0.2057099
       8.0000000        0.2069443
       9.0000000        0.2086635
      10.0000000        0.2099241
      11.0000000        0.2091264
      12.0000000        0.2058166
      13.0000000        0.2019219
      14.0000000        0.1995509
      15.0000000        0.1989711
      16.0000000        0.1990530
       1.0000000        0.0368369
       2.0000000        0.1049025
       3.0000000        0.1559401
       4.0000000        0.1850148
       5.0000000        0.1997534
       6.0000000        0.2056492
       7.0000000        0.2075097
       8.0000000        0.2078308
       9.0000000        0.2071881
      10.0000000        0.2059932
      11.0000000        0.2040920
      12.0000000        0.2012535
      13.0000000        0.1994616
      14.0000000        0.2001228
      15.0000000        0.2016740
      16.0000000        0.2023786
       1.0000000        0.0367043
       2.0000000        0.1041231
       3.0000000        0.1535151
       4.0000000        0.1811084
       5.0000000        0.1962284
       6.0000000        0.2040653
       7.0000000        0.2086248
       8.0000000        0.2116939
       9.0000000        0.2120485
      10.0000000        0.2097649
      11.0000000        0.2065830
      12.0000000        0.2041377
      13.0000000        0.2032451
      14.0000000        0.2036768
      15.0000000        0.2048136
      16.0000000        0.2054892
       1.0000000        0.0354728
       2.0000000        0.0998736
       3.0000000        0.1465895
       4.0000000        0.1734914
       5.0000000        0.1903661
       6.0000000        0.2019535
       7.0000000        0.2100882
       8.0000000        0.2153912
       9.0000000        0.2174069
      10.0000000        0.2171023
      11.0000000        0.2163484
      12.0000000        0.2148194
      13.0000000        0.2116624
      14.0000000        0.2088408
      15.0000000        0.2084953
      16.0000000        0.2090037
       1.0000000        0.0344450
       2.0000000        0.0970356
       3.0000000        0.1439128
       4.0000000        0.1718172
       5.0000000        0.1890491
       6.0000000        0.2005470
       7.0000000        0.2087857
       8.0000000        0.2152482
       9.0000000        0.2194588
      10.0000000        0.2211366
      11.0000000        0.2205319
      12.0000000        0.2171615
      13.0000000        0.2114909
      14.0000000        0.2057126
      15.0000000        0.2017428
      16.0000000        0.2003900
       1.0000000        0.0325353
       2.0000000        0.0936164
       3.0000000        0.1417799
       4.0000000        0.1703965
       5.0000000        0.1866398
       6.0000000        0.1969499
       7.0000000        0.2045351
       8.0000000        0.2111117
       9.0000000        0.2164631
      10.0000000        0.2185672
      11.0000000        0.2163948
      12.0000000        0.2113651
      13.0000000        0.2059112
      14.0000000        0.2011726
      15.0000000        0.1973486
      16.0000000        0.1957320
       1.0000000        0.0324353
       2.0000000        0.0922684
       3.0000000        0.1374187
       4.0000000        0.1633663
       5.0000000        0.1785606
       6.0000000        0.1885644
       7.0000000        0.1958558
       8.0000000        0.2014574
       9.0000000        0.2047267
      10.0000000        0.2054212
      11.0000000        0.2047822
      12.0000000        0.2031045
      13.0000000        0.1997416
      14.0000000        0.1951482
      15.0000000        0.1911222
      16.0000000        0.1895379
       1.0000000        0.0321617
       2.0000000        0.0910967
       3.0000000        0.1341393
       4.0000000        0.1586511
       5.0000000        0.1737612
       6.0000000        0.1837294
       7.0000000        0.1902868
       8.0000000        0.1945243
       9.0000000        0.1967351
      10.0000000        0.1977369
      11.0000000        0.1975741
      12.0000000        0.1956343
      13.0000000        0.1915626
      14.0000000        0.1863557
      15.0000000        0.1823142
      16.0000000        0.1808512
       1.0000000        0.0319691
       2.0000000        0.0914655
       3.0000000        0.1362431
       4.0000000        0.1625120
       5.0000000        0.1788555
       6.0000000        0.1904288
       7.0000000        0.1984837
       8.0000000        0.2028945
       9.0000000        0.2039305
      10.0000000        0.2026197
      11.0000000        0.2005646
      12.0000000        0.1980922
      13.0000000        0.1945733
      14.0000000        0.1911064
      15.0000000        0.1893747
      16.0000000        0.1890599
       1.0000000        0.0329292
       2.0000000        0.0948634
       3.0000000        0.1442726
       4.0000000        0.1764164
       5.0000000        0.1977684
       6.0000000        0.2122857
       7.0000000        0.2213798
       8.0000000        0.2252622
       9.0000000        0.2242967
      10.0000000        0.2208306
      11.0000000        0.2170314
      12.0000000        0.2131954
      13.0000000        0.2094666
      14.0000000        0.2061625
      15.0000000        0.2035923
      16.0000000        0.2025577
       1.0000000        0.0337915
       2.0000000        0.0986580
       3.0000000        0.1529456
       4.0000000        0.1899100
       5.0000000        0.2141827
       6.0000000        0.2297070
       7.0000000        0.2383606
       8.0000000        0.2411101
       9.0000000        0.2390333
      10.0000000        0.2342442
      11.0000000        0.2288741
      12.0000000        0.2234861
      13.0000000        0.2184983
      14.0000000        0.2142478
      15.0000000        0.2108800
      16.0000000        0.2094904
       1.0000000        0.0324097
       2.0000000        0.0956362
       3.0000000        0.1498833
       4.0000000        0.1877806
       5.0000000        0.2133070
       6.0000000        0.2288542
       7.0000000        0.2358198
       8.0000000        0.2363387
       9.0000000        0.2329515
      10.0000000        0.2284853
      11.0000000        0.2245760
      12.0000000        0.2210330
      13.0000000        0.2177000
      14.0000000        0.2149072
      15.0000000        0.2128656
      16.0000000        0.2120856
       1.0000000        0.0308832
       2.0000000        0.0914154
       3.0000000        0.1427187
       4.0000000        0.1785042
       5.0000000        0.2035404
       6.0000000        0.2196350
       7.0000000        0.2273905
       8.0000000        0.2289076
       9.0000000        0.2272059
      10.0000000        0.2250903
      11.0000000        0.2237737
      12.0000000        0.2228715
      13.0000000        0.2224410
      14.0000000        0.2230404
      15.0000000        0.2241879
      16.0000000        0.2247355
       1.0000000        0.0310310
       2.0000000        0.0919774
       3.0000000        0.1433123
       4.0000000        0.1784639
       5.0000000        0.2028064
       6.0000000        0.2183807
       7.0000000        0.2262173
       8.0000000        0.2287911
       9.0000000        0.2288904
      10.0000000        0.2288909
      11.0000000        0.2297777
      12.0000000        0.2313641
      13.0000000        0.2331338
      14.0000000        0.2345677
      15.0000000        0.2353883
      16.0000000        0.2356240
       1.0000000        0.0323300
       2.0000000        0.0956354
       3.0000000        0.1479788
       4.0000000        0.1823359
       5.0000000        0.2050281
       6.0000000        0.2190649
       7.0000000        0.2264290
       8.0000000        0.2298162
       9.0000000        0.2309578
      10.0000000        0.2321212
      11.0000000        0.2356035
      12.0000000        0.2405545
      13.0000000        0.2442589
      14.0000000        0.2460302
      15.0000000        0.2469546
      16.0000000        0.2473603
       1.0000000        0.0328381
       2.0000000        0.0965769
       3.0000000        0.1487510
       4.0000000        0.1819634
       5.0000000        0.2030628
       6.0000000        0.2164957
       7.0000000        0.2245450
       8.0000000        0.2296509
       9.0000000        0.2337499
      10.0000000        0.2376928
      11.0000000        0.2416211
      12.0000000        0.2454321
      13.0000000        0.2487543
      14.0000000        0.2513679
      15.0000000        0.2532309
      16.0000000        0.2539144
       1.0000000        0.0342530
       2.0000000        0.0990259
       3.0000000        0.1493882
       4.0000000        0.1805510
       5.0000000        0.2017412
       6.0000000        0.2170890
       7.0000000        0.2271962
       8.0000000        0.2337388
       9.0000000        0.2393312
      10.0000000        0.2451853
      11.0000000        0.2503051
      12.0000000        0.2534012
      13.0000000        0.2549264
      14.0000000        0.2564157
      15.0000000        0.2584047
      16.0000000        0.2594699
       1.0000000        0.0359668
       2.0000000        0.1035338
       3.0000000        0.1553876
       4.0000000        0.1872603
       5.0000000        0.2082811
       6.0000000        0.2222185
       7.0000000        0.2318040
       8.0000000        0.2402637
       9.0000000        0.2481930
      10.0000000        0.2547340
      11.0000000        0.2598820
      12.0000000        0.2636695
      13.0000000        0.2657388
      14.0000000        0.2665805
      15.0000000        0.2669480
      16.0000000        0.2670705
       1.0000000        0.0364865
       2.0000000        0.1052160
       3.0000000        0.1593454
       4.0000000        0.1941742
       5.0000000        0.2174983
       6.0000000        0.2329213
       7.0000000        0.2424495
       8.0000000        0.2491159
       9.0000000        0.2551545
      10.0000000        0.2601914
      11.0000000        0.2636043
      12.0000000        0.2666051
      13.0000000        0.2696710
      14.0000000        0.2708554
      15.0000000        0.2694352
      16.0000000        0.2682317
       1.0000000        0.0370190
       2.0000000        0.1074420
       3.0000000        0.1642417
       4.0000000        0.2010494
       5.0000000        0.2247990
       6.0000000        0.2396810
       7.0000000        0.2489716
       8.0000000        0.2553625
       9.0000000        0.2602268
      10.0000000        0.2641386
      11.0000000        0.2678547
      12.0000000        0.2721159
      13.0000000        0.2758164
      14.0000000        0.2767090
      15.0000000        0.2752548
      16.0000000        0.2742493
       1.0000000        0.0375922
       2.0000000        0.1088527
       3.0000000        0.1653841
       4.0000000        0.2004178
       5.0000000        0.2221575
       6.0000000        0.2357202
       7.0000000        0.2446581
       8.0000000        0.2522259
       9.0000000        0.2592750
      10.0000000        0.2648225
      11.0000000        0.2691489
      12.0000000        0.2732177
      13.0000000        0.2770724
      14.0000000        0.2796552
      15.0000000        0.2806450
      16.0000000        0.2807707
       1.0000000        0.0367671
       2.0000000        0.1052141
       3.0000000        0.1586174
       4.0000000        0.1920332
       5.0000000        0.2132992
       6.0000000        0.2274787
       7.0000000        0.2374406
       8.0000000        0.2451964
       9.0000000        0.2516984
      10.0000000        0.2580914
      11.0000000        0.2653056
      12.0000000        0.2716573
      13.0000000        0.2754184
      14.0000000        0.2770199
      15.0000000        0.2777756
      16.0000000        0.2780997
       1.0000000        0.0364162
       2.0000000        0.1037128
       3.0000000        0.1554445
       4.0000000        0.1879598
       5.0000000        0.2095321
       6.0000000        0.2240822
       7.0000000        0.2340160
       8.0000000        0.2419536
       9.0000000        0.2492377
      10.0000000        0.2564158
      11.0000000        0.2631115
      12.0000000        0.2679035
      13.0000000        0.2696568
      14.0000000        0.2693226
      15.0000000        0.2690260
      16.0000000        0.2691014
       1.0000000        0.0369412
       2.0000000        0.1047803
       3.0000000        0.1550320
       4.0000000        0.1851285
       5.0000000        0.2054731
       6.0000000        0.2198161
       7.0000000        0.2299041
       8.0000000        0.2385918
       9.0000000        0.2467381
      10.0000000        0.2539701
      11.0000000        0.2601854
      12.0000000        0.2646213
      13.0000000        0.2666112
      14.0000000        0.2665363
      15.0000000        0.2655290
      16.0000000        0.2649844
       1.0000000        0.0372473
       2.0000000        0.1051007
       3.0000000        0.1542064
       4.0000000        0.1831105
       5.0000000        0.2034317
       6.0000000        0.2187030
       7.0000000        0.2294431
       8.0000000        0.2377751
       9.0000000        0.2446591
      10.0000000        0.2493951
      11.0000000        0.2527915
      12.0000000        0.2563658
      13.0000000        0.2592133
      14.0000000        0.2597334
      15.0000000        0.2583743
      16.0000000        0.2574224
       1.0000000        0.0374728
       2.0000000        0.1043772
       3.0000000        0.1518882
       4.0000000        0.1804016
       5.0000000        0.2004206
       6.0000000        0.2137303
       7.0000000        0.2227451
       8.0000000        0.2313010
       9.0000000        0.2392297
      10.0000000        0.2444836
      11.0000000        0.2476827
      12.0000000        0.2505636
      13.0000000        0.2525543
      14.0000000        0.2527644
      15.0000000        0.2525070
      16.0000000        0.2525105
       1.0000000        0.0354216
       2.0000000        0.0992664
       3.0000000        0.1452733
       4.0000000        0.1728407
       5.0000000        0.1913821
       6.0000000        0.2041755
       7.0000000        0.2134302
       8.0000000        0.2220136
       9.0000000        0.2305088
      10.0000000        0.2372203
      11.0000000        0.2418429
      12.0000000        0.2453215
      13.0000000        0.2478046
      14.0000000        0.2497338
      15.0000000        0.2515415
      16.0000000        0.2524206
       1.0000000        0.0355202
       2.0000000        0.0992616
       3.0000000        0.1446820
       4.0000000        0.1715110
       5.0000000        0.1893888
       6.0000000        0.2014750
       7.0000000        0.2103302
       8.0000000        0.2190085
       9.0000000        0.2282798
      10.0000000        0.2361969
      11.0000000        0.2407319
      12.0000000        0.2424307
      13.0000000        0.2443529
      14.0000000        0.2477756
      15.0000000        0.2510128
      16.0000000        0.2522643
       1.0000000        0.0360669
       2.0000000        0.1017620
       3.0000000        0.1486962
       4.0000000        0.1747334
       5.0000000        0.1914881
       6.0000000        0.2036776
       7.0000000        0.2134873
       8.0000000        0.2237335
       9.0000000        0.2342056
      10.0000000        0.2423682
      11.0000000        0.2477064
      12.0000000        0.2515782
      13.0000000        0.2549132
      14.0000000        0.2574189
      15.0000000        0.2589700
      16.0000000        0.2595466
       1.0000000        0.0362294
       2.0000000        0.1021843
       3.0000000        0.1494247
       4.0000000        0.1759714
       5.0000000        0.1940436
       6.0000000        0.2092824
       7.0000000        0.2230915
       8.0000000        0.2358347
       9.0000000        0.2470867
      10.0000000        0.2559317
      11.0000000        0.2618536
      12.0000000        0.2656951
      13.0000000        0.2693313
      14.0000000        0.2730009
      15.0000000        0.2754097
      16.0000000        0.2761384
       1.0000000        0.0361101
       2.0000000        0.1019997
       3.0000000        0.1499647
       4.0000000        0.1781397
       5.0000000        0.1979369
       6.0000000        0.2150106
       7.0000000        0.2308077
       8.0000000        0.2446458
       9.0000000        0.2559669
      10.0000000        0.2653766
      11.0000000        0.2735744
      12.0000000        0.2801579
      13.0000000        0.2841274
      14.0000000        0.2853393
      15.0000000        0.2857301
      16.0000000        0.2860656
       1.0000000        0.0360104
       2.0000000        0.1015671
       3.0000000        0.1506160
       4.0000000        0.1809858
       5.0000000        0.2026612
       6.0000000        0.2205083
       7.0000000        0.2354394
       8.0000000        0.2483540
       9.0000000        0.2598334
      10.0000000        0.2696582
      11.0000000        0.2779680
      12.0000000        0.2847888
      13.0000000        0.2890425
      14.0000000        0.2900966
      15.0000000        0.2895935
      16.0000000        0.2893291
       1.0000000        0.0352442
       2.0000000        0.1002813
       3.0000000        0.1502218
       4.0000000        0.1828862
       5.0000000        0.2066914
       6.0000000        0.2247049
       7.0000000        0.2391723
       8.0000000        0.2519187
       9.0000000        0.2629259
      10.0000000        0.2723028
      11.0000000        0.2808160
      12.0000000        0.2888117
      13.0000000        0.2955134
      14.0000000        0.2993930
      15.0000000        0.3002087
      16.0000000        0.2999444
       1.0000000        0.0359047
       2.0000000        0.1028803
       3.0000000        0.1553499
       4.0000000        0.1901037
       5.0000000        0.2142162
       6.0000000        0.2311127
       7.0000000        0.2445532
       8.0000000        0.2574157
       9.0000000        0.2697380
      10.0000000        0.2810439
      11.0000000        0.2910515
      12.0000000        0.2988037
      13.0000000        0.3043551
      14.0000000        0.3085788
      15.0000000        0.3112955
      16.0000000        0.3121459
       1.0000000        0.0381693
       2.0000000        0.1089943
       3.0000000        0.1627645
       4.0000000        0.1962999
       5.0000000        0.2196521
       6.0000000        0.2364928
       7.0000000        0.2492342
       8.0000000        0.2612296
       9.0000000        0.2737039
      10.0000000        0.2860614
      11.0000000        0.2974098
      12.0000000        0.3058798
      13.0000000        0.3110284
      14.0000000        0.3148938
      15.0000000        0.3179266
      16.0000000        0.3190891
       1.0000000        0.0396755
       2.0000000        0.1119429
       3.0000000        0.1644702
       4.0000000        0.1958739
       5.0000000        0.2176554
       6.0000000        0.2336746
       7.0000000        0.2461608
       8.0000000        0.2576414
       9.0000000        0.2696419
      10.0000000        0.2831070
      11.0000000        0.2967487
      12.0000000        0.3070952
      13.0000000        0.3131107
      14.0000000        0.3174371
      15.0000000        0.3214861
      16.0000000        0.3232939
       1.0000000        0.0397436
       2.0000000        0.1102393
       3.0000000        0.1599743
       4.0000000        0.1904876
       5.0000000        0.2135933
       6.0000000        0.2320483
       7.0000000        0.2469963
       8.0000000        0.2607662
       9.0000000        0.2744365
      10.0000000        0.2875828
      11.0000000        0.2998981
      12.0000000        0.3107138
      13.0000000        0.3181146
      14.0000000        0.3214783
      15.0000000        0.3222319
      16.0000000        0.3221992
       1.0000000        0.0392545
       2.0000000        0.1074404
       3.0000000        0.1547233
       4.0000000        0.1853946
       5.0000000        0.2104416
       6.0000000        0.2321378
       7.0000000        0.2520321
       8.0000000        0.2700937
       9.0000000        0.2854269
      10.0000000        0.2987231
      11.0000000        0.3100002
      12.0000000        0.3188704
      13.0000000        0.3255242
      14.0000000        0.3295565
      15.0000000        0.3309273
      16.0000000        0.3310153
       1.0000000        0.0376818
       2.0000000        0.1037068
       3.0000000        0.1520979
       4.0000000        0.1860304
       5.0000000        0.2145367
       6.0000000        0.2394373
       7.0000000        0.2598786
       8.0000000        0.2761096
       9.0000000        0.2907120
      10.0000000        0.3051345
      11.0000000        0.3180436
      12.0000000        0.3277927
      13.0000000        0.3340594
      14.0000000        0.3374902
      15.0000000        0.3396052
      16.0000000        0.3405325
       1.0000000        0.0374057
       2.0000000        0.1045966
       3.0000000        0.1557955
       4.0000000        0.1919237
       5.0000000        0.2211177
       6.0000000        0.2455991
       7.0000000        0.2657969
       8.0000000        0.2826796
       9.0000000        0.2975790
      10.0000000        0.3118536
      11.0000000        0.3262452
      12.0000000        0.3393520
      13.0000000        0.3486432
      14.0000000        0.3536391
      15.0000000        0.3561845
      16.0000000        0.3571773
       1.0000000        0.0387975
       2.0000000        0.1083111
       3.0000000        0.1600188
       4.0000000        0.1951942
       5.0000000        0.2233613
       6.0000000        0.2466668
       7.0000000        0.2657754
       8.0000000        0.2820020
       9.0000000        0.2967109
      10.0000000        0.3116636
      11.0000000        0.3272203
      12.0000000        0.3412346
      13.0000000        0.3515846
      14.0000000        0.3586745
      15.0000000        0.3639343
      16.0000000        0.3662500
       1.0000000        0.0407521
       2.0000000        0.1125822
       3.0000000        0.1631886
       4.0000000        0.1953171
       5.0000000        0.2222093
       6.0000000        0.2463793
       7.0000000        0.2660557
       8.0000000        0.2820931
       9.0000000        0.2960519
      10.0000000        0.3085249
      11.0000000        0.3207999
      12.0000000        0.3334227
      13.0000000        0.3436892
      14.0000000        0.3490970
      15.0000000        0.3513867
      16.0000000        0.3522452
       1.0000000        0.0410320
       2.0000000        0.1129632
       3.0000000        0.1640811
       4.0000000        0.1981517
       5.0000000        0.2266181
       6.0000000        0.2507340
       7.0000000        0.2701308
       8.0000000        0.2854287
       9.0000000        0.2982218
      10.0000000        0.3103713
      11.0000000        0.3214053
      12.0000000        0.3294098
      13.0000000        0.3335774
      14.0000000        0.3342732
      15.0000000        0.3325371
      16.0000000        0.3312890
       1.0000000        0.0415371
       2.0000000        0.1146421
       3.0000000        0.1681111
       4.0000000        0.2053999
       5.0000000        0.2364428
       6.0000000        0.2610544
       7.0000000        0.2790780
       8.0000000        0.2929454
       9.0000000        0.3049439
      10.0000000        0.3155631
      11.0000000        0.3229987
      12.0000000        0.3257604
      13.0000000        0.3261338
      14.0000000        0.3262339
      15.0000000        0.3259373
      16.0000000        0.3255404
       1.0000000        0.0418668
       2.0000000        0.1148620
       3.0000000        0.1685522
       4.0000000        0.2069787
       5.0000000        0.2390388
       6.0000000        0.2640351
       7.0000000        0.2821436
       8.0000000        0.2971548
       9.0000000        0.3089629
      10.0000000        0.3160963
      11.0000000        0.3197466
      12.0000000        0.3215986
      13.0000000        0.3224107
      14.0000000        0.3220552
      15.0000000        0.3202042
      16.0000000        0.3189448
       1.0000000        0.0403513
       2.0000000        0.1105601
       3.0000000        0.1626597
       4.0000000        0.1995926
       5.0000000        0.2306599
       6.0000000        0.2570823
       7.0000000        0.2781047
       8.0000000        0.2946608
       9.0000000        0.3073767
      10.0000000        0.3155064
      11.0000000        0.3195392
      12.0000000        0.3220763
      13.0000000        0.3241704
      14.0000000        0.3250635
      15.0000000        0.3241007
      16.0000000        0.3231396
       1.0000000        0.0384969
       2.0000000        0.1088108
       3.0000000        0.1620719
       4.0000000        0.1981082
       5.0000000        0.2286861
       6.0000000        0.2558605
       7.0000000        0.2776787
       8.0000000        0.2940543
       9.0000000        0.3061833
      10.0000000        0.3159958
      11.0000000        0.3242820
      12.0000000        0.3299730
      13.0000000        0.3334368
      14.0000000        0.3355944
      15.0000000        0.3360838
      16.0000000        0.3358204
       1.0000000        0.0384668
       2.0000000        0.1093716
       3.0000000        0.1643769
       4.0000000        0.2015337
       5.0000000        0.2302263
       6.0000000        0.2537637
       7.0000000        0.2730900
       8.0000000        0.2891486
       9.0000000        0.3021217
      10.0000000        0.3125158
      11.0000000        0.3218627
      12.0000000        0.3298584
      13.0000000        0.3360335
      14.0000000        0.3411873
      15.0000000        0.3444361
      16.0000000        0.3453704
       1.0000000        0.0379740
       2.0000000        0.1079652
       3.0000000        0.1613924
       4.0000000        0.1964295
       5.0000000        0.2238092
       6.0000000        0.2453189
       7.0000000        0.2619261
       8.0000000        0.2766314
       9.0000000        0.2901870
      10.0000000        0.3019912
      11.0000000        0.3120846
      12.0000000        0.3209487
      13.0000000        0.3291022
      14.0000000        0.3366594
      15.0000000        0.3427631
      16.0000000        0.3451797
       1.0000000        0.0377972
       2.0000000        0.1074599
       3.0000000        0.1604942
       4.0000000        0.1946809
       5.0000000        0.2200600
       6.0000000        0.2401440
       7.0000000        0.2567919
       8.0000000        0.2719272
       9.0000000        0.2855058
      10.0000000        0.2975525
      11.0000000        0.3086793
      12.0000000        0.3180153
      13.0000000        0.3255509
      14.0000000        0.3323824
      15.0000000        0.3383253
      16.0000000        0.3408249
       1.0000000        0.0390109
       2.0000000        0.1104003
       3.0000000        0.1639956
       4.0000000        0.1981298
       5.0000000        0.2225409
       6.0000000        0.2416364
       7.0000000        0.2580726
       8.0000000        0.2725634
       9.0000000        0.2842572
      10.0000000        0.2939625
      11.0000000        0.3038967
      12.0000000        0.3147342
      13.0000000        0.3247208
      14.0000000        0.3319313
      15.0000000        0.3358567
      16.0000000        0.3370130
       1.0000000        0.0411559
       2.0000000        0.1151513
       3.0000000        0.1695413
       4.0000000        0.2034996
       5.0000000        0.2271032
       6.0000000        0.2439785
       7.0000000        0.2562587
       8.0000000        0.2667798
       9.0000000        0.2775235
      10.0000000        0.2891970
      11.0000000        0.3018958
      12.0000000        0.3144676
      13.0000000        0.3249747
      14.0000000        0.3324505
      15.0000000        0.3361928
      16.0000000        0.3370942
       1.0000000        0.0440358
       2.0000000        0.1230960
       3.0000000        0.1802902
       4.0000000        0.2141363
       5.0000000        0.2350491
       6.0000000        0.2479263
       7.0000000        0.2573185
       8.0000000        0.2668933
       9.0000000        0.2792111
      10.0000000        0.2943963
      11.0000000        0.3099597
      12.0000000        0.3232464
      13.0000000        0.3329762
      14.0000000        0.3379655
      15.0000000        0.3384640
      16.0000000        0.3378049
       1.0000000        0.0451793
       2.0000000        0.1262173
       3.0000000        0.1834172
       4.0000000        0.2149850
       5.0000000        0.2346330
       6.0000000        0.2488717
       7.0000000        0.2600321
       8.0000000        0.2709082
       9.0000000        0.2835144
      10.0000000        0.2972977
      11.0000000        0.3111503
      12.0000000        0.3228011
      13.0000000        0.3299654
      14.0000000        0.3323266
      15.0000000        0.3314044
      16.0000000        0.3304166
       1.0000000        0.0430883
       2.0000000        0.1192833
       3.0000000        0.1727967
       4.0000000        0.2053119
       5.0000000        0.2293918
       6.0000000        0.2474755
       7.0000000        0.2601816
       8.0000000        0.2705012
       9.0000000        0.2800925
      10.0000000        0.2891603
      11.0000000        0.2982070
      12.0000000        0.3066834
      13.0000000        0.3136995
      14.0000000        0.3182361
      15.0000000        0.3201105
      16.0000000        0.3205249
       1.0000000        0.0420096
       2.0000000        0.1166110
       3.0000000        0.1698231
       4.0000000        0.2028933
       5.0000000        0.2285747
       6.0000000        0.2491273
       7.0000000        0.2631360
       8.0000000        0.2725692
       9.0000000        0.2806581
      10.0000000        0.2875311
      11.0000000        0.2920496
      12.0000000        0.2953154
      13.0000000        0.2986778
      14.0000000        0.3013142
      15.0000000        0.3028645
      16.0000000        0.3034741
       1.0000000        0.0418296
       2.0000000        0.1160730
       3.0000000        0.1678325
       4.0000000        0.1979602
       5.0000000        0.2208714
       6.0000000        0.2398515
       7.0000000        0.2537994
       8.0000000        0.2646465
       9.0000000        0.2735506
      10.0000000        0.2795140
      11.0000000        0.2833539
      12.0000000        0.2857543
      13.0000000        0.2862629
      14.0000000        0.2863890
      15.0000000        0.2870317
      16.0000000        0.2872709
       1.0000000        0.0413306
       2.0000000        0.1135992
       3.0000000        0.1630478
       4.0000000        0.1915385
       5.0000000        0.2118571
       6.0000000        0.2274584
       7.0000000        0.2393235
       8.0000000        0.2495149
       9.0000000        0.2584143
      10.0000000        0.2641952
      11.0000000        0.2666667
      12.0000000        0.2675758
      13.0000000        0.2686924
      14.0000000        0.2703795
      15.0000000        0.2712092
      16.0000000        0.2712060
       1.0000000        0.0404976
       2.0000000        0.1119062
       3.0000000        0.1616861
       4.0000000        0.1904747
       5.0000000        0.2099766
       6.0000000        0.2239773
       7.0000000        0.2347739
       8.0000000        0.2446430
       9.0000000        0.2525417
      10.0000000        0.2568524
      11.0000000        0.2592848
      12.0000000        0.2620294
      13.0000000        0.2650144
      14.0000000        0.2684450
      15.0000000        0.2724630
      16.0000000        0.2744979
       1.0000000        0.0398896
       2.0000000        0.1105281
       3.0000000        0.1599520
       4.0000000        0.1888277
       5.0000000        0.2090062
       6.0000000        0.2236915
       7.0000000        0.2349029
       8.0000000        0.2454522
       9.0000000        0.2544869
      10.0000000        0.2610702
      11.0000000        0.2670051
      12.0000000        0.2725218
      13.0000000        0.2758917
      14.0000000        0.2764169
      15.0000000        0.2759587
      16.0000000        0.2758243
       1.0000000        0.0386164
       2.0000000        0.1082884
       3.0000000        0.1581442
       4.0000000        0.1875816
       5.0000000        0.2086353
       6.0000000        0.2242852
       7.0000000        0.2354004
       8.0000000        0.2454910
       9.0000000        0.2560032
      10.0000000        0.2658091
      11.0000000        0.2737047
      12.0000000        0.2787899
      13.0000000        0.2812926
      14.0000000        0.2830399
      15.0000000        0.2845580
      16.0000000        0.2851006
       1.0000000        0.0367004
       2.0000000        0.1042235
       3.0000000        0.1549817
       4.0000000        0.1873143
       5.0000000        0.2108722
       6.0000000        0.2279384
       7.0000000        0.2398302
       8.0000000        0.2500579
       9.0000000        0.2597709
      10.0000000        0.2676507
      11.0000000        0.2735395
      12.0000000        0.2783736
      13.0000000        0.2821591
      14.0000000        0.2845284
      15.0000000        0.2856859
      16.0000000        0.2860182
       1.0000000        0.0352293
       2.0000000        0.0998282
       3.0000000        0.1497243
       4.0000000        0.1840824
       5.0000000        0.2107599
       6.0000000        0.2316364
       7.0000000        0.2473263
       8.0000000        0.2585593
       9.0000000        0.2657668
      10.0000000        0.2701250
      11.0000000        0.2730326
      12.0000000        0.2755918
      13.0000000        0.2788723
      14.0000000        0.2828276
      15.0000000        0.2860569
      16.0000000        0.2872667
       1.0000000        0.0357909
       2.0000000        0.1032444
       3.0000000        0.1577820
       4.0000000        0.1953498
       5.0000000        0.2229146
       6.0000000        0.2441264
       7.0000000        0.2605466
       8.0000000        0.2723697
       9.0000000        0.2799199
      10.0000000        0.2846120
      11.0000000        0.2879579
      12.0000000        0.2904541
      13.0000000        0.2931020
      14.0000000        0.2970656
      15.0000000        0.3011017
      16.0000000        0.3027275
       1.0000000        0.0388789
       2.0000000        0.1128855
       3.0000000        0.1721609
       4.0000000        0.2119377
       5.0000000        0.2418606
       6.0000000        0.2647443
       7.0000000        0.2802751
       8.0000000        0.2900239
       9.0000000        0.2967360
      10.0000000        0.3026792
      11.0000000        0.3080626
      12.0000000        0.3115140
      13.0000000        0.3131869
      14.0000000        0.3147992
      15.0000000        0.3167792
      16.0000000        0.3177969
       1.0000000        0.0397165
       2.0000000        0.1160580
       3.0000000        0.1780888
       4.0000000        0.2203347
       5.0000000        0.2516778
       6.0000000        0.2743291
       7.0000000        0.2889860
       8.0000000        0.2984987
       9.0000000        0.3052374
      10.0000000        0.3101559
      11.0000000        0.3132781
      12.0000000        0.3144172
      13.0000000        0.3147807
      14.0000000        0.3154017
      15.0000000        0.3160098
      16.0000000        0.3162888
       1.0000000        0.0378745
       2.0000000        0.1112583
       3.0000000        0.1719497
       4.0000000        0.2132566
       5.0000000        0.2423760
       6.0000000        0.2629589
       7.0000000        0.2774259
       8.0000000        0.2886165
       9.0000000        0.2975264
      10.0000000        0.3031792
      11.0000000        0.3050820
      12.0000000        0.3042985
      13.0000000        0.3027101
      14.0000000        0.3013401
      15.0000000        0.3003401
      16.0000000        0.2999557
       1.0000000        0.0378804
       2.0000000        0.1101133
       3.0000000        0.1683750
       4.0000000        0.2068239
       5.0000000        0.2342372
       6.0000000        0.2549976
       7.0000000        0.2706519
       8.0000000        0.2829694
       9.0000000        0.2917246
      10.0000000        0.2965456
      11.0000000        0.2984051
      12.0000000        0.2979777
      13.0000000        0.2961480
      14.0000000        0.2943311
      15.0000000        0.2928920
      16.0000000        0.2922625
       1.0000000        0.0387948
       2.0000000        0.1115135
       3.0000000        0.1695114
       4.0000000        0.2079473
       5.0000000        0.2342813
       6.0000000        0.2529172
       7.0000000        0.2672842
       8.0000000        0.2789489
       9.0000000        0.2878239
      10.0000000        0.2938189
      11.0000000        0.2964589
      12.0000000        0.2958534
      13.0000000        0.2937331
      14.0000000        0.2919125
      15.0000000        0.2906122
      16.0000000        0.2900103
       1.0000000        0.0391514
       2.0000000        0.1140528
       3.0000000        0.1742938
       4.0000000        0.2125641
       5.0000000        0.2365285
       6.0000000        0.2517200
       7.0000000        0.2626340
       8.0000000        0.2716016
       9.0000000        0.2781019
      10.0000000        0.2820223
      11.0000000        0.2845526
      12.0000000        0.2856036
      13.0000000        0.2840598
      14.0000000        0.2810408
      15.0000000        0.2786857
      16.0000000        0.2778969
       1.0000000        0.0405299
       2.0000000        0.1172156
       3.0000000        0.1762230
       4.0000000        0.2111906
       5.0000000        0.2328972
       6.0000000        0.2468706
       7.0000000        0.2556999
       8.0000000        0.2623659
       9.0000000        0.2680667
      10.0000000        0.2723391
      11.0000000        0.2743472
      12.0000000        0.2746746
      13.0000000        0.2750250
      14.0000000        0.2749547
      15.0000000        0.2730894
      16.0000000        0.2716838
       1.0000000        0.0393045
       2.0000000        0.1128859
       3.0000000        0.1683828
       4.0000000        0.2012701
       5.0000000        0.2236031
       6.0000000        0.2401706
       7.0000000        0.2509544
       8.0000000        0.2576250
       9.0000000        0.2631318
      10.0000000        0.2689015
      11.0000000        0.2735326
      12.0000000        0.2752926
      13.0000000        0.2749748
      14.0000000        0.2739348
      15.0000000        0.2725374
      16.0000000        0.2718072
       1.0000000        0.0385075
       2.0000000        0.1096797
       3.0000000        0.1639331
       4.0000000        0.1985446
       5.0000000        0.2239704
       6.0000000        0.2432245
       7.0000000        0.2566912
       8.0000000        0.2664565
       9.0000000        0.2739282
      10.0000000        0.2796659
      11.0000000        0.2832066
      12.0000000        0.2838132
      13.0000000        0.2824244
      14.0000000        0.2802609
      15.0000000        0.2779361
      16.0000000        0.2768166
       1.0000000        0.0383851
       2.0000000        0.1097914
       3.0000000        0.1645393
       4.0000000        0.1996955
       5.0000000        0.2248309
       6.0000000        0.2434130
       7.0000000        0.2575247
       8.0000000        0.2684252
       9.0000000        0.2768033
      10.0000000        0.2841749
      11.0000000        0.2901988
      12.0000000        0.2929149
      13.0000000        0.2923950
      14.0000000        0.2907750
      15.0000000        0.2897971
      16.0000000        0.2896074
       1.0000000        0.0394628
       2.0000000        0.1120136
       3.0000000        0.1651966
       4.0000000        0.1967234
       5.0000000        0.2194188
       6.0000000        0.2371617
       7.0000000        0.2505316
       8.0000000        0.2621878
       9.0000000        0.2738111
      10.0000000        0.2849871
      11.0000000        0.2938396
      12.0000000        0.2984471
      13.0000000        0.2997801
      14.0000000        0.3004391
      15.0000000        0.3007348
      16.0000000        0.3006164
       1.0000000        0.0399536
       2.0000000        0.1118607
       3.0000000        0.1631275
       4.0000000        0.1936501
       5.0000000        0.2165315
       6.0000000        0.2357511
       7.0000000        0.2517899
       8.0000000        0.2647164
       9.0000000        0.2746976
      10.0000000        0.2828435
      11.0000000        0.2900965
      12.0000000        0.2964368
      13.0000000        0.3021154
      14.0000000        0.3059522
      15.0000000        0.3064617
      16.0000000        0.3058882
       1.0000000        0.0397251
       2.0000000        0.1112702
       3.0000000        0.1642877
       4.0000000        0.1993687
       5.0000000        0.2271532
       6.0000000        0.2487982
       7.0000000        0.2635576
       8.0000000        0.2734069
       9.0000000        0.2801673
      10.0000000        0.2852747
      11.0000000        0.2899274
      12.0000000        0.2949483
      13.0000000        0.2996110
      14.0000000        0.3019721
      15.0000000        0.3017474
      16.0000000        0.3011085
       1.0000000        0.0398532
       2.0000000        0.1133761
       3.0000000        0.1714476
       4.0000000        0.2116635
       5.0000000        0.2409716
       6.0000000        0.2612175
       7.0000000        0.2733105
       8.0000000        0.2804776
       9.0000000        0.2866270
      10.0000000        0.2924510
      11.0000000        0.2966281
      12.0000000        0.2992719
      13.0000000        0.3015966
      14.0000000        0.3034389
      15.0000000        0.3047375
      16.0000000        0.3052973
       1.0000000        0.0416472
       2.0000000        0.1194936
       3.0000000        0.1817984
       4.0000000        0.2240911
       5.0000000        0.2533575
       6.0000000        0.2713860
       7.0000000        0.2805372
       8.0000000        0.2861244
       9.0000000        0.2921965
      10.0000000        0.2984833
      11.0000000        0.3026465
      12.0000000        0.3051894
      13.0000000        0.3079323
      14.0000000        0.3104229
      15.0000000        0.3120619
      16.0000000        0.3126357
       1.0000000        0.0439820
       2.0000000        0.1262563
       3.0000000        0.1910253
       4.0000000        0.2323759
       5.0000000        0.2600847
       6.0000000        0.2780377
       7.0000000        0.2878899
       8.0000000        0.2929218
       9.0000000        0.2963219
      10.0000000        0.2997677
      11.0000000        0.3025918
      12.0000000        0.3043153
      13.0000000        0.3059094
      14.0000000        0.3077883
      15.0000000        0.3094175
      16.0000000        0.3100758
       1.0000000        0.0434102
       2.0000000        0.1251876
       3.0000000        0.1898031
       4.0000000        0.2314035
       5.0000000        0.2589537
       6.0000000        0.2768222
       7.0000000        0.2879683
       8.0000000        0.2950746
       9.0000000        0.2983611
      10.0000000        0.2983116
      11.0000000        0.2969519
      12.0000000        0.2963732
      13.0000000        0.2978877
      14.0000000        0.3006911
      15.0000000        0.3028949
      16.0000000        0.3036418
       1.0000000        0.0418779
       2.0000000        0.1216888
       3.0000000        0.1856539
       4.0000000        0.2267939
       5.0000000        0.2535279
       6.0000000        0.2715872
       7.0000000        0.2850509
       8.0000000        0.2953013
       9.0000000        0.2995726
      10.0000000        0.2974259
      11.0000000        0.2930206
      12.0000000        0.2904813
      13.0000000        0.2907645
      14.0000000        0.2922529
      15.0000000        0.2933203
      16.0000000        0.2936863
       1.0000000        0.0397384
       2.0000000        0.1166383
       3.0000000        0.1789843
       4.0000000        0.2183596
       5.0000000        0.2437640
       6.0000000        0.2621383
       7.0000000        0.2764115
       8.0000000        0.2858070
       9.0000000        0.2881653
      10.0000000        0.2848974
      11.0000000        0.2802441
      12.0000000        0.2771666
      13.0000000        0.2757547
      14.0000000        0.2749776
      15.0000000        0.2745677
      16.0000000        0.2745329
       1.0000000        0.0389161
       2.0000000        0.1141228
       3.0000000        0.1741822
       4.0000000        0.2113844
       5.0000000        0.2359239
       6.0000000        0.2534025
       7.0000000        0.2647151
       8.0000000        0.2704113
       9.0000000        0.2713158
      10.0000000        0.2692654
      11.0000000        0.2671654
      12.0000000        0.2669218
      13.0000000        0.2683279
      14.0000000        0.2706839
      15.0000000        0.2730231
      16.0000000        0.2739834
       1.0000000        0.0376263
       2.0000000        0.1095051
       3.0000000        0.1659365
       4.0000000        0.2010400
       5.0000000        0.2248509
       6.0000000        0.2414179
       7.0000000        0.2509152
       8.0000000        0.2549226
       9.0000000        0.2568498
      10.0000000        0.2586010
      11.0000000        0.2588170
      12.0000000        0.2575834
      13.0000000        0.2579062
      14.0000000        0.2602361
      15.0000000        0.2618516
      16.0000000        0.2621006
       1.0000000        0.0368095
       2.0000000        0.1068707
       3.0000000        0.1611435
       4.0000000        0.1944977
       5.0000000        0.2170011
       6.0000000        0.2322607
       7.0000000        0.2408266
       8.0000000        0.2451195
       9.0000000        0.2481238
      10.0000000        0.2512695
      11.0000000        0.2534403
      12.0000000        0.2532504
      13.0000000        0.2518797
      14.0000000        0.2515513
      15.0000000        0.2524282
      16.0000000        0.2530133
       1.0000000        0.0373135
       2.0000000        0.1082652
       3.0000000        0.1626498
       4.0000000        0.1943695
       5.0000000        0.2141087
       6.0000000        0.2279217
       7.0000000        0.2380492
       8.0000000        0.2453043
       9.0000000        0.2491765
      10.0000000        0.2502571
      11.0000000        0.2498819
      12.0000000        0.2487044
      13.0000000        0.2475019
      14.0000000        0.2475722
      15.0000000        0.2493577
      16.0000000        0.2506375
       1.0000000        0.0375439
       2.0000000        0.1090649
       3.0000000        0.1644802
       4.0000000        0.1972340
       5.0000000        0.2177929
       6.0000000        0.2330512
       7.0000000        0.2445028
       8.0000000        0.2510014
       9.0000000        0.2530360
      10.0000000        0.2535285
      11.0000000        0.2541007
      12.0000000        0.2536618
      13.0000000        0.2524057
      14.0000000        0.2529199
      15.0000000        0.2555217
      16.0000000        0.2570701
       1.0000000        0.0384210
       2.0000000        0.1112292
       3.0000000        0.1675671
       4.0000000        0.2013993
       5.0000000        0.2235604
       6.0000000        0.2403376
       7.0000000        0.2529921
       8.0000000        0.2598565
       9.0000000        0.2612570
      10.0000000        0.2606996
      11.0000000        0.2601344
      12.0000000        0.2593963
      13.0000000        0.2586160
      14.0000000        0.2588096
      15.0000000        0.2604992
      16.0000000        0.2616918
       1.0000000        0.0390242
       2.0000000        0.1120801
       3.0000000        0.1673729
       4.0000000        0.2003829
       5.0000000        0.2226651
       6.0000000        0.2394207
       7.0000000        0.2508611
       8.0000000        0.2567414
       9.0000000        0.2583716
      10.0000000        0.2571410
      11.0000000        0.2545919
      12.0000000        0.2522312
      13.0000000        0.2502826
      14.0000000        0.2483924
      15.0000000        0.2469583
      16.0000000        0.2465116
       1.0000000        0.0394023
       2.0000000        0.1113377
       3.0000000        0.1642433
       4.0000000        0.1962347
       5.0000000        0.2181068
       6.0000000        0.2336418
       7.0000000        0.2435891
       8.0000000        0.2478232
       9.0000000        0.2467323
      10.0000000        0.2427067
      11.0000000        0.2390784
      12.0000000        0.2365130
      13.0000000        0.2330444
      14.0000000        0.2284488
      15.0000000        0.2248105
      16.0000000        0.2234874
       1.0000000        0.0406963
       2.0000000        0.1131951
       3.0000000        0.1637794
       4.0000000        0.1928374
       5.0000000        0.2130536
       6.0000000        0.2282220
       7.0000000        0.2375474
       8.0000000        0.2395557
       9.0000000        0.2357834
      10.0000000        0.2315355
      11.0000000        0.2294689
      12.0000000        0.2276029
      13.0000000        0.2244598
      14.0000000        0.2210082
      15.0000000        0.2179076
      16.0000000        0.2164823
       1.0000000        0.0438822
       2.0000000        0.1186924
       3.0000000        0.1672182
       4.0000000        0.1936522
       5.0000000        0.2123185
       6.0000000        0.2259406
       7.0000000        0.2333749
       8.0000000        0.2337401
       9.0000000        0.2301855
      10.0000000        0.2282901
      11.0000000        0.2288088
      12.0000000        0.2279433
      13.0000000        0.2252428
      14.0000000        0.2230770
      15.0000000        0.2220825
      16.0000000        0.2217339
       1.0000000        0.0452098
       2.0000000        0.1223673
       3.0000000        0.1727113
       4.0000000        0.2000201
       5.0000000        0.2170018
       6.0000000        0.2272791
       7.0000000        0.2328325
       8.0000000        0.2347085
       9.0000000        0.2336729
      10.0000000        0.2324319
      11.0000000        0.2318632
      12.0000000        0.2299192
      13.0000000        0.2261671
      14.0000000        0.2236318
      15.0000000        0.2245086
      16.0000000        0.2258953
       1.0000000        0.0448484
       2.0000000        0.1222654
       3.0000000        0.1746153
       4.0000000        0.2026154
       5.0000000        0.2184445
       6.0000000        0.2279429
       7.0000000        0.2344878
       8.0000000        0.2398032
       9.0000000        0.2428637
      10.0000000        0.2428132
      11.0000000        0.2411625
      12.0000000        0.2381887
      13.0000000        0.2332642
      14.0000000        0.2299167
      15.0000000        0.2308849
      16.0000000        0.2324458
       1.0000000        0.0442311
       2.0000000        0.1220378
       3.0000000        0.1767483
       4.0000000        0.2074526
       5.0000000        0.2255861
       6.0000000        0.2369279
       7.0000000        0.2451645
       8.0000000        0.2515077
       9.0000000        0.2536539
      10.0000000        0.2515616
      11.0000000        0.2482496
      12.0000000        0.2448285
      13.0000000        0.2409061
      14.0000000        0.2372783
      15.0000000        0.2355860
      16.0000000        0.2353406
       1.0000000        0.0447338
       2.0000000        0.1243707
       3.0000000        0.1820090
       4.0000000        0.2163929
       5.0000000        0.2382153
       6.0000000        0.2517233
       7.0000000        0.2594132
       8.0000000        0.2624201
       9.0000000        0.2604409
      10.0000000        0.2560713
      11.0000000        0.2519544
      12.0000000        0.2475936
      13.0000000        0.2425981
      14.0000000        0.2394370
      15.0000000        0.2395358
      16.0000000        0.2403005
       1.0000000        0.0445919
       2.0000000        0.1243005
       3.0000000        0.1825578
       4.0000000        0.2182221
       5.0000000        0.2414411
       6.0000000        0.2549614
       7.0000000        0.2609107
       8.0000000        0.2617153
       9.0000000        0.2590211
      10.0000000        0.2550306
      11.0000000        0.2500712
      12.0000000        0.2438534
      13.0000000        0.2384609
      14.0000000        0.2361361
      15.0000000        0.2360974
      16.0000000        0.2363330
       1.0000000        0.0436089
       2.0000000        0.1219295
       3.0000000        0.1781780
       4.0000000        0.2107899
       5.0000000        0.2312517
       6.0000000        0.2434895
       7.0000000        0.2500698
       8.0000000        0.2533891
       9.0000000        0.2538807
      10.0000000        0.2519708
      11.0000000        0.2483366
      12.0000000        0.2426378
      13.0000000        0.2351978
      14.0000000        0.2285329
      15.0000000        0.2246565
      16.0000000        0.2235208
       1.0000000        0.0428234
       2.0000000        0.1200966
       3.0000000        0.1749118
       4.0000000        0.2051764
       5.0000000        0.2245326
       6.0000000        0.2383679
       7.0000000        0.2469385
       8.0000000        0.2504120
       9.0000000        0.2504206
      10.0000000        0.2482244
      11.0000000        0.2439098
      12.0000000        0.2378405
      13.0000000        0.2308123
      14.0000000        0.2245494
      15.0000000        0.2209551
      16.0000000        0.2200096
       1.0000000        0.0423888
       2.0000000        0.1193998
       3.0000000        0.1747300
       4.0000000        0.2058853
       5.0000000        0.2254376
       6.0000000        0.2389455
       7.0000000        0.2483784
       8.0000000        0.2542770
       9.0000000        0.2563074
      10.0000000        0.2553282
      11.0000000        0.2521654
      12.0000000        0.2467107
      13.0000000        0.2397478
      14.0000000        0.2324035
      15.0000000        0.2260631
      16.0000000        0.2233073
       1.0000000        0.0424486
       2.0000000        0.1194451
       3.0000000        0.1746229
       4.0000000        0.2049298
       5.0000000        0.2236817
       6.0000000        0.2372398
       7.0000000        0.2462288
       8.0000000        0.2517122
       9.0000000        0.2545600
      10.0000000        0.2542506
      11.0000000        0.2505627
      12.0000000        0.2439283
      13.0000000        0.2361792
      14.0000000        0.2294885
      15.0000000        0.2252398
      16.0000000        0.2238205
       1.0000000        0.0433497
       2.0000000        0.1218171
       3.0000000        0.1775793
       4.0000000        0.2077424
       5.0000000        0.2255304
       6.0000000        0.2371251
       7.0000000        0.2440001
       8.0000000        0.2481391
       9.0000000        0.2508276
      10.0000000        0.2511563
      11.0000000        0.2476901
      12.0000000        0.2403107
      13.0000000        0.2315316
      14.0000000        0.2248824
      15.0000000        0.2219788
      16.0000000        0.2214115
       1.0000000        0.0438089
       2.0000000        0.1221673
       3.0000000        0.1759670
       4.0000000        0.2043424
       5.0000000        0.2228864
       6.0000000        0.2367636
       7.0000000        0.2459663
       8.0000000        0.2520943
       9.0000000        0.2558305
      10.0000000        0.2562213
      11.0000000        0.2526225
      12.0000000        0.2451121
      13.0000000        0.2364506
      14.0000000        0.2316247
      15.0000000        0.2325977
      16.0000000        0.2343257
       1.0000000        0.0430303
       2.0000000        0.1194033
       3.0000000        0.1716418
       4.0000000        0.2013174
       5.0000000        0.2236409
       6.0000000        0.2398567
       7.0000000        0.2486014
       8.0000000        0.2533098
       9.0000000        0.2565888
      10.0000000        0.2573866
      11.0000000        0.2549634
      12.0000000        0.2505144
      13.0000000        0.2472794
      14.0000000        0.2476414
      15.0000000        0.2496887
      16.0000000        0.2506387
       1.0000000        0.0418675
       2.0000000        0.1173508
       3.0000000        0.1707391
       4.0000000        0.2015697
       5.0000000        0.2230400
       6.0000000        0.2379020
       7.0000000        0.2467436
       8.0000000        0.2528018
       9.0000000        0.2567143
      10.0000000        0.2581364
      11.0000000        0.2586387
      12.0000000        0.2589778
      13.0000000        0.2597329
      14.0000000        0.2608895
      15.0000000        0.2613734
      16.0000000        0.2613152
       1.0000000        0.0408991
       2.0000000        0.1152607
       3.0000000        0.1678986
       4.0000000        0.1970091
       5.0000000        0.2165201
       6.0000000        0.2310930
       7.0000000        0.2417337
       8.0000000        0.2504461
       9.0000000        0.2571476
      10.0000000        0.2608253
      11.0000000        0.2626665
      12.0000000        0.2636464
      13.0000000        0.2642701
      14.0000000        0.2658474
      15.0000000        0.2680928
      16.0000000        0.2691522
       1.0000000        0.0391016
       2.0000000        0.1099767
       3.0000000        0.1594644
       4.0000000        0.1871332
       5.0000000        0.2073945
       6.0000000        0.2232766
       7.0000000        0.2340299
       8.0000000        0.2412414
       9.0000000        0.2463328
      10.0000000        0.2504620
      11.0000000        0.2540010
      12.0000000        0.2566418
      13.0000000        0.2588917
      14.0000000        0.2610694
      15.0000000        0.2622560
      16.0000000        0.2624509
       1.0000000        0.0366526
       2.0000000        0.1018862
       3.0000000        0.1482463
       4.0000000        0.1769612
       5.0000000        0.1970871
       6.0000000        0.2095530
       7.0000000        0.2172969
       8.0000000        0.2238661
       9.0000000        0.2295320
      10.0000000        0.2346193
      11.0000000        0.2392476
      12.0000000        0.2421404
      13.0000000        0.2439492
      14.0000000        0.2467412
      15.0000000        0.2495193
      16.0000000        0.2505923
       1.0000000        0.0355552
       2.0000000        0.0985642
       3.0000000        0.1431068
       4.0000000        0.1706783
       5.0000000        0.1900397
       6.0000000        0.2023419
       7.0000000        0.2106028
       8.0000000        0.2186527
       9.0000000        0.2254007
      10.0000000        0.2290460
      11.0000000        0.2308095
      12.0000000        0.2321231
      13.0000000        0.2336256
      14.0000000        0.2343563
      15.0000000        0.2336336
      16.0000000        0.2330425
       1.0000000        0.0353675
       2.0000000        0.0990062
       3.0000000        0.1451300
       4.0000000        0.1729976
       5.0000000        0.1918905
       6.0000000        0.2039093
       7.0000000        0.2111344
       8.0000000        0.2173441
       9.0000000        0.2221617
      10.0000000        0.2242189
      11.0000000        0.2249690
      12.0000000        0.2254676
      13.0000000        0.2254761
      14.0000000        0.2256408
      15.0000000        0.2265142
      16.0000000        0.2270962
       1.0000000        0.0358883
       2.0000000        0.1021469
       3.0000000        0.1507652
       4.0000000        0.1778408
       5.0000000        0.1936608
       6.0000000        0.2030416
       7.0000000        0.2085706
       8.0000000        0.2129334
       9.0000000        0.2168690
      10.0000000        0.2201655
      11.0000000        0.2231741
      12.0000000        0.2260043
      13.0000000        0.2279301
      14.0000000        0.2285916
      15.0000000        0.2281784
      16.0000000        0.2278016
       1.0000000        0.0369198
       2.0000000        0.1048238
       3.0000000        0.1542348
       4.0000000        0.1801554
       5.0000000        0.1928082
       6.0000000        0.1990939
       7.0000000        0.2033697
       8.0000000        0.2088623
       9.0000000        0.2157236
      10.0000000        0.2219827
      11.0000000        0.2261869
      12.0000000        0.2283630
      13.0000000        0.2296260
      14.0000000        0.2307521
      15.0000000        0.2315507
      16.0000000        0.2317974
       1.0000000        0.0371723
       2.0000000        0.1058578
       3.0000000        0.1556569
       4.0000000        0.1808926
       5.0000000        0.1923265
       6.0000000        0.1977347
       7.0000000        0.2017871
       8.0000000        0.2068719
       9.0000000        0.2131983
      10.0000000        0.2202272
      11.0000000        0.2269722
      12.0000000        0.2319750
      13.0000000        0.2343172
      14.0000000        0.2344753
      15.0000000        0.2333534
      16.0000000        0.2325639
       1.0000000        0.0377153
       2.0000000        0.1067974
       3.0000000        0.1558482
       4.0000000        0.1806705
       5.0000000        0.1932960
       6.0000000        0.2004735
       7.0000000        0.2053434
       8.0000000        0.2098580
       9.0000000        0.2150648
      10.0000000        0.2219398
      11.0000000        0.2302730
      12.0000000        0.2368652
      13.0000000        0.2394068
      14.0000000        0.2391489
      15.0000000        0.2381338
      16.0000000        0.2376268
       1.0000000        0.0381914
       2.0000000        0.1077600
       3.0000000        0.1569446
       4.0000000        0.1826976
       5.0000000        0.1970224
       6.0000000        0.2052928
       7.0000000        0.2099773
       8.0000000        0.2137458
       9.0000000        0.2193417
      10.0000000        0.2277256
      11.0000000        0.2362347
      12.0000000        0.2413486
      13.0000000        0.2419828
      14.0000000        0.2396517
      15.0000000        0.2367796
      16.0000000        0.2355234
       1.0000000        0.0384150
       2.0000000        0.1084043
       3.0000000        0.1589410
       4.0000000        0.1865012
       5.0000000        0.2009608
       6.0000000        0.2079270
       7.0000000        0.2124348
       8.0000000        0.2180880
       9.0000000        0.2247570
      10.0000000        0.2306621
      11.0000000        0.2351322
      12.0000000        0.2373191
      13.0000000        0.2363423
      14.0000000        0.2335604
      15.0000000        0.2309895
      16.0000000        0.2299616
       1.0000000        0.0401022
       2.0000000        0.1118986
       3.0000000        0.1620410
       4.0000000        0.1894878
       5.0000000        0.2055840
       6.0000000        0.2145953
       7.0000000        0.2204167
       8.0000000        0.2258636
       9.0000000        0.2304900
      10.0000000        0.2337734
      11.0000000        0.2356784
      12.0000000        0.2356853
      13.0000000        0.2346580
      14.0000000        0.2338260
      15.0000000        0.2332101
      16.0000000        0.2329194
       1.0000000        0.0417860
       2.0000000        0.1149485
       3.0000000        0.1653087
       4.0000000        0.1940836
       5.0000000        0.2132335
       6.0000000        0.2264099
       7.0000000        0.2343637
       8.0000000        0.2378968
       9.0000000        0.2384706
      10.0000000        0.2385681
      11.0000000        0.2399288
      12.0000000        0.2426085
      13.0000000        0.2456369
      14.0000000        0.2473721
      15.0000000        0.2473648
      16.0000000        0.2470305
       1.0000000        0.0417137
       2.0000000        0.1141653
       3.0000000        0.1637875
       4.0000000        0.1928309
       5.0000000        0.2132762
       6.0000000        0.2288431
       7.0000000        0.2399212
       8.0000000        0.2456616
       9.0000000        0.2472885
      10.0000000        0.2483181
      11.0000000        0.2506735
      12.0000000        0.2541470
      13.0000000        0.2575753
      14.0000000        0.2591830
      15.0000000        0.2584673
      16.0000000        0.2576037
       1.0000000        0.0398116
       2.0000000        0.1092591
       3.0000000        0.1576327
       4.0000000        0.1868424
       5.0000000        0.2080035
       6.0000000        0.2246586
       7.0000000        0.2376989
       8.0000000        0.2467231
       9.0000000        0.2518263
      10.0000000        0.2548718
      11.0000000        0.2580837
      12.0000000        0.2621803
      13.0000000        0.2653747
      14.0000000        0.2662221
      15.0000000        0.2658446
      16.0000000        0.2655628
       1.0000000        0.0369956
       2.0000000        0.1034275
       3.0000000        0.1519102
       4.0000000        0.1822569
       5.0000000        0.2039810
       6.0000000        0.2203363
       7.0000000        0.2333302
       8.0000000        0.2444910
       9.0000000        0.2532330
      10.0000000        0.2595756
      11.0000000        0.2637722
      12.0000000        0.2646157
      13.0000000        0.2626561
      14.0000000        0.2611265
      15.0000000        0.2610366
      16.0000000        0.2611953
       1.0000000        0.0342815
       2.0000000        0.0970213
       3.0000000        0.1444583
       4.0000000        0.1751926
       5.0000000        0.1975662
       6.0000000        0.2147626
       7.0000000        0.2292345
       8.0000000        0.2416035
       9.0000000        0.2508638
      10.0000000        0.2578571
      11.0000000        0.2624209
      12.0000000        0.2629109
      13.0000000        0.2601898
      14.0000000        0.2576745
      15.0000000        0.2571971
      16.0000000        0.2574921
       1.0000000        0.0333126
       2.0000000        0.0946779
       3.0000000        0.1419921
       4.0000000        0.1737598
       5.0000000        0.1966526
       6.0000000        0.2133835
       7.0000000        0.2269090
       8.0000000        0.2377845
       9.0000000        0.2455942
      10.0000000        0.2523263
      11.0000000        0.2581874
      12.0000000        0.2606519
      13.0000000        0.2597770
      14.0000000        0.2586371
      15.0000000        0.2587599
      16.0000000        0.2591044
       1.0000000        0.0334267
       2.0000000        0.0952807
       3.0000000        0.1433644
       4.0000000        0.1760551
       5.0000000        0.2003331
       6.0000000        0.2186230
       7.0000000        0.2327225
       8.0000000        0.2429831
       9.0000000        0.2505865
      10.0000000        0.2579153
      11.0000000        0.2644691
      12.0000000        0.2686028
      13.0000000        0.2715215
      14.0000000        0.2749883
      15.0000000        0.2784061
      16.0000000        0.2798665
       1.0000000        0.0336820
       2.0000000        0.0963178
       3.0000000        0.1448978
       4.0000000        0.1775500
       5.0000000        0.2028971
       6.0000000        0.2239182
       7.0000000        0.2407658
       8.0000000        0.2532652
       9.0000000        0.2623431
      10.0000000        0.2695046
      11.0000000        0.2759792
      12.0000000        0.2823752
      13.0000000        0.2883498
      14.0000000        0.2934193
      15.0000000        0.2974855
      16.0000000        0.2992091
       1.0000000        0.0333699
       2.0000000        0.0946730
       3.0000000        0.1418735
       4.0000000        0.1748140
       5.0000000        0.2018225
       6.0000000        0.2240705
       7.0000000        0.2416852
       8.0000000        0.2555673
       9.0000000        0.2664178
      10.0000000        0.2755110
      11.0000000        0.2841198
      12.0000000        0.2923127
      13.0000000        0.2987346
      14.0000000        0.3026208
      15.0000000        0.3046155
      16.0000000        0.3052472
       1.0000000        0.0319305
       2.0000000        0.0919670
       3.0000000        0.1398754
       4.0000000        0.1736952
       5.0000000        0.2003577
       6.0000000        0.2219131
       7.0000000        0.2399441
       8.0000000        0.2553108
       9.0000000        0.2677968
      10.0000000        0.2780208
      11.0000000        0.2871233
      12.0000000        0.2951199
      13.0000000        0.3007887
      14.0000000        0.3035010
      15.0000000        0.3039009
      16.0000000        0.3036389
       1.0000000        0.0311880
       2.0000000        0.0905635
       3.0000000        0.1383888
       4.0000000        0.1708467
       5.0000000        0.1949690
       6.0000000        0.2145787
       7.0000000        0.2316034
       8.0000000        0.2472004
       9.0000000        0.2608009
      10.0000000        0.2714391
      11.0000000        0.2793690
      12.0000000        0.2858172
      13.0000000        0.2917966
      14.0000000        0.2970534
      15.0000000        0.3003488
      16.0000000        0.3013068
       1.0000000        0.0301105
       2.0000000        0.0873795
       3.0000000        0.1338610
       4.0000000        0.1656837
       5.0000000        0.1892761
       6.0000000        0.2077108
       7.0000000        0.2225940
       8.0000000        0.2361113
       9.0000000        0.2488492
      10.0000000        0.2593046
      11.0000000        0.2669908
      12.0000000        0.2727451
      13.0000000        0.2768812
      14.0000000        0.2792815
      15.0000000        0.2805010
      16.0000000        0.2809727
       1.0000000        0.0298344
       2.0000000        0.0866496
       3.0000000        0.1332668
       4.0000000        0.1662903
       5.0000000        0.1916213
       6.0000000        0.2115223
       7.0000000        0.2269010
       8.0000000        0.2392537
       9.0000000        0.2497279
      10.0000000        0.2578352
      11.0000000        0.2627635
      12.0000000        0.2650048
      13.0000000        0.2652219
      14.0000000        0.2638967
      15.0000000        0.2623732
      16.0000000        0.2617845
       1.0000000        0.0308187
       2.0000000        0.0903506
       3.0000000        0.1395839
       4.0000000        0.1739877
       5.0000000        0.2000999
       6.0000000        0.2206791
       7.0000000        0.2368199
       8.0000000        0.2494451
       9.0000000        0.2582442
      10.0000000        0.2631122
      11.0000000        0.2655047
      12.0000000        0.2667198
      13.0000000        0.2667847
      14.0000000        0.2661934
      15.0000000        0.2660004
      16.0000000        0.2660894
       1.0000000        0.0338397
       2.0000000        0.0984686
       3.0000000        0.1507632
       4.0000000        0.1855968
       5.0000000        0.2102600
       6.0000000        0.2285824
       7.0000000        0.2418608
       8.0000000        0.2509477
       9.0000000        0.2572060
      10.0000000        0.2622148
      11.0000000        0.2671720
      12.0000000        0.2725091
      13.0000000        0.2776663
      14.0000000        0.2820208
      15.0000000        0.2850583
      16.0000000        0.2861625
       1.0000000        0.0354705
       2.0000000        0.1028696
       3.0000000        0.1564959
       4.0000000        0.1908442
       5.0000000        0.2138653
       6.0000000        0.2296064
       7.0000000        0.2401840
       8.0000000        0.2482710
       9.0000000        0.2549601
      10.0000000        0.2602909
      11.0000000        0.2655046
      12.0000000        0.2718055
      13.0000000        0.2785035
      14.0000000        0.2846276
      15.0000000        0.2895758
      16.0000000        0.2916328
       1.0000000        0.0346013
       2.0000000        0.1006464
       3.0000000        0.1538585
       4.0000000        0.1884211
       5.0000000        0.2112275
       6.0000000        0.2269825
       7.0000000        0.2386801
       8.0000000        0.2483290
       9.0000000        0.2560192
      10.0000000        0.2614684
      11.0000000        0.2656817
      12.0000000        0.2697065
      13.0000000        0.2734770
      14.0000000        0.2769046
      15.0000000        0.2795052
      16.0000000        0.2804998
       1.0000000        0.0343804
       2.0000000        0.0998859
       3.0000000        0.1525563
       4.0000000        0.1869830
       5.0000000        0.2103259
       6.0000000        0.2271400
       7.0000000        0.2404631
       8.0000000        0.2513433
       9.0000000        0.2589752
      10.0000000        0.2635261
      11.0000000        0.2660488
      12.0000000        0.2679432
      13.0000000        0.2701358
      14.0000000        0.2724708
      15.0000000        0.2744477
      16.0000000        0.2752734
       1.0000000        0.0354791
       2.0000000        0.1011101
       3.0000000        0.1525010
       4.0000000        0.1864164
       5.0000000        0.2100248
       6.0000000        0.2275710
       7.0000000        0.2414619
       8.0000000        0.2519773
       9.0000000        0.2586766
      10.0000000        0.2623528
      11.0000000        0.2650176
      12.0000000        0.2667936
      13.0000000        0.2665958
      14.0000000        0.2659895
      15.0000000        0.2667459
      16.0000000        0.2675149
       1.0000000        0.0360862
       2.0000000        0.1032370
       3.0000000        0.1547661
       4.0000000        0.1868137
       5.0000000        0.2089255
       6.0000000        0.2259844
       7.0000000        0.2392433
       8.0000000        0.2480493
       9.0000000        0.2523798
      10.0000000        0.2552119
      11.0000000        0.2585769
      12.0000000        0.2605603
      13.0000000        0.2600158
      14.0000000        0.2594631
      15.0000000        0.2602834
      16.0000000        0.2609151
       1.0000000        0.0368425
       2.0000000        0.1048322
       3.0000000        0.1563743
       4.0000000        0.1882699
       5.0000000        0.2099766
       6.0000000        0.2258700
       7.0000000        0.2370450
       8.0000000        0.2439715
       9.0000000        0.2479761
      10.0000000        0.2508777
      11.0000000        0.2535086
      12.0000000        0.2552944
      13.0000000        0.2559645
      14.0000000        0.2569290
      15.0000000        0.2590167
      16.0000000        0.2602629
       1.0000000        0.0365003
       2.0000000        0.1044057
       3.0000000        0.1567998
       4.0000000        0.1892644
       5.0000000        0.2108159
       6.0000000        0.2268175
       7.0000000        0.2382112
       8.0000000        0.2454362
       9.0000000        0.2508899
      10.0000000        0.2555578
      11.0000000        0.2582203
      12.0000000        0.2590289
      13.0000000        0.2590242
      14.0000000        0.2592301
      15.0000000        0.2599546
      16.0000000        0.2603652
       1.0000000        0.0349755
       2.0000000        0.1004510
       3.0000000        0.1507438
       4.0000000        0.1818771
       5.0000000        0.2041963
       6.0000000        0.2216531
       7.0000000        0.2334103
       8.0000000        0.2418373
       9.0000000        0.2504927
      10.0000000        0.2581705
      11.0000000        0.2616413
      12.0000000        0.2613925
      13.0000000        0.2603089
      14.0000000        0.2594604
      15.0000000        0.2581736
      16.0000000        0.2573994
       1.0000000        0.0337585
       2.0000000        0.0961203
       3.0000000        0.1434702
       4.0000000        0.1740403
       5.0000000        0.1965100
       6.0000000        0.2125283
       7.0000000        0.2229621
       8.0000000        0.2319027
       9.0000000        0.2405538
      10.0000000        0.2467294
      11.0000000        0.2496327
      12.0000000        0.2504105
      13.0000000        0.2504720
      14.0000000        0.2496183
      15.0000000        0.2474671
      16.0000000        0.2461807
       1.0000000        0.0323317
       2.0000000        0.0918317
       3.0000000        0.1370082
       4.0000000        0.1662995
       5.0000000        0.1876386
       6.0000000        0.2027538
       7.0000000        0.2128748
       8.0000000        0.2206373
       9.0000000        0.2270734
      10.0000000        0.2312345
      11.0000000        0.2329593
      12.0000000        0.2332139
      13.0000000        0.2323844
      14.0000000        0.2308181
      15.0000000        0.2293748
      16.0000000        0.2287645
       1.0000000        0.0309870
       2.0000000        0.0876591
       3.0000000        0.1297748
       4.0000000        0.1565149
       5.0000000        0.1768985
       6.0000000        0.1927942
       7.0000000        0.2046122
       8.0000000        0.2135725
       9.0000000        0.2192056
      10.0000000        0.2214306
      11.0000000        0.2214530
      12.0000000        0.2200208
      13.0000000        0.2178168
      14.0000000        0.2159124
      15.0000000        0.2146917
      16.0000000        0.2142195
       1.0000000        0.0301807
       2.0000000        0.0856365
       3.0000000        0.1278216
       4.0000000        0.1555788
       5.0000000        0.1770069
       6.0000000        0.1945792
       7.0000000        0.2083823
       8.0000000        0.2183498
       9.0000000        0.2235900
      10.0000000        0.2246345
      11.0000000        0.2238902
      12.0000000        0.2230532
      13.0000000        0.2221866
      14.0000000        0.2206406
      15.0000000        0.2188326
      16.0000000        0.2180361
       1.0000000        0.0304302
       2.0000000        0.0874156
       3.0000000        0.1320620
       4.0000000        0.1617377
       5.0000000        0.1845209
       6.0000000        0.2031708
       7.0000000        0.2178882
       8.0000000        0.2284254
       9.0000000        0.2342798
      10.0000000        0.2365079
      11.0000000        0.2366324
      12.0000000        0.2356912
      13.0000000        0.2345297
      14.0000000        0.2337483
      15.0000000        0.2334496
      16.0000000        0.2333966
       1.0000000        0.0308533
       2.0000000        0.0894566
       3.0000000        0.1366582
       4.0000000        0.1688600
       5.0000000        0.1933441
       6.0000000        0.2135725
       7.0000000        0.2298806
       8.0000000        0.2413667
       9.0000000        0.2478330
      10.0000000        0.2509914
      11.0000000        0.2517920
      12.0000000        0.2495228
      13.0000000        0.2455387
      14.0000000        0.2421923
      15.0000000        0.2401926
      16.0000000        0.2395386
       1.0000000        0.0326778
       2.0000000        0.0940849
       3.0000000        0.1422392
       4.0000000        0.1745712
       5.0000000        0.1999817
       6.0000000        0.2211824
       7.0000000        0.2374412
       8.0000000        0.2482722
       9.0000000        0.2546113
      10.0000000        0.2581453
      11.0000000        0.2593503
      12.0000000        0.2580100
      13.0000000        0.2552586
      14.0000000        0.2527247
      15.0000000        0.2509961
      16.0000000        0.2503594
       1.0000000        0.0335985
       2.0000000        0.0960376
       3.0000000        0.1450565
       4.0000000        0.1788146
       5.0000000        0.2058941
       6.0000000        0.2274798
       7.0000000        0.2424896
       8.0000000        0.2525359
       9.0000000        0.2594679
      10.0000000        0.2635703
      11.0000000        0.2648820
      12.0000000        0.2643898
      13.0000000        0.2634544
      14.0000000        0.2628996
      15.0000000        0.2628640
      16.0000000        0.2629716
       1.0000000        0.0341708
       2.0000000        0.0968461
       3.0000000        0.1456330
       4.0000000        0.1814317
       5.0000000        0.2114457
       6.0000000        0.2331099
       7.0000000        0.2457558
       8.0000000        0.2536721
       9.0000000        0.2598171
      10.0000000        0.2636802
      11.0000000        0.2647595
      12.0000000        0.2646327
      13.0000000        0.2649049
      14.0000000        0.2653412
      15.0000000        0.2657814
      16.0000000        0.2661035
       1.0000000        0.0342927
       2.0000000        0.0981458
       3.0000000        0.1481244
       4.0000000        0.1828392
       5.0000000        0.2097137
       6.0000000        0.2287222
       7.0000000        0.2402209
       8.0000000        0.2475808
       9.0000000        0.2527717
      10.0000000        0.2553588
      11.0000000        0.2559364
      12.0000000        0.2570153
      13.0000000        0.2596357
      14.0000000        0.2631963
      15.0000000        0.2663401
      16.0000000        0.2675989
       1.0000000        0.0354996
       2.0000000        0.1025692
       3.0000000        0.1548052
       4.0000000        0.1879697
       5.0000000        0.2106753
       6.0000000        0.2261745
       7.0000000        0.2372645
       8.0000000        0.2467992
       9.0000000        0.2540946
      10.0000000        0.2573273
      11.0000000        0.2581314
      12.0000000        0.2593603
      13.0000000        0.2614508
      14.0000000        0.2641349
      15.0000000        0.2668456
      16.0000000        0.2680402
       1.0000000        0.0376651
       2.0000000        0.1081228
       3.0000000        0.1615709
       4.0000000        0.1922493
       5.0000000        0.2106631
       6.0000000        0.2240137
       7.0000000        0.2367967
       8.0000000        0.2497859
       9.0000000        0.2589771
      10.0000000        0.2619515
      11.0000000        0.2623807
      12.0000000        0.2645441
      13.0000000        0.2677103
      14.0000000        0.2691230
      15.0000000        0.2682439
      16.0000000        0.2674313
       1.0000000        0.0390601
       2.0000000        0.1094652
       3.0000000        0.1594899
       4.0000000        0.1879150
       5.0000000        0.2077689
       6.0000000        0.2238480
       7.0000000        0.2378209
       8.0000000        0.2501966
       9.0000000        0.2591151
      10.0000000        0.2634975
      11.0000000        0.2647769
      12.0000000        0.2657721
      13.0000000        0.2675756
      14.0000000        0.2690173
      15.0000000        0.2693000
      16.0000000        0.2691647
       1.0000000        0.0371130
       2.0000000        0.1040519
       3.0000000        0.1530019
       4.0000000        0.1833818
       5.0000000        0.2050922
       6.0000000        0.2206293
       7.0000000        0.2324711
       8.0000000        0.2432256
       9.0000000        0.2520165
      10.0000000        0.2578822
      11.0000000        0.2611578
      12.0000000        0.2629808
      13.0000000        0.2644932
      14.0000000        0.2655123
      15.0000000        0.2655311
      16.0000000        0.2653085
       1.0000000        0.0345648
       2.0000000        0.0986208
       3.0000000        0.1475483
       4.0000000        0.1788994
       5.0000000        0.2017436
       6.0000000        0.2184896
       7.0000000        0.2303939
       8.0000000        0.2401874
       9.0000000        0.2477572
      10.0000000        0.2525698
      11.0000000        0.2561537
      12.0000000        0.2593246
      13.0000000        0.2607682
      14.0000000        0.2596631
      15.0000000        0.2576792
      16.0000000        0.2568203
       1.0000000        0.0349129
       2.0000000        0.1002317
       3.0000000        0.1503614
       4.0000000        0.1819990
       5.0000000        0.2043777
       6.0000000        0.2205788
       7.0000000        0.2315687
       8.0000000        0.2397773
       9.0000000        0.2466508
      10.0000000        0.2518101
      11.0000000        0.2551259
      12.0000000        0.2566798
      13.0000000        0.2560678
      14.0000000        0.2538841
      15.0000000        0.2519604
      16.0000000        0.2513152
       1.0000000        0.0355261
       2.0000000        0.1015574
       3.0000000        0.1521464
       4.0000000        0.1834649
       5.0000000        0.2037870
       6.0000000        0.2177896
       7.0000000        0.2284873
       8.0000000        0.2377056
       9.0000000        0.2451628
      10.0000000        0.2504973
      11.0000000        0.2533808
      12.0000000        0.2530888
      13.0000000        0.2503763
      14.0000000        0.2477558
      15.0000000        0.2470233
      16.0000000        0.2471737
       1.0000000        0.0368038
       2.0000000        0.1053374
       3.0000000        0.1569143
       4.0000000        0.1873376
       5.0000000        0.2065781
       6.0000000        0.2202589
       7.0000000        0.2320920
       8.0000000        0.2434298
       9.0000000        0.2519431
      10.0000000        0.2558389
      11.0000000        0.2558188
      12.0000000        0.2537159
      13.0000000        0.2511647
      14.0000000        0.2493222
      15.0000000        0.2486603
      16.0000000        0.2486225
       1.0000000        0.0379214
       2.0000000        0.1087237
       3.0000000        0.1619892
       4.0000000        0.1937727
       5.0000000        0.2143535
       6.0000000        0.2279182
       7.0000000        0.2376783
       8.0000000        0.2459520
       9.0000000        0.2517992
      10.0000000        0.2546784
      11.0000000        0.2557554
      12.0000000        0.2550590
      13.0000000        0.2518658
      14.0000000        0.2469621
      15.0000000        0.2426037
      16.0000000        0.2409299
       1.0000000        0.0395255
       2.0000000        0.1116667
       3.0000000        0.1644721
       4.0000000        0.1955989
       5.0000000        0.2160731
       6.0000000        0.2300743
       7.0000000        0.2393559
       8.0000000        0.2452817
       9.0000000        0.2488911
      10.0000000        0.2506553
      11.0000000        0.2503262
      12.0000000        0.2480982
      13.0000000        0.2446458
      14.0000000        0.2408510
      15.0000000        0.2376965
      16.0000000        0.2364288
       1.0000000        0.0401517
       2.0000000        0.1122786
       3.0000000        0.1636767
       4.0000000        0.1944814
       5.0000000        0.2170070
       6.0000000        0.2327536
       7.0000000        0.2408244
       8.0000000        0.2427444
       9.0000000        0.2420595
      10.0000000        0.2414195
      11.0000000        0.2406411
      12.0000000        0.2388894
      13.0000000        0.2370449
      14.0000000        0.2352922
      15.0000000        0.2327092
      16.0000000        0.2312377
       1.0000000        0.0392159
       2.0000000        0.1112899
       3.0000000        0.1652280
       4.0000000        0.1979793
       5.0000000        0.2187185
       6.0000000        0.2303029
       7.0000000        0.2353487
       8.0000000        0.2369444
       9.0000000        0.2368319
      10.0000000        0.2363631
      11.0000000        0.2354951
      12.0000000        0.2337348
      13.0000000        0.2326060
      14.0000000        0.2327383
      15.0000000        0.2325811
      16.0000000        0.2322173
       1.0000000        0.0387998
       2.0000000        0.1105805
       3.0000000        0.1643938
       4.0000000        0.1955993
       5.0000000        0.2134752
       6.0000000        0.2232078
       7.0000000        0.2288293
       8.0000000        0.2328501
       9.0000000        0.2349463
      10.0000000        0.2348665
      11.0000000        0.2334849
      12.0000000        0.2317358
      13.0000000        0.2308474
      14.0000000        0.2310317
      15.0000000        0.2309453
      16.0000000        0.2307205
       1.0000000        0.0382165
       2.0000000        0.1084533
       3.0000000        0.1597666
       4.0000000        0.1880434
       5.0000000        0.2047006
       6.0000000        0.2161832
       7.0000000        0.2260420
       8.0000000        0.2353058
       9.0000000        0.2411734
      10.0000000        0.2420979
      11.0000000        0.2403721
      12.0000000        0.2382075
      13.0000000        0.2362600
      14.0000000        0.2352400
      15.0000000        0.2350028
      16.0000000        0.2349341
       1.0000000        0.0359751
       2.0000000        0.1019479
       3.0000000        0.1505825
       4.0000000        0.1789902
       5.0000000        0.1981145
       6.0000000        0.2131818
       7.0000000        0.2253549
       8.0000000        0.2344073
       9.0000000        0.2393259
      10.0000000        0.2404577
      11.0000000        0.2401031
      12.0000000        0.2393977
      13.0000000        0.2377041
      14.0000000        0.2351623
      15.0000000        0.2330050
      16.0000000        0.2321666
       1.0000000        0.0339382
       2.0000000        0.0969241
       3.0000000        0.1456626
       4.0000000        0.1769222
       5.0000000        0.1982046
       6.0000000        0.2127413
       7.0000000        0.2228881
       8.0000000        0.2308529
       9.0000000        0.2363268
      10.0000000        0.2388753
      11.0000000        0.2400020
      12.0000000        0.2408583
      13.0000000        0.2411522
      14.0000000        0.2408411
      15.0000000        0.2400063
      16.0000000        0.2394474
       1.0000000        0.0341386
       2.0000000        0.0976220
       3.0000000        0.1468247
       4.0000000        0.1784483
       5.0000000        0.1997523
       6.0000000        0.2136675
       7.0000000        0.2227936
       8.0000000        0.2299803
       9.0000000        0.2350722
      10.0000000        0.2372402
      11.0000000        0.2380603
      12.0000000        0.2390561
      13.0000000        0.2400980
      14.0000000        0.2410141
      15.0000000        0.2419928
      16.0000000        0.2424839
       1.0000000        0.0360545
       2.0000000        0.1023113
       3.0000000        0.1514155
       4.0000000        0.1818447
       5.0000000        0.2035097
       6.0000000        0.2186326
       7.0000000        0.2291984
       8.0000000        0.2374915
       9.0000000        0.2421229
      10.0000000        0.2423201
      11.0000000        0.2403918
      12.0000000        0.2380402
      13.0000000        0.2356613
      14.0000000        0.2343839
      15.0000000        0.2345645
      16.0000000        0.2349010
       1.0000000        0.0373630
       2.0000000        0.1044741
       3.0000000        0.1515718
       4.0000000        0.1799853
       5.0000000        0.2013615
       6.0000000        0.2169927
       7.0000000        0.2271239
       8.0000000        0.2338249
       9.0000000        0.2376439
      10.0000000        0.2383553
      11.0000000        0.2362217
      12.0000000        0.2322862
      13.0000000        0.2282991
      14.0000000        0.2250088
      15.0000000        0.2220267
      16.0000000        0.2205665
       1.0000000        0.0386879
       2.0000000        0.1051413
       3.0000000        0.1495165
       4.0000000        0.1759455
       5.0000000        0.1955664
       6.0000000        0.2100154
       7.0000000        0.2196124
       8.0000000        0.2250628
       9.0000000        0.2281255
      10.0000000        0.2304900
      11.0000000        0.2309394
      12.0000000        0.2285813
      13.0000000        0.2249708
      14.0000000        0.2212137
      15.0000000        0.2178466
      16.0000000        0.2163717
       1.0000000        0.0393263
       2.0000000        0.1068293
       3.0000000        0.1522304
       4.0000000        0.1790851
       5.0000000        0.1987490
       6.0000000        0.2129996
       7.0000000        0.2211913
       8.0000000        0.2254665
       9.0000000        0.2283688
      10.0000000        0.2304145
      11.0000000        0.2304386
      12.0000000        0.2278968
      13.0000000        0.2248722
      14.0000000        0.2217512
      15.0000000        0.2180961
      16.0000000        0.2162040
       1.0000000        0.0380535
       2.0000000        0.1047928
       3.0000000        0.1516954
       4.0000000        0.1796908
       5.0000000        0.1991985
       6.0000000        0.2125060
       7.0000000        0.2202989
       8.0000000        0.2240620
       9.0000000        0.2246283
      10.0000000        0.2243878
      11.0000000        0.2248879
      12.0000000        0.2248485
      13.0000000        0.2230378
      14.0000000        0.2202614
      15.0000000        0.2182158
      16.0000000        0.2175074
       1.0000000        0.0358961
       2.0000000        0.1003125
       3.0000000        0.1470544
       4.0000000        0.1763249
       5.0000000        0.1965301
       6.0000000        0.2088656
       7.0000000        0.2153808
       8.0000000        0.2184342
       9.0000000        0.2196513
      10.0000000        0.2208934
      11.0000000        0.2220763
      12.0000000        0.2217391
      13.0000000        0.2201820
      14.0000000        0.2190662
      15.0000000        0.2190010
      16.0000000        0.2191873
       1.0000000        0.0344881
       2.0000000        0.0966867
       3.0000000        0.1420712
       4.0000000        0.1703679
       5.0000000        0.1898567
       6.0000000        0.2023690
       7.0000000        0.2096422
       8.0000000        0.2140108
       9.0000000        0.2166101
      10.0000000        0.2184440
      11.0000000        0.2193482
      12.0000000        0.2186567
      13.0000000        0.2171695
      14.0000000        0.2158044
      15.0000000        0.2150616
      16.0000000        0.2149485
       1.0000000        0.0344853
       2.0000000        0.0964663
       3.0000000        0.1408935
       4.0000000        0.1675528
       5.0000000        0.1858543
       6.0000000        0.1977244
       7.0000000        0.2045459
       8.0000000        0.2091450
       9.0000000        0.2127550
      10.0000000        0.2153043
      11.0000000        0.2166438
      12.0000000        0.2163474
      13.0000000        0.2147119
      14.0000000        0.2123813
      15.0000000        0.2101325
      16.0000000        0.2091676
       1.0000000        0.0353708
       2.0000000        0.0982094
       3.0000000        0.1428637
       4.0000000        0.1696702
       5.0000000        0.1869184
       6.0000000        0.1965741
       7.0000000        0.2016653
       8.0000000        0.2051997
       9.0000000        0.2074926
      10.0000000        0.2103132
      11.0000000        0.2142490
      12.0000000        0.2163822
      13.0000000        0.2157030
      14.0000000        0.2142536
      15.0000000        0.2132314
      16.0000000        0.2128071
       1.0000000        0.0357804
       2.0000000        0.0998408
       3.0000000        0.1458853
       4.0000000        0.1725578
       5.0000000        0.1877989
       6.0000000        0.1948767
       7.0000000        0.1977750
       8.0000000        0.2000515
       9.0000000        0.2033375
      10.0000000        0.2077550
      11.0000000        0.2117227
      12.0000000        0.2133003
      13.0000000        0.2135889
      14.0000000        0.2148034
      15.0000000        0.2168106
      16.0000000        0.2178594
       1.0000000        0.0353105
       2.0000000        0.0987510
       3.0000000        0.1437970
       4.0000000        0.1685653
       5.0000000        0.1821440
       6.0000000        0.1888384
       7.0000000        0.1919683
       8.0000000        0.1950920
       9.0000000        0.1990755
      10.0000000        0.2023670
      11.0000000        0.2041392
      12.0000000        0.2050078
      13.0000000        0.2064921
      14.0000000        0.2091695
      15.0000000        0.2118772
      16.0000000        0.2130837
       1.0000000        0.0345696
       2.0000000        0.0962069
       3.0000000        0.1387414
       4.0000000        0.1612319
       5.0000000        0.1748394
       6.0000000        0.1839426
       7.0000000        0.1889686
       8.0000000        0.1916398
       9.0000000        0.1933794
      10.0000000        0.1933863
      11.0000000        0.1918231
      12.0000000        0.1910179
      13.0000000        0.1922922
      14.0000000        0.1945415
      15.0000000        0.1964805
      16.0000000        0.1972813
       1.0000000        0.0345477
       2.0000000        0.0961511
       3.0000000        0.1382561
       4.0000000        0.1601102
       5.0000000        0.1741317
       6.0000000        0.1847111
       7.0000000        0.1914018
       8.0000000        0.1953201
       9.0000000        0.1968979
      10.0000000        0.1958895
      11.0000000        0.1933458
      12.0000000        0.1909703
      13.0000000        0.1902025
      14.0000000        0.1910039
      15.0000000        0.1922925
      16.0000000        0.1928776
       1.0000000        0.0344697
       2.0000000        0.0958999
       3.0000000        0.1387940
       4.0000000        0.1628687
       5.0000000        0.1784814
       6.0000000        0.1889011
       7.0000000        0.1947517
       8.0000000        0.1983715
       9.0000000        0.2015243
      10.0000000        0.2034813
      11.0000000        0.2029213
      12.0000000        0.2004444
      13.0000000        0.1986781
      14.0000000        0.1992072
      15.0000000        0.2007323
      16.0000000        0.2014531
       1.0000000        0.0339225
       2.0000000        0.0949449
       3.0000000        0.1390073
       4.0000000        0.1644458
       5.0000000        0.1798349
       6.0000000        0.1897763
       7.0000000        0.1964221
       8.0000000        0.2016957
       9.0000000        0.2062907
      10.0000000        0.2092223
      11.0000000        0.2106171
      12.0000000        0.2113301
      13.0000000        0.2112717
      14.0000000        0.2107326
      15.0000000        0.2105578
      16.0000000        0.2106665
       1.0000000        0.0333792
       2.0000000        0.0944233
       3.0000000        0.1383673
       4.0000000        0.1621615
       5.0000000        0.1762145
       6.0000000        0.1859084
       7.0000000        0.1932160
       8.0000000        0.2000555
       9.0000000        0.2068544
      10.0000000        0.2124932
      11.0000000        0.2166658
      12.0000000        0.2197562
      13.0000000        0.2211961
      14.0000000        0.2205835
      15.0000000        0.2190308
      16.0000000        0.2182469
       1.0000000        0.0340855
       2.0000000        0.0964919
       3.0000000        0.1408567
       4.0000000        0.1639882
       5.0000000        0.1777559
       6.0000000        0.1887690
       7.0000000        0.1992504
       8.0000000        0.2092929
       9.0000000        0.2171934
      10.0000000        0.2226765
      11.0000000        0.2272251
      12.0000000        0.2307997
      13.0000000        0.2321966
      14.0000000        0.2317367
      15.0000000        0.2312509
      16.0000000        0.2312085
       1.0000000        0.0349492
       2.0000000        0.0994093
       3.0000000        0.1463004
       4.0000000        0.1716236
       5.0000000        0.1868756
       6.0000000        0.1986101
       7.0000000        0.2094315
       8.0000000        0.2194620
       9.0000000        0.2270594
      10.0000000        0.2319834
      11.0000000        0.2354414
      12.0000000        0.2380980
      13.0000000        0.2403797
      14.0000000        0.2425082
      15.0000000        0.2439564
      16.0000000        0.2444010
       1.0000000        0.0360192
       2.0000000        0.1023599
       3.0000000        0.1510077
       4.0000000        0.1781455
       5.0000000        0.1943825
       6.0000000        0.2058173
       7.0000000        0.2155337
       8.0000000        0.2243219
       9.0000000        0.2310932
      10.0000000        0.2350418
      11.0000000        0.2368802
      12.0000000        0.2377750
      13.0000000        0.2388884
      14.0000000        0.2412199
      15.0000000        0.2440369
      16.0000000        0.2453326
       1.0000000        0.0359396
       2.0000000        0.1026224
       3.0000000        0.1526659
       4.0000000        0.1821471
       5.0000000        0.1998124
       6.0000000        0.2103681
       7.0000000        0.2176940
       8.0000000        0.2242500
       9.0000000        0.2296254
      10.0000000        0.2330462
      11.0000000        0.2348949
      12.0000000        0.2361451
      13.0000000        0.2368388
      14.0000000        0.2369868
      15.0000000        0.2374973
      16.0000000        0.2379418
       1.0000000        0.0353962
       2.0000000        0.1017296
       3.0000000        0.1520877
       4.0000000        0.1818219
       5.0000000        0.1994151
       6.0000000        0.2095631
       7.0000000        0.2165488
       8.0000000        0.2230527
       9.0000000        0.2282060
      10.0000000        0.2309735
      11.0000000        0.2321111
      12.0000000        0.2327092
      13.0000000        0.2335040
      14.0000000        0.2344561
      15.0000000        0.2350596
      16.0000000        0.2352132
       1.0000000        0.0349130
       2.0000000        0.0999037
       3.0000000        0.1487312
       4.0000000        0.1780137
       5.0000000        0.1974330
       6.0000000        0.2107955
       7.0000000        0.2202478
       8.0000000        0.2277394
       9.0000000        0.2328739
      10.0000000        0.2350895
      11.0000000        0.2355737
      12.0000000        0.2355631
      13.0000000        0.2353620
      14.0000000        0.2349160
      15.0000000        0.2343429
      16.0000000        0.2340461
       1.0000000        0.0339330
       2.0000000        0.0969129
       3.0000000        0.1439272
       4.0000000        0.1729460
       5.0000000        0.1945212
       6.0000000        0.2108251
       7.0000000        0.2219490
       8.0000000        0.2298354
       9.0000000        0.2352175
      10.0000000        0.2383059
      11.0000000        0.2398227
      12.0000000        0.2403847
      13.0000000        0.2404938
      14.0000000        0.2400656
      15.0000000        0.2390639
      16.0000000        0.2384718
       1.0000000        0.0334412
       2.0000000        0.0961175
       3.0000000        0.1436249
       4.0000000        0.1735989
       5.0000000        0.1961355
       6.0000000        0.2136185
       7.0000000        0.2263229
       8.0000000        0.2359935
       9.0000000        0.2431492
      10.0000000        0.2474154
      11.0000000        0.2491450
      12.0000000        0.2493000
      13.0000000        0.2492094
      14.0000000        0.2486829
      15.0000000        0.2469844
      16.0000000        0.2458506
       1.0000000        0.0337485
       2.0000000        0.0972684
       3.0000000        0.1471369
       4.0000000        0.1804589
       5.0000000        0.2055058
       6.0000000        0.2251050
       7.0000000        0.2396535
       8.0000000        0.2499024
       9.0000000        0.2562233
      10.0000000        0.2593063
      11.0000000        0.2605612
      12.0000000        0.2606798
      13.0000000        0.2596599
      14.0000000        0.2574559
      15.0000000        0.2545623
      16.0000000        0.2530794
       1.0000000        0.0344572
       2.0000000        0.1005615
       3.0000000        0.1542235
       4.0000000        0.1899315
       5.0000000        0.2161572
       6.0000000        0.2375110
       7.0000000        0.2539257
       8.0000000        0.2650547
       9.0000000        0.2716503
      10.0000000        0.2750537
      11.0000000        0.2762192
      12.0000000        0.2753543
      13.0000000        0.2728869
      14.0000000        0.2694805
      15.0000000        0.2661171
      16.0000000        0.2645988
       1.0000000        0.0348788
       2.0000000        0.1021501
       3.0000000        0.1566439
       4.0000000        0.1924687
       5.0000000        0.2190729
       6.0000000        0.2414973
       7.0000000        0.2598003
       8.0000000        0.2731317
       9.0000000        0.2813134
      10.0000000        0.2850055
      11.0000000        0.2848732
      12.0000000        0.2820928
      13.0000000        0.2786328
      14.0000000        0.2759340
      15.0000000        0.2742820
      16.0000000        0.2736796
       1.0000000        0.0348403
       2.0000000        0.1019324
       3.0000000        0.1558987
       4.0000000        0.1906774
       5.0000000        0.2154687
       6.0000000        0.2353682
       7.0000000        0.2517997
       8.0000000        0.2650460
       9.0000000        0.2740875
      10.0000000        0.2783654
      11.0000000        0.2784745
      12.0000000        0.2764092
      13.0000000        0.2748628
      14.0000000        0.2745743
      15.0000000        0.2742902
      16.0000000        0.2740419
       1.0000000        0.0341721
       2.0000000        0.0990106
       3.0000000        0.1497132
       4.0000000        0.1815964
       5.0000000        0.2032349
       6.0000000        0.2197188
       7.0000000        0.2337548
       8.0000000        0.2454938
       9.0000000        0.2539703
      10.0000000        0.2593874
      11.0000000        0.2616168
      12.0000000        0.2608459
      13.0000000        0.2594252
      14.0000000        0.2585452
      15.0000000        0.2576347
      16.0000000        0.2571311
       1.0000000        0.0331065
       2.0000000        0.0947087
       3.0000000        0.1411704
       4.0000000        0.1695832
       5.0000000        0.1891038
       6.0000000        0.2032245
       7.0000000        0.2134422
       8.0000000        0.2223352
       9.0000000        0.2313900
      10.0000000        0.2395935
      11.0000000        0.2446746
      12.0000000        0.2457398
      13.0000000        0.2436857
      14.0000000        0.2408295
      15.0000000        0.2391489
      16.0000000        0.2387015
       1.0000000        0.0331459
       2.0000000        0.0945377
       3.0000000        0.1408889
       4.0000000        0.1687834
       5.0000000        0.1864727
       6.0000000        0.1981207
       7.0000000        0.2063823
       8.0000000        0.2138182
       9.0000000        0.2211254
      10.0000000        0.2280113
      11.0000000        0.2336365
      12.0000000        0.2361254
      13.0000000        0.2350426
      14.0000000        0.2321261
      15.0000000        0.2294466
      16.0000000        0.2283976
       1.0000000        0.0332329
       2.0000000        0.0947361
       3.0000000        0.1414033
       4.0000000        0.1701020
       5.0000000        0.1889954
       6.0000000        0.2014845
       7.0000000        0.2103312
       8.0000000        0.2176997
       9.0000000        0.2228288
      10.0000000        0.2259952
      11.0000000        0.2292489
      12.0000000        0.2325097
      13.0000000        0.2340460
      14.0000000        0.2335181
      15.0000000        0.2323831
      16.0000000        0.2318864
       1.0000000        0.0327967
       2.0000000        0.0932725
       3.0000000        0.1386073
       4.0000000        0.1666867
       5.0000000        0.1864755
       6.0000000        0.2006274
       7.0000000        0.2101425
       8.0000000        0.2168493
       9.0000000        0.2217659
      10.0000000        0.2254941
      11.0000000        0.2290993
      12.0000000        0.2329463
      13.0000000        0.2365993
      14.0000000        0.2392699
      15.0000000        0.2403696
      16.0000000        0.2405037
       1.0000000        0.0322558
       2.0000000        0.0908555
       3.0000000        0.1341821
       4.0000000        0.1611553
       5.0000000        0.1802833
       6.0000000        0.1940897
       7.0000000        0.2038999
       8.0000000        0.2115232
       9.0000000        0.2179911
      10.0000000        0.2239928
      11.0000000        0.2294998
      12.0000000        0.2341729
      13.0000000        0.2377760
      14.0000000        0.2398458
      15.0000000        0.2400614
      16.0000000        0.2397928
       1.0000000        0.0331416
       2.0000000        0.0925982
       3.0000000        0.1355808
       4.0000000        0.1619280
       5.0000000        0.1810419
       6.0000000        0.1958242
       7.0000000        0.2072354
       8.0000000        0.2159470
       9.0000000        0.2216461
      10.0000000        0.2256885
      11.0000000        0.2298840
      12.0000000        0.2340728
      13.0000000        0.2378072
      14.0000000        0.2413989
      15.0000000        0.2442267
      16.0000000        0.2452573
       1.0000000        0.0357024
       2.0000000        0.0984964
       3.0000000        0.1409751
       4.0000000        0.1648100
       5.0000000        0.1833780
       6.0000000        0.2004037
       7.0000000        0.2148616
       8.0000000        0.2249540
       9.0000000        0.2300382
      10.0000000        0.2325524
      11.0000000        0.2348459
      12.0000000        0.2374592
      13.0000000        0.2410839
      14.0000000        0.2446347
      15.0000000        0.2461432
      16.0000000        0.2462694
       1.0000000        0.0370315
       2.0000000        0.1007099
       3.0000000        0.1426778
       4.0000000        0.1669591
       5.0000000        0.1868421
       6.0000000        0.2045412
       7.0000000        0.2181737
       8.0000000        0.2270259
       9.0000000        0.2325096
      10.0000000        0.2372941
      11.0000000        0.2416318
      12.0000000        0.2442298
      13.0000000        0.2453939
      14.0000000        0.2457714
      15.0000000        0.2451755
      16.0000000        0.2446538
       1.0000000        0.0381489
       2.0000000        0.1042077
       3.0000000        0.1489939
       4.0000000        0.1761901
       5.0000000        0.1974804
       6.0000000        0.2147006
       7.0000000        0.2272800
       8.0000000        0.2357946
       9.0000000        0.2416254
      10.0000000        0.2459041
      11.0000000        0.2485356
      12.0000000        0.2487514
      13.0000000        0.2468738
      14.0000000        0.2454524
      15.0000000        0.2460426
      16.0000000        0.2466975
       1.0000000        0.0392626
       2.0000000        0.1083344
       3.0000000        0.1565618
       4.0000000        0.1854899
       5.0000000        0.2067799
       6.0000000        0.2235905
       7.0000000        0.2360919
       8.0000000        0.2444959
       9.0000000        0.2488123
      10.0000000        0.2505750
      11.0000000        0.2520649
      12.0000000        0.2526327
      13.0000000        0.2511780
      14.0000000        0.2494339
      15.0000000        0.2491898
      16.0000000        0.2495020
       1.0000000        0.0386395
       2.0000000        0.1077363
       3.0000000        0.1575100
       4.0000000        0.1866758
       5.0000000        0.2067768
       6.0000000        0.2226363
       7.0000000        0.2342694
       8.0000000        0.2412333
       9.0000000        0.2445460
      10.0000000        0.2467155
      11.0000000        0.2489770
      12.0000000        0.2508835
      13.0000000        0.2519519
      14.0000000        0.2522918
      15.0000000        0.2523838
      16.0000000        0.2524356
       1.0000000        0.0383974
       2.0000000        0.1082025
       3.0000000        0.1586336
       4.0000000        0.1871294
       5.0000000        0.2052497
       6.0000000        0.2178428
       7.0000000        0.2266382
       8.0000000        0.2326468
       9.0000000        0.2365091
      10.0000000        0.2393495
      11.0000000        0.2424265
      12.0000000        0.2464985
      13.0000000        0.2515555
      14.0000000        0.2556868
      15.0000000        0.2568894
      16.0000000        0.2566816
       1.0000000        0.0386588
       2.0000000        0.1093294
       3.0000000        0.1599764
       4.0000000        0.1881128
       5.0000000        0.2053894
       6.0000000        0.2162801
       7.0000000        0.2226404
       8.0000000        0.2268907
       9.0000000        0.2307772
      10.0000000        0.2354412
      11.0000000        0.2407805
      12.0000000        0.2456093
      13.0000000        0.2500051
      14.0000000        0.2544237
      15.0000000        0.2578903
      16.0000000        0.2591657
       1.0000000        0.0396716
       2.0000000        0.1113945
       3.0000000        0.1622989
       4.0000000        0.1903122
       5.0000000        0.2063588
       6.0000000        0.2161122
       7.0000000        0.2228282
       8.0000000        0.2273601
       9.0000000        0.2306964
      10.0000000        0.2349215
      11.0000000        0.2409250
      12.0000000        0.2475210
      13.0000000        0.2522031
      14.0000000        0.2540501
      15.0000000        0.2545974
      16.0000000        0.2547846
       1.0000000        0.0408232
       2.0000000        0.1136059
       3.0000000        0.1643238
       4.0000000        0.1919892
       5.0000000        0.2092418
       6.0000000        0.2210759
       7.0000000        0.2297053
       8.0000000        0.2374241
       9.0000000        0.2426869
      10.0000000        0.2446800
      11.0000000        0.2477339
      12.0000000        0.2533197
      13.0000000        0.2583899
      14.0000000        0.2599213
      15.0000000        0.2582092
      16.0000000        0.2568436
       1.0000000        0.0416928
       2.0000000        0.1149452
       3.0000000        0.1659284
       4.0000000        0.1957572
       5.0000000        0.2162117
       6.0000000        0.2305488
       7.0000000        0.2406273
       8.0000000        0.2494572
       9.0000000        0.2574213
      10.0000000        0.2623963
      11.0000000        0.2642885
      12.0000000        0.2656228
      13.0000000        0.2677903
      14.0000000        0.2697059
      15.0000000        0.2702475
      16.0000000        0.2701560
       1.0000000        0.0420626
       2.0000000        0.1160991
       3.0000000        0.1675353
       4.0000000        0.1971684
       5.0000000        0.2186245
       6.0000000        0.2365789
       7.0000000        0.2520007
       8.0000000        0.2647745
       9.0000000        0.2738988
      10.0000000        0.2790692
      11.0000000        0.2812470
      12.0000000        0.2819985
      13.0000000        0.2818215
      14.0000000        0.2815398
      15.0000000        0.2827492
      16.0000000        0.2838359
       1.0000000        0.0414711
       2.0000000        0.1145235
       3.0000000        0.1662721
       4.0000000        0.1984133
       5.0000000        0.2227884
       6.0000000        0.2419510
       7.0000000        0.2565018
       8.0000000        0.2675823
       9.0000000        0.2757399
      10.0000000        0.2812851
      11.0000000        0.2844762
      12.0000000        0.2865158
      13.0000000        0.2886740
      14.0000000        0.2912732
      15.0000000        0.2939194
      16.0000000        0.2951187
       1.0000000        0.0406935
       2.0000000        0.1134555
       3.0000000        0.1665130
       4.0000000        0.2006003
       5.0000000        0.2265121
       6.0000000        0.2454592
       7.0000000        0.2585311
       8.0000000        0.2686743
       9.0000000        0.2762769
      10.0000000        0.2815567
      11.0000000        0.2863578
      12.0000000        0.2917915
      13.0000000        0.2974814
      14.0000000        0.3022134
      15.0000000        0.3044446
      16.0000000        0.3048447
       1.0000000        0.0386242
       2.0000000        0.1081500
       3.0000000        0.1593288
       4.0000000        0.1930543
       5.0000000        0.2191872
       6.0000000        0.2394231
       7.0000000        0.2550794
       8.0000000        0.2682221
       9.0000000        0.2792798
      10.0000000        0.2884766
      11.0000000        0.2965797
      12.0000000        0.3034071
      13.0000000        0.3085760
      14.0000000        0.3121182
      15.0000000        0.3141299
      16.0000000        0.3147876
       1.0000000        0.0375151
       2.0000000        0.1054551
       3.0000000        0.1561817
       4.0000000        0.1890307
       5.0000000        0.2131352
       6.0000000        0.2326878
       7.0000000        0.2501167
       8.0000000        0.2653026
       9.0000000        0.2774661
      10.0000000        0.2884593
      11.0000000        0.2990653
      12.0000000        0.3073269
      13.0000000        0.3127276
      14.0000000        0.3168346
      15.0000000        0.3200191
      16.0000000        0.3212729
       1.0000000        0.0366292
       2.0000000        0.1042681
       3.0000000        0.1555780
       4.0000000        0.1871816
       5.0000000        0.2093378
       6.0000000        0.2280437
       7.0000000        0.2448392
       8.0000000        0.2592566
       9.0000000        0.2712607
      10.0000000        0.2813081
      11.0000000        0.2892937
      12.0000000        0.2958996
      13.0000000        0.3019129
      14.0000000        0.3071135
      15.0000000        0.3106830
      16.0000000        0.3119581
       1.0000000        0.0364256
       2.0000000        0.1039867
       3.0000000        0.1550996
       4.0000000        0.1861385
       5.0000000        0.2075387
       6.0000000        0.2247734
       7.0000000        0.2394143
       8.0000000        0.2523626
       9.0000000        0.2628122
      10.0000000        0.2706323
      11.0000000        0.2774947
      12.0000000        0.2843972
      13.0000000        0.2904996
      14.0000000        0.2942236
      15.0000000        0.2954093
      16.0000000        0.2955233
       1.0000000        0.0365372
       2.0000000        0.1035348
       3.0000000        0.1535615
       4.0000000        0.1845825
       5.0000000        0.2060737
       6.0000000        0.2219418
       7.0000000        0.2351379
       8.0000000        0.2473476
       9.0000000        0.2564449
      10.0000000        0.2620722
      11.0000000        0.2678205
      12.0000000        0.2754334
      13.0000000        0.2823760
      14.0000000        0.2856884
      15.0000000        0.2860848
      16.0000000        0.2859335
       1.0000000        0.0377664
       2.0000000        0.1065021
       3.0000000        0.1563055
       4.0000000        0.1854477
       5.0000000        0.2054785
       6.0000000        0.2217368
       7.0000000        0.2360363
       8.0000000        0.2476298
       9.0000000        0.2558366
      10.0000000        0.2619521
      11.0000000        0.2673880
      12.0000000        0.2733491
      13.0000000        0.2793158
      14.0000000        0.2832708
      15.0000000        0.2847021
      16.0000000        0.2848789
       1.0000000        0.0373010
       2.0000000        0.1063766
       3.0000000        0.1570085
       4.0000000        0.1865523
       5.0000000        0.2080145
       6.0000000        0.2260327
       7.0000000        0.2400613
       8.0000000        0.2502315
       9.0000000        0.2572792
      10.0000000        0.2620326
      11.0000000        0.2657639
      12.0000000        0.2698181
      13.0000000        0.2739266
      14.0000000        0.2771176
      15.0000000        0.2792059
      16.0000000        0.2799883
       1.0000000        0.0371494
       2.0000000        0.1054155
       3.0000000        0.1562200
       4.0000000        0.1871335
       5.0000000        0.2088784
       6.0000000        0.2255913
       7.0000000        0.2374775
       8.0000000        0.2452202
       9.0000000        0.2497647
      10.0000000        0.2519938
      11.0000000        0.2533361
      12.0000000        0.2550335
      13.0000000        0.2579383
      14.0000000        0.2613955
      15.0000000        0.2639396
      16.0000000        0.2648155
       1.0000000        0.0365053
       2.0000000        0.1019760
       3.0000000        0.1501888
       4.0000000        0.1813018
       5.0000000        0.2038934
       6.0000000        0.2201708
       7.0000000        0.2307529
       8.0000000        0.2377245
       9.0000000        0.2431500
      10.0000000        0.2465946
      11.0000000        0.2473210
      12.0000000        0.2472197
      13.0000000        0.2479132
      14.0000000        0.2492161
      15.0000000        0.2503169
      16.0000000        0.2506664
       1.0000000        0.0357937
       2.0000000        0.0986269
       3.0000000        0.1443899
       4.0000000        0.1747111
       5.0000000        0.1968519
       6.0000000        0.2133019
       7.0000000        0.2255747
       8.0000000        0.2343910
       9.0000000        0.2400463
      10.0000000        0.2438664
      11.0000000        0.2468075
      12.0000000        0.2483813
      13.0000000        0.2490183
      14.0000000        0.2491481
      15.0000000        0.2485810
      16.0000000        0.2481886
       1.0000000        0.0354106
       2.0000000        0.0980484
       3.0000000        0.1448754
       4.0000000        0.1757106
       5.0000000        0.1959789
       6.0000000        0.2090964
       7.0000000        0.2183874
       8.0000000        0.2254219
       9.0000000        0.2303958
      10.0000000        0.2345556
      11.0000000        0.2393264
      12.0000000        0.2443147
      13.0000000        0.2482506
      14.0000000        0.2501266
      15.0000000        0.2501337
      16.0000000        0.2498327
       1.0000000        0.0353161
       2.0000000        0.0994541
       3.0000000        0.1480898
       4.0000000        0.1780455
       5.0000000        0.1961866
       6.0000000        0.2076398
       7.0000000        0.2150235
       8.0000000        0.2195773
       9.0000000        0.2225822
      10.0000000        0.2266938
      11.0000000        0.2330068
      12.0000000        0.2406139
      13.0000000        0.2478444
      14.0000000        0.2533963
      15.0000000        0.2569959
      16.0000000        0.2582367
       1.0000000        0.0365443
       2.0000000        0.1028597
       3.0000000        0.1518323
       4.0000000        0.1808762
       5.0000000        0.1988946
       6.0000000        0.2094802
       7.0000000        0.2147173
       8.0000000        0.2179428
       9.0000000        0.2219747
      10.0000000        0.2285619
      11.0000000        0.2375502
      12.0000000        0.2473892
      13.0000000        0.2555156
      14.0000000        0.2603770
      15.0000000        0.2623967
      16.0000000        0.2628013
       1.0000000        0.0361149
       2.0000000        0.1021887
       3.0000000        0.1511689
       4.0000000        0.1798148
       5.0000000        0.1968438
       6.0000000        0.2071238
       7.0000000        0.2139000
       8.0000000        0.2203253
       9.0000000        0.2276376
      10.0000000        0.2355003
      11.0000000        0.2440794
      12.0000000        0.2527820
      13.0000000        0.2594251
      14.0000000        0.2630371
      15.0000000        0.2643645
      16.0000000        0.2646055
       1.0000000        0.0350528
       2.0000000        0.0993580
       3.0000000        0.1467241
       4.0000000        0.1748154
       5.0000000        0.1936360
       6.0000000        0.2075074
       7.0000000        0.2188284
       8.0000000        0.2297281
       9.0000000        0.2396370
      10.0000000        0.2474422
      11.0000000        0.2536955
      12.0000000        0.2592479
      13.0000000        0.2641865
      14.0000000        0.2682977
      15.0000000        0.2708627
      16.0000000        0.2716473
       1.0000000        0.0352684
       2.0000000        0.0997275
       3.0000000        0.1468627
       4.0000000        0.1750895
       5.0000000        0.1954874
       6.0000000        0.2127338
       7.0000000        0.2274274
       8.0000000        0.2398149
       9.0000000        0.2497578
      10.0000000        0.2570496
      11.0000000        0.2621085
      12.0000000        0.2655804
      13.0000000        0.2681165
      14.0000000        0.2705727
      15.0000000        0.2729284
      16.0000000        0.2739186
       1.0000000        0.0365436
       2.0000000        0.1022576
       3.0000000        0.1493720
       4.0000000        0.1782953
       5.0000000        0.2013032
       6.0000000        0.2216392
       7.0000000        0.2380158
       8.0000000        0.2501049
       9.0000000        0.2584578
      10.0000000        0.2641092
      11.0000000        0.2681004
      12.0000000        0.2704895
      13.0000000        0.2715111
      14.0000000        0.2726495
      15.0000000        0.2737004
      16.0000000        0.2739403
       1.0000000        0.0373177
       2.0000000        0.1037097
       3.0000000        0.1516615
       4.0000000        0.1827801
       5.0000000        0.2082650
       6.0000000        0.2308710
       7.0000000        0.2496042
       8.0000000        0.2625029
       9.0000000        0.2694411
      10.0000000        0.2724775
      11.0000000        0.2739814
      12.0000000        0.2754588
      13.0000000        0.2764861
      14.0000000        0.2756818
      15.0000000        0.2734645
      16.0000000        0.2722525
       1.0000000        0.0375948
       2.0000000        0.1048511
       3.0000000        0.1545741
       4.0000000        0.1878264
       5.0000000        0.2148141
       6.0000000        0.2372258
       7.0000000        0.2537110
       8.0000000        0.2643861
       9.0000000        0.2698338
      10.0000000        0.2718695
      11.0000000        0.2732211
      12.0000000        0.2746803
      13.0000000        0.2758283
      14.0000000        0.2758179
      15.0000000        0.2748254
      16.0000000        0.2742554
       1.0000000        0.0391235
       2.0000000        0.1108202
       3.0000000        0.1651270
       4.0000000        0.1995014
       5.0000000        0.2245536
       6.0000000        0.2437547
       7.0000000        0.2565666
       8.0000000        0.2640892
       9.0000000        0.2685419
      10.0000000        0.2706403
      11.0000000        0.2712027
      12.0000000        0.2720684
      13.0000000        0.2750444
      14.0000000        0.2797611
      15.0000000        0.2838612
      16.0000000        0.2854218
       1.0000000        0.0399746
       2.0000000        0.1138342
       3.0000000        0.1705108
       4.0000000        0.2061128
       5.0000000        0.2304293
       6.0000000        0.2474296
       7.0000000        0.2575702
       8.0000000        0.2631158
       9.0000000        0.2669647
      10.0000000        0.2696975
      11.0000000        0.2714444
      12.0000000        0.2738935
      13.0000000        0.2776889
      14.0000000        0.2810341
      15.0000000        0.2826299
      16.0000000        0.2829891
       1.0000000        0.0400931
       2.0000000        0.1141701
       3.0000000        0.1712751
       4.0000000        0.2077575
       5.0000000        0.2320183
       6.0000000        0.2472231
       7.0000000        0.2553118
       8.0000000        0.2592841
       9.0000000        0.2617090
      10.0000000        0.2643388
      11.0000000        0.2679349
      12.0000000        0.2716957
      13.0000000        0.2742804
      14.0000000        0.2753021
      15.0000000        0.2749994
      16.0000000        0.2745548
       1.0000000        0.0392720
       2.0000000        0.1117154
       3.0000000        0.1681714
       4.0000000        0.2054418
       5.0000000        0.2292777
       6.0000000        0.2428664
       7.0000000        0.2506571
       8.0000000        0.2555870
       9.0000000        0.2584130
      10.0000000        0.2605007
      11.0000000        0.2630739
      12.0000000        0.2649291
      13.0000000        0.2652162
      14.0000000        0.2652618
      15.0000000        0.2653801
      16.0000000        0.2652918
       1.0000000        0.0386378
       2.0000000        0.1101880
       3.0000000        0.1659970
       4.0000000        0.2022679
       5.0000000        0.2260459
       6.0000000        0.2417734
       7.0000000        0.2519899
       8.0000000        0.2573971
       9.0000000        0.2587076
      10.0000000        0.2575623
      11.0000000        0.2555123
      12.0000000        0.2539454
      13.0000000        0.2535619
      14.0000000        0.2542569
      15.0000000        0.2549203
      16.0000000        0.2550062
       1.0000000        0.0380111
       2.0000000        0.1081978
       3.0000000        0.1619992
       4.0000000        0.1960273
       5.0000000        0.2191692
       6.0000000        0.2359498
       7.0000000        0.2474813
       8.0000000        0.2534826
       9.0000000        0.2544457
      10.0000000        0.2522525
      11.0000000        0.2491455
      12.0000000        0.2465606
      13.0000000        0.2446073
      14.0000000        0.2421721
      15.0000000        0.2391338
      16.0000000        0.2376589
       1.0000000        0.0373824
       2.0000000        0.1065723
       3.0000000        0.1591447
       4.0000000        0.1918165
       5.0000000        0.2142019
       6.0000000        0.2307576
       7.0000000        0.2418619
       8.0000000        0.2473648
       9.0000000        0.2488924
      10.0000000        0.2490206
      11.0000000        0.2489527
      12.0000000        0.2477055
      13.0000000        0.2444753
      14.0000000        0.2398616
      15.0000000        0.2354463
      16.0000000        0.2335681
       1.0000000        0.0373994
       2.0000000        0.1065377
       3.0000000        0.1580685
       4.0000000        0.1892108
       5.0000000        0.2111507
       6.0000000        0.2279768
       7.0000000        0.2389409
       8.0000000        0.2440565
       9.0000000        0.2456625
      10.0000000        0.2461341
      11.0000000        0.2458058
      12.0000000        0.2441629
      13.0000000        0.2420077
      14.0000000        0.2410255
      15.0000000        0.2413523
      16.0000000        0.2417096
       1.0000000        0.0367664
       2.0000000        0.1040927
       3.0000000        0.1535197
       4.0000000        0.1834417
       5.0000000        0.2046330
       6.0000000        0.2203636
       7.0000000        0.2308939
       8.0000000        0.2364441
       9.0000000        0.2376426
      10.0000000        0.2367493
      11.0000000        0.2363845
      12.0000000        0.2373377
      13.0000000        0.2388604
      14.0000000        0.2404507
      15.0000000        0.2418785
      16.0000000        0.2425008
       1.0000000        0.0369474
       2.0000000        0.1036430
       3.0000000        0.1520501
       4.0000000        0.1820201
       5.0000000        0.2029044
       6.0000000        0.2167691
       7.0000000        0.2258751
       8.0000000        0.2324337
       9.0000000        0.2358130
      10.0000000        0.2367527
      11.0000000        0.2380611
      12.0000000        0.2401090
      13.0000000        0.2412989
      14.0000000        0.2412543
      15.0000000        0.2404677
      16.0000000        0.2399250
       1.0000000        0.0370084
       2.0000000        0.1048478
       3.0000000        0.1558088
       4.0000000        0.1874861
       5.0000000        0.2090784
       6.0000000        0.2248246
       7.0000000        0.2352984
       8.0000000        0.2405439
       9.0000000        0.2417542
      10.0000000        0.2418721
      11.0000000        0.2430477
      12.0000000        0.2442045
      13.0000000        0.2437858
      14.0000000        0.2425443
      15.0000000        0.2420058
      16.0000000        0.2420438
       1.0000000        0.0383859
       2.0000000        0.1091184
       3.0000000        0.1624307
       4.0000000        0.1939607
       5.0000000        0.2136897
       6.0000000        0.2283588
       7.0000000        0.2393865
       8.0000000        0.2461373
       9.0000000        0.2490744
      10.0000000        0.2494907
      11.0000000        0.2489459
      12.0000000        0.2481386
      13.0000000        0.2469321
      14.0000000        0.2454405
      15.0000000        0.2442430
      16.0000000        0.2438020
       1.0000000        0.0411765
       2.0000000        0.1154708
       3.0000000        0.1688020
       4.0000000        0.1992657
       5.0000000        0.2193249
       6.0000000        0.2350379
       7.0000000        0.2473391
       8.0000000        0.2555163
       9.0000000        0.2594060
      10.0000000        0.2601148
      11.0000000        0.2586883
      12.0000000        0.2548946
      13.0000000        0.2490982
      14.0000000        0.2440408
      15.0000000        0.2415539
      16.0000000        0.2409043
       1.0000000        0.0434858
       2.0000000        0.1199950
       3.0000000        0.1730719
       4.0000000        0.2046148
       5.0000000        0.2267724
       6.0000000        0.2420739
       7.0000000        0.2535241
       8.0000000        0.2630327
       9.0000000        0.2676037
      10.0000000        0.2662921
      11.0000000        0.2615614
      12.0000000        0.2562191
      13.0000000        0.2512311
      14.0000000        0.2470007
      15.0000000        0.2440437
      16.0000000        0.2429075
       1.0000000        0.0435717
       2.0000000        0.1202946
       3.0000000        0.1748437
       4.0000000        0.2091725
       5.0000000        0.2338945
       6.0000000        0.2501090
       7.0000000        0.2595482
       8.0000000        0.2633989
       9.0000000        0.2634407
      10.0000000        0.2629485
      11.0000000        0.2622340
      12.0000000        0.2609854
      13.0000000        0.2588781
      14.0000000        0.2549389
      15.0000000        0.2505199
      16.0000000        0.2485653
       1.0000000        0.0437422
       2.0000000        0.1214050
       3.0000000        0.1763161
       4.0000000        0.2100720
       5.0000000        0.2351883
       6.0000000        0.2521839
       7.0000000        0.2603803
       8.0000000        0.2621704
       9.0000000        0.2604466
      10.0000000        0.2582895
      11.0000000        0.2572596
      12.0000000        0.2573848
      13.0000000        0.2581889
      14.0000000        0.2586940
      15.0000000        0.2582586
      16.0000000        0.2578174
       1.0000000        0.0431901
       2.0000000        0.1194519
       3.0000000        0.1730156
       4.0000000        0.2070225
       5.0000000        0.2329234
       6.0000000        0.2493114
       7.0000000        0.2561683
       8.0000000        0.2579236
       9.0000000        0.2587165
      10.0000000        0.2592996
      11.0000000        0.2589959
      12.0000000        0.2591916
      13.0000000        0.2611193
      14.0000000        0.2639798
      15.0000000        0.2663714
      16.0000000        0.2673331
       1.0000000        0.0403450
       2.0000000        0.1118630
       3.0000000        0.1633283
       4.0000000        0.1966901
       5.0000000        0.2221449
       6.0000000        0.2397778
       7.0000000        0.2499069
       8.0000000        0.2558919
       9.0000000        0.2607445
      10.0000000        0.2651718
      11.0000000        0.2681927
      12.0000000        0.2690362
      13.0000000        0.2686568
      14.0000000        0.2694908
      15.0000000        0.2719526
      16.0000000        0.2732458
       1.0000000        0.0374808
       2.0000000        0.1048601
       3.0000000        0.1557226
       4.0000000        0.1895629
       5.0000000        0.2144633
       6.0000000        0.2328399
       7.0000000        0.2452531
       8.0000000        0.2537169
       9.0000000        0.2606941
      10.0000000        0.2659749
      11.0000000        0.2682582
      12.0000000        0.2681578
      13.0000000        0.2680598
      14.0000000        0.2699086
      15.0000000        0.2729393
      16.0000000        0.2744778
       1.0000000        0.0360330
       2.0000000        0.1004626
       3.0000000        0.1487068
       4.0000000        0.1817562
       5.0000000        0.2074582
       6.0000000        0.2264103
       7.0000000        0.2386208
       8.0000000        0.2482110
       9.0000000        0.2574178
      10.0000000        0.2633923
      11.0000000        0.2648332
      12.0000000        0.2647729
      13.0000000        0.2654153
      14.0000000        0.2658823
      15.0000000        0.2656492
      16.0000000        0.2654509
       1.0000000        0.0348254
       2.0000000        0.0969990
       3.0000000        0.1428029
       4.0000000        0.1736945
       5.0000000        0.1985351
       6.0000000        0.2177075
       7.0000000        0.2305018
       8.0000000        0.2400708
       9.0000000        0.2485470
      10.0000000        0.2550612
      11.0000000        0.2590086
      12.0000000        0.2607248
      13.0000000        0.2608299
      14.0000000        0.2604082
      15.0000000        0.2604262
      16.0000000        0.2606001
       1.0000000        0.0343194
       2.0000000        0.0964508
       3.0000000        0.1424485
       4.0000000        0.1708194
       5.0000000        0.1916042
       6.0000000        0.2096016
       7.0000000        0.2243786
       8.0000000        0.2355731
       9.0000000        0.2442725
      10.0000000        0.2507221
      11.0000000        0.2544469
      12.0000000        0.2559028
      13.0000000        0.2571273
      14.0000000        0.2601153
      15.0000000        0.2643854
      16.0000000        0.2665858
       1.0000000        0.0367867
       2.0000000        0.1022548
       3.0000000        0.1484243
       4.0000000        0.1749528
       5.0000000        0.1933441
       6.0000000        0.2088399
       7.0000000        0.2221380
       8.0000000        0.2332131
       9.0000000        0.2418056
      10.0000000        0.2476825
      11.0000000        0.2520806
      12.0000000        0.2562050
      13.0000000        0.2604120
      14.0000000        0.2645225
      15.0000000        0.2680407
      16.0000000        0.2695882
       1.0000000        0.0375040
       2.0000000        0.1032604
       3.0000000        0.1481976
       4.0000000        0.1729174
       5.0000000        0.1903448
       6.0000000        0.2059220
       7.0000000        0.2193360
       8.0000000        0.2299531
       9.0000000        0.2386579
      10.0000000        0.2459638
      11.0000000        0.2527063
      12.0000000        0.2600478
      13.0000000        0.2673448
      14.0000000        0.2733381
      15.0000000        0.2774603
      16.0000000        0.2790406
       1.0000000        0.0375621
       2.0000000        0.1035462
       3.0000000        0.1479048
       4.0000000        0.1723030
       5.0000000        0.1902843
       6.0000000        0.2061910
       7.0000000        0.2200562
       8.0000000        0.2322788
       9.0000000        0.2430558
      10.0000000        0.2520966
      11.0000000        0.2599385
      12.0000000        0.2670346
      13.0000000        0.2737207
      14.0000000        0.2806249
      15.0000000        0.2864332
      16.0000000        0.2886589
       1.0000000        0.0383514
       2.0000000        0.1052101
       3.0000000        0.1509367
       4.0000000        0.1787684
       5.0000000        0.1996271
       6.0000000        0.2151658
       7.0000000        0.2271790
       8.0000000        0.2388425
       9.0000000        0.2511805
      10.0000000        0.2631362
      11.0000000        0.2735818
      12.0000000        0.2817486
      13.0000000        0.2876148
      14.0000000        0.2912863
      15.0000000        0.2931288
      16.0000000        0.2936924
       1.0000000        0.0379144
       2.0000000        0.1051038
       3.0000000        0.1540599
       4.0000000        0.1866022
       5.0000000        0.2115311
       6.0000000        0.2286060
       7.0000000        0.2398151
       8.0000000        0.2501425
       9.0000000        0.2604727
      10.0000000        0.2698533
      11.0000000        0.2793207
      12.0000000        0.2893293
      13.0000000        0.2987491
      14.0000000        0.3061996
      15.0000000        0.3107628
      16.0000000        0.3122285
       1.0000000        0.0363179
       2.0000000        0.1036931
       3.0000000        0.1557275
       4.0000000        0.1901541
       5.0000000        0.2152392
       6.0000000        0.2337348
       7.0000000        0.2471277
       8.0000000        0.2572222
       9.0000000        0.2662185
      10.0000000        0.2756407
      11.0000000        0.2851132
      12.0000000        0.2929221
      13.0000000        0.2986603
      14.0000000        0.3035042
      15.0000000        0.3073725
      16.0000000        0.3088715
       1.0000000        0.0363631
       2.0000000        0.1045875
       3.0000000        0.1582856
       4.0000000        0.1935042
       5.0000000        0.2184108
       6.0000000        0.2367960
       7.0000000        0.2499600
       8.0000000        0.2597640
       9.0000000        0.2680563
      10.0000000        0.2751340
      11.0000000        0.2811329
      12.0000000        0.2867121
      13.0000000        0.2919795
      14.0000000        0.2962560
      15.0000000        0.2984689
      16.0000000        0.2990227
       1.0000000        0.0369908
       2.0000000        0.1057126
       3.0000000        0.1585182
       4.0000000        0.1918849
       5.0000000        0.2141653
       6.0000000        0.2291689
       7.0000000        0.2396088
       8.0000000        0.2481579
       9.0000000        0.2561115
      10.0000000        0.2631981
      11.0000000        0.2689235
      12.0000000        0.2735519
      13.0000000        0.2778904
      14.0000000        0.2821374
      15.0000000        0.2852405
      16.0000000        0.2863559
       1.0000000        0.0389073
       2.0000000        0.1096242
       3.0000000        0.1618423
       4.0000000        0.1935038
       5.0000000        0.2136528
       6.0000000        0.2257634
       7.0000000        0.2336808
       8.0000000        0.2407519
       9.0000000        0.2480973
      10.0000000        0.2550947
      11.0000000        0.2612009
      12.0000000        0.2666080
      13.0000000        0.2709481
      14.0000000        0.2743272
      15.0000000        0.2773141
      16.0000000        0.2787203
       1.0000000        0.0397011
       2.0000000        0.1112015
       3.0000000        0.1634335
       4.0000000        0.1953379
       5.0000000        0.2161439
       6.0000000        0.2284991
       7.0000000        0.2344487
       8.0000000        0.2377948
       9.0000000        0.2416791
      10.0000000        0.2474618
      11.0000000        0.2545063
      12.0000000        0.2607765
      13.0000000        0.2647378
      14.0000000        0.2664162
      15.0000000        0.2667199
      16.0000000        0.2666689
       1.0000000        0.0389022
       2.0000000        0.1099450
       3.0000000        0.1636279
       4.0000000        0.1972662
       5.0000000        0.2190319
       6.0000000        0.2312827
       7.0000000        0.2365487
       8.0000000        0.2385302
       9.0000000        0.2403396
      10.0000000        0.2439327
      11.0000000        0.2493120
      12.0000000        0.2549049
      13.0000000        0.2587457
      14.0000000        0.2604605
      15.0000000        0.2607329
      16.0000000        0.2606775
       1.0000000        0.0388788
       2.0000000        0.1105819
       3.0000000        0.1656390
       4.0000000        0.2001185
       5.0000000        0.2220507
       6.0000000        0.2349891
       7.0000000        0.2408233
       8.0000000        0.2425440
       9.0000000        0.2431059
      10.0000000        0.2447029
      11.0000000        0.2477445
      12.0000000        0.2508423
      13.0000000        0.2531050
      14.0000000        0.2547696
      15.0000000        0.2558824
      16.0000000        0.2562274
       1.0000000        0.0391788
       2.0000000        0.1120047
       3.0000000        0.1673637
       4.0000000        0.2016656
       5.0000000        0.2238966
       6.0000000        0.2366698
       7.0000000        0.2426886
       8.0000000        0.2450713
       9.0000000        0.2442931
      10.0000000        0.2425976
      11.0000000        0.2439028
      12.0000000        0.2475429
      13.0000000        0.2502112
      14.0000000        0.2517052
      15.0000000        0.2532729
      16.0000000        0.2541142
       1.0000000        0.0395738
       2.0000000        0.1126819
       3.0000000        0.1671534
       4.0000000        0.1993288
       5.0000000        0.2187902
       6.0000000        0.2297417
       7.0000000        0.2353761
       8.0000000        0.2383678
       9.0000000        0.2390874
      10.0000000        0.2381819
      11.0000000        0.2382684
      12.0000000        0.2404557
      13.0000000        0.2438043
      14.0000000        0.2476240
      15.0000000        0.2511659
      16.0000000        0.2527010
       1.0000000        0.0402729
       2.0000000        0.1130223
       3.0000000        0.1655325
       4.0000000        0.1956904
       5.0000000        0.2129361
       6.0000000        0.2217400
       7.0000000        0.2260837
       8.0000000        0.2293310
       9.0000000        0.2313479
      10.0000000        0.2310073
      11.0000000        0.2298263
      12.0000000        0.2311085
      13.0000000        0.2359806
      14.0000000        0.2420730
      15.0000000        0.2467851
      16.0000000        0.2485453
       1.0000000        0.0414027
       2.0000000        0.1147322
       3.0000000        0.1666437
       4.0000000        0.1956919
       5.0000000        0.2103366
       6.0000000        0.2157695
       7.0000000        0.2177755
       8.0000000        0.2204830
       9.0000000        0.2241929
      10.0000000        0.2269716
      11.0000000        0.2285784
      12.0000000        0.2303862
      13.0000000        0.2333246
      14.0000000        0.2365556
      15.0000000        0.2385273
      16.0000000        0.2391009
       1.0000000        0.0414385
       2.0000000        0.1150495
       3.0000000        0.1663033
       4.0000000        0.1924849
       5.0000000        0.2046190
       6.0000000        0.2093358
       7.0000000        0.2114750
       8.0000000        0.2155817
       9.0000000        0.2224955
      10.0000000        0.2291622
      11.0000000        0.2324317
      12.0000000        0.2330545
      13.0000000        0.2344578
      14.0000000        0.2370564
      15.0000000        0.2382322
      16.0000000        0.2380669
       1.0000000        0.0404171
       2.0000000        0.1117184
       3.0000000        0.1597914
       4.0000000        0.1840219
       5.0000000        0.1970098
       6.0000000        0.2038553
       7.0000000        0.2081464
       8.0000000        0.2133022
       9.0000000        0.2187308
      10.0000000        0.2226631
      11.0000000        0.2251031
      12.0000000        0.2268473
      13.0000000        0.2282619
      14.0000000        0.2293893
      15.0000000        0.2299612
      16.0000000        0.2300186
       1.0000000        0.0389490
       2.0000000        0.1079675
       3.0000000        0.1551515
       4.0000000        0.1793927
       5.0000000        0.1927210
       6.0000000        0.2006367
       7.0000000        0.2059854
       8.0000000        0.2107911
       9.0000000        0.2152787
      10.0000000        0.2185993
      11.0000000        0.2201521
      12.0000000        0.2211315
      13.0000000        0.2234917
      14.0000000        0.2254777
      15.0000000        0.2247972
      16.0000000        0.2236535
       1.0000000        0.0379467
       2.0000000        0.1062813
       3.0000000        0.1536197
       4.0000000        0.1772208
       5.0000000        0.1899260
       6.0000000        0.1985477
       7.0000000        0.2048588
       8.0000000        0.2093406
       9.0000000        0.2126064
      10.0000000        0.2153118
      11.0000000        0.2175274
      12.0000000        0.2191404
      13.0000000        0.2199083
      14.0000000        0.2195111
      15.0000000        0.2178416
      16.0000000        0.2167100
       1.0000000        0.0360160
       2.0000000        0.1006459
       3.0000000        0.1461215
       4.0000000        0.1708305
       5.0000000        0.1861213
       6.0000000        0.1960927
       7.0000000        0.2017725
       8.0000000        0.2056549
       9.0000000        0.2089459
      10.0000000        0.2107752
      11.0000000        0.2106098
      12.0000000        0.2096542
      13.0000000        0.2100537
      14.0000000        0.2117238
      15.0000000        0.2126985
      16.0000000        0.2128631
       1.0000000        0.0357039
       2.0000000        0.0994402
       3.0000000        0.1450364
       4.0000000        0.1719972
       5.0000000        0.1896971
       6.0000000        0.2005052
       7.0000000        0.2062792
       8.0000000        0.2102844
       9.0000000        0.2133772
      10.0000000        0.2147180
      11.0000000        0.2136578
      12.0000000        0.2105289
      13.0000000        0.2073795
      14.0000000        0.2061475
      15.0000000        0.2066908
      16.0000000        0.2073069
       1.0000000        0.0371912
       2.0000000        0.1047498
       3.0000000        0.1534820
       4.0000000        0.1819043
       5.0000000        0.2000849
       6.0000000        0.2103435
       7.0000000        0.2150927
       8.0000000        0.2180980
       9.0000000        0.2206241
      10.0000000        0.2220007
      11.0000000        0.2212384
      12.0000000        0.2175826
      13.0000000        0.2115796
      14.0000000        0.2053537
      15.0000000        0.2009901
      16.0000000        0.1994497
       1.0000000        0.0382140
       2.0000000        0.1080660
       3.0000000        0.1590336
       4.0000000        0.1887531
       5.0000000        0.2075514
       6.0000000        0.2183901
       7.0000000        0.2231639
       8.0000000        0.2253677
       9.0000000        0.2268251
      10.0000000        0.2280278
      11.0000000        0.2285624
      12.0000000        0.2264459
      13.0000000        0.2208503
      14.0000000        0.2139859
      15.0000000        0.2088428
      16.0000000        0.2070493
       1.0000000        0.0391236
       2.0000000        0.1115656
       3.0000000        0.1655261
       4.0000000        0.1965339
       5.0000000        0.2154057
       6.0000000        0.2276110
       7.0000000        0.2348280
       8.0000000        0.2380101
       9.0000000        0.2382724
      10.0000000        0.2373985
      11.0000000        0.2358376
      12.0000000        0.2328796
      13.0000000        0.2296821
      14.0000000        0.2281455
      15.0000000        0.2277865
      16.0000000        0.2275987
       1.0000000        0.0397235
       2.0000000        0.1134208
       3.0000000        0.1684827
       4.0000000        0.1987273
       5.0000000        0.2155444
       6.0000000        0.2262414
       7.0000000        0.2327695
       8.0000000        0.2364579
       9.0000000        0.2385905
      10.0000000        0.2390548
      11.0000000        0.2370553
      12.0000000        0.2337838
      13.0000000        0.2326766
      14.0000000        0.2354625
      15.0000000        0.2390132
      16.0000000        0.2403580
       1.0000000        0.0409599
       2.0000000        0.1151431
       3.0000000        0.1678814
       4.0000000        0.1955607
       5.0000000        0.2116365
       6.0000000        0.2225330
       7.0000000        0.2294473
       8.0000000        0.2336304
       9.0000000        0.2363774
      10.0000000        0.2383494
      11.0000000        0.2398450
      12.0000000        0.2406049
      13.0000000        0.2401857
      14.0000000        0.2395833
      15.0000000        0.2390456
      16.0000000        0.2386722
       1.0000000        0.0409554
       2.0000000        0.1151944
       3.0000000        0.1672969
       4.0000000        0.1942451
       5.0000000        0.2094151
       6.0000000        0.2183531
       7.0000000        0.2238967
       8.0000000        0.2297526
       9.0000000        0.2369193
      10.0000000        0.2445548
      11.0000000        0.2517808
      12.0000000        0.2559435
      13.0000000        0.2548136
      14.0000000        0.2503914
      15.0000000        0.2459147
      16.0000000        0.2439281
       1.0000000        0.0406895
       2.0000000        0.1147873
       3.0000000        0.1661419
       4.0000000        0.1923173
       5.0000000        0.2086715
       6.0000000        0.2207637
       7.0000000        0.2295393
       8.0000000        0.2373582
       9.0000000        0.2455163
      10.0000000        0.2540194
      11.0000000        0.2615936
      12.0000000        0.2655381
      13.0000000        0.2658684
      14.0000000        0.2644126
      15.0000000        0.2622358
      16.0000000        0.2611186
       1.0000000        0.0381892
       2.0000000        0.1092085
       3.0000000        0.1613127
       4.0000000        0.1909472
       5.0000000        0.2101233
       6.0000000        0.2238076
       7.0000000        0.2346093
       8.0000000        0.2444806
       9.0000000        0.2528023
      10.0000000        0.2592984
      11.0000000        0.2644656
      12.0000000        0.2680718
      13.0000000        0.2703332
      14.0000000        0.2715375
      15.0000000        0.2713340
      16.0000000        0.2707993
       1.0000000        0.0373293
       2.0000000        0.1075135
       3.0000000        0.1611587
       4.0000000        0.1940731
       5.0000000        0.2159614
       6.0000000        0.2308602
       7.0000000        0.2421274
       8.0000000        0.2515322
       9.0000000        0.2574804
      10.0000000        0.2600577
      11.0000000        0.2620457
      12.0000000        0.2650318
      13.0000000        0.2677310
      14.0000000        0.2688100
      15.0000000        0.2691406
      16.0000000        0.2693976
       1.0000000        0.0389671
       2.0000000        0.1117852
       3.0000000        0.1670897
       4.0000000        0.2009043
       5.0000000        0.2227761
       6.0000000        0.2362710
       7.0000000        0.2449173
       8.0000000        0.2516621
       9.0000000        0.2556919
      10.0000000        0.2569292
      11.0000000        0.2587125
      12.0000000        0.2621642
      13.0000000        0.2649673
      14.0000000        0.2661772
      15.0000000        0.2672157
      16.0000000        0.2678781
       1.0000000        0.0409753
       2.0000000        0.1159871
       3.0000000        0.1698601
       4.0000000        0.1986150
       5.0000000        0.2154350
       6.0000000        0.2280857
       7.0000000        0.2391427
       8.0000000        0.2473958
       9.0000000        0.2514061
      10.0000000        0.2528368
      11.0000000        0.2553150
      12.0000000        0.2610595
      13.0000000        0.2682145
      14.0000000        0.2728811
      15.0000000        0.2740891
      16.0000000        0.2739646
       1.0000000        0.0413982
       2.0000000        0.1152802
       3.0000000        0.1661850
       4.0000000        0.1923827
       5.0000000        0.2083536
       6.0000000        0.2221137
       7.0000000        0.2339121
       8.0000000        0.2406931
       9.0000000        0.2430508
      10.0000000        0.2447058
      11.0000000        0.2481388
      12.0000000        0.2540745
      13.0000000        0.2613191
      14.0000000        0.2676281
      15.0000000        0.2714333
      16.0000000        0.2724762
       1.0000000        0.0398140
       2.0000000        0.1114380
       3.0000000        0.1604837
       4.0000000        0.1860002
       5.0000000        0.2034062
       6.0000000        0.2173302
       7.0000000        0.2262113
       8.0000000        0.2305938
       9.0000000        0.2331058
      10.0000000        0.2361851
      11.0000000        0.2406914
      12.0000000        0.2457106
      13.0000000        0.2501263
      14.0000000        0.2542117
      15.0000000        0.2584144
      16.0000000        0.2605064
       1.0000000        0.0379174
       2.0000000        0.1067004
       3.0000000        0.1563589
       4.0000000        0.1852050
       5.0000000        0.2043203
       6.0000000        0.2171535
       7.0000000        0.2252140
       8.0000000        0.2314168
       9.0000000        0.2364314
      10.0000000        0.2390764
      11.0000000        0.2399975
      12.0000000        0.2408568
      13.0000000        0.2419968
      14.0000000        0.2436795
      15.0000000        0.2455185
      16.0000000        0.2462212
       1.0000000        0.0372641
       2.0000000        0.1057157
       3.0000000        0.1571228
       4.0000000        0.1884407
       5.0000000        0.2087917
       6.0000000        0.2215306
       7.0000000        0.2292307
       8.0000000        0.2347945
       9.0000000        0.2385810
      10.0000000        0.2404777
      11.0000000        0.2404362
      12.0000000        0.2391325
      13.0000000        0.2383681
      14.0000000        0.2379966
      15.0000000        0.2368694
      16.0000000        0.2360275
       1.0000000        0.0366329
       2.0000000        0.1045735
       3.0000000        0.1567734
       4.0000000        0.1896984
       5.0000000        0.2109407
       6.0000000        0.2231594
       7.0000000        0.2301177
       8.0000000        0.2363131
       9.0000000        0.2415445
      10.0000000        0.2431192
      11.0000000        0.2409060
      12.0000000        0.2369035
      13.0000000        0.2333260
      14.0000000        0.2318300
      15.0000000        0.2320914
      16.0000000        0.2324993
       1.0000000        0.0354240
       2.0000000        0.1028207
       3.0000000        0.1563317
       4.0000000        0.1902450
       5.0000000        0.2116477
       6.0000000        0.2244132
       7.0000000        0.2327001
       8.0000000        0.2394689
       9.0000000        0.2434163
      10.0000000        0.2437449
      11.0000000        0.2422516
      12.0000000        0.2399569
      13.0000000        0.2368301
      14.0000000        0.2336532
      15.0000000        0.2315184
      16.0000000        0.2308352
       1.0000000        0.0346778
       2.0000000        0.1018538
       3.0000000        0.1556636
       4.0000000        0.1886437
       5.0000000        0.2089239
       6.0000000        0.2220755
       7.0000000        0.2310244
       8.0000000        0.2363636
       9.0000000        0.2373506
      10.0000000        0.2361020
      11.0000000        0.2362023
      12.0000000        0.2376159
      13.0000000        0.2384814
      14.0000000        0.2383302
      15.0000000        0.2378054
      16.0000000        0.2375813
       1.0000000        0.0360363
       2.0000000        0.1039243
       3.0000000        0.1556699
       4.0000000        0.1861663
       5.0000000        0.2047298
       6.0000000        0.2154644
       7.0000000        0.2208965
       8.0000000        0.2237037
       9.0000000        0.2248327
      10.0000000        0.2257575
      11.0000000        0.2283620
      12.0000000        0.2319510
      13.0000000        0.2344571
      14.0000000        0.2344866
      15.0000000        0.2324991
      16.0000000        0.2312332
       1.0000000        0.0370952
       2.0000000        0.1050087
       3.0000000        0.1548361
       4.0000000        0.1834672
       5.0000000        0.2005576
       6.0000000        0.2103780
       7.0000000        0.2161229
       8.0000000        0.2200144
       9.0000000        0.2224101
      10.0000000        0.2238851
      11.0000000        0.2246778
      12.0000000        0.2237268
      13.0000000        0.2209778
      14.0000000        0.2175922
      15.0000000        0.2145079
      16.0000000        0.2131321
       1.0000000        0.0379602
       2.0000000        0.1063343
       3.0000000        0.1555431
       4.0000000        0.1842430
       5.0000000        0.2026428
       6.0000000        0.2134704
       7.0000000        0.2177114
       8.0000000        0.2186108
       9.0000000        0.2187351
      10.0000000        0.2188761
      11.0000000        0.2185704
      12.0000000        0.2163177
      13.0000000        0.2115531
      14.0000000        0.2066734
      15.0000000        0.2042198
      16.0000000        0.2037529
       1.0000000        0.0382712
       2.0000000        0.1076639
       3.0000000        0.1580717
       4.0000000        0.1880128
       5.0000000        0.2068485
       6.0000000        0.2164531
       7.0000000        0.2193899
       8.0000000        0.2197719
       9.0000000        0.2189849
      10.0000000        0.2179669
      11.0000000        0.2170096
      12.0000000        0.2145853
      13.0000000        0.2098933
      14.0000000        0.2045445
      15.0000000        0.2009539
      16.0000000        0.1998016
       1.0000000        0.0382187
       2.0000000        0.1072282
       3.0000000        0.1573440
       4.0000000        0.1872001
       5.0000000        0.2059251
       6.0000000        0.2163371
       7.0000000        0.2214424
       8.0000000        0.2236931
       9.0000000        0.2235574
      10.0000000        0.2223451
      11.0000000        0.2207036
      12.0000000        0.2166520
      13.0000000        0.2094375
      14.0000000        0.2016393
      15.0000000        0.1960768
      16.0000000        0.1940711
       1.0000000        0.0389344
       2.0000000        0.1093190
       3.0000000        0.1603470
       4.0000000        0.1910185
       5.0000000        0.2114594
       6.0000000        0.2241008
       7.0000000        0.2303861
       8.0000000        0.2333188
       9.0000000        0.2336457
      10.0000000        0.2303189
      11.0000000        0.2238882
      12.0000000        0.2165263
      13.0000000        0.2088742
      14.0000000        0.2002503
      15.0000000        0.1925683
      16.0000000        0.1894212
       1.0000000        0.0406254
       2.0000000        0.1147787
       3.0000000        0.1695186
       4.0000000        0.2026205
       5.0000000        0.2244547
       6.0000000        0.2368915
       7.0000000        0.2409538
       8.0000000        0.2412771
       9.0000000        0.2398422
      10.0000000        0.2356192
      11.0000000        0.2292649
      12.0000000        0.2223476
      13.0000000        0.2148125
      14.0000000        0.2057632
      15.0000000        0.1970746
      16.0000000        0.1933637
       1.0000000        0.0399580
       2.0000000        0.1135686
       3.0000000        0.1698128
       4.0000000        0.2051296
       5.0000000        0.2271860
       6.0000000        0.2389009
       7.0000000        0.2435721
       8.0000000        0.2441647
       9.0000000        0.2414694
      10.0000000        0.2362514
      11.0000000        0.2299186
      12.0000000        0.2230597
      13.0000000        0.2150213
      14.0000000        0.2058698
      15.0000000        0.1976619
      16.0000000        0.1941549
       1.0000000        0.0377121
       2.0000000        0.1093968
       3.0000000        0.1659024
       4.0000000        0.2012493
       5.0000000        0.2236550
       6.0000000        0.2367145
       7.0000000        0.2425251
       8.0000000        0.2432907
       9.0000000        0.2396874
      10.0000000        0.2327431
      11.0000000        0.2238767
      12.0000000        0.2137961
      13.0000000        0.2043428
      14.0000000        0.1978258
      15.0000000        0.1944716
      16.0000000        0.1934483
       1.0000000        0.0356171
       2.0000000        0.1057784
       3.0000000        0.1637842
       4.0000000        0.2004831
       5.0000000        0.2224009
       6.0000000        0.2339323
       7.0000000        0.2381457
       8.0000000        0.2379968
       9.0000000        0.2350903
      10.0000000        0.2298983
      11.0000000        0.2225095
      12.0000000        0.2137895
      13.0000000        0.2059397
      14.0000000        0.2007988
      15.0000000        0.1983635
      16.0000000        0.1976955
       1.0000000        0.0354863
       2.0000000        0.1056063
       3.0000000        0.1641490
       4.0000000        0.2004835
       5.0000000        0.2202617
       6.0000000        0.2292701
       7.0000000        0.2325952
       8.0000000        0.2338915
       9.0000000        0.2339509
      10.0000000        0.2325632
      11.0000000        0.2289977
      12.0000000        0.2226444
      13.0000000        0.2149032
      14.0000000        0.2082441
      15.0000000        0.2038686
      16.0000000        0.2023348
       1.0000000        0.0355961
       2.0000000        0.1063770
       3.0000000        0.1643317
       4.0000000        0.1975562
       5.0000000        0.2132811
       6.0000000        0.2196594
       7.0000000        0.2228516
       8.0000000        0.2255074
       9.0000000        0.2275613
      10.0000000        0.2289280
      11.0000000        0.2284713
      12.0000000        0.2245986
      13.0000000        0.2181814
      14.0000000        0.2120190
      15.0000000        0.2080005
      16.0000000        0.2066582
       1.0000000        0.0349060
       2.0000000        0.1025117
       3.0000000        0.1551642
       4.0000000        0.1835832
       5.0000000        0.1965518
       6.0000000        0.2029981
       7.0000000        0.2080254
       8.0000000        0.2118880
       9.0000000        0.2137722
      10.0000000        0.2146428
      11.0000000        0.2149288
      12.0000000        0.2139353
      13.0000000        0.2119030
      14.0000000        0.2103024
      15.0000000        0.2097339
      16.0000000        0.2096827
       1.0000000        0.0330723
       2.0000000        0.0959900
       3.0000000        0.1445947
       4.0000000        0.1719121
       5.0000000        0.1856140
       6.0000000        0.1923738
       7.0000000        0.1960323
       8.0000000        0.1984188
       9.0000000        0.2004749
      10.0000000        0.2028602
      11.0000000        0.2053491
      12.0000000        0.2069760
      13.0000000        0.2071908
      14.0000000        0.2065789
      15.0000000        0.2058862
      16.0000000        0.2055775
       1.0000000        0.0318352
       2.0000000        0.0923471
       3.0000000        0.1393164
       4.0000000        0.1666684
       5.0000000        0.1816897
       6.0000000        0.1897133
       7.0000000        0.1942995
       8.0000000        0.1975433
       9.0000000        0.1997369
      10.0000000        0.2010160
      11.0000000        0.2018099
      12.0000000        0.2019115
      13.0000000        0.2008699
      14.0000000        0.1992165
      15.0000000        0.1977346
      16.0000000        0.1971166
       1.0000000        0.0308823
       2.0000000        0.0895693
       3.0000000        0.1357844
       4.0000000        0.1641096
       5.0000000        0.1813004
       6.0000000        0.1914130
       7.0000000        0.1966356
       8.0000000        0.1991299
       9.0000000        0.2004071
      10.0000000        0.2009235
      11.0000000        0.2007586
      12.0000000        0.1994827
      13.0000000        0.1969106
      14.0000000        0.1938238
      15.0000000        0.1912526
      16.0000000        0.1902188
       1.0000000        0.0311073
       2.0000000        0.0906770
       3.0000000        0.1375690
       4.0000000        0.1664236
       5.0000000        0.1846268
       6.0000000        0.1958997
       7.0000000        0.2019801
       8.0000000        0.2048742
       9.0000000        0.2061475
      10.0000000        0.2068851
      11.0000000        0.2071452
      12.0000000        0.2058689
      13.0000000        0.2024463
      14.0000000        0.1974700
      15.0000000        0.1930014
      16.0000000        0.1912635
       1.0000000        0.0319530
       2.0000000        0.0933135
       3.0000000        0.1417554
       4.0000000        0.1712755
       5.0000000        0.1900249
       6.0000000        0.2023517
       7.0000000        0.2099748
       8.0000000        0.2153280
       9.0000000        0.2195927
      10.0000000        0.2218549
      11.0000000        0.2211363
      12.0000000        0.2176547
      13.0000000        0.2121887
      14.0000000        0.2055645
      15.0000000        0.1996303
      16.0000000        0.1972093
       1.0000000        0.0324742
       2.0000000        0.0955110
       3.0000000        0.1467366
       4.0000000        0.1789560
       5.0000000        0.2001714
       6.0000000        0.2159019
       7.0000000        0.2281786
       8.0000000        0.2378830
       9.0000000        0.2443037
      10.0000000        0.2459587
      11.0000000        0.2425670
      12.0000000        0.2358352
      13.0000000        0.2280207
      14.0000000        0.2203580
      15.0000000        0.2143174
      16.0000000        0.2119665
       1.0000000        0.0332897
       2.0000000        0.0985368
       3.0000000        0.1513499
       4.0000000        0.1842798
       5.0000000        0.2076029
       6.0000000        0.2273796
       7.0000000        0.2433154
       8.0000000        0.2538279
       9.0000000        0.2583930
      10.0000000        0.2577993
      11.0000000        0.2537455
      12.0000000        0.2476348
      13.0000000        0.2405310
      14.0000000        0.2340892
      15.0000000        0.2298156
      16.0000000        0.2283337
       1.0000000        0.0332215
       2.0000000        0.0969886
       3.0000000        0.1484950
       4.0000000        0.1823913
       5.0000000        0.2068697
       6.0000000        0.2260640
       7.0000000        0.2403659
       8.0000000        0.2500232
       9.0000000        0.2552973
      10.0000000        0.2557848
      11.0000000        0.2519424
      12.0000000        0.2457919
      13.0000000        0.2391402
      14.0000000        0.2328707
      15.0000000        0.2281584
      16.0000000        0.2264020
       1.0000000        0.0336555
       2.0000000        0.0977373
       3.0000000        0.1494798
       4.0000000        0.1835842
       5.0000000        0.2076357
       6.0000000        0.2256342
       7.0000000        0.2380624
       8.0000000        0.2458155
       9.0000000        0.2495286
      10.0000000        0.2490083
      11.0000000        0.2447634
      12.0000000        0.2386430
      13.0000000        0.2330230
      14.0000000        0.2285944
      15.0000000        0.2251207
      16.0000000        0.2236713
       1.0000000        0.0348615
       2.0000000        0.1012593
       3.0000000        0.1551873
       4.0000000        0.1922617
       5.0000000        0.2193501
       6.0000000        0.2379240
       7.0000000        0.2477836
       8.0000000        0.2506416
       9.0000000        0.2491436
      10.0000000        0.2453709
      11.0000000        0.2401913
      12.0000000        0.2345558
      13.0000000        0.2300115
      14.0000000        0.2275683
      15.0000000        0.2269556
      16.0000000        0.2269952
       1.0000000        0.0349337
       2.0000000        0.1027985
       3.0000000        0.1596397
       4.0000000        0.1990891
       5.0000000        0.2265983
       6.0000000        0.2440623
       7.0000000        0.2538710
       8.0000000        0.2584538
       9.0000000        0.2580292
      10.0000000        0.2534823
      11.0000000        0.2469817
      12.0000000        0.2400531
      13.0000000        0.2341140
      14.0000000        0.2307710
      15.0000000        0.2296667
      16.0000000        0.2295032
       1.0000000        0.0351334
       2.0000000        0.1039023
       3.0000000        0.1617756
       4.0000000        0.2012951
       5.0000000        0.2288516
       6.0000000        0.2481638
       7.0000000        0.2607132
       8.0000000        0.2674678
       9.0000000        0.2682885
      10.0000000        0.2639500
      11.0000000        0.2559952
      12.0000000        0.2464782
      13.0000000        0.2386279
      14.0000000        0.2339914
      15.0000000        0.2316731
      16.0000000        0.2309416
       1.0000000        0.0367237
       2.0000000        0.1076071
       3.0000000        0.1662856
       4.0000000        0.2056495
       5.0000000        0.2321745
       6.0000000        0.2503612
       7.0000000        0.2628376
       8.0000000        0.2702135
       9.0000000        0.2711195
      10.0000000        0.2650940
      11.0000000        0.2549544
      12.0000000        0.2456911
      13.0000000        0.2403051
      14.0000000        0.2372849
      15.0000000        0.2342928
      16.0000000        0.2326920
       1.0000000        0.0374142
       2.0000000        0.1086533
       3.0000000        0.1655132
       4.0000000        0.2018897
       5.0000000        0.2255792
       6.0000000        0.2419583
       7.0000000        0.2536078
       8.0000000        0.2603741
       9.0000000        0.2617786
      10.0000000        0.2591999
      11.0000000        0.2547417
      12.0000000        0.2495658
      13.0000000        0.2443195
      14.0000000        0.2400879
      15.0000000        0.2377114
      16.0000000        0.2370217
       1.0000000        0.0371182
       2.0000000        0.1055852
       3.0000000        0.1583189
       4.0000000        0.1918594
       5.0000000        0.2143609
       6.0000000        0.2311789
       7.0000000        0.2434382
       8.0000000        0.2512033
       9.0000000        0.2552421
      10.0000000        0.2561634
      11.0000000        0.2546330
      12.0000000        0.2507457
      13.0000000        0.2453392
      14.0000000        0.2400162
      15.0000000        0.2360654
      16.0000000        0.2345841
       1.0000000        0.0355798
       2.0000000        0.1003407
       3.0000000        0.1492246
       4.0000000        0.1807506
       5.0000000        0.2039518
       6.0000000        0.2219073
       7.0000000        0.2350380
       8.0000000        0.2449065
       9.0000000        0.2511166
      10.0000000        0.2523400
      11.0000000        0.2496514
      12.0000000        0.2451804
      13.0000000        0.2401949
      14.0000000        0.2356153
      15.0000000        0.2326924
      16.0000000        0.2318280
       1.0000000        0.0350421
       2.0000000        0.0991247
       3.0000000        0.1464620
       4.0000000        0.1753696
       5.0000000        0.1967421
       6.0000000        0.2142816
       7.0000000        0.2278189
       8.0000000        0.2372517
       9.0000000        0.2423899
      10.0000000        0.2436709
      11.0000000        0.2427032
      12.0000000        0.2408978
      13.0000000        0.2379258
      14.0000000        0.2334605
      15.0000000        0.2292331
      16.0000000        0.2275177
       1.0000000        0.0343355
       2.0000000        0.0973418
       3.0000000        0.1441931
       4.0000000        0.1724605
       5.0000000        0.1928328
       6.0000000        0.2100093
       7.0000000        0.2239600
       8.0000000        0.2339795
       9.0000000        0.2390148
      10.0000000        0.2399479
      11.0000000        0.2398731
      12.0000000        0.2400087
      13.0000000        0.2391050
      14.0000000        0.2363550
      15.0000000        0.2329696
      16.0000000        0.2314679
       1.0000000        0.0343982
       2.0000000        0.0989606
       3.0000000        0.1490484
       4.0000000        0.1801959
       5.0000000        0.2014356
       6.0000000        0.2165278
       7.0000000        0.2271637
       8.0000000        0.2353762
       9.0000000        0.2416035
      10.0000000        0.2458279
      11.0000000        0.2485408
      12.0000000        0.2493614
      13.0000000        0.2473337
      14.0000000        0.2437986
      15.0000000        0.2415894
      16.0000000        0.2410538
       1.0000000        0.0362335
       2.0000000        0.1040009
       3.0000000        0.1561908
       4.0000000        0.1885528
       5.0000000        0.2100246
       6.0000000        0.2243604
       7.0000000        0.2332835
       8.0000000        0.2393965
       9.0000000        0.2446449
      10.0000000        0.2495581
      11.0000000        0.2533270
      12.0000000        0.2542447
      13.0000000        0.2524140
      14.0000000        0.2503526
      15.0000000        0.2495210
      16.0000000        0.2494540
       1.0000000        0.0393352
       2.0000000        0.1123195
       3.0000000        0.1667586
       4.0000000        0.1985093
       5.0000000        0.2192462
       6.0000000        0.2332928
       7.0000000        0.2416496
       8.0000000        0.2475090
       9.0000000        0.2530931
      10.0000000        0.2581286
      11.0000000        0.2615977
      12.0000000        0.2634404
      13.0000000        0.2644976
      14.0000000        0.2651694
      15.0000000        0.2650627
      16.0000000        0.2648152
       1.0000000        0.0403296
       2.0000000        0.1156162
       3.0000000        0.1716434
       4.0000000        0.2027605
       5.0000000        0.2217495
       6.0000000        0.2341459
       7.0000000        0.2412027
       8.0000000        0.2468661
       9.0000000        0.2537729
      10.0000000        0.2605075
      11.0000000        0.2653738
      12.0000000        0.2687738
      13.0000000        0.2709649
      14.0000000        0.2712800
      15.0000000        0.2701716
      16.0000000        0.2694631
       1.0000000        0.0407592
       2.0000000        0.1171861
       3.0000000        0.1749181
       4.0000000        0.2076256
       5.0000000        0.2262145
       6.0000000        0.2367806
       7.0000000        0.2432643
       8.0000000        0.2491643
       9.0000000        0.2548488
      10.0000000        0.2595512
      11.0000000        0.2640238
      12.0000000        0.2683285
      13.0000000        0.2708588
      14.0000000        0.2709252
      15.0000000        0.2694618
      16.0000000        0.2685910
       1.0000000        0.0406245
       2.0000000        0.1176305
       3.0000000        0.1766886
       4.0000000        0.2100126
       5.0000000        0.2276262
       6.0000000        0.2368702
       7.0000000        0.2420667
       8.0000000        0.2454852
       9.0000000        0.2470132
      10.0000000        0.2475182
      11.0000000        0.2495185
      12.0000000        0.2535784
      13.0000000        0.2580475
      14.0000000        0.2616475
      15.0000000        0.2639982
      16.0000000        0.2648790
       1.0000000        0.0394249
       2.0000000        0.1150687
       3.0000000        0.1736671
       4.0000000        0.2063334
       5.0000000        0.2229318
       6.0000000        0.2304373
       7.0000000        0.2329172
       8.0000000        0.2327234
       9.0000000        0.2307854
      10.0000000        0.2293875
      11.0000000        0.2308625
      12.0000000        0.2345449
      13.0000000        0.2389174
      14.0000000        0.2436163
      15.0000000        0.2478613
      16.0000000        0.2496752
       1.0000000        0.0381261
       2.0000000        0.1114261
       3.0000000        0.1691020
       4.0000000        0.2021697
       5.0000000        0.2187858
       6.0000000        0.2252585
       7.0000000        0.2258646
       8.0000000        0.2238985
       9.0000000        0.2218785
      10.0000000        0.2220721
      11.0000000        0.2244937
      12.0000000        0.2268155
      13.0000000        0.2286596
      14.0000000        0.2306695
      15.0000000        0.2318658
      16.0000000        0.2320377
       1.0000000        0.0376861
       2.0000000        0.1106778
       3.0000000        0.1689104
       4.0000000        0.2034324
       5.0000000        0.2220972
       6.0000000        0.2297851
       7.0000000        0.2307260
       8.0000000        0.2300006
       9.0000000        0.2298118
      10.0000000        0.2301691
      11.0000000        0.2305480
      12.0000000        0.2302569
      13.0000000        0.2291051
      14.0000000        0.2266971
      15.0000000        0.2232919
      16.0000000        0.2214900
       1.0000000        0.0396395
       2.0000000        0.1164361
       3.0000000        0.1777815
       4.0000000        0.2145811
       5.0000000        0.2351778
       6.0000000        0.2446803
       7.0000000        0.2468699
       8.0000000        0.2459354
       9.0000000        0.2440168
      10.0000000        0.2417247
      11.0000000        0.2393627
      12.0000000        0.2367134
      13.0000000        0.2328699
      14.0000000        0.2275724
      15.0000000        0.2227680
      16.0000000        0.2208936
       1.0000000        0.0427475
       2.0000000        0.1244668
       3.0000000        0.1883228
       4.0000000        0.2256082
       5.0000000        0.2465141
       6.0000000        0.2577415
       7.0000000        0.2627363
       8.0000000        0.2634501
       9.0000000        0.2605926
      10.0000000        0.2557012
      11.0000000        0.2504115
      12.0000000        0.2450375
      13.0000000        0.2396903
      14.0000000        0.2349634
      15.0000000        0.2319506
      16.0000000        0.2310351
       1.0000000        0.0429143
       2.0000000        0.1243826
       3.0000000        0.1882823
       4.0000000        0.2269254
       5.0000000        0.2502671
       6.0000000        0.2635988
       7.0000000        0.2685018
       8.0000000        0.2673937
       9.0000000        0.2626562
      10.0000000        0.2563900
      11.0000000        0.2500684
      12.0000000        0.2439466
      13.0000000        0.2391327
      14.0000000        0.2369232
      15.0000000        0.2364629
      16.0000000        0.2364258
       1.0000000        0.0435193
       2.0000000        0.1246863
       3.0000000        0.1861535
       4.0000000        0.2221928
       5.0000000        0.2450461
       6.0000000        0.2608609
       7.0000000        0.2691814
       8.0000000        0.2690534
       9.0000000        0.2628310
      10.0000000        0.2550873
      11.0000000        0.2484249
      12.0000000        0.2424679
      13.0000000        0.2374458
      14.0000000        0.2346876
      15.0000000        0.2337088
      16.0000000        0.2334501
       1.0000000        0.0427003
       2.0000000        0.1216948
       3.0000000        0.1807649
       4.0000000        0.2158003
       5.0000000        0.2386868
       6.0000000        0.2548903
       7.0000000        0.2649834
       8.0000000        0.2672886
       9.0000000        0.2617875
      10.0000000        0.2530247
      11.0000000        0.2456486
      12.0000000        0.2399015
      13.0000000        0.2356185
      14.0000000        0.2337986
      15.0000000        0.2335450
      16.0000000        0.2335261
       1.0000000        0.0433858
       2.0000000        0.1223761
       3.0000000        0.1808048
       4.0000000        0.2168475
       5.0000000        0.2425086
       6.0000000        0.2610085
       7.0000000        0.2711738
       8.0000000        0.2729029
       9.0000000        0.2675915
      10.0000000        0.2598795
      11.0000000        0.2544792
      12.0000000        0.2514455
      13.0000000        0.2488828
      14.0000000        0.2464160
      15.0000000        0.2441235
      16.0000000        0.2430107
       1.0000000        0.0442570
       2.0000000        0.1236693
       3.0000000        0.1824305
       4.0000000        0.2197580
       5.0000000        0.2453820
       6.0000000        0.2619207
       7.0000000        0.2704706
       8.0000000        0.2728274
       9.0000000        0.2708417
      10.0000000        0.2673936
      11.0000000        0.2647638
      12.0000000        0.2626675
      13.0000000        0.2609830
      14.0000000        0.2606071
      15.0000000        0.2607820
      16.0000000        0.2608358
       1.0000000        0.0438999
       2.0000000        0.1232968
       3.0000000        0.1822771
       4.0000000        0.2182547
       5.0000000        0.2401755
       6.0000000        0.2521802
       7.0000000        0.2582352
       8.0000000        0.2616576
       9.0000000        0.2631337
      10.0000000        0.2636738
      11.0000000        0.2647178
      12.0000000        0.2662523
      13.0000000        0.2667319
      14.0000000        0.2658577
      15.0000000        0.2650961
      16.0000000        0.2649004
       1.0000000        0.0434573
       2.0000000        0.1219986
       3.0000000        0.1789804
       4.0000000        0.2111713
       5.0000000        0.2293313
       6.0000000        0.2390462
       7.0000000        0.2445181
       8.0000000        0.2495032
       9.0000000        0.2544857
      10.0000000        0.2583813
      11.0000000        0.2607210
      12.0000000        0.2612338
      13.0000000        0.2607857
      14.0000000        0.2601779
      15.0000000        0.2596882
      16.0000000        0.2596074
       1.0000000        0.0430910
       2.0000000        0.1206519
       3.0000000        0.1755415
       4.0000000        0.2043321
       5.0000000        0.2200173
       6.0000000        0.2298590
       7.0000000        0.2372511
       8.0000000        0.2447188
       9.0000000        0.2514131
      10.0000000        0.2554063
      11.0000000        0.2573574
      12.0000000        0.2591046
      13.0000000        0.2611558
      14.0000000        0.2629142
      15.0000000        0.2633695
      16.0000000        0.2632032
       1.0000000        0.0419532
       2.0000000        0.1161174
       3.0000000        0.1660705
       4.0000000        0.1911728
       5.0000000        0.2056783
       6.0000000        0.2166007
       7.0000000        0.2266612
       8.0000000        0.2360093
       9.0000000        0.2433653
      10.0000000        0.2476873
      11.0000000        0.2489762
      12.0000000        0.2491613
      13.0000000        0.2505806
      14.0000000        0.2536024
      15.0000000        0.2563896
      16.0000000        0.2574565
       1.0000000        0.0389437
       2.0000000        0.1071231
       3.0000000        0.1530524
       4.0000000        0.1774788
       5.0000000        0.1926229
       6.0000000        0.2039905
       7.0000000        0.2134166
       8.0000000        0.2210903
       9.0000000        0.2271448
      10.0000000        0.2316206
      11.0000000        0.2347030
      12.0000000        0.2370574
      13.0000000        0.2394998
      14.0000000        0.2422831
      15.0000000        0.2443179
      16.0000000        0.2449524
       1.0000000        0.0367008
       2.0000000        0.1008767
       3.0000000        0.1444284
       4.0000000        0.1689885
       5.0000000        0.1849758
       6.0000000        0.1954666
       7.0000000        0.2021762
       8.0000000        0.2063602
       9.0000000        0.2099189
      10.0000000        0.2149496
      11.0000000        0.2211840
      12.0000000        0.2264421
      13.0000000        0.2298910
      14.0000000        0.2322224
      15.0000000        0.2338310
      16.0000000        0.2344168
       1.0000000        0.0350388
       2.0000000        0.0964437
       3.0000000        0.1391596
       4.0000000        0.1641665
       5.0000000        0.1802030
       6.0000000        0.1909908
       7.0000000        0.1976875
       8.0000000        0.2007459
       9.0000000        0.2031326
      10.0000000        0.2075621
      11.0000000        0.2140968
      12.0000000        0.2204785
      13.0000000        0.2245098
      14.0000000        0.2254228
      15.0000000        0.2243711
      16.0000000        0.2236318
       1.0000000        0.0333378
       2.0000000        0.0921599
       3.0000000        0.1333816
       4.0000000        0.1579825
       5.0000000        0.1748620
       6.0000000        0.1859581
       7.0000000        0.1932324
       8.0000000        0.1985233
       9.0000000        0.2022595
      10.0000000        0.2054041
      11.0000000        0.2090876
      12.0000000        0.2129357
      13.0000000        0.2164689
      14.0000000        0.2184653
      15.0000000        0.2182521
      16.0000000        0.2176955
       1.0000000        0.0327010
       2.0000000        0.0910378
       3.0000000        0.1316659
       4.0000000        0.1551912
       5.0000000        0.1722129
       6.0000000        0.1850100
       7.0000000        0.1937584
       8.0000000        0.1999258
       9.0000000        0.2043990
      10.0000000        0.2072798
      11.0000000        0.2090619
      12.0000000        0.2111773
      13.0000000        0.2144088
      14.0000000        0.2178222
      15.0000000        0.2200785
      16.0000000        0.2207417
       1.0000000        0.0323611
       2.0000000        0.0912729
       3.0000000        0.1346941
       4.0000000        0.1612895
       5.0000000        0.1793788
       6.0000000        0.1918346
       7.0000000        0.2002495
       8.0000000        0.2058257
       9.0000000        0.2086475
      10.0000000        0.2098006
      11.0000000        0.2113665
      12.0000000        0.2142957
      13.0000000        0.2175370
      14.0000000        0.2200337
      15.0000000        0.2219233
      16.0000000        0.2227443
       1.0000000        0.0326955
       2.0000000        0.0929952
       3.0000000        0.1389059
       4.0000000        0.1681455
       5.0000000        0.1876538
       6.0000000        0.2001381
       7.0000000        0.2082499
       8.0000000        0.2137818
       9.0000000        0.2170120
      10.0000000        0.2188690
      11.0000000        0.2203982
      12.0000000        0.2219194
      13.0000000        0.2232635
      14.0000000        0.2244217
      15.0000000        0.2251903
      16.0000000        0.2253967
       1.0000000        0.0345854
       2.0000000        0.0971018
       3.0000000        0.1431963
       4.0000000        0.1717460
       5.0000000        0.1907870
       6.0000000        0.2035055
       7.0000000        0.2124701
       8.0000000        0.2194457
       9.0000000        0.2246983
      10.0000000        0.2275915
      11.0000000        0.2286465
      12.0000000        0.2294944
      13.0000000        0.2302355
      14.0000000        0.2302172
      15.0000000        0.2301305
      16.0000000        0.2301683
       1.0000000        0.0356107
       2.0000000        0.0994327
       3.0000000        0.1454138
       4.0000000        0.1733430
       5.0000000        0.1927075
       6.0000000        0.2067079
       7.0000000        0.2167794
       8.0000000        0.2241569
       9.0000000        0.2295583
      10.0000000        0.2322851
      11.0000000        0.2321826
      12.0000000        0.2307219
      13.0000000        0.2293749
      14.0000000        0.2289777
      15.0000000        0.2294118
      16.0000000        0.2297476
       1.0000000        0.0379416
       2.0000000        0.1044508
       3.0000000        0.1505859
       4.0000000        0.1789071
       5.0000000        0.1998982
       6.0000000        0.2147290
       7.0000000        0.2248241
       8.0000000        0.2331463
       9.0000000        0.2395039
      10.0000000        0.2420061
      11.0000000        0.2405431
      12.0000000        0.2370631
      13.0000000        0.2334695
      14.0000000        0.2305933
      15.0000000        0.2287305
      16.0000000        0.2281434
       1.0000000        0.0409417
       2.0000000        0.1130167
       3.0000000        0.1628480
       4.0000000        0.1912009
       5.0000000        0.2110567
       6.0000000        0.2266142
       7.0000000        0.2375324
       8.0000000        0.2448461
       9.0000000        0.2494995
      10.0000000        0.2506600
      11.0000000        0.2473083
      12.0000000        0.2405850
      13.0000000        0.2336271
      14.0000000        0.2288326
      15.0000000        0.2260753
      16.0000000        0.2250907
       1.0000000        0.0422419
       2.0000000        0.1176202
       3.0000000        0.1703378
       4.0000000        0.1999732
       5.0000000        0.2203546
       6.0000000        0.2362559
       7.0000000        0.2470662
       8.0000000        0.2533479
       9.0000000        0.2560153
      10.0000000        0.2540840
      11.0000000        0.2479089
      12.0000000        0.2399608
      13.0000000        0.2335415
      14.0000000        0.2309661
      15.0000000        0.2310566
      16.0000000        0.2313607
       1.0000000        0.0408415
       2.0000000        0.1157507
       3.0000000        0.1702182
       4.0000000        0.2015963
       5.0000000        0.2238894
       6.0000000        0.2408635
       7.0000000        0.2510282
       8.0000000        0.2556107
       9.0000000        0.2569387
      10.0000000        0.2554488
      11.0000000        0.2503522
      12.0000000        0.2424720
      13.0000000        0.2349422
      14.0000000        0.2305947
      15.0000000        0.2294316
      16.0000000        0.2294701
       1.0000000        0.0394897
       2.0000000        0.1130503
       3.0000000        0.1697754
       4.0000000        0.2055497
       5.0000000        0.2298896
       6.0000000        0.2464975
       7.0000000        0.2566319
       8.0000000        0.2616183
       9.0000000        0.2620933
      10.0000000        0.2590376
      11.0000000        0.2534596
      12.0000000        0.2458740
      13.0000000        0.2378236
      14.0000000        0.2313018
      15.0000000        0.2266746
      16.0000000        0.2247494
       1.0000000        0.0395607
       2.0000000        0.1141984
       3.0000000        0.1733716
       4.0000000        0.2115864
       5.0000000        0.2374990
       6.0000000        0.2552334
       7.0000000        0.2660593
       8.0000000        0.2708643
       9.0000000        0.2702858
      10.0000000        0.2662382
      11.0000000        0.2607061
      12.0000000        0.2542174
      13.0000000        0.2466786
      14.0000000        0.2380431
      15.0000000        0.2302518
      16.0000000        0.2270372
       1.0000000        0.0414042
       2.0000000        0.1185372
       3.0000000        0.1771762
       4.0000000        0.2131455
       5.0000000        0.2380810
       6.0000000        0.2559108
       7.0000000        0.2672224
       8.0000000        0.2735888
       9.0000000        0.2755982
      10.0000000        0.2734079
      11.0000000        0.2682411
      12.0000000        0.2614545
      13.0000000        0.2533987
      14.0000000        0.2443965
      15.0000000        0.2364699
      16.0000000        0.2331031
       1.0000000        0.0419756
       2.0000000        0.1179574
       3.0000000        0.1736099
       4.0000000        0.2078698
       5.0000000        0.2320318
       6.0000000        0.2488806
       7.0000000        0.2602051
       8.0000000        0.2684786
       9.0000000        0.2729418
      10.0000000        0.2721012
      11.0000000        0.2675964
      12.0000000        0.2619609
      13.0000000        0.2567150
      14.0000000        0.2515308
      15.0000000        0.2464429
      16.0000000        0.2440328
       1.0000000        0.0425005
       2.0000000        0.1171504
       3.0000000        0.1688996
       4.0000000        0.1992826
       5.0000000        0.2205819
       6.0000000        0.2367465
       7.0000000        0.2498691
       8.0000000        0.2598247
       9.0000000        0.2651834
      10.0000000        0.2666959
      11.0000000        0.2654859
      12.0000000        0.2618219
      13.0000000        0.2575206
      14.0000000        0.2534291
      15.0000000        0.2492747
      16.0000000        0.2472642
       1.0000000        0.0420905
       2.0000000        0.1149226
       3.0000000        0.1651339
       4.0000000        0.1947630
       5.0000000        0.2148993
       6.0000000        0.2294458
       7.0000000        0.2410846
       8.0000000        0.2510340
       9.0000000        0.2581457
      10.0000000        0.2631712
      11.0000000        0.2666759
      12.0000000        0.2661856
      13.0000000        0.2618660
      14.0000000        0.2564917
      15.0000000        0.2512524
      16.0000000        0.2487039
       1.0000000        0.0413740
       2.0000000        0.1134807
       3.0000000        0.1627365
       4.0000000        0.1916689
       5.0000000        0.2121393
       6.0000000        0.2264752
       7.0000000        0.2371611
       8.0000000        0.2467927
       9.0000000        0.2550946
      10.0000000        0.2613196
      11.0000000        0.2640789
      12.0000000        0.2619020
      13.0000000        0.2571832
      14.0000000        0.2532313
      15.0000000        0.2498738
      16.0000000        0.2482161
       1.0000000        0.0403399
       2.0000000        0.1103489
       3.0000000        0.1568166
       4.0000000        0.1833774
       5.0000000        0.2044300
       6.0000000        0.2213923
       7.0000000        0.2334506
       8.0000000        0.2434404
       9.0000000        0.2529055
      10.0000000        0.2596112
      11.0000000        0.2600008
      12.0000000        0.2544103
      13.0000000        0.2485609
      14.0000000        0.2454195
      15.0000000        0.2435769
      16.0000000        0.2428058
       1.0000000        0.0386356
       2.0000000        0.1073991
       3.0000000        0.1549845
       4.0000000        0.1828458
       5.0000000        0.2045458
       6.0000000        0.2223535
       7.0000000        0.2356217
       8.0000000        0.2461936
       9.0000000        0.2541708
      10.0000000        0.2575529
      11.0000000        0.2559827
      12.0000000        0.2512108
      13.0000000        0.2456296
      14.0000000        0.2410244
      15.0000000        0.2383138
      16.0000000        0.2375774
       1.0000000        0.0376405
       2.0000000        0.1067909
       3.0000000        0.1581949
       4.0000000        0.1892920
       5.0000000        0.2105667
       6.0000000        0.2268069
       7.0000000        0.2393641
       8.0000000        0.2483145
       9.0000000        0.2529572
      10.0000000        0.2523785
      11.0000000        0.2480269
      12.0000000        0.2431215
      13.0000000        0.2393878
      14.0000000        0.2360818
      15.0000000        0.2324338
      16.0000000        0.2306056
       1.0000000        0.0381296
       2.0000000        0.1091596
       3.0000000        0.1629085
       4.0000000        0.1953313
       5.0000000        0.2173296
       6.0000000        0.2332736
       7.0000000        0.2435043
       8.0000000        0.2487072
       9.0000000        0.2496091
      10.0000000        0.2475316
      11.0000000        0.2441924
      12.0000000        0.2403829
      13.0000000        0.2365079
      14.0000000        0.2325270
      15.0000000        0.2290063
      16.0000000        0.2275268
       1.0000000        0.0389396
       2.0000000        0.1112171
       3.0000000        0.1655106
       4.0000000        0.1976084
       5.0000000        0.2183452
       6.0000000        0.2327656
       7.0000000        0.2424904
       8.0000000        0.2484769
       9.0000000        0.2501225
      10.0000000        0.2478466
      11.0000000        0.2442974
      12.0000000        0.2405610
      13.0000000        0.2359332
      14.0000000        0.2301043
      15.0000000        0.2243702
      16.0000000        0.2217858
       1.0000000        0.0381310
       2.0000000        0.1097411
       3.0000000        0.1639374
       4.0000000        0.1954612
       5.0000000        0.2145089
       6.0000000        0.2267976
       7.0000000        0.2350827
       8.0000000        0.2408529
       9.0000000        0.2445970
      10.0000000        0.2461610
      11.0000000        0.2449143
      12.0000000        0.2408982
      13.0000000        0.2357748
      14.0000000        0.2311111
      15.0000000        0.2277206
      16.0000000        0.2264207
       1.0000000        0.0369146
       2.0000000        0.1048857
       3.0000000        0.1553154
       4.0000000        0.1858438
       5.0000000        0.2062778
       6.0000000        0.2198775
       7.0000000        0.2287140
       8.0000000        0.2354485
       9.0000000        0.2404886
      10.0000000        0.2431948
      11.0000000        0.2436358
      12.0000000        0.2420709
      13.0000000        0.2386844
      14.0000000        0.2343089
      15.0000000        0.2303588
      16.0000000        0.2287118
