1 0.0566329930000000
2 0.0612316930000000
3 0.0691114930000000
4 0.0788627930000000
5 0.0787548930000000
6 0.0675664930000000
7 0.0585258930000000
8 0.0522325930000000
9 0.0502781930000000
10 0.0454068930000000
11 0.0280812930000000
12 0.0155326930000000
13 0.0132386930000000
14 0.0110024930000000
15 0.0042829930000000
16 0.0048303930000000
17 0.0121386930000000
18 0.0017241930000000
19 -0.0215526070000000
20 -0.0400661070000000
21 -0.0318805070000000
22 -0.0109121070000000
23 0.0066325930000000
24 0.0087545930000000
25 0.0000512930000000
26 -0.0092132070000000
27 -0.0119412070000000
28 -0.0085142070000000
29 -0.0046090070000000
30 -0.0065709070000000
31 0.0011713930000000
32 0.0106367930000000
33 0.0059606930000000
34 0.0004563930000000
35 0.0017643930000000
36 0.0053412930000000
37 0.0085430930000000
38 0.0169706930000000
39 0.0235917930000000
40 0.0193897930000000
41 0.0023929930000000
42 -0.0043659070000000
43 0.0009675930000000
44 0.0069770930000000
45 0.0172152930000000
46 0.0306539930000000
47 0.0466983930000000
48 0.0571288930000000
49 0.0568527930000000
50 0.0445562930000000
51 0.0402649930000000
52 0.0558614930000000
53 0.0616472930000000
54 0.0428328930000000
55 0.0236565930000000
56 0.0124910930000000
57 0.0121096930000000
58 0.0171181930000000
59 0.0251210930000000
60 0.0361206930000000
61 0.0560910930000000
62 0.0670774930000000
63 0.0646336930000000
64 0.0742335930000000
65 0.0776813930000000
66 0.0733509930000000
67 0.0812575930000000
68 0.0967442930000000
69 0.0911446930000000
70 0.0626500930000000
71 0.0448829930000000
72 0.0490137930000000
73 0.0455903930000000
74 0.0407623930000000
75 0.0372167930000000
76 0.0413022930000000
77 0.0540727930000000
78 0.0598959930000000
79 0.0574233930000000
80 0.0510067930000000
81 0.0395949930000000
82 0.0325887930000000
83 0.0452140930000000
84 0.0698182930000000
85 0.0785635930000000
86 0.0539874930000000
87 0.0196840930000000
88 -0.0031932070000000
89 -0.0072806070000000
90 0.0044951930000000
91 0.0106229930000000
92 -0.0071431070000000
93 -0.0335093070000000
94 -0.0467384070000000
95 -0.0439205070000000
96 -0.0179104070000000
97 0.0132452930000000
98 0.0301585930000000
99 0.0395650930000000
100 0.0405037930000000
101 0.0377626930000000
102 0.0278465930000000
103 0.0198904930000000
104 0.0087787930000000
105 0.0014087930000000
106 0.0009200930000000
107 0.0122512930000000
108 0.0187899930000000
109 0.0062365930000000
110 -0.0112260070000000
111 -0.0242843070000000
112 -0.0373932070000000
113 -0.0436080070000000
114 -0.0463754070000000
115 -0.0487250070000000
116 -0.0434648070000000
117 -0.0329519070000000
118 -0.0206301070000000
119 -0.0170171070000000
120 -0.0152812070000000
121 -0.0057265070000000
122 0.0008394930000000
123 0.0096448930000000
124 0.0237342930000000
125 0.0318946930000000
126 0.0301426930000000
127 0.0173819930000000
128 0.0085486930000000
129 0.0144295930000000
130 0.0209203930000000
131 0.0231450930000000
132 0.0210884930000000
133 0.0169560930000000
134 0.0150070930000000
135 0.0218775930000000
136 0.0282684930000000
137 0.0324330930000000
138 0.0302922930000000
139 0.0163818930000000
140 0.0125265930000000
141 0.0183288930000000
142 0.0214242930000000
143 0.0281673930000000
144 0.0291767930000000
145 0.0192218930000000
146 0.0092060930000000
147 -0.0056275070000000
148 -0.0215916070000000
149 -0.0298621070000000
150 -0.0336588070000000
151 -0.0290039070000000
152 -0.0135718070000000
153 -0.0106965070000000
154 -0.0178438070000000
155 -0.0261699070000000
156 -0.0196884070000000
157 -0.0020290070000000
158 0.0106571930000000
159 0.0186071930000000
160 0.0156368930000000
161 0.0198775930000000
162 0.0246059930000000
163 0.0248862930000000
164 0.0271607930000000
165 0.0139116930000000
166 0.0032849930000000
167 -0.0001414070000000
168 0.0095186930000000
169 0.0296473930000000
170 0.0439335930000000
171 0.0449113930000000
172 0.0317821930000000
173 0.0113308930000000
174 0.0002062930000000
175 0.0060478930000000
176 0.0203168930000000
177 0.0282141930000000
178 0.0145445930000000
179 -0.0025557070000000
180 0.0050537930000000
181 0.0222885930000000
182 0.0309558930000000
183 0.0351225930000000
184 0.0316158930000000
185 0.0369349930000000
186 0.0493491930000000
187 0.0516765930000000
188 0.0419723930000000
189 0.0351751930000000
190 0.0433096930000000
191 0.0519391930000000
192 0.0565828930000000
193 0.0640061930000000
194 0.0603396930000000
195 0.0475517930000000
196 0.0308224930000000
197 0.0096359930000000
198 0.0053082930000000
199 0.0103804930000000
200 0.0278451930000000
201 0.0420544930000000
202 0.0479126930000000
203 0.0406311930000000
204 0.0398390930000000
205 0.0533273930000000
206 0.0647921930000000
207 0.0591272930000000
208 0.0624056930000000
209 0.0748487930000000
210 0.0609785930000000
211 0.0468620930000000
212 0.0518876930000000
213 0.0578253930000000
214 0.0600409930000000
215 0.0622360930000000
216 0.0675854930000000
217 0.0625333930000000
218 0.0508694930000000
219 0.0412755930000000
220 0.0342122930000000
221 0.0231948930000000
222 0.0101178930000000
223 0.0089620930000000
224 0.0176160930000000
225 0.0174403930000000
226 0.0070397930000000
227 -0.0047326070000000
228 0.0012626930000000
229 0.0284367930000000
230 0.0593022930000000
231 0.0731217930000000
232 0.0840718930000000
233 0.0853301930000000
234 0.0734924930000000
235 0.0624361930000000
236 0.0565644930000000
237 0.0478073930000000
238 0.0339425930000000
239 0.0298470930000000
240 0.0268378930000000
241 0.0303143930000000
242 0.0441552930000000
243 0.0543641930000000
244 0.0474913930000000
245 0.0434194930000000
246 0.0447316930000000
247 0.0420450930000000
248 0.0268256930000000
249 0.0236103930000000
250 0.0268458930000000
251 0.0242496930000000
252 0.0315400930000000
253 0.0448162930000000
254 0.0400424930000000
255 0.0256529930000000
256 0.0272191930000000
257 0.0217640930000000
258 0.0161130930000000
259 0.0180406930000000
260 0.0311363930000000
261 0.0500499930000000
262 0.0465244930000000
263 0.0318245930000000
264 0.0056111930000000
265 -0.0155709070000000
266 -0.0052002070000000
267 0.0078547930000000
268 0.0176917930000000
269 0.0403585930000000
270 0.0649844930000000
271 0.0688609930000000
272 0.0521751930000000
273 0.0284837930000000
274 0.0151605930000000
275 0.0147309930000000
276 0.0252821930000000
277 0.0273924930000000
278 0.0151831930000000
279 0.0072282930000000
280 0.0182749930000000
281 0.0394332930000000
282 0.0510406930000000
283 0.0588187930000000
284 0.0620793930000000
285 0.0696988930000000
286 0.0749579930000000
287 0.0672911930000000
288 0.0541375930000000
289 0.0487322930000000
290 0.0559285930000000
291 0.0527416930000000
292 0.0461281930000000
293 0.0404517930000000
294 0.0314268930000000
295 0.0265157930000000
296 0.0297750930000000
297 0.0312503930000000
298 0.0227493930000000
299 0.0137795930000000
300 0.0212163930000000
301 0.0369284930000000
302 0.0492635930000000
303 0.0340418930000000
304 0.0021646930000000
305 -0.0100509070000000
306 0.0014170930000000
307 0.0124001930000000
308 0.0050546930000000
309 -0.0009602070000000
310 0.0064965930000000
311 0.0137518930000000
312 0.0084921930000000
313 0.0058658930000000
314 0.0068918930000000
315 0.0060314930000000
316 -0.0005411070000000
317 -0.0095735070000000
318 -0.0054261070000000
319 0.0142235930000000
320 0.0372326930000000
321 0.0455537930000000
322 0.0377998930000000
323 0.0330848930000000
324 0.0354653930000000
325 0.0344211930000000
326 0.0271799930000000
327 0.0177373930000000
328 0.0162079930000000
329 0.0179800930000000
330 0.0097806930000000
331 -0.0087155070000000
332 -0.0100897070000000
333 -0.0035269070000000
334 -0.0062627070000000
335 -0.0035112070000000
336 -0.0073815070000000
337 -0.0254002070000000
338 -0.0331116070000000
339 -0.0332693070000000
340 -0.0276740070000000
341 -0.0054442070000000
342 0.0135937930000000
343 0.0318119930000000
344 0.0440411930000000
345 0.0461885930000000
346 0.0465756930000000
347 0.0538766930000000
348 0.0630325930000000
349 0.0558242930000000
350 0.0483157930000000
351 0.0541776930000000
352 0.0470584930000000
353 0.0282653930000000
354 0.0249879930000000
355 0.0431814930000000
356 0.0627525930000000
357 0.0677305930000000
358 0.0504769930000000
359 0.0245184930000000
360 0.0298170930000000
361 0.0507837930000000
362 0.0554134930000000
363 0.0549479930000000
364 0.0535291930000000
365 0.0436113930000000
366 0.0352529930000000
367 0.0149640930000000
368 -0.0159051070000000
369 -0.0296373070000000
370 -0.0361643070000000
371 -0.0483950070000000
372 -0.0569969070000000
373 -0.0494730070000000
374 -0.0442311070000000
375 -0.0399636070000000
376 -0.0200342070000000
377 0.0030429930000000
378 0.0280227930000000
379 0.0452894930000000
380 0.0554456930000000
381 0.0734974930000000
382 0.0910246930000000
383 0.1033850930000000
384 0.1052921930000000
385 0.0939007930000000
386 0.0878313930000000
387 0.0928870930000000
388 0.0878027930000000
389 0.0728630930000000
390 0.0720951930000000
391 0.0784556930000000
392 0.0687499930000000
393 0.0563371930000000
394 0.0494176930000000
395 0.0431834930000000
396 0.0485111930000000
397 0.0429213930000000
398 0.0408829930000000
399 0.0448819930000000
400 0.0399450930000000
401 0.0387665930000000
402 0.0468016930000000
403 0.0591953930000000
404 0.0630091930000000
405 0.0597138930000000
406 0.0502308930000000
407 0.0492845930000000
408 0.0523545930000000
409 0.0427704930000000
410 0.0310942930000000
411 0.0293416930000000
412 0.0232843930000000
413 0.0084680930000000
414 0.0011965930000000
415 0.0021445930000000
416 0.0018348930000000
417 0.0021558930000000
418 -0.0117888070000000
419 -0.0342717070000000
420 -0.0378408070000000
421 -0.0244918070000000
422 -0.0100836070000000
423 0.0078429930000000
424 0.0244546930000000
425 0.0243912930000000
426 0.0128055930000000
427 0.0111347930000000
428 0.0254672930000000
429 0.0341601930000000
430 0.0431547930000000
431 0.0599923930000000
432 0.0671230930000000
433 0.0653888930000000
434 0.0407632930000000
435 0.0224067930000000
436 0.0242281930000000
437 0.0325687930000000
438 0.0244991930000000
439 0.0217248930000000
440 0.0455552930000000
441 0.0622208930000000
442 0.0567038930000000
443 0.0507505930000000
444 0.0562669930000000
445 0.0596533930000000
446 0.0585596930000000
447 0.0601556930000000
448 0.0582993930000000
449 0.0533349930000000
450 0.0408369930000000
451 0.0359563930000000
452 0.0363601930000000
453 0.0383771930000000
454 0.0382265930000000
455 0.0206630930000000
456 0.0072183930000000
457 0.0137582930000000
458 0.0311600930000000
459 0.0420374930000000
460 0.0501330930000000
461 0.0696534930000000
462 0.0942408930000000
463 0.0974473930000000
464 0.0747038930000000
465 0.0590979930000000
466 0.0447834930000000
467 0.0290063930000000
468 0.0314430930000000
469 0.0306799930000000
470 0.0097249930000000
471 0.0035265930000000
472 0.0232373930000000
473 0.0364079930000000
474 0.0275443930000000
475 0.0099126930000000
476 0.0051794930000000
477 0.0074824930000000
478 0.0129707930000000
479 0.0160201930000000
480 0.0146000930000000
481 0.0222717930000000
482 0.0336475930000000
483 0.0512517930000000
484 0.0638846930000000
485 0.0641305930000000
486 0.0551857930000000
487 0.0428392930000000
488 0.0354126930000000
489 0.0449658930000000
490 0.0577836930000000
491 0.0516249930000000
492 0.0374023930000000
493 0.0336931930000000
494 0.0400982930000000
495 0.0367283930000000
496 0.0246721930000000
497 0.0079194930000000
498 0.0050354930000000
499 0.0182242930000000
500 0.0269693930000000
501 0.0355108930000000
502 0.0517602930000000
503 0.0443068930000000
504 0.0194810930000000
505 0.0143293930000000
506 0.0079741930000000
507 -0.0015930070000000
508 -0.0032420070000000
509 0.0054963930000000
510 0.0162947930000000
511 0.0233243930000000
512 0.0385106930000000
513 0.0539225930000000
514 0.0536180930000000
515 0.0401206930000000
516 0.0289134930000000
517 0.0273868930000000
518 0.0339940930000000
519 0.0327200930000000
520 0.0215693930000000
521 0.0162276930000000
522 0.0190540930000000
523 0.0158808930000000
524 0.0118506930000000
525 0.0112409930000000
526 0.0031362930000000
527 -0.0112126070000000
528 -0.0215141070000000
529 -0.0304776070000000
530 -0.0373141070000000
531 -0.0361437070000000
532 -0.0268643070000000
533 -0.0136564070000000
534 -0.0008394070000000
535 0.0065766930000000
536 0.0032689930000000
537 0.0045882930000000
538 0.0123222930000000
539 0.0207356930000000
540 0.0338574930000000
541 0.0396004930000000
542 0.0316823930000000
543 0.0179009930000000
544 0.0198575930000000
545 0.0241286930000000
546 0.0289300930000000
547 0.0258638930000000
548 0.0108926930000000
549 0.0025191930000000
550 0.0093461930000000
551 0.0190731930000000
552 0.0234317930000000
553 0.0109993930000000
554 0.0036329930000000
555 0.0143225930000000
556 0.0273311930000000
557 0.0394266930000000
558 0.0541670930000000
559 0.0538960930000000
560 0.0417651930000000
561 0.0318274930000000
562 0.0256955930000000
563 0.0144856930000000
564 -0.0036536070000000
565 -0.0179425070000000
566 -0.0109207070000000
567 0.0177975930000000
568 0.0326275930000000
569 0.0275286930000000
570 0.0261096930000000
571 0.0379026930000000
572 0.0408823930000000
573 0.0298689930000000
574 0.0156797930000000
575 0.0006371930000000
576 -0.0015753070000000
577 0.0097385930000000
578 0.0128266930000000
579 0.0045520930000000
580 0.0062649930000000
581 0.0320666930000000
582 0.0652099930000000
583 0.0827092930000000
584 0.0891557930000000
585 0.0835095930000000
586 0.0730348930000000
587 0.0657682930000000
588 0.0637388930000000
589 0.0600805930000000
590 0.0464070930000000
591 0.0372672930000000
592 0.0333193930000000
593 0.0303850930000000
594 0.0274936930000000
595 0.0145189930000000
596 -0.0050379070000000
597 -0.0038759070000000
598 0.0124352930000000
599 0.0158549930000000
600 0.0095720930000000
1 0.0419095930000000
2 0.0379688930000000
3 0.0456380930000000
4 0.0592785930000000
5 0.0851479930000000
6 0.1034772930000000
7 0.1008950930000000
8 0.0790648930000000
9 0.0535637930000000
10 0.0437534930000000
11 0.0331575930000000
12 0.0244735930000000
13 0.0247051930000000
14 0.0262100930000000
15 0.0352786930000000
16 0.0471344930000000
17 0.0518615930000000
18 0.0453814930000000
19 0.0305994930000000
20 0.0177715930000000
21 0.0200647930000000
22 0.0404502930000000
23 0.0583206930000000
24 0.0571652930000000
25 0.0589040930000000
26 0.0513435930000000
27 0.0357778930000000
28 0.0248217930000000
29 0.0194599930000000
30 0.0193960930000000
31 0.0293322930000000
32 0.0523786930000000
33 0.0766361930000000
34 0.0902895930000000
35 0.0861276930000000
36 0.0594842930000000
37 0.0335866930000000
38 0.0164039930000000
39 0.0074400930000000
40 0.0230241930000000
41 0.0501058930000000
42 0.0500274930000000
43 0.0287368930000000
44 0.0130131930000000
45 0.0026734930000000
46 0.0043044930000000
47 0.0025561930000000
48 -0.0186674070000000
49 -0.0282318070000000
50 -0.0284672070000000
51 -0.0215643070000000
52 -0.0027300070000000
53 0.0218538930000000
54 0.0311661930000000
55 0.0373771930000000
56 0.0475494930000000
57 0.0444303930000000
58 0.0289429930000000
59 0.0219630930000000
60 0.0304668930000000
61 0.0424166930000000
62 0.0441302930000000
63 0.0383326930000000
64 0.0419721930000000
65 0.0588506930000000
66 0.0776871930000000
67 0.0885792930000000
68 0.0783121930000000
69 0.0608551930000000
70 0.0501103930000000
71 0.0453279930000000
72 0.0415813930000000
73 0.0374484930000000
74 0.0337980930000000
75 0.0402585930000000
76 0.0474789930000000
77 0.0414991930000000
78 0.0373155930000000
79 0.0387420930000000
80 0.0506690930000000
81 0.0498822930000000
82 0.0432017930000000
83 0.0376722930000000
84 0.0238483930000000
85 0.0190419930000000
86 0.0164995930000000
87 0.0093767930000000
88 0.0062739930000000
89 0.0045038930000000
90 -0.0040798070000000
91 -0.0188662070000000
92 -0.0283442070000000
93 -0.0287059070000000
94 -0.0246659070000000
95 -0.0165293070000000
96 -0.0141059070000000
97 -0.0152203070000000
98 -0.0189815070000000
99 -0.0198511070000000
100 -0.0032251070000000
101 0.0031988930000000
102 -0.0056767070000000
103 -0.0064852070000000
104 0.0050568930000000
105 0.0186769930000000
106 0.0209798930000000
107 0.0062344930000000
108 -0.0040102070000000
109 0.0019450930000000
110 0.0149903930000000
111 0.0135389930000000
112 -0.0000660070000000
113 -0.0050759070000000
114 -0.0002843070000000
115 0.0062049930000000
116 0.0135692930000000
117 0.0038984930000000
118 -0.0240420070000000
119 -0.0424816070000000
120 -0.0397351070000000
121 -0.0237173070000000
122 -0.0229132070000000
123 -0.0438415070000000
124 -0.0535713070000000
125 -0.0499331070000000
126 -0.0448896070000000
127 -0.0303124070000000
128 -0.0065782070000000
129 0.0049422930000000
130 0.0163342930000000
131 0.0371478930000000
132 0.0508316930000000
133 0.0407769930000000
134 0.0179259930000000
135 -0.0040723070000000
136 -0.0101650070000000
137 0.0012385930000000
138 0.0140564930000000
139 0.0162682930000000
140 0.0218588930000000
141 0.0402940930000000
142 0.0651385930000000
143 0.0902750930000000
144 0.0948541930000000
145 0.0894736930000000
146 0.0802254930000000
147 0.0767762930000000
148 0.0773755930000000
149 0.0796382930000000
150 0.0821562930000000
151 0.0987306930000000
152 0.0977887930000000
153 0.0826432930000000
154 0.0682782930000000
155 0.0582655930000000
156 0.0743167930000000
157 0.0985330930000000
158 0.0982022930000000
159 0.0635800930000000
160 0.0333813930000000
161 0.0325278930000000
162 0.0477007930000000
163 0.0493947930000000
164 0.0233827930000000
165 -0.0020556070000000
166 0.0003132930000000
167 0.0125147930000000
168 0.0227313930000000
169 0.0349337930000000
170 0.0426082930000000
171 0.0428869930000000
172 0.0485852930000000
173 0.0441008930000000
174 0.0372134930000000
175 0.0337823930000000
176 0.0312870930000000
177 0.0292652930000000
178 0.0247631930000000
179 0.0215438930000000
180 0.0306706930000000
181 0.0388113930000000
182 0.0453246930000000
183 0.0485599930000000
184 0.0463056930000000
185 0.0352076930000000
186 0.0324896930000000
187 0.0322414930000000
188 0.0297175930000000
189 0.0383656930000000
190 0.0530410930000000
191 0.0611219930000000
192 0.0592236930000000
193 0.0548411930000000
194 0.0551627930000000
195 0.0539060930000000
196 0.0503844930000000
197 0.0550840930000000
198 0.0616336930000000
199 0.0585693930000000
200 0.0543306930000000
201 0.0481498930000000
202 0.0403425930000000
203 0.0330092930000000
204 0.0340633930000000
205 0.0409328930000000
206 0.0444575930000000
207 0.0540303930000000
208 0.0700075930000000
209 0.0812273930000000
210 0.0747934930000000
211 0.0564949930000000
212 0.0491676930000000
213 0.0442472930000000
214 0.0340976930000000
215 0.0457336930000000
216 0.0604684930000000
217 0.0600532930000000
218 0.0464628930000000
219 0.0386765930000000
220 0.0395453930000000
221 0.0307256930000000
222 0.0242714930000000
223 0.0287091930000000
224 0.0290000930000000
225 0.0188074930000000
226 0.0123676930000000
227 0.0099171930000000
228 0.0206215930000000
229 0.0406797930000000
230 0.0374925930000000
231 0.0284317930000000
232 0.0333537930000000
233 0.0431649930000000
234 0.0463781930000000
235 0.0430868930000000
236 0.0379745930000000
237 0.0280256930000000
238 0.0120528930000000
239 -0.0100617070000000
240 -0.0124690070000000
241 0.0016133930000000
242 0.0018850930000000
243 -0.0055599070000000
244 -0.0133827070000000
245 -0.0140321070000000
246 -0.0039937070000000
247 0.0008507930000000
248 -0.0051901070000000
249 -0.0074103070000000
250 -0.0156189070000000
251 -0.0284040070000000
252 -0.0281776070000000
253 -0.0103372070000000
254 0.0123201930000000
255 0.0368860930000000
256 0.0563866930000000
257 0.0629082930000000
258 0.0644427930000000
259 0.0572721930000000
260 0.0428048930000000
261 0.0368145930000000
262 0.0384168930000000
263 0.0368032930000000
264 0.0412125930000000
265 0.0408764930000000
266 0.0299715930000000
267 0.0188170930000000
268 0.0067525930000000
269 0.0032789930000000
270 0.0155512930000000
271 0.0335747930000000
272 0.0391165930000000
273 0.0433874930000000
274 0.0423832930000000
275 0.0477621930000000
276 0.0449862930000000
277 0.0311943930000000
278 0.0286404930000000
279 0.0442615930000000
280 0.0700438930000000
281 0.0817198930000000
282 0.0685899930000000
283 0.0453191930000000
284 0.0349381930000000
285 0.0357530930000000
286 0.0239464930000000
287 0.0113617930000000
288 0.0122236930000000
289 0.0152329930000000
290 0.0214640930000000
291 0.0281572930000000
292 0.0280256930000000
293 0.0279273930000000
294 0.0278701930000000
295 0.0307444930000000
296 0.0375433930000000
297 0.0342547930000000
298 0.0237712930000000
299 0.0179067930000000
300 0.0225164930000000
301 0.0294781930000000
302 0.0283218930000000
303 0.0293966930000000
304 0.0388985930000000
305 0.0501915930000000
306 0.0423004930000000
307 0.0341727930000000
308 0.0426272930000000
309 0.0462499930000000
310 0.0433984930000000
311 0.0298713930000000
312 0.0173756930000000
313 0.0149469930000000
314 0.0223423930000000
315 0.0310070930000000
316 0.0396761930000000
317 0.0281231930000000
318 0.0083710930000000
319 0.0061603930000000
320 0.0099177930000000
321 -0.0029446070000000
322 -0.0098625070000000
323 -0.0119662070000000
324 -0.0178374070000000
325 -0.0041824070000000
326 0.0328425930000000
327 0.0455809930000000
328 0.0277350930000000
329 0.0133988930000000
330 0.0021241930000000
331 -0.0032871070000000
332 0.0021704930000000
333 0.0121344930000000
334 0.0207495930000000
335 0.0283726930000000
336 0.0275942930000000
337 0.0204683930000000
338 0.0075071930000000
339 -0.0061883070000000
340 -0.0043410070000000
341 0.0043521930000000
342 0.0131328930000000
343 0.0213730930000000
344 0.0381609930000000
345 0.0612473930000000
346 0.0716663930000000
347 0.0619127930000000
348 0.0588495930000000
349 0.0683780930000000
350 0.0630896930000000
351 0.0475026930000000
352 0.0384357930000000
353 0.0393359930000000
354 0.0473337930000000
355 0.0450826930000000
356 0.0222315930000000
357 -0.0011215070000000
358 -0.0174542070000000
359 -0.0281088070000000
360 -0.0269031070000000
361 -0.0221769070000000
362 -0.0210728070000000
363 -0.0270962070000000
364 -0.0283859070000000
365 -0.0120012070000000
366 0.0076520930000000
367 0.0120475930000000
368 0.0177211930000000
369 0.0321832930000000
370 0.0436186930000000
371 0.0499279930000000
372 0.0555140930000000
373 0.0609839930000000
374 0.0483520930000000
375 0.0212742930000000
376 0.0045328930000000
377 0.0029190930000000
378 0.0114751930000000
379 0.0271841930000000
380 0.0480891930000000
381 0.0697806930000000
382 0.0860077930000000
383 0.0993903930000000
384 0.0943360930000000
385 0.0772034930000000
386 0.0535948930000000
387 0.0379290930000000
388 0.0388730930000000
389 0.0567029930000000
390 0.0743220930000000
391 0.0638503930000000
392 0.0440009930000000
393 0.0344391930000000
394 0.0327662930000000
395 0.0435835930000000
396 0.0562660930000000
397 0.0468353930000000
398 0.0362851930000000
399 0.0327438930000000
400 0.0282166930000000
401 0.0272549930000000
402 0.0345561930000000
403 0.0438397930000000
404 0.0342273930000000
405 0.0048704930000000
406 -0.0165319070000000
407 -0.0274828070000000
408 -0.0356414070000000
409 -0.0456277070000000
410 -0.0481364070000000
411 -0.0421684070000000
412 -0.0310879070000000
413 -0.0172704070000000
414 -0.0138766070000000
415 -0.0234479070000000
416 -0.0105694070000000
417 0.0065529930000000
418 0.0037380930000000
419 -0.0111749070000000
420 -0.0126005070000000
421 0.0023869930000000
422 0.0070217930000000
423 -0.0085721070000000
424 -0.0238227070000000
425 -0.0305438070000000
426 -0.0373950070000000
427 -0.0345567070000000
428 -0.0122556070000000
429 0.0182644930000000
430 0.0296941930000000
431 0.0215088930000000
432 0.0125392930000000
433 0.0161595930000000
434 0.0335866930000000
435 0.0508642930000000
436 0.0623665930000000
437 0.0625307930000000
438 0.0543742930000000
439 0.0439306930000000
440 0.0402269930000000
441 0.0386431930000000
442 0.0356441930000000
443 0.0353038930000000
444 0.0227297930000000
445 0.0172696930000000
446 0.0415594930000000
447 0.0656370930000000
448 0.0506906930000000
449 0.0158250930000000
450 0.0009521930000000
451 0.0085235930000000
452 0.0167581930000000
453 0.0261476930000000
454 0.0453333930000000
455 0.0571391930000000
456 0.0544004930000000
457 0.0404584930000000
458 0.0141173930000000
459 -0.0004990070000000
460 0.0067172930000000
461 0.0226721930000000
462 0.0279503930000000
463 0.0240161930000000
464 0.0132982930000000
465 0.0087973930000000
466 0.0178448930000000
467 0.0236684930000000
468 0.0239717930000000
469 0.0141433930000000
470 -0.0005476070000000
471 0.0063668930000000
472 0.0315397930000000
473 0.0416715930000000
474 0.0336038930000000
475 0.0243012930000000
476 0.0186188930000000
477 0.0140585930000000
478 0.0136075930000000
479 0.0258078930000000
480 0.0395703930000000
481 0.0338411930000000
482 0.0230302930000000
483 0.0230503930000000
484 0.0178844930000000
485 0.0075283930000000
486 -0.0002375070000000
487 0.0034058930000000
488 0.0125916930000000
489 0.0263911930000000
490 0.0423085930000000
491 0.0468924930000000
492 0.0479689930000000
493 0.0523860930000000
494 0.0408999930000000
495 0.0291605930000000
496 0.0333867930000000
497 0.0396044930000000
498 0.0246247930000000
499 0.0089531930000000
500 0.0033452930000000
501 -0.0059815070000000
502 -0.0111609070000000
503 -0.0127126070000000
504 -0.0052699070000000
505 0.0062398930000000
506 0.0220747930000000
507 0.0359683930000000
508 0.0356596930000000
509 0.0324324930000000
510 0.0354059930000000
511 0.0251914930000000
512 0.0056407930000000
513 -0.0012311070000000
514 0.0093676930000000
515 0.0257959930000000
516 0.0312876930000000
517 0.0240739930000000
518 0.0079997930000000
519 -0.0048712070000000
520 -0.0038032070000000
521 -0.0011954070000000
522 0.0019912930000000
523 0.0008511930000000
524 -0.0075968070000000
525 -0.0061009070000000
526 0.0001440930000000
527 0.0052223930000000
528 0.0095281930000000
529 0.0148344930000000
530 0.0151640930000000
531 0.0140651930000000
532 0.0116672930000000
533 0.0144807930000000
534 0.0217673930000000
535 0.0243058930000000
536 0.0278721930000000
537 0.0240726930000000
538 0.0190463930000000
539 0.0175781930000000
540 0.0056927930000000
541 -0.0102527070000000
542 -0.0183305070000000
543 -0.0129525070000000
544 0.0056511930000000
545 0.0210670930000000
546 0.0216835930000000
547 0.0212466930000000
548 0.0163436930000000
549 0.0085471930000000
550 0.0144900930000000
551 0.0240751930000000
552 0.0113520930000000
553 -0.0230128070000000
554 -0.0323360070000000
555 -0.0191609070000000
556 0.0168985930000000
557 0.0528470930000000
558 0.0695992930000000
559 0.0660504930000000
560 0.0423789930000000
561 0.0148993930000000
562 -0.0062397070000000
563 -0.0103715070000000
564 -0.0111545070000000
565 -0.0078365070000000
566 -0.0002484070000000
567 0.0095620930000000
568 0.0224934930000000
569 0.0244928930000000
570 0.0168675930000000
571 0.0206703930000000
572 0.0298589930000000
573 0.0415512930000000
574 0.0546714930000000
575 0.0594382930000000
576 0.0562283930000000
577 0.0526332930000000
578 0.0503285930000000
579 0.0479803930000000
580 0.0456693930000000
581 0.0423975930000000
582 0.0350134930000000
583 0.0306168930000000
584 0.0365238930000000
585 0.0509740930000000
586 0.0512431930000000
587 0.0345877930000000
588 0.0306649930000000
589 0.0354500930000000
590 0.0423577930000000
591 0.0458962930000000
592 0.0441558930000000
593 0.0371975930000000
594 0.0311520930000000
595 0.0234977930000000
596 0.0057240930000000
597 -0.0149414070000000
598 -0.0218834070000000
599 -0.0190172070000000
600 -0.0190828070000000
1 0.0277786930000000
2 0.0271776930000000
3 0.0239064930000000
4 0.0241586930000000
5 0.0278501930000000
6 0.0237294930000000
7 0.0141595930000000
8 0.0212873930000000
9 0.0338602930000000
10 0.0211762930000000
11 0.0012174930000000
12 -0.0053505070000000
13 0.0014197930000000
14 0.0124051930000000
15 0.0086449930000000
16 -0.0031840070000000
17 -0.0102619070000000
18 -0.0197383070000000
19 -0.0222356070000000
20 -0.0099995070000000
21 0.0066460930000000
22 0.0182196930000000
23 0.0201873930000000
24 0.0048180930000000
25 -0.0005294070000000
26 0.0025424930000000
27 0.0086351930000000
28 0.0140251930000000
29 0.0265934930000000
30 0.0464943930000000
31 0.0642253930000000
32 0.0671092930000000
33 0.0492523930000000
34 0.0259917930000000
35 0.0149317930000000
36 0.0115577930000000
37 0.0062481930000000
38 -0.0036880070000000
39 -0.0059125070000000
40 0.0012015930000000
41 0.0203941930000000
42 0.0247041930000000
43 0.0074857930000000
44 -0.0054770070000000
45 -0.0134209070000000
46 -0.0061890070000000
47 0.0047254930000000
48 0.0152730930000000
49 0.0301412930000000
50 0.0346221930000000
51 0.0231553930000000
52 0.0029362930000000
53 -0.0112454070000000
54 -0.0168350070000000
55 -0.0218163070000000
56 -0.0290539070000000
57 -0.0249871070000000
58 -0.0181359070000000
59 -0.0034884070000000
60 0.0206400930000000
61 0.0453708930000000
62 0.0545100930000000
63 0.0506898930000000
64 0.0509478930000000
65 0.0330814930000000
66 0.0175938930000000
67 0.0355424930000000
68 0.0410970930000000
69 0.0465814930000000
70 0.0756950930000000
71 0.0909498930000000
72 0.0865168930000000
73 0.0646826930000000
74 0.0402199930000000
75 0.0325664930000000
76 0.0329317930000000
77 0.0289061930000000
78 0.0231068930000000
79 0.0316292930000000
80 0.0376965930000000
81 0.0278641930000000
82 0.0093685930000000
83 -0.0033229070000000
84 -0.0026444070000000
85 -0.0031941070000000
86 -0.0094648070000000
87 -0.0007345070000000
88 0.0233929930000000
89 0.0370862930000000
90 0.0355595930000000
91 0.0374560930000000
92 0.0527049930000000
93 0.0680112930000000
94 0.0604538930000000
95 0.0493559930000000
96 0.0492325930000000
97 0.0317654930000000
98 0.0082371930000000
99 -0.0021896070000000
100 -0.0052448070000000
101 0.0077156930000000
102 0.0269728930000000
103 0.0437822930000000
104 0.0485209930000000
105 0.0545939930000000
106 0.0740963930000000
107 0.0790125930000000
108 0.0653986930000000
109 0.0617073930000000
110 0.0645898930000000
111 0.0594061930000000
112 0.0499041930000000
113 0.0409721930000000
114 0.0324343930000000
115 0.0436552930000000
116 0.0607071930000000
117 0.0513188930000000
118 0.0346258930000000
119 0.0324991930000000
120 0.0370302930000000
121 0.0503518930000000
122 0.0642729930000000
123 0.0631785930000000
124 0.0584058930000000
125 0.0624193930000000
126 0.0694998930000000
127 0.0620876930000000
128 0.0252568930000000
129 0.0013748930000000
130 0.0081743930000000
131 0.0158160930000000
132 0.0184683930000000
133 0.0190135930000000
134 0.0090934930000000
135 0.0039375930000000
136 0.0022774930000000
137 -0.0100134070000000
138 -0.0319624070000000
139 -0.0526402070000000
140 -0.0447872070000000
141 -0.0325691070000000
142 -0.0212204070000000
143 -0.0205209070000000
144 -0.0266309070000000
145 -0.0240414070000000
146 -0.0222631070000000
147 -0.0147553070000000
148 -0.0062463070000000
149 -0.0003919070000000
150 0.0067003930000000
151 0.0215525930000000
152 0.0257359930000000
153 0.0243780930000000
154 0.0344867930000000
155 0.0426290930000000
156 0.0392596930000000
157 0.0287751930000000
158 0.0226146930000000
159 0.0210852930000000
160 0.0160558930000000
161 0.0094191930000000
162 -0.0006822070000000
163 0.0019443930000000
164 0.0140706930000000
165 0.0219283930000000
166 0.0364872930000000
167 0.0563562930000000
168 0.0657054930000000
169 0.0568990930000000
170 0.0399194930000000
171 0.0172879930000000
172 -0.0076218070000000
173 -0.0108795070000000
174 -0.0032455070000000
175 0.0024121930000000
176 0.0113465930000000
177 0.0161279930000000
178 0.0147830930000000
179 0.0199570930000000
180 0.0321514930000000
181 0.0410442930000000
182 0.0408143930000000
183 0.0395061930000000
184 0.0315251930000000
185 0.0152019930000000
186 0.0081565930000000
187 0.0155883930000000
188 0.0323076930000000
189 0.0428446930000000
190 0.0299167930000000
191 0.0131200930000000
192 0.0017629930000000
193 0.0005314930000000
194 -0.0019587070000000
195 -0.0093448070000000
196 -0.0156275070000000
197 -0.0128372070000000
198 0.0000438930000000
199 0.0249664930000000
200 0.0426889930000000
201 0.0478634930000000
202 0.0518297930000000
203 0.0382988930000000
204 0.0118652930000000
205 -0.0097040070000000
206 -0.0068159070000000
207 0.0221260930000000
208 0.0413171930000000
209 0.0440945930000000
210 0.0499788930000000
211 0.0516850930000000
212 0.0462190930000000
213 0.0401996930000000
214 0.0260134930000000
215 0.0084823930000000
216 0.0055079930000000
217 0.0229971930000000
218 0.0393923930000000
219 0.0326465930000000
220 0.0293331930000000
221 0.0345917930000000
222 0.0314645930000000
223 0.0120374930000000
224 0.0088956930000000
225 0.0335478930000000
226 0.0518679930000000
227 0.0585877930000000
228 0.0578438930000000
229 0.0555790930000000
230 0.0458522930000000
231 0.0411561930000000
232 0.0465156930000000
233 0.0562410930000000
234 0.0597555930000000
235 0.0587442930000000
236 0.0558606930000000
237 0.0501773930000000
238 0.0394434930000000
239 0.0216458930000000
240 0.0032597930000000
241 0.0006240930000000
242 0.0096098930000000
243 0.0163205930000000
244 0.0089733930000000
245 -0.0196507070000000
246 -0.0311985070000000
247 -0.0187964070000000
248 -0.0024128070000000
249 0.0192477930000000
250 0.0381076930000000
251 0.0368754930000000
252 0.0237794930000000
253 0.0024519930000000
254 -0.0293496070000000
255 -0.0348184070000000
256 -0.0167502070000000
257 -0.0108645070000000
258 -0.0094879070000000
259 0.0005124930000000
260 0.0026605930000000
261 -0.0054183070000000
262 -0.0135406070000000
263 -0.0284067070000000
264 -0.0392449070000000
265 -0.0320581070000000
266 -0.0195853070000000
267 -0.0262355070000000
268 -0.0292759070000000
269 -0.0245863070000000
270 -0.0212732070000000
271 -0.0200002070000000
272 -0.0267807070000000
273 -0.0340300070000000
274 -0.0253698070000000
275 -0.0147948070000000
276 -0.0055801070000000
277 0.0005917930000000
278 0.0048348930000000
279 0.0059371930000000
280 -0.0041516070000000
281 -0.0125176070000000
282 -0.0070399070000000
283 0.0134238930000000
284 0.0307269930000000
285 0.0317875930000000
286 0.0258276930000000
287 0.0262729930000000
288 0.0298871930000000
289 0.0342306930000000
290 0.0337804930000000
291 0.0339359930000000
292 0.0409229930000000
293 0.0342448930000000
294 0.0175126930000000
295 0.0105024930000000
296 0.0160264930000000
297 0.0174385930000000
298 0.0155524930000000
299 0.0141645930000000
300 0.0276436930000000
301 0.0437827930000000
302 0.0546345930000000
303 0.0391742930000000
304 0.0081182930000000
305 -0.0085913070000000
306 -0.0056190070000000
307 0.0011490930000000
308 -0.0006175070000000
309 0.0053900930000000
310 0.0181197930000000
311 0.0217735930000000
312 0.0161412930000000
313 0.0039844930000000
314 -0.0030447070000000
315 0.0022605930000000
316 0.0144745930000000
317 0.0358193930000000
318 0.0439842930000000
319 0.0430230930000000
320 0.0424684930000000
321 0.0395884930000000
322 0.0275298930000000
323 0.0157085930000000
324 0.0124474930000000
325 0.0072810930000000
326 -0.0021555070000000
327 -0.0045999070000000
328 0.0031241930000000
329 0.0167175930000000
330 0.0381035930000000
331 0.0497254930000000
332 0.0319955930000000
333 0.0086889930000000
334 0.0038017930000000
335 0.0022838930000000
336 -0.0148361070000000
337 -0.0188116070000000
338 -0.0122738070000000
339 -0.0085670070000000
340 -0.0090666070000000
341 -0.0126305070000000
342 -0.0213672070000000
343 -0.0254920070000000
344 -0.0281030070000000
345 -0.0321002070000000
346 -0.0358446070000000
347 -0.0364901070000000
348 -0.0303483070000000
349 -0.0217355070000000
350 -0.0140665070000000
351 -0.0050236070000000
352 0.0092073930000000
353 0.0203977930000000
354 0.0199153930000000
355 0.0104157930000000
356 0.0023954930000000
357 -0.0017130070000000
358 -0.0061937070000000
359 -0.0082154070000000
360 0.0109100930000000
361 0.0249304930000000
362 0.0185985930000000
363 0.0201138930000000
364 0.0437182930000000
365 0.0773012930000000
366 0.0918419930000000
367 0.0789304930000000
368 0.0545427930000000
369 0.0424374930000000
370 0.0480232930000000
371 0.0400486930000000
372 0.0230329930000000
373 0.0204519930000000
374 0.0118111930000000
375 0.0034733930000000
376 0.0069271930000000
377 0.0217636930000000
378 0.0307276930000000
379 0.0255184930000000
380 0.0225783930000000
381 0.0185472930000000
382 0.0118881930000000
383 0.0036658930000000
384 0.0122454930000000
385 0.0257678930000000
386 0.0307492930000000
387 0.0357118930000000
388 0.0424641930000000
389 0.0433082930000000
390 0.0346315930000000
391 0.0123013930000000
392 -0.0161151070000000
393 -0.0202658070000000
394 -0.0138384070000000
395 -0.0117287070000000
396 -0.0256028070000000
397 -0.0309227070000000
398 -0.0165086070000000
399 -0.0048156070000000
400 -0.0010985070000000
401 0.0181063930000000
402 0.0468794930000000
403 0.0544696930000000
404 0.0493524930000000
405 0.0413286930000000
406 0.0176222930000000
407 0.0046717930000000
408 0.0125093930000000
409 0.0215450930000000
410 0.0192080930000000
411 0.0119512930000000
412 0.0068135930000000
413 0.0225423930000000
414 0.0451209930000000
415 0.0579207930000000
416 0.0432272930000000
417 0.0088970930000000
418 -0.0069606070000000
419 -0.0084289070000000
420 -0.0121008070000000
421 -0.0140663070000000
422 -0.0157215070000000
423 -0.0167106070000000
424 -0.0107149070000000
425 -0.0013843070000000
426 0.0043139930000000
427 0.0085016930000000
428 0.0148767930000000
429 0.0299346930000000
430 0.0384423930000000
431 0.0133240930000000
432 -0.0101368070000000
433 -0.0050637070000000
434 0.0209650930000000
435 0.0487801930000000
436 0.0569744930000000
437 0.0479379930000000
438 0.0351581930000000
439 0.0298969930000000
440 0.0244177930000000
441 0.0247854930000000
442 0.0270012930000000
443 0.0191855930000000
444 0.0121179930000000
445 0.0136683930000000
446 0.0213701930000000
447 0.0168956930000000
448 0.0110503930000000
449 0.0103994930000000
450 0.0070485930000000
451 0.0076124930000000
452 0.0111733930000000
453 0.0116775930000000
454 0.0054731930000000
455 0.0127937930000000
456 0.0356232930000000
457 0.0485657930000000
458 0.0369607930000000
459 0.0279523930000000
460 0.0301693930000000
461 0.0451305930000000
462 0.0684979930000000
463 0.0731747930000000
464 0.0562036930000000
465 0.0478011930000000
466 0.0451989930000000
467 0.0430461930000000
468 0.0427384930000000
469 0.0406252930000000
470 0.0361351930000000
471 0.0332659930000000
472 0.0347427930000000
473 0.0356557930000000
474 0.0355559930000000
475 0.0484450930000000
476 0.0610239930000000
477 0.0540385930000000
478 0.0520946930000000
479 0.0496385930000000
480 0.0347856930000000
481 0.0048678930000000
482 -0.0121520070000000
483 -0.0041122070000000
484 0.0103554930000000
485 0.0293176930000000
486 0.0410623930000000
487 0.0413225930000000
488 0.0406074930000000
489 0.0329311930000000
490 0.0153896930000000
491 -0.0046699070000000
492 -0.0168686070000000
493 -0.0217650070000000
494 -0.0191887070000000
495 -0.0116674070000000
496 -0.0170146070000000
497 -0.0236361070000000
498 -0.0192403070000000
499 -0.0109537070000000
500 0.0133262930000000
501 0.0411408930000000
502 0.0560046930000000
503 0.0558536930000000
504 0.0570760930000000
505 0.0733344930000000
506 0.0841726930000000
507 0.0685313930000000
508 0.0604582930000000
509 0.0614772930000000
510 0.0502724930000000
511 0.0421277930000000
512 0.0371999930000000
513 0.0308822930000000
514 0.0183233930000000
515 0.0124853930000000
516 0.0055391930000000
517 -0.0010670070000000
518 -0.0039668070000000
519 0.0010456930000000
520 0.0149978930000000
521 0.0208501930000000
522 0.0084316930000000
523 -0.0048279070000000
524 -0.0025049070000000
525 0.0041658930000000
526 0.0068158930000000
527 0.0070309930000000
528 0.0119206930000000
529 0.0229941930000000
530 0.0274778930000000
531 0.0259953930000000
532 0.0253478930000000
533 0.0293937930000000
534 0.0263323930000000
535 0.0224869930000000
536 0.0137599930000000
537 0.0049309930000000
538 0.0038339930000000
539 0.0057926930000000
540 0.0124432930000000
541 0.0157974930000000
542 0.0055477930000000
543 -0.0011592070000000
544 0.0015004930000000
545 0.0001593930000000
546 0.0129717930000000
547 0.0340367930000000
548 0.0398532930000000
549 0.0300006930000000
550 0.0114158930000000
551 -0.0039740070000000
552 -0.0074610070000000
553 -0.0127426070000000
554 -0.0211639070000000
555 -0.0290778070000000
556 -0.0288885070000000
557 -0.0126349070000000
558 0.0053754930000000
559 0.0117609930000000
560 0.0191255930000000
561 0.0321880930000000
562 0.0353468930000000
563 0.0192823930000000
564 0.0085083930000000
565 0.0225649930000000
566 0.0333660930000000
567 0.0418282930000000
568 0.0463156930000000
569 0.0297601930000000
570 0.0121310930000000
571 0.0102583930000000
572 0.0168578930000000
573 0.0249684930000000
574 0.0331343930000000
575 0.0410694930000000
576 0.0441931930000000
577 0.0429127930000000
578 0.0259131930000000
579 0.0136283930000000
580 0.0213169930000000
581 0.0201309930000000
582 0.0174463930000000
583 0.0224137930000000
584 0.0249453930000000
585 0.0250317930000000
586 0.0271668930000000
587 0.0308023930000000
588 0.0291223930000000
589 0.0352127930000000
590 0.0510360930000000
591 0.0394885930000000
592 0.0070642930000000
593 -0.0021534070000000
594 0.0029247930000000
595 0.0024992930000000
596 0.0079225930000000
597 0.0049729930000000
598 0.0004226930000000
599 0.0148775930000000
600 0.0281797930000000
1 0.0484429930000000
2 0.0506323930000000
3 0.0434530930000000
4 0.0490390930000000
5 0.0543810930000000
6 0.0468538930000000
7 0.0376132930000000
8 0.0279023930000000
9 0.0279235930000000
10 0.0438915930000000
11 0.0489678930000000
12 0.0312974930000000
13 0.0050421930000000
14 -0.0171921070000000
15 -0.0168134070000000
16 -0.0114398070000000
17 -0.0148587070000000
18 -0.0184352070000000
19 -0.0092137070000000
20 0.0053047930000000
21 -0.0005404070000000
22 -0.0261964070000000
23 -0.0422769070000000
24 -0.0533103070000000
25 -0.0425363070000000
26 -0.0163048070000000
27 -0.0061065070000000
28 0.0056649930000000
29 0.0134755930000000
30 0.0117541930000000
31 0.0143782930000000
32 0.0239435930000000
33 0.0274807930000000
34 0.0222950930000000
35 0.0241059930000000
36 0.0501503930000000
37 0.0753905930000000
38 0.0810620930000000
39 0.0766683930000000
40 0.0625427930000000
41 0.0528316930000000
42 0.0597112930000000
43 0.0571622930000000
44 0.0477871930000000
45 0.0420601930000000
46 0.0414162930000000
47 0.0449613930000000
48 0.0479425930000000
49 0.0501179930000000
50 0.0420822930000000
51 0.0272313930000000
52 0.0259702930000000
53 0.0314570930000000
54 0.0275889930000000
55 0.0241670930000000
56 0.0281404930000000
57 0.0350266930000000
58 0.0308699930000000
59 0.0213338930000000
60 0.0181704930000000
61 0.0085204930000000
62 -0.0060982070000000
63 -0.0107599070000000
64 -0.0089213070000000
65 -0.0095949070000000
66 -0.0099986070000000
67 0.0062291930000000
68 0.0205197930000000
69 0.0246697930000000
70 0.0210395930000000
71 0.0181011930000000
72 0.0169788930000000
73 0.0148337930000000
74 0.0243428930000000
75 0.0412564930000000
76 0.0503533930000000
77 0.0551279930000000
78 0.0567420930000000
79 0.0536869930000000
80 0.0449124930000000
81 0.0344538930000000
82 0.0149180930000000
83 -0.0123880070000000
84 -0.0327284070000000
85 -0.0277244070000000
86 -0.0126326070000000
87 -0.0160596070000000
88 -0.0330598070000000
89 -0.0362151070000000
90 -0.0292523070000000
91 -0.0161245070000000
92 -0.0026559070000000
93 -0.0031400070000000
94 -0.0063411070000000
95 -0.0080198070000000
96 -0.0064206070000000
97 0.0070768930000000
98 0.0209944930000000
99 0.0296961930000000
100 0.0399643930000000
101 0.0484073930000000
102 0.0518709930000000
103 0.0619615930000000
104 0.0632620930000000
105 0.0467402930000000
106 0.0353856930000000
107 0.0312548930000000
108 0.0265591930000000
109 0.0338522930000000
110 0.0573603930000000
111 0.0753398930000000
112 0.0791033930000000
113 0.0852037930000000
114 0.0906368930000000
115 0.0702195930000000
116 0.0480456930000000
117 0.0476077930000000
118 0.0463009930000000
119 0.0394732930000000
120 0.0356140930000000
121 0.0325668930000000
122 0.0341946930000000
123 0.0264590930000000
124 0.0123798930000000
125 0.0170226930000000
126 0.0466450930000000
127 0.0717849930000000
128 0.0736678930000000
129 0.0486773930000000
130 0.0248890930000000
131 0.0268461930000000
132 0.0465633930000000
133 0.0615210930000000
134 0.0637088930000000
135 0.0571357930000000
136 0.0397476930000000
137 0.0266807930000000
138 0.0332052930000000
139 0.0431866930000000
140 0.0481235930000000
141 0.0460118930000000
142 0.0315812930000000
143 0.0161531930000000
144 0.0006815930000000
145 -0.0074367070000000
146 -0.0053427070000000
147 0.0008641930000000
148 0.0078949930000000
149 0.0201434930000000
150 0.0367174930000000
151 0.0505517930000000
152 0.0475868930000000
153 0.0281205930000000
154 0.0184211930000000
155 0.0147184930000000
156 0.0117471930000000
157 0.0165830930000000
158 0.0219872930000000
159 0.0317436930000000
160 0.0340399930000000
161 0.0135087930000000
162 -0.0077735070000000
163 -0.0118135070000000
164 -0.0141532070000000
165 -0.0126342070000000
166 -0.0030181070000000
167 0.0067796930000000
168 -0.0029177070000000
169 -0.0181112070000000
170 -0.0136633070000000
171 0.0021474930000000
172 0.0228720930000000
173 0.0450818930000000
174 0.0616436930000000
175 0.0800840930000000
176 0.0828926930000000
177 0.0971599930000000
178 0.1334364930000000
179 0.1301576930000000
180 0.1045619930000000
181 0.0947365930000000
182 0.0711994930000000
183 0.0490547930000000
184 0.0473788930000000
185 0.0497965930000000
186 0.0473897930000000
187 0.0449118930000000
188 0.0325159930000000
189 0.0165550930000000
190 0.0183537930000000
191 0.0203785930000000
192 0.0184619930000000
193 0.0207229930000000
194 0.0072007930000000
195 -0.0056379070000000
196 0.0095593930000000
197 0.0394604930000000
198 0.0576656930000000
199 0.0653545930000000
200 0.0621515930000000
201 0.0416590930000000
202 0.0266934930000000
203 0.0238782930000000
204 0.0386818930000000
205 0.0367411930000000
206 0.0248112930000000
207 0.0210460930000000
208 0.0330368930000000
209 0.0488088930000000
210 0.0424741930000000
211 0.0343690930000000
212 0.0348394930000000
213 0.0407967930000000
214 0.0347295930000000
215 0.0244170930000000
216 0.0094764930000000
217 0.0044705930000000
218 0.0215003930000000
219 0.0257045930000000
220 0.0140761930000000
221 0.0130605930000000
222 0.0298323930000000
223 0.0404137930000000
224 0.0221872930000000
225 -0.0020706070000000
226 -0.0108645070000000
227 0.0028507930000000
228 0.0110467930000000
229 0.0090740930000000
230 0.0118013930000000
231 0.0119469930000000
232 -0.0019208070000000
233 -0.0101069070000000
234 0.0012843930000000
235 0.0175281930000000
236 0.0193359930000000
237 0.0115558930000000
238 0.0102691930000000
239 0.0158509930000000
240 0.0235732930000000
241 0.0333978930000000
242 0.0489543930000000
243 0.0428041930000000
244 0.0220044930000000
245 0.0110366930000000
246 0.0042875930000000
247 0.0018303930000000
248 0.0102420930000000
249 0.0276893930000000
250 0.0358055930000000
251 0.0444149930000000
252 0.0578443930000000
253 0.0769811930000000
254 0.0881682930000000
255 0.0760735930000000
256 0.0765244930000000
257 0.0802119930000000
258 0.0661564930000000
259 0.0598620930000000
260 0.0737456930000000
261 0.0795209930000000
262 0.0696720930000000
263 0.0731135930000000
264 0.0729804930000000
265 0.0645113930000000
266 0.0592676930000000
267 0.0512450930000000
268 0.0366263930000000
269 0.0170328930000000
270 -0.0047377070000000
271 -0.0109718070000000
272 -0.0005364070000000
273 0.0099178930000000
274 0.0203726930000000
275 0.0146318930000000
276 -0.0012069070000000
277 -0.0029585070000000
278 0.0071051930000000
279 0.0214358930000000
280 0.0276818930000000
281 0.0238718930000000
282 0.0166069930000000
283 0.0193097930000000
284 0.0218725930000000
285 0.0093293930000000
286 -0.0081596070000000
287 -0.0155312070000000
288 -0.0107715070000000
289 0.0015566930000000
290 0.0150147930000000
291 0.0279327930000000
292 0.0288166930000000
293 0.0118807930000000
294 -0.0069330070000000
295 -0.0129128070000000
296 -0.0103622070000000
297 0.0016900930000000
298 0.0199814930000000
299 0.0179983930000000
300 0.0055733930000000
301 -0.0034409070000000
302 -0.0070642070000000
303 -0.0037179070000000
304 -0.0048544070000000
305 -0.0076159070000000
306 0.0055074930000000
307 0.0307846930000000
308 0.0482354930000000
309 0.0494371930000000
310 0.0413121930000000
311 0.0500242930000000
312 0.0596484930000000
313 0.0402187930000000
314 0.0220721930000000
315 0.0335939930000000
316 0.0549676930000000
317 0.0727889930000000
318 0.0870119930000000
319 0.0978935930000000
320 0.1105692930000000
321 0.1237491930000000
322 0.1349246930000000
323 0.1191271930000000
324 0.0921598930000000
325 0.0670792930000000
326 0.0466063930000000
327 0.0532565930000000
328 0.0676322930000000
329 0.0480105930000000
330 0.0278851930000000
331 0.0361552930000000
332 0.0546428930000000
333 0.0715667930000000
334 0.0779705930000000
335 0.0742261930000000
336 0.0798631930000000
337 0.0777311930000000
338 0.0493363930000000
339 0.0384916930000000
340 0.0412199930000000
341 0.0303707930000000
342 0.0255043930000000
343 0.0280789930000000
344 0.0321535930000000
345 0.0359483930000000
346 0.0326016930000000
347 0.0182363930000000
348 0.0054752930000000
349 -0.0002966070000000
350 -0.0017402070000000
351 0.0109947930000000
352 0.0350149930000000
353 0.0519715930000000
354 0.0532541930000000
355 0.0403933930000000
356 0.0330798930000000
357 0.0306804930000000
358 0.0320100930000000
359 0.0227716930000000
360 0.0019160930000000
361 -0.0051573070000000
362 0.0108634930000000
363 0.0340032930000000
364 0.0477665930000000
365 0.0300766930000000
366 0.0070463930000000
367 -0.0031201070000000
368 -0.0089561070000000
369 -0.0064185070000000
370 0.0031340930000000
371 0.0070401930000000
372 0.0099985930000000
373 0.0190988930000000
374 0.0309826930000000
375 0.0360932930000000
376 0.0213856930000000
377 0.0091778930000000
378 0.0119690930000000
379 0.0119350930000000
380 0.0013340930000000
381 -0.0003965070000000
382 -0.0000438070000000
383 0.0065903930000000
384 0.0230287930000000
385 0.0293698930000000
386 0.0177823930000000
387 0.0106459930000000
388 0.0206423930000000
389 0.0388172930000000
390 0.0542398930000000
391 0.0459976930000000
392 0.0156502930000000
393 -0.0100246070000000
394 -0.0263193070000000
395 -0.0289985070000000
396 -0.0115542070000000
397 0.0039666930000000
398 -0.0030540070000000
399 -0.0023909070000000
400 0.0259620930000000
401 0.0526790930000000
402 0.0635348930000000
403 0.0621372930000000
404 0.0450480930000000
405 0.0332837930000000
406 0.0378263930000000
407 0.0536704930000000
408 0.0564120930000000
409 0.0439908930000000
410 0.0435603930000000
411 0.0532913930000000
412 0.0468991930000000
413 0.0175387930000000
414 -0.0108858070000000
415 -0.0138144070000000
416 0.0054702930000000
417 0.0258269930000000
418 0.0364481930000000
419 0.0390546930000000
420 0.0266659930000000
421 0.0324285930000000
422 0.0598799930000000
423 0.0888588930000000
424 0.0888741930000000
425 0.0696254930000000
426 0.0637042930000000
427 0.0593309930000000
428 0.0527290930000000
429 0.0459230930000000
430 0.0341886930000000
431 0.0375892930000000
432 0.0569116930000000
433 0.0662802930000000
434 0.0538977930000000
435 0.0428824930000000
436 0.0465487930000000
437 0.0478123930000000
438 0.0339399930000000
439 0.0233693930000000
440 0.0300968930000000
441 0.0358824930000000
442 0.0332701930000000
443 0.0264084930000000
444 0.0055943930000000
445 -0.0184621070000000
446 -0.0144264070000000
447 0.0072519930000000
448 0.0179973930000000
449 0.0148792930000000
450 0.0085326930000000
451 0.0069766930000000
452 0.0222388930000000
453 0.0458063930000000
454 0.0570625930000000
455 0.0526519930000000
456 0.0408181930000000
457 0.0258047930000000
458 0.0110161930000000
459 0.0032699930000000
460 0.0089633930000000
461 0.0156556930000000
462 0.0162421930000000
463 0.0081404930000000
464 0.0011603930000000
465 0.0054973930000000
466 0.0202576930000000
467 0.0402461930000000
468 0.0436698930000000
469 0.0433836930000000
470 0.0472970930000000
471 0.0335168930000000
472 0.0177529930000000
473 0.0095878930000000
474 0.0022638930000000
475 -0.0070087070000000
476 -0.0208229070000000
477 -0.0266264070000000
478 -0.0177516070000000
479 -0.0010115070000000
480 0.0072815930000000
481 0.0042453930000000
482 -0.0012707070000000
483 -0.0026442070000000
484 0.0060341930000000
485 0.0193103930000000
486 0.0199129930000000
487 0.0186344930000000
488 0.0344221930000000
489 0.0466381930000000
490 0.0418463930000000
491 0.0360696930000000
492 0.0338759930000000
493 0.0294866930000000
494 0.0237297930000000
495 0.0040070930000000
496 -0.0163703070000000
497 -0.0216458070000000
498 -0.0150998070000000
499 -0.0026631070000000
500 0.0031278930000000
501 0.0007166930000000
502 0.0018778930000000
503 0.0102971930000000
504 0.0290697930000000
505 0.0433433930000000
506 0.0445426930000000
507 0.0289033930000000
508 0.0192061930000000
509 0.0183324930000000
510 0.0056299930000000
511 -0.0206269070000000
512 -0.0380977070000000
513 -0.0367278070000000
514 -0.0365398070000000
515 -0.0305093070000000
516 -0.0147894070000000
517 -0.0114679070000000
518 -0.0190646070000000
519 -0.0154288070000000
520 -0.0156484070000000
521 -0.0177732070000000
522 -0.0081426070000000
523 0.0042615930000000
524 0.0119662930000000
525 0.0196952930000000
526 0.0213077930000000
527 0.0109293930000000
528 -0.0076967070000000
529 -0.0183547070000000
530 -0.0171790070000000
531 -0.0141665070000000
532 -0.0027838070000000
533 0.0148412930000000
534 0.0239450930000000
535 0.0323672930000000
536 0.0330891930000000
537 0.0191495930000000
538 0.0109175930000000
539 0.0102333930000000
540 0.0119823930000000
541 0.0122598930000000
542 0.0008074930000000
543 -0.0132705070000000
544 -0.0119607070000000
545 -0.0029213070000000
546 -0.0030344070000000
547 -0.0164051070000000
548 -0.0248440070000000
549 -0.0119983070000000
550 0.0103440930000000
551 0.0226232930000000
552 0.0187813930000000
553 0.0219231930000000
554 0.0347965930000000
555 0.0371217930000000
556 0.0345343930000000
557 0.0335710930000000
558 0.0255683930000000
559 0.0163459930000000
560 0.0212492930000000
561 0.0303045930000000
562 0.0301755930000000
563 0.0291113930000000
564 0.0283892930000000
565 0.0289483930000000
566 0.0304577930000000
567 0.0218430930000000
568 0.0152995930000000
569 0.0162609930000000
570 0.0245130930000000
571 0.0213702930000000
572 0.0019648930000000
573 -0.0156972070000000
574 -0.0287367070000000
575 -0.0196746070000000
576 -0.0011806070000000
577 -0.0014134070000000
578 -0.0125927070000000
579 -0.0100202070000000
580 -0.0006395070000000
581 0.0006399930000000
582 -0.0014379070000000
583 -0.0046435070000000
584 0.0026210930000000
585 0.0182235930000000
586 0.0192857930000000
587 0.0210215930000000
588 0.0256957930000000
589 0.0211619930000000
590 0.0235548930000000
591 0.0231002930000000
592 0.0083114930000000
593 -0.0118616070000000
594 -0.0160993070000000
595 -0.0138796070000000
596 -0.0121146070000000
597 -0.0074146070000000
598 -0.0098370070000000
599 -0.0137214070000000
600 -0.0147065070000000
1 0.0419795930000000
2 0.0390967930000000
3 0.0404098930000000
4 0.0399272930000000
5 0.0413128930000000
6 0.0470342930000000
7 0.0517081930000000
8 0.0379589930000000
9 0.0196415930000000
10 0.0152530930000000
11 0.0194890930000000
12 0.0261680930000000
13 0.0367962930000000
14 0.0435072930000000
15 0.0462476930000000
16 0.0499849930000000
17 0.0427111930000000
18 0.0390223930000000
19 0.0450620930000000
20 0.0529624930000000
21 0.0530520930000000
22 0.0493256930000000
23 0.0438516930000000
24 0.0421835930000000
25 0.0431243930000000
26 0.0423738930000000
27 0.0470366930000000
28 0.0450167930000000
29 0.0365491930000000
30 0.0181982930000000
31 -0.0037578070000000
32 -0.0134056070000000
33 -0.0257816070000000
34 -0.0250768070000000
35 -0.0221248070000000
36 -0.0125786070000000
37 0.0113263930000000
38 0.0284475930000000
39 0.0348161930000000
40 0.0315457930000000
41 0.0302536930000000
42 0.0255762930000000
43 0.0229674930000000
44 0.0249000930000000
45 0.0180907930000000
46 0.0070733930000000
47 0.0146901930000000
48 0.0356083930000000
49 0.0420464930000000
50 0.0329923930000000
51 0.0243717930000000
52 0.0153457930000000
53 0.0031686930000000
54 0.0045669930000000
55 0.0106905930000000
56 0.0167452930000000
57 0.0150614930000000
58 0.0118673930000000
59 0.0182955930000000
60 0.0257255930000000
61 0.0173303930000000
62 -0.0043687070000000
63 -0.0171055070000000
64 -0.0161212070000000
65 -0.0105538070000000
66 -0.0059618070000000
67 -0.0058752070000000
68 -0.0054827070000000
69 0.0042256930000000
70 0.0212283930000000
71 0.0334276930000000
72 0.0456529930000000
73 0.0525205930000000
74 0.0400288930000000
75 0.0248497930000000
76 0.0226955930000000
77 0.0360091930000000
78 0.0564004930000000
79 0.0609205930000000
80 0.0519432930000000
81 0.0344820930000000
82 0.0088048930000000
83 -0.0254421070000000
84 -0.0407713070000000
85 -0.0319612070000000
86 -0.0226369070000000
87 -0.0064345070000000
88 0.0229516930000000
89 0.0396005930000000
90 0.0254310930000000
91 -0.0029076070000000
92 -0.0099671070000000
93 -0.0018978070000000
94 0.0024049930000000
95 0.0078052930000000
96 0.0060611930000000
97 -0.0015177070000000
98 0.0017423930000000
99 0.0137950930000000
100 0.0192550930000000
101 0.0188342930000000
102 0.0252421930000000
103 0.0378538930000000
104 0.0411732930000000
105 0.0329717930000000
106 0.0225595930000000
107 0.0258873930000000
108 0.0223136930000000
109 0.0120285930000000
110 -0.0084967070000000
111 -0.0214569070000000
112 -0.0128319070000000
113 -0.0026005070000000
114 0.0006909930000000
115 -0.0021903070000000
116 -0.0063861070000000
117 -0.0110153070000000
118 -0.0158919070000000
119 -0.0195472070000000
120 -0.0294792070000000
121 -0.0367787070000000
122 -0.0292398070000000
123 -0.0226886070000000
124 -0.0258373070000000
125 -0.0218464070000000
126 -0.0061464070000000
127 0.0064557930000000
128 0.0215685930000000
129 0.0254345930000000
130 0.0232079930000000
131 0.0284438930000000
132 0.0426311930000000
133 0.0566442930000000
134 0.0634705930000000
135 0.0603463930000000
136 0.0510981930000000
137 0.0442425930000000
138 0.0418099930000000
139 0.0518160930000000
140 0.0709798930000000
141 0.0885575930000000
142 0.0954265930000000
143 0.0911308930000000
144 0.0857565930000000
145 0.0640488930000000
146 0.0379727930000000
147 0.0219955930000000
148 0.0078927930000000
149 -0.0024398070000000
150 0.0020498930000000
151 0.0019210930000000
152 0.0034201930000000
153 0.0160179930000000
154 0.0263573930000000
155 0.0249954930000000
156 0.0216449930000000
157 0.0122423930000000
158 -0.0025094070000000
159 -0.0014195070000000
160 0.0118790930000000
161 0.0043720930000000
162 -0.0056737070000000
163 0.0018166930000000
164 0.0380374930000000
165 0.0784290930000000
166 0.0978739930000000
167 0.0983021930000000
168 0.0872199930000000
169 0.0728616930000000
170 0.0501847930000000
171 0.0468195930000000
172 0.0642679930000000
173 0.0846389930000000
174 0.0875917930000000
175 0.0604942930000000
176 0.0331865930000000
177 0.0234340930000000
178 0.0261317930000000
179 0.0432442930000000
180 0.0486746930000000
181 0.0432569930000000
182 0.0508329930000000
183 0.0743371930000000
184 0.0817165930000000
185 0.0794894930000000
186 0.0781980930000000
187 0.0714724930000000
188 0.0713916930000000
189 0.0635418930000000
190 0.0429799930000000
191 0.0249041930000000
192 0.0242446930000000
193 0.0366387930000000
194 0.0425994930000000
195 0.0211512930000000
196 0.0044720930000000
197 0.0024456930000000
198 0.0216679930000000
199 0.0415123930000000
200 0.0320398930000000
201 0.0152514930000000
202 0.0172804930000000
203 0.0281964930000000
204 0.0242455930000000
205 0.0247505930000000
206 0.0250252930000000
207 0.0273390930000000
208 0.0324844930000000
209 0.0300930930000000
210 0.0332617930000000
211 0.0408197930000000
212 0.0457937930000000
213 0.0415829930000000
214 0.0284475930000000
215 0.0145663930000000
216 0.0066941930000000
217 0.0100179930000000
218 0.0096102930000000
219 0.0059163930000000
220 0.0034265930000000
221 0.0040398930000000
222 0.0111299930000000
223 0.0206345930000000
224 0.0367520930000000
225 0.0349093930000000
226 0.0311633930000000
227 0.0285260930000000
228 0.0058081930000000
229 -0.0135788070000000
230 -0.0052801070000000
231 0.0036307930000000
232 0.0040979930000000
233 -0.0000868070000000
234 -0.0071509070000000
235 -0.0147622070000000
236 -0.0177019070000000
237 -0.0278263070000000
238 -0.0329546070000000
239 -0.0241135070000000
240 -0.0177184070000000
241 -0.0060898070000000
242 0.0192147930000000
243 0.0429934930000000
244 0.0542759930000000
245 0.0610730930000000
246 0.0788845930000000
247 0.0973187930000000
248 0.1029056930000000
249 0.0949331930000000
250 0.0832371930000000
251 0.0650293930000000
252 0.0453034930000000
253 0.0470701930000000
254 0.0714857930000000
255 0.0876100930000000
256 0.0877957930000000
257 0.0907856930000000
258 0.0693937930000000
259 0.0409266930000000
260 0.0330110930000000
261 0.0276119930000000
262 0.0235237930000000
263 0.0234775930000000
264 0.0131888930000000
265 0.0064426930000000
266 0.0092920930000000
267 0.0185101930000000
268 0.0232105930000000
269 0.0211499930000000
270 0.0153218930000000
271 0.0178429930000000
272 0.0216121930000000
273 0.0305825930000000
274 0.0399143930000000
275 0.0304710930000000
276 0.0049526930000000
277 -0.0172275070000000
278 -0.0273374070000000
279 -0.0278865070000000
280 -0.0264863070000000
281 -0.0163789070000000
282 0.0046418930000000
283 0.0079179930000000
284 0.0112459930000000
285 0.0230068930000000
286 0.0294458930000000
287 0.0341325930000000
288 0.0401351930000000
289 0.0495435930000000
290 0.0556800930000000
291 0.0570666930000000
292 0.0569051930000000
293 0.0424310930000000
294 0.0202321930000000
295 -0.0013062070000000
296 -0.0206959070000000
297 -0.0300806070000000
298 -0.0271577070000000
299 -0.0191495070000000
300 -0.0093565070000000
301 -0.0071123070000000
302 -0.0094382070000000
303 -0.0085517070000000
304 -0.0163801070000000
305 -0.0272609070000000
306 -0.0249532070000000
307 -0.0115911070000000
308 0.0033171930000000
309 0.0129702930000000
310 0.0091353930000000
311 0.0009751930000000
312 0.0007691930000000
313 0.0079728930000000
314 0.0250939930000000
315 0.0321343930000000
316 0.0287092930000000
317 0.0288945930000000
318 0.0228629930000000
319 0.0180358930000000
320 0.0321177930000000
321 0.0441464930000000
322 0.0494043930000000
323 0.0553434930000000
324 0.0510655930000000
325 0.0318445930000000
326 0.0152342930000000
327 0.0230001930000000
328 0.0341897930000000
329 0.0532451930000000
330 0.0825219930000000
331 0.1001003930000000
332 0.1024804930000000
333 0.0912261930000000
334 0.0566096930000000
335 0.0473801930000000
336 0.0786814930000000
337 0.0960674930000000
338 0.0847262930000000
339 0.0823664930000000
340 0.0881369930000000
341 0.0911321930000000
342 0.0947152930000000
343 0.0795545930000000
344 0.0531753930000000
345 0.0339305930000000
346 0.0288696930000000
347 0.0377407930000000
348 0.0320610930000000
349 0.0116672930000000
350 -0.0164619070000000
351 -0.0394599070000000
352 -0.0378987070000000
353 -0.0282388070000000
354 -0.0213518070000000
355 -0.0152433070000000
356 -0.0071189070000000
357 0.0120638930000000
358 0.0262192930000000
359 0.0269438930000000
360 0.0423875930000000
361 0.0672435930000000
362 0.0754776930000000
363 0.0632092930000000
364 0.0479968930000000
365 0.0342460930000000
366 0.0340750930000000
367 0.0426848930000000
368 0.0430902930000000
369 0.0394676930000000
370 0.0326016930000000
371 0.0222424930000000
372 0.0159519930000000
373 0.0225728930000000
374 0.0247668930000000
375 0.0182199930000000
376 -0.0006578070000000
377 -0.0140390070000000
378 -0.0139067070000000
379 -0.0126439070000000
380 -0.0126637070000000
381 -0.0249974070000000
382 -0.0372543070000000
383 -0.0382856070000000
384 -0.0292378070000000
385 -0.0150313070000000
386 0.0085240930000000
387 0.0306211930000000
388 0.0483704930000000
389 0.0494370930000000
390 0.0363099930000000
391 0.0200659930000000
392 0.0056335930000000
393 0.0049927930000000
394 0.0225508930000000
395 0.0356048930000000
396 0.0332217930000000
397 0.0298577930000000
398 0.0241051930000000
399 0.0238850930000000
400 0.0320283930000000
401 0.0320460930000000
402 0.0211102930000000
403 0.0188242930000000
404 0.0305652930000000
405 0.0302056930000000
406 0.0222063930000000
407 0.0233083930000000
408 0.0055783930000000
409 -0.0156624070000000
410 -0.0136508070000000
411 -0.0050110070000000
412 0.0197363930000000
413 0.0341270930000000
414 0.0345709930000000
415 0.0534456930000000
416 0.0744512930000000
417 0.0749852930000000
418 0.0613307930000000
419 0.0513973930000000
420 0.0429135930000000
421 0.0247847930000000
422 0.0043634930000000
423 -0.0112870070000000
424 -0.0175617070000000
425 -0.0150288070000000
426 -0.0120242070000000
427 -0.0080420070000000
428 -0.0038257070000000
429 0.0040734930000000
430 0.0253100930000000
431 0.0517329930000000
432 0.0724097930000000
433 0.0821378930000000
434 0.0777457930000000
435 0.0679863930000000
436 0.0441759930000000
437 0.0241152930000000
438 0.0351069930000000
439 0.0426418930000000
440 0.0424250930000000
441 0.0407762930000000
442 0.0356236930000000
443 0.0183501930000000
444 -0.0044192070000000
445 -0.0078185070000000
446 0.0100360930000000
447 0.0212316930000000
448 0.0283286930000000
449 0.0400273930000000
450 0.0406041930000000
451 0.0401340930000000
452 0.0409784930000000
453 0.0352951930000000
454 0.0278181930000000
455 0.0230121930000000
456 0.0249317930000000
457 0.0278222930000000
458 0.0336892930000000
459 0.0483721930000000
460 0.0614712930000000
461 0.0451001930000000
462 0.0202344930000000
463 0.0186604930000000
464 0.0333842930000000
465 0.0426192930000000
466 0.0385823930000000
467 0.0353012930000000
468 0.0306769930000000
469 0.0297198930000000
470 0.0361467930000000
471 0.0467555930000000
472 0.0615741930000000
473 0.0716143930000000
474 0.0660183930000000
475 0.0487310930000000
476 0.0414394930000000
477 0.0403118930000000
478 0.0257629930000000
479 0.0044682930000000
480 0.0029567930000000
481 0.0184538930000000
482 0.0235453930000000
483 0.0096697930000000
484 -0.0021570070000000
485 -0.0089056070000000
486 -0.0198147070000000
487 -0.0235930070000000
488 -0.0158928070000000
489 -0.0128980070000000
490 -0.0219835070000000
491 -0.0308470070000000
492 -0.0237945070000000
493 -0.0235456070000000
494 -0.0240225070000000
495 -0.0142300070000000
496 -0.0128282070000000
497 -0.0230859070000000
498 -0.0163494070000000
499 0.0012313930000000
500 0.0126885930000000
501 0.0250525930000000
502 0.0246938930000000
503 0.0005596930000000
504 -0.0241031070000000
505 -0.0184633070000000
506 0.0044987930000000
507 0.0228035930000000
508 0.0132219930000000
509 -0.0063380070000000
510 -0.0056862070000000
511 -0.0005056070000000
512 -0.0059232070000000
513 -0.0103833070000000
514 -0.0011283070000000
515 0.0054611930000000
516 0.0045744930000000
517 0.0081707930000000
518 0.0152288930000000
519 0.0151323930000000
520 0.0071230930000000
521 -0.0080116070000000
522 -0.0034942070000000
523 0.0285827930000000
524 0.0427946930000000
525 0.0279572930000000
526 0.0090344930000000
527 -0.0042402070000000
528 -0.0032082070000000
529 0.0120912930000000
530 0.0239434930000000
531 0.0133193930000000
532 0.0068260930000000
533 0.0107520930000000
534 0.0134359930000000
535 0.0126482930000000
536 0.0074231930000000
537 0.0001248930000000
538 -0.0065644070000000
539 0.0011350930000000
540 0.0259793930000000
541 0.0459028930000000
542 0.0539078930000000
543 0.0489354930000000
544 0.0366786930000000
545 0.0283776930000000
546 0.0217064930000000
547 -0.0072683070000000
548 -0.0275910070000000
549 0.0017784930000000
550 0.0470623930000000
551 0.0460741930000000
552 0.0159419930000000
553 -0.0019628070000000
554 -0.0134268070000000
555 -0.0154655070000000
556 -0.0146168070000000
557 -0.0104898070000000
558 -0.0063595070000000
559 -0.0055360070000000
560 -0.0074183070000000
561 -0.0087840070000000
562 -0.0022027070000000
563 -0.0003655070000000
564 -0.0018691070000000
565 0.0020982930000000
566 0.0000737930000000
567 -0.0044309070000000
568 -0.0001960070000000
569 0.0122884930000000
570 0.0222236930000000
571 0.0212284930000000
572 0.0222860930000000
573 0.0268453930000000
574 0.0316234930000000
575 0.0364113930000000
576 0.0452357930000000
577 0.0530522930000000
578 0.0473291930000000
579 0.0295783930000000
580 0.0164126930000000
581 0.0102308930000000
582 -0.0015411070000000
583 -0.0049369070000000
584 -0.0028024070000000
585 -0.0028593070000000
586 -0.0059058070000000
587 -0.0053415070000000
588 0.0073859930000000
589 0.0255121930000000
590 0.0404414930000000
591 0.0523051930000000
592 0.0602754930000000
593 0.0535112930000000
594 0.0440901930000000
595 0.0415767930000000
596 0.0400645930000000
597 0.0257155930000000
598 0.0133774930000000
599 0.0045952930000000
600 0.0086439930000000
1 0.0362099930000000
2 0.0306489930000000
3 0.0352188930000000
4 0.0434503930000000
5 0.0430202930000000
6 0.0261674930000000
7 0.0141589930000000
8 0.0147122930000000
9 0.0145074930000000
10 0.0058745930000000
11 0.0114878930000000
12 0.0346121930000000
13 0.0586253930000000
14 0.0599779930000000
15 0.0429551930000000
16 0.0285159930000000
17 0.0385487930000000
18 0.0621095930000000
19 0.0642888930000000
20 0.0645733930000000
21 0.0712319930000000
22 0.0644092930000000
23 0.0496489930000000
24 0.0322962930000000
25 0.0112940930000000
26 -0.0037378070000000
27 -0.0173302070000000
28 -0.0255883070000000
29 -0.0188580070000000
30 -0.0102403070000000
31 -0.0103150070000000
32 -0.0089025070000000
33 -0.0017894070000000
34 0.0020973930000000
35 0.0006685930000000
36 -0.0079854070000000
37 -0.0144357070000000
38 -0.0179761070000000
39 -0.0151633070000000
40 0.0016756930000000
41 0.0228280930000000
42 0.0326351930000000
43 0.0267084930000000
44 0.0227169930000000
45 0.0173408930000000
46 0.0084639930000000
47 0.0237751930000000
48 0.0371164930000000
49 0.0357857930000000
50 0.0271167930000000
51 0.0095566930000000
52 -0.0111150070000000
53 -0.0151837070000000
54 -0.0072834070000000
55 -0.0014853070000000
56 0.0148873930000000
57 0.0354623930000000
58 0.0327655930000000
59 0.0336165930000000
60 0.0396244930000000
61 0.0247527930000000
62 0.0152379930000000
63 0.0164777930000000
64 0.0171176930000000
65 0.0262902930000000
66 0.0339105930000000
67 0.0205961930000000
68 0.0091912930000000
69 0.0252474930000000
70 0.0394335930000000
71 0.0446551930000000
72 0.0495264930000000
73 0.0500335930000000
74 0.0627717930000000
75 0.0812616930000000
76 0.0833778930000000
77 0.0802527930000000
78 0.0984357930000000
79 0.1269081930000000
80 0.1374336930000000
81 0.1297426930000000
82 0.0966137930000000
83 0.0640829930000000
84 0.0609457930000000
85 0.0511776930000000
86 0.0289517930000000
87 0.0263571930000000
88 0.0506804930000000
89 0.0717293930000000
90 0.0573517930000000
91 0.0297548930000000
92 0.0122978930000000
93 0.0009713930000000
94 0.0047686930000000
95 0.0208222930000000
96 0.0374607930000000
97 0.0538272930000000
98 0.0606903930000000
99 0.0556369930000000
100 0.0435820930000000
101 0.0423245930000000
102 0.0453159930000000
103 0.0320531930000000
104 0.0167093930000000
105 0.0051252930000000
106 -0.0001429070000000
107 0.0071656930000000
108 0.0142044930000000
109 0.0202384930000000
110 0.0383205930000000
111 0.0558130930000000
112 0.0621291930000000
113 0.0630336930000000
114 0.0505606930000000
115 0.0256256930000000
116 0.0065866930000000
117 0.0146472930000000
118 0.0282629930000000
119 0.0211198930000000
120 0.0053088930000000
121 -0.0005395070000000
122 0.0052204930000000
123 0.0209762930000000
124 0.0500942930000000
125 0.0841652930000000
126 0.0912312930000000
127 0.0824518930000000
128 0.0816131930000000
129 0.0812776930000000
130 0.0760678930000000
131 0.0824228930000000
132 0.0820310930000000
133 0.0683884930000000
134 0.0682296930000000
135 0.0547734930000000
136 0.0230571930000000
137 0.0011457930000000
138 -0.0119152070000000
139 -0.0169369070000000
140 -0.0147930070000000
141 0.0043944930000000
142 0.0384530930000000
143 0.0627568930000000
144 0.0674850930000000
145 0.0523365930000000
146 0.0279128930000000
147 0.0184550930000000
148 0.0115791930000000
149 0.0035526930000000
150 0.0003765930000000
151 0.0095952930000000
152 0.0435736930000000
153 0.0887813930000000
154 0.1113865930000000
155 0.1102624930000000
156 0.1026786930000000
157 0.0791729930000000
158 0.0507436930000000
159 0.0623764930000000
160 0.0840671930000000
161 0.0736730930000000
162 0.0622638930000000
163 0.0647139930000000
164 0.0620668930000000
165 0.0639765930000000
166 0.0568917930000000
167 0.0409385930000000
168 0.0208054930000000
169 0.0117952930000000
170 0.0222690930000000
171 0.0283329930000000
172 0.0271968930000000
173 0.0119973930000000
174 0.0002950930000000
175 0.0081977930000000
176 0.0185433930000000
177 0.0164094930000000
178 0.0048242930000000
179 -0.0026399070000000
180 -0.0115225070000000
181 -0.0301033070000000
182 -0.0328088070000000
183 -0.0276696070000000
184 -0.0286556070000000
185 -0.0251500070000000
186 -0.0181559070000000
187 -0.0143651070000000
188 -0.0137564070000000
189 -0.0065931070000000
190 0.0016611930000000
191 0.0116514930000000
192 0.0180507930000000
193 0.0210951930000000
194 0.0147135930000000
195 0.0108603930000000
196 0.0149419930000000
197 0.0193735930000000
198 0.0282538930000000
199 0.0343330930000000
200 0.0419175930000000
201 0.0444404930000000
202 0.0312327930000000
203 0.0090654930000000
204 -0.0090807070000000
205 -0.0083303070000000
206 0.0040192930000000
207 0.0066140930000000
208 0.0142304930000000
209 0.0227694930000000
210 0.0236259930000000
211 0.0178533930000000
212 0.0133894930000000
213 0.0104378930000000
214 0.0132045930000000
215 0.0270570930000000
216 0.0359285930000000
217 0.0341027930000000
218 0.0351237930000000
219 0.0327984930000000
220 0.0240740930000000
221 0.0139147930000000
222 0.0143024930000000
223 0.0223276930000000
224 0.0348379930000000
225 0.0510487930000000
226 0.0540676930000000
227 0.0364982930000000
228 0.0103126930000000
229 -0.0102834070000000
230 -0.0029049070000000
231 0.0187887930000000
232 0.0362925930000000
233 0.0457899930000000
234 0.0448402930000000
235 0.0402431930000000
236 0.0391745930000000
237 0.0488230930000000
238 0.0569199930000000
239 0.0488517930000000
240 0.0385111930000000
241 0.0449257930000000
242 0.0481395930000000
243 0.0451896930000000
244 0.0665518930000000
245 0.0893982930000000
246 0.0743353930000000
247 0.0573883930000000
248 0.0599044930000000
249 0.0603818930000000
250 0.0506998930000000
251 0.0320883930000000
252 0.0147752930000000
253 0.0092967930000000
254 0.0025583930000000
255 -0.0084900070000000
256 -0.0084061070000000
257 0.0034957930000000
258 0.0165516930000000
259 0.0164219930000000
260 0.0201183930000000
261 0.0228685930000000
262 0.0091520930000000
263 -0.0058680070000000
264 -0.0161002070000000
265 -0.0237690070000000
266 -0.0305262070000000
267 -0.0357743070000000
268 -0.0290043070000000
269 -0.0160717070000000
270 -0.0109035070000000
271 -0.0070377070000000
272 0.0020300930000000
273 0.0124783930000000
274 0.0336042930000000
275 0.0472684930000000
276 0.0451328930000000
277 0.0463911930000000
278 0.0519475930000000
279 0.0513089930000000
280 0.0581842930000000
281 0.0571978930000000
282 0.0395763930000000
283 0.0258544930000000
284 0.0270151930000000
285 0.0302655930000000
286 0.0254140930000000
287 0.0244268930000000
288 0.0264854930000000
289 0.0378241930000000
290 0.0447107930000000
291 0.0469615930000000
292 0.0523429930000000
293 0.0427885930000000
294 0.0382262930000000
295 0.0478444930000000
296 0.0420060930000000
297 0.0313968930000000
298 0.0125127930000000
299 -0.0016833070000000
300 0.0126895930000000
301 0.0407693930000000
302 0.0634384930000000
303 0.0771916930000000
304 0.0767242930000000
305 0.0728094930000000
306 0.0522430930000000
307 0.0263990930000000
308 0.0174545930000000
309 0.0143751930000000
310 0.0168276930000000
311 0.0279080930000000
312 0.0397986930000000
313 0.0488082930000000
314 0.0577188930000000
315 0.0551830930000000
316 0.0274836930000000
317 0.0082480930000000
318 0.0106346930000000
319 0.0034495930000000
320 0.0066790930000000
321 0.0298971930000000
322 0.0529778930000000
323 0.0582230930000000
324 0.0638659930000000
325 0.0699138930000000
326 0.0657043930000000
327 0.0578664930000000
328 0.0468800930000000
329 0.0475676930000000
330 0.0539516930000000
331 0.0469275930000000
332 0.0293370930000000
333 0.0242018930000000
334 0.0317012930000000
335 0.0222579930000000
336 0.0032901930000000
337 0.0050964930000000
338 0.0186298930000000
339 0.0223719930000000
340 0.0161952930000000
341 -0.0009475070000000
342 -0.0209071070000000
343 -0.0316745070000000
344 -0.0205885070000000
345 0.0106169930000000
346 0.0284635930000000
347 0.0275190930000000
348 0.0163596930000000
349 0.0050810930000000
350 0.0047932930000000
351 0.0071843930000000
352 0.0042138930000000
353 0.0025276930000000
354 -0.0048535070000000
355 -0.0128028070000000
356 -0.0133922070000000
357 -0.0072079070000000
358 0.0079044930000000
359 0.0206020930000000
360 0.0204018930000000
361 0.0056921930000000
362 0.0011079930000000
363 0.0197394930000000
364 0.0221133930000000
365 0.0018941930000000
366 -0.0211899070000000
367 -0.0281857070000000
368 -0.0197388070000000
369 -0.0108167070000000
370 -0.0125563070000000
371 -0.0188707070000000
372 -0.0202250070000000
373 -0.0209256070000000
374 -0.0217238070000000
375 -0.0226491070000000
376 -0.0180180070000000
377 -0.0164941070000000
378 -0.0207718070000000
379 -0.0253443070000000
380 -0.0326388070000000
381 -0.0366522070000000
382 -0.0344820070000000
383 -0.0297881070000000
384 -0.0246120070000000
385 -0.0054691070000000
386 0.0180051930000000
387 0.0325061930000000
388 0.0396856930000000
389 0.0397985930000000
390 0.0315002930000000
391 0.0095125930000000
392 -0.0070276070000000
393 -0.0053532070000000
394 -0.0100283070000000
395 -0.0213626070000000
396 -0.0198203070000000
397 -0.0103338070000000
398 -0.0124722070000000
399 -0.0231680070000000
400 -0.0304044070000000
401 -0.0339972070000000
402 -0.0269388070000000
403 -0.0195239070000000
404 -0.0244544070000000
405 -0.0190481070000000
406 0.0022273930000000
407 0.0162654930000000
408 0.0238377930000000
409 0.0315184930000000
410 0.0362765930000000
411 0.0322092930000000
412 0.0373452930000000
413 0.0308372930000000
414 0.0276503930000000
415 0.0447416930000000
416 0.0472227930000000
417 0.0476723930000000
418 0.0476304930000000
419 0.0454680930000000
420 0.0536788930000000
421 0.0596779930000000
422 0.0625873930000000
423 0.0803564930000000
424 0.0711182930000000
425 0.0473423930000000
426 0.0479467930000000
427 0.0450948930000000
428 0.0296414930000000
429 0.0146886930000000
430 0.0120414930000000
431 0.0187798930000000
432 0.0227121930000000
433 0.0300535930000000
434 0.0352889930000000
435 0.0391394930000000
436 0.0389483930000000
437 0.0328251930000000
438 0.0306134930000000
439 0.0240336930000000
440 0.0231003930000000
441 0.0288116930000000
442 0.0348546930000000
443 0.0297772930000000
444 0.0217196930000000
445 0.0167431930000000
446 -0.0013156070000000
447 -0.0188146070000000
448 -0.0184845070000000
449 -0.0050667070000000
450 0.0130575930000000
451 0.0181124930000000
452 0.0112543930000000
453 0.0073764930000000
454 0.0172566930000000
455 0.0258307930000000
456 0.0371008930000000
457 0.0535544930000000
458 0.0597621930000000
459 0.0530991930000000
460 0.0596879930000000
461 0.0769957930000000
462 0.0842170930000000
463 0.0828236930000000
464 0.0766837930000000
465 0.0689057930000000
466 0.0670643930000000
467 0.0606069930000000
468 0.0398665930000000
469 0.0252110930000000
470 0.0279756930000000
471 0.0230025930000000
472 0.0089956930000000
473 0.0012509930000000
474 -0.0081971070000000
475 -0.0106576070000000
476 -0.0024890070000000
477 0.0033786930000000
478 0.0140828930000000
479 0.0225271930000000
480 0.0214319930000000
481 0.0340570930000000
482 0.0327142930000000
483 -0.0004274070000000
484 -0.0212340070000000
485 -0.0190385070000000
486 -0.0037288070000000
487 0.0070001930000000
488 0.0009111930000000
489 0.0106339930000000
490 0.0324595930000000
491 0.0373226930000000
492 0.0479426930000000
493 0.0512463930000000
494 0.0481037930000000
495 0.0452328930000000
496 0.0381286930000000
497 0.0311584930000000
498 0.0237466930000000
499 0.0237497930000000
500 0.0275321930000000
501 0.0186199930000000
502 0.0070702930000000
503 0.0029790930000000
504 0.0016765930000000
505 -0.0030210070000000
506 -0.0088120070000000
507 -0.0029587070000000
508 0.0072652930000000
509 0.0207769930000000
510 0.0207510930000000
511 0.0036639930000000
512 -0.0003766070000000
513 0.0009218930000000
514 -0.0022198070000000
515 -0.0121127070000000
516 -0.0088950070000000
517 0.0145297930000000
518 0.0233270930000000
519 0.0237382930000000
520 0.0105307930000000
521 -0.0106450070000000
522 -0.0145660070000000
523 -0.0051697070000000
524 -0.0012476070000000
525 -0.0019288070000000
526 -0.0049582070000000
527 -0.0018290070000000
528 0.0023418930000000
529 0.0020524930000000
530 0.0086505930000000
531 0.0177991930000000
532 -0.0008411070000000
533 -0.0319655070000000
534 -0.0379474070000000
535 -0.0325252070000000
536 -0.0351830070000000
537 -0.0387180070000000
538 -0.0326667070000000
539 -0.0155528070000000
540 0.0134289930000000
541 0.0432404930000000
542 0.0564492930000000
543 0.0589955930000000
544 0.0462826930000000
545 0.0328796930000000
546 0.0188848930000000
547 -0.0006740070000000
548 -0.0147556070000000
549 -0.0150821070000000
550 -0.0048741070000000
551 0.0073521930000000
552 0.0220520930000000
553 0.0466194930000000
554 0.0562506930000000
555 0.0396366930000000
556 0.0122271930000000
557 0.0055599930000000
558 0.0185690930000000
559 0.0214414930000000
560 0.0143848930000000
561 0.0074190930000000
562 0.0091854930000000
563 0.0138387930000000
564 0.0075818930000000
565 -0.0083000070000000
566 -0.0083056070000000
567 0.0076580930000000
568 0.0217995930000000
569 0.0262323930000000
570 0.0215715930000000
571 0.0181561930000000
572 0.0158012930000000
573 0.0005426930000000
574 -0.0155999070000000
575 -0.0206278070000000
576 -0.0055218070000000
577 0.0201111930000000
578 0.0373800930000000
579 0.0374087930000000
580 0.0224015930000000
581 0.0104901930000000
582 0.0005873930000000
583 0.0043087930000000
584 0.0176816930000000
585 0.0272228930000000
586 0.0342101930000000
587 0.0321669930000000
588 0.0192804930000000
589 0.0088710930000000
590 0.0142164930000000
591 0.0264821930000000
592 0.0156933930000000
593 0.0127988930000000
594 0.0360838930000000
595 0.0582848930000000
596 0.0624981930000000
597 0.0469023930000000
598 0.0366753930000000
599 0.0504541930000000
600 0.0624031930000000
1 0.0083139930000000
2 -0.0023813070000000
3 -0.0026581070000000
4 -0.0016002070000000
5 -0.0045815070000000
6 -0.0020768070000000
7 0.0079567930000000
8 0.0214702930000000
9 0.0316539930000000
10 0.0425100930000000
11 0.0441662930000000
12 0.0356863930000000
13 0.0283276930000000
14 0.0131201930000000
15 -0.0009875070000000
16 0.0032967930000000
17 0.0118794930000000
18 0.0202210930000000
19 0.0278055930000000
20 0.0326259930000000
21 0.0238462930000000
22 0.0120002930000000
23 0.0009971930000000
24 -0.0090795070000000
25 -0.0115387070000000
26 -0.0006902070000000
27 0.0132731930000000
28 0.0212163930000000
29 0.0240194930000000
30 0.0156921930000000
31 0.0076155930000000
32 0.0167678930000000
33 0.0260760930000000
34 0.0182632930000000
35 0.0088704930000000
36 0.0057489930000000
37 0.0070824930000000
38 0.0176329930000000
39 0.0389413930000000
40 0.0558840930000000
41 0.0541048930000000
42 0.0449104930000000
43 0.0273382930000000
44 0.0074317930000000
45 0.0012744930000000
46 0.0080786930000000
47 0.0157124930000000
48 0.0096107930000000
49 -0.0066766070000000
50 -0.0159872070000000
51 -0.0193407070000000
52 -0.0183024070000000
53 -0.0088935070000000
54 -0.0016616070000000
55 -0.0024244070000000
56 -0.0086471070000000
57 -0.0054415070000000
58 0.0063049930000000
59 0.0166636930000000
60 0.0292629930000000
61 0.0307110930000000
62 0.0320785930000000
63 0.0483735930000000
64 0.0757069930000000
65 0.0969075930000000
66 0.1150654930000000
67 0.1155382930000000
68 0.0827353930000000
69 0.0404917930000000
70 0.0095461930000000
71 -0.0002990070000000
72 -0.0023907070000000
73 -0.0100544070000000
74 -0.0283441070000000
75 -0.0403460070000000
76 -0.0375830070000000
77 -0.0254462070000000
78 -0.0112336070000000
79 -0.0001998070000000
80 0.0106157930000000
81 0.0226482930000000
82 0.0369410930000000
83 0.0560429930000000
84 0.0647583930000000
85 0.0530298930000000
86 0.0349115930000000
87 0.0145609930000000
88 0.0083301930000000
89 0.0167044930000000
90 0.0169945930000000
91 0.0053904930000000
92 -0.0051474070000000
93 -0.0077503070000000
94 -0.0133048070000000
95 -0.0208094070000000
96 -0.0203944070000000
97 -0.0110776070000000
98 0.0096884930000000
99 0.0387059930000000
100 0.0483993930000000
101 0.0431654930000000
102 0.0472372930000000
103 0.0409303930000000
104 0.0164262930000000
105 0.0032495930000000
106 0.0042209930000000
107 0.0019690930000000
108 0.0083115930000000
109 0.0180912930000000
110 0.0167512930000000
111 0.0141867930000000
112 0.0220378930000000
113 0.0248871930000000
114 0.0224196930000000
115 0.0121266930000000
116 -0.0024966070000000
117 -0.0034995070000000
118 0.0115412930000000
119 0.0303146930000000
120 0.0305304930000000
121 0.0196625930000000
122 0.0154033930000000
123 0.0136593930000000
124 0.0192977930000000
125 0.0264761930000000
126 0.0225441930000000
127 0.0183046930000000
128 0.0263644930000000
129 0.0287020930000000
130 0.0168007930000000
131 0.0056058930000000
132 0.0077119930000000
133 0.0137859930000000
134 0.0228806930000000
135 0.0324664930000000
136 0.0345082930000000
137 0.0431239930000000
138 0.0630601930000000
139 0.0742331930000000
140 0.0684204930000000
141 0.0612824930000000
142 0.0594224930000000
143 0.0659153930000000
144 0.0658614930000000
145 0.0644554930000000
146 0.0776376930000000
147 0.0953178930000000
148 0.1026034930000000
149 0.0875808930000000
150 0.0676202930000000
151 0.0600203930000000
152 0.0612920930000000
153 0.0610954930000000
154 0.0690331930000000
155 0.0694043930000000
156 0.0566755930000000
157 0.0480633930000000
158 0.0491257930000000
159 0.0466361930000000
160 0.0399339930000000
161 0.0508674930000000
162 0.0682890930000000
163 0.0654914930000000
164 0.0591438930000000
165 0.0596340930000000
166 0.0587744930000000
167 0.0400888930000000
168 0.0237381930000000
169 0.0249567930000000
170 0.0318137930000000
171 0.0447195930000000
172 0.0708306930000000
173 0.0918386930000000
174 0.0935553930000000
175 0.0892000930000000
176 0.0850370930000000
177 0.0728140930000000
178 0.0679138930000000
179 0.0677559930000000
180 0.0613798930000000
181 0.0483270930000000
182 0.0343028930000000
183 0.0282158930000000
184 0.0437164930000000
185 0.0589804930000000
186 0.0778271930000000
187 0.0857385930000000
188 0.0629394930000000
189 0.0451877930000000
190 0.0383113930000000
191 0.0318508930000000
192 0.0278542930000000
193 0.0364084930000000
194 0.0458885930000000
195 0.0342505930000000
196 0.0131874930000000
197 0.0098686930000000
198 0.0051592930000000
199 -0.0085263070000000
200 -0.0252000070000000
201 -0.0347407070000000
202 -0.0246054070000000
203 -0.0170514070000000
204 -0.0127672070000000
205 -0.0111176070000000
206 -0.0088606070000000
207 0.0005097930000000
208 0.0169320930000000
209 0.0298738930000000
210 0.0226255930000000
211 0.0028514930000000
212 0.0049285930000000
213 0.0203809930000000
214 0.0280514930000000
215 0.0323648930000000
216 0.0374989930000000
217 0.0314144930000000
218 0.0206899930000000
219 0.0200376930000000
220 0.0201272930000000
221 0.0224944930000000
222 0.0281917930000000
223 0.0399079930000000
224 0.0528582930000000
225 0.0428444930000000
226 0.0328522930000000
227 0.0387810930000000
228 0.0277783930000000
229 0.0149632930000000
230 0.0208950930000000
231 0.0293655930000000
232 0.0247421930000000
233 0.0200377930000000
234 0.0123926930000000
235 0.0043806930000000
236 0.0091749930000000
237 0.0057506930000000
238 -0.0126266070000000
239 -0.0285759070000000
240 -0.0291264070000000
241 -0.0151452070000000
242 -0.0041650070000000
243 -0.0019868070000000
244 -0.0010637070000000
245 0.0053879930000000
246 0.0117760930000000
247 0.0097943930000000
248 -0.0030401070000000
249 -0.0153312070000000
250 -0.0251618070000000
251 -0.0254396070000000
252 -0.0140477070000000
253 -0.0187740070000000
254 -0.0208247070000000
255 0.0018996930000000
256 0.0285211930000000
257 0.0523478930000000
258 0.0669714930000000
259 0.0628824930000000
260 0.0528098930000000
261 0.0434583930000000
262 0.0312421930000000
263 0.0087557930000000
264 -0.0129000070000000
265 -0.0231795070000000
266 -0.0279364070000000
267 -0.0249263070000000
268 -0.0196844070000000
269 -0.0248397070000000
270 -0.0430357070000000
271 -0.0414227070000000
272 -0.0267863070000000
273 -0.0167195070000000
274 -0.0019845070000000
275 0.0263377930000000
276 0.0519061930000000
277 0.0520015930000000
278 0.0356498930000000
279 0.0339456930000000
280 0.0461415930000000
281 0.0425028930000000
282 0.0337009930000000
283 0.0284333930000000
284 0.0253283930000000
285 0.0261094930000000
286 0.0118469930000000
287 0.0022077930000000
288 0.0001828930000000
289 -0.0052115070000000
290 -0.0087228070000000
291 0.0022569930000000
292 0.0275663930000000
293 0.0464378930000000
294 0.0600512930000000
295 0.0565003930000000
296 0.0407335930000000
297 0.0266409930000000
298 0.0274730930000000
299 0.0374674930000000
300 0.0296083930000000
301 0.0072373930000000
302 -0.0068956070000000
303 -0.0003314070000000
304 0.0052999930000000
305 0.0009380930000000
306 -0.0101697070000000
307 -0.0222068070000000
308 -0.0280364070000000
309 -0.0206479070000000
310 0.0004748930000000
311 0.0229268930000000
312 0.0399711930000000
313 0.0648427930000000
314 0.0787052930000000
315 0.0757457930000000
316 0.0744969930000000
317 0.0829573930000000
318 0.0842945930000000
319 0.0707726930000000
320 0.0521598930000000
321 0.0527419930000000
322 0.0752681930000000
323 0.0826927930000000
324 0.0694450930000000
325 0.0605913930000000
326 0.0523081930000000
327 0.0510057930000000
328 0.0523354930000000
329 0.0381067930000000
330 0.0077424930000000
331 -0.0092212070000000
332 -0.0022271070000000
333 0.0102460930000000
334 0.0109523930000000
335 0.0052498930000000
336 0.0181792930000000
337 0.0349634930000000
338 0.0301647930000000
339 0.0250736930000000
340 0.0446079930000000
341 0.0660619930000000
342 0.0589347930000000
343 0.0360920930000000
344 0.0351533930000000
345 0.0464458930000000
346 0.0393199930000000
347 0.0458477930000000
348 0.0684233930000000
349 0.0691905930000000
350 0.0522433930000000
351 0.0469195930000000
352 0.0566467930000000
353 0.0666215930000000
354 0.0633671930000000
355 0.0571087930000000
356 0.0568230930000000
357 0.0482917930000000
358 0.0364417930000000
359 0.0254720930000000
360 0.0296434930000000
361 0.0422661930000000
362 0.0329116930000000
363 0.0145374930000000
364 0.0170296930000000
365 0.0189947930000000
366 0.0159732930000000
367 0.0167726930000000
368 0.0133726930000000
369 0.0204906930000000
370 0.0268417930000000
371 0.0323936930000000
372 0.0427190930000000
373 0.0393977930000000
374 0.0286745930000000
375 0.0242857930000000
376 0.0239975930000000
377 0.0331620930000000
378 0.0460743930000000
379 0.0528661930000000
380 0.0540456930000000
381 0.0394915930000000
382 0.0293435930000000
383 0.0399969930000000
384 0.0524386930000000
385 0.0412634930000000
386 0.0278484930000000
387 0.0370054930000000
388 0.0489362930000000
389 0.0388405930000000
390 0.0337931930000000
391 0.0445036930000000
392 0.0559783930000000
393 0.0532979930000000
394 0.0436191930000000
395 0.0349586930000000
396 0.0318229930000000
397 0.0296622930000000
398 0.0286412930000000
399 0.0260905930000000
400 0.0116240930000000
401 0.0055272930000000
402 0.0205475930000000
403 0.0403049930000000
404 0.0470689930000000
405 0.0510300930000000
406 0.0526440930000000
407 0.0577703930000000
408 0.0647521930000000
409 0.0554525930000000
410 0.0298293930000000
411 0.0021666930000000
412 -0.0116738070000000
413 -0.0148604070000000
414 -0.0109453070000000
415 -0.0024165070000000
416 0.0018863930000000
417 0.0007234930000000
418 0.0016589930000000
419 0.0227554930000000
420 0.0577775930000000
421 0.0735413930000000
422 0.0657449930000000
423 0.0448659930000000
424 0.0352325930000000
425 0.0464732930000000
426 0.0510927930000000
427 0.0432877930000000
428 0.0292483930000000
429 0.0206423930000000
430 0.0308877930000000
431 0.0533940930000000
432 0.0748583930000000
433 0.0832416930000000
434 0.0910509930000000
435 0.1026162930000000
436 0.0940889930000000
437 0.0817074930000000
438 0.0783992930000000
439 0.0755648930000000
440 0.0667841930000000
441 0.0517921930000000
442 0.0402518930000000
443 0.0292750930000000
444 0.0280708930000000
445 0.0318509930000000
446 0.0337558930000000
447 0.0316351930000000
448 0.0341318930000000
449 0.0452748930000000
450 0.0492249930000000
451 0.0338086930000000
452 0.0162985930000000
453 0.0130799930000000
454 0.0110055930000000
455 0.0225873930000000
456 0.0265977930000000
457 0.0116305930000000
458 -0.0085609070000000
459 -0.0174323070000000
460 -0.0195618070000000
461 -0.0205349070000000
462 -0.0201963070000000
463 -0.0123545070000000
464 0.0011983930000000
465 0.0110215930000000
466 0.0095859930000000
467 0.0054460930000000
468 0.0091677930000000
469 0.0284266930000000
470 0.0383831930000000
471 0.0395172930000000
472 0.0390172930000000
473 0.0261175930000000
474 0.0165921930000000
475 0.0216423930000000
476 0.0280644930000000
477 0.0314045930000000
478 0.0320012930000000
479 0.0276150930000000
480 0.0338167930000000
481 0.0390358930000000
482 0.0246261930000000
483 0.0167777930000000
484 0.0260574930000000
485 0.0364952930000000
486 0.0308031930000000
487 0.0217633930000000
488 0.0148619930000000
489 0.0176386930000000
490 0.0211680930000000
491 0.0227925930000000
492 0.0213608930000000
493 0.0148674930000000
494 0.0110779930000000
495 0.0151193930000000
496 0.0192726930000000
497 0.0230195930000000
498 0.0183818930000000
499 0.0121940930000000
500 -0.0012376070000000
501 -0.0053090070000000
502 0.0017888930000000
503 -0.0025755070000000
504 -0.0162259070000000
505 -0.0181567070000000
506 -0.0081535070000000
507 0.0129829930000000
508 0.0255683930000000
509 0.0127741930000000
510 -0.0041770070000000
511 -0.0093286070000000
512 -0.0044262070000000
513 0.0082088930000000
514 0.0060060930000000
515 -0.0065557070000000
516 -0.0160686070000000
517 -0.0092993070000000
518 0.0101893930000000
519 0.0256717930000000
520 0.0400178930000000
521 0.0458820930000000
522 0.0476206930000000
523 0.0391684930000000
524 0.0253858930000000
525 0.0147784930000000
526 0.0025989930000000
527 0.0010398930000000
528 -0.0004751070000000
529 -0.0005886070000000
530 0.0126500930000000
531 0.0189341930000000
532 0.0033754930000000
533 -0.0117827070000000
534 -0.0178429070000000
535 -0.0062887070000000
536 0.0125686930000000
537 0.0344118930000000
538 0.0515291930000000
539 0.0655101930000000
540 0.0669731930000000
541 0.0457352930000000
542 0.0184940930000000
543 0.0050351930000000
544 0.0053521930000000
545 0.0104146930000000
546 0.0161830930000000
547 0.0184724930000000
548 0.0226637930000000
549 0.0167370930000000
550 0.0096979930000000
551 0.0029368930000000
552 -0.0001537070000000
553 0.0055022930000000
554 0.0016350930000000
555 0.0004688930000000
556 0.0144609930000000
557 0.0239160930000000
558 0.0265732930000000
559 0.0226182930000000
560 0.0136544930000000
561 0.0091554930000000
562 0.0063717930000000
563 0.0117180930000000
564 0.0095085930000000
565 0.0006106930000000
566 -0.0069703070000000
567 -0.0151165070000000
568 -0.0178815070000000
569 -0.0162416070000000
570 -0.0229558070000000
571 -0.0294623070000000
572 -0.0260689070000000
573 -0.0191030070000000
574 -0.0067047070000000
575 0.0170167930000000
576 0.0359558930000000
577 0.0306233930000000
578 0.0127159930000000
579 0.0181150930000000
580 0.0362212930000000
581 0.0406738930000000
582 0.0345553930000000
583 0.0342440930000000
584 0.0366102930000000
585 0.0330629930000000
586 0.0255599930000000
587 0.0165392930000000
588 0.0192679930000000
589 0.0467687930000000
590 0.0888704930000000
591 0.0934042930000000
592 0.0584077930000000
593 0.0233554930000000
594 0.0052233930000000
595 0.0088309930000000
596 0.0167299930000000
597 -0.0010040070000000
598 -0.0148498070000000
599 -0.0093820070000000
600 -0.0157776070000000
1 0.0070476930000000
2 0.0042246930000000
3 0.0201495930000000
4 0.0401126930000000
5 0.0493872930000000
6 0.0485184930000000
7 0.0397701930000000
8 0.0209795930000000
9 0.0238128930000000
10 0.0542986930000000
11 0.0684522930000000
12 0.0586439930000000
13 0.0571496930000000
14 0.0534599930000000
15 0.0694489930000000
16 0.0983087930000000
17 0.0964127930000000
18 0.0673098930000000
19 0.0305313930000000
20 0.0118071930000000
21 0.0137158930000000
22 0.0186271930000000
23 0.0152757930000000
24 0.0088793930000000
25 0.0024870930000000
26 0.0162700930000000
27 0.0228489930000000
28 0.0194608930000000
29 0.0206171930000000
30 0.0187148930000000
31 0.0066751930000000
32 -0.0063884070000000
33 -0.0190335070000000
34 -0.0142276070000000
35 -0.0019043070000000
36 0.0108072930000000
37 0.0252488930000000
38 0.0400913930000000
39 0.0384408930000000
40 0.0308220930000000
41 0.0334576930000000
42 0.0273313930000000
43 0.0140403930000000
44 0.0047601930000000
45 0.0146427930000000
46 0.0223500930000000
47 0.0163306930000000
48 0.0120936930000000
49 0.0101005930000000
50 0.0007740930000000
51 0.0010145930000000
52 0.0116410930000000
53 0.0186436930000000
54 0.0142438930000000
55 0.0059108930000000
56 -0.0034411070000000
57 -0.0105557070000000
58 -0.0138172070000000
59 -0.0149668070000000
60 -0.0219336070000000
61 -0.0220208070000000
62 -0.0011369070000000
63 0.0174170930000000
64 0.0139476930000000
65 -0.0025313070000000
66 -0.0141510070000000
67 -0.0090363070000000
68 -0.0068346070000000
69 -0.0040428070000000
70 0.0138834930000000
71 0.0349399930000000
72 0.0479515930000000
73 0.0442142930000000
74 0.0269981930000000
75 0.0024877930000000
76 -0.0162854070000000
77 -0.0092363070000000
78 0.0113139930000000
79 0.0230571930000000
80 0.0159119930000000
81 0.0226806930000000
82 0.0403334930000000
83 0.0408529930000000
84 0.0348246930000000
85 0.0300777930000000
86 0.0367110930000000
87 0.0493138930000000
88 0.0495769930000000
89 0.0434949930000000
90 0.0366354930000000
91 0.0209661930000000
92 0.0083763930000000
93 -0.0031924070000000
94 -0.0121193070000000
95 -0.0200700070000000
96 -0.0126050070000000
97 -0.0022042070000000
98 0.0137240930000000
99 0.0354904930000000
100 0.0504197930000000
101 0.0524252930000000
102 0.0319376930000000
103 0.0132503930000000
104 0.0067161930000000
105 0.0061953930000000
106 0.0041232930000000
107 0.0009452930000000
108 0.0051441930000000
109 0.0071864930000000
110 0.0144059930000000
111 0.0362069930000000
112 0.0574805930000000
113 0.0619676930000000
114 0.0515749930000000
115 0.0412733930000000
116 0.0261830930000000
117 -0.0016452070000000
118 -0.0176598070000000
119 -0.0110325070000000
120 -0.0047158070000000
121 -0.0018442070000000
122 0.0104987930000000
123 0.0187936930000000
124 0.0221889930000000
125 0.0344901930000000
126 0.0560851930000000
127 0.0574376930000000
128 0.0337816930000000
129 0.0271791930000000
130 0.0296995930000000
131 0.0170270930000000
132 0.0088371930000000
133 0.0067861930000000
134 0.0135998930000000
135 0.0200543930000000
136 0.0176835930000000
137 0.0163129930000000
138 0.0095327930000000
139 0.0012435930000000
140 -0.0050020070000000
141 -0.0108719070000000
142 -0.0099885070000000
143 0.0052825930000000
144 0.0264125930000000
145 0.0348571930000000
146 0.0336525930000000
147 0.0235396930000000
148 0.0114823930000000
149 0.0048327930000000
150 0.0052800930000000
151 0.0136420930000000
152 0.0253492930000000
153 0.0311216930000000
154 0.0333607930000000
155 0.0479224930000000
156 0.0755902930000000
157 0.0952655930000000
158 0.0948377930000000
159 0.0921727930000000
160 0.0739615930000000
161 0.0466669930000000
162 0.0318434930000000
163 0.0322769930000000
164 0.0406925930000000
165 0.0393240930000000
166 0.0178249930000000
167 0.0153487930000000
168 0.0269483930000000
169 0.0231943930000000
170 0.0221673930000000
171 0.0253540930000000
172 0.0250788930000000
173 0.0209074930000000
174 0.0027446930000000
175 -0.0179053070000000
176 -0.0154147070000000
177 0.0049804930000000
178 0.0137425930000000
179 0.0186744930000000
180 0.0212174930000000
181 0.0117859930000000
182 -0.0018883070000000
183 -0.0050814070000000
184 0.0073128930000000
185 0.0180194930000000
186 0.0064444930000000
187 -0.0224896070000000
188 -0.0426008070000000
189 -0.0344659070000000
190 -0.0157682070000000
191 0.0015502930000000
192 0.0170090930000000
193 0.0258533930000000
194 0.0223112930000000
195 0.0065589930000000
196 -0.0094535070000000
197 -0.0113974070000000
198 -0.0079727070000000
199 -0.0047754070000000
200 0.0031951930000000
201 0.0153739930000000
202 0.0233436930000000
203 0.0269086930000000
204 0.0225745930000000
205 0.0101502930000000
206 -0.0041584070000000
207 -0.0117617070000000
208 -0.0065275070000000
209 -0.0003790070000000
210 0.0040785930000000
211 0.0010518930000000
212 -0.0036673070000000
213 -0.0043070070000000
214 -0.0086065070000000
215 -0.0137514070000000
216 -0.0089853070000000
217 -0.0042938070000000
218 -0.0077758070000000
219 -0.0124528070000000
220 -0.0154166070000000
221 -0.0086250070000000
222 0.0022456930000000
223 0.0159947930000000
224 0.0240950930000000
225 0.0198667930000000
226 0.0112791930000000
227 0.0093922930000000
228 0.0146223930000000
229 0.0166442930000000
230 0.0091017930000000
231 -0.0048835070000000
232 -0.0141638070000000
233 -0.0087873070000000
234 -0.0088863070000000
235 -0.0172867070000000
236 -0.0284728070000000
237 -0.0310095070000000
238 -0.0099686070000000
239 0.0030158930000000
240 -0.0054517070000000
241 -0.0174575070000000
242 -0.0178895070000000
243 -0.0070485070000000
244 0.0084067930000000
245 0.0245205930000000
246 0.0395174930000000
247 0.0415303930000000
248 0.0430508930000000
249 0.0512143930000000
250 0.0566940930000000
251 0.0561226930000000
252 0.0502497930000000
253 0.0528573930000000
254 0.0600607930000000
255 0.0681178930000000
256 0.0681181930000000
257 0.0690441930000000
258 0.0770689930000000
259 0.0791846930000000
260 0.0786992930000000
261 0.0801838930000000
262 0.0770846930000000
263 0.0626010930000000
264 0.0407146930000000
265 0.0223437930000000
266 0.0164109930000000
267 0.0289660930000000
268 0.0421099930000000
269 0.0459048930000000
270 0.0493794930000000
271 0.0492191930000000
272 0.0476552930000000
273 0.0382047930000000
274 0.0168981930000000
275 0.0039789930000000
276 0.0016026930000000
277 -0.0015878070000000
278 -0.0059580070000000
279 -0.0064069070000000
280 -0.0004171070000000
281 0.0052731930000000
282 0.0095652930000000
283 0.0180615930000000
284 0.0261673930000000
285 0.0310665930000000
286 0.0382505930000000
287 0.0382404930000000
288 0.0295692930000000
289 0.0252727930000000
290 0.0151373930000000
291 0.0035793930000000
292 0.0178728930000000
293 0.0253599930000000
294 0.0130443930000000
295 0.0102053930000000
296 0.0161581930000000
297 0.0258275930000000
298 0.0265771930000000
299 0.0309194930000000
300 0.0324837930000000
301 0.0202805930000000
302 0.0108035930000000
303 0.0115464930000000
304 0.0188551930000000
305 0.0263307930000000
306 0.0245638930000000
307 0.0286569930000000
308 0.0357936930000000
309 0.0375692930000000
310 0.0427871930000000
311 0.0390943930000000
312 0.0201870930000000
313 0.0038069930000000
314 -0.0024524070000000
315 -0.0028290070000000
316 0.0060486930000000
317 0.0157306930000000
318 0.0204088930000000
319 0.0217053930000000
320 0.0205033930000000
321 0.0251352930000000
322 0.0418013930000000
323 0.0539220930000000
324 0.0443567930000000
325 0.0407393930000000
326 0.0523228930000000
327 0.0592625930000000
328 0.0533445930000000
329 0.0468991930000000
330 0.0396749930000000
331 0.0310634930000000
332 0.0186585930000000
333 0.0091111930000000
334 0.0109631930000000
335 0.0051002930000000
336 0.0035878930000000
337 0.0064840930000000
338 0.0008950930000000
339 0.0091233930000000
340 0.0110067930000000
341 -0.0005581070000000
342 -0.0030317070000000
343 0.0029141930000000
344 0.0124603930000000
345 0.0255622930000000
346 0.0480193930000000
347 0.0663697930000000
348 0.0701395930000000
349 0.0669195930000000
350 0.0514339930000000
351 0.0328947930000000
352 0.0210565930000000
353 0.0195345930000000
354 0.0147131930000000
355 -0.0103533070000000
356 -0.0200118070000000
357 -0.0097900070000000
358 0.0036340930000000
359 0.0183585930000000
360 0.0304632930000000
361 0.0347898930000000
362 0.0238703930000000
363 0.0057772930000000
364 -0.0139785070000000
365 -0.0328305070000000
366 -0.0403721070000000
367 -0.0340881070000000
368 -0.0242091070000000
369 -0.0087265070000000
370 0.0160861930000000
371 0.0273597930000000
372 0.0327595930000000
373 0.0527453930000000
374 0.0681737930000000
375 0.0699839930000000
376 0.0626494930000000
377 0.0501082930000000
378 0.0466719930000000
379 0.0445409930000000
380 0.0258777930000000
381 0.0128214930000000
382 0.0181196930000000
383 0.0352402930000000
384 0.0688904930000000
385 0.0850440930000000
386 0.0661110930000000
387 0.0435987930000000
388 0.0234546930000000
389 0.0152777930000000
390 0.0254189930000000
391 0.0307071930000000
392 0.0257217930000000
393 0.0204534930000000
394 0.0135172930000000
395 0.0106087930000000
396 0.0092347930000000
397 0.0178496930000000
398 0.0317539930000000
399 0.0299835930000000
400 0.0295297930000000
401 0.0422636930000000
402 0.0705044930000000
403 0.0769650930000000
404 0.0557724930000000
405 0.0366335930000000
406 0.0328025930000000
407 0.0432524930000000
408 0.0585919930000000
409 0.0726130930000000
410 0.0859331930000000
411 0.0856758930000000
412 0.0696432930000000
413 0.0562480930000000
414 0.0593037930000000
415 0.0644267930000000
416 0.0566500930000000
417 0.0436089930000000
418 0.0412198930000000
419 0.0460802930000000
420 0.0519144930000000
421 0.0577794930000000
422 0.0614244930000000
423 0.0643760930000000
424 0.0723655930000000
425 0.0674174930000000
426 0.0486061930000000
427 0.0244753930000000
428 -0.0007415070000000
429 -0.0162520070000000
430 -0.0238790070000000
431 -0.0197544070000000
432 -0.0146036070000000
433 -0.0083111070000000
434 0.0015711930000000
435 0.0071436930000000
436 0.0044520930000000
437 -0.0002713070000000
438 -0.0069406070000000
439 -0.0168890070000000
440 -0.0194456070000000
441 -0.0177446070000000
442 -0.0273802070000000
443 -0.0362592070000000
444 -0.0287625070000000
445 -0.0107221070000000
446 0.0065216930000000
447 0.0223322930000000
448 0.0304438930000000
449 0.0350744930000000
450 0.0523168930000000
451 0.0697254930000000
452 0.0813091930000000
453 0.0926762930000000
454 0.1018835930000000
455 0.0917200930000000
456 0.0608448930000000
457 0.0314356930000000
458 0.0159084930000000
459 0.0163742930000000
460 0.0237553930000000
461 0.0346194930000000
462 0.0386084930000000
463 0.0282723930000000
464 0.0289190930000000
465 0.0406439930000000
466 0.0448283930000000
467 0.0436241930000000
468 0.0387978930000000
469 0.0283164930000000
470 0.0145642930000000
471 0.0030001930000000
472 0.0071666930000000
473 0.0042967930000000
474 -0.0022936070000000
475 0.0001352930000000
476 0.0054037930000000
477 0.0053033930000000
478 0.0070465930000000
479 0.0116634930000000
480 0.0232733930000000
481 0.0450199930000000
482 0.0426420930000000
483 0.0152019930000000
484 0.0064182930000000
485 0.0219562930000000
486 0.0510309930000000
487 0.0785450930000000
488 0.0818177930000000
489 0.0787535930000000
490 0.0709154930000000
491 0.0497148930000000
492 0.0279646930000000
493 0.0301759930000000
494 0.0357353930000000
495 0.0343135930000000
496 0.0425775930000000
497 0.0474705930000000
498 0.0405926930000000
499 0.0363650930000000
500 0.0358275930000000
501 0.0240722930000000
502 0.0006461930000000
503 -0.0216239070000000
504 -0.0294664070000000
505 -0.0176014070000000
506 0.0047944930000000
507 0.0099879930000000
508 0.0054653930000000
509 0.0162304930000000
510 0.0260559930000000
511 0.0111561930000000
512 -0.0028700070000000
513 0.0020325930000000
514 0.0068500930000000
515 0.0082562930000000
516 0.0079192930000000
517 0.0054357930000000
518 0.0050553930000000
519 0.0146946930000000
520 0.0419125930000000
521 0.0609249930000000
522 0.0479530930000000
523 0.0210078930000000
524 -0.0024525070000000
525 -0.0144690070000000
526 -0.0105082070000000
527 0.0147833930000000
528 0.0499415930000000
529 0.0760004930000000
530 0.0945873930000000
531 0.1116298930000000
532 0.1173310930000000
533 0.1105886930000000
534 0.1036914930000000
535 0.0936204930000000
536 0.0735538930000000
537 0.0561033930000000
538 0.0518164930000000
539 0.0324686930000000
540 0.0113506930000000
541 0.0047438930000000
542 0.0100506930000000
543 0.0201697930000000
544 0.0264990930000000
545 0.0390477930000000
546 0.0565905930000000
547 0.0475990930000000
548 0.0278038930000000
549 0.0159716930000000
550 0.0054971930000000
551 0.0030949930000000
552 0.0049979930000000
553 -0.0004956070000000
554 -0.0031081070000000
555 0.0082172930000000
556 0.0166490930000000
557 0.0214232930000000
558 0.0196501930000000
559 0.0140193930000000
560 0.0030586930000000
561 -0.0025376070000000
562 -0.0064771070000000
563 -0.0117046070000000
564 -0.0068631070000000
565 0.0179967930000000
566 0.0401698930000000
567 0.0377626930000000
568 0.0148129930000000
569 0.0133434930000000
570 0.0235703930000000
571 0.0283993930000000
572 0.0206949930000000
573 -0.0005239070000000
574 -0.0089328070000000
575 0.0074178930000000
576 0.0322107930000000
577 0.0520892930000000
578 0.0492354930000000
579 0.0324076930000000
580 0.0074955930000000
581 -0.0100207070000000
582 -0.0150361070000000
583 -0.0053818070000000
584 0.0001795930000000
585 0.0039128930000000
586 0.0059750930000000
587 0.0013744930000000
588 0.0098953930000000
589 0.0318027930000000
590 0.0393362930000000
591 0.0225295930000000
592 0.0058837930000000
593 0.0098480930000000
594 0.0119609930000000
595 0.0078975930000000
596 0.0087999930000000
597 0.0220348930000000
598 0.0234077930000000
599 0.0297860930000000
600 0.0259758930000000
1 -0.0102501070000000
2 -0.0079510070000000
3 0.0144291930000000
4 0.0496667930000000
5 0.0625393930000000
6 0.0541220930000000
7 0.0389736930000000
8 0.0254884930000000
9 0.0162982930000000
10 0.0112272930000000
11 0.0072748930000000
12 0.0117676930000000
13 0.0135975930000000
14 0.0201997930000000
15 0.0379081930000000
16 0.0666901930000000
17 0.0806780930000000
18 0.0778616930000000
19 0.0709815930000000
20 0.0815420930000000
21 0.1033922930000000
22 0.1066084930000000
23 0.0918848930000000
24 0.0759423930000000
25 0.0724092930000000
26 0.0483110930000000
27 0.0179922930000000
28 -0.0081848070000000
29 -0.0210278070000000
30 -0.0158565070000000
31 -0.0055050070000000
32 0.0132944930000000
33 0.0290974930000000
34 0.0383369930000000
35 0.0561381930000000
36 0.0858764930000000
37 0.1130905930000000
38 0.1228784930000000
39 0.1099699930000000
40 0.0806791930000000
41 0.0500033930000000
42 0.0281768930000000
43 0.0047233930000000
44 -0.0048696070000000
45 -0.0034778070000000
46 -0.0001529070000000
47 -0.0059630070000000
48 -0.0113230070000000
49 -0.0120305070000000
50 -0.0150626070000000
51 -0.0043968070000000
52 0.0175358930000000
53 0.0179931930000000
54 0.0181424930000000
55 0.0200613930000000
56 0.0136774930000000
57 0.0046402930000000
58 -0.0114709070000000
59 -0.0280825070000000
60 -0.0282455070000000
61 -0.0155120070000000
62 -0.0085032070000000
63 -0.0027250070000000
64 0.0016516930000000
65 -0.0025249070000000
66 0.0007540930000000
67 0.0060893930000000
68 0.0096618930000000
69 0.0158079930000000
70 0.0287713930000000
71 0.0406741930000000
72 0.0422996930000000
73 0.0505674930000000
74 0.0556618930000000
75 0.0442838930000000
76 0.0323824930000000
77 0.0311174930000000
78 0.0252528930000000
79 0.0191280930000000
80 0.0130779930000000
81 0.0021448930000000
82 -0.0008096070000000
83 0.0150862930000000
84 0.0374480930000000
85 0.0524754930000000
86 0.0665910930000000
87 0.0760514930000000
88 0.0914080930000000
89 0.0901940930000000
90 0.0716081930000000
91 0.0589221930000000
92 0.0643221930000000
93 0.0575017930000000
94 0.0346253930000000
95 0.0131135930000000
96 -0.0003918070000000
97 0.0062213930000000
98 0.0270519930000000
99 0.0345259930000000
100 0.0205670930000000
101 0.0114416930000000
102 0.0055694930000000
103 -0.0038950070000000
104 -0.0023090070000000
105 0.0010541930000000
106 -0.0033305070000000
107 -0.0065001070000000
108 -0.0050769070000000
109 0.0083570930000000
110 0.0181403930000000
111 0.0107098930000000
112 -0.0035452070000000
113 -0.0006075070000000
114 0.0157110930000000
115 0.0360584930000000
116 0.0490039930000000
117 0.0499763930000000
118 0.0337149930000000
119 0.0164192930000000
120 0.0067041930000000
121 -0.0011199070000000
122 0.0025725930000000
123 0.0203060930000000
124 0.0306335930000000
125 0.0224274930000000
126 0.0123587930000000
127 0.0177385930000000
128 0.0399069930000000
129 0.0483487930000000
130 0.0378299930000000
131 0.0412379930000000
132 0.0361954930000000
133 0.0214041930000000
134 0.0093269930000000
135 -0.0000968070000000
136 0.0003607930000000
137 0.0126227930000000
138 0.0189308930000000
139 0.0166161930000000
140 0.0165237930000000
141 0.0223416930000000
142 0.0279087930000000
143 0.0381324930000000
144 0.0504074930000000
145 0.0467231930000000
146 0.0343861930000000
147 0.0207861930000000
148 0.0252441930000000
149 0.0366916930000000
150 0.0186082930000000
151 -0.0096484070000000
152 -0.0089484070000000
153 0.0010618930000000
154 0.0044541930000000
155 0.0083581930000000
156 0.0068868930000000
157 0.0070102930000000
158 0.0181416930000000
159 0.0303918930000000
160 0.0380849930000000
161 0.0385097930000000
162 0.0454614930000000
163 0.0587300930000000
164 0.0487534930000000
165 0.0201455930000000
166 -0.0016024070000000
167 -0.0159953070000000
168 -0.0265827070000000
169 -0.0284439070000000
170 -0.0197115070000000
171 -0.0005919070000000
172 0.0206157930000000
173 0.0429909930000000
174 0.0624029930000000
175 0.0710422930000000
176 0.0809319930000000
177 0.0897263930000000
178 0.0886575930000000
179 0.0803559930000000
180 0.0752892930000000
181 0.0633169930000000
182 0.0435093930000000
183 0.0472565930000000
184 0.0675518930000000
185 0.0611969930000000
186 0.0280940930000000
187 0.0031582930000000
188 -0.0042147070000000
189 -0.0083253070000000
190 -0.0104726070000000
191 -0.0100303070000000
192 -0.0112394070000000
193 -0.0123941070000000
194 0.0034027930000000
195 0.0176484930000000
196 0.0207077930000000
197 0.0169996930000000
198 0.0114442930000000
199 0.0041773930000000
200 0.0037963930000000
201 0.0075278930000000
202 0.0068246930000000
203 -0.0067095070000000
204 -0.0221200070000000
205 -0.0273319070000000
206 -0.0186573070000000
207 -0.0025007070000000
208 0.0044758930000000
209 0.0079572930000000
210 0.0101807930000000
211 0.0133726930000000
212 0.0179097930000000
213 0.0303646930000000
214 0.0360611930000000
215 0.0130296930000000
216 -0.0157859070000000
217 -0.0278775070000000
218 -0.0248530070000000
219 -0.0239962070000000
220 -0.0161327070000000
221 -0.0119855070000000
222 -0.0220819070000000
223 -0.0193617070000000
224 -0.0013924070000000
225 0.0042859930000000
226 -0.0005567070000000
227 0.0016529930000000
228 0.0121976930000000
229 0.0210981930000000
230 0.0178173930000000
231 0.0055367930000000
232 0.0041284930000000
233 0.0062078930000000
234 0.0219226930000000
235 0.0485472930000000
236 0.0577086930000000
237 0.0485977930000000
238 0.0424937930000000
239 0.0345147930000000
240 0.0234052930000000
241 0.0075719930000000
242 -0.0016905070000000
243 -0.0000191070000000
244 0.0064013930000000
245 0.0070306930000000
246 0.0097743930000000
247 0.0132792930000000
248 0.0174944930000000
249 0.0129002930000000
250 0.0033477930000000
251 -0.0060804070000000
252 -0.0143144070000000
253 -0.0142052070000000
254 -0.0129156070000000
255 -0.0122724070000000
256 0.0050598930000000
257 0.0288951930000000
258 0.0299381930000000
259 0.0225938930000000
260 0.0157908930000000
261 0.0189056930000000
262 0.0358843930000000
263 0.0612847930000000
264 0.0746060930000000
265 0.0718327930000000
266 0.0493212930000000
267 0.0130569930000000
268 -0.0085856070000000
269 -0.0168553070000000
270 -0.0296282070000000
271 -0.0229899070000000
272 0.0050380930000000
273 0.0295438930000000
274 0.0418087930000000
275 0.0388979930000000
276 0.0511300930000000
277 0.0748697930000000
278 0.0881871930000000
279 0.0787891930000000
280 0.0638110930000000
281 0.0564322930000000
282 0.0632080930000000
283 0.0618982930000000
284 0.0499942930000000
285 0.0483879930000000
286 0.0528389930000000
287 0.0373595930000000
288 0.0143192930000000
289 0.0066436930000000
290 0.0192177930000000
291 0.0297378930000000
292 0.0324745930000000
293 0.0501137930000000
294 0.0531488930000000
295 0.0329256930000000
296 0.0213688930000000
297 0.0175020930000000
298 0.0185937930000000
299 0.0161167930000000
300 0.0133844930000000
301 0.0117554930000000
302 0.0154926930000000
303 0.0181251930000000
304 0.0177638930000000
305 0.0063838930000000
306 -0.0074883070000000
307 -0.0143027070000000
308 -0.0245259070000000
309 -0.0398731070000000
310 -0.0433287070000000
311 -0.0377622070000000
312 -0.0326340070000000
313 -0.0286397070000000
314 -0.0247471070000000
315 -0.0148454070000000
316 -0.0059008070000000
317 -0.0013330070000000
318 0.0089773930000000
319 0.0182758930000000
320 0.0256041930000000
321 0.0454560930000000
322 0.0681661930000000
323 0.0673334930000000
324 0.0352386930000000
325 0.0178385930000000
326 0.0327229930000000
327 0.0342221930000000
328 0.0059508930000000
329 -0.0173176070000000
330 -0.0229528070000000
331 -0.0089691070000000
332 0.0148455930000000
333 0.0210391930000000
334 0.0129257930000000
335 0.0157757930000000
336 0.0305145930000000
337 0.0385349930000000
338 0.0426448930000000
339 0.0471132930000000
340 0.0458218930000000
341 0.0389297930000000
342 0.0330453930000000
343 0.0512423930000000
344 0.0778290930000000
345 0.0734829930000000
346 0.0523317930000000
347 0.0407154930000000
348 0.0423857930000000
349 0.0418279930000000
350 0.0343975930000000
351 0.0318886930000000
352 0.0372803930000000
353 0.0372514930000000
354 0.0237768930000000
355 0.0047461930000000
356 -0.0078168070000000
357 -0.0162096070000000
358 -0.0098488070000000
359 0.0093040930000000
360 0.0235681930000000
361 0.0330820930000000
362 0.0329899930000000
363 0.0329212930000000
364 0.0320136930000000
365 0.0295625930000000
366 0.0238959930000000
367 0.0179230930000000
368 0.0206914930000000
369 0.0211767930000000
370 0.0067783930000000
371 0.0066665930000000
372 0.0150123930000000
373 0.0271381930000000
374 0.0362553930000000
375 0.0474841930000000
376 0.0536716930000000
377 0.0399504930000000
378 0.0490530930000000
379 0.0669698930000000
380 0.0642068930000000
381 0.0649103930000000
382 0.0803053930000000
383 0.0999957930000000
384 0.1018056930000000
385 0.0819972930000000
386 0.0649143930000000
387 0.0568996930000000
388 0.0384004930000000
389 0.0240414930000000
390 0.0207926930000000
391 0.0209780930000000
392 0.0083691930000000
393 -0.0136625070000000
394 -0.0282355070000000
395 -0.0263312070000000
396 -0.0100113070000000
397 0.0062082930000000
398 0.0069589930000000
399 0.0060067930000000
400 0.0115876930000000
401 0.0028203930000000
402 -0.0199781070000000
403 -0.0325688070000000
404 -0.0199212070000000
405 0.0011006930000000
406 0.0199790930000000
407 0.0244597930000000
408 0.0039492930000000
409 -0.0127051070000000
410 -0.0136120070000000
411 -0.0105070070000000
412 -0.0077525070000000
413 -0.0116188070000000
414 -0.0135345070000000
415 0.0011172930000000
416 0.0137166930000000
417 0.0226335930000000
418 0.0382433930000000
419 0.0382403930000000
420 0.0292959930000000
421 0.0151584930000000
422 0.0010226930000000
423 0.0023407930000000
424 0.0151134930000000
425 0.0265997930000000
426 0.0299156930000000
427 0.0464802930000000
428 0.0524342930000000
429 0.0404798930000000
430 0.0466225930000000
431 0.0600800930000000
432 0.0641358930000000
433 0.0540718930000000
434 0.0495975930000000
435 0.0484865930000000
436 0.0422315930000000
437 0.0232460930000000
438 0.0017944930000000
439 0.0011043930000000
440 -0.0049573070000000
441 -0.0183329070000000
442 -0.0295625070000000
443 -0.0306240070000000
444 -0.0217943070000000
445 -0.0257799070000000
446 -0.0319748070000000
447 -0.0253286070000000
448 -0.0105304070000000
449 0.0049516930000000
450 0.0118165930000000
451 0.0200366930000000
452 0.0194791930000000
453 0.0133973930000000
454 0.0157270930000000
455 0.0232358930000000
456 0.0399689930000000
457 0.0642730930000000
458 0.0809276930000000
459 0.0886015930000000
460 0.0886929930000000
461 0.0774397930000000
462 0.0567250930000000
463 0.0317773930000000
464 0.0128121930000000
465 0.0123707930000000
466 0.0189005930000000
467 0.0123367930000000
468 0.0120974930000000
469 0.0241637930000000
470 0.0338252930000000
471 0.0311945930000000
472 0.0286555930000000
473 0.0283075930000000
474 0.0333186930000000
475 0.0415684930000000
476 0.0587275930000000
477 0.0712357930000000
478 0.0666703930000000
479 0.0521578930000000
480 0.0438196930000000
481 0.0411656930000000
482 0.0386337930000000
483 0.0448449930000000
484 0.0596970930000000
485 0.0529753930000000
486 0.0332448930000000
487 0.0163572930000000
488 0.0112351930000000
489 0.0124414930000000
490 0.0082012930000000
491 0.0065546930000000
492 0.0161066930000000
493 0.0201009930000000
494 0.0222863930000000
495 0.0332601930000000
496 0.0486438930000000
497 0.0573007930000000
498 0.0529592930000000
499 0.0490804930000000
500 0.0430929930000000
501 0.0322692930000000
502 0.0176456930000000
503 0.0181065930000000
504 0.0136659930000000
505 -0.0103237070000000
506 -0.0221652070000000
507 -0.0111790070000000
508 0.0094352930000000
509 0.0292441930000000
510 0.0477393930000000
511 0.0504287930000000
512 0.0427007930000000
513 0.0338153930000000
514 0.0249260930000000
515 0.0205397930000000
516 0.0214474930000000
517 0.0355127930000000
518 0.0582065930000000
519 0.0767629930000000
520 0.0768285930000000
521 0.0605201930000000
522 0.0426903930000000
523 0.0433195930000000
524 0.0497769930000000
525 0.0471693930000000
526 0.0483161930000000
527 0.0535179930000000
528 0.0427660930000000
529 0.0292450930000000
530 0.0288894930000000
531 0.0379369930000000
532 0.0487532930000000
533 0.0439972930000000
534 0.0555021930000000
535 0.0711078930000000
536 0.0652360930000000
537 0.0459267930000000
538 0.0241552930000000
539 0.0050538930000000
540 -0.0057297070000000
541 0.0079844930000000
542 0.0209342930000000
543 0.0174893930000000
544 0.0103980930000000
545 0.0008012930000000
546 -0.0044728070000000
547 0.0013686930000000
548 0.0135936930000000
549 0.0227718930000000
550 0.0239807930000000
551 0.0143373930000000
552 0.0095112930000000
553 0.0228070930000000
554 0.0343785930000000
555 0.0307702930000000
556 0.0247906930000000
557 0.0239274930000000
558 0.0265101930000000
559 0.0158357930000000
560 -0.0113802070000000
561 -0.0286375070000000
562 -0.0285776070000000
563 -0.0193552070000000
564 -0.0071396070000000
565 0.0010483930000000
566 -0.0000082070000000
567 -0.0009580070000000
568 0.0045700930000000
569 0.0113020930000000
570 0.0105944930000000
571 0.0092997930000000
572 0.0088116930000000
573 0.0151653930000000
574 0.0164879930000000
575 -0.0046057070000000
576 -0.0079083070000000
577 0.0112773930000000
578 0.0250863930000000
579 0.0357866930000000
580 0.0439867930000000
581 0.0382190930000000
582 0.0242665930000000
583 0.0517342930000000
584 0.0866340930000000
585 0.0937612930000000
586 0.0895586930000000
587 0.0911462930000000
588 0.1033801930000000
589 0.1108611930000000
590 0.0994395930000000
591 0.0680500930000000
592 0.0460164930000000
593 0.0394796930000000
594 0.0327205930000000
595 0.0276574930000000
596 0.0155693930000000
597 0.0222474930000000
598 0.0331576930000000
599 0.0288552930000000
600 0.0248008930000000
1 0.0516537930000000
2 0.0468543930000000
3 0.0519099930000000
4 0.0514484930000000
5 0.0369567930000000
6 0.0157542930000000
7 0.0034426930000000
8 -0.0034984070000000
9 0.0091057930000000
10 0.0314379930000000
11 0.0307086930000000
12 0.0099403930000000
13 0.0109002930000000
14 0.0288185930000000
15 0.0351701930000000
16 0.0348816930000000
17 0.0148009930000000
18 -0.0137041070000000
19 -0.0226146070000000
20 -0.0097740070000000
21 0.0018329930000000
22 0.0191044930000000
23 0.0359661930000000
24 0.0236723930000000
25 0.0018974930000000
26 0.0029261930000000
27 0.0116290930000000
28 0.0096670930000000
29 -0.0080165070000000
30 -0.0315574070000000
31 -0.0311969070000000
32 -0.0109180070000000
33 -0.0002854070000000
34 -0.0039255070000000
35 -0.0245930070000000
36 -0.0330396070000000
37 -0.0232519070000000
38 -0.0073542070000000
39 0.0136462930000000
40 0.0353217930000000
41 0.0505795930000000
42 0.0674155930000000
43 0.0819901930000000
44 0.0843318930000000
45 0.0588642930000000
46 0.0278949930000000
47 0.0102852930000000
48 -0.0014502070000000
49 0.0045444930000000
50 0.0077193930000000
51 -0.0187079070000000
52 -0.0405885070000000
53 -0.0372773070000000
54 -0.0216674070000000
55 -0.0137761070000000
56 0.0009216930000000
57 0.0159301930000000
58 0.0350576930000000
59 0.0504430930000000
60 0.0421371930000000
61 0.0224397930000000
62 0.0082827930000000
63 0.0055810930000000
64 0.0123246930000000
65 0.0187054930000000
66 0.0224486930000000
67 0.0279760930000000
68 0.0305264930000000
69 0.0307533930000000
70 0.0391981930000000
71 0.0393479930000000
72 0.0284381930000000
73 0.0307138930000000
74 0.0449496930000000
75 0.0646035930000000
76 0.0778138930000000
77 0.0676786930000000
78 0.0554869930000000
79 0.0552353930000000
80 0.0575746930000000
81 0.0604017930000000
82 0.0767322930000000
83 0.0871896930000000
84 0.0819436930000000
85 0.0800526930000000
86 0.0787911930000000
87 0.0682466930000000
88 0.0437368930000000
89 0.0151898930000000
90 -0.0065227070000000
91 -0.0033051070000000
92 0.0128968930000000
93 0.0248357930000000
94 0.0196489930000000
95 0.0054027930000000
96 0.0014742930000000
97 0.0110380930000000
98 0.0115384930000000
99 0.0118836930000000
100 0.0217157930000000
101 0.0254245930000000
102 0.0212509930000000
103 0.0216316930000000
104 0.0363117930000000
105 0.0426050930000000
106 0.0286227930000000
107 0.0040204930000000
108 -0.0116777070000000
109 -0.0105607070000000
110 -0.0050328070000000
111 0.0042376930000000
112 0.0249614930000000
113 0.0429370930000000
114 0.0461959930000000
115 0.0418499930000000
116 0.0369533930000000
117 0.0399944930000000
118 0.0466238930000000
119 0.0455945930000000
120 0.0362297930000000
121 0.0100225930000000
122 -0.0067815070000000
123 -0.0053328070000000
124 -0.0050665070000000
125 -0.0066299070000000
126 -0.0005357070000000
127 0.0027419930000000
128 -0.0025919070000000
129 -0.0085838070000000
130 -0.0189282070000000
131 -0.0204041070000000
132 -0.0167234070000000
133 -0.0114195070000000
134 -0.0005588070000000
135 0.0116170930000000
136 0.0224489930000000
137 0.0181125930000000
138 0.0178116930000000
139 0.0336264930000000
140 0.0455936930000000
141 0.0500206930000000
142 0.0360366930000000
143 0.0322287930000000
144 0.0460650930000000
145 0.0363622930000000
146 0.0142516930000000
147 0.0182699930000000
148 0.0391306930000000
149 0.0648607930000000
150 0.0919870930000000
151 0.1145923930000000
152 0.1136154930000000
153 0.0948601930000000
154 0.0685729930000000
155 0.0588360930000000
156 0.0701692930000000
157 0.0759033930000000
158 0.0641436930000000
159 0.0305380930000000
160 0.0071436930000000
161 0.0023971930000000
162 0.0110202930000000
163 0.0244006930000000
164 0.0275276930000000
165 0.0211172930000000
166 0.0173742930000000
167 0.0235399930000000
168 0.0356753930000000
169 0.0465197930000000
170 0.0583724930000000
171 0.0555328930000000
172 0.0380946930000000
173 0.0123549930000000
174 -0.0163894070000000
175 -0.0435192070000000
176 -0.0497034070000000
177 -0.0331539070000000
178 -0.0224224070000000
179 -0.0137513070000000
180 -0.0059833070000000
181 -0.0088016070000000
182 -0.0047767070000000
183 0.0114866930000000
184 0.0261823930000000
185 0.0321259930000000
186 0.0333288930000000
187 0.0331285930000000
188 0.0384232930000000
189 0.0265648930000000
190 0.0006268930000000
191 -0.0187870070000000
192 -0.0116230070000000
193 0.0006491930000000
194 -0.0043763070000000
195 -0.0011415070000000
196 0.0145134930000000
197 0.0220518930000000
198 0.0183446930000000
199 0.0057719930000000
200 -0.0044501070000000
201 -0.0110906070000000
202 -0.0205904070000000
203 -0.0287497070000000
204 -0.0305045070000000
205 -0.0290663070000000
206 -0.0275027070000000
207 -0.0236915070000000
208 -0.0177035070000000
209 -0.0250358070000000
210 -0.0377313070000000
211 -0.0382184070000000
212 -0.0336690070000000
213 -0.0206393070000000
214 -0.0111762070000000
215 -0.0060254070000000
216 0.0180566930000000
217 0.0481240930000000
218 0.0501314930000000
219 0.0281503930000000
220 0.0221146930000000
221 0.0445058930000000
222 0.0642394930000000
223 0.0610381930000000
224 0.0363731930000000
225 0.0126545930000000
226 0.0025435930000000
227 0.0035370930000000
228 0.0138297930000000
229 0.0269314930000000
230 0.0238181930000000
231 0.0119799930000000
232 -0.0004337070000000
233 -0.0213159070000000
234 -0.0390669070000000
235 -0.0435977070000000
236 -0.0360658070000000
237 -0.0218195070000000
238 -0.0100687070000000
239 -0.0009786070000000
240 0.0089721930000000
241 0.0271810930000000
242 0.0386861930000000
243 0.0358031930000000
244 0.0288506930000000
245 0.0345692930000000
246 0.0453253930000000
247 0.0492402930000000
248 0.0458857930000000
249 0.0280827930000000
250 0.0096071930000000
251 -0.0051904070000000
252 -0.0089894070000000
253 0.0035466930000000
254 0.0094441930000000
255 0.0017895930000000
256 0.0073011930000000
257 0.0133426930000000
258 0.0194613930000000
259 0.0318058930000000
260 0.0418248930000000
261 0.0373751930000000
262 0.0273825930000000
263 0.0242560930000000
264 0.0253506930000000
265 0.0293050930000000
266 0.0503227930000000
267 0.0586933930000000
268 0.0398560930000000
269 0.0212533930000000
270 0.0262671930000000
271 0.0370991930000000
272 0.0385493930000000
273 0.0358879930000000
274 0.0354246930000000
275 0.0327385930000000
276 0.0342799930000000
277 0.0274403930000000
278 0.0180911930000000
279 0.0236211930000000
280 0.0239045930000000
281 0.0011493930000000
282 -0.0190646070000000
283 -0.0225866070000000
284 -0.0092855070000000
285 0.0191129930000000
286 0.0359925930000000
287 0.0322978930000000
288 0.0334420930000000
289 0.0399433930000000
290 0.0477033930000000
291 0.0590560930000000
292 0.0547180930000000
293 0.0440719930000000
294 0.0413974930000000
295 0.0335472930000000
296 0.0159117930000000
297 0.0033349930000000
298 -0.0079367070000000
299 -0.0133635070000000
300 -0.0091306070000000
301 0.0040949930000000
302 0.0083144930000000
303 -0.0082756070000000
304 -0.0152086070000000
305 -0.0127175070000000
306 -0.0129030070000000
307 -0.0056640070000000
308 0.0034033930000000
309 0.0164956930000000
310 0.0294618930000000
311 0.0188092930000000
312 -0.0102062070000000
313 -0.0253250070000000
314 -0.0263334070000000
315 -0.0268320070000000
316 -0.0232935070000000
317 -0.0212911070000000
318 -0.0212759070000000
319 -0.0097748070000000
320 0.0050752930000000
321 0.0224404930000000
322 0.0482022930000000
323 0.0573335930000000
324 0.0534394930000000
325 0.0668850930000000
326 0.0879557930000000
327 0.0874816930000000
328 0.0878960930000000
329 0.0969262930000000
330 0.0856838930000000
331 0.0587056930000000
332 0.0458167930000000
333 0.0398477930000000
334 0.0139327930000000
335 -0.0098621070000000
336 -0.0078411070000000
337 -0.0055343070000000
338 -0.0104923070000000
339 -0.0089364070000000
340 -0.0083852070000000
341 -0.0175574070000000
342 -0.0237483070000000
343 -0.0070232070000000
344 0.0217791930000000
345 0.0327107930000000
346 0.0333756930000000
347 0.0370680930000000
348 0.0388971930000000
349 0.0351141930000000
350 0.0341294930000000
351 0.0367896930000000
352 0.0386068930000000
353 0.0377751930000000
354 0.0398385930000000
355 0.0402377930000000
356 0.0331216930000000
357 0.0230534930000000
358 0.0244337930000000
359 0.0256728930000000
360 0.0088348930000000
361 -0.0080221070000000
362 -0.0127159070000000
363 -0.0034924070000000
364 0.0139321930000000
365 0.0252085930000000
366 0.0331696930000000
367 0.0452458930000000
368 0.0532727930000000
369 0.0496067930000000
370 0.0396042930000000
371 0.0454902930000000
372 0.0669748930000000
373 0.0702933930000000
374 0.0681529930000000
375 0.0722730930000000
376 0.0727855930000000
377 0.0552820930000000
378 0.0274738930000000
379 0.0081103930000000
380 0.0123143930000000
381 0.0222352930000000
382 0.0118496930000000
383 -0.0006955070000000
384 0.0154529930000000
385 0.0350242930000000
386 0.0474089930000000
387 0.0493600930000000
388 0.0443966930000000
389 0.0295009930000000
390 0.0157100930000000
391 0.0067244930000000
392 0.0097410930000000
393 0.0168060930000000
394 0.0383673930000000
395 0.0527578930000000
396 0.0479455930000000
397 0.0436441930000000
398 0.0329662930000000
399 0.0176755930000000
400 0.0072876930000000
401 -0.0004569070000000
402 -0.0132133070000000
403 -0.0176703070000000
404 -0.0097408070000000
405 -0.0101757070000000
406 -0.0062852070000000
407 0.0033963930000000
408 0.0067681930000000
409 0.0040983930000000
410 -0.0167246070000000
411 -0.0203889070000000
412 -0.0068397070000000
413 0.0046570930000000
414 0.0071591930000000
415 0.0097378930000000
416 0.0191355930000000
417 0.0336568930000000
418 0.0395086930000000
419 0.0383941930000000
420 0.0332465930000000
421 0.0260963930000000
422 0.0229264930000000
423 0.0314541930000000
424 0.0427082930000000
425 0.0476931930000000
426 0.0458310930000000
427 0.0536566930000000
428 0.0593521930000000
429 0.0590346930000000
430 0.0542306930000000
431 0.0403508930000000
432 0.0178734930000000
433 0.0083577930000000
434 0.0273308930000000
435 0.0530780930000000
436 0.0679834930000000
437 0.0484970930000000
438 0.0248343930000000
439 0.0211636930000000
440 0.0325941930000000
441 0.0484030930000000
442 0.0480408930000000
443 0.0391285930000000
444 0.0402205930000000
445 0.0446111930000000
446 0.0423752930000000
447 0.0354974930000000
448 0.0414727930000000
449 0.0534374930000000
450 0.0494149930000000
451 0.0336552930000000
452 0.0367974930000000
453 0.0545477930000000
454 0.0582042930000000
455 0.0499996930000000
456 0.0339270930000000
457 0.0305849930000000
458 0.0399155930000000
459 0.0372124930000000
460 0.0198876930000000
461 -0.0008891070000000
462 -0.0167237070000000
463 -0.0275262070000000
464 -0.0348457070000000
465 -0.0321200070000000
466 -0.0231364070000000
467 -0.0082259070000000
468 -0.0022934070000000
469 -0.0033537070000000
470 -0.0023959070000000
471 0.0024189930000000
472 0.0093980930000000
473 0.0155852930000000
474 0.0178905930000000
475 0.0204007930000000
476 0.0218880930000000
477 0.0285845930000000
478 0.0295193930000000
479 0.0244274930000000
480 0.0117156930000000
481 0.0088063930000000
482 0.0233368930000000
483 0.0323880930000000
484 0.0351577930000000
485 0.0399059930000000
486 0.0421347930000000
487 0.0340547930000000
488 0.0175518930000000
489 0.0134359930000000
490 0.0214005930000000
491 0.0220005930000000
492 0.0141955930000000
493 0.0193343930000000
494 0.0391385930000000
495 0.0364445930000000
496 0.0187982930000000
497 0.0062802930000000
498 0.0135037930000000
499 0.0326783930000000
500 0.0433427930000000
501 0.0558812930000000
502 0.0556757930000000
503 0.0407275930000000
504 0.0311949930000000
505 0.0257762930000000
506 0.0219027930000000
507 0.0165713930000000
508 0.0095365930000000
509 0.0115227930000000
510 0.0121049930000000
511 0.0083956930000000
512 0.0149110930000000
513 0.0258098930000000
514 0.0314590930000000
515 0.0350131930000000
516 0.0365464930000000
517 0.0291907930000000
518 0.0134130930000000
519 0.0062760930000000
520 0.0194123930000000
521 0.0235572930000000
522 0.0136400930000000
523 0.0055860930000000
524 0.0047300930000000
525 0.0118722930000000
526 0.0185966930000000
527 0.0347002930000000
528 0.0585978930000000
529 0.0697277930000000
530 0.0628911930000000
531 0.0465736930000000
532 0.0323728930000000
533 0.0296405930000000
534 0.0375125930000000
535 0.0468030930000000
536 0.0500796930000000
537 0.0557461930000000
538 0.0608005930000000
539 0.0590699930000000
540 0.0543158930000000
541 0.0519686930000000
542 0.0330546930000000
543 0.0134001930000000
544 0.0052346930000000
545 -0.0052613070000000
546 -0.0009942070000000
547 0.0228326930000000
548 0.0351174930000000
549 0.0304937930000000
550 0.0220611930000000
551 0.0126950930000000
552 0.0058969930000000
553 0.0053873930000000
554 0.0068287930000000
555 -0.0045128070000000
556 -0.0123823070000000
557 -0.0142748070000000
558 -0.0140193070000000
559 -0.0061882070000000
560 0.0030870930000000
561 0.0045024930000000
562 -0.0020921070000000
563 -0.0079827070000000
564 -0.0198986070000000
565 -0.0319776070000000
566 -0.0376530070000000
567 -0.0309837070000000
568 -0.0146688070000000
569 -0.0093984070000000
570 -0.0077022070000000
571 -0.0114766070000000
572 -0.0118918070000000
573 -0.0092976070000000
574 -0.0059948070000000
575 -0.0032013070000000
576 -0.0024447070000000
577 0.0002595930000000
578 0.0001487930000000
579 0.0020142930000000
580 0.0070575930000000
581 0.0063132930000000
582 0.0052528930000000
583 -0.0052985070000000
584 -0.0185369070000000
585 -0.0156582070000000
586 -0.0075794070000000
587 -0.0161321070000000
588 -0.0269683070000000
589 -0.0251076070000000
590 -0.0204745070000000
591 -0.0154293070000000
592 -0.0062717070000000
593 0.0111472930000000
594 0.0201869930000000
595 0.0168604930000000
596 0.0059745930000000
597 -0.0017633070000000
598 0.0035976930000000
599 0.0123895930000000
600 0.0142910930000000
1 0.0127391930000000
2 0.0108694930000000
3 0.0190959930000000
4 0.0171889930000000
5 0.0072589930000000
6 -0.0076394070000000
7 -0.0056338070000000
8 0.0031019930000000
9 0.0008413930000000
10 0.0022184930000000
11 0.0197350930000000
12 0.0371713930000000
13 0.0402455930000000
14 0.0408625930000000
15 0.0273146930000000
16 0.0137213930000000
17 -0.0070641070000000
18 -0.0287848070000000
19 -0.0187111070000000
20 -0.0001560070000000
21 0.0130343930000000
22 0.0219979930000000
23 0.0254858930000000
24 0.0242471930000000
25 0.0144370930000000
26 -0.0021163070000000
27 -0.0103974070000000
28 -0.0066883070000000
29 0.0002494930000000
30 0.0053358930000000
31 0.0133090930000000
32 0.0168534930000000
33 0.0126837930000000
34 0.0023590930000000
35 0.0034623930000000
36 0.0209836930000000
37 0.0435953930000000
38 0.0544677930000000
39 0.0430602930000000
40 0.0281882930000000
41 0.0135840930000000
42 0.0068715930000000
43 0.0107623930000000
44 0.0116705930000000
45 0.0133003930000000
46 0.0104675930000000
47 0.0063662930000000
48 0.0145257930000000
49 0.0093539930000000
50 -0.0105203070000000
51 -0.0155492070000000
52 -0.0031127070000000
53 0.0109199930000000
54 0.0167374930000000
55 0.0229786930000000
56 0.0278674930000000
57 0.0219158930000000
58 0.0068429930000000
59 -0.0045023070000000
60 -0.0100187070000000
61 -0.0038683070000000
62 0.0048332930000000
63 0.0043157930000000
64 0.0098379930000000
65 0.0277540930000000
66 0.0308184930000000
67 0.0196744930000000
68 0.0096040930000000
69 0.0106782930000000
70 0.0224103930000000
71 0.0275168930000000
72 0.0208398930000000
73 0.0089073930000000
74 0.0065450930000000
75 0.0127404930000000
76 0.0204191930000000
77 0.0379194930000000
78 0.0544970930000000
79 0.0633638930000000
80 0.0597322930000000
81 0.0351862930000000
82 0.0102284930000000
83 0.0033783930000000
84 0.0180856930000000
85 0.0331423930000000
86 0.0256066930000000
87 0.0056110930000000
88 0.0040087930000000
89 0.0182445930000000
90 0.0275321930000000
91 0.0236806930000000
92 0.0124461930000000
93 0.0087693930000000
94 0.0004437930000000
95 -0.0128046070000000
96 -0.0115570070000000
97 -0.0002334070000000
98 0.0109509930000000
99 0.0158226930000000
100 0.0130408930000000
101 0.0089341930000000
102 0.0332092930000000
103 0.0758934930000000
104 0.0943663930000000
105 0.0741443930000000
106 0.0553322930000000
107 0.0566779930000000
108 0.0635784930000000
109 0.0662332930000000
110 0.0505764930000000
111 0.0277207930000000
112 0.0257640930000000
113 0.0471858930000000
114 0.0693229930000000
115 0.0620357930000000
116 0.0384898930000000
117 0.0240905930000000
118 0.0198484930000000
119 0.0181319930000000
120 0.0204411930000000
121 0.0294831930000000
122 0.0447364930000000
123 0.0492343930000000
124 0.0497503930000000
125 0.0552998930000000
126 0.0516825930000000
127 0.0471448930000000
128 0.0574354930000000
129 0.0611347930000000
130 0.0502806930000000
131 0.0408692930000000
132 0.0429476930000000
133 0.0619830930000000
134 0.0558653930000000
135 0.0256596930000000
136 0.0015754930000000
137 -0.0029597070000000
138 0.0122460930000000
139 0.0197482930000000
140 0.0217865930000000
141 0.0223598930000000
142 0.0170244930000000
143 0.0107625930000000
144 0.0116361930000000
145 0.0162921930000000
146 0.0254499930000000
147 0.0319173930000000
148 0.0356515930000000
149 0.0388275930000000
150 0.0423043930000000
151 0.0437929930000000
152 0.0464086930000000
153 0.0460617930000000
154 0.0399993930000000
155 0.0374121930000000
156 0.0335186930000000
157 0.0243279930000000
158 0.0137344930000000
159 0.0114858930000000
160 0.0218031930000000
161 0.0472937930000000
162 0.0624160930000000
163 0.0544442930000000
164 0.0333411930000000
165 0.0087112930000000
166 -0.0023162070000000
167 0.0054043930000000
168 0.0232416930000000
169 0.0416307930000000
170 0.0421781930000000
171 0.0238748930000000
172 0.0087434930000000
173 0.0057468930000000
174 0.0174656930000000
175 0.0345559930000000
176 0.0350085930000000
177 0.0241817930000000
178 0.0055849930000000
179 -0.0005932070000000
180 0.0055408930000000
181 0.0096248930000000
182 0.0175200930000000
183 0.0156428930000000
184 0.0106442930000000
185 0.0219266930000000
186 0.0347569930000000
187 0.0388338930000000
188 0.0456744930000000
189 0.0506448930000000
190 0.0530994930000000
191 0.0548310930000000
192 0.0585762930000000
193 0.0585538930000000
194 0.0539883930000000
195 0.0441646930000000
196 0.0328210930000000
197 0.0390416930000000
198 0.0383089930000000
199 0.0195355930000000
200 0.0027935930000000
201 -0.0056400070000000
202 0.0048246930000000
203 0.0034443930000000
204 0.0092962930000000
205 0.0180256930000000
206 0.0218359930000000
207 0.0275853930000000
208 0.0317705930000000
209 0.0361800930000000
210 0.0403326930000000
211 0.0317566930000000
212 0.0145792930000000
213 0.0106385930000000
214 0.0194425930000000
215 0.0270505930000000
216 0.0238590930000000
217 0.0347229930000000
218 0.0507248930000000
219 0.0485225930000000
220 0.0353952930000000
221 0.0210635930000000
222 0.0093289930000000
223 0.0025923930000000
224 -0.0020049070000000
225 -0.0123056070000000
226 -0.0182471070000000
227 -0.0141556070000000
228 -0.0024804070000000
229 -0.0000717070000000
230 0.0094422930000000
231 0.0240295930000000
232 0.0269452930000000
233 0.0138459930000000
234 0.0011349930000000
235 0.0132183930000000
236 0.0418455930000000
237 0.0542567930000000
238 0.0363395930000000
239 0.0213608930000000
240 0.0203005930000000
241 0.0251439930000000
242 0.0189650930000000
243 0.0059470930000000
244 -0.0097279070000000
245 -0.0144389070000000
246 -0.0013012070000000
247 0.0086420930000000
248 0.0058457930000000
249 0.0064209930000000
250 0.0043184930000000
251 0.0024595930000000
252 0.0061166930000000
253 0.0038175930000000
254 -0.0020921070000000
255 -0.0027570070000000
256 0.0001052930000000
257 0.0000731930000000
258 -0.0042022070000000
259 -0.0210016070000000
260 -0.0407213070000000
261 -0.0465787070000000
262 -0.0381650070000000
263 -0.0186514070000000
264 0.0026995930000000
265 0.0173504930000000
266 0.0244821930000000
267 0.0267050930000000
268 0.0202665930000000
269 0.0114075930000000
270 0.0076054930000000
271 -0.0024392070000000
272 -0.0144122070000000
273 -0.0059232070000000
274 0.0033734930000000
275 0.0029340930000000
276 0.0153382930000000
277 0.0246395930000000
278 0.0231757930000000
279 0.0238274930000000
280 0.0113715930000000
281 0.0085417930000000
282 0.0196856930000000
283 0.0284780930000000
284 0.0210074930000000
285 0.0147443930000000
286 0.0233825930000000
287 0.0278390930000000
288 0.0284918930000000
289 0.0355411930000000
290 0.0402563930000000
291 0.0371642930000000
292 0.0284479930000000
293 0.0288860930000000
294 0.0397879930000000
295 0.0374881930000000
296 0.0269216930000000
297 0.0301028930000000
298 0.0304555930000000
299 0.0093736930000000
300 -0.0124892070000000
301 -0.0181507070000000
302 -0.0039047070000000
303 0.0240503930000000
304 0.0446439930000000
305 0.0462960930000000
306 0.0375613930000000
307 0.0350734930000000
308 0.0398739930000000
309 0.0487396930000000
310 0.0456388930000000
311 0.0183579930000000
312 -0.0148364070000000
313 -0.0315065070000000
314 -0.0204731070000000
315 0.0058711930000000
316 0.0236791930000000
317 0.0313896930000000
318 0.0388994930000000
319 0.0472038930000000
320 0.0465605930000000
321 0.0335933930000000
322 0.0210815930000000
323 0.0231799930000000
324 0.0273179930000000
325 0.0279322930000000
326 0.0282571930000000
327 0.0358404930000000
328 0.0496956930000000
329 0.0681317930000000
330 0.0717181930000000
331 0.0772277930000000
332 0.1028825930000000
333 0.1084003930000000
334 0.0852742930000000
335 0.0706535930000000
336 0.0575469930000000
337 0.0436541930000000
338 0.0396115930000000
339 0.0387254930000000
340 0.0420096930000000
341 0.0618109930000000
342 0.0724037930000000
343 0.0743713930000000
344 0.0675108930000000
345 0.0405993930000000
346 0.0167587930000000
347 0.0049060930000000
348 -0.0036862070000000
349 0.0043444930000000
350 0.0144300930000000
351 0.0276535930000000
352 0.0450642930000000
353 0.0515697930000000
354 0.0425849930000000
355 0.0302282930000000
356 0.0383486930000000
357 0.0525453930000000
358 0.0564842930000000
359 0.0539610930000000
360 0.0405278930000000
361 0.0254569930000000
362 0.0282347930000000
363 0.0370696930000000
364 0.0303040930000000
365 0.0242415930000000
366 0.0297235930000000
367 0.0250659930000000
368 0.0158224930000000
369 0.0153690930000000
370 0.0208168930000000
371 0.0242719930000000
372 0.0291568930000000
373 0.0395709930000000
374 0.0427232930000000
375 0.0370242930000000
376 0.0408869930000000
377 0.0459594930000000
378 0.0542076930000000
379 0.0629355930000000
380 0.0450345930000000
381 0.0237760930000000
382 0.0191260930000000
383 0.0333770930000000
384 0.0462608930000000
385 0.0427829930000000
386 0.0350282930000000
387 0.0370261930000000
388 0.0323634930000000
389 0.0176875930000000
390 0.0192031930000000
391 0.0313923930000000
392 0.0365041930000000
393 0.0362156930000000
394 0.0446708930000000
395 0.0637453930000000
396 0.0714410930000000
397 0.0450706930000000
398 0.0175078930000000
399 0.0060330930000000
400 0.0019367930000000
401 -0.0006927070000000
402 0.0071926930000000
403 0.0028339930000000
404 -0.0154105070000000
405 -0.0257674070000000
406 -0.0219869070000000
407 -0.0140046070000000
408 -0.0156407070000000
409 -0.0358140070000000
410 -0.0354731070000000
411 -0.0214451070000000
412 -0.0170652070000000
413 -0.0169571070000000
414 -0.0083419070000000
415 0.0139761930000000
416 0.0413016930000000
417 0.0501756930000000
418 0.0278569930000000
419 0.0188624930000000
420 0.0374674930000000
421 0.0621317930000000
422 0.0671974930000000
423 0.0588132930000000
424 0.0664684930000000
425 0.0903241930000000
426 0.1033549930000000
427 0.0835171930000000
428 0.0500217930000000
429 0.0385910930000000
430 0.0396225930000000
431 0.0349200930000000
432 0.0299953930000000
433 0.0263794930000000
434 0.0136230930000000
435 -0.0027525070000000
436 -0.0137874070000000
437 -0.0121403070000000
438 -0.0113446070000000
439 -0.0177555070000000
440 -0.0310820070000000
441 -0.0357424070000000
442 -0.0279278070000000
443 -0.0302229070000000
444 -0.0296141070000000
445 -0.0203672070000000
446 -0.0070333070000000
447 0.0016062930000000
448 0.0033660930000000
449 0.0105385930000000
450 0.0250941930000000
451 0.0347138930000000
452 0.0421341930000000
453 0.0523770930000000
454 0.0604984930000000
455 0.0619993930000000
456 0.0654437930000000
457 0.0731867930000000
458 0.0768760930000000
459 0.0795667930000000
460 0.0704812930000000
461 0.0430982930000000
462 0.0357394930000000
463 0.0367023930000000
464 0.0417943930000000
465 0.0382600930000000
466 0.0295059930000000
467 0.0259159930000000
468 0.0217986930000000
469 0.0296765930000000
470 0.0510261930000000
471 0.0640392930000000
472 0.0577643930000000
473 0.0562869930000000
474 0.0668502930000000
475 0.0801581930000000
476 0.0733930930000000
477 0.0392360930000000
478 0.0192944930000000
479 0.0197627930000000
480 0.0156210930000000
481 0.0175906930000000
482 0.0273945930000000
483 0.0370787930000000
484 0.0268586930000000
485 0.0124149930000000
486 0.0109834930000000
487 0.0100689930000000
488 0.0109677930000000
489 0.0056788930000000
490 -0.0197647070000000
491 -0.0313264070000000
492 -0.0193994070000000
493 -0.0044411070000000
494 0.0001344930000000
495 0.0019964930000000
496 0.0066749930000000
497 -0.0025888070000000
498 -0.0159600070000000
499 -0.0177809070000000
500 -0.0052111070000000
501 0.0001410930000000
502 -0.0086173070000000
503 -0.0123660070000000
504 -0.0206326070000000
505 -0.0312620070000000
506 -0.0331425070000000
507 -0.0324504070000000
508 -0.0377374070000000
509 -0.0380174070000000
510 -0.0182258070000000
511 0.0010970930000000
512 -0.0006695070000000
513 -0.0117108070000000
514 -0.0142995070000000
515 -0.0042271070000000
516 0.0066083930000000
517 0.0227409930000000
518 0.0398238930000000
519 0.0451007930000000
520 0.0420189930000000
521 0.0363121930000000
522 0.0249852930000000
523 0.0097258930000000
524 0.0044365930000000
525 0.0033597930000000
526 0.0209085930000000
527 0.0349141930000000
528 0.0179218930000000
529 0.0119441930000000
530 0.0425410930000000
531 0.0596346930000000
532 0.0427234930000000
533 0.0232947930000000
534 0.0187305930000000
535 0.0252811930000000
536 0.0353570930000000
537 0.0275530930000000
538 0.0138985930000000
539 0.0049350930000000
540 -0.0082972070000000
541 -0.0151079070000000
542 -0.0062355070000000
543 0.0071089930000000
544 0.0179233930000000
545 0.0225680930000000
546 0.0179342930000000
547 0.0081466930000000
548 -0.0108605070000000
549 -0.0256522070000000
550 -0.0270160070000000
551 -0.0070211070000000
552 0.0242322930000000
553 0.0543338930000000
554 0.0630386930000000
555 0.0587875930000000
556 0.0489560930000000
557 0.0454350930000000
558 0.0466127930000000
559 0.0508862930000000
560 0.0618651930000000
561 0.0527670930000000
562 0.0216980930000000
563 -0.0089665070000000
564 -0.0241890070000000
565 -0.0239126070000000
566 -0.0200512070000000
567 -0.0166798070000000
568 -0.0170894070000000
569 -0.0229602070000000
570 -0.0371737070000000
571 -0.0303500070000000
572 -0.0038070070000000
573 0.0171432930000000
574 0.0211085930000000
575 0.0098044930000000
576 0.0011686930000000
577 -0.0019352070000000
578 -0.0013573070000000
579 0.0019701930000000
580 0.0061520930000000
581 0.0102736930000000
582 0.0143525930000000
583 0.0216005930000000
584 0.0278145930000000
585 0.0360525930000000
586 0.0360610930000000
587 0.0365082930000000
588 0.0498748930000000
589 0.0494913930000000
590 0.0351666930000000
591 0.0546588930000000
592 0.0748766930000000
593 0.0707876930000000
594 0.0580871930000000
595 0.0359259930000000
596 0.0193303930000000
597 0.0180338930000000
598 0.0150172930000000
599 0.0104433930000000
600 0.0235662930000000
1 0.0300459930000000
2 0.0345568930000000
3 0.0148085930000000
4 0.0000719930000000
5 -0.0009569070000000
6 0.0061464930000000
7 0.0168094930000000
8 0.0229679930000000
9 0.0231345930000000
10 0.0265153930000000
11 0.0311530930000000
12 0.0398152930000000
13 0.0437130930000000
14 0.0374979930000000
15 0.0328753930000000
16 0.0275191930000000
17 0.0260903930000000
18 0.0199555930000000
19 0.0006638930000000
20 -0.0093007070000000
21 0.0009373930000000
22 0.0161796930000000
23 0.0354997930000000
24 0.0557581930000000
25 0.0627678930000000
26 0.0575779930000000
27 0.0524132930000000
28 0.0565252930000000
29 0.0584815930000000
30 0.0540437930000000
31 0.0695936930000000
32 0.0977652930000000
33 0.1025833930000000
34 0.0701077930000000
35 0.0366103930000000
36 0.0219295930000000
37 0.0232044930000000
38 0.0365633930000000
39 0.0382992930000000
40 0.0374016930000000
41 0.0314277930000000
42 0.0127156930000000
43 -0.0035966070000000
44 0.0031658930000000
45 0.0207230930000000
46 0.0191389930000000
47 0.0020579930000000
48 -0.0027060070000000
49 0.0011425930000000
50 0.0011558930000000
51 -0.0054447070000000
52 -0.0046486070000000
53 -0.0018728070000000
54 -0.0023014070000000
55 -0.0023213070000000
56 0.0038461930000000
57 0.0090594930000000
58 0.0217275930000000
59 0.0443439930000000
60 0.0540917930000000
61 0.0436273930000000
62 0.0307659930000000
63 0.0183529930000000
64 0.0055338930000000
65 0.0171358930000000
66 0.0362665930000000
67 0.0358357930000000
68 0.0271537930000000
69 0.0271728930000000
70 0.0317379930000000
71 0.0162955930000000
72 -0.0165993070000000
73 -0.0284873070000000
74 -0.0134867070000000
75 -0.0016469070000000
76 0.0005360930000000
77 0.0019687930000000
78 -0.0021198070000000
79 0.0018494930000000
80 0.0105206930000000
81 0.0119727930000000
82 0.0076957930000000
83 -0.0007590070000000
84 0.0061535930000000
85 0.0234543930000000
86 0.0311348930000000
87 0.0352015930000000
88 0.0454024930000000
89 0.0551024930000000
90 0.0551957930000000
91 0.0495518930000000
92 0.0470320930000000
93 0.0324379930000000
94 0.0134160930000000
95 0.0036898930000000
96 0.0131895930000000
97 0.0318181930000000
98 0.0382023930000000
99 0.0366768930000000
100 0.0296587930000000
101 0.0231248930000000
102 0.0171590930000000
103 0.0032232930000000
104 -0.0147138070000000
105 -0.0342970070000000
106 -0.0333789070000000
107 0.0036489930000000
108 0.0315541930000000
109 0.0322710930000000
110 0.0354021930000000
111 0.0366483930000000
112 0.0395299930000000
113 0.0589753930000000
114 0.0733996930000000
115 0.0713161930000000
116 0.0631062930000000
117 0.0482900930000000
118 0.0277743930000000
119 0.0237710930000000
120 0.0204062930000000
121 0.0188504930000000
122 0.0306670930000000
123 0.0279866930000000
124 0.0114625930000000
125 0.0098492930000000
126 0.0170107930000000
127 0.0086462930000000
128 0.0025047930000000
129 0.0152546930000000
130 0.0332608930000000
131 0.0383537930000000
132 0.0375694930000000
133 0.0471939930000000
134 0.0605832930000000
135 0.0697682930000000
136 0.0821065930000000
137 0.0923329930000000
138 0.0854102930000000
139 0.0643821930000000
140 0.0471447930000000
141 0.0381049930000000
142 0.0401672930000000
143 0.0398073930000000
144 0.0423546930000000
145 0.0472005930000000
146 0.0283631930000000
147 0.0002058930000000
148 -0.0083491070000000
149 -0.0024099070000000
150 0.0118970930000000
151 0.0371023930000000
152 0.0516845930000000
153 0.0326257930000000
154 0.0139460930000000
155 0.0062691930000000
156 -0.0120537070000000
157 -0.0271237070000000
158 -0.0149288070000000
159 0.0002965930000000
160 -0.0097123070000000
161 -0.0140387070000000
162 -0.0033707070000000
163 0.0127197930000000
164 0.0330586930000000
165 0.0428690930000000
166 0.0423816930000000
167 0.0520488930000000
168 0.0805855930000000
169 0.0982221930000000
170 0.0842251930000000
171 0.0684937930000000
172 0.0607928930000000
173 0.0701716930000000
174 0.0874929930000000
175 0.0902687930000000
176 0.0966247930000000
177 0.1083492930000000
178 0.1064467930000000
179 0.0974554930000000
180 0.0845633930000000
181 0.0646636930000000
182 0.0550478930000000
183 0.0481062930000000
184 0.0140529930000000
185 -0.0040301070000000
186 0.0087352930000000
187 0.0192671930000000
188 0.0219926930000000
189 0.0246964930000000
190 0.0268499930000000
191 0.0256992930000000
192 0.0316356930000000
193 0.0400796930000000
194 0.0352753930000000
195 0.0211920930000000
196 0.0006383930000000
197 -0.0108313070000000
198 -0.0020321070000000
199 0.0048241930000000
200 0.0078582930000000
201 0.0139516930000000
202 0.0087847930000000
203 -0.0012831070000000
204 -0.0006730070000000
205 0.0128342930000000
206 0.0289305930000000
207 0.0408070930000000
208 0.0462061930000000
209 0.0515003930000000
210 0.0604053930000000
211 0.0708337930000000
212 0.0737890930000000
213 0.0613387930000000
214 0.0424645930000000
215 0.0202074930000000
216 0.0166747930000000
217 0.0203482930000000
218 0.0169321930000000
219 0.0230502930000000
220 0.0338701930000000
221 0.0374832930000000
222 0.0396211930000000
223 0.0352854930000000
224 0.0236326930000000
225 0.0104703930000000
226 0.0020225930000000
227 -0.0017615070000000
228 0.0021023930000000
229 0.0139131930000000
230 0.0169875930000000
231 0.0160015930000000
232 0.0084563930000000
233 -0.0060131070000000
234 -0.0165477070000000
235 -0.0114260070000000
236 -0.0030265070000000
237 -0.0050896070000000
238 -0.0116698070000000
239 -0.0014040070000000
240 0.0223910930000000
241 0.0423907930000000
242 0.0502192930000000
243 0.0413255930000000
244 0.0179550930000000
245 0.0048155930000000
246 0.0033994930000000
247 0.0059610930000000
248 0.0191210930000000
249 0.0219575930000000
250 0.0206885930000000
251 0.0261402930000000
252 0.0225010930000000
253 0.0174601930000000
254 0.0156197930000000
255 0.0150340930000000
256 0.0160398930000000
257 0.0152857930000000
258 0.0339322930000000
259 0.0534051930000000
260 0.0620686930000000
261 0.0560832930000000
262 0.0384302930000000
263 0.0171218930000000
264 -0.0036484070000000
265 -0.0085720070000000
266 -0.0050687070000000
267 0.0008807930000000
268 0.0032635930000000
269 -0.0006262070000000
270 -0.0053677070000000
271 -0.0066526070000000
272 -0.0058620070000000
273 -0.0091553070000000
274 -0.0211178070000000
275 -0.0277401070000000
276 -0.0316614070000000
277 -0.0349502070000000
278 -0.0250251070000000
279 -0.0128618070000000
280 0.0055963930000000
281 0.0190350930000000
282 0.0166530930000000
283 0.0218837930000000
284 0.0210446930000000
285 0.0153693930000000
286 0.0147988930000000
287 0.0336235930000000
288 0.0614254930000000
289 0.0701171930000000
290 0.0597001930000000
291 0.0425244930000000
292 0.0194275930000000
293 0.0051719930000000
294 0.0069665930000000
295 0.0041630930000000
296 0.0063138930000000
297 0.0232766930000000
298 0.0336413930000000
299 0.0236514930000000
300 0.0101128930000000
301 0.0095803930000000
302 0.0084397930000000
303 0.0070067930000000
304 0.0146977930000000
305 0.0282686930000000
306 0.0349843930000000
307 0.0346068930000000
308 0.0316649930000000
309 0.0322354930000000
310 0.0368170930000000
311 0.0395867930000000
312 0.0384972930000000
313 0.0279948930000000
314 0.0210558930000000
315 0.0236232930000000
316 0.0175043930000000
317 0.0150894930000000
318 0.0129547930000000
319 0.0086551930000000
320 0.0119558930000000
321 0.0125690930000000
322 0.0323282930000000
323 0.0575967930000000
324 0.0757097930000000
325 0.0807183930000000
326 0.0585122930000000
327 0.0447255930000000
328 0.0395835930000000
329 0.0374598930000000
330 0.0352024930000000
331 0.0373068930000000
332 0.0313027930000000
333 0.0284414930000000
334 0.0221232930000000
335 0.0176716930000000
336 0.0233360930000000
337 0.0396662930000000
338 0.0518763930000000
339 0.0512709930000000
340 0.0384567930000000
341 0.0232077930000000
342 0.0182068930000000
343 0.0246046930000000
344 0.0139842930000000
345 -0.0086237070000000
346 -0.0267895070000000
347 -0.0335700070000000
348 -0.0261051070000000
349 -0.0157906070000000
350 -0.0128018070000000
351 -0.0210779070000000
352 -0.0288490070000000
353 -0.0347007070000000
354 -0.0400069070000000
355 -0.0408682070000000
356 -0.0352423070000000
357 -0.0268079070000000
358 -0.0139033070000000
359 -0.0007423070000000
360 0.0012404930000000
361 -0.0006744070000000
362 0.0100185930000000
363 0.0182618930000000
364 0.0099427930000000
365 -0.0006853070000000
366 -0.0112463070000000
367 -0.0161777070000000
368 -0.0193380070000000
369 -0.0296176070000000
370 -0.0331478070000000
371 -0.0298168070000000
372 -0.0192960070000000
373 -0.0033310070000000
374 -0.0037194070000000
375 -0.0142202070000000
376 -0.0188810070000000
377 -0.0048716070000000
378 0.0192487930000000
379 0.0364542930000000
380 0.0343766930000000
381 0.0237016930000000
382 0.0115146930000000
383 -0.0006444070000000
384 -0.0028124070000000
385 0.0209478930000000
386 0.0530793930000000
387 0.0764758930000000
388 0.1015754930000000
389 0.1090759930000000
390 0.0839557930000000
391 0.0488081930000000
392 0.0361331930000000
393 0.0251408930000000
394 0.0206878930000000
395 0.0191277930000000
396 0.0101706930000000
397 -0.0046166070000000
398 -0.0228007070000000
399 -0.0274685070000000
400 -0.0116255070000000
401 0.0055736930000000
402 0.0123468930000000
403 0.0063742930000000
404 -0.0030788070000000
405 -0.0026824070000000
406 0.0113741930000000
407 0.0264235930000000
408 0.0285238930000000
409 0.0333775930000000
410 0.0396228930000000
411 0.0301705930000000
412 0.0180961930000000
413 0.0089616930000000
414 0.0045990930000000
415 0.0099274930000000
416 0.0249367930000000
417 0.0422147930000000
418 0.0394207930000000
419 0.0300272930000000
420 0.0263950930000000
421 0.0338400930000000
422 0.0411357930000000
423 0.0413401930000000
424 0.0332934930000000
425 0.0296180930000000
426 0.0318971930000000
427 0.0257840930000000
428 0.0100102930000000
429 0.0111170930000000
430 0.0228890930000000
431 0.0359823930000000
432 0.0301656930000000
433 0.0147946930000000
434 0.0026903930000000
435 -0.0057285070000000
436 0.0028398930000000
437 0.0222166930000000
438 0.0419585930000000
439 0.0611387930000000
440 0.0648066930000000
441 0.0520001930000000
442 0.0340848930000000
443 0.0096911930000000
444 -0.0004209070000000
445 0.0188824930000000
446 0.0317172930000000
447 0.0150296930000000
448 -0.0024401070000000
449 -0.0125202070000000
450 -0.0145323070000000
451 -0.0088441070000000
452 0.0050698930000000
453 0.0204899930000000
454 0.0309273930000000
455 0.0416370930000000
456 0.0482936930000000
457 0.0372439930000000
458 0.0122537930000000
459 0.0006688930000000
460 0.0146865930000000
461 0.0383706930000000
462 0.0395356930000000
463 0.0019332930000000
464 -0.0217372070000000
465 -0.0207555070000000
466 -0.0175616070000000
467 -0.0067237070000000
468 0.0096736930000000
469 0.0217270930000000
470 0.0157677930000000
471 0.0079945930000000
472 0.0115051930000000
473 0.0173482930000000
474 0.0266120930000000
475 0.0260207930000000
476 0.0127920930000000
477 0.0058871930000000
478 0.0057323930000000
479 0.0117081930000000
480 0.0296656930000000
481 0.0402600930000000
482 0.0383840930000000
483 0.0372054930000000
484 0.0428829930000000
485 0.0611509930000000
486 0.0689296930000000
487 0.0518225930000000
488 0.0455876930000000
489 0.0465639930000000
490 0.0422293930000000
491 0.0320079930000000
492 0.0267311930000000
493 0.0492803930000000
494 0.0698823930000000
495 0.0786961930000000
496 0.0971353930000000
497 0.0983434930000000
498 0.0916924930000000
499 0.0791936930000000
500 0.0551690930000000
501 0.0360991930000000
502 0.0185843930000000
503 0.0077853930000000
504 0.0223755930000000
505 0.0294422930000000
506 0.0279468930000000
507 0.0347304930000000
508 0.0412404930000000
509 0.0375272930000000
510 0.0400235930000000
511 0.0517632930000000
512 0.0573393930000000
513 0.0512721930000000
514 0.0498363930000000
515 0.0469005930000000
516 0.0480099930000000
517 0.0489881930000000
518 0.0315710930000000
519 0.0239747930000000
520 0.0286094930000000
521 0.0213189930000000
522 -0.0020272070000000
523 -0.0099475070000000
524 -0.0078249070000000
525 0.0030345930000000
526 0.0190809930000000
527 0.0451291930000000
528 0.0676054930000000
529 0.0850885930000000
530 0.1032777930000000
531 0.1082756930000000
532 0.0993358930000000
533 0.1105712930000000
534 0.1137349930000000
535 0.0906029930000000
536 0.0637631930000000
537 0.0659698930000000
538 0.0765612930000000
539 0.0691172930000000
540 0.0492045930000000
541 0.0356757930000000
542 0.0389789930000000
543 0.0347301930000000
544 0.0127981930000000
545 -0.0109483070000000
546 -0.0199253070000000
547 -0.0126133070000000
548 -0.0064061070000000
549 -0.0040330070000000
550 0.0081399930000000
551 0.0204556930000000
552 0.0190703930000000
553 0.0149100930000000
554 0.0090068930000000
555 -0.0016252070000000
556 -0.0149231070000000
557 -0.0245269070000000
558 -0.0314855070000000
559 -0.0227697070000000
560 -0.0028180070000000
561 0.0052093930000000
562 0.0122958930000000
563 0.0008560930000000
564 -0.0223040070000000
565 -0.0295826070000000
566 -0.0178612070000000
567 -0.0019267070000000
568 0.0061088930000000
569 -0.0013151070000000
570 -0.0219135070000000
571 -0.0344281070000000
572 -0.0315129070000000
573 -0.0218491070000000
574 -0.0042533070000000
575 0.0147035930000000
576 0.0335576930000000
577 0.0390774930000000
578 0.0166385930000000
579 -0.0007318070000000
580 0.0068960930000000
581 0.0375021930000000
582 0.0711780930000000
583 0.0638989930000000
584 0.0292418930000000
585 0.0159778930000000
586 0.0198327930000000
587 0.0341034930000000
588 0.0442798930000000
589 0.0436143930000000
590 0.0368248930000000
591 0.0326900930000000
592 0.0332812930000000
593 0.0329017930000000
594 0.0293842930000000
595 0.0345810930000000
596 0.0417696930000000
597 0.0417506930000000
598 0.0481496930000000
599 0.0457543930000000
600 0.0333484930000000
1 0.0407849930000000
2 0.0398892930000000
3 0.0288491930000000
4 0.0244331930000000
5 0.0295693930000000
6 0.0241942930000000
7 0.0206239930000000
8 0.0198922930000000
9 0.0180253930000000
10 0.0175270930000000
11 0.0129938930000000
12 0.0094198930000000
13 0.0084170930000000
14 0.0020647930000000
15 0.0049798930000000
16 0.0184436930000000
17 0.0213892930000000
18 0.0174363930000000
19 0.0212202930000000
20 0.0291416930000000
21 0.0316560930000000
22 0.0246187930000000
23 0.0173173930000000
24 0.0175913930000000
25 0.0158203930000000
26 0.0019628930000000
27 -0.0098609070000000
28 -0.0134284070000000
29 -0.0093047070000000
30 -0.0012158070000000
31 0.0052659930000000
32 0.0061387930000000
33 -0.0065643070000000
34 -0.0183408070000000
35 -0.0222943070000000
36 -0.0061606070000000
37 0.0144952930000000
38 0.0207189930000000
39 0.0277832930000000
40 0.0249843930000000
41 0.0101413930000000
42 0.0052958930000000
43 0.0077734930000000
44 0.0066147930000000
45 0.0174028930000000
46 0.0395051930000000
47 0.0551081930000000
48 0.0582057930000000
49 0.0394536930000000
50 0.0148533930000000
51 -0.0016173070000000
52 -0.0117824070000000
53 -0.0114054070000000
54 -0.0043775070000000
55 0.0177247930000000
56 0.0376633930000000
57 0.0374556930000000
58 0.0328426930000000
59 0.0302274930000000
60 0.0218290930000000
61 0.0128184930000000
62 0.0122852930000000
63 0.0204725930000000
64 0.0235397930000000
65 0.0199385930000000
66 0.0185584930000000
67 0.0224295930000000
68 0.0242769930000000
69 0.0263635930000000
70 0.0258330930000000
71 0.0230832930000000
72 0.0250754930000000
73 0.0193833930000000
74 -0.0049364070000000
75 -0.0257259070000000
76 -0.0208509070000000
77 0.0006397930000000
78 0.0295704930000000
79 0.0412060930000000
80 0.0312579930000000
81 0.0203119930000000
82 0.0146949930000000
83 0.0161665930000000
84 0.0210468930000000
85 0.0177423930000000
86 0.0002570930000000
87 -0.0237423070000000
88 -0.0365696070000000
89 -0.0286648070000000
90 -0.0223583070000000
91 -0.0252806070000000
92 -0.0234911070000000
93 -0.0150662070000000
94 -0.0079282070000000
95 -0.0022783070000000
96 -0.0077926070000000
97 -0.0135183070000000
98 -0.0082321070000000
99 -0.0069210070000000
100 -0.0077728070000000
101 -0.0080537070000000
102 -0.0131339070000000
103 -0.0075100070000000
104 -0.0039656070000000
105 0.0032438930000000
106 0.0197754930000000
107 0.0308273930000000
108 0.0149841930000000
109 -0.0006073070000000
110 0.0192642930000000
111 0.0477096930000000
112 0.0605184930000000
113 0.0542801930000000
114 0.0361478930000000
115 0.0168611930000000
116 -0.0079580070000000
117 -0.0218245070000000
118 -0.0128139070000000
119 0.0051429930000000
120 0.0208858930000000
121 0.0298586930000000
122 0.0275794930000000
123 0.0166721930000000
124 0.0049341930000000
125 -0.0080840070000000
126 -0.0121853070000000
127 -0.0014789070000000
128 0.0240371930000000
129 0.0383543930000000
130 0.0350140930000000
131 0.0330552930000000
132 0.0376102930000000
133 0.0284810930000000
134 0.0235971930000000
135 0.0199659930000000
136 0.0252268930000000
137 0.0278123930000000
138 0.0231992930000000
139 0.0377294930000000
140 0.0649321930000000
141 0.0799019930000000
142 0.0853225930000000
143 0.0702270930000000
144 0.0553043930000000
145 0.0642401930000000
146 0.0824750930000000
147 0.0905488930000000
148 0.0909416930000000
149 0.0938245930000000
150 0.0853970930000000
151 0.0568005930000000
152 0.0248251930000000
153 -0.0020411070000000
154 -0.0007427070000000
155 0.0111759930000000
156 0.0167700930000000
157 0.0187867930000000
158 0.0167805930000000
159 0.0131417930000000
160 0.0094405930000000
161 0.0114013930000000
162 0.0132987930000000
163 0.0027489930000000
164 -0.0047590070000000
165 0.0021073930000000
166 0.0197580930000000
167 0.0257161930000000
168 0.0091172930000000
169 -0.0000050070000000
170 0.0033396930000000
171 0.0020771930000000
172 -0.0068701070000000
173 -0.0030350070000000
174 0.0041559930000000
175 0.0093348930000000
176 0.0049371930000000
177 -0.0014084070000000
178 -0.0043768070000000
179 -0.0024071070000000
180 0.0013469930000000
181 0.0004776930000000
182 0.0100639930000000
183 0.0235755930000000
184 0.0339443930000000
185 0.0349417930000000
186 0.0322219930000000
187 0.0395857930000000
188 0.0552736930000000
189 0.0724503930000000
190 0.0822227930000000
191 0.0839140930000000
192 0.0828036930000000
193 0.0834307930000000
194 0.0915202930000000
195 0.0816952930000000
196 0.0518201930000000
197 0.0341343930000000
198 0.0330719930000000
199 0.0283098930000000
200 0.0122939930000000
201 -0.0068476070000000
202 -0.0225995070000000
203 -0.0191362070000000
204 0.0000282930000000
205 0.0209699930000000
206 0.0336179930000000
207 0.0241122930000000
208 0.0185207930000000
209 0.0235326930000000
210 0.0248394930000000
211 0.0165373930000000
212 0.0100344930000000
213 0.0117004930000000
214 0.0174935930000000
215 0.0164607930000000
216 0.0087789930000000
217 0.0020725930000000
218 0.0050636930000000
219 0.0001016930000000
220 -0.0150788070000000
221 -0.0234472070000000
222 -0.0263435070000000
223 -0.0241530070000000
224 -0.0210119070000000
225 -0.0155984070000000
226 -0.0078079070000000
227 0.0057597930000000
228 0.0161848930000000
229 0.0205880930000000
230 0.0238852930000000
231 0.0168775930000000
232 -0.0032061070000000
233 -0.0120977070000000
234 -0.0044119070000000
235 0.0100271930000000
236 0.0156433930000000
237 0.0103382930000000
238 0.0023293930000000
239 0.0143559930000000
240 0.0337880930000000
241 0.0547362930000000
242 0.0750874930000000
243 0.0830938930000000
244 0.0844163930000000
245 0.0787115930000000
246 0.0623017930000000
247 0.0528118930000000
248 0.0508794930000000
249 0.0495172930000000
250 0.0464246930000000
251 0.0445867930000000
252 0.0324180930000000
253 0.0095350930000000
254 -0.0004413070000000
255 0.0104870930000000
256 0.0205904930000000
257 0.0326878930000000
258 0.0436935930000000
259 0.0414249930000000
260 0.0469906930000000
261 0.0657508930000000
262 0.0555620930000000
263 0.0269010930000000
264 -0.0011372070000000
265 -0.0218419070000000
266 -0.0262382070000000
267 -0.0205384070000000
268 -0.0191994070000000
269 -0.0144471070000000
270 -0.0058125070000000
271 0.0018670930000000
272 0.0048965930000000
273 0.0027340930000000
274 0.0054995930000000
275 0.0091931930000000
276 0.0101228930000000
277 0.0149152930000000
278 0.0216628930000000
279 0.0279769930000000
280 0.0224141930000000
281 0.0212617930000000
282 0.0224324930000000
283 0.0208498930000000
284 0.0190450930000000
285 0.0103968930000000
286 0.0101950930000000
287 0.0269479930000000
288 0.0490705930000000
289 0.0573211930000000
290 0.0612610930000000
291 0.0783489930000000
292 0.0831181930000000
293 0.0831821930000000
294 0.0909660930000000
295 0.0801342930000000
296 0.0599223930000000
297 0.0549677930000000
298 0.0591082930000000
299 0.0613240930000000
300 0.0547094930000000
301 0.0397622930000000
302 0.0252753930000000
303 0.0129480930000000
304 0.0155244930000000
305 0.0318084930000000
306 0.0292941930000000
307 -0.0016314070000000
308 -0.0172534070000000
309 -0.0033829070000000
310 0.0168906930000000
311 0.0195949930000000
312 0.0125105930000000
313 0.0336604930000000
314 0.0521216930000000
315 0.0485796930000000
316 0.0441804930000000
317 0.0417474930000000
318 0.0351073930000000
319 0.0224019930000000
320 0.0183899930000000
321 0.0246951930000000
322 0.0339488930000000
323 0.0278956930000000
324 0.0039634930000000
325 -0.0097160070000000
326 -0.0098924070000000
327 -0.0075485070000000
328 -0.0070063070000000
329 -0.0077120070000000
330 -0.0149821070000000
331 -0.0184500070000000
332 -0.0031574070000000
333 0.0178133930000000
334 0.0271130930000000
335 0.0258912930000000
336 0.0245803930000000
337 0.0158669930000000
338 0.0051164930000000
339 -0.0017293070000000
340 -0.0019807070000000
341 0.0048096930000000
342 0.0153789930000000
343 0.0427320930000000
344 0.0670798930000000
345 0.0727181930000000
346 0.0716536930000000
347 0.0609893930000000
348 0.0471289930000000
349 0.0344404930000000
350 0.0207795930000000
351 0.0217325930000000
352 0.0446081930000000
353 0.0709908930000000
354 0.0743216930000000
355 0.0613015930000000
356 0.0476885930000000
357 0.0351591930000000
358 0.0253215930000000
359 0.0202082930000000
360 0.0255671930000000
361 0.0285679930000000
362 0.0366974930000000
363 0.0459969930000000
364 0.0507835930000000
365 0.0512077930000000
366 0.0454602930000000
367 0.0335889930000000
368 0.0124781930000000
369 0.0066632930000000
370 0.0189490930000000
371 0.0449362930000000
372 0.0611549930000000
373 0.0608532930000000
374 0.0633123930000000
375 0.0793712930000000
376 0.0882909930000000
377 0.0870200930000000
378 0.0888041930000000
379 0.0813894930000000
380 0.0675806930000000
381 0.0695986930000000
382 0.0829538930000000
383 0.0749131930000000
384 0.0360620930000000
385 0.0252814930000000
386 0.0397443930000000
387 0.0361188930000000
388 0.0256058930000000
389 0.0202393930000000
390 0.0176421930000000
391 0.0269526930000000
392 0.0371088930000000
393 0.0404067930000000
394 0.0431639930000000
395 0.0365243930000000
396 0.0197120930000000
397 0.0103482930000000
398 0.0242289930000000
399 0.0449475930000000
400 0.0542458930000000
401 0.0616702930000000
402 0.0718645930000000
403 0.0667407930000000
404 0.0536946930000000
405 0.0513778930000000
406 0.0592021930000000
407 0.0527787930000000
408 0.0407892930000000
409 0.0227494930000000
410 0.0108639930000000
411 0.0217701930000000
412 0.0508908930000000
413 0.0602705930000000
414 0.0470648930000000
415 0.0392167930000000
416 0.0327241930000000
417 0.0234973930000000
418 0.0084059930000000
419 -0.0074072070000000
420 -0.0185331070000000
421 -0.0121120070000000
422 0.0152008930000000
423 0.0471195930000000
424 0.0627112930000000
425 0.0762645930000000
426 0.0816645930000000
427 0.0698991930000000
428 0.0599714930000000
429 0.0666347930000000
430 0.0707725930000000
431 0.0582844930000000
432 0.0409276930000000
433 0.0382241930000000
434 0.0451799930000000
435 0.0519638930000000
436 0.0459953930000000
437 0.0429129930000000
438 0.0338579930000000
439 0.0090086930000000
440 -0.0016835070000000
441 0.0102589930000000
442 0.0288130930000000
443 0.0416965930000000
444 0.0511988930000000
445 0.0599659930000000
446 0.0643338930000000
447 0.0654738930000000
448 0.0523931930000000
449 0.0428388930000000
450 0.0318719930000000
451 0.0372199930000000
452 0.0473341930000000
453 0.0346335930000000
454 0.0190154930000000
455 0.0073885930000000
456 -0.0024254070000000
457 -0.0027482070000000
458 0.0102021930000000
459 0.0185597930000000
460 0.0109711930000000
461 -0.0050575070000000
462 -0.0076020070000000
463 0.0045738930000000
464 0.0104989930000000
465 0.0149259930000000
466 0.0236380930000000
467 0.0361605930000000
468 0.0320196930000000
469 0.0082810930000000
470 -0.0054974070000000
471 0.0063803930000000
472 0.0248391930000000
473 0.0218824930000000
474 0.0140173930000000
475 0.0094871930000000
476 0.0085743930000000
477 0.0194237930000000
478 0.0223671930000000
479 0.0177508930000000
480 0.0128749930000000
481 0.0114938930000000
482 0.0194711930000000
483 0.0345527930000000
484 0.0436526930000000
485 0.0502586930000000
486 0.0553045930000000
487 0.0559656930000000
488 0.0542839930000000
489 0.0590385930000000
490 0.0533825930000000
491 0.0279290930000000
492 0.0074347930000000
493 0.0035064930000000
494 0.0113309930000000
495 0.0285976930000000
496 0.0453966930000000
497 0.0608614930000000
498 0.0714954930000000
499 0.0718295930000000
500 0.0716183930000000
501 0.0678635930000000
502 0.0538791930000000
503 0.0584039930000000
504 0.0703319930000000
505 0.0626260930000000
506 0.0564149930000000
507 0.0647251930000000
508 0.0730307930000000
509 0.0728236930000000
510 0.0640180930000000
511 0.0526724930000000
512 0.0463949930000000
513 0.0389687930000000
514 0.0357934930000000
515 0.0331592930000000
516 0.0196469930000000
517 -0.0118443070000000
518 -0.0271664070000000
519 -0.0204198070000000
520 -0.0099612070000000
521 0.0014671930000000
522 0.0088838930000000
523 0.0062162930000000
524 -0.0025715070000000
525 -0.0096325070000000
526 -0.0136820070000000
527 -0.0147472070000000
528 -0.0187441070000000
529 -0.0252488070000000
530 -0.0277818070000000
531 -0.0186015070000000
532 -0.0047908070000000
533 0.0033815930000000
534 0.0105405930000000
535 0.0030792930000000
536 -0.0223004070000000
537 -0.0440263070000000
538 -0.0427629070000000
539 -0.0370528070000000
540 -0.0344652070000000
541 -0.0167686070000000
542 0.0223096930000000
543 0.0456419930000000
544 0.0519002930000000
545 0.0533234930000000
546 0.0526365930000000
547 0.0652745930000000
548 0.0909531930000000
549 0.1070227930000000
550 0.1045852930000000
551 0.0809953930000000
552 0.0764361930000000
553 0.0975837930000000
554 0.1103666930000000
555 0.1063091930000000
556 0.0830524930000000
557 0.0557673930000000
558 0.0478532930000000
559 0.0401209930000000
560 0.0163815930000000
561 0.0024873930000000
562 0.0139099930000000
563 0.0228864930000000
564 0.0327599930000000
565 0.0461525930000000
566 0.0604054930000000
567 0.0663132930000000
568 0.0604570930000000
569 0.0545806930000000
570 0.0519892930000000
571 0.0504475930000000
572 0.0587149930000000
573 0.0860151930000000
574 0.1042719930000000
575 0.1008810930000000
576 0.0882478930000000
577 0.0715436930000000
578 0.0622275930000000
579 0.0499044930000000
580 0.0440366930000000
581 0.0418275930000000
582 0.0469504930000000
583 0.0590063930000000
584 0.0501347930000000
585 0.0304439930000000
586 0.0251761930000000
587 0.0241656930000000
588 0.0196343930000000
589 0.0185359930000000
590 0.0169648930000000
591 0.0062128930000000
592 0.0038275930000000
593 0.0238501930000000
594 0.0530309930000000
595 0.0630696930000000
596 0.0626252930000000
597 0.0603850930000000
598 0.0544235930000000
599 0.0467296930000000
600 0.0472527930000000
1 0.0141122930000000
2 0.0223907930000000
3 0.0279016930000000
4 0.0317122930000000
5 0.0308702930000000
6 0.0197753930000000
7 0.0095703930000000
8 0.0058673930000000
9 0.0019661930000000
10 -0.0014770070000000
11 0.0008936930000000
12 0.0287010930000000
13 0.0587598930000000
14 0.0751989930000000
15 0.0744561930000000
16 0.0477435930000000
17 0.0254996930000000
18 0.0002631930000000
19 -0.0015190070000000
20 0.0170050930000000
21 0.0383461930000000
22 0.0636441930000000
23 0.0717039930000000
24 0.0667047930000000
25 0.0703830930000000
26 0.0746845930000000
27 0.0796173930000000
28 0.0713746930000000
29 0.0500967930000000
30 0.0331344930000000
31 0.0291476930000000
32 0.0290595930000000
33 0.0419603930000000
34 0.0599254930000000
35 0.0608403930000000
36 0.0640653930000000
37 0.0760184930000000
38 0.0980081930000000
39 0.1101110930000000
40 0.0977049930000000
41 0.0719408930000000
42 0.0538904930000000
43 0.0581631930000000
44 0.0673227930000000
45 0.0577992930000000
46 0.0450423930000000
47 0.0397709930000000
48 0.0191291930000000
49 -0.0030625070000000
50 0.0013702930000000
51 0.0146775930000000
52 0.0162196930000000
53 0.0208206930000000
54 0.0349289930000000
55 0.0378804930000000
56 0.0261415930000000
57 0.0320253930000000
58 0.0378111930000000
59 0.0253507930000000
60 0.0132872930000000
61 0.0157908930000000
62 0.0163009930000000
63 0.0130846930000000
64 0.0019439930000000
65 -0.0076020070000000
66 -0.0009087070000000
67 0.0128499930000000
68 0.0189351930000000
69 0.0206369930000000
70 0.0240089930000000
71 0.0362821930000000
72 0.0531463930000000
73 0.0561189930000000
74 0.0403239930000000
75 0.0261073930000000
76 0.0199410930000000
77 0.0297627930000000
78 0.0467127930000000
79 0.0488133930000000
80 0.0380364930000000
81 0.0214133930000000
82 0.0182040930000000
83 0.0259141930000000
84 0.0406330930000000
85 0.0634961930000000
86 0.0854814930000000
87 0.0970224930000000
88 0.0931422930000000
89 0.0934893930000000
90 0.1056590930000000
91 0.1129956930000000
92 0.1069648930000000
93 0.0862662930000000
94 0.0495973930000000
95 0.0267011930000000
96 0.0369544930000000
97 0.0418240930000000
98 0.0367998930000000
99 0.0302294930000000
100 0.0225495930000000
101 0.0318403930000000
102 0.0368347930000000
103 0.0219856930000000
104 0.0053789930000000
105 -0.0048236070000000
106 -0.0127017070000000
107 -0.0089496070000000
108 -0.0051099070000000
109 -0.0042843070000000
110 -0.0043353070000000
111 -0.0023760070000000
112 -0.0053067070000000
113 0.0038811930000000
114 0.0264417930000000
115 0.0417396930000000
116 0.0472807930000000
117 0.0496190930000000
118 0.0466344930000000
119 0.0393059930000000
120 0.0477212930000000
121 0.0601239930000000
122 0.0414063930000000
123 0.0148476930000000
124 0.0085359930000000
125 0.0145244930000000
126 0.0208639930000000
127 0.0269446930000000
128 0.0189627930000000
129 0.0144554930000000
130 0.0334443930000000
131 0.0472949930000000
132 0.0311177930000000
133 0.0047292930000000
134 -0.0043702070000000
135 -0.0025086070000000
136 0.0016658930000000
137 0.0045126930000000
138 -0.0065125070000000
139 -0.0216023070000000
140 -0.0216475070000000
141 -0.0129587070000000
142 -0.0034657070000000
143 -0.0106651070000000
144 -0.0209533070000000
145 -0.0008890070000000
146 0.0302286930000000
147 0.0458534930000000
148 0.0637106930000000
149 0.0811492930000000
150 0.0771633930000000
151 0.0651007930000000
152 0.0519407930000000
153 0.0332969930000000
154 0.0181101930000000
155 0.0150409930000000
156 0.0216305930000000
157 0.0214005930000000
158 0.0241911930000000
159 0.0270823930000000
160 0.0173891930000000
161 0.0199845930000000
162 0.0234701930000000
163 0.0172080930000000
164 0.0095411930000000
165 0.0080318930000000
166 0.0126397930000000
167 0.0191006930000000
168 0.0300036930000000
169 0.0308706930000000
170 0.0280035930000000
171 0.0310159930000000
172 0.0333852930000000
173 0.0236172930000000
174 0.0096900930000000
175 0.0101949930000000
176 0.0245334930000000
177 0.0339957930000000
178 0.0314871930000000
179 0.0435297930000000
180 0.0723305930000000
181 0.0709118930000000
182 0.0425056930000000
183 0.0312607930000000
184 0.0400986930000000
185 0.0436962930000000
186 0.0496250930000000
187 0.0751660930000000
188 0.0866411930000000
189 0.0591021930000000
190 0.0161881930000000
191 0.0002801930000000
192 -0.0058855070000000
193 -0.0095426070000000
194 -0.0098301070000000
195 -0.0050479070000000
196 0.0006587930000000
197 0.0099592930000000
198 0.0179411930000000
199 0.0096712930000000
200 0.0093676930000000
201 0.0074903930000000
202 0.0073487930000000
203 0.0105820930000000
204 0.0099963930000000
205 0.0063769930000000
206 0.0061183930000000
207 0.0104234930000000
208 0.0130292930000000
209 0.0349728930000000
210 0.0564933930000000
211 0.0554197930000000
212 0.0382383930000000
213 0.0237969930000000
214 0.0125039930000000
215 -0.0026094070000000
216 -0.0115568070000000
217 -0.0143577070000000
218 -0.0129469070000000
219 0.0047845930000000
220 0.0173057930000000
221 0.0089516930000000
222 0.0034293930000000
223 0.0186654930000000
224 0.0323616930000000
225 0.0261420930000000
226 0.0085490930000000
227 0.0023059930000000
228 0.0106073930000000
229 0.0205979930000000
230 0.0244547930000000
231 0.0248367930000000
232 0.0247354930000000
233 0.0424820930000000
234 0.0688397930000000
235 0.0751790930000000
236 0.0577699930000000
237 0.0468459930000000
238 0.0423198930000000
239 0.0324821930000000
240 0.0233176930000000
241 0.0067802930000000
242 -0.0098937070000000
243 -0.0108306070000000
244 0.0094894930000000
245 0.0481262930000000
246 0.0820040930000000
247 0.0923893930000000
248 0.0852958930000000
249 0.0717368930000000
250 0.0530550930000000
251 0.0320937930000000
252 0.0287078930000000
253 0.0192950930000000
254 -0.0049653070000000
255 -0.0242265070000000
256 -0.0283007070000000
257 -0.0156605070000000
258 0.0016910930000000
259 0.0073694930000000
260 0.0149333930000000
261 0.0342210930000000
262 0.0475751930000000
263 0.0378249930000000
264 0.0204530930000000
265 0.0176786930000000
266 0.0346476930000000
267 0.0498512930000000
268 0.0513464930000000
269 0.0514244930000000
270 0.0574931930000000
271 0.0651132930000000
272 0.0672641930000000
273 0.0626529930000000
274 0.0519044930000000
275 0.0542390930000000
276 0.0818193930000000
277 0.0984165930000000
278 0.1132919930000000
279 0.1087518930000000
280 0.0751831930000000
281 0.0463626930000000
282 0.0352745930000000
283 0.0444188930000000
284 0.0640921930000000
285 0.0609603930000000
286 0.0297790930000000
287 0.0125229930000000
288 0.0173415930000000
289 0.0118631930000000
290 0.0113915930000000
291 0.0243090930000000
292 0.0259183930000000
293 0.0113333930000000
294 -0.0043937070000000
295 -0.0091224070000000
296 -0.0061888070000000
297 0.0031938930000000
298 0.0128270930000000
299 0.0151941930000000
300 0.0196716930000000
301 0.0285396930000000
302 0.0406112930000000
303 0.0452528930000000
304 0.0338168930000000
305 0.0168285930000000
306 -0.0023887070000000
307 -0.0162050070000000
308 -0.0127387070000000
309 -0.0031748070000000
310 0.0029242930000000
311 0.0083289930000000
312 0.0161903930000000
313 0.0269708930000000
314 0.0418504930000000
315 0.0537906930000000
316 0.0469416930000000
317 0.0325760930000000
318 0.0320632930000000
319 0.0409963930000000
320 0.0460400930000000
321 0.0539315930000000
322 0.0700965930000000
323 0.0761839930000000
324 0.0653763930000000
325 0.0510100930000000
326 0.0321117930000000
327 0.0207511930000000
328 0.0325601930000000
329 0.0375565930000000
330 0.0397354930000000
331 0.0291167930000000
332 0.0075708930000000
333 -0.0139032070000000
334 -0.0263900070000000
335 -0.0179974070000000
336 -0.0070478070000000
337 -0.0034828070000000
338 -0.0038300070000000
339 0.0009076930000000
340 0.0274688930000000
341 0.0594929930000000
342 0.0696382930000000
343 0.0643927930000000
344 0.0546507930000000
345 0.0458975930000000
346 0.0344409930000000
347 0.0221788930000000
348 0.0181951930000000
349 0.0217987930000000
350 0.0280891930000000
351 0.0436340930000000
352 0.0515247930000000
353 0.0391442930000000
354 0.0262352930000000
355 0.0159716930000000
356 0.0044600930000000
357 0.0072823930000000
358 0.0064548930000000
359 -0.0031465070000000
360 -0.0016124070000000
361 0.0068099930000000
362 0.0007223930000000
363 -0.0039137070000000
364 -0.0144338070000000
365 -0.0218673070000000
366 -0.0074919070000000
367 0.0143159930000000
368 0.0274128930000000
369 0.0318320930000000
370 0.0221339930000000
371 0.0046938930000000
372 -0.0014338070000000
373 0.0114290930000000
374 0.0183554930000000
375 0.0071407930000000
376 0.0054634930000000
377 0.0241051930000000
378 0.0372676930000000
379 0.0401090930000000
380 0.0487268930000000
381 0.0612190930000000
382 0.0582394930000000
383 0.0414371930000000
384 0.0244086930000000
385 0.0237005930000000
386 0.0361390930000000
387 0.0486416930000000
388 0.0513096930000000
389 0.0420797930000000
390 0.0310874930000000
391 0.0263481930000000
392 0.0126192930000000
393 -0.0009519070000000
394 0.0022354930000000
395 0.0102767930000000
396 0.0140219930000000
397 0.0198744930000000
398 0.0274576930000000
399 0.0414891930000000
400 0.0497329930000000
401 0.0505596930000000
402 0.0421483930000000
403 0.0213566930000000
404 -0.0047016070000000
405 -0.0183325070000000
406 -0.0272263070000000
407 -0.0350599070000000
408 -0.0417250070000000
409 -0.0343192070000000
410 -0.0171080070000000
411 -0.0044826070000000
412 -0.0002292070000000
413 0.0020793930000000
414 0.0144769930000000
415 0.0281457930000000
416 0.0272345930000000
417 0.0240518930000000
418 0.0309721930000000
419 0.0360767930000000
420 0.0259344930000000
421 0.0239118930000000
422 0.0390326930000000
423 0.0497058930000000
424 0.0530525930000000
425 0.0413779930000000
426 0.0149828930000000
427 -0.0112563070000000
428 -0.0288919070000000
429 -0.0241152070000000
430 0.0048478930000000
431 0.0334217930000000
432 0.0401741930000000
433 0.0345500930000000
434 0.0343507930000000
435 0.0391610930000000
436 0.0425737930000000
437 0.0477155930000000
438 0.0449200930000000
439 0.0363373930000000
440 0.0331623930000000
441 0.0251037930000000
442 0.0188540930000000
443 0.0241473930000000
444 0.0292868930000000
445 0.0320281930000000
446 0.0290040930000000
447 0.0150932930000000
448 -0.0005192070000000
449 0.0010304930000000
450 0.0353585930000000
451 0.0794044930000000
452 0.0931537930000000
453 0.0660797930000000
454 0.0405905930000000
455 0.0481651930000000
456 0.0582994930000000
457 0.0455109930000000
458 0.0335578930000000
459 0.0298122930000000
460 0.0348490930000000
461 0.0492808930000000
462 0.0606338930000000
463 0.0609588930000000
464 0.0631397930000000
465 0.0625965930000000
466 0.0587987930000000
467 0.0507501930000000
468 0.0274862930000000
469 0.0076637930000000
470 0.0082639930000000
471 0.0143067930000000
472 0.0191931930000000
473 0.0141692930000000
474 0.0083880930000000
475 0.0132797930000000
476 0.0220968930000000
477 0.0405842930000000
478 0.0625905930000000
479 0.0789538930000000
480 0.0835947930000000
481 0.0749056930000000
482 0.0642249930000000
483 0.0481709930000000
484 0.0279852930000000
485 0.0172717930000000
486 0.0267570930000000
487 0.0341131930000000
488 0.0404677930000000
489 0.0532993930000000
490 0.0679220930000000
491 0.0690856930000000
492 0.0560139930000000
493 0.0407226930000000
494 0.0351631930000000
495 0.0551937930000000
496 0.0771004930000000
497 0.0816534930000000
498 0.0822305930000000
499 0.0763601930000000
500 0.0595843930000000
501 0.0306382930000000
502 0.0181014930000000
503 0.0268623930000000
504 0.0317532930000000
505 0.0320723930000000
506 0.0412443930000000
507 0.0392652930000000
508 0.0389191930000000
509 0.0404111930000000
510 0.0342210930000000
511 0.0350893930000000
512 0.0463893930000000
513 0.0495138930000000
514 0.0521453930000000
515 0.0657136930000000
516 0.0667654930000000
517 0.0480317930000000
518 0.0267001930000000
519 0.0104396930000000
520 0.0072202930000000
521 0.0204304930000000
522 0.0317917930000000
523 0.0269042930000000
524 0.0091635930000000
525 -0.0035941070000000
526 -0.0024711070000000
527 -0.0050415070000000
528 -0.0042641070000000
529 -0.0011033070000000
530 -0.0001321070000000
531 0.0020569930000000
532 0.0054061930000000
533 0.0121211930000000
534 0.0179601930000000
535 0.0185545930000000
536 0.0231774930000000
537 0.0253251930000000
538 0.0139537930000000
539 0.0003294930000000
540 -0.0000328070000000
541 0.0085710930000000
542 0.0205333930000000
543 0.0148956930000000
544 -0.0065749070000000
545 -0.0218759070000000
546 -0.0323461070000000
547 -0.0367730070000000
548 -0.0316567070000000
549 -0.0081273070000000
550 0.0132878930000000
551 0.0144469930000000
552 0.0006485930000000
553 -0.0140861070000000
554 -0.0186982070000000
555 -0.0254522070000000
556 -0.0339629070000000
557 -0.0280746070000000
558 -0.0164996070000000
559 -0.0161464070000000
560 -0.0322917070000000
561 -0.0445654070000000
562 -0.0450015070000000
563 -0.0405504070000000
564 -0.0408997070000000
565 -0.0352211070000000
566 -0.0248359070000000
567 -0.0106818070000000
568 0.0095964930000000
569 0.0231080930000000
570 0.0273572930000000
571 0.0351136930000000
572 0.0414095930000000
573 0.0302171930000000
574 0.0237927930000000
575 0.0226037930000000
576 0.0278249930000000
577 0.0479583930000000
578 0.0914306930000000
579 0.1132866930000000
580 0.0937109930000000
581 0.0725709930000000
582 0.0568807930000000
583 0.0361775930000000
584 0.0191089930000000
585 0.0240492930000000
586 0.0429302930000000
587 0.0747504930000000
588 0.1023790930000000
589 0.1013694930000000
590 0.0755615930000000
591 0.0423228930000000
592 0.0162484930000000
593 -0.0087013070000000
594 -0.0188139070000000
595 0.0005297930000000
596 0.0241840930000000
597 0.0297706930000000
598 0.0359035930000000
599 0.0325785930000000
600 0.0184242930000000
1 0.0746839930000000
2 0.0708327930000000
3 0.0659397930000000
4 0.0414005930000000
5 0.0244648930000000
6 0.0266455930000000
7 0.0226090930000000
8 0.0085338930000000
9 0.0051275930000000
10 0.0089238930000000
11 0.0143440930000000
12 0.0168687930000000
13 0.0231329930000000
14 0.0434167930000000
15 0.0469163930000000
16 0.0230479930000000
17 0.0024145930000000
18 -0.0031239070000000
19 -0.0062660070000000
20 0.0006570930000000
21 0.0236525930000000
22 0.0411858930000000
23 0.0421918930000000
24 0.0386554930000000
25 0.0320842930000000
26 0.0284666930000000
27 0.0296910930000000
28 0.0444168930000000
29 0.0551160930000000
30 0.0421648930000000
31 0.0282986930000000
32 0.0218728930000000
33 0.0300190930000000
34 0.0253285930000000
35 0.0162937930000000
36 0.0147612930000000
37 0.0154042930000000
38 0.0169091930000000
39 0.0287652930000000
40 0.0427134930000000
41 0.0497800930000000
42 0.0473062930000000
43 0.0411129930000000
44 0.0306223930000000
45 0.0109256930000000
46 -0.0017215070000000
47 -0.0037940070000000
48 -0.0081895070000000
49 -0.0106162070000000
50 -0.0041937070000000
51 0.0082930930000000
52 0.0093830930000000
53 -0.0024022070000000
54 -0.0147866070000000
55 -0.0246226070000000
56 -0.0119336070000000
57 0.0032753930000000
58 0.0146724930000000
59 0.0269439930000000
60 0.0312048930000000
61 0.0322315930000000
62 0.0221473930000000
63 0.0140886930000000
64 0.0048294930000000
65 0.0041067930000000
66 0.0253848930000000
67 0.0462743930000000
68 0.0498850930000000
69 0.0439630930000000
70 0.0393795930000000
71 0.0359357930000000
72 0.0339762930000000
73 0.0325945930000000
74 0.0249512930000000
75 0.0201519930000000
76 0.0173674930000000
77 0.0253922930000000
78 0.0411428930000000
79 0.0468533930000000
80 0.0534083930000000
81 0.0688810930000000
82 0.0798889930000000
83 0.0682054930000000
84 0.0479718930000000
85 0.0516048930000000
86 0.0589275930000000
87 0.0342573930000000
88 0.0046241930000000
89 -0.0026565070000000
90 0.0151095930000000
91 0.0417719930000000
92 0.0537205930000000
93 0.0406077930000000
94 0.0285231930000000
95 0.0277856930000000
96 0.0231406930000000
97 0.0227319930000000
98 0.0261027930000000
99 0.0207489930000000
100 0.0160905930000000
101 0.0199952930000000
102 0.0209356930000000
103 0.0150298930000000
104 0.0050942930000000
105 -0.0121927070000000
106 -0.0197982070000000
107 -0.0134651070000000
108 -0.0051647070000000
109 0.0048970930000000
110 0.0114421930000000
111 0.0122629930000000
112 0.0079933930000000
113 0.0058629930000000
114 0.0022665930000000
115 -0.0042034070000000
116 0.0037895930000000
117 0.0073775930000000
118 -0.0001958070000000
119 -0.0026679070000000
120 0.0032985930000000
121 0.0052756930000000
122 0.0067735930000000
123 0.0213484930000000
124 0.0364869930000000
125 0.0333050930000000
126 0.0103374930000000
127 -0.0053713070000000
128 -0.0026122070000000
129 0.0015906930000000
130 0.0101708930000000
131 0.0324735930000000
132 0.0584454930000000
133 0.0645796930000000
134 0.0619765930000000
135 0.0677349930000000
136 0.0720947930000000
137 0.0631911930000000
138 0.0434580930000000
139 0.0294811930000000
140 0.0112630930000000
141 -0.0037513070000000
142 -0.0076920070000000
143 -0.0008659070000000
144 0.0094060930000000
145 0.0157240930000000
146 0.0075095930000000
147 -0.0011612070000000
148 0.0035765930000000
149 0.0116379930000000
150 0.0143854930000000
151 0.0156360930000000
152 0.0350277930000000
153 0.0583852930000000
154 0.0690695930000000
155 0.0736949930000000
156 0.0735705930000000
157 0.0687984930000000
158 0.0602377930000000
159 0.0606505930000000
160 0.0693735930000000
161 0.0627153930000000
162 0.0325385930000000
163 0.0173627930000000
164 0.0326670930000000
165 0.0466179930000000
166 0.0336605930000000
167 0.0168634930000000
168 0.0206892930000000
169 0.0445061930000000
170 0.0703198930000000
171 0.0911469930000000
172 0.0870051930000000
173 0.0704346930000000
174 0.0665788930000000
175 0.0593909930000000
176 0.0581742930000000
177 0.0658995930000000
178 0.0503483930000000
179 0.0230176930000000
180 0.0083690930000000
181 0.0074343930000000
182 0.0074277930000000
183 0.0183525930000000
184 0.0319896930000000
185 0.0239982930000000
186 0.0177743930000000
187 0.0143575930000000
188 -0.0009015070000000
189 -0.0236760070000000
190 -0.0324833070000000
191 -0.0264310070000000
192 -0.0284003070000000
193 -0.0214858070000000
194 -0.0057928070000000
195 0.0035696930000000
196 0.0113980930000000
197 0.0195030930000000
198 0.0260949930000000
199 0.0222094930000000
200 0.0106421930000000
201 0.0050500930000000
202 -0.0046919070000000
203 -0.0143891070000000
204 -0.0139991070000000
205 -0.0047343070000000
206 0.0042181930000000
207 0.0157577930000000
208 0.0197024930000000
209 0.0251788930000000
210 0.0231173930000000
211 0.0165240930000000
212 0.0112050930000000
213 0.0145959930000000
214 0.0301227930000000
215 0.0420559930000000
216 0.0519442930000000
217 0.0572450930000000
218 0.0663813930000000
219 0.0849441930000000
220 0.0945268930000000
221 0.1083816930000000
222 0.1239317930000000
223 0.1279784930000000
224 0.1102337930000000
225 0.0660280930000000
226 0.0122959930000000
227 -0.0037927070000000
228 0.0105806930000000
229 0.0393523930000000
230 0.0586033930000000
231 0.0527225930000000
232 0.0428829930000000
233 0.0418544930000000
234 0.0419869930000000
235 0.0410624930000000
236 0.0470057930000000
237 0.0451070930000000
238 0.0534416930000000
239 0.0639994930000000
240 0.0591186930000000
241 0.0432318930000000
242 0.0201076930000000
243 0.0048852930000000
244 0.0071846930000000
245 0.0181638930000000
246 0.0179115930000000
247 0.0056961930000000
248 0.0046372930000000
249 0.0079117930000000
250 0.0190626930000000
251 0.0510814930000000
252 0.0734597930000000
253 0.0668605930000000
254 0.0568368930000000
255 0.0682427930000000
256 0.0779339930000000
257 0.0688157930000000
258 0.0570144930000000
259 0.0407261930000000
260 0.0356410930000000
261 0.0471138930000000
262 0.0459362930000000
263 0.0388160930000000
264 0.0423050930000000
265 0.0402632930000000
266 0.0308586930000000
267 0.0111890930000000
268 -0.0097688070000000
269 -0.0174755070000000
270 -0.0149336070000000
271 0.0015418930000000
272 0.0276092930000000
273 0.0284216930000000
274 0.0121184930000000
275 -0.0076767070000000
276 -0.0364910070000000
277 -0.0517476070000000
278 -0.0380517070000000
279 -0.0192752070000000
280 -0.0066774070000000
281 -0.0018305070000000
282 0.0066972930000000
283 0.0224820930000000
284 0.0307072930000000
285 0.0267161930000000
286 0.0223844930000000
287 0.0174580930000000
288 0.0182008930000000
289 0.0127195930000000
290 -0.0051123070000000
291 -0.0166838070000000
292 -0.0203498070000000
293 -0.0243545070000000
294 -0.0254834070000000
295 -0.0042172070000000
296 0.0294202930000000
297 0.0582783930000000
298 0.0770524930000000
299 0.0837774930000000
300 0.0949584930000000
301 0.0923620930000000
302 0.0803229930000000
303 0.0752553930000000
304 0.0680762930000000
305 0.0601551930000000
306 0.0634234930000000
307 0.0770855930000000
308 0.0832978930000000
309 0.0743536930000000
310 0.0732684930000000
311 0.0811369930000000
312 0.0680901930000000
313 0.0481863930000000
314 0.0498878930000000
315 0.0658498930000000
316 0.0514052930000000
317 0.0187325930000000
318 0.0088994930000000
319 0.0243501930000000
320 0.0430952930000000
321 0.0449518930000000
322 0.0419292930000000
323 0.0365604930000000
324 0.0181182930000000
325 0.0066303930000000
326 0.0138355930000000
327 0.0165470930000000
328 0.0132543930000000
329 0.0250915930000000
330 0.0572376930000000
331 0.0729079930000000
332 0.0778011930000000
333 0.0936909930000000
334 0.1043331930000000
335 0.1016227930000000
336 0.0881383930000000
337 0.0738804930000000
338 0.0611190930000000
339 0.0473078930000000
340 0.0446745930000000
341 0.0439541930000000
342 0.0429050930000000
343 0.0579754930000000
344 0.0662311930000000
345 0.0722584930000000
346 0.0847039930000000
347 0.0765493930000000
348 0.0657437930000000
349 0.0626680930000000
350 0.0606959930000000
351 0.0547822930000000
352 0.0450219930000000
353 0.0459240930000000
354 0.0579870930000000
355 0.0515175930000000
356 0.0315253930000000
357 0.0258271930000000
358 0.0192219930000000
359 0.0027837930000000
360 -0.0089350070000000
361 -0.0043273070000000
362 0.0091611930000000
363 0.0249426930000000
364 0.0418063930000000
365 0.0450514930000000
366 0.0301004930000000
367 0.0154502930000000
368 0.0096463930000000
369 0.0075440930000000
370 0.0124581930000000
371 0.0138200930000000
372 0.0132506930000000
373 0.0136939930000000
374 0.0108514930000000
375 -0.0006436070000000
376 -0.0038971070000000
377 0.0006020930000000
378 0.0085114930000000
379 0.0156002930000000
380 0.0012257930000000
381 -0.0260700070000000
382 -0.0356383070000000
383 -0.0286446070000000
384 -0.0185425070000000
385 -0.0099805070000000
386 -0.0028960070000000
387 -0.0070553070000000
388 -0.0070136070000000
389 0.0193363930000000
390 0.0340157930000000
391 0.0222965930000000
392 0.0119993930000000
393 0.0212211930000000
394 0.0441965930000000
395 0.0637213930000000
396 0.0701455930000000
397 0.0643881930000000
398 0.0504841930000000
399 0.0561391930000000
400 0.0700463930000000
401 0.0605011930000000
402 0.0411182930000000
403 0.0296574930000000
404 0.0193047930000000
405 0.0110069930000000
406 0.0071925930000000
407 0.0059903930000000
408 0.0030744930000000
409 -0.0075450070000000
410 -0.0157436070000000
411 -0.0124475070000000
412 -0.0091051070000000
413 -0.0080953070000000
414 0.0057260930000000
415 0.0238904930000000
416 0.0375905930000000
417 0.0540071930000000
418 0.0607093930000000
419 0.0381144930000000
420 0.0271950930000000
421 0.0458411930000000
422 0.0708047930000000
423 0.0777197930000000
424 0.0633761930000000
425 0.0376541930000000
426 0.0135620930000000
427 0.0059935930000000
428 0.0009446930000000
429 -0.0007138070000000
430 -0.0046617070000000
431 -0.0112977070000000
432 -0.0110372070000000
433 -0.0066002070000000
434 -0.0033658070000000
435 0.0073417930000000
436 0.0214840930000000
437 0.0393649930000000
438 0.0579259930000000
439 0.0619188930000000
440 0.0526718930000000
441 0.0570460930000000
442 0.0775409930000000
443 0.0879541930000000
444 0.0879865930000000
445 0.0808788930000000
446 0.0750038930000000
447 0.0660888930000000
448 0.0550003930000000
449 0.0569389930000000
450 0.0595457930000000
451 0.0475761930000000
452 0.0244184930000000
453 -0.0008902070000000
454 -0.0125049070000000
455 -0.0208591070000000
456 -0.0206959070000000
457 -0.0114985070000000
458 0.0070693930000000
459 0.0114933930000000
460 0.0131927930000000
461 0.0193010930000000
462 0.0279120930000000
463 0.0381624930000000
464 0.0379050930000000
465 0.0280317930000000
466 0.0080194930000000
467 0.0041982930000000
468 0.0141493930000000
469 0.0156378930000000
470 0.0093511930000000
471 0.0125275930000000
472 0.0267484930000000
473 0.0359076930000000
474 0.0311727930000000
475 0.0268803930000000
476 0.0311552930000000
477 0.0251267930000000
478 0.0183804930000000
479 0.0216844930000000
480 0.0170682930000000
481 0.0110251930000000
482 0.0206536930000000
483 0.0228307930000000
484 0.0140189930000000
485 0.0127823930000000
486 0.0111036930000000
487 0.0159987930000000
488 0.0262568930000000
489 0.0291234930000000
490 0.0270209930000000
491 0.0331551930000000
492 0.0371035930000000
493 0.0476276930000000
494 0.0696109930000000
495 0.0698585930000000
496 0.0425416930000000
497 0.0173553930000000
498 0.0175276930000000
499 0.0217115930000000
500 0.0327282930000000
501 0.0435168930000000
502 0.0440100930000000
503 0.0325278930000000
504 0.0245307930000000
505 0.0246906930000000
506 0.0279653930000000
507 0.0385861930000000
508 0.0493358930000000
509 0.0402439930000000
510 0.0143707930000000
511 -0.0069713070000000
512 -0.0114091070000000
513 -0.0023251070000000
514 0.0186756930000000
515 0.0488746930000000
516 0.0664789930000000
517 0.0625865930000000
518 0.0508150930000000
519 0.0344041930000000
520 0.0089014930000000
521 -0.0071417070000000
522 0.0023850930000000
523 0.0052306930000000
524 -0.0002727070000000
525 0.0019513930000000
526 0.0109331930000000
527 0.0167938930000000
528 0.0062887930000000
529 0.0019217930000000
530 0.0082394930000000
531 0.0133597930000000
532 0.0071562930000000
533 0.0120982930000000
534 0.0312098930000000
535 0.0420557930000000
536 0.0473003930000000
537 0.0545799930000000
538 0.0570102930000000
539 0.0459250930000000
540 0.0352773930000000
541 0.0307860930000000
542 0.0368180930000000
543 0.0397159930000000
544 0.0469450930000000
545 0.0501857930000000
546 0.0523660930000000
547 0.0540548930000000
548 0.0307290930000000
549 -0.0017212070000000
550 -0.0250699070000000
551 -0.0330317070000000
552 -0.0299542070000000
553 -0.0319949070000000
554 -0.0395485070000000
555 -0.0373834070000000
556 -0.0316401070000000
557 -0.0225933070000000
558 -0.0148283070000000
559 -0.0098028070000000
560 -0.0011188070000000
561 0.0107797930000000
562 0.0084152930000000
563 0.0020059930000000
564 0.0052863930000000
565 0.0070792930000000
566 -0.0084016070000000
567 -0.0214014070000000
568 -0.0122645070000000
569 0.0049557930000000
570 0.0166688930000000
571 0.0225643930000000
572 0.0317252930000000
573 0.0368677930000000
574 0.0297713930000000
575 0.0236056930000000
576 0.0197191930000000
577 0.0154937930000000
578 0.0032259930000000
579 -0.0038964070000000
580 0.0021759930000000
581 0.0055022930000000
582 0.0128009930000000
583 0.0170521930000000
584 0.0093195930000000
585 0.0048214930000000
586 0.0085784930000000
587 0.0080065930000000
588 0.0024982930000000
589 -0.0034496070000000
590 -0.0071968070000000
591 0.0000539930000000
592 0.0110213930000000
593 0.0141533930000000
594 0.0067284930000000
595 -0.0095211070000000
596 -0.0141439070000000
597 -0.0137272070000000
598 -0.0171535070000000
599 -0.0228892070000000
600 -0.0238908070000000
1 0.0700822930000000
2 0.0697935930000000
3 0.0680121930000000
4 0.0704546930000000
5 0.0868950930000000
6 0.1041520930000000
7 0.0999711930000000
8 0.0655928930000000
9 0.0332517930000000
10 0.0215948930000000
11 0.0410869930000000
12 0.0690980930000000
13 0.0479641930000000
14 0.0142116930000000
15 0.0171531930000000
16 0.0317233930000000
17 0.0337480930000000
18 0.0277297930000000
19 0.0098041930000000
20 -0.0049690070000000
21 -0.0143519070000000
22 -0.0207591070000000
23 -0.0123150070000000
24 -0.0027981070000000
25 -0.0126542070000000
26 -0.0289143070000000
27 -0.0347421070000000
28 -0.0381427070000000
29 -0.0357353070000000
30 -0.0270065070000000
31 -0.0138956070000000
32 -0.0076145070000000
33 -0.0094367070000000
34 -0.0060682070000000
35 0.0138408930000000
36 0.0327704930000000
37 0.0270567930000000
38 0.0133015930000000
39 0.0004119930000000
40 -0.0018473070000000
41 0.0149158930000000
42 0.0361251930000000
43 0.0465841930000000
44 0.0476264930000000
45 0.0388046930000000
46 0.0272601930000000
47 0.0166998930000000
48 0.0063453930000000
49 0.0159068930000000
50 0.0364017930000000
51 0.0499413930000000
52 0.0572928930000000
53 0.0522734930000000
54 0.0332963930000000
55 0.0257721930000000
56 0.0204870930000000
57 0.0144456930000000
58 0.0042551930000000
59 0.0049583930000000
60 0.0205073930000000
61 0.0169030930000000
62 0.0054597930000000
63 0.0173338930000000
64 0.0357481930000000
65 0.0291542930000000
66 0.0154646930000000
67 0.0200358930000000
68 0.0328097930000000
69 0.0456332930000000
70 0.0492807930000000
71 0.0367517930000000
72 0.0192740930000000
73 0.0124747930000000
74 0.0087094930000000
75 -0.0004798070000000
76 -0.0047850070000000
77 -0.0042581070000000
78 -0.0132148070000000
79 -0.0299586070000000
80 -0.0334159070000000
81 -0.0194627070000000
82 -0.0014087070000000
83 0.0091222930000000
84 0.0131548930000000
85 0.0135230930000000
86 0.0198340930000000
87 0.0263310930000000
88 0.0256941930000000
89 0.0098222930000000
90 -0.0024916070000000
91 -0.0067241070000000
92 -0.0113852070000000
93 -0.0155894070000000
94 -0.0206446070000000
95 -0.0197720070000000
96 -0.0113909070000000
97 -0.0045789070000000
98 0.0101986930000000
99 0.0305514930000000
100 0.0431845930000000
101 0.0403094930000000
102 0.0257345930000000
103 0.0096361930000000
104 -0.0040860070000000
105 -0.0133764070000000
106 -0.0251932070000000
107 -0.0187431070000000
108 -0.0044422070000000
109 -0.0044875070000000
110 -0.0159694070000000
111 -0.0189424070000000
112 -0.0025328070000000
113 0.0194858930000000
114 0.0338889930000000
115 0.0338203930000000
116 0.0328120930000000
117 0.0297871930000000
118 0.0356437930000000
119 0.0474417930000000
120 0.0446162930000000
121 0.0276327930000000
122 0.0139123930000000
123 0.0145908930000000
124 0.0162765930000000
125 0.0104425930000000
126 0.0044404930000000
127 0.0100590930000000
128 0.0215104930000000
129 0.0341960930000000
130 0.0370954930000000
131 0.0248888930000000
132 0.0140734930000000
133 0.0157733930000000
134 0.0292806930000000
135 0.0333433930000000
136 0.0142860930000000
137 -0.0045229070000000
138 -0.0077294070000000
139 -0.0093317070000000
140 -0.0113666070000000
141 -0.0179664070000000
142 -0.0264307070000000
143 -0.0169800070000000
144 0.0034616930000000
145 0.0141527930000000
146 0.0123941930000000
147 0.0065358930000000
148 -0.0043282070000000
149 -0.0049552070000000
150 0.0043008930000000
151 0.0153321930000000
152 0.0132691930000000
153 -0.0156407070000000
154 -0.0406099070000000
155 -0.0383433070000000
156 -0.0186490070000000
157 0.0012505930000000
158 0.0128318930000000
159 0.0233988930000000
160 0.0069056930000000
161 -0.0147305070000000
162 -0.0184724070000000
163 -0.0079906070000000
164 0.0116554930000000
165 0.0371037930000000
166 0.0660345930000000
167 0.0760249930000000
168 0.0698725930000000
169 0.0638854930000000
170 0.0610556930000000
171 0.0646315930000000
172 0.0688230930000000
173 0.0750594930000000
174 0.0669002930000000
175 0.0408082930000000
176 0.0224400930000000
177 0.0282088930000000
178 0.0395777930000000
179 0.0246541930000000
180 0.0005473930000000
181 0.0072575930000000
182 0.0228304930000000
183 0.0268385930000000
184 0.0297565930000000
185 0.0354294930000000
186 0.0422678930000000
187 0.0480546930000000
188 0.0481457930000000
189 0.0567097930000000
190 0.0683641930000000
191 0.0733028930000000
192 0.0776019930000000
193 0.0709485930000000
194 0.0666036930000000
195 0.0737656930000000
196 0.0673974930000000
197 0.0425705930000000
198 0.0352115930000000
199 0.0303961930000000
200 0.0309417930000000
201 0.0397401930000000
202 0.0405357930000000
203 0.0315447930000000
204 0.0212133930000000
205 0.0252251930000000
206 0.0247588930000000
207 0.0140534930000000
208 0.0102866930000000
209 0.0154932930000000
210 0.0196273930000000
211 0.0253386930000000
212 0.0208198930000000
213 0.0073265930000000
214 0.0023269930000000
215 0.0043271930000000
216 0.0181392930000000
217 0.0290904930000000
218 0.0250873930000000
219 0.0200268930000000
220 0.0259906930000000
221 0.0202916930000000
222 0.0135761930000000
223 0.0186291930000000
224 0.0233939930000000
225 0.0302423930000000
226 0.0356201930000000
227 0.0420246930000000
228 0.0436605930000000
229 0.0499903930000000
230 0.0668416930000000
231 0.0672461930000000
232 0.0707254930000000
233 0.0786419930000000
234 0.0605460930000000
235 0.0280402930000000
236 0.0120949930000000
237 0.0105898930000000
238 0.0062224930000000
239 0.0006312930000000
240 0.0054730930000000
241 0.0256424930000000
242 0.0341496930000000
243 0.0225431930000000
244 0.0188327930000000
245 0.0208833930000000
246 0.0341047930000000
247 0.0561933930000000
248 0.0722430930000000
249 0.0811798930000000
250 0.0926373930000000
251 0.1017790930000000
252 0.1013462930000000
253 0.0829889930000000
254 0.0577204930000000
255 0.0491857930000000
256 0.0444322930000000
257 0.0477182930000000
258 0.0674920930000000
259 0.0710354930000000
260 0.0740859930000000
261 0.0748031930000000
262 0.0543061930000000
263 0.0411329930000000
264 0.0420772930000000
265 0.0516899930000000
266 0.0575519930000000
267 0.0465849930000000
268 0.0377086930000000
269 0.0439473930000000
270 0.0442350930000000
271 0.0175943930000000
272 -0.0118476070000000
273 -0.0267206070000000
274 -0.0323724070000000
275 -0.0350926070000000
276 -0.0356960070000000
277 -0.0396626070000000
278 -0.0436997070000000
279 -0.0378891070000000
280 -0.0215879070000000
281 -0.0057183070000000
282 -0.0009184070000000
283 -0.0088752070000000
284 -0.0064986070000000
285 0.0033775930000000
286 0.0104817930000000
287 -0.0001474070000000
288 -0.0197440070000000
289 -0.0290220070000000
290 -0.0310945070000000
291 -0.0187384070000000
292 0.0137055930000000
293 0.0482676930000000
294 0.0674397930000000
295 0.0693132930000000
296 0.0690806930000000
297 0.0526923930000000
298 0.0235126930000000
299 0.0223365930000000
300 0.0201418930000000
301 0.0095771930000000
302 0.0041376930000000
303 0.0012800930000000
304 0.0046531930000000
305 0.0228265930000000
306 0.0363437930000000
307 0.0283060930000000
308 0.0080987930000000
309 -0.0018346070000000
310 -0.0015539070000000
311 0.0028310930000000
312 0.0018456930000000
313 -0.0040662070000000
314 -0.0138147070000000
315 -0.0245189070000000
316 -0.0288917070000000
317 -0.0295527070000000
318 -0.0335838070000000
319 -0.0283755070000000
320 -0.0161984070000000
321 -0.0027210070000000
322 0.0100986930000000
323 0.0163992930000000
324 0.0076281930000000
325 -0.0055105070000000
326 -0.0041117070000000
327 0.0056636930000000
328 0.0158268930000000
329 0.0317758930000000
330 0.0372011930000000
331 0.0262449930000000
332 0.0101675930000000
333 0.0039665930000000
334 0.0092401930000000
335 0.0155620930000000
336 0.0184587930000000
337 0.0155160930000000
338 0.0198636930000000
339 0.0335379930000000
340 0.0385980930000000
341 0.0445952930000000
342 0.0477293930000000
343 0.0453707930000000
344 0.0382271930000000
345 0.0412400930000000
346 0.0575745930000000
347 0.0654831930000000
348 0.0409818930000000
349 0.0159567930000000
350 0.0033687930000000
351 -0.0050790070000000
352 -0.0011331070000000
353 0.0050553930000000
354 0.0085462930000000
355 0.0138619930000000
356 0.0130981930000000
357 -0.0046479070000000
358 -0.0153738070000000
359 -0.0087408070000000
360 -0.0020908070000000
361 -0.0054140070000000
362 -0.0131566070000000
363 -0.0228634070000000
364 -0.0414100070000000
365 -0.0665201070000000
366 -0.0724186070000000
367 -0.0580069070000000
368 -0.0436112070000000
369 -0.0323888070000000
370 -0.0300337070000000
371 -0.0256088070000000
372 -0.0173600070000000
373 -0.0154645070000000
374 -0.0197138070000000
375 -0.0183555070000000
376 -0.0103574070000000
377 0.0003207930000000
378 0.0029175930000000
379 -0.0001117070000000
380 0.0003164930000000
381 0.0016116930000000
382 -0.0017672070000000
383 -0.0040976070000000
384 -0.0043941070000000
385 -0.0089895070000000
386 -0.0188352070000000
387 -0.0245471070000000
388 -0.0177521070000000
389 -0.0080433070000000
390 -0.0082680070000000
391 0.0009576930000000
392 0.0153602930000000
393 0.0164022930000000
394 0.0058391930000000
395 0.0089724930000000
396 0.0158190930000000
397 0.0128656930000000
398 -0.0027493070000000
399 -0.0207209070000000
400 -0.0259231070000000
401 -0.0222920070000000
402 -0.0188746070000000
403 -0.0037899070000000
404 0.0148621930000000
405 0.0294953930000000
406 0.0278889930000000
407 0.0152806930000000
408 0.0092168930000000
409 0.0223638930000000
410 0.0529797930000000
411 0.0796717930000000
412 0.0703392930000000
413 0.0369567930000000
414 0.0097627930000000
415 0.0065808930000000
416 0.0108002930000000
417 0.0079107930000000
418 0.0119729930000000
419 0.0153343930000000
420 0.0164675930000000
421 0.0208894930000000
422 0.0231047930000000
423 0.0274839930000000
424 0.0514674930000000
425 0.0821128930000000
426 0.0855300930000000
427 0.0546286930000000
428 0.0345301930000000
429 0.0197413930000000
430 0.0138789930000000
431 0.0198992930000000
432 -0.0001979070000000
433 -0.0189612070000000
434 -0.0166983070000000
435 -0.0004583070000000
436 0.0230492930000000
437 0.0382649930000000
438 0.0439752930000000
439 0.0589377930000000
440 0.0701577930000000
441 0.0725691930000000
442 0.0800613930000000
443 0.0987374930000000
444 0.1051660930000000
445 0.0737147930000000
446 0.0495985930000000
447 0.0455014930000000
448 0.0424448930000000
449 0.0286292930000000
450 0.0105522930000000
451 -0.0058727070000000
452 -0.0167727070000000
453 -0.0101512070000000
454 0.0070839930000000
455 0.0203474930000000
456 0.0289742930000000
457 0.0282580930000000
458 0.0066176930000000
459 -0.0190326070000000
460 -0.0101188070000000
461 0.0118356930000000
462 0.0132081930000000
463 0.0095949930000000
464 0.0099848930000000
465 0.0142205930000000
466 0.0106663930000000
467 0.0210440930000000
468 0.0548244930000000
469 0.0818553930000000
470 0.0902605930000000
471 0.0838836930000000
472 0.0658863930000000
473 0.0327061930000000
474 0.0058549930000000
475 0.0015195930000000
476 0.0052439930000000
477 0.0097009930000000
478 0.0103221930000000
479 0.0250486930000000
480 0.0469725930000000
481 0.0446892930000000
482 0.0232667930000000
483 0.0015284930000000
484 -0.0002434070000000
485 0.0172357930000000
486 0.0372886930000000
487 0.0430679930000000
488 0.0260250930000000
489 0.0176043930000000
490 0.0175553930000000
491 0.0101017930000000
492 0.0100548930000000
493 0.0209800930000000
494 0.0315233930000000
495 0.0377759930000000
496 0.0336232930000000
497 0.0192462930000000
498 0.0218728930000000
499 0.0460307930000000
500 0.0625451930000000
501 0.0525709930000000
502 0.0450345930000000
503 0.0605173930000000
504 0.0750011930000000
505 0.0655840930000000
506 0.0399589930000000
507 0.0173228930000000
508 0.0088272930000000
509 0.0043818930000000
510 -0.0035533070000000
511 -0.0158484070000000
512 -0.0164196070000000
513 -0.0010169070000000
514 0.0053458930000000
515 0.0000244930000000
516 -0.0045918070000000
517 -0.0103126070000000
518 -0.0095698070000000
519 -0.0006771070000000
520 0.0042528930000000
521 0.0162458930000000
522 0.0409260930000000
523 0.0708528930000000
524 0.0922802930000000
525 0.0933319930000000
526 0.0803369930000000
527 0.0634601930000000
528 0.0601853930000000
529 0.0517457930000000
530 0.0315289930000000
531 0.0068120930000000
532 -0.0128184070000000
533 -0.0125692070000000
534 -0.0099695070000000
535 -0.0051606070000000
536 -0.0033770070000000
537 -0.0094851070000000
538 0.0037778930000000
539 0.0139184930000000
540 0.0078085930000000
541 0.0036970930000000
542 -0.0074232070000000
543 -0.0175689070000000
544 -0.0197597070000000
545 -0.0199912070000000
546 -0.0206942070000000
547 -0.0200656070000000
548 -0.0139009070000000
549 -0.0060188070000000
550 0.0023114930000000
551 0.0238591930000000
552 0.0430625930000000
553 0.0456449930000000
554 0.0440496930000000
555 0.0390196930000000
556 0.0298787930000000
557 0.0195153930000000
558 0.0074196930000000
559 0.0031996930000000
560 0.0052637930000000
561 0.0182151930000000
562 0.0320664930000000
563 0.0395086930000000
564 0.0387865930000000
565 0.0352938930000000
566 0.0293638930000000
567 0.0241637930000000
568 0.0325501930000000
569 0.0431892930000000
570 0.0430978930000000
571 0.0343735930000000
572 0.0268737930000000
573 0.0247505930000000
574 0.0159182930000000
575 0.0069062930000000
576 0.0053566930000000
577 0.0127052930000000
578 0.0247702930000000
579 0.0165517930000000
580 0.0043342930000000
581 0.0027029930000000
582 -0.0000104070000000
583 -0.0143046070000000
584 -0.0317598070000000
585 -0.0347608070000000
586 -0.0381834070000000
587 -0.0517918070000000
588 -0.0600677070000000
589 -0.0483688070000000
590 -0.0247799070000000
591 -0.0122466070000000
592 -0.0120632070000000
593 -0.0151479070000000
594 -0.0126729070000000
595 -0.0035486070000000
596 0.0065019930000000
597 0.0120015930000000
598 0.0050920930000000
599 0.0014333930000000
600 0.0049493930000000
1 0.0536600930000000
2 0.0404335930000000
3 0.0114296930000000
4 0.0064449930000000
5 0.0241729930000000
6 0.0296322930000000
7 0.0411587930000000
8 0.0582949930000000
9 0.0724044930000000
10 0.0678382930000000
11 0.0541210930000000
12 0.0427703930000000
13 0.0184310930000000
14 0.0097610930000000
15 0.0227511930000000
16 0.0372329930000000
17 0.0423812930000000
18 0.0379704930000000
19 0.0240888930000000
20 0.0133266930000000
21 0.0162285930000000
22 0.0362679930000000
23 0.0501158930000000
24 0.0502429930000000
25 0.0435567930000000
26 0.0303907930000000
27 0.0214690930000000
28 0.0158949930000000
29 0.0023277930000000
30 -0.0141972070000000
31 -0.0193269070000000
32 -0.0135100070000000
33 -0.0073434070000000
34 -0.0047197070000000
35 0.0029343930000000
36 0.0108070930000000
37 0.0194895930000000
38 0.0315780930000000
39 0.0282816930000000
40 0.0163564930000000
41 0.0066125930000000
42 0.0076403930000000
43 0.0197853930000000
44 0.0352565930000000
45 0.0490433930000000
46 0.0565153930000000
47 0.0524384930000000
48 0.0466194930000000
49 0.0317975930000000
50 0.0157451930000000
51 0.0204642930000000
52 0.0359609930000000
53 0.0435274930000000
54 0.0493325930000000
55 0.0620078930000000
56 0.0757490930000000
57 0.0807635930000000
58 0.0687533930000000
59 0.0534007930000000
60 0.0472403930000000
61 0.0504263930000000
62 0.0482182930000000
63 0.0397228930000000
64 0.0208872930000000
65 0.0166020930000000
66 0.0391124930000000
67 0.0527466930000000
68 0.0355469930000000
69 0.0165032930000000
70 0.0107761930000000
71 0.0045870930000000
72 0.0044037930000000
73 0.0250661930000000
74 0.0403564930000000
75 0.0326670930000000
76 0.0246921930000000
77 0.0256768930000000
78 0.0347102930000000
79 0.0480604930000000
80 0.0467795930000000
81 0.0327635930000000
82 0.0176581930000000
83 0.0148326930000000
84 0.0277154930000000
85 0.0314807930000000
86 0.0261568930000000
87 0.0267235930000000
88 0.0314898930000000
89 0.0283812930000000
90 0.0146020930000000
91 0.0145783930000000
92 0.0211474930000000
93 0.0239846930000000
94 0.0357755930000000
95 0.0532364930000000
96 0.0641767930000000
97 0.0599454930000000
98 0.0576793930000000
99 0.0580049930000000
100 0.0452297930000000
101 0.0525320930000000
102 0.0727745930000000
103 0.0873875930000000
104 0.0881852930000000
105 0.0667922930000000
106 0.0586893930000000
107 0.0727160930000000
108 0.0895588930000000
109 0.0964151930000000
110 0.0811755930000000
111 0.0462246930000000
112 0.0116023930000000
113 -0.0142354070000000
114 -0.0128238070000000
115 0.0079743930000000
116 0.0175675930000000
117 0.0176603930000000
118 0.0160899930000000
119 0.0222863930000000
120 0.0326391930000000
121 0.0290905930000000
122 0.0194641930000000
123 0.0159420930000000
124 0.0082355930000000
125 -0.0012731070000000
126 -0.0064086070000000
127 -0.0023889070000000
128 0.0042696930000000
129 0.0103717930000000
130 0.0114464930000000
131 0.0244360930000000
132 0.0390538930000000
133 0.0435906930000000
134 0.0549522930000000
135 0.0606592930000000
136 0.0626593930000000
137 0.0500622930000000
138 0.0266226930000000
139 0.0154584930000000
140 0.0091713930000000
141 0.0015048930000000
142 0.0017332930000000
143 0.0098235930000000
144 0.0098154930000000
145 0.0195026930000000
146 0.0371831930000000
147 0.0633862930000000
148 0.0822992930000000
149 0.0946328930000000
150 0.0901424930000000
151 0.0651799930000000
152 0.0397273930000000
153 0.0324346930000000
154 0.0359903930000000
155 0.0403454930000000
156 0.0447713930000000
157 0.0442515930000000
158 0.0281906930000000
159 0.0117555930000000
160 0.0019629930000000
161 0.0166967930000000
162 0.0435565930000000
163 0.0543208930000000
164 0.0514809930000000
165 0.0413394930000000
166 0.0282086930000000
167 0.0212075930000000
168 0.0318444930000000
169 0.0474020930000000
170 0.0595292930000000
171 0.0687654930000000
172 0.0753566930000000
173 0.0701381930000000
174 0.0544964930000000
175 0.0232631930000000
176 0.0014762930000000
177 -0.0053566070000000
178 -0.0115148070000000
179 -0.0244060070000000
180 -0.0433024070000000
181 -0.0466286070000000
182 -0.0241232070000000
183 0.0020430930000000
184 0.0067920930000000
185 0.0015870930000000
186 -0.0013218070000000
187 0.0021010930000000
188 0.0139273930000000
189 0.0240038930000000
190 0.0359527930000000
191 0.0430732930000000
192 0.0315416930000000
193 0.0284983930000000
194 0.0435456930000000
195 0.0532752930000000
196 0.0549121930000000
197 0.0432806930000000
198 0.0269993930000000
199 0.0008396930000000
200 -0.0195183070000000
201 -0.0217035070000000
202 -0.0073001070000000
203 0.0098516930000000
204 0.0107103930000000
205 0.0093971930000000
206 0.0154082930000000
207 0.0302808930000000
208 0.0444847930000000
209 0.0462873930000000
210 0.0428155930000000
211 0.0333584930000000
212 0.0305800930000000
213 0.0352261930000000
214 0.0568827930000000
215 0.0725796930000000
216 0.0810869930000000
217 0.0856854930000000
218 0.0790682930000000
219 0.0649348930000000
220 0.0415805930000000
221 0.0293646930000000
222 0.0317731930000000
223 0.0364840930000000
224 0.0320499930000000
225 0.0204297930000000
226 0.0057631930000000
227 -0.0077393070000000
228 -0.0098474070000000
229 -0.0047862070000000
230 -0.0076402070000000
231 -0.0076357070000000
232 0.0093663930000000
233 0.0241915930000000
234 0.0183091930000000
235 0.0133986930000000
236 0.0129937930000000
237 0.0093445930000000
238 0.0107169930000000
239 0.0200524930000000
240 0.0177188930000000
241 0.0026056930000000
242 -0.0022218070000000
243 -0.0042845070000000
244 -0.0089043070000000
245 -0.0077726070000000
246 -0.0097417070000000
247 -0.0230560070000000
248 -0.0257626070000000
249 -0.0221484070000000
250 -0.0248097070000000
251 -0.0233051070000000
252 -0.0196740070000000
253 -0.0104716070000000
254 0.0003792930000000
255 -0.0046356070000000
256 -0.0101959070000000
257 0.0078642930000000
258 0.0414157930000000
259 0.0565559930000000
260 0.0581947930000000
261 0.0593195930000000
262 0.0608972930000000
263 0.0629105930000000
264 0.0528011930000000
265 0.0254424930000000
266 0.0091651930000000
267 0.0078960930000000
268 0.0027855930000000
269 0.0046400930000000
270 0.0167206930000000
271 0.0127487930000000
272 -0.0028335070000000
273 -0.0181512070000000
274 -0.0190940070000000
275 -0.0069521070000000
276 -0.0004470070000000
277 -0.0011698070000000
278 0.0031211930000000
279 0.0154049930000000
280 0.0255243930000000
281 0.0092817930000000
282 -0.0073690070000000
283 -0.0054285070000000
284 0.0025256930000000
285 0.0126900930000000
286 0.0173490930000000
287 0.0015096930000000
288 -0.0141914070000000
289 -0.0127353070000000
290 -0.0102423070000000
291 -0.0176093070000000
292 -0.0207861070000000
293 -0.0233996070000000
294 -0.0208154070000000
295 -0.0153939070000000
296 -0.0093993070000000
297 0.0105580930000000
298 0.0321544930000000
299 0.0267606930000000
300 0.0157691930000000
301 0.0287081930000000
302 0.0584525930000000
303 0.0583465930000000
304 0.0406224930000000
305 0.0335878930000000
306 0.0404537930000000
307 0.0388282930000000
308 0.0297141930000000
309 0.0364965930000000
310 0.0459805930000000
311 0.0225913930000000
312 -0.0208368070000000
313 -0.0418276070000000
314 -0.0366390070000000
315 -0.0324072070000000
316 -0.0347073070000000
317 -0.0413799070000000
318 -0.0311653070000000
319 -0.0149463070000000
320 -0.0103918070000000
321 -0.0079481070000000
322 -0.0056059070000000
323 -0.0108307070000000
324 -0.0193895070000000
325 -0.0209313070000000
326 -0.0133103070000000
327 -0.0077246070000000
328 -0.0058198070000000
329 -0.0011615070000000
330 0.0093579930000000
331 0.0131689930000000
332 0.0137596930000000
333 0.0120288930000000
334 0.0053466930000000
335 0.0121407930000000
336 0.0217269930000000
337 0.0189133930000000
338 0.0059930930000000
339 0.0055876930000000
340 0.0140189930000000
341 0.0105963930000000
342 0.0042348930000000
343 0.0091702930000000
344 0.0172654930000000
345 0.0291055930000000
346 0.0488144930000000
347 0.0660877930000000
348 0.0777077930000000
349 0.0816822930000000
350 0.0685939930000000
351 0.0472999930000000
352 0.0314902930000000
353 0.0189609930000000
354 0.0109462930000000
355 0.0011018930000000
356 -0.0005100070000000
357 -0.0001830070000000
358 0.0006423930000000
359 0.0061982930000000
360 0.0102984930000000
361 0.0128852930000000
362 0.0259676930000000
363 0.0533131930000000
364 0.0788878930000000
365 0.0807615930000000
366 0.0648800930000000
367 0.0476176930000000
368 0.0319723930000000
369 0.0120850930000000
370 -0.0018564070000000
371 0.0019231930000000
372 0.0181565930000000
373 0.0283317930000000
374 0.0292054930000000
375 0.0293284930000000
376 0.0306616930000000
377 0.0338079930000000
378 0.0351880930000000
379 0.0355654930000000
380 0.0277879930000000
381 0.0207081930000000
382 0.0254850930000000
383 0.0349380930000000
384 0.0415937930000000
385 0.0559909930000000
386 0.0803300930000000
387 0.0933330930000000
388 0.0823123930000000
389 0.0732838930000000
390 0.0726348930000000
391 0.0747323930000000
392 0.0743791930000000
393 0.0750284930000000
394 0.0813697930000000
395 0.0798608930000000
396 0.0716518930000000
397 0.0562766930000000
398 0.0381217930000000
399 0.0293050930000000
400 0.0270675930000000
401 0.0206834930000000
402 0.0196869930000000
403 0.0225109930000000
404 0.0276524930000000
405 0.0410011930000000
406 0.0514068930000000
407 0.0573511930000000
408 0.0519648930000000
409 0.0595701930000000
410 0.0835844930000000
411 0.0875710930000000
412 0.0676056930000000
413 0.0394312930000000
414 0.0228941930000000
415 0.0205277930000000
416 0.0116451930000000
417 0.0102382930000000
418 0.0287517930000000
419 0.0434830930000000
420 0.0532854930000000
421 0.0614664930000000
422 0.0595799930000000
423 0.0591429930000000
424 0.0624936930000000
425 0.0649515930000000
426 0.0650863930000000
427 0.0615445930000000
428 0.0542656930000000
429 0.0356508930000000
430 0.0088044930000000
431 -0.0031782070000000
432 -0.0008346070000000
433 0.0087345930000000
434 0.0131666930000000
435 0.0105353930000000
436 0.0107303930000000
437 0.0316513930000000
438 0.0519909930000000
439 0.0507669930000000
440 0.0375067930000000
441 0.0303347930000000
442 0.0384596930000000
443 0.0626831930000000
444 0.0908172930000000
445 0.0904649930000000
446 0.0639502930000000
447 0.0429212930000000
448 0.0427387930000000
449 0.0445513930000000
450 0.0335250930000000
451 0.0337898930000000
452 0.0431493930000000
453 0.0496981930000000
454 0.0418495930000000
455 0.0315153930000000
456 0.0374602930000000
457 0.0390657930000000
458 0.0316611930000000
459 0.0357744930000000
460 0.0402116930000000
461 0.0353748930000000
462 0.0157421930000000
463 -0.0063299070000000
464 -0.0094782070000000
465 0.0003559930000000
466 -0.0000566070000000
467 -0.0157987070000000
468 -0.0252269070000000
469 -0.0201813070000000
470 -0.0084447070000000
471 0.0111125930000000
472 0.0324833930000000
473 0.0491547930000000
474 0.0515029930000000
475 0.0500441930000000
476 0.0453760930000000
477 0.0334170930000000
478 0.0261132930000000
479 0.0143949930000000
480 0.0013988930000000
481 -0.0072271070000000
482 -0.0107395070000000
483 -0.0135274070000000
484 -0.0153008070000000
485 -0.0111875070000000
486 -0.0055687070000000
487 -0.0055451070000000
488 -0.0129962070000000
489 -0.0252671070000000
490 -0.0270817070000000
491 -0.0272054070000000
492 -0.0234396070000000
493 -0.0065392070000000
494 0.0025998930000000
495 0.0050226930000000
496 0.0181523930000000
497 0.0463397930000000
498 0.0682180930000000
499 0.0515625930000000
500 0.0212650930000000
501 -0.0047720070000000
502 -0.0222899070000000
503 -0.0194927070000000
504 0.0029615930000000
505 0.0224685930000000
506 0.0298469930000000
507 0.0326178930000000
508 0.0324110930000000
509 0.0361518930000000
510 0.0382536930000000
511 0.0343446930000000
512 0.0245121930000000
513 0.0145468930000000
514 0.0143829930000000
515 0.0200287930000000
516 0.0289516930000000
517 0.0348625930000000
518 0.0314192930000000
519 0.0277198930000000
520 0.0236012930000000
521 0.0081587930000000
522 -0.0031150070000000
523 -0.0023187070000000
524 -0.0049525070000000
525 -0.0094068070000000
526 -0.0135687070000000
527 -0.0184655070000000
528 -0.0153575070000000
529 -0.0140437070000000
530 -0.0209322070000000
531 -0.0192295070000000
532 -0.0166529070000000
533 -0.0223705070000000
534 -0.0257449070000000
535 -0.0148561070000000
536 -0.0052561070000000
537 -0.0021694070000000
538 -0.0086322070000000
539 -0.0103184070000000
540 -0.0037394070000000
541 0.0070793930000000
542 0.0240865930000000
543 0.0520270930000000
544 0.0718215930000000
545 0.0611795930000000
546 0.0442965930000000
547 0.0266361930000000
548 -0.0066943070000000
549 -0.0366171070000000
550 -0.0416462070000000
551 -0.0339667070000000
552 -0.0239873070000000
553 -0.0181454070000000
554 -0.0260459070000000
555 -0.0391859070000000
556 -0.0440177070000000
557 -0.0483641070000000
558 -0.0507866070000000
559 -0.0478432070000000
560 -0.0384537070000000
561 -0.0255941070000000
562 -0.0214862070000000
563 -0.0178933070000000
564 -0.0161755070000000
565 -0.0167367070000000
566 -0.0158039070000000
567 -0.0156904070000000
568 -0.0171262070000000
569 -0.0101431070000000
570 -0.0001860070000000
571 0.0022638930000000
572 -0.0041811070000000
573 -0.0112884070000000
574 -0.0084011070000000
575 -0.0008370070000000
576 0.0024734930000000
577 0.0101395930000000
578 0.0224370930000000
579 0.0322562930000000
580 0.0402551930000000
581 0.0355098930000000
582 0.0284137930000000
583 0.0304299930000000
584 0.0328542930000000
585 0.0234631930000000
586 0.0136613930000000
587 0.0176919930000000
588 0.0207572930000000
589 0.0101712930000000
590 -0.0078017070000000
591 -0.0203607070000000
592 -0.0226547070000000
593 -0.0185858070000000
594 -0.0128855070000000
595 -0.0058136070000000
596 -0.0023863070000000
597 -0.0019634070000000
598 0.0099953930000000
599 0.0240353930000000
600 0.0266217930000000
1 -0.0069997070000000
2 -0.0109802070000000
3 -0.0067126070000000
4 -0.0005725070000000
5 -0.0009291070000000
6 -0.0030954070000000
7 -0.0095144070000000
8 -0.0185184070000000
9 -0.0213918070000000
10 -0.0230663070000000
11 -0.0137983070000000
12 0.0081751930000000
13 0.0239545930000000
14 0.0325475930000000
15 0.0452511930000000
16 0.0541873930000000
17 0.0563458930000000
18 0.0602831930000000
19 0.0518181930000000
20 0.0395726930000000
21 0.0340377930000000
22 0.0280406930000000
23 0.0304401930000000
24 0.0320161930000000
25 0.0215895930000000
26 0.0140467930000000
27 0.0254988930000000
28 0.0348582930000000
29 0.0262667930000000
30 0.0081721930000000
31 -0.0037740070000000
32 -0.0052155070000000
33 -0.0022226070000000
34 0.0014784930000000
35 0.0107595930000000
36 0.0367532930000000
37 0.0679574930000000
38 0.0798781930000000
39 0.0855458930000000
40 0.0819744930000000
41 0.0550425930000000
42 0.0404393930000000
43 0.0501722930000000
44 0.0532416930000000
45 0.0592603930000000
46 0.0685838930000000
47 0.0527100930000000
48 0.0271976930000000
49 0.0109683930000000
50 0.0034251930000000
51 0.0081909930000000
52 0.0146321930000000
53 0.0186436930000000
54 0.0222616930000000
55 0.0251373930000000
56 0.0183484930000000
57 0.0043824930000000
58 0.0058038930000000
59 0.0150895930000000
60 0.0277410930000000
61 0.0340400930000000
62 0.0267311930000000
63 0.0123899930000000
64 -0.0002187070000000
65 -0.0036892070000000
66 -0.0003878070000000
67 0.0026866930000000
68 0.0126643930000000
69 0.0386359930000000
70 0.0641907930000000
71 0.0658705930000000
72 0.0511715930000000
73 0.0396337930000000
74 0.0398824930000000
75 0.0415190930000000
76 0.0177107930000000
77 -0.0241787070000000
78 -0.0368230070000000
79 -0.0307974070000000
80 -0.0263122070000000
81 -0.0256891070000000
82 -0.0228584070000000
83 -0.0130405070000000
84 0.0043417930000000
85 0.0186734930000000
86 0.0252332930000000
87 0.0204369930000000
88 0.0214377930000000
89 0.0350875930000000
90 0.0317575930000000
91 0.0190223930000000
92 0.0049834930000000
93 -0.0027679070000000
94 0.0079521930000000
95 0.0155298930000000
96 0.0167349930000000
97 0.0183622930000000
98 0.0122321930000000
99 0.0039368930000000
100 0.0045069930000000
101 0.0073191930000000
102 0.0177498930000000
103 0.0287873930000000
104 0.0238125930000000
105 0.0125834930000000
106 0.0143890930000000
107 0.0148607930000000
108 0.0146507930000000
109 0.0062154930000000
110 -0.0093853070000000
111 -0.0124067070000000
112 -0.0094278070000000
113 -0.0019036070000000
114 0.0042964930000000
115 0.0028918930000000
116 0.0005543930000000
117 -0.0037878070000000
118 -0.0058149070000000
119 -0.0033311070000000
120 0.0110574930000000
121 0.0268768930000000
122 0.0410023930000000
123 0.0487611930000000
124 0.0423521930000000
125 0.0344434930000000
126 0.0400416930000000
127 0.0474894930000000
128 0.0298534930000000
129 0.0020279930000000
130 -0.0099388070000000
131 -0.0118562070000000
132 0.0011992930000000
133 0.0271382930000000
134 0.0415503930000000
135 0.0376715930000000
136 0.0317609930000000
137 0.0289046930000000
138 0.0227173930000000
139 0.0067999930000000
140 -0.0093198070000000
141 -0.0162390070000000
142 -0.0110099070000000
143 -0.0069310070000000
144 -0.0092112070000000
145 -0.0114802070000000
146 -0.0131511070000000
147 -0.0067223070000000
148 0.0023530930000000
149 0.0020856930000000
150 -0.0026996070000000
151 -0.0064174070000000
152 -0.0027795070000000
153 0.0069840930000000
154 0.0207917930000000
155 0.0303165930000000
156 0.0360958930000000
157 0.0362689930000000
158 0.0494578930000000
159 0.0552700930000000
160 0.0467295930000000
161 0.0401537930000000
162 0.0352126930000000
163 0.0278079930000000
164 0.0184385930000000
165 0.0065303930000000
166 0.0032409930000000
167 0.0101423930000000
168 0.0180536930000000
169 0.0269482930000000
170 0.0253872930000000
171 0.0146472930000000
172 0.0115098930000000
173 0.0164020930000000
174 0.0135707930000000
175 0.0127785930000000
176 0.0236517930000000
177 0.0308708930000000
178 0.0336585930000000
179 0.0393850930000000
180 0.0466853930000000
181 0.0608941930000000
182 0.0787808930000000
183 0.0939235930000000
184 0.0966134930000000
185 0.0784807930000000
186 0.0622866930000000
187 0.0578074930000000
188 0.0452974930000000
189 0.0211267930000000
190 0.0043992930000000
191 -0.0040214070000000
192 -0.0119701070000000
193 -0.0148149070000000
194 -0.0148322070000000
195 -0.0149831070000000
196 -0.0086513070000000
197 0.0032060930000000
198 0.0046642930000000
199 -0.0027574070000000
200 -0.0067147070000000
201 -0.0045415070000000
202 -0.0009763070000000
203 -0.0056893070000000
204 -0.0097503070000000
205 0.0020294930000000
206 0.0212413930000000
207 0.0282017930000000
208 0.0230774930000000
209 0.0151957930000000
210 0.0022198930000000
211 -0.0008153070000000
212 0.0157204930000000
213 0.0433655930000000
214 0.0599282930000000
215 0.0609646930000000
216 0.0507979930000000
217 0.0285325930000000
218 0.0125932930000000
219 0.0270560930000000
220 0.0466239930000000
221 0.0593369930000000
222 0.0592142930000000
223 0.0580260930000000
224 0.0502498930000000
225 0.0346366930000000
226 0.0336725930000000
227 0.0500272930000000
228 0.0667487930000000
229 0.0647336930000000
230 0.0527417930000000
231 0.0292941930000000
232 0.0110617930000000
233 0.0130942930000000
234 0.0314307930000000
235 0.0432248930000000
236 0.0395428930000000
237 0.0540017930000000
238 0.0675711930000000
239 0.0638656930000000
240 0.0540716930000000
241 0.0588305930000000
242 0.0795578930000000
243 0.0970130930000000
244 0.0908821930000000
245 0.0787005930000000
246 0.0773265930000000
247 0.0672932930000000
248 0.0592345930000000
249 0.0522713930000000
250 0.0522332930000000
251 0.0701647930000000
252 0.0934371930000000
253 0.0933260930000000
254 0.0812738930000000
255 0.0751704930000000
256 0.0675963930000000
257 0.0560755930000000
258 0.0457297930000000
259 0.0317494930000000
260 0.0207644930000000
261 0.0089402930000000
262 -0.0049570070000000
263 -0.0065557070000000
264 0.0002432930000000
265 0.0131458930000000
266 0.0324668930000000
267 0.0443751930000000
268 0.0430361930000000
269 0.0567437930000000
270 0.0823400930000000
271 0.0977401930000000
272 0.1038675930000000
273 0.0913267930000000
274 0.0753788930000000
275 0.0649730930000000
276 0.0532656930000000
277 0.0564323930000000
278 0.0548311930000000
279 0.0453614930000000
280 0.0389294930000000
281 0.0396529930000000
282 0.0407141930000000
283 0.0389712930000000
284 0.0462842930000000
285 0.0477647930000000
286 0.0330995930000000
287 0.0184382930000000
288 0.0175653930000000
289 0.0219817930000000
290 0.0150467930000000
291 -0.0045286070000000
292 -0.0151062070000000
293 -0.0210551070000000
294 -0.0191030070000000
295 -0.0092691070000000
296 0.0033183930000000
297 0.0159157930000000
298 0.0182550930000000
299 0.0256756930000000
300 0.0431506930000000
301 0.0591734930000000
302 0.0859301930000000
303 0.1088946930000000
304 0.1117138930000000
305 0.1041129930000000
306 0.1080445930000000
307 0.1102698930000000
308 0.0943504930000000
309 0.0857830930000000
310 0.0733751930000000
311 0.0544595930000000
312 0.0606339930000000
313 0.0886858930000000
314 0.1097750930000000
315 0.1339582930000000
316 0.1406032930000000
317 0.1143840930000000
318 0.0758091930000000
319 0.0491569930000000
320 0.0380634930000000
321 0.0429032930000000
322 0.0428968930000000
323 0.0367429930000000
324 0.0423267930000000
325 0.0456005930000000
326 0.0400482930000000
327 0.0389283930000000
328 0.0362580930000000
329 0.0312763930000000
330 0.0270451930000000
331 0.0405267930000000
332 0.0526308930000000
333 0.0341250930000000
334 0.0168360930000000
335 0.0145173930000000
336 0.0199735930000000
337 0.0356974930000000
338 0.0325450930000000
339 0.0099641930000000
340 -0.0114677070000000
341 -0.0132784070000000
342 -0.0020095070000000
343 0.0041579930000000
344 0.0106584930000000
345 0.0144631930000000
346 0.0169840930000000
347 0.0231002930000000
348 0.0288272930000000
349 0.0283427930000000
350 0.0246618930000000
351 0.0294661930000000
352 0.0428230930000000
353 0.0489319930000000
354 0.0472143930000000
355 0.0454029930000000
356 0.0469010930000000
357 0.0501444930000000
358 0.0513433930000000
359 0.0535377930000000
360 0.0508918930000000
361 0.0474436930000000
362 0.0512519930000000
363 0.0414252930000000
364 0.0213112930000000
365 0.0134203930000000
366 0.0202759930000000
367 0.0223687930000000
368 0.0240994930000000
369 0.0265725930000000
370 0.0297499930000000
371 0.0439841930000000
372 0.0725500930000000
373 0.0891225930000000
374 0.0765941930000000
375 0.0505894930000000
376 0.0303390930000000
377 0.0169733930000000
378 0.0082296930000000
379 0.0116975930000000
380 0.0138896930000000
381 0.0181529930000000
382 0.0182787930000000
383 0.0064086930000000
384 -0.0014468070000000
385 -0.0035863070000000
386 -0.0031800070000000
387 0.0048519930000000
388 0.0106825930000000
389 0.0099915930000000
390 0.0118799930000000
391 0.0211051930000000
392 0.0300644930000000
393 0.0222028930000000
394 0.0008191930000000
395 -0.0098370070000000
396 -0.0066535070000000
397 0.0110855930000000
398 0.0286280930000000
399 0.0262183930000000
400 0.0161260930000000
401 0.0081616930000000
402 0.0026673930000000
403 -0.0041426070000000
404 -0.0035741070000000
405 -0.0001002070000000
406 -0.0019112070000000
407 -0.0082019070000000
408 -0.0132256070000000
409 -0.0031773070000000
410 0.0139551930000000
411 0.0171044930000000
412 0.0176637930000000
413 0.0193437930000000
414 0.0182571930000000
415 0.0253360930000000
416 0.0366460930000000
417 0.0372118930000000
418 0.0316233930000000
419 0.0273202930000000
420 0.0263416930000000
421 0.0337573930000000
422 0.0450349930000000
423 0.0592896930000000
424 0.0693122930000000
425 0.0451770930000000
426 0.0201923930000000
427 0.0342324930000000
428 0.0568279930000000
429 0.0457544930000000
430 0.0213675930000000
431 0.0158129930000000
432 0.0225186930000000
433 0.0273760930000000
434 0.0264795930000000
435 0.0127526930000000
436 -0.0025419070000000
437 -0.0107577070000000
438 -0.0027124070000000
439 0.0008288930000000
440 0.0000435930000000
441 0.0054761930000000
442 0.0078488930000000
443 0.0164409930000000
444 0.0233005930000000
445 0.0290057930000000
446 0.0426461930000000
447 0.0478329930000000
448 0.0539266930000000
449 0.0527658930000000
450 0.0573620930000000
451 0.0619447930000000
452 0.0742358930000000
453 0.0954279930000000
454 0.0884565930000000
455 0.0620749930000000
456 0.0423285930000000
457 0.0446208930000000
458 0.0566449930000000
459 0.0538894930000000
460 0.0544035930000000
461 0.0640477930000000
462 0.0685644930000000
463 0.0629452930000000
464 0.0571099930000000
465 0.0551332930000000
466 0.0610053930000000
467 0.0672876930000000
468 0.0649538930000000
469 0.0516144930000000
470 0.0427370930000000
471 0.0438958930000000
472 0.0496296930000000
473 0.0556859930000000
474 0.0587039930000000
475 0.0589774930000000
476 0.0607952930000000
477 0.0654546930000000
478 0.0766083930000000
479 0.0852439930000000
480 0.0950561930000000
481 0.1080202930000000
482 0.1122803930000000
483 0.0989311930000000
484 0.0843638930000000
485 0.0680521930000000
486 0.0500795930000000
487 0.0391523930000000
488 0.0271266930000000
489 0.0127128930000000
490 0.0027345930000000
491 0.0052329930000000
492 0.0154184930000000
493 0.0236112930000000
494 0.0239707930000000
495 0.0270185930000000
496 0.0383868930000000
497 0.0489495930000000
498 0.0545349930000000
499 0.0479227930000000
500 0.0339826930000000
501 0.0219060930000000
502 0.0048550930000000
503 -0.0133728070000000
504 -0.0140940070000000
505 -0.0006644070000000
506 0.0178277930000000
507 0.0292497930000000
508 0.0342961930000000
509 0.0428375930000000
510 0.0421502930000000
511 0.0323252930000000
512 0.0216624930000000
513 0.0161642930000000
514 0.0117927930000000
515 0.0213758930000000
516 0.0334635930000000
517 0.0374631930000000
518 0.0297223930000000
519 0.0189067930000000
520 0.0138964930000000
521 0.0191749930000000
522 0.0272284930000000
523 0.0281705930000000
524 0.0101075930000000
525 -0.0075934070000000
526 -0.0094665070000000
527 -0.0003291070000000
528 0.0008369930000000
529 -0.0050417070000000
530 -0.0075845070000000
531 -0.0052106070000000
532 0.0028378930000000
533 0.0075306930000000
534 0.0218352930000000
535 0.0350104930000000
536 0.0410596930000000
537 0.0466277930000000
538 0.0468700930000000
539 0.0457213930000000
540 0.0401898930000000
541 0.0267973930000000
542 0.0265967930000000
543 0.0248276930000000
544 0.0173327930000000
545 0.0191897930000000
546 0.0292654930000000
547 0.0391532930000000
548 0.0315471930000000
549 0.0133054930000000
550 -0.0005933070000000
551 -0.0107705070000000
552 -0.0091348070000000
553 -0.0060882070000000
554 -0.0016857070000000
555 0.0106484930000000
556 0.0208929930000000
557 0.0284017930000000
558 0.0350690930000000
559 0.0353093930000000
560 0.0394278930000000
561 0.0314439930000000
562 0.0125957930000000
563 0.0013625930000000
564 0.0040350930000000
565 0.0109239930000000
566 0.0057358930000000
567 0.0013823930000000
568 -0.0124658070000000
569 -0.0258909070000000
570 -0.0257115070000000
571 -0.0161002070000000
572 -0.0036882070000000
573 0.0085991930000000
574 0.0172932930000000
575 0.0335491930000000
576 0.0430465930000000
577 0.0299899930000000
578 0.0054630930000000
579 -0.0000971070000000
580 0.0050165930000000
581 0.0100056930000000
582 0.0197284930000000
583 0.0319714930000000
584 0.0217561930000000
585 0.0023960930000000
586 -0.0072557070000000
587 0.0009340930000000
588 0.0154481930000000
589 0.0259334930000000
590 0.0264637930000000
591 0.0204693930000000
592 0.0227841930000000
593 0.0300453930000000
594 0.0327186930000000
595 0.0288441930000000
596 0.0258188930000000
597 0.0293630930000000
598 0.0360937930000000
599 0.0415250930000000
600 0.0427030930000000
1 -0.0135735070000000
2 -0.0060724070000000
3 0.0005540930000000
4 0.0031802930000000
5 0.0010498930000000
6 -0.0103200070000000
7 -0.0120831070000000
8 -0.0003347070000000
9 0.0052193930000000
10 0.0061100930000000
11 0.0058270930000000
12 0.0000443930000000
13 0.0076835930000000
14 0.0226140930000000
15 0.0305889930000000
16 0.0165408930000000
17 0.0030969930000000
18 -0.0050241070000000
19 -0.0138118070000000
20 -0.0081155070000000
21 0.0010807930000000
22 0.0106517930000000
23 0.0251652930000000
24 0.0351305930000000
25 0.0403714930000000
26 0.0434745930000000
27 0.0367458930000000
28 0.0270340930000000
29 0.0318052930000000
30 0.0375109930000000
31 0.0282674930000000
32 0.0220478930000000
33 0.0393137930000000
34 0.0702284930000000
35 0.0742974930000000
36 0.0648499930000000
37 0.0566057930000000
38 0.0386627930000000
39 0.0171599930000000
40 0.0230182930000000
41 0.0487204930000000
42 0.0665230930000000
43 0.0634243930000000
44 0.0600906930000000
45 0.0481538930000000
46 0.0242941930000000
47 0.0112718930000000
48 0.0107259930000000
49 0.0170436930000000
50 0.0232930930000000
51 0.0263760930000000
52 0.0172168930000000
53 0.0123569930000000
54 0.0107746930000000
55 0.0246793930000000
56 0.0438745930000000
57 0.0519765930000000
58 0.0525783930000000
59 0.0547940930000000
60 0.0544789930000000
61 0.0462333930000000
62 0.0431880930000000
63 0.0364937930000000
64 0.0193687930000000
65 -0.0020933070000000
66 -0.0271284070000000
67 -0.0251289070000000
68 -0.0038544070000000
69 0.0055602930000000
70 0.0040951930000000
71 -0.0057839070000000
72 -0.0090935070000000
73 -0.0026281070000000
74 -0.0028465070000000
75 -0.0116220070000000
76 -0.0202724070000000
77 -0.0140960070000000
78 0.0041347930000000
79 0.0104165930000000
80 -0.0020685070000000
81 -0.0133756070000000
82 -0.0104430070000000
83 0.0045531930000000
84 0.0186024930000000
85 0.0331044930000000
86 0.0424589930000000
87 0.0374108930000000
88 0.0273947930000000
89 0.0219671930000000
90 0.0209405930000000
91 0.0303752930000000
92 0.0273757930000000
93 -0.0000739070000000
94 -0.0169633070000000
95 -0.0053440070000000
96 0.0187869930000000
97 0.0306417930000000
98 0.0362412930000000
99 0.0360648930000000
100 0.0171363930000000
101 -0.0121332070000000
102 -0.0179658070000000
103 -0.0044819070000000
104 0.0025761930000000
105 0.0116741930000000
106 0.0222450930000000
107 0.0293381930000000
108 0.0360717930000000
109 0.0433306930000000
110 0.0399312930000000
111 0.0163394930000000
112 -0.0084314070000000
113 -0.0075166070000000
114 0.0147592930000000
115 0.0323851930000000
116 0.0301640930000000
117 0.0194332930000000
118 0.0120886930000000
119 0.0105440930000000
120 0.0073392930000000
121 0.0128439930000000
122 0.0191322930000000
123 0.0133219930000000
124 0.0179716930000000
125 0.0304312930000000
126 0.0334185930000000
127 0.0176921930000000
128 -0.0025052070000000
129 -0.0134549070000000
130 -0.0122656070000000
131 0.0068114930000000
132 0.0389912930000000
133 0.0627601930000000
134 0.0730784930000000
135 0.0816992930000000
136 0.0922501930000000
137 0.0953725930000000
138 0.0977782930000000
139 0.0860291930000000
140 0.0468978930000000
141 0.0102165930000000
142 0.0073430930000000
143 0.0241540930000000
144 0.0320770930000000
145 0.0376801930000000
146 0.0386146930000000
147 0.0346895930000000
148 0.0361072930000000
149 0.0414831930000000
150 0.0467918930000000
151 0.0489597930000000
152 0.0299485930000000
153 0.0130483930000000
154 0.0169367930000000
155 0.0337765930000000
156 0.0459661930000000
157 0.0443883930000000
158 0.0466931930000000
159 0.0518700930000000
160 0.0548649930000000
161 0.0497172930000000
162 0.0395062930000000
163 0.0298145930000000
164 0.0412162930000000
165 0.0570801930000000
166 0.0694673930000000
167 0.0927807930000000
168 0.0931663930000000
169 0.0631188930000000
170 0.0407832930000000
171 0.0256423930000000
172 0.0277976930000000
173 0.0353454930000000
174 0.0306580930000000
175 -0.0006325070000000
176 -0.0309351070000000
177 -0.0241201070000000
178 0.0007284930000000
179 0.0066240930000000
180 0.0019149930000000
181 0.0097110930000000
182 0.0280777930000000
183 0.0410582930000000
184 0.0388609930000000
185 0.0299280930000000
186 0.0179143930000000
187 0.0213815930000000
188 0.0509132930000000
189 0.0665983930000000
190 0.0569357930000000
191 0.0444860930000000
192 0.0246901930000000
193 0.0188948930000000
194 0.0430808930000000
195 0.0636255930000000
196 0.0611166930000000
197 0.0610801930000000
198 0.0705548930000000
199 0.0679200930000000
200 0.0561761930000000
201 0.0346816930000000
202 0.0189796930000000
203 0.0012218930000000
204 -0.0063625070000000
205 0.0096578930000000
206 0.0269262930000000
207 0.0476815930000000
208 0.0669298930000000
209 0.0730232930000000
210 0.0773904930000000
211 0.0793701930000000
212 0.0629303930000000
213 0.0336291930000000
214 0.0160678930000000
215 0.0116621930000000
216 0.0020519930000000
217 -0.0081044070000000
218 -0.0049883070000000
219 0.0129596930000000
220 0.0353017930000000
221 0.0607758930000000
222 0.0787799930000000
223 0.0740686930000000
224 0.0591106930000000
225 0.0538640930000000
226 0.0490028930000000
227 0.0329240930000000
228 0.0222362930000000
229 0.0227769930000000
230 0.0130258930000000
231 -0.0004359070000000
232 0.0038376930000000
233 0.0046544930000000
234 -0.0021261070000000
235 -0.0042757070000000
236 0.0038059930000000
237 0.0203445930000000
238 0.0317368930000000
239 0.0287118930000000
240 0.0320373930000000
241 0.0408182930000000
242 0.0374808930000000
243 0.0367377930000000
244 0.0453691930000000
245 0.0508898930000000
246 0.0483100930000000
247 0.0410119930000000
248 0.0460905930000000
249 0.0347570930000000
250 0.0036222930000000
251 0.0025819930000000
252 0.0068776930000000
253 -0.0006318070000000
254 -0.0045139070000000
255 0.0028779930000000
256 0.0123378930000000
257 0.0190495930000000
258 0.0212349930000000
259 0.0213239930000000
260 0.0205191930000000
261 0.0091102930000000
262 -0.0011358070000000
263 0.0057999930000000
264 0.0160078930000000
265 0.0151726930000000
266 0.0019089930000000
267 0.0005165930000000
268 0.0026551930000000
269 -0.0086068070000000
270 -0.0144617070000000
271 -0.0021239070000000
272 0.0091465930000000
273 0.0261898930000000
274 0.0349355930000000
275 0.0372605930000000
276 0.0427314930000000
277 0.0379221930000000
278 0.0191080930000000
279 -0.0088534070000000
280 -0.0203889070000000
281 -0.0185780070000000
282 -0.0159463070000000
283 -0.0008228070000000
284 0.0098539930000000
285 0.0101259930000000
286 0.0017091930000000
287 -0.0101977070000000
288 -0.0083560070000000
289 0.0004766930000000
290 0.0196380930000000
291 0.0251207930000000
292 0.0234229930000000
293 0.0254470930000000
294 0.0282787930000000
295 0.0219489930000000
296 0.0064247930000000
297 0.0032296930000000
298 0.0114215930000000
299 0.0176147930000000
300 0.0188893930000000
301 0.0277169930000000
302 0.0325766930000000
303 0.0369364930000000
304 0.0595136930000000
305 0.0703926930000000
306 0.0461963930000000
307 0.0220938930000000
308 0.0215303930000000
309 0.0389434930000000
310 0.0554686930000000
311 0.0633588930000000
312 0.0810714930000000
313 0.0978499930000000
314 0.0812784930000000
315 0.0537607930000000
316 0.0436343930000000
317 0.0333214930000000
318 0.0068069930000000
319 -0.0100679070000000
320 -0.0081127070000000
321 0.0019406930000000
322 0.0110421930000000
323 0.0098535930000000
324 0.0104513930000000
325 0.0133981930000000
326 0.0258018930000000
327 0.0461067930000000
328 0.0619327930000000
329 0.0689093930000000
330 0.0726004930000000
331 0.0729751930000000
332 0.0635510930000000
333 0.0581627930000000
334 0.0666385930000000
335 0.0732483930000000
336 0.0872472930000000
337 0.0889722930000000
338 0.0567234930000000
339 0.0246720930000000
340 0.0068138930000000
341 -0.0121419070000000
342 -0.0142615070000000
343 -0.0036187070000000
344 0.0102538930000000
345 0.0332702930000000
346 0.0518308930000000
347 0.0427127930000000
348 0.0224225930000000
349 0.0203540930000000
350 0.0389574930000000
351 0.0437817930000000
352 0.0326070930000000
353 0.0362179930000000
354 0.0298457930000000
355 0.0182658930000000
356 0.0111114930000000
357 0.0158398930000000
358 0.0267513930000000
359 0.0328411930000000
360 0.0447287930000000
361 0.0437297930000000
362 0.0350350930000000
363 0.0326844930000000
364 0.0305339930000000
365 0.0305113930000000
366 0.0365023930000000
367 0.0440799930000000
368 0.0412678930000000
369 0.0262495930000000
370 0.0139174930000000
371 0.0200686930000000
372 0.0209640930000000
373 0.0028193930000000
374 -0.0166131070000000
375 -0.0240647070000000
376 -0.0236652070000000
377 -0.0179345070000000
378 -0.0135719070000000
379 -0.0058120070000000
380 0.0042817930000000
381 0.0028549930000000
382 -0.0029985070000000
383 -0.0100371070000000
384 -0.0085449070000000
385 -0.0044283070000000
386 -0.0019553070000000
387 -0.0001084070000000
388 -0.0008939070000000
389 -0.0009058070000000
390 -0.0009593070000000
391 0.0010983930000000
392 0.0168941930000000
393 0.0343907930000000
394 0.0302290930000000
395 0.0015519930000000
396 -0.0138192070000000
397 -0.0052427070000000
398 0.0227368930000000
399 0.0678931930000000
400 0.1021700930000000
401 0.1100138930000000
402 0.1131526930000000
403 0.1305320930000000
404 0.1282302930000000
405 0.1042029930000000
406 0.0808752930000000
407 0.0705825930000000
408 0.0514801930000000
409 0.0400220930000000
410 0.0503527930000000
411 0.0608969930000000
412 0.0613620930000000
413 0.0684031930000000
414 0.0836954930000000
415 0.0801704930000000
416 0.0711606930000000
417 0.0706480930000000
418 0.0660735930000000
419 0.0610324930000000
420 0.0623219930000000
421 0.0671903930000000
422 0.0569512930000000
423 0.0335052930000000
424 0.0189375930000000
425 0.0081406930000000
426 0.0027918930000000
427 0.0266664930000000
428 0.0686322930000000
429 0.0796872930000000
430 0.0578820930000000
431 0.0271100930000000
432 -0.0027519070000000
433 -0.0085684070000000
434 0.0090666930000000
435 0.0172938930000000
436 0.0069401930000000
437 -0.0034507070000000
438 -0.0091157070000000
439 -0.0158571070000000
440 -0.0133979070000000
441 0.0000347930000000
442 0.0162679930000000
443 0.0306196930000000
444 0.0343410930000000
445 0.0392159930000000
446 0.0520275930000000
447 0.0644714930000000
448 0.0633455930000000
449 0.0461116930000000
450 0.0354025930000000
451 0.0333059930000000
452 0.0176473930000000
453 0.0089866930000000
454 0.0094064930000000
455 0.0076303930000000
456 0.0067035930000000
457 0.0015624930000000
458 -0.0103827070000000
459 -0.0074798070000000
460 0.0083022930000000
461 0.0124160930000000
462 0.0063533930000000
463 -0.0012194070000000
464 -0.0014401070000000
465 0.0079900930000000
466 0.0093910930000000
467 -0.0029593070000000
468 -0.0016517070000000
469 0.0172379930000000
470 0.0436177930000000
471 0.0523115930000000
472 0.0461720930000000
473 0.0438280930000000
474 0.0478208930000000
475 0.0452053930000000
476 0.0373207930000000
477 0.0279237930000000
478 0.0223039930000000
479 0.0297981930000000
480 0.0298681930000000
481 0.0080606930000000
482 -0.0110576070000000
483 -0.0054650070000000
484 -0.0017356070000000
485 -0.0001845070000000
486 -0.0012286070000000
487 -0.0124110070000000
488 -0.0237629070000000
489 -0.0351107070000000
490 -0.0399834070000000
491 -0.0392090070000000
492 -0.0379348070000000
493 -0.0224609070000000
494 0.0009971930000000
495 0.0146080930000000
496 0.0272763930000000
497 0.0465175930000000
498 0.0600334930000000
499 0.0546332930000000
500 0.0347343930000000
501 0.0199685930000000
502 0.0136637930000000
503 0.0159136930000000
504 0.0081355930000000
505 -0.0133789070000000
506 -0.0249414070000000
507 -0.0165756070000000
508 -0.0005331070000000
509 0.0207492930000000
510 0.0286447930000000
511 0.0055902930000000
512 -0.0189603070000000
513 -0.0123970070000000
514 0.0022088930000000
515 0.0118672930000000
516 0.0196552930000000
517 0.0197145930000000
518 0.0242937930000000
519 0.0222945930000000
520 0.0159950930000000
521 0.0349231930000000
522 0.0488071930000000
523 0.0315295930000000
524 0.0137811930000000
525 0.0115545930000000
526 0.0144732930000000
527 0.0000372930000000
528 -0.0230065070000000
529 -0.0092801070000000
530 0.0216314930000000
531 0.0153014930000000
532 -0.0163196070000000
533 -0.0298303070000000
534 -0.0236465070000000
535 -0.0164937070000000
536 -0.0077883070000000
537 -0.0023672070000000
538 -0.0134247070000000
539 -0.0248186070000000
540 -0.0215778070000000
541 -0.0054147070000000
542 0.0087192930000000
543 0.0184733930000000
544 0.0246526930000000
545 0.0240397930000000
546 0.0310173930000000
547 0.0467105930000000
548 0.0575922930000000
549 0.0550665930000000
550 0.0343873930000000
551 0.0192745930000000
552 0.0315482930000000
553 0.0574170930000000
554 0.0713238930000000
555 0.0672069930000000
556 0.0535973930000000
557 0.0356504930000000
558 0.0188326930000000
559 -0.0026454070000000
560 -0.0146635070000000
561 -0.0088939070000000
562 -0.0040992070000000
563 -0.0058800070000000
564 -0.0105698070000000
565 0.0002474930000000
566 0.0152110930000000
567 0.0224140930000000
568 0.0208949930000000
569 0.0177266930000000
570 0.0230997930000000
571 0.0372844930000000
572 0.0421054930000000
573 0.0308054930000000
574 0.0226818930000000
575 0.0235646930000000
576 0.0226415930000000
577 0.0203254930000000
578 0.0290667930000000
579 0.0206444930000000
580 0.0036833930000000
581 0.0198140930000000
582 0.0478273930000000
583 0.0480265930000000
584 0.0270311930000000
585 -0.0069291070000000
586 -0.0440786070000000
587 -0.0549138070000000
588 -0.0425215070000000
589 -0.0292412070000000
590 -0.0216566070000000
591 -0.0130175070000000
592 -0.0100100070000000
593 -0.0095281070000000
594 -0.0041546070000000
595 -0.0033859070000000
596 -0.0066682070000000
597 -0.0094304070000000
598 -0.0166349070000000
599 -0.0231914070000000
600 -0.0254487070000000
1 0.0408784930000000
2 0.0309389930000000
3 0.0326309930000000
4 0.0395919930000000
5 0.0310981930000000
6 0.0336001930000000
7 0.0454333930000000
8 0.0499570930000000
9 0.0431835930000000
10 0.0310190930000000
11 0.0374379930000000
12 0.0461224930000000
13 0.0422844930000000
14 0.0341835930000000
15 0.0167212930000000
16 0.0069612930000000
17 -0.0067895070000000
18 -0.0236295070000000
19 -0.0300897070000000
20 -0.0187912070000000
21 0.0029217930000000
22 0.0231125930000000
23 0.0385369930000000
24 0.0525324930000000
25 0.0593107930000000
26 0.0539520930000000
27 0.0349525930000000
28 0.0056405930000000
29 -0.0120926070000000
30 -0.0165960070000000
31 -0.0143002070000000
32 -0.0008182070000000
33 0.0197086930000000
34 0.0224434930000000
35 0.0249135930000000
36 0.0336841930000000
37 0.0253125930000000
38 0.0129969930000000
39 0.0169594930000000
40 0.0170696930000000
41 0.0305039930000000
42 0.0471191930000000
43 0.0479985930000000
44 0.0316273930000000
45 0.0303853930000000
46 0.0546734930000000
47 0.0803697930000000
48 0.0939321930000000
49 0.0855931930000000
50 0.0687523930000000
51 0.0604889930000000
52 0.0509406930000000
53 0.0409349930000000
54 0.0399825930000000
55 0.0371098930000000
56 0.0406932930000000
57 0.0460533930000000
58 0.0370281930000000
59 0.0240356930000000
60 0.0201254930000000
61 0.0226150930000000
62 0.0223424930000000
63 0.0126340930000000
64 0.0058057930000000
65 0.0160003930000000
66 0.0316086930000000
67 0.0418253930000000
68 0.0520300930000000
69 0.0690041930000000
70 0.0892805930000000
71 0.0999300930000000
72 0.0941408930000000
73 0.0881166930000000
74 0.0848998930000000
75 0.0653713930000000
76 0.0421873930000000
77 0.0470874930000000
78 0.0541705930000000
79 0.0352418930000000
80 0.0158097930000000
81 0.0270983930000000
82 0.0451173930000000
83 0.0327087930000000
84 0.0230176930000000
85 0.0348461930000000
86 0.0471008930000000
87 0.0321409930000000
88 0.0063124930000000
89 -0.0072652070000000
90 -0.0117344070000000
91 -0.0177224070000000
92 -0.0314630070000000
93 -0.0356871070000000
94 -0.0235741070000000
95 -0.0199299070000000
96 -0.0193847070000000
97 -0.0049815070000000
98 -0.0044201070000000
99 -0.0113365070000000
100 -0.0110239070000000
101 -0.0033638070000000
102 0.0084738930000000
103 0.0067949930000000
104 -0.0023534070000000
105 -0.0081259070000000
106 -0.0154206070000000
107 -0.0150904070000000
108 -0.0021977070000000
109 0.0235434930000000
110 0.0456534930000000
111 0.0517832930000000
112 0.0459151930000000
113 0.0412276930000000
114 0.0325587930000000
115 0.0168220930000000
116 0.0011519930000000
117 -0.0144601070000000
118 -0.0124754070000000
119 0.0011352930000000
120 0.0119327930000000
121 0.0060623930000000
122 0.0022358930000000
123 0.0077191930000000
124 0.0145867930000000
125 0.0216088930000000
126 0.0259477930000000
127 0.0277707930000000
128 0.0348143930000000
129 0.0477921930000000
130 0.0471526930000000
131 0.0306039930000000
132 0.0239914930000000
133 0.0297484930000000
134 0.0296322930000000
135 0.0262155930000000
136 0.0287426930000000
137 0.0372200930000000
138 0.0489360930000000
139 0.0654037930000000
140 0.0811531930000000
141 0.0998019930000000
142 0.1188854930000000
143 0.1230624930000000
144 0.1063180930000000
145 0.0776741930000000
146 0.0634213930000000
147 0.0522585930000000
148 0.0421805930000000
149 0.0434139930000000
150 0.0360796930000000
151 0.0144578930000000
152 0.0009706930000000
153 0.0136354930000000
154 0.0486809930000000
155 0.0773711930000000
156 0.0763856930000000
157 0.0687253930000000
158 0.0621145930000000
159 0.0458638930000000
160 0.0311551930000000
161 0.0252039930000000
162 0.0184580930000000
163 0.0123939930000000
164 0.0170821930000000
165 0.0227033930000000
166 0.0246513930000000
167 0.0223810930000000
168 0.0280851930000000
169 0.0388775930000000
170 0.0512762930000000
171 0.0552321930000000
172 0.0462404930000000
173 0.0385288930000000
174 0.0353061930000000
175 0.0337033930000000
176 0.0214368930000000
177 0.0032440930000000
178 0.0078138930000000
179 0.0255272930000000
180 0.0453500930000000
181 0.0570091930000000
182 0.0538673930000000
183 0.0417964930000000
184 0.0399850930000000
185 0.0509783930000000
186 0.0554339930000000
187 0.0584122930000000
188 0.0679415930000000
189 0.0773102930000000
190 0.0670445930000000
191 0.0433111930000000
192 0.0352126930000000
193 0.0351539930000000
194 0.0343507930000000
195 0.0369146930000000
196 0.0298099930000000
197 0.0194239930000000
198 0.0274598930000000
199 0.0409634930000000
200 0.0370614930000000
201 0.0367153930000000
202 0.0350751930000000
203 0.0302711930000000
204 0.0480372930000000
205 0.0705224930000000
206 0.0805600930000000
207 0.0852780930000000
208 0.0760069930000000
209 0.0550740930000000
210 0.0420871930000000
211 0.0449803930000000
212 0.0503600930000000
213 0.0522644930000000
214 0.0559494930000000
215 0.0487339930000000
216 0.0305506930000000
217 0.0190452930000000
218 0.0208986930000000
219 0.0229182930000000
220 0.0234824930000000
221 0.0396350930000000
222 0.0556661930000000
223 0.0609049930000000
224 0.0433264930000000
225 0.0205799930000000
226 0.0150513930000000
227 0.0222944930000000
228 0.0265804930000000
229 0.0235677930000000
230 0.0051842930000000
231 -0.0148381070000000
232 -0.0240730070000000
233 -0.0233281070000000
234 -0.0209068070000000
235 -0.0314093070000000
236 -0.0424454070000000
237 -0.0333215070000000
238 -0.0280124070000000
239 -0.0309332070000000
240 -0.0206180070000000
241 -0.0015731070000000
242 0.0083930930000000
243 0.0129940930000000
244 0.0217831930000000
245 0.0271600930000000
246 0.0293297930000000
247 0.0245813930000000
248 0.0179498930000000
249 0.0080485930000000
250 -0.0015017070000000
251 -0.0034168070000000
252 0.0005525930000000
253 0.0042913930000000
254 0.0027234930000000
255 -0.0026929070000000
256 -0.0075555070000000
257 -0.0071949070000000
258 0.0000589930000000
259 0.0022410930000000
260 0.0037800930000000
261 0.0096085930000000
262 0.0099013930000000
263 0.0058490930000000
264 0.0173422930000000
265 0.0432130930000000
266 0.0518937930000000
267 0.0536953930000000
268 0.0651654930000000
269 0.0810131930000000
270 0.0945641930000000
271 0.0994112930000000
272 0.0852536930000000
273 0.0540420930000000
274 0.0212018930000000
275 0.0138339930000000
276 0.0222570930000000
277 0.0352352930000000
278 0.0368166930000000
279 0.0542643930000000
280 0.0848300930000000
281 0.0986118930000000
282 0.0965043930000000
283 0.0749269930000000
284 0.0350028930000000
285 0.0218078930000000
286 0.0280099930000000
287 0.0251120930000000
288 0.0189756930000000
289 0.0194928930000000
290 0.0172839930000000
291 0.0129285930000000
292 0.0127794930000000
293 0.0039606930000000
294 -0.0133238070000000
295 -0.0249921070000000
296 -0.0273815070000000
297 -0.0212385070000000
298 -0.0114441070000000
299 0.0072032930000000
300 0.0318837930000000
301 0.0454950930000000
302 0.0454248930000000
303 0.0403749930000000
304 0.0420228930000000
305 0.0443538930000000
306 0.0495719930000000
307 0.0536691930000000
308 0.0658426930000000
309 0.0870042930000000
310 0.1064989930000000
311 0.1164156930000000
312 0.1014913930000000
313 0.0974335930000000
314 0.0943250930000000
315 0.0674034930000000
316 0.0393624930000000
317 0.0312643930000000
318 0.0394457930000000
319 0.0399535930000000
320 0.0428815930000000
321 0.0314509930000000
322 0.0141539930000000
323 0.0100652930000000
324 0.0069474930000000
325 0.0143390930000000
326 0.0325923930000000
327 0.0385716930000000
328 0.0336220930000000
329 0.0230242930000000
330 0.0219823930000000
331 0.0370432930000000
332 0.0466752930000000
333 0.0429889930000000
334 0.0383550930000000
335 0.0446784930000000
336 0.0375993930000000
337 0.0057152930000000
338 -0.0203216070000000
339 -0.0162992070000000
340 -0.0072824070000000
341 0.0029658930000000
342 0.0141407930000000
343 0.0180324930000000
344 0.0227279930000000
345 0.0334412930000000
346 0.0562864930000000
347 0.0826668930000000
348 0.0917061930000000
349 0.0858899930000000
350 0.0834570930000000
351 0.0741352930000000
352 0.0580450930000000
353 0.0552883930000000
354 0.0502501930000000
355 0.0459892930000000
356 0.0464940930000000
357 0.0460050930000000
358 0.0460276930000000
359 0.0344248930000000
360 0.0120258930000000
361 0.0035536930000000
362 0.0199899930000000
363 0.0323235930000000
364 0.0468471930000000
365 0.0733576930000000
366 0.0825320930000000
367 0.0711828930000000
368 0.0506239930000000
369 0.0392888930000000
370 0.0359756930000000
371 0.0393042930000000
372 0.0471679930000000
373 0.0463952930000000
374 0.0412158930000000
375 0.0443670930000000
376 0.0476921930000000
377 0.0460929930000000
378 0.0426712930000000
379 0.0339848930000000
380 0.0299431930000000
381 0.0329096930000000
382 0.0297688930000000
383 0.0139230930000000
384 0.0010072930000000
385 0.0047026930000000
386 0.0246456930000000
387 0.0319773930000000
388 0.0270629930000000
389 0.0244712930000000
390 0.0098114930000000
391 -0.0098474070000000
392 -0.0232833070000000
393 -0.0279200070000000
394 -0.0286059070000000
395 -0.0303920070000000
396 -0.0259779070000000
397 -0.0190760070000000
398 -0.0129235070000000
399 -0.0070936070000000
400 -0.0087505070000000
401 -0.0019267070000000
402 0.0172923930000000
403 0.0335638930000000
404 0.0352507930000000
405 0.0255846930000000
406 0.0225985930000000
407 0.0352786930000000
408 0.0456202930000000
409 0.0429022930000000
410 0.0376290930000000
411 0.0408499930000000
412 0.0335636930000000
413 0.0116474930000000
414 -0.0038732070000000
415 -0.0052032070000000
416 0.0090054930000000
417 0.0264199930000000
418 0.0328343930000000
419 0.0239819930000000
420 0.0241120930000000
421 0.0191614930000000
422 0.0090362930000000
423 0.0070078930000000
424 0.0118352930000000
425 0.0081545930000000
426 0.0038419930000000
427 -0.0014322070000000
428 -0.0093611070000000
429 -0.0113192070000000
430 -0.0104449070000000
431 -0.0022065070000000
432 0.0059074930000000
433 0.0093415930000000
434 0.0140006930000000
435 0.0359552930000000
436 0.0696722930000000
437 0.0831921930000000
438 0.0745421930000000
439 0.0539520930000000
440 0.0373029930000000
441 0.0285098930000000
442 0.0312679930000000
443 0.0341894930000000
444 0.0329752930000000
445 0.0402977930000000
446 0.0460535930000000
447 0.0534948930000000
448 0.0418394930000000
449 0.0179346930000000
450 0.0058357930000000
451 0.0013868930000000
452 0.0023318930000000
453 0.0007220930000000
454 -0.0052001070000000
455 -0.0040432070000000
456 0.0094801930000000
457 0.0245668930000000
458 0.0270271930000000
459 0.0066013930000000
460 -0.0185962070000000
461 -0.0264554070000000
462 -0.0280707070000000
463 -0.0313795070000000
464 -0.0110082070000000
465 0.0209699930000000
466 0.0397778930000000
467 0.0516500930000000
468 0.0646112930000000
469 0.0779963930000000
470 0.0868480930000000
471 0.0823409930000000
472 0.0614857930000000
473 0.0431477930000000
474 0.0422485930000000
475 0.0464182930000000
476 0.0315032930000000
477 0.0007177930000000
478 -0.0091472070000000
479 0.0007530930000000
480 0.0136071930000000
481 0.0202862930000000
482 0.0216866930000000
483 0.0215575930000000
484 0.0207189930000000
485 0.0172282930000000
486 0.0036150930000000
487 -0.0067150070000000
488 -0.0042191070000000
489 0.0128718930000000
490 0.0412295930000000
491 0.0682505930000000
492 0.0755000930000000
493 0.0643877930000000
494 0.0500252930000000
495 0.0487205930000000
496 0.0535482930000000
497 0.0490936930000000
498 0.0453680930000000
499 0.0424741930000000
500 0.0320838930000000
501 0.0281729930000000
502 0.0107537930000000
503 -0.0107025070000000
504 -0.0065746070000000
505 0.0090571930000000
506 0.0167973930000000
507 0.0076030930000000
508 -0.0151557070000000
509 -0.0252696070000000
510 -0.0102710070000000
511 0.0109248930000000
512 0.0261318930000000
513 0.0368731930000000
514 0.0345725930000000
515 0.0196272930000000
516 0.0164397930000000
517 0.0209686930000000
518 0.0228729930000000
519 0.0332059930000000
520 0.0464694930000000
521 0.0503633930000000
522 0.0449042930000000
523 0.0403821930000000
524 0.0338721930000000
525 0.0186032930000000
526 0.0092471930000000
527 0.0196035930000000
528 0.0274083930000000
529 0.0178395930000000
530 0.0171746930000000
531 0.0241981930000000
532 0.0223523930000000
533 0.0315220930000000
534 0.0431836930000000
535 0.0325705930000000
536 0.0187247930000000
537 0.0191670930000000
538 0.0293996930000000
539 0.0449509930000000
540 0.0547606930000000
541 0.0534774930000000
542 0.0430993930000000
543 0.0472242930000000
544 0.0473883930000000
545 0.0282474930000000
546 0.0058525930000000
547 -0.0129166070000000
548 -0.0218200070000000
549 -0.0188911070000000
550 -0.0172032070000000
551 -0.0079903070000000
552 0.0064915930000000
553 0.0096318930000000
554 0.0008901930000000
555 -0.0121854070000000
556 -0.0209129070000000
557 -0.0159183070000000
558 -0.0044728070000000
559 0.0140781930000000
560 0.0173886930000000
561 -0.0045217070000000
562 -0.0273586070000000
563 -0.0286644070000000
564 -0.0088811070000000
565 0.0138488930000000
566 0.0199690930000000
567 0.0067480930000000
568 0.0012604930000000
569 0.0054908930000000
570 0.0056693930000000
571 -0.0006991070000000
572 -0.0069625070000000
573 -0.0014383070000000
574 0.0027584930000000
575 -0.0069672070000000
576 -0.0074053070000000
577 -0.0054048070000000
578 -0.0075992070000000
579 -0.0045095070000000
580 0.0054332930000000
581 0.0136785930000000
582 0.0037339930000000
583 -0.0140036070000000
584 -0.0203734070000000
585 -0.0133057070000000
586 0.0063712930000000
587 0.0161611930000000
588 0.0175693930000000
589 0.0101109930000000
590 -0.0096842070000000
591 -0.0106459070000000
592 -0.0015916070000000
593 0.0007571930000000
594 -0.0006145070000000
595 -0.0028576070000000
596 -0.0028467070000000
597 0.0198672930000000
598 0.0524787930000000
599 0.0635889930000000
600 0.0583263930000000
