       1.0000000        0.0087377
       2.0000000        0.0653365
       3.0000000        0.1391829
       4.0000000        0.2013602
       5.0000000        0.2493334
       6.0000000        0.2837208
       7.0000000        0.3099221
       8.0000000        0.3272435
       9.0000000        0.3359487
      10.0000000        0.3374180
      11.0000000        0.3297016
      12.0000000        0.3131023
      13.0000000        0.2919009
      14.0000000        0.2715093
      15.0000000        0.2573035
      16.0000000        0.2518476
       1.0000000        0.0090268
       2.0000000        0.0689723
       3.0000000        0.1472299
       4.0000000        0.2109038
       5.0000000        0.2590517
       6.0000000        0.2957488
       7.0000000        0.3265190
       8.0000000        0.3455155
       9.0000000        0.3530374
      10.0000000        0.3494405
      11.0000000        0.3375227
      12.0000000        0.3187367
      13.0000000        0.2930307
      14.0000000        0.2669909
      15.0000000        0.2509046
      16.0000000        0.2466798
       1.0000000        0.0093089
       2.0000000        0.0735906
       3.0000000        0.1609492
       4.0000000        0.2290797
       5.0000000        0.2782183
       6.0000000        0.3137428
       7.0000000        0.3400442
       8.0000000        0.3566648
       9.0000000        0.3564482
      10.0000000        0.3438056
      11.0000000        0.3294834
      12.0000000        0.3135068
      13.0000000        0.2932081
      14.0000000        0.2713061
      15.0000000        0.2553530
      16.0000000        0.2495360
       1.0000000        0.0099981
       2.0000000        0.0804207
       3.0000000        0.1774742
       4.0000000        0.2507572
       5.0000000        0.2957543
       6.0000000        0.3198847
       7.0000000        0.3317122
       8.0000000        0.3343856
       9.0000000        0.3318062
      10.0000000        0.3268554
      11.0000000        0.3180870
      12.0000000        0.3018635
      13.0000000        0.2799354
      14.0000000        0.2574799
      15.0000000        0.2386261
      16.0000000        0.2298248
       1.0000000        0.0104893
       2.0000000        0.0794218
       3.0000000        0.1675125
       4.0000000        0.2356148
       5.0000000        0.2798452
       6.0000000        0.2994681
       7.0000000        0.3021157
       8.0000000        0.2946049
       9.0000000        0.2919240
      10.0000000        0.2959790
      11.0000000        0.2951795
      12.0000000        0.2868598
      13.0000000        0.2756933
      14.0000000        0.2630862
      15.0000000        0.2482563
      16.0000000        0.2408238
       1.0000000        0.0099000
       2.0000000        0.0743623
       3.0000000        0.1578512
       4.0000000        0.2247918
       5.0000000        0.2721546
       6.0000000        0.2942650
       7.0000000        0.2953020
       8.0000000        0.2912220
       9.0000000        0.2891775
      10.0000000        0.2866392
      11.0000000        0.2832962
      12.0000000        0.2800536
      13.0000000        0.2758593
      14.0000000        0.2732697
      15.0000000        0.2706897
      16.0000000        0.2688369
       1.0000000        0.0098173
       2.0000000        0.0768709
       3.0000000        0.1693059
       4.0000000        0.2413603
       5.0000000        0.2800795
       6.0000000        0.2905433
       7.0000000        0.2960626
       8.0000000        0.3045394
       9.0000000        0.3104001
      10.0000000        0.3143854
      11.0000000        0.3172792
      12.0000000        0.3119687
      13.0000000        0.2985210
      14.0000000        0.2898844
      15.0000000        0.2868227
      16.0000000        0.2849306
       1.0000000        0.0092288
       2.0000000        0.0744754
       3.0000000        0.1652330
       4.0000000        0.2304741
       5.0000000        0.2684949
       6.0000000        0.2931916
       7.0000000        0.3078282
       8.0000000        0.3119566
       9.0000000        0.3111371
      10.0000000        0.3122613
      11.0000000        0.3151133
      12.0000000        0.3128632
      13.0000000        0.3055136
      14.0000000        0.2981462
      15.0000000        0.2897644
      16.0000000        0.2849737
       1.0000000        0.0082740
       2.0000000        0.0667916
       3.0000000        0.1505114
       4.0000000        0.2195645
       5.0000000        0.2689603
       6.0000000        0.3005087
       7.0000000        0.3140117
       8.0000000        0.3173609
       9.0000000        0.3180709
      10.0000000        0.3183624
      11.0000000        0.3158327
      12.0000000        0.3070975
      13.0000000        0.2953285
      14.0000000        0.2843989
      15.0000000        0.2753240
      16.0000000        0.2713348
       1.0000000        0.0075759
       2.0000000        0.0614479
       3.0000000        0.1379841
       4.0000000        0.2064467
       5.0000000        0.2631839
       6.0000000        0.3001632
       7.0000000        0.3195279
       8.0000000        0.3312621
       9.0000000        0.3362943
      10.0000000        0.3322970
      11.0000000        0.3203956
      12.0000000        0.3040568
      13.0000000        0.2859332
      14.0000000        0.2658315
      15.0000000        0.2469053
      16.0000000        0.2388207
       1.0000000        0.0073421
       2.0000000        0.0565339
       3.0000000        0.1252404
       4.0000000        0.1868022
       5.0000000        0.2371838
       6.0000000        0.2759960
       7.0000000        0.3045988
       8.0000000        0.3210427
       9.0000000        0.3225286
      10.0000000        0.3149268
      11.0000000        0.3039456
      12.0000000        0.2875991
      13.0000000        0.2668637
      14.0000000        0.2480629
      15.0000000        0.2340858
      16.0000000        0.2285496
       1.0000000        0.0064593
       2.0000000        0.0513763
       3.0000000        0.1141160
       4.0000000        0.1676367
       5.0000000        0.2093953
       6.0000000        0.2416459
       7.0000000        0.2656757
       8.0000000        0.2790732
       9.0000000        0.2829469
      10.0000000        0.2796893
      11.0000000        0.2692875
      12.0000000        0.2532640
      13.0000000        0.2375780
      14.0000000        0.2251163
      15.0000000        0.2157333
      16.0000000        0.2116160
       1.0000000        0.0061066
       2.0000000        0.0475194
       3.0000000        0.1025972
       4.0000000        0.1446500
       5.0000000        0.1791497
       6.0000000        0.2080021
       7.0000000        0.2296555
       8.0000000        0.2456162
       9.0000000        0.2545466
      10.0000000        0.2562276
      11.0000000        0.2503424
      12.0000000        0.2378406
      13.0000000        0.2229150
      14.0000000        0.2114038
      15.0000000        0.2048334
      16.0000000        0.2026109
       1.0000000        0.0059067
       2.0000000        0.0440398
       3.0000000        0.0907103
       4.0000000        0.1298163
       5.0000000        0.1660864
       6.0000000        0.1973030
       7.0000000        0.2220463
       8.0000000        0.2420472
       9.0000000        0.2533600
      10.0000000        0.2524402
      11.0000000        0.2462576
      12.0000000        0.2375655
      13.0000000        0.2239966
      14.0000000        0.2095498
      15.0000000        0.1996671
      16.0000000        0.1962424
       1.0000000        0.0057696
       2.0000000        0.0417989
       3.0000000        0.0880108
       4.0000000        0.1284612
       5.0000000        0.1603695
       6.0000000        0.1858913
       7.0000000        0.2088268
       8.0000000        0.2280053
       9.0000000        0.2389894
      10.0000000        0.2404553
      11.0000000        0.2376407
      12.0000000        0.2304081
      13.0000000        0.2193369
      14.0000000        0.2086200
      15.0000000        0.2030913
      16.0000000        0.2021683
       1.0000000        0.0057432
       2.0000000        0.0407561
       3.0000000        0.0850302
       4.0000000        0.1210370
       5.0000000        0.1483780
       6.0000000        0.1702441
       7.0000000        0.1883130
       8.0000000        0.2015425
       9.0000000        0.2094115
      10.0000000        0.2126996
      11.0000000        0.2142274
      12.0000000        0.2144422
      13.0000000        0.2134062
      14.0000000        0.2113244
      15.0000000        0.2088868
      16.0000000        0.2075894
       1.0000000        0.0052182
       2.0000000        0.0380159
       3.0000000        0.0779097
       4.0000000        0.1083435
       5.0000000        0.1321663
       6.0000000        0.1495962
       7.0000000        0.1628746
       8.0000000        0.1724704
       9.0000000        0.1777026
      10.0000000        0.1823552
      11.0000000        0.1881079
      12.0000000        0.1922424
      13.0000000        0.1938165
      14.0000000        0.1940128
      15.0000000        0.1944577
      16.0000000        0.1949409
       1.0000000        0.0047593
       2.0000000        0.0350125
       3.0000000        0.0715551
       4.0000000        0.0981826
       5.0000000        0.1172811
       6.0000000        0.1305686
       7.0000000        0.1405173
       8.0000000        0.1478305
       9.0000000        0.1526516
      10.0000000        0.1589147
      11.0000000        0.1670890
      12.0000000        0.1724328
      13.0000000        0.1736677
      14.0000000        0.1736712
      15.0000000        0.1748884
      16.0000000        0.1758094
       1.0000000        0.0042821
       2.0000000        0.0314279
       3.0000000        0.0642611
       4.0000000        0.0883968
       5.0000000        0.1053924
       6.0000000        0.1188337
       7.0000000        0.1297836
       8.0000000        0.1387260
       9.0000000        0.1440378
      10.0000000        0.1469653
      11.0000000        0.1509812
      12.0000000        0.1555947
      13.0000000        0.1590881
      14.0000000        0.1622180
      15.0000000        0.1654084
      16.0000000        0.1671685
       1.0000000        0.0039252
       2.0000000        0.0287464
       3.0000000        0.0601233
       4.0000000        0.0838071
       5.0000000        0.1001887
       6.0000000        0.1128806
       7.0000000        0.1235042
       8.0000000        0.1315248
       9.0000000        0.1359289
      10.0000000        0.1369480
      11.0000000        0.1382436
      12.0000000        0.1419840
      13.0000000        0.1475849
      14.0000000        0.1544294
      15.0000000        0.1611350
      16.0000000        0.1641845
       1.0000000        0.0038162
       2.0000000        0.0272490
       3.0000000        0.0578099
       4.0000000        0.0838776
       5.0000000        0.1036701
       6.0000000        0.1165997
       7.0000000        0.1247250
       8.0000000        0.1301222
       9.0000000        0.1325490
      10.0000000        0.1326584
      11.0000000        0.1343698
      12.0000000        0.1390299
      13.0000000        0.1446980
      14.0000000        0.1499475
      15.0000000        0.1538984
      16.0000000        0.1554187
       1.0000000        0.0034577
       2.0000000        0.0249401
       3.0000000        0.0534574
       4.0000000        0.0777532
       5.0000000        0.0966179
       6.0000000        0.1107350
       7.0000000        0.1209367
       8.0000000        0.1273448
       9.0000000        0.1303327
      10.0000000        0.1324046
      11.0000000        0.1347409
      12.0000000        0.1370979
      13.0000000        0.1395539
      14.0000000        0.1417885
      15.0000000        0.1432436
      16.0000000        0.1438838
       1.0000000        0.0035822
       2.0000000        0.0257060
       3.0000000        0.0527126
       4.0000000        0.0736501
       5.0000000        0.0908177
       6.0000000        0.1043164
       7.0000000        0.1136214
       8.0000000        0.1197487
       9.0000000        0.1245996
      10.0000000        0.1301450
      11.0000000        0.1356208
      12.0000000        0.1387252
      13.0000000        0.1379647
      14.0000000        0.1343343
      15.0000000        0.1305269
      16.0000000        0.1289329
       1.0000000        0.0037538
       2.0000000        0.0276904
       3.0000000        0.0561836
       4.0000000        0.0769423
       5.0000000        0.0941518
       6.0000000        0.1085359
       7.0000000        0.1178243
       8.0000000        0.1236953
       9.0000000        0.1290863
      10.0000000        0.1347869
      11.0000000        0.1397974
      12.0000000        0.1429271
      13.0000000        0.1422461
      14.0000000        0.1379793
      15.0000000        0.1328291
      16.0000000        0.1304754
       1.0000000        0.0042991
       2.0000000        0.0310753
       3.0000000        0.0611675
       4.0000000        0.0835504
       5.0000000        0.1042004
       6.0000000        0.1221139
       7.0000000        0.1321799
       8.0000000        0.1369587
       9.0000000        0.1420234
      10.0000000        0.1475378
      11.0000000        0.1502227
      12.0000000        0.1489574
      13.0000000        0.1441909
      14.0000000        0.1373296
      15.0000000        0.1310246
      16.0000000        0.1284043
       1.0000000        0.0041655
       2.0000000        0.0292871
       3.0000000        0.0592929
       4.0000000        0.0847247
       5.0000000        0.1077634
       6.0000000        0.1256881
       7.0000000        0.1355552
       8.0000000        0.1413183
       9.0000000        0.1464930
      10.0000000        0.1504284
      11.0000000        0.1514394
      12.0000000        0.1481704
      13.0000000        0.1417316
      14.0000000        0.1358581
      15.0000000        0.1321331
      16.0000000        0.1307523
       1.0000000        0.0040746
       2.0000000        0.0288044
       3.0000000        0.0582653
       4.0000000        0.0836173
       5.0000000        0.1041785
       6.0000000        0.1185208
       7.0000000        0.1277275
       8.0000000        0.1347315
       9.0000000        0.1405579
      10.0000000        0.1444098
      11.0000000        0.1460097
      12.0000000        0.1455405
      13.0000000        0.1423151
      14.0000000        0.1378945
      15.0000000        0.1353847
      16.0000000        0.1349337
       1.0000000        0.0042448
       2.0000000        0.0290803
       3.0000000        0.0595229
       4.0000000        0.0844373
       5.0000000        0.1037112
       6.0000000        0.1175025
       7.0000000        0.1265900
       8.0000000        0.1326724
       9.0000000        0.1372374
      10.0000000        0.1405554
      11.0000000        0.1435326
      12.0000000        0.1468505
      13.0000000        0.1489434
      14.0000000        0.1494412
      15.0000000        0.1500343
      16.0000000        0.1507163
       1.0000000        0.0042845
       2.0000000        0.0303025
       3.0000000        0.0609048
       4.0000000        0.0844021
       5.0000000        0.1018285
       6.0000000        0.1151905
       7.0000000        0.1257366
       8.0000000        0.1335375
       9.0000000        0.1371187
      10.0000000        0.1382411
      11.0000000        0.1406114
      12.0000000        0.1453108
      13.0000000        0.1507385
      14.0000000        0.1547756
      15.0000000        0.1566336
      16.0000000        0.1569352
       1.0000000        0.0039988
       2.0000000        0.0305885
       3.0000000        0.0645673
       4.0000000        0.0888094
       5.0000000        0.1055588
       6.0000000        0.1170930
       7.0000000        0.1243533
       8.0000000        0.1291654
       9.0000000        0.1332207
      10.0000000        0.1376720
      11.0000000        0.1421854
      12.0000000        0.1459700
      13.0000000        0.1494008
      14.0000000        0.1529804
      15.0000000        0.1556817
      16.0000000        0.1563860
       1.0000000        0.0043237
       2.0000000        0.0318860
       3.0000000        0.0634166
       4.0000000        0.0845591
       5.0000000        0.1006375
       6.0000000        0.1137938
       7.0000000        0.1238008
       8.0000000        0.1298443
       9.0000000        0.1332858
      10.0000000        0.1365229
      11.0000000        0.1411071
      12.0000000        0.1467272
      13.0000000        0.1522935
      14.0000000        0.1563232
      15.0000000        0.1578122
      16.0000000        0.1580590
       1.0000000        0.0047355
       2.0000000        0.0336579
       3.0000000        0.0654090
       4.0000000        0.0868796
       5.0000000        0.1043521
       6.0000000        0.1181124
       7.0000000        0.1264806
       8.0000000        0.1325621
       9.0000000        0.1377232
      10.0000000        0.1419144
      11.0000000        0.1471762
      12.0000000        0.1557103
      13.0000000        0.1665285
      14.0000000        0.1756083
      15.0000000        0.1788480
      16.0000000        0.1786783
       1.0000000        0.0053336
       2.0000000        0.0386269
       3.0000000        0.0737969
       4.0000000        0.0938585
       5.0000000        0.1093170
       6.0000000        0.1215651
       7.0000000        0.1289929
       8.0000000        0.1343741
       9.0000000        0.1416340
      10.0000000        0.1515863
      11.0000000        0.1626162
      12.0000000        0.1722850
      13.0000000        0.1795460
      14.0000000        0.1851286
      15.0000000        0.1877991
      16.0000000        0.1881329
       1.0000000        0.0056449
       2.0000000        0.0402649
       3.0000000        0.0760542
       4.0000000        0.0966406
       5.0000000        0.1109770
       6.0000000        0.1211291
       7.0000000        0.1285660
       8.0000000        0.1367897
       9.0000000        0.1465965
      10.0000000        0.1577169
      11.0000000        0.1701181
      12.0000000        0.1808456
      13.0000000        0.1856073
      14.0000000        0.1874668
      15.0000000        0.1893054
      16.0000000        0.1909055
       1.0000000        0.0055678
       2.0000000        0.0400912
       3.0000000        0.0774830
       4.0000000        0.1003606
       5.0000000        0.1156030
       6.0000000        0.1259737
       7.0000000        0.1341505
       8.0000000        0.1448022
       9.0000000        0.1594483
      10.0000000        0.1765493
      11.0000000        0.1914899
      12.0000000        0.1996099
      13.0000000        0.2027801
      14.0000000        0.2048624
      15.0000000        0.2063092
      16.0000000        0.2068588
       1.0000000        0.0066011
       2.0000000        0.0454878
       3.0000000        0.0871765
       4.0000000        0.1115085
       5.0000000        0.1273975
       6.0000000        0.1389292
       7.0000000        0.1481839
       8.0000000        0.1582465
       9.0000000        0.1710686
      10.0000000        0.1880201
      11.0000000        0.2063150
      12.0000000        0.2181961
      13.0000000        0.2227604
      14.0000000        0.2250551
      15.0000000        0.2273785
      16.0000000        0.2287117
       1.0000000        0.0072870
       2.0000000        0.0513297
       3.0000000        0.1009636
       4.0000000        0.1280805
       5.0000000        0.1415800
       6.0000000        0.1507826
       7.0000000        0.1603484
       8.0000000        0.1726975
       9.0000000        0.1879109
      10.0000000        0.2033324
      11.0000000        0.2148669
      12.0000000        0.2173843
      13.0000000        0.2179838
      14.0000000        0.2213312
      15.0000000        0.2238148
      16.0000000        0.2243870
       1.0000000        0.0070585
       2.0000000        0.0519124
       3.0000000        0.1027561
       4.0000000        0.1303742
       5.0000000        0.1431959
       6.0000000        0.1511584
       7.0000000        0.1600314
       8.0000000        0.1700497
       9.0000000        0.1812339
      10.0000000        0.1936583
      11.0000000        0.2037818
      12.0000000        0.2066899
      13.0000000        0.2070763
      14.0000000        0.2091743
      15.0000000        0.2103771
      16.0000000        0.2103681
       1.0000000        0.0068856
       2.0000000        0.0497422
       3.0000000        0.0989234
       4.0000000        0.1302084
       5.0000000        0.1486378
       6.0000000        0.1585716
       7.0000000        0.1655737
       8.0000000        0.1719869
       9.0000000        0.1783895
      10.0000000        0.1872025
      11.0000000        0.1972567
      12.0000000        0.2052498
      13.0000000        0.2105765
      14.0000000        0.2163613
      15.0000000        0.2232224
      16.0000000        0.2269448
       1.0000000        0.0067288
       2.0000000        0.0470854
       3.0000000        0.0894591
       4.0000000        0.1208165
       5.0000000        0.1470434
       6.0000000        0.1642577
       7.0000000        0.1729304
       8.0000000        0.1783943
       9.0000000        0.1846709
      10.0000000        0.1912073
      11.0000000        0.1983124
      12.0000000        0.2087596
      13.0000000        0.2219642
      14.0000000        0.2317784
      15.0000000        0.2342456
      16.0000000        0.2339341
       1.0000000        0.0058054
       2.0000000        0.0413561
       3.0000000        0.0842233
       4.0000000        0.1178531
       5.0000000        0.1430736
       6.0000000        0.1618044
       7.0000000        0.1794462
       8.0000000        0.1964107
       9.0000000        0.2098623
      10.0000000        0.2200813
      11.0000000        0.2270294
      12.0000000        0.2336975
      13.0000000        0.2427686
      14.0000000        0.2508869
      15.0000000        0.2542834
      16.0000000        0.2546553
       1.0000000        0.0056402
       2.0000000        0.0418538
       3.0000000        0.0864120
       4.0000000        0.1169695
       5.0000000        0.1376524
       6.0000000        0.1576093
       7.0000000        0.1794020
       8.0000000        0.1987514
       9.0000000        0.2131189
      10.0000000        0.2235736
      11.0000000        0.2310041
      12.0000000        0.2384727
      13.0000000        0.2466457
      14.0000000        0.2520815
      15.0000000        0.2533738
      16.0000000        0.2532341
       1.0000000        0.0057155
       2.0000000        0.0420620
       3.0000000        0.0842748
       4.0000000        0.1111999
       5.0000000        0.1311967
       6.0000000        0.1478605
       7.0000000        0.1636321
       8.0000000        0.1801236
       9.0000000        0.1964153
      10.0000000        0.2097432
      11.0000000        0.2192335
      12.0000000        0.2287532
      13.0000000        0.2382233
      14.0000000        0.2442617
      15.0000000        0.2468805
      16.0000000        0.2475554
       1.0000000        0.0055971
       2.0000000        0.0401561
       3.0000000        0.0807672
       4.0000000        0.1081560
       5.0000000        0.1262849
       6.0000000        0.1409771
       7.0000000        0.1563172
       8.0000000        0.1739165
       9.0000000        0.1913138
      10.0000000        0.2058530
      11.0000000        0.2174238
      12.0000000        0.2278425
      13.0000000        0.2367153
      14.0000000        0.2433840
      15.0000000        0.2483748
      16.0000000        0.2505264
       1.0000000        0.0053655
       2.0000000        0.0384564
       3.0000000        0.0761365
       4.0000000        0.1022721
       5.0000000        0.1231919
       6.0000000        0.1411753
       7.0000000        0.1562059
       8.0000000        0.1708197
       9.0000000        0.1870966
      10.0000000        0.2027857
      11.0000000        0.2148229
      12.0000000        0.2251256
      13.0000000        0.2335088
      14.0000000        0.2385272
      15.0000000        0.2405821
      16.0000000        0.2410983
       1.0000000        0.0049206
       2.0000000        0.0343464
       3.0000000        0.0693062
       4.0000000        0.0963945
       5.0000000        0.1187327
       6.0000000        0.1369047
       7.0000000        0.1515132
       8.0000000        0.1666815
       9.0000000        0.1841362
      10.0000000        0.1983283
      11.0000000        0.2067776
      12.0000000        0.2143091
      13.0000000        0.2230140
      14.0000000        0.2302708
      15.0000000        0.2341046
      16.0000000        0.2353015
       1.0000000        0.0042236
       2.0000000        0.0318893
       3.0000000        0.0680692
       4.0000000        0.0978880
       5.0000000        0.1239419
       6.0000000        0.1474894
       7.0000000        0.1683092
       8.0000000        0.1851134
       9.0000000        0.1969044
      10.0000000        0.2073149
      11.0000000        0.2188978
      12.0000000        0.2306143
      13.0000000        0.2394817
      14.0000000        0.2417212
      15.0000000        0.2399691
      16.0000000        0.2388771
       1.0000000        0.0041674
       2.0000000        0.0331906
       3.0000000        0.0730972
       4.0000000        0.1065087
       5.0000000        0.1354582
       6.0000000        0.1620599
       7.0000000        0.1847747
       8.0000000        0.2010757
       9.0000000        0.2117404
      10.0000000        0.2217632
      11.0000000        0.2317629
      12.0000000        0.2384791
      13.0000000        0.2427946
      14.0000000        0.2465706
      15.0000000        0.2493770
      16.0000000        0.2504315
       1.0000000        0.0040510
       2.0000000        0.0330706
       3.0000000        0.0748152
       4.0000000        0.1094204
       5.0000000        0.1374404
       6.0000000        0.1635330
       7.0000000        0.1887880
       8.0000000        0.2099822
       9.0000000        0.2248698
      10.0000000        0.2353868
      11.0000000        0.2417201
      12.0000000        0.2453662
      13.0000000        0.2504617
      14.0000000        0.2589967
      15.0000000        0.2676175
      16.0000000        0.2710880
       1.0000000        0.0039135
       2.0000000        0.0324548
       3.0000000        0.0737705
       4.0000000        0.1086146
       5.0000000        0.1405460
       6.0000000        0.1715667
       7.0000000        0.2004483
       8.0000000        0.2287912
       9.0000000        0.2514738
      10.0000000        0.2645083
      11.0000000        0.2707115
      12.0000000        0.2746458
      13.0000000        0.2787328
      14.0000000        0.2835273
      15.0000000        0.2879413
      16.0000000        0.2898328
       1.0000000        0.0039377
       2.0000000        0.0333009
       3.0000000        0.0773211
       4.0000000        0.1152419
       5.0000000        0.1487761
       6.0000000        0.1821200
       7.0000000        0.2145075
       8.0000000        0.2433155
       9.0000000        0.2649238
      10.0000000        0.2772595
      11.0000000        0.2820210
      12.0000000        0.2829893
      13.0000000        0.2832355
      14.0000000        0.2836157
      15.0000000        0.2833206
      16.0000000        0.2828883
       1.0000000        0.0036674
       2.0000000        0.0326489
       3.0000000        0.0801873
       4.0000000        0.1247075
       5.0000000        0.1601913
       6.0000000        0.1908857
       7.0000000        0.2210961
       8.0000000        0.2496041
       9.0000000        0.2719935
      10.0000000        0.2864050
      11.0000000        0.2927957
      12.0000000        0.2909815
      13.0000000        0.2834465
      14.0000000        0.2754708
      15.0000000        0.2704760
      16.0000000        0.2690261
       1.0000000        0.0036725
       2.0000000        0.0337066
       3.0000000        0.0850414
       4.0000000        0.1337750
       5.0000000        0.1716956
       6.0000000        0.2023064
       7.0000000        0.2294798
       8.0000000        0.2548049
       9.0000000        0.2769825
      10.0000000        0.2914052
      11.0000000        0.2944342
      12.0000000        0.2864888
      13.0000000        0.2742844
      14.0000000        0.2656941
      15.0000000        0.2619378
      16.0000000        0.2607136
       1.0000000        0.0040342
       2.0000000        0.0361413
       3.0000000        0.0894806
       4.0000000        0.1397909
       5.0000000        0.1796732
       6.0000000        0.2089780
       7.0000000        0.2302393
       8.0000000        0.2457876
       9.0000000        0.2549442
      10.0000000        0.2578895
      11.0000000        0.2567044
      12.0000000        0.2539360
      13.0000000        0.2508327
      14.0000000        0.2476974
      15.0000000        0.2451854
      16.0000000        0.2440684
       1.0000000        0.0043983
       2.0000000        0.0376740
       3.0000000        0.0883031
       4.0000000        0.1343849
       5.0000000        0.1730030
       6.0000000        0.2022545
       7.0000000        0.2205929
       8.0000000        0.2308043
       9.0000000        0.2375042
      10.0000000        0.2405990
      11.0000000        0.2377876
      12.0000000        0.2320612
      13.0000000        0.2272211
      14.0000000        0.2228156
      15.0000000        0.2176518
      16.0000000        0.2148614
       1.0000000        0.0045215
       2.0000000        0.0367473
       3.0000000        0.0825407
       4.0000000        0.1234268
       5.0000000        0.1587549
       6.0000000        0.1839823
       7.0000000        0.1985888
       8.0000000        0.2075319
       9.0000000        0.2144163
      10.0000000        0.2194358
      11.0000000        0.2206767
      12.0000000        0.2190629
      13.0000000        0.2175892
      14.0000000        0.2160548
      15.0000000        0.2133690
      16.0000000        0.2116174
       1.0000000        0.0046647
       2.0000000        0.0357112
       3.0000000        0.0784629
       4.0000000        0.1154236
       5.0000000        0.1461455
       6.0000000        0.1699104
       7.0000000        0.1860437
       8.0000000        0.1966684
       9.0000000        0.2037775
      10.0000000        0.2072788
      11.0000000        0.2089030
      12.0000000        0.2098393
      13.0000000        0.2086485
      14.0000000        0.2057603
      15.0000000        0.2027915
      16.0000000        0.2016943
       1.0000000        0.0043580
       2.0000000        0.0335341
       3.0000000        0.0725968
       4.0000000        0.1070364
       5.0000000        0.1383748
       6.0000000        0.1636037
       7.0000000        0.1805557
       8.0000000        0.1922356
       9.0000000        0.2001507
      10.0000000        0.2042435
      11.0000000        0.2052438
      12.0000000        0.2031853
      13.0000000        0.1984509
      14.0000000        0.1923002
      15.0000000        0.1863496
      16.0000000        0.1837426
       1.0000000        0.0036538
       2.0000000        0.0286380
       3.0000000        0.0631366
       4.0000000        0.0944594
       5.0000000        0.1229028
       6.0000000        0.1473565
       7.0000000        0.1659836
       8.0000000        0.1783554
       9.0000000        0.1849141
      10.0000000        0.1884962
      11.0000000        0.1911820
      12.0000000        0.1907526
      13.0000000        0.1862387
      14.0000000        0.1809623
      15.0000000        0.1777381
      16.0000000        0.1768579
       1.0000000        0.0034069
       2.0000000        0.0260779
       3.0000000        0.0563449
       4.0000000        0.0839487
       5.0000000        0.1099022
       6.0000000        0.1311782
       7.0000000        0.1460963
       8.0000000        0.1566025
       9.0000000        0.1626514
      10.0000000        0.1644655
      11.0000000        0.1645984
      12.0000000        0.1653826
      13.0000000        0.1673807
      14.0000000        0.1705334
      15.0000000        0.1735158
      16.0000000        0.1745858
       1.0000000        0.0031562
       2.0000000        0.0238596
       3.0000000        0.0527545
       4.0000000        0.0792737
       5.0000000        0.1032749
       6.0000000        0.1243053
       7.0000000        0.1383425
       8.0000000        0.1439341
       9.0000000        0.1454031
      10.0000000        0.1481659
      11.0000000        0.1530170
      12.0000000        0.1578884
      13.0000000        0.1623212
      14.0000000        0.1648107
      15.0000000        0.1644085
      16.0000000        0.1638851
       1.0000000        0.0032854
       2.0000000        0.0241474
       3.0000000        0.0522928
       4.0000000        0.0778400
       5.0000000        0.0998022
       6.0000000        0.1172744
       7.0000000        0.1293745
       8.0000000        0.1371394
       9.0000000        0.1422919
      10.0000000        0.1464818
      11.0000000        0.1501769
      12.0000000        0.1523590
      13.0000000        0.1535561
      14.0000000        0.1542989
      15.0000000        0.1546233
      16.0000000        0.1546784
       1.0000000        0.0036464
       2.0000000        0.0258469
       3.0000000        0.0533773
       4.0000000        0.0761238
       5.0000000        0.0933510
       6.0000000        0.1069475
       7.0000000        0.1174707
       8.0000000        0.1255783
       9.0000000        0.1329784
      10.0000000        0.1395482
      11.0000000        0.1434598
      12.0000000        0.1435441
      13.0000000        0.1421522
      14.0000000        0.1417222
      15.0000000        0.1418246
      16.0000000        0.1421741
       1.0000000        0.0037761
       2.0000000        0.0256192
       3.0000000        0.0494705
       4.0000000        0.0677559
       5.0000000        0.0822222
       6.0000000        0.0921695
       7.0000000        0.1000010
       8.0000000        0.1093086
       9.0000000        0.1186782
      10.0000000        0.1260420
      11.0000000        0.1315762
      12.0000000        0.1350209
      13.0000000        0.1343297
      14.0000000        0.1317327
      15.0000000        0.1301602
      16.0000000        0.1298370
       1.0000000        0.0037701
       2.0000000        0.0262463
       3.0000000        0.0518054
       4.0000000        0.0712740
       5.0000000        0.0851575
       6.0000000        0.0942628
       7.0000000        0.1018409
       8.0000000        0.1104311
       9.0000000        0.1178591
      10.0000000        0.1227063
      11.0000000        0.1265815
      12.0000000        0.1296486
      13.0000000        0.1305515
      14.0000000        0.1295291
      15.0000000        0.1272542
      16.0000000        0.1257775
       1.0000000        0.0038588
       2.0000000        0.0275853
       3.0000000        0.0537466
       4.0000000        0.0725940
       5.0000000        0.0895775
       6.0000000        0.1035607
       7.0000000        0.1126789
       8.0000000        0.1182184
       9.0000000        0.1221146
      10.0000000        0.1262488
      11.0000000        0.1304620
      12.0000000        0.1339153
      13.0000000        0.1365806
      14.0000000        0.1386330
      15.0000000        0.1390698
      16.0000000        0.1387265
       1.0000000        0.0040177
       2.0000000        0.0276150
       3.0000000        0.0546644
       4.0000000        0.0772570
       5.0000000        0.0976911
       6.0000000        0.1140849
       7.0000000        0.1259316
       8.0000000        0.1329979
       9.0000000        0.1360080
      10.0000000        0.1378280
      11.0000000        0.1400060
      12.0000000        0.1430801
      13.0000000        0.1472935
      14.0000000        0.1521009
      15.0000000        0.1567812
      16.0000000        0.1588823
       1.0000000        0.0041184
       2.0000000        0.0300074
       3.0000000        0.0618436
       4.0000000        0.0877314
       5.0000000        0.1091183
       6.0000000        0.1258608
       7.0000000        0.1384838
       8.0000000        0.1462743
       9.0000000        0.1481039
      10.0000000        0.1473923
      11.0000000        0.1483756
      12.0000000        0.1524945
      13.0000000        0.1585403
      14.0000000        0.1639501
      15.0000000        0.1688260
      16.0000000        0.1710246
       1.0000000        0.0043871
       2.0000000        0.0318902
       3.0000000        0.0675632
       4.0000000        0.0981308
       5.0000000        0.1209851
       6.0000000        0.1353418
       7.0000000        0.1437488
       8.0000000        0.1488363
       9.0000000        0.1502707
      10.0000000        0.1492470
      11.0000000        0.1492621
      12.0000000        0.1519948
      13.0000000        0.1562305
      14.0000000        0.1607029
      15.0000000        0.1635100
      16.0000000        0.1639896
       1.0000000        0.0044774
       2.0000000        0.0349975
       3.0000000        0.0759132
       4.0000000        0.1074122
       5.0000000        0.1267217
       6.0000000        0.1360792
       7.0000000        0.1414351
       8.0000000        0.1461977
       9.0000000        0.1500147
      10.0000000        0.1526137
      11.0000000        0.1547108
      12.0000000        0.1549424
      13.0000000        0.1521847
      14.0000000        0.1473226
      15.0000000        0.1425521
      16.0000000        0.1405568
       1.0000000        0.0048963
       2.0000000        0.0364178
       3.0000000        0.0735620
       4.0000000        0.0991163
       5.0000000        0.1165184
       6.0000000        0.1280624
       7.0000000        0.1348547
       8.0000000        0.1394307
       9.0000000        0.1425427
      10.0000000        0.1440223
      11.0000000        0.1426327
      12.0000000        0.1378676
      13.0000000        0.1302303
      14.0000000        0.1220598
      15.0000000        0.1168560
      16.0000000        0.1151892
       1.0000000        0.0052252
       2.0000000        0.0354446
       3.0000000        0.0669523
       4.0000000        0.0889891
       5.0000000        0.1042186
       6.0000000        0.1139885
       7.0000000        0.1207167
       8.0000000        0.1264866
       9.0000000        0.1295493
      10.0000000        0.1289183
      11.0000000        0.1259628
      12.0000000        0.1218679
      13.0000000        0.1160706
      14.0000000        0.1094242
      15.0000000        0.1044598
      16.0000000        0.1024570
       1.0000000        0.0047973
       2.0000000        0.0327464
       3.0000000        0.0615799
       4.0000000        0.0787215
       5.0000000        0.0905858
       6.0000000        0.1004604
       7.0000000        0.1091588
       8.0000000        0.1168110
       9.0000000        0.1219270
      10.0000000        0.1227723
      11.0000000        0.1194246
      12.0000000        0.1132652
      13.0000000        0.1066644
      14.0000000        0.1021820
      15.0000000        0.1002686
      16.0000000        0.0999938
       1.0000000        0.0043415
       2.0000000        0.0299232
       3.0000000        0.0570955
       4.0000000        0.0738525
       5.0000000        0.0863136
       6.0000000        0.0975125
       7.0000000        0.1075222
       8.0000000        0.1167101
       9.0000000        0.1227509
      10.0000000        0.1232605
      11.0000000        0.1197037
      12.0000000        0.1145794
      13.0000000        0.1093799
      14.0000000        0.1052463
      15.0000000        0.1035283
      16.0000000        0.1034506
       1.0000000        0.0037356
       2.0000000        0.0259950
       3.0000000        0.0509965
       4.0000000        0.0691960
       5.0000000        0.0851719
       6.0000000        0.0990197
       7.0000000        0.1105065
       8.0000000        0.1191700
       9.0000000        0.1226432
      10.0000000        0.1218686
      11.0000000        0.1203247
      12.0000000        0.1194079
      13.0000000        0.1191527
      14.0000000        0.1197435
      15.0000000        0.1194499
      16.0000000        0.1187476
       1.0000000        0.0039825
       2.0000000        0.0277559
       3.0000000        0.0544598
       4.0000000        0.0743463
       5.0000000        0.0910245
       6.0000000        0.1046041
       7.0000000        0.1128273
       8.0000000        0.1177050
       9.0000000        0.1230199
      10.0000000        0.1279968
      11.0000000        0.1307414
      12.0000000        0.1330226
      13.0000000        0.1356551
      14.0000000        0.1366901
      15.0000000        0.1357907
      16.0000000        0.1351460
       1.0000000        0.0042520
       2.0000000        0.0299987
       3.0000000        0.0590023
       4.0000000        0.0798268
       5.0000000        0.0967427
       6.0000000        0.1125095
       7.0000000        0.1250954
       8.0000000        0.1348581
       9.0000000        0.1434413
      10.0000000        0.1500172
      11.0000000        0.1528843
      12.0000000        0.1522330
      13.0000000        0.1499078
      14.0000000        0.1470688
      15.0000000        0.1453045
      16.0000000        0.1448513
       1.0000000        0.0039272
       2.0000000        0.0278102
       3.0000000        0.0556831
       4.0000000        0.0772031
       5.0000000        0.0948306
       6.0000000        0.1113442
       7.0000000        0.1268348
       8.0000000        0.1396947
       9.0000000        0.1484256
      10.0000000        0.1538247
      11.0000000        0.1575873
      12.0000000        0.1585875
      13.0000000        0.1538999
      14.0000000        0.1459207
      15.0000000        0.1400735
      16.0000000        0.1380898
       1.0000000        0.0036703
       2.0000000        0.0267116
       3.0000000        0.0553844
       4.0000000        0.0778647
       5.0000000        0.0980360
       6.0000000        0.1181935
       7.0000000        0.1364689
       8.0000000        0.1501805
       9.0000000        0.1581694
      10.0000000        0.1612375
      11.0000000        0.1621215
      12.0000000        0.1630175
      13.0000000        0.1624250
      14.0000000        0.1588162
      15.0000000        0.1545338
      16.0000000        0.1528327
       1.0000000        0.0033183
       2.0000000        0.0252100
       3.0000000        0.0552002
       4.0000000        0.0799392
       5.0000000        0.1005641
       6.0000000        0.1210196
       7.0000000        0.1408397
       8.0000000        0.1553824
       9.0000000        0.1609113
      10.0000000        0.1617200
      11.0000000        0.1625607
      12.0000000        0.1630200
      13.0000000        0.1608739
      14.0000000        0.1558687
      15.0000000        0.1502707
      16.0000000        0.1477697
       1.0000000        0.0029751
       2.0000000        0.0234147
       3.0000000        0.0525343
       4.0000000        0.0790710
       5.0000000        0.1023016
       6.0000000        0.1208140
       7.0000000        0.1338037
       8.0000000        0.1425821
       9.0000000        0.1483063
      10.0000000        0.1516117
      11.0000000        0.1537540
      12.0000000        0.1554530
      13.0000000        0.1554389
      14.0000000        0.1532105
      15.0000000        0.1500395
      16.0000000        0.1485921
       1.0000000        0.0027113
       2.0000000        0.0219196
       3.0000000        0.0510722
       4.0000000        0.0776162
       5.0000000        0.0981026
       6.0000000        0.1134952
       7.0000000        0.1264641
       8.0000000        0.1387776
       9.0000000        0.1485087
      10.0000000        0.1554630
      11.0000000        0.1602454
      12.0000000        0.1608963
      13.0000000        0.1585763
      14.0000000        0.1568734
      15.0000000        0.1561048
      16.0000000        0.1555408
       1.0000000        0.0022467
       2.0000000        0.0188756
       3.0000000        0.0439887
       4.0000000        0.0667089
       5.0000000        0.0866480
       6.0000000        0.1048561
       7.0000000        0.1197863
       8.0000000        0.1316616
       9.0000000        0.1416571
      10.0000000        0.1500365
      11.0000000        0.1563537
      12.0000000        0.1608385
      13.0000000        0.1642081
      14.0000000        0.1661689
      15.0000000        0.1658467
      16.0000000        0.1650578
       1.0000000        0.0021161
       2.0000000        0.0177066
       3.0000000        0.0413094
       4.0000000        0.0624626
       5.0000000        0.0810314
       6.0000000        0.0981851
       7.0000000        0.1126077
       8.0000000        0.1239430
       9.0000000        0.1317367
      10.0000000        0.1366079
      11.0000000        0.1409236
      12.0000000        0.1460153
      13.0000000        0.1506100
      14.0000000        0.1535864
      15.0000000        0.1555616
      16.0000000        0.1564527
       1.0000000        0.0021926
       2.0000000        0.0184074
       3.0000000        0.0420924
       4.0000000        0.0612135
       5.0000000        0.0764290
       6.0000000        0.0911369
       7.0000000        0.1064279
       8.0000000        0.1208069
       9.0000000        0.1307783
      10.0000000        0.1346788
      11.0000000        0.1355991
      12.0000000        0.1375539
      13.0000000        0.1414840
      14.0000000        0.1455955
      15.0000000        0.1490737
      16.0000000        0.1506501
       1.0000000        0.0020945
       2.0000000        0.0170636
       3.0000000        0.0388560
       4.0000000        0.0589410
       5.0000000        0.0782804
       6.0000000        0.0972281
       7.0000000        0.1141128
       8.0000000        0.1286342
       9.0000000        0.1398983
      10.0000000        0.1473057
      11.0000000        0.1521890
      12.0000000        0.1548854
      13.0000000        0.1545180
      14.0000000        0.1531261
      15.0000000        0.1536419
      16.0000000        0.1546668
       1.0000000        0.0023036
       2.0000000        0.0185315
       3.0000000        0.0422512
       4.0000000        0.0647818
       5.0000000        0.0874062
       6.0000000        0.1096656
       7.0000000        0.1289836
       8.0000000        0.1453594
       9.0000000        0.1588624
      10.0000000        0.1669384
      11.0000000        0.1694292
      12.0000000        0.1690945
      13.0000000        0.1668539
      14.0000000        0.1631969
      15.0000000        0.1598365
      16.0000000        0.1585103
       1.0000000        0.0023715
       2.0000000        0.0190171
       3.0000000        0.0429108
       4.0000000        0.0634490
       5.0000000        0.0824780
       6.0000000        0.1026864
       7.0000000        0.1221471
       8.0000000        0.1382274
       9.0000000        0.1484167
      10.0000000        0.1528622
      11.0000000        0.1535302
      12.0000000        0.1516334
      13.0000000        0.1472951
      14.0000000        0.1409582
      15.0000000        0.1353538
      16.0000000        0.1332111
       1.0000000        0.0022584
       2.0000000        0.0171107
       3.0000000        0.0373358
       4.0000000        0.0552604
       5.0000000        0.0730032
       6.0000000        0.0915844
       7.0000000        0.1087015
       8.0000000        0.1216610
       9.0000000        0.1295427
      10.0000000        0.1331130
      11.0000000        0.1339335
      12.0000000        0.1335352
      13.0000000        0.1325917
      14.0000000        0.1301354
      15.0000000        0.1258097
      16.0000000        0.1233032
       1.0000000        0.0021996
       2.0000000        0.0169429
       3.0000000        0.0364404
       4.0000000        0.0524583
       5.0000000        0.0667935
       6.0000000        0.0800941
       7.0000000        0.0908350
       8.0000000        0.0997312
       9.0000000        0.1074627
      10.0000000        0.1144289
      11.0000000        0.1196443
      12.0000000        0.1219778
      13.0000000        0.1233442
      14.0000000        0.1239094
      15.0000000        0.1228080
      16.0000000        0.1219660
       1.0000000        0.0026609
       2.0000000        0.0193862
       3.0000000        0.0393465
       4.0000000        0.0538675
       5.0000000        0.0653500
       6.0000000        0.0759040
       7.0000000        0.0853466
       8.0000000        0.0934804
       9.0000000        0.1006392
      10.0000000        0.1070165
      11.0000000        0.1123957
      12.0000000        0.1170324
      13.0000000        0.1211710
      14.0000000        0.1239873
      15.0000000        0.1251331
      16.0000000        0.1254142
       1.0000000        0.0025830
       2.0000000        0.0194915
       3.0000000        0.0407402
       4.0000000        0.0560210
       5.0000000        0.0665013
       6.0000000        0.0739154
       7.0000000        0.0802175
       8.0000000        0.0878645
       9.0000000        0.0964964
      10.0000000        0.1026909
      11.0000000        0.1047652
      12.0000000        0.1052123
      13.0000000        0.1065064
      14.0000000        0.1080039
      15.0000000        0.1090366
      16.0000000        0.1094670
       1.0000000        0.0024282
       2.0000000        0.0175437
       3.0000000        0.0364168
       4.0000000        0.0505643
       5.0000000        0.0613377
       6.0000000        0.0709090
       7.0000000        0.0798645
       8.0000000        0.0881047
       9.0000000        0.0942433
      10.0000000        0.0980270
      11.0000000        0.1008759
      12.0000000        0.1031365
      13.0000000        0.1026966
      14.0000000        0.1004160
      15.0000000        0.0981168
      16.0000000        0.0971190
       1.0000000        0.0025587
       2.0000000        0.0186818
       3.0000000        0.0374285
       4.0000000        0.0507296
       5.0000000        0.0620350
       6.0000000        0.0709055
       7.0000000        0.0766101
       8.0000000        0.0812260
       9.0000000        0.0858296
      10.0000000        0.0903452
      11.0000000        0.0936868
      12.0000000        0.0944245
      13.0000000        0.0932204
      14.0000000        0.0919531
      15.0000000        0.0913599
      16.0000000        0.0912013
       1.0000000        0.0023647
       2.0000000        0.0179253
       3.0000000        0.0369487
       4.0000000        0.0501781
       5.0000000        0.0586978
       6.0000000        0.0647437
       7.0000000        0.0706696
       8.0000000        0.0764374
       9.0000000        0.0799979
      10.0000000        0.0816007
      11.0000000        0.0821233
      12.0000000        0.0821962
      13.0000000        0.0824257
      14.0000000        0.0826915
      15.0000000        0.0828863
      16.0000000        0.0828599
       1.0000000        0.0024968
       2.0000000        0.0185155
       3.0000000        0.0372182
       4.0000000        0.0491950
       5.0000000        0.0579282
       6.0000000        0.0654064
       7.0000000        0.0703240
       8.0000000        0.0735721
       9.0000000        0.0768074
      10.0000000        0.0800202
      11.0000000        0.0823504
      12.0000000        0.0819050
      13.0000000        0.0783788
      14.0000000        0.0742729
      15.0000000        0.0718331
      16.0000000        0.0713015
       1.0000000        0.0027651
       2.0000000        0.0202585
       3.0000000        0.0416649
       4.0000000        0.0555427
       5.0000000        0.0644197
       6.0000000        0.0704377
       7.0000000        0.0740984
       8.0000000        0.0765504
       9.0000000        0.0781114
      10.0000000        0.0790996
      11.0000000        0.0787614
      12.0000000        0.0765269
      13.0000000        0.0733352
      14.0000000        0.0715422
      15.0000000        0.0710492
      16.0000000        0.0709443
       1.0000000        0.0026910
       2.0000000        0.0205948
       3.0000000        0.0420477
       4.0000000        0.0546781
       5.0000000        0.0620132
       6.0000000        0.0678450
       7.0000000        0.0721244
       8.0000000        0.0742112
       9.0000000        0.0738235
      10.0000000        0.0716411
      11.0000000        0.0684963
      12.0000000        0.0646979
      13.0000000        0.0622379
      14.0000000        0.0633295
      15.0000000        0.0664356
      16.0000000        0.0679201
       1.0000000        0.0030574
       2.0000000        0.0209029
       3.0000000        0.0388942
       4.0000000        0.0494515
       5.0000000        0.0570755
       6.0000000        0.0619738
       7.0000000        0.0642649
       8.0000000        0.0650064
       9.0000000        0.0650842
      10.0000000        0.0643277
      11.0000000        0.0629912
      12.0000000        0.0622688
      13.0000000        0.0632634
      14.0000000        0.0653993
      15.0000000        0.0674417
      16.0000000        0.0684753
       1.0000000        0.0027809
       2.0000000        0.0197698
       3.0000000        0.0390681
       4.0000000        0.0519109
       5.0000000        0.0611861
       6.0000000        0.0679405
       7.0000000        0.0705524
       8.0000000        0.0694448
       9.0000000        0.0676469
      10.0000000        0.0672742
      11.0000000        0.0687886
      12.0000000        0.0718483
      13.0000000        0.0762296
      14.0000000        0.0815709
      15.0000000        0.0863514
      16.0000000        0.0882861
       1.0000000        0.0028584
       2.0000000        0.0199096
       3.0000000        0.0390910
       4.0000000        0.0522562
       5.0000000        0.0625896
       6.0000000        0.0707827
       7.0000000        0.0756533
       8.0000000        0.0776226
       9.0000000        0.0780070
      10.0000000        0.0783175
      11.0000000        0.0805529
      12.0000000        0.0844549
      13.0000000        0.0876724
      14.0000000        0.0894512
      15.0000000        0.0904279
      16.0000000        0.0907463
       1.0000000        0.0031602
       2.0000000        0.0207106
       3.0000000        0.0392472
       4.0000000        0.0522548
       5.0000000        0.0626072
       6.0000000        0.0700018
       7.0000000        0.0743079
       8.0000000        0.0768285
       9.0000000        0.0793679
      10.0000000        0.0833177
      11.0000000        0.0881442
      12.0000000        0.0923854
      13.0000000        0.0950309
      14.0000000        0.0963762
      15.0000000        0.0974443
      16.0000000        0.0980713
       1.0000000        0.0034015
       2.0000000        0.0233632
       3.0000000        0.0452469
       4.0000000        0.0594717
       5.0000000        0.0686271
       6.0000000        0.0760857
       7.0000000        0.0834301
       8.0000000        0.0886576
       9.0000000        0.0912391
      10.0000000        0.0928498
      11.0000000        0.0957942
      12.0000000        0.1015320
      13.0000000        0.1075614
      14.0000000        0.1097083
      15.0000000        0.1085462
      16.0000000        0.1075500
       1.0000000        0.0034035
       2.0000000        0.0227671
       3.0000000        0.0419878
       4.0000000        0.0542106
       5.0000000        0.0648102
       6.0000000        0.0735010
       7.0000000        0.0787308
       8.0000000        0.0818371
       9.0000000        0.0847459
      10.0000000        0.0883379
      11.0000000        0.0904003
      12.0000000        0.0915933
      13.0000000        0.0943114
      14.0000000        0.0984311
      15.0000000        0.1016231
      16.0000000        0.1029766
       1.0000000        0.0032847
       2.0000000        0.0235466
       3.0000000        0.0461704
       4.0000000        0.0605496
       5.0000000        0.0696202
       6.0000000        0.0760491
       7.0000000        0.0799564
       8.0000000        0.0825214
       9.0000000        0.0852778
      10.0000000        0.0876713
      11.0000000        0.0898779
      12.0000000        0.0929381
      13.0000000        0.0966342
      14.0000000        0.0990112
      15.0000000        0.0993861
      16.0000000        0.0992437
       1.0000000        0.0038217
       2.0000000        0.0251660
       3.0000000        0.0462772
       4.0000000        0.0598696
       5.0000000        0.0699575
       6.0000000        0.0771112
       7.0000000        0.0816980
       8.0000000        0.0859136
       9.0000000        0.0886033
      10.0000000        0.0893280
      11.0000000        0.0907995
      12.0000000        0.0933710
      13.0000000        0.0954198
      14.0000000        0.0970418
      15.0000000        0.0982885
      16.0000000        0.0988393
       1.0000000        0.0042750
       2.0000000        0.0280515
       3.0000000        0.0525735
       4.0000000        0.0671125
       5.0000000        0.0744500
       6.0000000        0.0772268
       7.0000000        0.0811933
       8.0000000        0.0864065
       9.0000000        0.0898907
      10.0000000        0.0926891
      11.0000000        0.0959205
      12.0000000        0.0986714
      13.0000000        0.0994355
      14.0000000        0.0981641
      15.0000000        0.0956253
      16.0000000        0.0944434
       1.0000000        0.0047431
       2.0000000        0.0306668
       3.0000000        0.0565987
       4.0000000        0.0723647
       5.0000000        0.0806467
       6.0000000        0.0842407
       7.0000000        0.0880758
       8.0000000        0.0926459
       9.0000000        0.0951460
      10.0000000        0.0943295
      11.0000000        0.0922342
      12.0000000        0.0906793
      13.0000000        0.0903797
      14.0000000        0.0903287
      15.0000000        0.0897779
      16.0000000        0.0895710
       1.0000000        0.0047197
       2.0000000        0.0294023
       3.0000000        0.0524603
       4.0000000        0.0650637
       5.0000000        0.0729743
       6.0000000        0.0797459
       7.0000000        0.0845957
       8.0000000        0.0877074
       9.0000000        0.0883479
      10.0000000        0.0868479
      11.0000000        0.0878856
      12.0000000        0.0904803
      13.0000000        0.0910783
      14.0000000        0.0909455
      15.0000000        0.0923789
      16.0000000        0.0935269
       1.0000000        0.0043419
       2.0000000        0.0293206
       3.0000000        0.0559053
       4.0000000        0.0723594
       5.0000000        0.0817434
       6.0000000        0.0871069
       7.0000000        0.0906523
       8.0000000        0.0936548
       9.0000000        0.0968919
      10.0000000        0.1007938
      11.0000000        0.1031386
      12.0000000        0.1048019
      13.0000000        0.1062217
      14.0000000        0.1073945
      15.0000000        0.1080272
      16.0000000        0.1077577
       1.0000000        0.0048139
       2.0000000        0.0331711
       3.0000000        0.0628520
       4.0000000        0.0827565
       5.0000000        0.0970743
       6.0000000        0.1052983
       7.0000000        0.1093732
       8.0000000        0.1115819
       9.0000000        0.1148918
      10.0000000        0.1181379
      11.0000000        0.1199858
      12.0000000        0.1218478
      13.0000000        0.1259261
      14.0000000        0.1318802
      15.0000000        0.1377274
      16.0000000        0.1403061
       1.0000000        0.0050537
       2.0000000        0.0351255
       3.0000000        0.0671702
       4.0000000        0.0875396
       5.0000000        0.1016216
       6.0000000        0.1122505
       7.0000000        0.1195050
       8.0000000        0.1239805
       9.0000000        0.1278144
      10.0000000        0.1333408
      11.0000000        0.1407000
      12.0000000        0.1479400
      13.0000000        0.1528153
      14.0000000        0.1543555
      15.0000000        0.1532459
      16.0000000        0.1522721
       1.0000000        0.0055780
       2.0000000        0.0376998
       3.0000000        0.0732058
       4.0000000        0.0982087
       5.0000000        0.1165975
       6.0000000        0.1276272
       7.0000000        0.1327687
       8.0000000        0.1367063
       9.0000000        0.1413632
      10.0000000        0.1473625
      11.0000000        0.1552088
      12.0000000        0.1622602
      13.0000000        0.1677764
      14.0000000        0.1725356
      15.0000000        0.1765450
      16.0000000        0.1788172
       1.0000000        0.0053862
       2.0000000        0.0367694
       3.0000000        0.0720126
       4.0000000        0.1003985
       5.0000000        0.1247778
       6.0000000        0.1421150
       7.0000000        0.1487113
       8.0000000        0.1490567
       9.0000000        0.1491393
      10.0000000        0.1532093
      11.0000000        0.1624819
      12.0000000        0.1724933
      13.0000000        0.1807406
      14.0000000        0.1877126
      15.0000000        0.1933953
      16.0000000        0.1961512
       1.0000000        0.0055538
       2.0000000        0.0387327
       3.0000000        0.0796038
       4.0000000        0.1132774
       5.0000000        0.1383399
       6.0000000        0.1536263
       7.0000000        0.1617554
       8.0000000        0.1659392
       9.0000000        0.1664888
      10.0000000        0.1639143
      11.0000000        0.1620536
      12.0000000        0.1654923
      13.0000000        0.1735238
      14.0000000        0.1830333
      15.0000000        0.1905726
      16.0000000        0.1929582
       1.0000000        0.0056524
       2.0000000        0.0408255
       3.0000000        0.0846410
       4.0000000        0.1182195
       5.0000000        0.1439608
       6.0000000        0.1603277
       7.0000000        0.1656691
       8.0000000        0.1653477
       9.0000000        0.1640218
      10.0000000        0.1632105
      11.0000000        0.1628959
      12.0000000        0.1629277
      13.0000000        0.1620847
      14.0000000        0.1604441
      15.0000000        0.1587130
      16.0000000        0.1577694
       1.0000000        0.0048334
       2.0000000        0.0363371
       3.0000000        0.0791702
       4.0000000        0.1154447
       5.0000000        0.1399256
       6.0000000        0.1521221
       7.0000000        0.1568941
       8.0000000        0.1588653
       9.0000000        0.1584676
      10.0000000        0.1580529
      11.0000000        0.1587037
      12.0000000        0.1587068
      13.0000000        0.1580595
      14.0000000        0.1581541
      15.0000000        0.1572220
      16.0000000        0.1562703
       1.0000000        0.0049404
       2.0000000        0.0361935
       3.0000000        0.0756003
       4.0000000        0.1062292
       5.0000000        0.1310242
       6.0000000        0.1489563
       7.0000000        0.1577167
       8.0000000        0.1597154
       9.0000000        0.1592337
      10.0000000        0.1598074
      11.0000000        0.1604182
      12.0000000        0.1615065
      13.0000000        0.1633472
      14.0000000        0.1656505
      15.0000000        0.1682995
      16.0000000        0.1695404
       1.0000000        0.0045515
       2.0000000        0.0321917
       3.0000000        0.0649002
       4.0000000        0.0899169
       5.0000000        0.1100579
       6.0000000        0.1275756
       7.0000000        0.1417983
       8.0000000        0.1526913
       9.0000000        0.1589659
      10.0000000        0.1604073
      11.0000000        0.1607210
      12.0000000        0.1623001
      13.0000000        0.1644063
      14.0000000        0.1648163
      15.0000000        0.1637889
      16.0000000        0.1632802
       1.0000000        0.0042097
       2.0000000        0.0301966
       3.0000000        0.0616262
       4.0000000        0.0826403
       5.0000000        0.0977825
       6.0000000        0.1116058
       7.0000000        0.1236398
       8.0000000        0.1335420
       9.0000000        0.1407209
      10.0000000        0.1447794
      11.0000000        0.1483940
      12.0000000        0.1519180
      13.0000000        0.1523769
      14.0000000        0.1512644
      15.0000000        0.1510723
      16.0000000        0.1510177
       1.0000000        0.0035445
       2.0000000        0.0267888
       3.0000000        0.0563150
       4.0000000        0.0777572
       5.0000000        0.0947139
       6.0000000        0.1085382
       7.0000000        0.1193467
       8.0000000        0.1283707
       9.0000000        0.1367975
      10.0000000        0.1453936
      11.0000000        0.1513605
      12.0000000        0.1516782
      13.0000000        0.1484408
      14.0000000        0.1445316
      15.0000000        0.1392542
      16.0000000        0.1363112
       1.0000000        0.0035283
       2.0000000        0.0272852
       3.0000000        0.0568898
       4.0000000        0.0762901
       5.0000000        0.0895007
       6.0000000        0.0994187
       7.0000000        0.1047892
       8.0000000        0.1098010
       9.0000000        0.1177642
      10.0000000        0.1264302
      11.0000000        0.1332491
      12.0000000        0.1368580
      13.0000000        0.1371332
      14.0000000        0.1352295
      15.0000000        0.1335414
      16.0000000        0.1331006
       1.0000000        0.0032400
       2.0000000        0.0250538
       3.0000000        0.0536865
       4.0000000        0.0736136
       5.0000000        0.0866733
       6.0000000        0.0957519
       7.0000000        0.1016271
       8.0000000        0.1061532
       9.0000000        0.1105084
      10.0000000        0.1153248
      11.0000000        0.1212317
      12.0000000        0.1267886
      13.0000000        0.1304919
      14.0000000        0.1332576
      15.0000000        0.1348537
      16.0000000        0.1350948
       1.0000000        0.0034574
       2.0000000        0.0252306
       3.0000000        0.0541618
       4.0000000        0.0785460
       5.0000000        0.0977874
       6.0000000        0.1110577
       7.0000000        0.1179680
       8.0000000        0.1218363
       9.0000000        0.1241829
      10.0000000        0.1257175
      11.0000000        0.1289572
      12.0000000        0.1341241
      13.0000000        0.1398302
      14.0000000        0.1463515
      15.0000000        0.1514650
      16.0000000        0.1530486
       1.0000000        0.0040313
       2.0000000        0.0286753
       3.0000000        0.0597888
       4.0000000        0.0858517
       5.0000000        0.1079070
       6.0000000        0.1248249
       7.0000000        0.1347300
       8.0000000        0.1381276
       9.0000000        0.1391373
      10.0000000        0.1416930
      11.0000000        0.1454924
      12.0000000        0.1496326
      13.0000000        0.1560273
      14.0000000        0.1644419
      15.0000000        0.1702281
      16.0000000        0.1717778
       1.0000000        0.0041609
       2.0000000        0.0291835
       3.0000000        0.0591038
       4.0000000        0.0813771
       5.0000000        0.0981113
       6.0000000        0.1101498
       7.0000000        0.1182197
       8.0000000        0.1244146
       9.0000000        0.1306085
      10.0000000        0.1367295
      11.0000000        0.1417817
      12.0000000        0.1466832
      13.0000000        0.1516527
      14.0000000        0.1560708
      15.0000000        0.1589322
      16.0000000        0.1599046
       1.0000000        0.0045881
       2.0000000        0.0308608
       3.0000000        0.0591121
       4.0000000        0.0780115
       5.0000000        0.0926081
       6.0000000        0.1032393
       7.0000000        0.1108130
       8.0000000        0.1186838
       9.0000000        0.1261200
      10.0000000        0.1325538
      11.0000000        0.1378875
      12.0000000        0.1397206
      13.0000000        0.1386746
      14.0000000        0.1373471
      15.0000000        0.1357269
      16.0000000        0.1347755
       1.0000000        0.0044953
       2.0000000        0.0295101
       3.0000000        0.0559172
       4.0000000        0.0743118
       5.0000000        0.0899301
       6.0000000        0.1026179
       7.0000000        0.1119791
       8.0000000        0.1195374
       9.0000000        0.1241040
      10.0000000        0.1244015
      11.0000000        0.1230687
      12.0000000        0.1229020
      13.0000000        0.1230882
      14.0000000        0.1219169
      15.0000000        0.1196003
      16.0000000        0.1183565
       1.0000000        0.0041773
       2.0000000        0.0278996
       3.0000000        0.0534185
       4.0000000        0.0725410
       5.0000000        0.0899862
       6.0000000        0.1032120
       7.0000000        0.1096076
       8.0000000        0.1124507
       9.0000000        0.1127681
      10.0000000        0.1131245
      11.0000000        0.1147737
      12.0000000        0.1151620
      13.0000000        0.1149127
      14.0000000        0.1172482
      15.0000000        0.1208837
      16.0000000        0.1225095
       1.0000000        0.0040634
       2.0000000        0.0278037
       3.0000000        0.0548204
       4.0000000        0.0743922
       5.0000000        0.0890673
       6.0000000        0.0979127
       7.0000000        0.1027512
       8.0000000        0.1062158
       9.0000000        0.1100454
      10.0000000        0.1150518
      11.0000000        0.1187987
      12.0000000        0.1205579
      13.0000000        0.1219713
      14.0000000        0.1216811
      15.0000000        0.1193405
      16.0000000        0.1180059
       1.0000000        0.0036337
       2.0000000        0.0265478
       3.0000000        0.0547167
       4.0000000        0.0747688
       5.0000000        0.0871674
       6.0000000        0.0941740
       7.0000000        0.0989442
       8.0000000        0.1041222
       9.0000000        0.1101614
      10.0000000        0.1168574
      11.0000000        0.1239710
      12.0000000        0.1286045
      13.0000000        0.1297733
      14.0000000        0.1292963
      15.0000000        0.1276253
      16.0000000        0.1263264
       1.0000000        0.0037780
       2.0000000        0.0269672
       3.0000000        0.0546203
       4.0000000        0.0732482
       5.0000000        0.0853428
       6.0000000        0.0940905
       7.0000000        0.1005482
       8.0000000        0.1055401
       9.0000000        0.1105422
      10.0000000        0.1153533
      11.0000000        0.1184071
      12.0000000        0.1207270
      13.0000000        0.1241958
      14.0000000        0.1251930
      15.0000000        0.1231607
      16.0000000        0.1219489
       1.0000000        0.0032086
       2.0000000        0.0229247
       3.0000000        0.0458629
       4.0000000        0.0613214
       5.0000000        0.0722356
       6.0000000        0.0800917
       7.0000000        0.0856688
       8.0000000        0.0914742
       9.0000000        0.0982183
      10.0000000        0.1046390
      11.0000000        0.1097859
      12.0000000        0.1128968
      13.0000000        0.1131814
      14.0000000        0.1130218
      15.0000000        0.1137114
      16.0000000        0.1142278
       1.0000000        0.0036748
       2.0000000        0.0254811
       3.0000000        0.0489493
       4.0000000        0.0646736
       5.0000000        0.0775532
       6.0000000        0.0878124
       7.0000000        0.0949785
       8.0000000        0.0997373
       9.0000000        0.1038674
      10.0000000        0.1083344
      11.0000000        0.1121851
      12.0000000        0.1135314
      13.0000000        0.1129589
      14.0000000        0.1118546
      15.0000000        0.1109670
      16.0000000        0.1108062
       1.0000000        0.0041918
       2.0000000        0.0280669
       3.0000000        0.0539063
       4.0000000        0.0701550
       5.0000000        0.0804949
       6.0000000        0.0869669
       7.0000000        0.0924482
       8.0000000        0.0982195
       9.0000000        0.1035533
      10.0000000        0.1081123
      11.0000000        0.1094550
      12.0000000        0.1065355
      13.0000000        0.1028043
      14.0000000        0.1010922
      15.0000000        0.1003994
      16.0000000        0.0998572
       1.0000000        0.0042811
       2.0000000        0.0292550
       3.0000000        0.0576014
       4.0000000        0.0783739
       5.0000000        0.0935643
       6.0000000        0.1039739
       7.0000000        0.1088740
       8.0000000        0.1104267
       9.0000000        0.1123080
      10.0000000        0.1149032
      11.0000000        0.1165322
      12.0000000        0.1163695
      13.0000000        0.1139378
      14.0000000        0.1105189
      15.0000000        0.1083391
      16.0000000        0.1077671
       1.0000000        0.0043848
       2.0000000        0.0297089
       3.0000000        0.0591982
       4.0000000        0.0826287
       5.0000000        0.1014324
       6.0000000        0.1142350
       7.0000000        0.1203443
       8.0000000        0.1230384
       9.0000000        0.1250439
      10.0000000        0.1260578
      11.0000000        0.1253313
      12.0000000        0.1240003
      13.0000000        0.1221456
      14.0000000        0.1187720
      15.0000000        0.1150953
      16.0000000        0.1137111
       1.0000000        0.0040966
       2.0000000        0.0308864
       3.0000000        0.0648290
       4.0000000        0.0904938
       5.0000000        0.1092450
       6.0000000        0.1210287
       7.0000000        0.1263837
       8.0000000        0.1292089
       9.0000000        0.1316954
      10.0000000        0.1312065
      11.0000000        0.1267609
      12.0000000        0.1216003
      13.0000000        0.1173956
      14.0000000        0.1138276
      15.0000000        0.1122201
      16.0000000        0.1120742
       1.0000000        0.0042358
       2.0000000        0.0299338
       3.0000000        0.0602026
       4.0000000        0.0809858
       5.0000000        0.0950757
       6.0000000        0.1054163
       7.0000000        0.1140936
       8.0000000        0.1212456
       9.0000000        0.1249120
      10.0000000        0.1252099
      11.0000000        0.1242117
      12.0000000        0.1225175
      13.0000000        0.1202002
      14.0000000        0.1167658
      15.0000000        0.1130904
      16.0000000        0.1116266
       1.0000000        0.0039347
       2.0000000        0.0269631
       3.0000000        0.0540316
       4.0000000        0.0739236
       5.0000000        0.0897712
       6.0000000        0.1030011
       7.0000000        0.1132194
       8.0000000        0.1210706
       9.0000000        0.1254601
      10.0000000        0.1266998
      11.0000000        0.1261211
      12.0000000        0.1253258
      13.0000000        0.1231248
      14.0000000        0.1173955
      15.0000000        0.1104327
      16.0000000        0.1072471
       1.0000000        0.0035933
       2.0000000        0.0252861
       3.0000000        0.0519207
       4.0000000        0.0734815
       5.0000000        0.0923896
       6.0000000        0.1070672
       7.0000000        0.1153183
       8.0000000        0.1218167
       9.0000000        0.1284917
      10.0000000        0.1322719
      11.0000000        0.1308187
      12.0000000        0.1274613
      13.0000000        0.1238350
      14.0000000        0.1200268
      15.0000000        0.1175001
      16.0000000        0.1167940
       1.0000000        0.0036967
       2.0000000        0.0263159
       3.0000000        0.0542028
       4.0000000        0.0781995
       5.0000000        0.0983983
       6.0000000        0.1135466
       7.0000000        0.1231290
       8.0000000        0.1303776
       9.0000000        0.1360531
      10.0000000        0.1383080
      11.0000000        0.1372188
      12.0000000        0.1362026
      13.0000000        0.1347958
      14.0000000        0.1324283
      15.0000000        0.1303194
      16.0000000        0.1293283
       1.0000000        0.0038593
       2.0000000        0.0272977
       3.0000000        0.0557005
       4.0000000        0.0767889
       5.0000000        0.0922490
       6.0000000        0.1036747
       7.0000000        0.1113202
       8.0000000        0.1157995
       9.0000000        0.1195811
      10.0000000        0.1245481
      11.0000000        0.1304208
      12.0000000        0.1364436
      13.0000000        0.1408313
      14.0000000        0.1432942
      15.0000000        0.1449189
      16.0000000        0.1456626
       1.0000000        0.0041644
       2.0000000        0.0292932
       3.0000000        0.0583293
       4.0000000        0.0770334
       5.0000000        0.0899723
       6.0000000        0.1010647
       7.0000000        0.1108566
       8.0000000        0.1171456
       9.0000000        0.1206592
      10.0000000        0.1243843
      11.0000000        0.1292454
      12.0000000        0.1368392
      13.0000000        0.1459599
      14.0000000        0.1524629
      15.0000000        0.1560819
      16.0000000        0.1577324
       1.0000000        0.0045477
       2.0000000        0.0318186
       3.0000000        0.0612843
       4.0000000        0.0801577
       5.0000000        0.0942264
       6.0000000        0.1057488
       7.0000000        0.1139231
       8.0000000        0.1198932
       9.0000000        0.1251067
      10.0000000        0.1295356
      11.0000000        0.1344324
      12.0000000        0.1401206
      13.0000000        0.1461985
      14.0000000        0.1525211
      15.0000000        0.1552179
      16.0000000        0.1549564
       1.0000000        0.0055433
       2.0000000        0.0383608
       3.0000000        0.0714249
       4.0000000        0.0896707
       5.0000000        0.1013936
       6.0000000        0.1099805
       7.0000000        0.1179098
       8.0000000        0.1238812
       9.0000000        0.1254729
      10.0000000        0.1285817
      11.0000000        0.1368115
      12.0000000        0.1457031
      13.0000000        0.1489855
      14.0000000        0.1481979
      15.0000000        0.1461725
      16.0000000        0.1445835
       1.0000000        0.0061004
       2.0000000        0.0403555
       3.0000000        0.0720822
       4.0000000        0.0898091
       5.0000000        0.1039770
       6.0000000        0.1126440
       7.0000000        0.1165691
       8.0000000        0.1216269
       9.0000000        0.1263211
      10.0000000        0.1290672
      11.0000000        0.1313451
      12.0000000        0.1341780
      13.0000000        0.1362814
      14.0000000        0.1372105
      15.0000000        0.1373747
      16.0000000        0.1371522
       1.0000000        0.0057988
       2.0000000        0.0396239
       3.0000000        0.0732733
       4.0000000        0.0927109
       5.0000000        0.1063969
       6.0000000        0.1153112
       7.0000000        0.1214172
       8.0000000        0.1256054
       9.0000000        0.1258149
      10.0000000        0.1242435
      11.0000000        0.1236276
      12.0000000        0.1263041
      13.0000000        0.1289622
      14.0000000        0.1292691
      15.0000000        0.1281418
      16.0000000        0.1273202
       1.0000000        0.0050437
       2.0000000        0.0353220
       3.0000000        0.0688550
       4.0000000        0.0894014
       5.0000000        0.1021253
       6.0000000        0.1120001
       7.0000000        0.1188699
       8.0000000        0.1219579
       9.0000000        0.1234429
      10.0000000        0.1257216
      11.0000000        0.1286959
      12.0000000        0.1304388
      13.0000000        0.1323959
      14.0000000        0.1335834
      15.0000000        0.1329676
      16.0000000        0.1323987
       1.0000000        0.0046190
       2.0000000        0.0333215
       3.0000000        0.0664865
       4.0000000        0.0892562
       5.0000000        0.1054991
       6.0000000        0.1181426
       7.0000000        0.1273395
       8.0000000        0.1318628
       9.0000000        0.1334637
      10.0000000        0.1336301
      11.0000000        0.1327530
      12.0000000        0.1322007
      13.0000000        0.1326520
      14.0000000        0.1326334
      15.0000000        0.1308481
      16.0000000        0.1297416
       1.0000000        0.0045946
       2.0000000        0.0334801
       3.0000000        0.0671529
       4.0000000        0.0917700
       5.0000000        0.1125553
       6.0000000        0.1276020
       7.0000000        0.1370483
       8.0000000        0.1421806
       9.0000000        0.1431261
      10.0000000        0.1416982
      11.0000000        0.1379683
      12.0000000        0.1317442
      13.0000000        0.1244181
      14.0000000        0.1168872
      15.0000000        0.1109101
      16.0000000        0.1086910
       1.0000000        0.0040572
       2.0000000        0.0308181
       3.0000000        0.0657894
       4.0000000        0.0943473
       5.0000000        0.1168934
       6.0000000        0.1329559
       7.0000000        0.1432530
       8.0000000        0.1483391
       9.0000000        0.1474503
      10.0000000        0.1408328
      11.0000000        0.1307026
      12.0000000        0.1196994
      13.0000000        0.1110049
      14.0000000        0.1052900
      15.0000000        0.1019278
      16.0000000        0.1006822
       1.0000000        0.0037999
       2.0000000        0.0296765
       3.0000000        0.0649606
       4.0000000        0.0936455
       5.0000000        0.1154186
       6.0000000        0.1301570
       7.0000000        0.1390470
       8.0000000        0.1427751
       9.0000000        0.1391596
      10.0000000        0.1293190
      11.0000000        0.1190405
      12.0000000        0.1128884
      13.0000000        0.1093216
      14.0000000        0.1065433
      15.0000000        0.1034556
      16.0000000        0.1018412
       1.0000000        0.0038289
       2.0000000        0.0285715
       3.0000000        0.0611868
       4.0000000        0.0874887
       5.0000000        0.1086706
       6.0000000        0.1241486
       7.0000000        0.1340535
       8.0000000        0.1404865
       9.0000000        0.1411603
      10.0000000        0.1349160
      11.0000000        0.1250573
      12.0000000        0.1140545
      13.0000000        0.1036652
      14.0000000        0.0958413
      15.0000000        0.0908711
      16.0000000        0.0889707
       1.0000000        0.0038029
       2.0000000        0.0279494
       3.0000000        0.0587941
       4.0000000        0.0841650
       5.0000000        0.1048051
       6.0000000        0.1204756
       7.0000000        0.1313094
       8.0000000        0.1374792
       9.0000000        0.1373630
      10.0000000        0.1308273
      11.0000000        0.1226020
      12.0000000        0.1149281
      13.0000000        0.1049555
      14.0000000        0.0945721
      15.0000000        0.0873370
      16.0000000        0.0847195
       1.0000000        0.0042023
       2.0000000        0.0308421
       3.0000000        0.0632973
       4.0000000        0.0889755
       5.0000000        0.1111838
       6.0000000        0.1278223
       7.0000000        0.1357140
       8.0000000        0.1373860
       9.0000000        0.1346942
      10.0000000        0.1274366
      11.0000000        0.1183693
      12.0000000        0.1098201
      13.0000000        0.1028517
      14.0000000        0.0968368
      15.0000000        0.0922703
      16.0000000        0.0905765
       1.0000000        0.0040851
       2.0000000        0.0291041
       3.0000000        0.0587696
       4.0000000        0.0816663
       5.0000000        0.0998989
       6.0000000        0.1109962
       7.0000000        0.1154243
       8.0000000        0.1159567
       9.0000000        0.1140411
      10.0000000        0.1099777
      11.0000000        0.1033366
      12.0000000        0.0945533
      13.0000000        0.0858948
      14.0000000        0.0786324
      15.0000000        0.0732986
      16.0000000        0.0712187
       1.0000000        0.0041751
       2.0000000        0.0290014
       3.0000000        0.0558638
       4.0000000        0.0730902
       5.0000000        0.0852149
       6.0000000        0.0952765
       7.0000000        0.1039856
       8.0000000        0.1089442
       9.0000000        0.1073398
      10.0000000        0.1025341
      11.0000000        0.0967276
      12.0000000        0.0889750
      13.0000000        0.0792629
      14.0000000        0.0690715
      15.0000000        0.0617995
      16.0000000        0.0593835
       1.0000000        0.0037872
       2.0000000        0.0261893
       3.0000000        0.0502052
       4.0000000        0.0657475
       5.0000000        0.0775435
       6.0000000        0.0862492
       7.0000000        0.0919696
       8.0000000        0.0937334
       9.0000000        0.0912407
      10.0000000        0.0865794
      11.0000000        0.0811055
      12.0000000        0.0751147
      13.0000000        0.0686872
      14.0000000        0.0629621
      15.0000000        0.0585622
      16.0000000        0.0566504
       1.0000000        0.0034602
       2.0000000        0.0240876
       3.0000000        0.0456782
       4.0000000        0.0587255
       5.0000000        0.0684839
       6.0000000        0.0756116
       7.0000000        0.0791362
       8.0000000        0.0789560
       9.0000000        0.0758129
      10.0000000        0.0711033
      11.0000000        0.0665533
      12.0000000        0.0627533
      13.0000000        0.0591257
      14.0000000        0.0562686
      15.0000000        0.0542063
      16.0000000        0.0533452
       1.0000000        0.0029391
       2.0000000        0.0202496
       3.0000000        0.0392007
       4.0000000        0.0522045
       5.0000000        0.0617328
       6.0000000        0.0669116
       7.0000000        0.0680921
       8.0000000        0.0683123
       9.0000000        0.0677579
      10.0000000        0.0661564
      11.0000000        0.0645017
      12.0000000        0.0619560
      13.0000000        0.0572930
      14.0000000        0.0513529
      15.0000000        0.0467460
      16.0000000        0.0452368
       1.0000000        0.0027269
       2.0000000        0.0183594
       3.0000000        0.0353414
       4.0000000        0.0473420
       5.0000000        0.0570667
       6.0000000        0.0643359
       7.0000000        0.0681543
       8.0000000        0.0693686
       9.0000000        0.0682219
      10.0000000        0.0650932
      11.0000000        0.0609608
      12.0000000        0.0562476
      13.0000000        0.0511810
      14.0000000        0.0464317
      15.0000000        0.0434997
      16.0000000        0.0427535
       1.0000000        0.0027449
       2.0000000        0.0183536
       3.0000000        0.0354613
       4.0000000        0.0473411
       5.0000000        0.0568837
       6.0000000        0.0645337
       7.0000000        0.0686835
       8.0000000        0.0699389
       9.0000000        0.0697185
      10.0000000        0.0683358
      11.0000000        0.0657012
      12.0000000        0.0608756
      13.0000000        0.0551620
      14.0000000        0.0511879
      15.0000000        0.0489565
      16.0000000        0.0481044
       1.0000000        0.0023256
       2.0000000        0.0160503
       3.0000000        0.0309701
       4.0000000        0.0412217
       5.0000000        0.0497312
       6.0000000        0.0558083
       7.0000000        0.0590108
       8.0000000        0.0607491
       9.0000000        0.0613298
      10.0000000        0.0606680
      11.0000000        0.0587069
      12.0000000        0.0558192
      13.0000000        0.0529691
      14.0000000        0.0513645
      15.0000000        0.0504314
      16.0000000        0.0499692
       1.0000000        0.0022442
       2.0000000        0.0155916
       3.0000000        0.0299257
       4.0000000        0.0398316
       5.0000000        0.0471964
       6.0000000        0.0514303
       7.0000000        0.0533150
       8.0000000        0.0542683
       9.0000000        0.0544608
      10.0000000        0.0541345
      11.0000000        0.0535903
      12.0000000        0.0533624
      13.0000000        0.0534263
      14.0000000        0.0530693
      15.0000000        0.0520637
      16.0000000        0.0513951
       1.0000000        0.0022360
       2.0000000        0.0154355
       3.0000000        0.0294118
       4.0000000        0.0380275
       5.0000000        0.0437805
       6.0000000        0.0476345
       7.0000000        0.0495769
       8.0000000        0.0508333
       9.0000000        0.0524398
      10.0000000        0.0539301
      11.0000000        0.0547729
      12.0000000        0.0548772
      13.0000000        0.0542889
      14.0000000        0.0524358
      15.0000000        0.0495005
      16.0000000        0.0480464
       1.0000000        0.0019539
       2.0000000        0.0140150
       3.0000000        0.0279470
       4.0000000        0.0373840
       5.0000000        0.0443959
       6.0000000        0.0499687
       7.0000000        0.0533961
       8.0000000        0.0549302
       9.0000000        0.0555572
      10.0000000        0.0561930
      11.0000000        0.0563302
      12.0000000        0.0552600
      13.0000000        0.0531950
      14.0000000        0.0512384
      15.0000000        0.0503069
      16.0000000        0.0500757
       1.0000000        0.0018931
       2.0000000        0.0134250
       3.0000000        0.0261524
       4.0000000        0.0337593
       5.0000000        0.0387212
       6.0000000        0.0432931
       7.0000000        0.0471360
       8.0000000        0.0498258
       9.0000000        0.0515758
      10.0000000        0.0528963
      11.0000000        0.0537564
      12.0000000        0.0535818
      13.0000000        0.0528406
      14.0000000        0.0520119
      15.0000000        0.0513312
      16.0000000        0.0510557
       1.0000000        0.0015766
       2.0000000        0.0109913
       3.0000000        0.0212815
       4.0000000        0.0280535
       5.0000000        0.0327971
       6.0000000        0.0365222
       7.0000000        0.0397395
       8.0000000        0.0428864
       9.0000000        0.0452975
      10.0000000        0.0465625
      11.0000000        0.0466761
      12.0000000        0.0459124
      13.0000000        0.0451934
      14.0000000        0.0448311
      15.0000000        0.0446059
      16.0000000        0.0443886
       1.0000000        0.0016006
       2.0000000        0.0111887
       3.0000000        0.0221628
       4.0000000        0.0300643
       5.0000000        0.0357620
       6.0000000        0.0403861
       7.0000000        0.0442287
       8.0000000        0.0467157
       9.0000000        0.0477721
      10.0000000        0.0483897
      11.0000000        0.0491671
      12.0000000        0.0492920
      13.0000000        0.0481544
      14.0000000        0.0464800
      15.0000000        0.0452943
      16.0000000        0.0448631
       1.0000000        0.0016892
       2.0000000        0.0114735
       3.0000000        0.0217958
       4.0000000        0.0282243
       5.0000000        0.0335917
       6.0000000        0.0394386
       7.0000000        0.0452272
       8.0000000        0.0500386
       9.0000000        0.0529654
      10.0000000        0.0537859
      11.0000000        0.0537423
      12.0000000        0.0528019
      13.0000000        0.0507555
      14.0000000        0.0483467
      15.0000000        0.0461912
      16.0000000        0.0452036
       1.0000000        0.0014702
       2.0000000        0.0103740
       3.0000000        0.0206129
       4.0000000        0.0279273
       5.0000000        0.0339127
       6.0000000        0.0395509
       7.0000000        0.0447134
       8.0000000        0.0495773
       9.0000000        0.0537414
      10.0000000        0.0563172
      11.0000000        0.0565209
      12.0000000        0.0545508
      13.0000000        0.0521529
      14.0000000        0.0504993
      15.0000000        0.0493393
      16.0000000        0.0489056
       1.0000000        0.0014205
       2.0000000        0.0099354
       3.0000000        0.0198952
       4.0000000        0.0278362
       5.0000000        0.0348564
       6.0000000        0.0420347
       7.0000000        0.0491252
       8.0000000        0.0550814
       9.0000000        0.0590642
      10.0000000        0.0609474
      11.0000000        0.0618463
      12.0000000        0.0626160
      13.0000000        0.0627988
      14.0000000        0.0616355
      15.0000000        0.0593471
      16.0000000        0.0581278
       1.0000000        0.0016899
       2.0000000        0.0117266
       3.0000000        0.0225677
       4.0000000        0.0301668
       5.0000000        0.0373567
       6.0000000        0.0447818
       7.0000000        0.0519761
       8.0000000        0.0585687
       9.0000000        0.0640986
      10.0000000        0.0688010
      11.0000000        0.0723084
      12.0000000        0.0736300
      13.0000000        0.0721249
      14.0000000        0.0689114
      15.0000000        0.0663477
      16.0000000        0.0654306
       1.0000000        0.0019311
       2.0000000        0.0131829
       3.0000000        0.0252681
       4.0000000        0.0337467
       5.0000000        0.0416297
       6.0000000        0.0499124
       7.0000000        0.0576515
       8.0000000        0.0639097
       9.0000000        0.0686897
      10.0000000        0.0722606
      11.0000000        0.0740773
      12.0000000        0.0748382
      13.0000000        0.0749275
      14.0000000        0.0744596
      15.0000000        0.0736067
      16.0000000        0.0730400
       1.0000000        0.0017951
       2.0000000        0.0127516
       3.0000000        0.0259736
       4.0000000        0.0368209
       5.0000000        0.0470728
       6.0000000        0.0567677
       7.0000000        0.0650077
       8.0000000        0.0720398
       9.0000000        0.0768684
      10.0000000        0.0791959
      11.0000000        0.0799847
      12.0000000        0.0793620
      13.0000000        0.0772111
      14.0000000        0.0748426
      15.0000000        0.0734390
      16.0000000        0.0729378
       1.0000000        0.0022190
       2.0000000        0.0154161
       3.0000000        0.0305271
       4.0000000        0.0419371
       5.0000000        0.0530359
       6.0000000        0.0637457
       7.0000000        0.0722245
       8.0000000        0.0790496
       9.0000000        0.0846268
      10.0000000        0.0869718
      11.0000000        0.0850254
      12.0000000        0.0811618
      13.0000000        0.0778195
      14.0000000        0.0750688
      15.0000000        0.0727607
      16.0000000        0.0716690
       1.0000000        0.0025239
       2.0000000        0.0172372
       3.0000000        0.0341458
       4.0000000        0.0478768
       5.0000000        0.0608523
       6.0000000        0.0717108
       7.0000000        0.0796078
       8.0000000        0.0853102
       9.0000000        0.0874056
      10.0000000        0.0863792
      11.0000000        0.0844395
      12.0000000        0.0819473
      13.0000000        0.0787994
      14.0000000        0.0767088
      15.0000000        0.0759189
      16.0000000        0.0756573
       1.0000000        0.0029510
       2.0000000        0.0202037
       3.0000000        0.0398439
       4.0000000        0.0551110
       5.0000000        0.0687755
       6.0000000        0.0805795
       7.0000000        0.0884311
       8.0000000        0.0928548
       9.0000000        0.0955992
      10.0000000        0.0960740
      11.0000000        0.0940086
      12.0000000        0.0898909
      13.0000000        0.0848738
      14.0000000        0.0807918
      15.0000000        0.0787664
      16.0000000        0.0781678
       1.0000000        0.0034240
       2.0000000        0.0233494
       3.0000000        0.0470247
       4.0000000        0.0667610
       5.0000000        0.0824490
       6.0000000        0.0928501
       7.0000000        0.0990639
       8.0000000        0.1024754
       9.0000000        0.1024481
      10.0000000        0.1015544
      11.0000000        0.1012671
      12.0000000        0.0987239
      13.0000000        0.0936876
      14.0000000        0.0898149
      15.0000000        0.0883493
      16.0000000        0.0881057
       1.0000000        0.0035588
       2.0000000        0.0241966
       3.0000000        0.0487849
       4.0000000        0.0688391
       5.0000000        0.0850774
       6.0000000        0.0958275
       7.0000000        0.1022624
       8.0000000        0.1062199
       9.0000000        0.1068350
      10.0000000        0.1051524
      11.0000000        0.1026286
      12.0000000        0.0995701
      13.0000000        0.0966346
      14.0000000        0.0942964
      15.0000000        0.0930161
      16.0000000        0.0927335
       1.0000000        0.0039337
       2.0000000        0.0260082
       3.0000000        0.0520455
       4.0000000        0.0723762
       5.0000000        0.0877439
       6.0000000        0.0973683
       7.0000000        0.1040618
       8.0000000        0.1083384
       9.0000000        0.1087333
      10.0000000        0.1055016
      11.0000000        0.1005901
      12.0000000        0.0961904
      13.0000000        0.0943253
      14.0000000        0.0933767
      15.0000000        0.0915609
      16.0000000        0.0903080
       1.0000000        0.0033729
       2.0000000        0.0256007
       3.0000000        0.0536630
       4.0000000        0.0729745
       5.0000000        0.0856590
       6.0000000        0.0952002
       7.0000000        0.1012943
       8.0000000        0.1033290
       9.0000000        0.1026687
      10.0000000        0.1009588
      11.0000000        0.0981215
      12.0000000        0.0948004
      13.0000000        0.0911395
      14.0000000        0.0868167
      15.0000000        0.0829824
      16.0000000        0.0814078
       1.0000000        0.0031705
       2.0000000        0.0239246
       3.0000000        0.0499911
       4.0000000        0.0696350
       5.0000000        0.0840663
       6.0000000        0.0933289
       7.0000000        0.0985392
       8.0000000        0.1010301
       9.0000000        0.1008515
      10.0000000        0.0997890
      11.0000000        0.0982791
      12.0000000        0.0945703
      13.0000000        0.0895419
      14.0000000        0.0843007
      15.0000000        0.0791984
      16.0000000        0.0767848
       1.0000000        0.0032811
       2.0000000        0.0249244
       3.0000000        0.0518012
       4.0000000        0.0715627
       5.0000000        0.0871674
       6.0000000        0.0989155
       7.0000000        0.1056975
       8.0000000        0.1080797
       9.0000000        0.1072600
      10.0000000        0.1047982
      11.0000000        0.1009259
      12.0000000        0.0970903
      13.0000000        0.0960301
      14.0000000        0.0964885
      15.0000000        0.0959844
      16.0000000        0.0954785
       1.0000000        0.0037650
       2.0000000        0.0273443
       3.0000000        0.0553326
       4.0000000        0.0747738
       5.0000000        0.0887526
       6.0000000        0.0982851
       7.0000000        0.1036892
       8.0000000        0.1052325
       9.0000000        0.1035910
      10.0000000        0.1004490
      11.0000000        0.0972385
      12.0000000        0.0956478
      13.0000000        0.0967314
      14.0000000        0.0992835
      15.0000000        0.1010398
      16.0000000        0.1014314
       1.0000000        0.0035145
       2.0000000        0.0255859
       3.0000000        0.0523329
       4.0000000        0.0718520
       5.0000000        0.0868536
       6.0000000        0.0969490
       7.0000000        0.1000311
       8.0000000        0.0978274
       9.0000000        0.0930193
      10.0000000        0.0879678
      11.0000000        0.0851027
      12.0000000        0.0849402
      13.0000000        0.0871992
      14.0000000        0.0895221
      15.0000000        0.0900023
      16.0000000        0.0897375
       1.0000000        0.0031479
       2.0000000        0.0238688
       3.0000000        0.0498271
       4.0000000        0.0699062
       5.0000000        0.0856932
       6.0000000        0.0965852
       7.0000000        0.1007831
       8.0000000        0.0994778
       9.0000000        0.0945921
      10.0000000        0.0871834
      11.0000000        0.0800764
      12.0000000        0.0763406
      13.0000000        0.0763883
      14.0000000        0.0778169
      15.0000000        0.0784250
      16.0000000        0.0783960
       1.0000000        0.0032430
       2.0000000        0.0241285
       3.0000000        0.0502871
       4.0000000        0.0707454
       5.0000000        0.0863086
       6.0000000        0.0953275
       7.0000000        0.0978282
       8.0000000        0.0963905
       9.0000000        0.0930675
      10.0000000        0.0889890
      11.0000000        0.0847657
      12.0000000        0.0812489
      13.0000000        0.0796600
      14.0000000        0.0787002
      15.0000000        0.0778050
      16.0000000        0.0774583
       1.0000000        0.0030569
       2.0000000        0.0225518
       3.0000000        0.0460333
       4.0000000        0.0637400
       5.0000000        0.0778688
       6.0000000        0.0868963
       7.0000000        0.0904715
       8.0000000        0.0902613
       9.0000000        0.0875272
      10.0000000        0.0835213
      11.0000000        0.0802722
      12.0000000        0.0783131
      13.0000000        0.0776677
      14.0000000        0.0784271
      15.0000000        0.0793444
      16.0000000        0.0795796
       1.0000000        0.0028988
       2.0000000        0.0214481
       3.0000000        0.0441468
       4.0000000        0.0604579
       5.0000000        0.0732536
       6.0000000        0.0833327
       7.0000000        0.0883217
       8.0000000        0.0878569
       9.0000000        0.0842068
      10.0000000        0.0797506
      11.0000000        0.0757958
      12.0000000        0.0722783
      13.0000000        0.0703056
      14.0000000        0.0703552
      15.0000000        0.0716387
      16.0000000        0.0723947
       1.0000000        0.0031282
       2.0000000        0.0218688
       3.0000000        0.0438072
       4.0000000        0.0602979
       5.0000000        0.0731169
       6.0000000        0.0815686
       7.0000000        0.0853018
       8.0000000        0.0858442
       9.0000000        0.0846877
      10.0000000        0.0824704
      11.0000000        0.0794409
      12.0000000        0.0761562
      13.0000000        0.0735880
      14.0000000        0.0723890
      15.0000000        0.0716760
      16.0000000        0.0713129
       1.0000000        0.0033058
       2.0000000        0.0236572
       3.0000000        0.0463429
       4.0000000        0.0598643
       5.0000000        0.0688789
       6.0000000        0.0765954
       7.0000000        0.0830759
       8.0000000        0.0874747
       9.0000000        0.0889933
      10.0000000        0.0885830
      11.0000000        0.0881559
      12.0000000        0.0871670
      13.0000000        0.0858912
      14.0000000        0.0850530
      15.0000000        0.0845192
      16.0000000        0.0843531
       1.0000000        0.0034940
       2.0000000        0.0241247
       3.0000000        0.0470534
       4.0000000        0.0625205
       5.0000000        0.0748123
       6.0000000        0.0859815
       7.0000000        0.0947929
       8.0000000        0.1001143
       9.0000000        0.1008482
      10.0000000        0.0982241
      11.0000000        0.0961914
      12.0000000        0.0958721
      13.0000000        0.0946503
      14.0000000        0.0919426
      15.0000000        0.0893699
      16.0000000        0.0883684
       1.0000000        0.0035828
       2.0000000        0.0242388
       3.0000000        0.0461700
       4.0000000        0.0617310
       5.0000000        0.0751991
       6.0000000        0.0878512
       7.0000000        0.0982554
       8.0000000        0.1046751
       9.0000000        0.1080353
      10.0000000        0.1094056
      11.0000000        0.1095320
      12.0000000        0.1078426
      13.0000000        0.1044008
      14.0000000        0.1020492
      15.0000000        0.1015523
      16.0000000        0.1016945
       1.0000000        0.0035114
       2.0000000        0.0242037
       3.0000000        0.0476655
       4.0000000        0.0644367
       5.0000000        0.0779315
       6.0000000        0.0893203
       7.0000000        0.0981432
       8.0000000        0.1038300
       9.0000000        0.1068344
      10.0000000        0.1086394
      11.0000000        0.1095261
      12.0000000        0.1090849
      13.0000000        0.1089512
      14.0000000        0.1099674
      15.0000000        0.1108701
      16.0000000        0.1112399
       1.0000000        0.0037310
       2.0000000        0.0259969
       3.0000000        0.0502337
       4.0000000        0.0675834
       5.0000000        0.0825067
       6.0000000        0.0955834
       7.0000000        0.1062681
       8.0000000        0.1144065
       9.0000000        0.1194027
      10.0000000        0.1199271
      11.0000000        0.1166574
      12.0000000        0.1142750
      13.0000000        0.1148686
      14.0000000        0.1168413
      15.0000000        0.1177057
      16.0000000        0.1174082
       1.0000000        0.0038537
       2.0000000        0.0267620
       3.0000000        0.0534189
       4.0000000        0.0736186
       5.0000000        0.0889606
       6.0000000        0.0998659
       7.0000000        0.1079627
       8.0000000        0.1165261
       9.0000000        0.1243726
      10.0000000        0.1290701
      11.0000000        0.1307940
      12.0000000        0.1308271
      13.0000000        0.1300400
      14.0000000        0.1300375
      15.0000000        0.1315045
      16.0000000        0.1323689
       1.0000000        0.0041251
       2.0000000        0.0281535
       3.0000000        0.0559541
       4.0000000        0.0767289
       5.0000000        0.0923010
       6.0000000        0.1039934
       7.0000000        0.1131642
       8.0000000        0.1205878
       9.0000000        0.1254681
      10.0000000        0.1280919
      11.0000000        0.1309400
      12.0000000        0.1341193
      13.0000000        0.1360672
      14.0000000        0.1370427
      15.0000000        0.1379173
      16.0000000        0.1382039
       1.0000000        0.0039585
       2.0000000        0.0282486
       3.0000000        0.0579904
       4.0000000        0.0805871
       5.0000000        0.0966696
       6.0000000        0.1070435
       7.0000000        0.1106805
       8.0000000        0.1120036
       9.0000000        0.1143153
      10.0000000        0.1155094
      11.0000000        0.1148475
      12.0000000        0.1142844
      13.0000000        0.1148139
      14.0000000        0.1171610
      15.0000000        0.1204312
      16.0000000        0.1217207
       1.0000000        0.0040266
       2.0000000        0.0278578
       3.0000000        0.0556726
       4.0000000        0.0770407
       5.0000000        0.0912401
       6.0000000        0.0975329
       7.0000000        0.0999009
       8.0000000        0.1025707
       9.0000000        0.1045080
      10.0000000        0.1032102
      11.0000000        0.1005297
      12.0000000        0.1009734
      13.0000000        0.1052153
      14.0000000        0.1100018
      15.0000000        0.1126710
      16.0000000        0.1134550
       1.0000000        0.0038265
       2.0000000        0.0262066
       3.0000000        0.0496040
       4.0000000        0.0633912
       5.0000000        0.0723667
       6.0000000        0.0785191
       7.0000000        0.0836255
       8.0000000        0.0886960
       9.0000000        0.0934860
      10.0000000        0.0981825
      11.0000000        0.1032418
      12.0000000        0.1082343
      13.0000000        0.1117994
      14.0000000        0.1126790
      15.0000000        0.1122087
      16.0000000        0.1120419
       1.0000000        0.0034641
       2.0000000        0.0242228
       3.0000000        0.0464963
       4.0000000        0.0597604
       5.0000000        0.0684546
       6.0000000        0.0756000
       7.0000000        0.0822183
       8.0000000        0.0875933
       9.0000000        0.0913813
      10.0000000        0.0961025
      11.0000000        0.1019995
      12.0000000        0.1061357
      13.0000000        0.1083720
      14.0000000        0.1107391
      15.0000000        0.1135109
      16.0000000        0.1150928
       1.0000000        0.0030750
       2.0000000        0.0217169
       3.0000000        0.0426508
       4.0000000        0.0583601
       5.0000000        0.0716638
       6.0000000        0.0826633
       7.0000000        0.0899357
       8.0000000        0.0932392
       9.0000000        0.0944746
      10.0000000        0.0952839
      11.0000000        0.0964843
      12.0000000        0.0981110
      13.0000000        0.0998609
      14.0000000        0.1021043
      15.0000000        0.1041016
      16.0000000        0.1047198
       1.0000000        0.0031298
       2.0000000        0.0221720
       3.0000000        0.0434778
       4.0000000        0.0576956
       5.0000000        0.0677451
       6.0000000        0.0755606
       7.0000000        0.0795540
       8.0000000        0.0797986
       9.0000000        0.0787438
      10.0000000        0.0790080
      11.0000000        0.0811286
      12.0000000        0.0853505
      13.0000000        0.0911402
      14.0000000        0.0955889
      15.0000000        0.0967920
      16.0000000        0.0967253
       1.0000000        0.0029707
       2.0000000        0.0200734
       3.0000000        0.0391138
       4.0000000        0.0525171
       5.0000000        0.0617848
       6.0000000        0.0673121
       7.0000000        0.0694917
       8.0000000        0.0712184
       9.0000000        0.0727242
      10.0000000        0.0736049
      11.0000000        0.0750891
      12.0000000        0.0765280
      13.0000000        0.0771561
      14.0000000        0.0771278
      15.0000000        0.0774477
      16.0000000        0.0777139
       1.0000000        0.0029054
       2.0000000        0.0208086
       3.0000000        0.0419622
       4.0000000        0.0555445
       5.0000000        0.0648278
       6.0000000        0.0729987
       7.0000000        0.0798046
       8.0000000        0.0833011
       9.0000000        0.0832642
      10.0000000        0.0823392
      11.0000000        0.0836143
      12.0000000        0.0860272
      13.0000000        0.0865598
      14.0000000        0.0850230
      15.0000000        0.0839056
      16.0000000        0.0836683
       1.0000000        0.0031548
       2.0000000        0.0226621
       3.0000000        0.0460995
       4.0000000        0.0619393
       5.0000000        0.0728123
       6.0000000        0.0801429
       7.0000000        0.0844469
       8.0000000        0.0871427
       9.0000000        0.0894718
      10.0000000        0.0918677
      11.0000000        0.0945233
      12.0000000        0.0956346
      13.0000000        0.0932604
      14.0000000        0.0891510
      15.0000000        0.0869652
      16.0000000        0.0866654
       1.0000000        0.0029854
       2.0000000        0.0208100
       3.0000000        0.0420199
       4.0000000        0.0550318
       5.0000000        0.0624403
       6.0000000        0.0674594
       7.0000000        0.0702246
       8.0000000        0.0726081
       9.0000000        0.0763983
      10.0000000        0.0806099
      11.0000000        0.0833109
      12.0000000        0.0837835
      13.0000000        0.0821725
      14.0000000        0.0788827
      15.0000000        0.0754919
      16.0000000        0.0738658
       1.0000000        0.0028505
       2.0000000        0.0188537
       3.0000000        0.0361930
       4.0000000        0.0473279
       5.0000000        0.0558108
       6.0000000        0.0634322
       7.0000000        0.0685499
       8.0000000        0.0713055
       9.0000000        0.0734951
      10.0000000        0.0750246
      11.0000000        0.0758727
      12.0000000        0.0757297
      13.0000000        0.0745785
      14.0000000        0.0734944
      15.0000000        0.0725106
      16.0000000        0.0720324
       1.0000000        0.0031027
       2.0000000        0.0196331
       3.0000000        0.0365536
       4.0000000        0.0488719
       5.0000000        0.0602999
       6.0000000        0.0705036
       7.0000000        0.0761877
       8.0000000        0.0788750
       9.0000000        0.0814220
      10.0000000        0.0837764
      11.0000000        0.0847762
      12.0000000        0.0846987
      13.0000000        0.0835104
      14.0000000        0.0820802
      15.0000000        0.0813439
      16.0000000        0.0811169
       1.0000000        0.0034907
       2.0000000        0.0224476
       3.0000000        0.0429397
       4.0000000        0.0569801
       5.0000000        0.0673977
       6.0000000        0.0750846
       7.0000000        0.0795003
       8.0000000        0.0818255
       9.0000000        0.0826598
      10.0000000        0.0829135
      11.0000000        0.0837021
      12.0000000        0.0844694
      13.0000000        0.0831437
      14.0000000        0.0814480
      15.0000000        0.0808930
      16.0000000        0.0809412
       1.0000000        0.0036802
       2.0000000        0.0243995
       3.0000000        0.0471819
       4.0000000        0.0631930
       5.0000000        0.0758383
       6.0000000        0.0857798
       7.0000000        0.0913394
       8.0000000        0.0939574
       9.0000000        0.0952315
      10.0000000        0.0967398
      11.0000000        0.0971096
      12.0000000        0.0969517
      13.0000000        0.0973602
      14.0000000        0.0981680
      15.0000000        0.0985789
      16.0000000        0.0988011
       1.0000000        0.0032951
       2.0000000        0.0227157
       3.0000000        0.0445234
       4.0000000        0.0587341
       5.0000000        0.0683757
       6.0000000        0.0763608
       7.0000000        0.0826258
       8.0000000        0.0871829
       9.0000000        0.0899016
      10.0000000        0.0902809
      11.0000000        0.0895519
      12.0000000        0.0889007
      13.0000000        0.0886315
      14.0000000        0.0882057
      15.0000000        0.0872841
      16.0000000        0.0868135
       1.0000000        0.0033684
       2.0000000        0.0234213
       3.0000000        0.0458122
       4.0000000        0.0601444
       5.0000000        0.0688426
       6.0000000        0.0757864
       7.0000000        0.0808380
       8.0000000        0.0850797
       9.0000000        0.0879182
      10.0000000        0.0885983
      11.0000000        0.0891309
      12.0000000        0.0891386
      13.0000000        0.0874863
      14.0000000        0.0837483
      15.0000000        0.0793493
      16.0000000        0.0773076
       1.0000000        0.0037989
       2.0000000        0.0258417
       3.0000000        0.0495501
       4.0000000        0.0645694
       5.0000000        0.0757817
       6.0000000        0.0848439
       7.0000000        0.0913894
       8.0000000        0.0959346
       9.0000000        0.0995898
      10.0000000        0.1016775
      11.0000000        0.1017777
      12.0000000        0.0998637
      13.0000000        0.0962572
      14.0000000        0.0930107
      15.0000000        0.0911287
      16.0000000        0.0905651
       1.0000000        0.0036441
       2.0000000        0.0260122
       3.0000000        0.0525229
       4.0000000        0.0712464
       5.0000000        0.0853791
       6.0000000        0.0956566
       7.0000000        0.1019959
       8.0000000        0.1051650
       9.0000000        0.1071706
      10.0000000        0.1087398
      11.0000000        0.1083649
      12.0000000        0.1054417
      13.0000000        0.1017407
      14.0000000        0.0990451
      15.0000000        0.0985197
      16.0000000        0.0990669
       1.0000000        0.0037520
       2.0000000        0.0266944
       3.0000000        0.0525980
       4.0000000        0.0699733
       5.0000000        0.0817441
       6.0000000        0.0877460
       7.0000000        0.0894138
       8.0000000        0.0906736
       9.0000000        0.0930528
      10.0000000        0.0954530
      11.0000000        0.0967961
      12.0000000        0.0964172
      13.0000000        0.0949079
      14.0000000        0.0916280
      15.0000000        0.0877198
      16.0000000        0.0860320
       1.0000000        0.0040967
       2.0000000        0.0281372
       3.0000000        0.0533137
       4.0000000        0.0692812
       5.0000000        0.0786394
       6.0000000        0.0842182
       7.0000000        0.0878160
       8.0000000        0.0907889
       9.0000000        0.0919454
      10.0000000        0.0901651
      11.0000000        0.0873812
      12.0000000        0.0835496
      13.0000000        0.0797474
      14.0000000        0.0775824
      15.0000000        0.0771217
      16.0000000        0.0772354
       1.0000000        0.0044117
       2.0000000        0.0307055
       3.0000000        0.0601924
       4.0000000        0.0790183
       5.0000000        0.0895212
       6.0000000        0.0953992
       7.0000000        0.0980157
       8.0000000        0.0985465
       9.0000000        0.0966465
      10.0000000        0.0937207
      11.0000000        0.0908457
      12.0000000        0.0886221
      13.0000000        0.0864054
      14.0000000        0.0840832
      15.0000000        0.0817636
      16.0000000        0.0804424
       1.0000000        0.0042199
       2.0000000        0.0291477
       3.0000000        0.0584700
       4.0000000        0.0786486
       5.0000000        0.0907076
       6.0000000        0.0970549
       7.0000000        0.0995633
       8.0000000        0.0996612
       9.0000000        0.0965674
      10.0000000        0.0918540
      11.0000000        0.0884124
      12.0000000        0.0866573
      13.0000000        0.0838686
      14.0000000        0.0796422
      15.0000000        0.0763624
      16.0000000        0.0753545
       1.0000000        0.0036325
       2.0000000        0.0262508
       3.0000000        0.0531007
       4.0000000        0.0724046
       5.0000000        0.0849815
       6.0000000        0.0936117
       7.0000000        0.0980712
       8.0000000        0.0974517
       9.0000000        0.0925792
      10.0000000        0.0874022
      11.0000000        0.0839492
      12.0000000        0.0807081
      13.0000000        0.0777568
      14.0000000        0.0760806
      15.0000000        0.0749666
      16.0000000        0.0744300
       1.0000000        0.0034603
       2.0000000        0.0249267
       3.0000000        0.0516344
       4.0000000        0.0715827
       5.0000000        0.0861723
       6.0000000        0.0947225
       7.0000000        0.0968057
       8.0000000        0.0962715
       9.0000000        0.0955243
      10.0000000        0.0943768
      11.0000000        0.0928478
      12.0000000        0.0904674
      13.0000000        0.0884088
      14.0000000        0.0894325
      15.0000000        0.0918180
      16.0000000        0.0928944
       1.0000000        0.0035048
       2.0000000        0.0255734
       3.0000000        0.0530261
       4.0000000        0.0738289
       5.0000000        0.0885714
       6.0000000        0.0961001
       7.0000000        0.0985202
       8.0000000        0.0998333
       9.0000000        0.1002959
      10.0000000        0.0995631
      11.0000000        0.0975028
      12.0000000        0.0947630
      13.0000000        0.0933073
      14.0000000        0.0940304
      15.0000000        0.0944760
      16.0000000        0.0940327
       1.0000000        0.0036192
       2.0000000        0.0267413
       3.0000000        0.0551306
       4.0000000        0.0749362
       5.0000000        0.0866632
       6.0000000        0.0936230
       7.0000000        0.1000621
       8.0000000        0.1062909
       9.0000000        0.1092354
      10.0000000        0.1077252
      11.0000000        0.1036962
      12.0000000        0.0999982
      13.0000000        0.0982302
      14.0000000        0.0977317
      15.0000000        0.0967950
      16.0000000        0.0962005
       1.0000000        0.0034666
       2.0000000        0.0258944
       3.0000000        0.0540474
       4.0000000        0.0737747
       5.0000000        0.0878430
       6.0000000        0.0992501
       7.0000000        0.1085143
       8.0000000        0.1156103
       9.0000000        0.1180843
      10.0000000        0.1163601
      11.0000000        0.1126880
      12.0000000        0.1082009
      13.0000000        0.1037028
      14.0000000        0.0992180
      15.0000000        0.0955309
      16.0000000        0.0941112
       1.0000000        0.0039011
       2.0000000        0.0280532
       3.0000000        0.0576144
       4.0000000        0.0806341
       5.0000000        0.0982041
       6.0000000        0.1101530
       7.0000000        0.1165052
       8.0000000        0.1196233
       9.0000000        0.1206430
      10.0000000        0.1185779
      11.0000000        0.1150343
      12.0000000        0.1108906
      13.0000000        0.1055959
      14.0000000        0.1010966
      15.0000000        0.0988365
      16.0000000        0.0982487
       1.0000000        0.0047353
       2.0000000        0.0327660
       3.0000000        0.0661845
       4.0000000        0.0892995
       5.0000000        0.1030347
       6.0000000        0.1116358
       7.0000000        0.1169174
       8.0000000        0.1205965
       9.0000000        0.1240668
      10.0000000        0.1253675
      11.0000000        0.1241411
      12.0000000        0.1217016
      13.0000000        0.1190126
      14.0000000        0.1190603
      15.0000000        0.1216667
      16.0000000        0.1228582
       1.0000000        0.0045914
       2.0000000        0.0298951
       3.0000000        0.0587293
       4.0000000        0.0805629
       5.0000000        0.0955051
       6.0000000        0.1057051
       7.0000000        0.1130243
       8.0000000        0.1180047
       9.0000000        0.1195750
      10.0000000        0.1199549
      11.0000000        0.1198032
      12.0000000        0.1195103
      13.0000000        0.1201898
      14.0000000        0.1232191
      15.0000000        0.1265913
      16.0000000        0.1276878
       1.0000000        0.0051448
       2.0000000        0.0317576
       3.0000000        0.0572855
       4.0000000        0.0754801
       5.0000000        0.0914428
       6.0000000        0.1051092
       7.0000000        0.1158153
       8.0000000        0.1215625
       9.0000000        0.1210087
      10.0000000        0.1177153
      11.0000000        0.1166335
      12.0000000        0.1170749
      13.0000000        0.1166182
      14.0000000        0.1177854
      15.0000000        0.1211076
      16.0000000        0.1231154
       1.0000000        0.0049827
       2.0000000        0.0333932
       3.0000000        0.0645360
       4.0000000        0.0869470
       5.0000000        0.1021715
       6.0000000        0.1120956
       7.0000000        0.1194168
       8.0000000        0.1250402
       9.0000000        0.1274783
      10.0000000        0.1275866
      11.0000000        0.1254421
      12.0000000        0.1227273
      13.0000000        0.1214787
      14.0000000        0.1208837
      15.0000000        0.1200392
      16.0000000        0.1195486
       1.0000000        0.0055047
       2.0000000        0.0355879
       3.0000000        0.0666374
       4.0000000        0.0902302
       5.0000000        0.1109857
       6.0000000        0.1273729
       7.0000000        0.1390664
       8.0000000        0.1455006
       9.0000000        0.1461800
      10.0000000        0.1445720
      11.0000000        0.1416476
      12.0000000        0.1366854
      13.0000000        0.1306582
      14.0000000        0.1249776
      15.0000000        0.1200255
      16.0000000        0.1181684
       1.0000000        0.0050173
       2.0000000        0.0329949
       3.0000000        0.0637720
       4.0000000        0.0871278
       5.0000000        0.1043876
       6.0000000        0.1162597
       7.0000000        0.1255243
       8.0000000        0.1314199
       9.0000000        0.1327241
      10.0000000        0.1313534
      11.0000000        0.1294843
      12.0000000        0.1252557
      13.0000000        0.1201903
      14.0000000        0.1149365
      15.0000000        0.1099567
      16.0000000        0.1074855
       1.0000000        0.0049687
       2.0000000        0.0329103
       3.0000000        0.0613869
       4.0000000        0.0817894
       5.0000000        0.0993668
       6.0000000        0.1109604
       7.0000000        0.1173538
       8.0000000        0.1216151
       9.0000000        0.1229718
      10.0000000        0.1241261
      11.0000000        0.1247486
      12.0000000        0.1231174
      13.0000000        0.1195947
      14.0000000        0.1158813
      15.0000000        0.1139957
      16.0000000        0.1137552
       1.0000000        0.0047599
       2.0000000        0.0301034
       3.0000000        0.0571553
       4.0000000        0.0793469
       5.0000000        0.0972690
       6.0000000        0.1115330
       7.0000000        0.1224431
       8.0000000        0.1307366
       9.0000000        0.1338433
      10.0000000        0.1323652
      11.0000000        0.1298918
      12.0000000        0.1273997
      13.0000000        0.1247465
      14.0000000        0.1220351
      15.0000000        0.1191142
      16.0000000        0.1176437
       1.0000000        0.0037763
       2.0000000        0.0264148
       3.0000000        0.0539161
       4.0000000        0.0778805
       5.0000000        0.0977325
       6.0000000        0.1110262
       7.0000000        0.1183572
       8.0000000        0.1237112
       9.0000000        0.1286803
      10.0000000        0.1323053
      11.0000000        0.1338298
      12.0000000        0.1342473
      13.0000000        0.1337506
      14.0000000        0.1335833
      15.0000000        0.1335727
      16.0000000        0.1334974
       1.0000000        0.0035540
       2.0000000        0.0262686
       3.0000000        0.0565588
       4.0000000        0.0813501
       5.0000000        0.0993987
       6.0000000        0.1124121
       7.0000000        0.1239917
       8.0000000        0.1332805
       9.0000000        0.1365845
      10.0000000        0.1357109
      11.0000000        0.1339165
      12.0000000        0.1304708
      13.0000000        0.1263093
      14.0000000        0.1239721
      15.0000000        0.1236562
      16.0000000        0.1238136
       1.0000000        0.0036649
       2.0000000        0.0263426
       3.0000000        0.0539528
       4.0000000        0.0731835
       5.0000000        0.0859991
       6.0000000        0.0975452
       7.0000000        0.1066154
       8.0000000        0.1127055
       9.0000000        0.1162167
      10.0000000        0.1150395
      11.0000000        0.1104979
      12.0000000        0.1057774
      13.0000000        0.1018275
      14.0000000        0.0979146
      15.0000000        0.0950579
      16.0000000        0.0942789
       1.0000000        0.0034042
       2.0000000        0.0255488
       3.0000000        0.0525508
       4.0000000        0.0703697
       5.0000000        0.0816287
       6.0000000        0.0893372
       7.0000000        0.0945487
       8.0000000        0.0994418
       9.0000000        0.1044559
      10.0000000        0.1064785
      11.0000000        0.1059110
      12.0000000        0.1047106
      13.0000000        0.1023047
      14.0000000        0.0992439
      15.0000000        0.0972576
      16.0000000        0.0967973
       1.0000000        0.0029180
       2.0000000        0.0222597
       3.0000000        0.0467615
       4.0000000        0.0645098
       5.0000000        0.0781033
       6.0000000        0.0901126
       7.0000000        0.0985847
       8.0000000        0.1032600
       9.0000000        0.1069782
      10.0000000        0.1088912
      11.0000000        0.1071750
      12.0000000        0.1045122
      13.0000000        0.1043389
      14.0000000        0.1053615
      15.0000000        0.1040299
      16.0000000        0.1024879
       1.0000000        0.0025477
       2.0000000        0.0189102
       3.0000000        0.0399909
       4.0000000        0.0572861
       5.0000000        0.0720758
       6.0000000        0.0846700
       7.0000000        0.0946142
       8.0000000        0.1021642
       9.0000000        0.1062421
      10.0000000        0.1070778
      11.0000000        0.1075078
      12.0000000        0.1103073
      13.0000000        0.1155637
      14.0000000        0.1213607
      15.0000000        0.1258279
      16.0000000        0.1276305
       1.0000000        0.0021846
       2.0000000        0.0171591
       3.0000000        0.0388103
       4.0000000        0.0582205
       5.0000000        0.0738573
       6.0000000        0.0846914
       7.0000000        0.0918586
       8.0000000        0.0995649
       9.0000000        0.1091514
      10.0000000        0.1194036
      11.0000000        0.1282274
      12.0000000        0.1342447
      13.0000000        0.1365948
      14.0000000        0.1370008
      15.0000000        0.1378132
      16.0000000        0.1383492
       1.0000000        0.0024807
       2.0000000        0.0199419
       3.0000000        0.0451650
       4.0000000        0.0659990
       5.0000000        0.0808756
       6.0000000        0.0910727
       7.0000000        0.0980822
       8.0000000        0.1031253
       9.0000000        0.1074865
      10.0000000        0.1120920
      11.0000000        0.1171032
      12.0000000        0.1232954
      13.0000000        0.1311806
      14.0000000        0.1393106
      15.0000000        0.1451041
      16.0000000        0.1470797
       1.0000000        0.0029096
       2.0000000        0.0211515
       3.0000000        0.0441202
       4.0000000        0.0599472
       5.0000000        0.0695138
       6.0000000        0.0772284
       7.0000000        0.0851515
       8.0000000        0.0930135
       9.0000000        0.0996962
      10.0000000        0.1048252
      11.0000000        0.1097265
      12.0000000        0.1143599
      13.0000000        0.1184615
      14.0000000        0.1224760
      15.0000000        0.1252107
      16.0000000        0.1260567
       1.0000000        0.0034102
       2.0000000        0.0229906
       3.0000000        0.0453424
       4.0000000        0.0608020
       5.0000000        0.0719085
       6.0000000        0.0815033
       7.0000000        0.0893162
       8.0000000        0.0953044
       9.0000000        0.0994850
      10.0000000        0.1025841
      11.0000000        0.1051976
      12.0000000        0.1073286
      13.0000000        0.1086929
      14.0000000        0.1088636
      15.0000000        0.1091364
      16.0000000        0.1094683
       1.0000000        0.0034437
       2.0000000        0.0235098
       3.0000000        0.0453559
       4.0000000        0.0606843
       5.0000000        0.0723784
       6.0000000        0.0813322
       7.0000000        0.0883538
       8.0000000        0.0926177
       9.0000000        0.0937939
      10.0000000        0.0934509
      11.0000000        0.0929943
      12.0000000        0.0927911
      13.0000000        0.0925080
      14.0000000        0.0916783
      15.0000000        0.0898842
      16.0000000        0.0886622
       1.0000000        0.0031089
       2.0000000        0.0224035
       3.0000000        0.0453331
       4.0000000        0.0618854
       5.0000000        0.0736280
       6.0000000        0.0811766
       7.0000000        0.0860373
       8.0000000        0.0886107
       9.0000000        0.0885232
      10.0000000        0.0875456
      11.0000000        0.0865723
      12.0000000        0.0857148
      13.0000000        0.0852578
      14.0000000        0.0851354
      15.0000000        0.0846719
      16.0000000        0.0842055
       1.0000000        0.0032195
       2.0000000        0.0220207
       3.0000000        0.0421513
       4.0000000        0.0549174
       5.0000000        0.0641035
       6.0000000        0.0696497
       7.0000000        0.0716224
       8.0000000        0.0737891
       9.0000000        0.0760281
      10.0000000        0.0765669
      11.0000000        0.0773766
      12.0000000        0.0797203
      13.0000000        0.0822226
      14.0000000        0.0833515
      15.0000000        0.0830762
      16.0000000        0.0827704
       1.0000000        0.0031415
       2.0000000        0.0223656
       3.0000000        0.0437819
       4.0000000        0.0565862
       5.0000000        0.0648226
       6.0000000        0.0708783
       7.0000000        0.0739518
       8.0000000        0.0747825
       9.0000000        0.0762143
      10.0000000        0.0792817
      11.0000000        0.0830514
      12.0000000        0.0855681
      13.0000000        0.0863628
      14.0000000        0.0852032
      15.0000000        0.0829858
      16.0000000        0.0818412
       1.0000000        0.0035043
       2.0000000        0.0253480
       3.0000000        0.0488031
       4.0000000        0.0620970
       5.0000000        0.0713452
       6.0000000        0.0788156
       7.0000000        0.0838372
       8.0000000        0.0859493
       9.0000000        0.0859689
      10.0000000        0.0862338
      11.0000000        0.0892229
      12.0000000        0.0934429
      13.0000000        0.0958177
      14.0000000        0.0960684
      15.0000000        0.0956715
      16.0000000        0.0954452
       1.0000000        0.0042571
       2.0000000        0.0290671
       3.0000000        0.0542200
       4.0000000        0.0669857
       5.0000000        0.0746857
       6.0000000        0.0816383
       7.0000000        0.0893045
       8.0000000        0.0974206
       9.0000000        0.1015803
      10.0000000        0.1026761
      11.0000000        0.1063362
      12.0000000        0.1124309
      13.0000000        0.1168890
      14.0000000        0.1179232
      15.0000000        0.1160773
      16.0000000        0.1146802
       1.0000000        0.0040764
       2.0000000        0.0294768
       3.0000000        0.0576789
       4.0000000        0.0724251
       5.0000000        0.0802595
       6.0000000        0.0878513
       7.0000000        0.0951820
       8.0000000        0.1014645
       9.0000000        0.1079446
      10.0000000        0.1133784
      11.0000000        0.1173494
      12.0000000        0.1204289
      13.0000000        0.1227266
      14.0000000        0.1230606
      15.0000000        0.1211908
      16.0000000        0.1201130
       1.0000000        0.0042980
       2.0000000        0.0315020
       3.0000000        0.0632385
       4.0000000        0.0850925
       5.0000000        0.1017389
       6.0000000        0.1123916
       7.0000000        0.1172759
       8.0000000        0.1217402
       9.0000000        0.1267090
      10.0000000        0.1304370
      11.0000000        0.1342046
      12.0000000        0.1366020
      13.0000000        0.1361883
      14.0000000        0.1348798
      15.0000000        0.1343192
      16.0000000        0.1343112
       1.0000000        0.0043701
       2.0000000        0.0318713
       3.0000000        0.0650675
       4.0000000        0.0887783
       5.0000000        0.1048233
       6.0000000        0.1159140
       7.0000000        0.1230300
       8.0000000        0.1273056
       9.0000000        0.1309598
      10.0000000        0.1342718
      11.0000000        0.1361272
      12.0000000        0.1377398
      13.0000000        0.1388907
      14.0000000        0.1387756
      15.0000000        0.1380443
      16.0000000        0.1374063
       1.0000000        0.0048148
       2.0000000        0.0346465
       3.0000000        0.0690210
       4.0000000        0.0908908
       5.0000000        0.1018561
       6.0000000        0.1051019
       7.0000000        0.1063050
       8.0000000        0.1097122
       9.0000000        0.1152938
      10.0000000        0.1214422
      11.0000000        0.1271078
      12.0000000        0.1315368
      13.0000000        0.1344541
      14.0000000        0.1369641
      15.0000000        0.1394903
      16.0000000        0.1406946
       1.0000000        0.0054357
       2.0000000        0.0371981
       3.0000000        0.0710689
       4.0000000        0.0868720
       5.0000000        0.0906875
       6.0000000        0.0936954
       7.0000000        0.0985580
       8.0000000        0.1039097
       9.0000000        0.1108020
      10.0000000        0.1190760
      11.0000000        0.1254298
      12.0000000        0.1270560
      13.0000000        0.1246028
      14.0000000        0.1218719
      15.0000000        0.1215912
      16.0000000        0.1219605
       1.0000000        0.0046104
       2.0000000        0.0318223
       3.0000000        0.0588609
       4.0000000        0.0734119
       5.0000000        0.0830420
       6.0000000        0.0897376
       7.0000000        0.0955138
       8.0000000        0.1022959
       9.0000000        0.1107390
      10.0000000        0.1168136
      11.0000000        0.1180658
      12.0000000        0.1172911
      13.0000000        0.1175659
      14.0000000        0.1191217
      15.0000000        0.1202862
      16.0000000        0.1207077
       1.0000000        0.0041824
       2.0000000        0.0296918
       3.0000000        0.0550708
       4.0000000        0.0674974
       5.0000000        0.0744799
       6.0000000        0.0815520
       7.0000000        0.0892008
       8.0000000        0.0945538
       9.0000000        0.0984516
      10.0000000        0.1035640
      11.0000000        0.1104695
      12.0000000        0.1150860
      13.0000000        0.1152486
      14.0000000        0.1123168
      15.0000000        0.1081965
      16.0000000        0.1060943
       1.0000000        0.0041353
       2.0000000        0.0282490
       3.0000000        0.0528929
       4.0000000        0.0664159
       5.0000000        0.0764438
       6.0000000        0.0835372
       7.0000000        0.0866333
       8.0000000        0.0889424
       9.0000000        0.0923009
      10.0000000        0.0969016
      11.0000000        0.1033753
      12.0000000        0.1099798
      13.0000000        0.1141232
      14.0000000        0.1165982
      15.0000000        0.1182804
      16.0000000        0.1189736
       1.0000000        0.0034676
       2.0000000        0.0254334
       3.0000000        0.0495447
       4.0000000        0.0631127
       5.0000000        0.0717246
       6.0000000        0.0782074
       7.0000000        0.0832315
       8.0000000        0.0881093
       9.0000000        0.0940360
      10.0000000        0.1010116
      11.0000000        0.1077917
      12.0000000        0.1125532
      13.0000000        0.1153267
      14.0000000        0.1180657
      15.0000000        0.1199588
      16.0000000        0.1208672
       1.0000000        0.0031373
       2.0000000        0.0224499
       3.0000000        0.0440444
       4.0000000        0.0575020
       5.0000000        0.0663017
       6.0000000        0.0729502
       7.0000000        0.0793770
       8.0000000        0.0862369
       9.0000000        0.0918676
      10.0000000        0.0962551
      11.0000000        0.1009618
      12.0000000        0.1060664
      13.0000000        0.1109677
      14.0000000        0.1157026
      15.0000000        0.1193337
      16.0000000        0.1204593
       1.0000000        0.0027952
       2.0000000        0.0197444
       3.0000000        0.0381420
       4.0000000        0.0506060
       5.0000000        0.0610193
       6.0000000        0.0716939
       7.0000000        0.0818078
       8.0000000        0.0893697
       9.0000000        0.0944263
      10.0000000        0.0984639
      11.0000000        0.1018865
      12.0000000        0.1034480
      13.0000000        0.1030210
      14.0000000        0.1031183
      15.0000000        0.1045201
      16.0000000        0.1054337
       1.0000000        0.0028939
       2.0000000        0.0199824
       3.0000000        0.0398094
       4.0000000        0.0559057
       5.0000000        0.0699377
       6.0000000        0.0818608
       7.0000000        0.0902712
       8.0000000        0.0945236
       9.0000000        0.0966532
      10.0000000        0.0998264
      11.0000000        0.1037666
      12.0000000        0.1069265
      13.0000000        0.1098142
      14.0000000        0.1121889
      15.0000000        0.1131799
      16.0000000        0.1133349
       1.0000000        0.0033576
       2.0000000        0.0232868
       3.0000000        0.0463407
       4.0000000        0.0630068
       5.0000000        0.0741605
       6.0000000        0.0812950
       7.0000000        0.0873724
       8.0000000        0.0938179
       9.0000000        0.0992101
      10.0000000        0.1025731
      11.0000000        0.1059811
      12.0000000        0.1110965
      13.0000000        0.1171449
      14.0000000        0.1233604
      15.0000000        0.1277077
      16.0000000        0.1288568
       1.0000000        0.0029561
       2.0000000        0.0213758
       3.0000000        0.0430921
       4.0000000        0.0589017
       5.0000000        0.0694224
       6.0000000        0.0768275
       7.0000000        0.0834700
       8.0000000        0.0893853
       9.0000000        0.0942811
      10.0000000        0.0989271
      11.0000000        0.1021274
      12.0000000        0.1031336
      13.0000000        0.1049417
      14.0000000        0.1092160
      15.0000000        0.1139476
      16.0000000        0.1159734
       1.0000000        0.0027975
       2.0000000        0.0200847
       3.0000000        0.0412653
       4.0000000        0.0576369
       5.0000000        0.0707946
       6.0000000        0.0818943
       7.0000000        0.0901935
       8.0000000        0.0950499
       9.0000000        0.0985595
      10.0000000        0.1014503
      11.0000000        0.1028221
      12.0000000        0.1024651
      13.0000000        0.1003279
      14.0000000        0.0966954
      15.0000000        0.0932893
      16.0000000        0.0918763
       1.0000000        0.0027560
       2.0000000        0.0203528
       3.0000000        0.0424050
       4.0000000        0.0600154
       5.0000000        0.0749986
       6.0000000        0.0880726
       7.0000000        0.0977602
       8.0000000        0.1025174
       9.0000000        0.1038850
      10.0000000        0.1053889
      11.0000000        0.1067504
      12.0000000        0.1047748
      13.0000000        0.1000518
      14.0000000        0.0949794
      15.0000000        0.0910742
      16.0000000        0.0895508
       1.0000000        0.0025343
       2.0000000        0.0195719
       3.0000000        0.0414995
       4.0000000        0.0583941
       5.0000000        0.0729371
       6.0000000        0.0848991
       7.0000000        0.0927046
       8.0000000        0.0982935
       9.0000000        0.1017012
      10.0000000        0.1027723
      11.0000000        0.1037283
      12.0000000        0.1052185
      13.0000000        0.1049320
      14.0000000        0.1029167
      15.0000000        0.1016975
      16.0000000        0.1015416
       1.0000000        0.0028751
       2.0000000        0.0199528
       3.0000000        0.0401311
       4.0000000        0.0556053
       5.0000000        0.0693330
       6.0000000        0.0807874
       7.0000000        0.0887003
       8.0000000        0.0928044
       9.0000000        0.0946869
      10.0000000        0.0966333
      11.0000000        0.0981265
      12.0000000        0.0989801
      13.0000000        0.0985151
      14.0000000        0.0966136
      15.0000000        0.0945619
      16.0000000        0.0936996
       1.0000000        0.0031762
       2.0000000        0.0227786
       3.0000000        0.0464769
       4.0000000        0.0633158
       5.0000000        0.0760173
       6.0000000        0.0851251
       7.0000000        0.0911096
       8.0000000        0.0968493
       9.0000000        0.1015615
      10.0000000        0.1041497
      11.0000000        0.1050505
      12.0000000        0.1038022
      13.0000000        0.1022604
      14.0000000        0.1028759
      15.0000000        0.1038898
      16.0000000        0.1040557
       1.0000000        0.0032790
       2.0000000        0.0239945
       3.0000000        0.0499827
       4.0000000        0.0698796
       5.0000000        0.0838803
       6.0000000        0.0940540
       7.0000000        0.1003766
       8.0000000        0.1043579
       9.0000000        0.1066008
      10.0000000        0.1077248
      11.0000000        0.1105140
      12.0000000        0.1139399
      13.0000000        0.1137921
      14.0000000        0.1113005
      15.0000000        0.1084242
      16.0000000        0.1070151
       1.0000000        0.0032559
       2.0000000        0.0225578
       3.0000000        0.0449968
       4.0000000        0.0628343
       5.0000000        0.0790118
       6.0000000        0.0933884
       7.0000000        0.1028433
       8.0000000        0.1061509
       9.0000000        0.1076466
      10.0000000        0.1104986
      11.0000000        0.1142038
      12.0000000        0.1178030
      13.0000000        0.1207817
      14.0000000        0.1222541
      15.0000000        0.1213969
      16.0000000        0.1205412
       1.0000000        0.0031251
       2.0000000        0.0207372
       3.0000000        0.0413712
       4.0000000        0.0588010
       5.0000000        0.0746630
       6.0000000        0.0881370
       7.0000000        0.0974394
       8.0000000        0.1041896
       9.0000000        0.1080062
      10.0000000        0.1106151
      11.0000000        0.1140101
      12.0000000        0.1170007
      13.0000000        0.1195948
      14.0000000        0.1221271
      15.0000000        0.1228821
      16.0000000        0.1227609
       1.0000000        0.0029931
       2.0000000        0.0210497
       3.0000000        0.0424741
       4.0000000        0.0600671
       5.0000000        0.0748777
       6.0000000        0.0848794
       7.0000000        0.0907430
       8.0000000        0.0959328
       9.0000000        0.1008500
      10.0000000        0.1057206
      11.0000000        0.1101016
      12.0000000        0.1130275
      13.0000000        0.1129190
      14.0000000        0.1093849
      15.0000000        0.1062151
      16.0000000        0.1055208
       1.0000000        0.0031094
       2.0000000        0.0222980
       3.0000000        0.0447460
       4.0000000        0.0597857
       5.0000000        0.0705244
       6.0000000        0.0799516
       7.0000000        0.0882351
       8.0000000        0.0961313
       9.0000000        0.1028988
      10.0000000        0.1055980
      11.0000000        0.1051952
      12.0000000        0.1050022
      13.0000000        0.1044757
      14.0000000        0.1028375
      15.0000000        0.1031423
      16.0000000        0.1042734
       1.0000000        0.0029781
       2.0000000        0.0210011
       3.0000000        0.0406943
       4.0000000        0.0525724
       5.0000000        0.0628334
       6.0000000        0.0730848
       7.0000000        0.0804031
       8.0000000        0.0852506
       9.0000000        0.0890457
      10.0000000        0.0922698
      11.0000000        0.0937171
      12.0000000        0.0935169
      13.0000000        0.0932775
      14.0000000        0.0925783
      15.0000000        0.0906344
      16.0000000        0.0895401
       1.0000000        0.0027008
       2.0000000        0.0181976
       3.0000000        0.0343032
       4.0000000        0.0443883
       5.0000000        0.0528825
       6.0000000        0.0605331
       7.0000000        0.0661682
       8.0000000        0.0710620
       9.0000000        0.0764928
      10.0000000        0.0812349
      11.0000000        0.0844927
      12.0000000        0.0877183
      13.0000000        0.0911297
      14.0000000        0.0934931
      15.0000000        0.0937559
      16.0000000        0.0933290
       1.0000000        0.0021287
       2.0000000        0.0158906
       3.0000000        0.0338132
       4.0000000        0.0476424
       5.0000000        0.0572295
       6.0000000        0.0634728
       7.0000000        0.0684423
       8.0000000        0.0745705
       9.0000000        0.0812491
      10.0000000        0.0863355
      11.0000000        0.0892564
      12.0000000        0.0925445
      13.0000000        0.0979946
      14.0000000        0.1042816
      15.0000000        0.1087422
      16.0000000        0.1100907
       1.0000000        0.0020244
       2.0000000        0.0150649
       3.0000000        0.0312187
       4.0000000        0.0429095
       5.0000000        0.0515652
       6.0000000        0.0586124
       7.0000000        0.0654522
       8.0000000        0.0731565
       9.0000000        0.0803552
      10.0000000        0.0835508
      11.0000000        0.0844985
      12.0000000        0.0872687
      13.0000000        0.0924368
      14.0000000        0.0977334
      15.0000000        0.1014074
      16.0000000        0.1026648
       1.0000000        0.0019896
       2.0000000        0.0143909
       3.0000000        0.0293615
       4.0000000        0.0408116
       5.0000000        0.0500773
       6.0000000        0.0581485
       7.0000000        0.0649955
       8.0000000        0.0706220
       9.0000000        0.0754618
      10.0000000        0.0799900
      11.0000000        0.0841179
      12.0000000        0.0878774
      13.0000000        0.0909190
      14.0000000        0.0921141
      15.0000000        0.0920012
      16.0000000        0.0918569
       1.0000000        0.0020244
       2.0000000        0.0140200
       3.0000000        0.0271466
       4.0000000        0.0358380
       5.0000000        0.0430690
       6.0000000        0.0500192
       7.0000000        0.0562710
       8.0000000        0.0616329
       9.0000000        0.0659811
      10.0000000        0.0697784
      11.0000000        0.0731752
      12.0000000        0.0760446
      13.0000000        0.0781819
      14.0000000        0.0804989
      15.0000000        0.0826431
      16.0000000        0.0836035
       1.0000000        0.0017877
       2.0000000        0.0122896
       3.0000000        0.0235712
       4.0000000        0.0306053
       5.0000000        0.0357993
       6.0000000        0.0414573
       7.0000000        0.0474337
       8.0000000        0.0528782
       9.0000000        0.0563178
      10.0000000        0.0566204
      11.0000000        0.0560980
      12.0000000        0.0568241
      13.0000000        0.0581820
      14.0000000        0.0593499
      15.0000000        0.0605412
      16.0000000        0.0612496
       1.0000000        0.0015651
       2.0000000        0.0111971
       3.0000000        0.0212018
       4.0000000        0.0262311
       5.0000000        0.0298457
       6.0000000        0.0340807
       7.0000000        0.0376872
       8.0000000        0.0409369
       9.0000000        0.0433485
      10.0000000        0.0440751
      11.0000000        0.0438862
      12.0000000        0.0436306
      13.0000000        0.0433578
      14.0000000        0.0434623
      15.0000000        0.0439231
      16.0000000        0.0441835
       1.0000000        0.0012780
       2.0000000        0.0092574
       3.0000000        0.0178637
       4.0000000        0.0223298
       5.0000000        0.0249427
       6.0000000        0.0275836
       7.0000000        0.0302607
       8.0000000        0.0327409
       9.0000000        0.0342321
      10.0000000        0.0342650
      11.0000000        0.0338452
      12.0000000        0.0329810
      13.0000000        0.0322388
      14.0000000        0.0326170
      15.0000000        0.0338333
      16.0000000        0.0345466
       1.0000000        0.0011254
       2.0000000        0.0079944
       3.0000000        0.0153325
       4.0000000        0.0193136
       5.0000000        0.0219694
       6.0000000        0.0249518
       7.0000000        0.0280246
       8.0000000        0.0307431
       9.0000000        0.0324157
      10.0000000        0.0324746
      11.0000000        0.0315132
      12.0000000        0.0308068
      13.0000000        0.0307730
      14.0000000        0.0311209
      15.0000000        0.0313552
      16.0000000        0.0314375
       1.0000000        0.0009740
       2.0000000        0.0071044
       3.0000000        0.0141212
       4.0000000        0.0183714
       5.0000000        0.0213256
       6.0000000        0.0243388
       7.0000000        0.0266790
       8.0000000        0.0282220
       9.0000000        0.0292095
      10.0000000        0.0296674
      11.0000000        0.0297642
      12.0000000        0.0296649
      13.0000000        0.0291694
      14.0000000        0.0284999
      15.0000000        0.0280590
      16.0000000        0.0279155
       1.0000000        0.0009105
       2.0000000        0.0066788
       3.0000000        0.0139246
       4.0000000        0.0195422
       5.0000000        0.0235366
       6.0000000        0.0258514
       7.0000000        0.0269819
       8.0000000        0.0284320
       9.0000000        0.0297138
      10.0000000        0.0300684
      11.0000000        0.0298487
      12.0000000        0.0298952
      13.0000000        0.0303525
      14.0000000        0.0305588
      15.0000000        0.0304189
      16.0000000        0.0303897
       1.0000000        0.0007981
       2.0000000        0.0061486
       3.0000000        0.0130968
       4.0000000        0.0177623
       5.0000000        0.0202808
       6.0000000        0.0219042
       7.0000000        0.0233435
       8.0000000        0.0250251
       9.0000000        0.0266768
      10.0000000        0.0277344
      11.0000000        0.0282553
      12.0000000        0.0286329
      13.0000000        0.0290002
      14.0000000        0.0292860
      15.0000000        0.0295238
      16.0000000        0.0296881
       1.0000000        0.0007858
       2.0000000        0.0057754
       3.0000000        0.0111959
       4.0000000        0.0141057
       5.0000000        0.0158202
       6.0000000        0.0174731
       7.0000000        0.0195503
       8.0000000        0.0219420
       9.0000000        0.0243317
      10.0000000        0.0258149
      11.0000000        0.0260759
      12.0000000        0.0258507
      13.0000000        0.0256499
      14.0000000        0.0259420
      15.0000000        0.0266793
      16.0000000        0.0270337
       1.0000000        0.0007267
       2.0000000        0.0051648
       3.0000000        0.0100587
       4.0000000        0.0132165
       5.0000000        0.0159508
       6.0000000        0.0189083
       7.0000000        0.0216985
       8.0000000        0.0239585
       9.0000000        0.0253765
      10.0000000        0.0262705
      11.0000000        0.0272437
      12.0000000        0.0284937
      13.0000000        0.0294972
      14.0000000        0.0296603
      15.0000000        0.0294180
      16.0000000        0.0293486
       1.0000000        0.0006776
       2.0000000        0.0050113
       3.0000000        0.0101898
       4.0000000        0.0137385
       5.0000000        0.0166926
       6.0000000        0.0198328
       7.0000000        0.0229267
       8.0000000        0.0257172
       9.0000000        0.0279521
      10.0000000        0.0295517
      11.0000000        0.0306695
      12.0000000        0.0318051
      13.0000000        0.0331874
      14.0000000        0.0346647
      15.0000000        0.0358294
      16.0000000        0.0362845
       1.0000000        0.0008340
       2.0000000        0.0056570
       3.0000000        0.0111051
       4.0000000        0.0152684
       5.0000000        0.0188015
       6.0000000        0.0221019
       7.0000000        0.0252854
       8.0000000        0.0283470
       9.0000000        0.0307549
      10.0000000        0.0330659
      11.0000000        0.0355997
      12.0000000        0.0374015
      13.0000000        0.0385127
      14.0000000        0.0400815
      15.0000000        0.0416773
      16.0000000        0.0422415
       1.0000000        0.0008184
       2.0000000        0.0056460
       3.0000000        0.0116149
       4.0000000        0.0165640
       5.0000000        0.0209685
       6.0000000        0.0249726
       7.0000000        0.0284118
       8.0000000        0.0311886
       9.0000000        0.0328658
      10.0000000        0.0339805
      11.0000000        0.0350589
      12.0000000        0.0358371
      13.0000000        0.0362707
      14.0000000        0.0366843
      15.0000000        0.0373166
      16.0000000        0.0377577
       1.0000000        0.0008241
       2.0000000        0.0061357
       3.0000000        0.0128923
       4.0000000        0.0183053
       5.0000000        0.0230116
       6.0000000        0.0272304
       7.0000000        0.0308365
       8.0000000        0.0338513
       9.0000000        0.0363127
      10.0000000        0.0380103
      11.0000000        0.0390291
      12.0000000        0.0396083
      13.0000000        0.0402116
      14.0000000        0.0413646
      15.0000000        0.0425296
      16.0000000        0.0429867
       1.0000000        0.0010153
       2.0000000        0.0073310
       3.0000000        0.0146339
       4.0000000        0.0196070
       5.0000000        0.0234123
       6.0000000        0.0273288
       7.0000000        0.0314836
       8.0000000        0.0355437
       9.0000000        0.0389392
      10.0000000        0.0415695
      11.0000000        0.0435107
      12.0000000        0.0449641
      13.0000000        0.0465217
      14.0000000        0.0478371
      15.0000000        0.0485384
      16.0000000        0.0487213
       1.0000000        0.0011069
       2.0000000        0.0084230
       3.0000000        0.0173253
       4.0000000        0.0231616
       5.0000000        0.0279447
       6.0000000        0.0328067
       7.0000000        0.0368426
       8.0000000        0.0398697
       9.0000000        0.0425702
      10.0000000        0.0450240
      11.0000000        0.0473337
      12.0000000        0.0500390
      13.0000000        0.0536218
      14.0000000        0.0573971
      15.0000000        0.0600714
      16.0000000        0.0609855
       1.0000000        0.0010855
       2.0000000        0.0081686
       3.0000000        0.0169881
       4.0000000        0.0229156
       5.0000000        0.0268579
       6.0000000        0.0306074
       7.0000000        0.0344172
       8.0000000        0.0384474
       9.0000000        0.0425311
      10.0000000        0.0464770
      11.0000000        0.0497894
      12.0000000        0.0523308
      13.0000000        0.0549413
      14.0000000        0.0582719
      15.0000000        0.0612818
      16.0000000        0.0624840
       1.0000000        0.0012251
       2.0000000        0.0088165
       3.0000000        0.0181492
       4.0000000        0.0249194
       5.0000000        0.0298062
       6.0000000        0.0340659
       7.0000000        0.0378237
       8.0000000        0.0412750
       9.0000000        0.0453019
      10.0000000        0.0503117
      11.0000000        0.0557104
      12.0000000        0.0607753
      13.0000000        0.0652450
      14.0000000        0.0689410
      15.0000000        0.0712432
      16.0000000        0.0719479
       1.0000000        0.0012805
       2.0000000        0.0090254
       3.0000000        0.0175441
       4.0000000        0.0233400
       5.0000000        0.0282019
       6.0000000        0.0330427
       7.0000000        0.0371297
       8.0000000        0.0407356
       9.0000000        0.0452322
      10.0000000        0.0500585
      11.0000000        0.0540517
      12.0000000        0.0580825
      13.0000000        0.0630293
      14.0000000        0.0678402
      15.0000000        0.0704026
      16.0000000        0.0709640
       1.0000000        0.0014551
       2.0000000        0.0099418
       3.0000000        0.0192444
       4.0000000        0.0256771
       5.0000000        0.0305458
       6.0000000        0.0353175
       7.0000000        0.0406613
       8.0000000        0.0461622
       9.0000000        0.0512232
      10.0000000        0.0557807
      11.0000000        0.0598223
      12.0000000        0.0632772
      13.0000000        0.0659282
      14.0000000        0.0681055
      15.0000000        0.0700208
      16.0000000        0.0708987
       1.0000000        0.0014186
       2.0000000        0.0099473
       3.0000000        0.0198222
       4.0000000        0.0267654
       5.0000000        0.0327184
       6.0000000        0.0390728
       7.0000000        0.0448863
       8.0000000        0.0511163
       9.0000000        0.0585531
      10.0000000        0.0651328
      11.0000000        0.0694795
      12.0000000        0.0715216
      13.0000000        0.0723148
      14.0000000        0.0728379
      15.0000000        0.0737501
      16.0000000        0.0743515
       1.0000000        0.0015197
       2.0000000        0.0107459
       3.0000000        0.0211018
       4.0000000        0.0279925
       5.0000000        0.0341390
       6.0000000        0.0408683
       7.0000000        0.0476661
       8.0000000        0.0542095
       9.0000000        0.0600166
      10.0000000        0.0641145
      11.0000000        0.0672864
      12.0000000        0.0704010
      13.0000000        0.0727021
      14.0000000        0.0746715
      15.0000000        0.0760141
      16.0000000        0.0765357
       1.0000000        0.0016090
       2.0000000        0.0110585
       3.0000000        0.0222172
       4.0000000        0.0304096
       5.0000000        0.0369422
       6.0000000        0.0434000
       7.0000000        0.0497165
       8.0000000        0.0553075
       9.0000000        0.0594031
      10.0000000        0.0620578
      11.0000000        0.0643679
      12.0000000        0.0670309
      13.0000000        0.0692911
      14.0000000        0.0702645
      15.0000000        0.0702009
      16.0000000        0.0700577
       1.0000000        0.0017635
       2.0000000        0.0114140
       3.0000000        0.0225246
       4.0000000        0.0308746
       5.0000000        0.0383039
       6.0000000        0.0465627
       7.0000000        0.0535129
       8.0000000        0.0582373
       9.0000000        0.0619413
      10.0000000        0.0653852
      11.0000000        0.0685895
      12.0000000        0.0706889
      13.0000000        0.0710293
      14.0000000        0.0712076
      15.0000000        0.0720147
      16.0000000        0.0724118
       1.0000000        0.0022030
       2.0000000        0.0130541
       3.0000000        0.0239695
       4.0000000        0.0319030
       5.0000000        0.0391021
       6.0000000        0.0465204
       7.0000000        0.0528000
       8.0000000        0.0565767
       9.0000000        0.0577722
      10.0000000        0.0576915
      11.0000000        0.0582259
      12.0000000        0.0597286
      13.0000000        0.0610703
      14.0000000        0.0619125
      15.0000000        0.0628908
      16.0000000        0.0635632
       1.0000000        0.0021990
       2.0000000        0.0140911
       3.0000000        0.0268059
       4.0000000        0.0351988
       5.0000000        0.0409612
       6.0000000        0.0465553
       7.0000000        0.0513923
       8.0000000        0.0546120
       9.0000000        0.0560734
      10.0000000        0.0569465
      11.0000000        0.0582279
      12.0000000        0.0594067
      13.0000000        0.0597030
      14.0000000        0.0589562
      15.0000000        0.0579481
      16.0000000        0.0576773
       1.0000000        0.0020658
       2.0000000        0.0137841
       3.0000000        0.0264355
       4.0000000        0.0352384
       5.0000000        0.0429110
       6.0000000        0.0502073
       7.0000000        0.0555173
       8.0000000        0.0585256
       9.0000000        0.0598210
      10.0000000        0.0598504
      11.0000000        0.0600973
      12.0000000        0.0604458
      13.0000000        0.0604254
      14.0000000        0.0611451
      15.0000000        0.0625818
      16.0000000        0.0633078
       1.0000000        0.0019744
       2.0000000        0.0129129
       3.0000000        0.0245214
       4.0000000        0.0322295
       5.0000000        0.0382950
       6.0000000        0.0438788
       7.0000000        0.0481833
       8.0000000        0.0510302
       9.0000000        0.0531558
      10.0000000        0.0543420
      11.0000000        0.0555298
      12.0000000        0.0570621
      13.0000000        0.0580348
      14.0000000        0.0588755
      15.0000000        0.0593682
      16.0000000        0.0594068
       1.0000000        0.0020812
       2.0000000        0.0137037
       3.0000000        0.0258266
       4.0000000        0.0331544
       5.0000000        0.0377424
       6.0000000        0.0412567
       7.0000000        0.0446179
       8.0000000        0.0484337
       9.0000000        0.0521497
      10.0000000        0.0539337
      11.0000000        0.0538362
      12.0000000        0.0536123
      13.0000000        0.0535326
      14.0000000        0.0536279
      15.0000000        0.0544975
      16.0000000        0.0550686
       1.0000000        0.0020701
       2.0000000        0.0145149
       3.0000000        0.0273361
       4.0000000        0.0334747
       5.0000000        0.0359638
       6.0000000        0.0381886
       7.0000000        0.0416158
       8.0000000        0.0460631
       9.0000000        0.0503918
      10.0000000        0.0540237
      11.0000000        0.0569908
      12.0000000        0.0596484
      13.0000000        0.0609674
      14.0000000        0.0602290
      15.0000000        0.0585137
      16.0000000        0.0577475
       1.0000000        0.0019402
       2.0000000        0.0127040
       3.0000000        0.0241821
       4.0000000        0.0314122
       5.0000000        0.0370351
       6.0000000        0.0430700
       7.0000000        0.0478015
       8.0000000        0.0506932
       9.0000000        0.0529673
      10.0000000        0.0559043
      11.0000000        0.0585272
      12.0000000        0.0596538
      13.0000000        0.0594317
      14.0000000        0.0597420
      15.0000000        0.0607451
      16.0000000        0.0614190
       1.0000000        0.0019013
       2.0000000        0.0129919
       3.0000000        0.0252376
       4.0000000        0.0341387
       5.0000000        0.0420130
       6.0000000        0.0503683
       7.0000000        0.0574874
       8.0000000        0.0625914
       9.0000000        0.0651511
      10.0000000        0.0662607
      11.0000000        0.0676403
      12.0000000        0.0698172
      13.0000000        0.0718550
      14.0000000        0.0735714
      15.0000000        0.0754732
      16.0000000        0.0763975
       1.0000000        0.0019291
       2.0000000        0.0132503
       3.0000000        0.0261914
       4.0000000        0.0358538
       5.0000000        0.0435461
       6.0000000        0.0512716
       7.0000000        0.0577538
       8.0000000        0.0624967
       9.0000000        0.0668701
      10.0000000        0.0709777
      11.0000000        0.0735836
      12.0000000        0.0746412
      13.0000000        0.0753339
      14.0000000        0.0768784
      15.0000000        0.0790482
      16.0000000        0.0801113
       1.0000000        0.0017332
       2.0000000        0.0117135
       3.0000000        0.0233260
       4.0000000        0.0324938
       5.0000000        0.0393651
       6.0000000        0.0463981
       7.0000000        0.0531922
       8.0000000        0.0582555
       9.0000000        0.0625226
      10.0000000        0.0670397
      11.0000000        0.0702334
      12.0000000        0.0718179
      13.0000000        0.0722371
      14.0000000        0.0716987
      15.0000000        0.0710209
      16.0000000        0.0708430
       1.0000000        0.0017249
       2.0000000        0.0117683
       3.0000000        0.0234603
       4.0000000        0.0331506
       5.0000000        0.0413681
       6.0000000        0.0483532
       7.0000000        0.0544625
       8.0000000        0.0596844
       9.0000000        0.0634182
      10.0000000        0.0668085
      11.0000000        0.0696170
      12.0000000        0.0718026
      13.0000000        0.0733854
      14.0000000        0.0735827
      15.0000000        0.0736712
      16.0000000        0.0739528
       1.0000000        0.0020186
       2.0000000        0.0133958
       3.0000000        0.0268318
       4.0000000        0.0371241
       5.0000000        0.0443149
       6.0000000        0.0500793
       7.0000000        0.0553097
       8.0000000        0.0608180
       9.0000000        0.0659027
      10.0000000        0.0687927
      11.0000000        0.0690322
      12.0000000        0.0682293
      13.0000000        0.0682253
      14.0000000        0.0688968
      15.0000000        0.0702984
      16.0000000        0.0713848
       1.0000000        0.0019439
       2.0000000        0.0135902
       3.0000000        0.0270525
       4.0000000        0.0365457
       5.0000000        0.0432734
       6.0000000        0.0490017
       7.0000000        0.0547400
       8.0000000        0.0607343
       9.0000000        0.0660366
      10.0000000        0.0692123
      11.0000000        0.0709278
      12.0000000        0.0714613
      13.0000000        0.0706033
      14.0000000        0.0700368
      15.0000000        0.0714224
      16.0000000        0.0726226
       1.0000000        0.0019840
       2.0000000        0.0135536
       3.0000000        0.0263712
       4.0000000        0.0347040
       5.0000000        0.0398880
       6.0000000        0.0443480
       7.0000000        0.0493124
       8.0000000        0.0535121
       9.0000000        0.0567890
      10.0000000        0.0596839
      11.0000000        0.0621469
      12.0000000        0.0647761
      13.0000000        0.0685617
      14.0000000        0.0730438
      15.0000000        0.0763000
      16.0000000        0.0774315
       1.0000000        0.0018702
       2.0000000        0.0127897
       3.0000000        0.0240598
       4.0000000        0.0309252
       5.0000000        0.0360835
       6.0000000        0.0404144
       7.0000000        0.0437113
       8.0000000        0.0466986
       9.0000000        0.0500568
      10.0000000        0.0543860
      11.0000000        0.0589967
      12.0000000        0.0630775
      13.0000000        0.0664319
      14.0000000        0.0691494
      15.0000000        0.0709071
      16.0000000        0.0715272
       1.0000000        0.0017674
       2.0000000        0.0119446
       3.0000000        0.0233668
       4.0000000        0.0316451
       5.0000000        0.0383294
       6.0000000        0.0433590
       7.0000000        0.0474698
       8.0000000        0.0513537
       9.0000000        0.0552069
      10.0000000        0.0591004
      11.0000000        0.0625662
      12.0000000        0.0653950
      13.0000000        0.0673509
      14.0000000        0.0687161
      15.0000000        0.0705519
      16.0000000        0.0717842
       1.0000000        0.0016649
       2.0000000        0.0115509
       3.0000000        0.0228661
       4.0000000        0.0307890
       5.0000000        0.0367013
       6.0000000        0.0417399
       7.0000000        0.0456837
       8.0000000        0.0487426
       9.0000000        0.0517978
      10.0000000        0.0551121
      11.0000000        0.0584393
      12.0000000        0.0611255
      13.0000000        0.0625081
      14.0000000        0.0633276
      15.0000000        0.0639151
      16.0000000        0.0641570
       1.0000000        0.0019130
       2.0000000        0.0133352
       3.0000000        0.0256575
       4.0000000        0.0324119
       5.0000000        0.0367488
       6.0000000        0.0415315
       7.0000000        0.0460374
       8.0000000        0.0494757
       9.0000000        0.0527390
      10.0000000        0.0571600
      11.0000000        0.0616869
      12.0000000        0.0642156
      13.0000000        0.0645818
      14.0000000        0.0647397
      15.0000000        0.0658895
      16.0000000        0.0665363
       1.0000000        0.0019921
       2.0000000        0.0136770
       3.0000000        0.0261658
       4.0000000        0.0334670
       5.0000000        0.0388430
       6.0000000        0.0439089
       7.0000000        0.0486289
       8.0000000        0.0535194
       9.0000000        0.0577852
      10.0000000        0.0606046
      11.0000000        0.0620570
      12.0000000        0.0626796
      13.0000000        0.0627698
      14.0000000        0.0630052
      15.0000000        0.0644204
      16.0000000        0.0654308
       1.0000000        0.0020998
       2.0000000        0.0138568
       3.0000000        0.0254212
       4.0000000        0.0320860
       5.0000000        0.0380995
       6.0000000        0.0448840
       7.0000000        0.0507151
       8.0000000        0.0551678
       9.0000000        0.0582907
      10.0000000        0.0601742
      11.0000000        0.0613290
      12.0000000        0.0622299
      13.0000000        0.0625465
      14.0000000        0.0636766
      15.0000000        0.0654067
      16.0000000        0.0661950
       1.0000000        0.0020273
       2.0000000        0.0135170
       3.0000000        0.0254029
       4.0000000        0.0327757
       5.0000000        0.0390226
       6.0000000        0.0446155
       7.0000000        0.0487110
       8.0000000        0.0521021
       9.0000000        0.0548291
      10.0000000        0.0566632
      11.0000000        0.0579855
      12.0000000        0.0599494
      13.0000000        0.0627661
      14.0000000        0.0646835
      15.0000000        0.0649087
      16.0000000        0.0646476
       1.0000000        0.0019068
       2.0000000        0.0128622
       3.0000000        0.0241428
       4.0000000        0.0311683
       5.0000000        0.0365343
       6.0000000        0.0409398
       7.0000000        0.0445589
       8.0000000        0.0483043
       9.0000000        0.0523678
      10.0000000        0.0558873
      11.0000000        0.0588895
      12.0000000        0.0619039
      13.0000000        0.0643150
      14.0000000        0.0659889
      15.0000000        0.0673447
      16.0000000        0.0678516
       1.0000000        0.0019557
       2.0000000        0.0127217
       3.0000000        0.0233780
       4.0000000        0.0294940
       5.0000000        0.0343662
       6.0000000        0.0385858
       7.0000000        0.0420493
       8.0000000        0.0462952
       9.0000000        0.0516561
      10.0000000        0.0563896
      11.0000000        0.0599930
      12.0000000        0.0638342
      13.0000000        0.0675780
      14.0000000        0.0700873
      15.0000000        0.0715408
      16.0000000        0.0721888
       1.0000000        0.0020257
       2.0000000        0.0127988
       3.0000000        0.0228304
       4.0000000        0.0288717
       5.0000000        0.0340818
       6.0000000        0.0387558
       7.0000000        0.0448232
       8.0000000        0.0526428
       9.0000000        0.0586843
      10.0000000        0.0627349
      11.0000000        0.0668159
      12.0000000        0.0709420
      13.0000000        0.0744307
      14.0000000        0.0772799
      15.0000000        0.0793034
      16.0000000        0.0800809
       1.0000000        0.0019943
       2.0000000        0.0123417
       3.0000000        0.0225202
       4.0000000        0.0296577
       5.0000000        0.0365532
       6.0000000        0.0428192
       7.0000000        0.0489199
       8.0000000        0.0559906
       9.0000000        0.0628093
      10.0000000        0.0686168
      11.0000000        0.0736392
      12.0000000        0.0789118
      13.0000000        0.0844612
      14.0000000        0.0888375
      15.0000000        0.0913806
      16.0000000        0.0923165
       1.0000000        0.0023540
       2.0000000        0.0146388
       3.0000000        0.0260016
       4.0000000        0.0335939
       5.0000000        0.0394777
       6.0000000        0.0435405
       7.0000000        0.0483102
       8.0000000        0.0558094
       9.0000000        0.0640375
      10.0000000        0.0721208
      11.0000000        0.0790360
      12.0000000        0.0833192
      13.0000000        0.0864578
      14.0000000        0.0898866
      15.0000000        0.0925625
      16.0000000        0.0933738
       1.0000000        0.0023811
       2.0000000        0.0155544
       3.0000000        0.0282369
       4.0000000        0.0361132
       5.0000000        0.0427752
       6.0000000        0.0484446
       7.0000000        0.0545150
       8.0000000        0.0637007
       9.0000000        0.0726988
      10.0000000        0.0796837
      11.0000000        0.0866201
      12.0000000        0.0920199
      13.0000000        0.0944525
      14.0000000        0.0967696
      15.0000000        0.0999659
      16.0000000        0.1015283
       1.0000000        0.0022430
       2.0000000        0.0149206
       3.0000000        0.0274965
       4.0000000        0.0356336
       5.0000000        0.0428485
       6.0000000        0.0493872
       7.0000000        0.0564745
       8.0000000        0.0653684
       9.0000000        0.0742173
      10.0000000        0.0818999
      11.0000000        0.0888232
      12.0000000        0.0943358
      13.0000000        0.0974463
      14.0000000        0.0989298
      15.0000000        0.0995398
      16.0000000        0.0995898
       1.0000000        0.0020952
       2.0000000        0.0135184
       3.0000000        0.0252854
       4.0000000        0.0338364
       5.0000000        0.0414232
       6.0000000        0.0486756
       7.0000000        0.0554002
       8.0000000        0.0615696
       9.0000000        0.0682846
      10.0000000        0.0761554
      11.0000000        0.0839635
      12.0000000        0.0903199
      13.0000000        0.0948126
      14.0000000        0.0981206
      15.0000000        0.1003739
      16.0000000        0.1011204
       1.0000000        0.0019920
       2.0000000        0.0127999
       3.0000000        0.0232674
       4.0000000        0.0302552
       5.0000000        0.0365905
       6.0000000        0.0438743
       7.0000000        0.0507687
       8.0000000        0.0572085
       9.0000000        0.0639057
      10.0000000        0.0704296
      11.0000000        0.0756947
      12.0000000        0.0787879
      13.0000000        0.0812831
      14.0000000        0.0852480
      15.0000000        0.0897169
      16.0000000        0.0918386
       1.0000000        0.0017340
       2.0000000        0.0116413
       3.0000000        0.0232005
       4.0000000        0.0325847
       5.0000000        0.0400622
       6.0000000        0.0465162
       7.0000000        0.0532883
       8.0000000        0.0603814
       9.0000000        0.0663996
      10.0000000        0.0703994
      11.0000000        0.0737475
      12.0000000        0.0778102
      13.0000000        0.0821752
      14.0000000        0.0861933
      15.0000000        0.0893296
      16.0000000        0.0906022
       1.0000000        0.0017743
       2.0000000        0.0117316
       3.0000000        0.0224257
       4.0000000        0.0306488
       5.0000000        0.0378641
       6.0000000        0.0455092
       7.0000000        0.0528847
       8.0000000        0.0594499
       9.0000000        0.0655772
      10.0000000        0.0724151
      11.0000000        0.0796533
      12.0000000        0.0848645
      13.0000000        0.0880275
      14.0000000        0.0906784
      15.0000000        0.0927471
      16.0000000        0.0935493
       1.0000000        0.0014975
       2.0000000        0.0102131
       3.0000000        0.0203831
       4.0000000        0.0289487
       5.0000000        0.0377798
       6.0000000        0.0476614
       7.0000000        0.0568322
       8.0000000        0.0634361
       9.0000000        0.0676789
      10.0000000        0.0714372
      11.0000000        0.0761728
      12.0000000        0.0812927
      13.0000000        0.0855723
      14.0000000        0.0883607
      15.0000000        0.0902363
      16.0000000        0.0910617
       1.0000000        0.0014514
       2.0000000        0.0099036
       3.0000000        0.0200645
       4.0000000        0.0282951
       5.0000000        0.0354634
       6.0000000        0.0423924
       7.0000000        0.0493006
       8.0000000        0.0565288
       9.0000000        0.0634953
      10.0000000        0.0694800
      11.0000000        0.0757998
      12.0000000        0.0824991
      13.0000000        0.0872616
      14.0000000        0.0889338
      15.0000000        0.0886754
      16.0000000        0.0883641
       1.0000000        0.0014067
       2.0000000        0.0095874
       3.0000000        0.0194115
       4.0000000        0.0273603
       5.0000000        0.0350507
       6.0000000        0.0432711
       7.0000000        0.0513163
       8.0000000        0.0596800
       9.0000000        0.0678367
      10.0000000        0.0756003
      11.0000000        0.0829642
      12.0000000        0.0894889
      13.0000000        0.0937953
      14.0000000        0.0958048
      15.0000000        0.0964096
      16.0000000        0.0964964
       1.0000000        0.0013740
       2.0000000        0.0086830
       3.0000000        0.0174864
       4.0000000        0.0255232
       5.0000000        0.0334813
       6.0000000        0.0420008
       7.0000000        0.0498968
       8.0000000        0.0570618
       9.0000000        0.0647715
      10.0000000        0.0727025
      11.0000000        0.0794162
      12.0000000        0.0844032
      13.0000000        0.0879048
      14.0000000        0.0905472
      15.0000000        0.0923320
      16.0000000        0.0929205
       1.0000000        0.0013160
       2.0000000        0.0090056
       3.0000000        0.0186237
       4.0000000        0.0268757
       5.0000000        0.0347659
       6.0000000        0.0436400
       7.0000000        0.0518347
       8.0000000        0.0589502
       9.0000000        0.0659957
      10.0000000        0.0735004
      11.0000000        0.0813195
      12.0000000        0.0880507
      13.0000000        0.0930324
      14.0000000        0.0968727
      15.0000000        0.0999496
      16.0000000        0.1013324
       1.0000000        0.0012055
       2.0000000        0.0084177
       3.0000000        0.0178513
       4.0000000        0.0268606
       5.0000000        0.0362046
       6.0000000        0.0458954
       7.0000000        0.0548068
       8.0000000        0.0633603
       9.0000000        0.0716664
      10.0000000        0.0789666
      11.0000000        0.0848709
      12.0000000        0.0894956
      13.0000000        0.0924613
      14.0000000        0.0932200
      15.0000000        0.0925663
      16.0000000        0.0921437
       1.0000000        0.0012205
       2.0000000        0.0087678
       3.0000000        0.0189471
       4.0000000        0.0288759
       5.0000000        0.0386726
       6.0000000        0.0481445
       7.0000000        0.0561915
       8.0000000        0.0625540
       9.0000000        0.0672469
      10.0000000        0.0713091
      11.0000000        0.0763468
      12.0000000        0.0822906
      13.0000000        0.0878664
      14.0000000        0.0914559
      15.0000000        0.0927044
      16.0000000        0.0928810
       1.0000000        0.0012768
       2.0000000        0.0085001
       3.0000000        0.0175758
       4.0000000        0.0265250
       5.0000000        0.0347927
       6.0000000        0.0418527
       7.0000000        0.0480816
       8.0000000        0.0541845
       9.0000000        0.0601173
      10.0000000        0.0655425
      11.0000000        0.0707081
      12.0000000        0.0756626
      13.0000000        0.0799199
      14.0000000        0.0828639
      15.0000000        0.0840306
      16.0000000        0.0841609
       1.0000000        0.0011508
       2.0000000        0.0081822
       3.0000000        0.0170565
       4.0000000        0.0251685
       5.0000000        0.0327215
       6.0000000        0.0396215
       7.0000000        0.0459935
       8.0000000        0.0527159
       9.0000000        0.0604648
      10.0000000        0.0679946
      11.0000000        0.0741400
      12.0000000        0.0785856
      13.0000000        0.0811992
      14.0000000        0.0821850
      15.0000000        0.0820194
      16.0000000        0.0816990
       1.0000000        0.0011134
       2.0000000        0.0081329
       3.0000000        0.0169629
       4.0000000        0.0247268
       5.0000000        0.0324040
       6.0000000        0.0403879
       7.0000000        0.0483202
       8.0000000        0.0562730
       9.0000000        0.0637420
      10.0000000        0.0699618
      11.0000000        0.0746803
      12.0000000        0.0780488
      13.0000000        0.0807467
      14.0000000        0.0826252
      15.0000000        0.0834475
      16.0000000        0.0836901
       1.0000000        0.0011693
       2.0000000        0.0084144
       3.0000000        0.0175302
       4.0000000        0.0253934
       5.0000000        0.0344105
       6.0000000        0.0445622
       7.0000000        0.0541134
       8.0000000        0.0620217
       9.0000000        0.0683457
      10.0000000        0.0742935
      11.0000000        0.0801910
      12.0000000        0.0850066
      13.0000000        0.0880251
      14.0000000        0.0890756
      15.0000000        0.0887862
      16.0000000        0.0885236
       1.0000000        0.0012596
       2.0000000        0.0088238
       3.0000000        0.0182275
       4.0000000        0.0260450
       5.0000000        0.0336301
       6.0000000        0.0417067
       7.0000000        0.0500637
       8.0000000        0.0592981
       9.0000000        0.0691205
      10.0000000        0.0785500
      11.0000000        0.0869688
      12.0000000        0.0929428
      13.0000000        0.0960867
      14.0000000        0.0979677
      15.0000000        0.0993067
      16.0000000        0.0998023
       1.0000000        0.0012558
       2.0000000        0.0086217
       3.0000000        0.0179077
       4.0000000        0.0257842
       5.0000000        0.0343764
       6.0000000        0.0448347
       7.0000000        0.0562667
       8.0000000        0.0679122
       9.0000000        0.0787367
      10.0000000        0.0871227
      11.0000000        0.0929611
      12.0000000        0.0982764
      13.0000000        0.1037966
      14.0000000        0.1081838
      15.0000000        0.1099885
      16.0000000        0.1102086
       1.0000000        0.0013702
       2.0000000        0.0093709
       3.0000000        0.0192644
       4.0000000        0.0276395
       5.0000000        0.0357235
       6.0000000        0.0441524
       7.0000000        0.0528974
       8.0000000        0.0627090
       9.0000000        0.0731219
      10.0000000        0.0824679
      11.0000000        0.0898087
      12.0000000        0.0951829
      13.0000000        0.0990927
      14.0000000        0.1022800
      15.0000000        0.1042814
      16.0000000        0.1048556
       1.0000000        0.0015215
       2.0000000        0.0099334
       3.0000000        0.0184930
       4.0000000        0.0248659
       5.0000000        0.0322430
       6.0000000        0.0418095
       7.0000000        0.0520056
       8.0000000        0.0619080
       9.0000000        0.0711690
      10.0000000        0.0793866
      11.0000000        0.0866878
      12.0000000        0.0929880
      13.0000000        0.0973010
      14.0000000        0.0992931
      15.0000000        0.1004169
      16.0000000        0.1009886
       1.0000000        0.0016885
       2.0000000        0.0109184
       3.0000000        0.0200626
       4.0000000        0.0260312
       5.0000000        0.0331248
       6.0000000        0.0427039
       7.0000000        0.0527012
       8.0000000        0.0616051
       9.0000000        0.0692897
      10.0000000        0.0764627
      11.0000000        0.0838498
      12.0000000        0.0906470
      13.0000000        0.0956035
      14.0000000        0.0988307
      15.0000000        0.1006078
      16.0000000        0.1010598
       1.0000000        0.0015629
       2.0000000        0.0101879
       3.0000000        0.0190614
       4.0000000        0.0257153
       5.0000000        0.0329454
       6.0000000        0.0411252
       7.0000000        0.0500433
       8.0000000        0.0591477
       9.0000000        0.0672892
      10.0000000        0.0743258
      11.0000000        0.0812918
      12.0000000        0.0882034
      13.0000000        0.0940091
      14.0000000        0.0984430
      15.0000000        0.1015406
      16.0000000        0.1027174
       1.0000000        0.0015422
       2.0000000        0.0096007
       3.0000000        0.0183322
       4.0000000        0.0258644
       5.0000000        0.0334741
       6.0000000        0.0420348
       7.0000000        0.0509635
       8.0000000        0.0591941
       9.0000000        0.0670587
      10.0000000        0.0747633
      11.0000000        0.0814451
      12.0000000        0.0866018
      13.0000000        0.0906589
      14.0000000        0.0939068
      15.0000000        0.0962698
      16.0000000        0.0970320
       1.0000000        0.0014449
       2.0000000        0.0097515
       3.0000000        0.0194799
       4.0000000        0.0275045
       5.0000000        0.0343964
       6.0000000        0.0405706
       7.0000000        0.0470154
       8.0000000        0.0544119
       9.0000000        0.0623856
      10.0000000        0.0694600
      11.0000000        0.0748479
      12.0000000        0.0797926
      13.0000000        0.0847392
      14.0000000        0.0882721
      15.0000000        0.0902315
      16.0000000        0.0910325
       1.0000000        0.0013935
       2.0000000        0.0095068
       3.0000000        0.0185361
       4.0000000        0.0251904
       5.0000000        0.0313911
       6.0000000        0.0375800
       7.0000000        0.0438435
       8.0000000        0.0513616
       9.0000000        0.0601826
      10.0000000        0.0688269
      11.0000000        0.0766348
      12.0000000        0.0842796
      13.0000000        0.0918585
      14.0000000        0.0975231
      15.0000000        0.1003724
      16.0000000        0.1011526
       1.0000000        0.0013791
       2.0000000        0.0094987
       3.0000000        0.0180611
       4.0000000        0.0241276
       5.0000000        0.0311078
       6.0000000        0.0405036
       7.0000000        0.0506935
       8.0000000        0.0600963
       9.0000000        0.0686447
      10.0000000        0.0766744
      11.0000000        0.0841436
      12.0000000        0.0911194
      13.0000000        0.0970023
      14.0000000        0.1004452
      15.0000000        0.1015279
      16.0000000        0.1014440
       1.0000000        0.0013283
       2.0000000        0.0091154
       3.0000000        0.0177907
       4.0000000        0.0249822
       5.0000000        0.0335039
       6.0000000        0.0435680
       7.0000000        0.0541855
       8.0000000        0.0649066
       9.0000000        0.0749582
      10.0000000        0.0842334
      11.0000000        0.0920158
      12.0000000        0.0978177
      13.0000000        0.1021524
      14.0000000        0.1060592
      15.0000000        0.1092242
      16.0000000        0.1104463
       1.0000000        0.0013327
       2.0000000        0.0093312
       3.0000000        0.0180927
       4.0000000        0.0241005
       5.0000000        0.0301010
       6.0000000        0.0378052
       7.0000000        0.0465819
       8.0000000        0.0554389
       9.0000000        0.0644904
      10.0000000        0.0738044
      11.0000000        0.0820020
      12.0000000        0.0875698
      13.0000000        0.0911322
      14.0000000        0.0943544
      15.0000000        0.0971739
      16.0000000        0.0983535
       1.0000000        0.0014428
       2.0000000        0.0098862
       3.0000000        0.0187571
       4.0000000        0.0251426
       5.0000000        0.0311420
       6.0000000        0.0380065
       7.0000000        0.0457824
       8.0000000        0.0541815
       9.0000000        0.0623531
      10.0000000        0.0697917
      11.0000000        0.0772121
      12.0000000        0.0845342
      13.0000000        0.0904945
      14.0000000        0.0943490
      15.0000000        0.0960834
      16.0000000        0.0963837
       1.0000000        0.0012906
       2.0000000        0.0087343
       3.0000000        0.0167552
       4.0000000        0.0230678
       5.0000000        0.0292889
       6.0000000        0.0363372
       7.0000000        0.0450474
       8.0000000        0.0549811
       9.0000000        0.0644512
      10.0000000        0.0731907
      11.0000000        0.0817598
      12.0000000        0.0900933
      13.0000000        0.0976778
      14.0000000        0.1040061
      15.0000000        0.1086507
      16.0000000        0.1104322
       1.0000000        0.0013461
       2.0000000        0.0092754
       3.0000000        0.0183962
       4.0000000        0.0256781
       5.0000000        0.0329232
       6.0000000        0.0413822
       7.0000000        0.0510151
       8.0000000        0.0605719
       9.0000000        0.0691637
      10.0000000        0.0773659
      11.0000000        0.0863698
      12.0000000        0.0954031
      13.0000000        0.1019170
      14.0000000        0.1058193
      15.0000000        0.1083811
      16.0000000        0.1094247
       1.0000000        0.0014159
       2.0000000        0.0097942
       3.0000000        0.0192842
       4.0000000        0.0266764
       5.0000000        0.0340979
       6.0000000        0.0430386
       7.0000000        0.0528689
       8.0000000        0.0621922
       9.0000000        0.0701635
      10.0000000        0.0780409
      11.0000000        0.0873517
      12.0000000        0.0970251
      13.0000000        0.1043027
      14.0000000        0.1085889
      15.0000000        0.1110816
      16.0000000        0.1122751
       1.0000000        0.0015861
       2.0000000        0.0112385
       3.0000000        0.0219893
       4.0000000        0.0293260
       5.0000000        0.0362833
       6.0000000        0.0449960
       7.0000000        0.0546170
       8.0000000        0.0645932
       9.0000000        0.0748217
      10.0000000        0.0851607
      11.0000000        0.0950086
      12.0000000        0.1039966
      13.0000000        0.1115591
      14.0000000        0.1171490
      15.0000000        0.1203965
      16.0000000        0.1214947
       1.0000000        0.0016689
       2.0000000        0.0116186
       3.0000000        0.0226783
       4.0000000        0.0305233
       5.0000000        0.0381971
       6.0000000        0.0467331
       7.0000000        0.0554618
       8.0000000        0.0645773
       9.0000000        0.0741494
      10.0000000        0.0838716
      11.0000000        0.0934782
      12.0000000        0.1016366
      13.0000000        0.1073905
      14.0000000        0.1113507
      15.0000000        0.1138785
      16.0000000        0.1147926
       1.0000000        0.0016353
       2.0000000        0.0107753
       3.0000000        0.0207506
       4.0000000        0.0280811
       5.0000000        0.0346437
       6.0000000        0.0420771
       7.0000000        0.0508079
       8.0000000        0.0599265
       9.0000000        0.0681060
      10.0000000        0.0761565
      11.0000000        0.0845832
      12.0000000        0.0918164
      13.0000000        0.0965647
      14.0000000        0.1001703
      15.0000000        0.1034844
      16.0000000        0.1049462
       1.0000000        0.0019145
       2.0000000        0.0122152
       3.0000000        0.0216901
       4.0000000        0.0273342
       5.0000000        0.0338439
       6.0000000        0.0422509
       7.0000000        0.0514334
       8.0000000        0.0598398
       9.0000000        0.0671346
      10.0000000        0.0741191
      11.0000000        0.0814334
      12.0000000        0.0883711
      13.0000000        0.0949450
      14.0000000        0.1013092
      15.0000000        0.1055397
      16.0000000        0.1069553
       1.0000000        0.0020040
       2.0000000        0.0132417
       3.0000000        0.0235224
       4.0000000        0.0300803
       5.0000000        0.0372501
       6.0000000        0.0451158
       7.0000000        0.0521756
       8.0000000        0.0583312
       9.0000000        0.0649055
      10.0000000        0.0726166
      11.0000000        0.0804253
      12.0000000        0.0866536
      13.0000000        0.0915575
      14.0000000        0.0964503
      15.0000000        0.1008056
      16.0000000        0.1025086
       1.0000000        0.0019929
       2.0000000        0.0127317
       3.0000000        0.0223099
       4.0000000        0.0287381
       5.0000000        0.0355601
       6.0000000        0.0428129
       7.0000000        0.0500960
       8.0000000        0.0572758
       9.0000000        0.0636375
      10.0000000        0.0694211
      11.0000000        0.0749452
      12.0000000        0.0798612
      13.0000000        0.0837514
      14.0000000        0.0873426
      15.0000000        0.0902095
      16.0000000        0.0913218
       1.0000000        0.0020541
       2.0000000        0.0126645
       3.0000000        0.0226941
       4.0000000        0.0304026
       5.0000000        0.0384860
       6.0000000        0.0464178
       7.0000000        0.0530751
       8.0000000        0.0583075
       9.0000000        0.0626315
      10.0000000        0.0666787
      11.0000000        0.0707719
      12.0000000        0.0760485
      13.0000000        0.0820399
      14.0000000        0.0864738
      15.0000000        0.0887606
      16.0000000        0.0894254
       1.0000000        0.0018793
       2.0000000        0.0123737
       3.0000000        0.0236735
       4.0000000        0.0324901
       5.0000000        0.0402263
       6.0000000        0.0472383
       7.0000000        0.0541879
       8.0000000        0.0610791
       9.0000000        0.0667679
      10.0000000        0.0714581
      11.0000000        0.0758664
      12.0000000        0.0801258
      13.0000000        0.0844460
      14.0000000        0.0881227
      15.0000000        0.0905606
      16.0000000        0.0914437
       1.0000000        0.0018780
       2.0000000        0.0120843
       3.0000000        0.0233571
       4.0000000        0.0313206
       5.0000000        0.0378722
       6.0000000        0.0446169
       7.0000000        0.0517043
       8.0000000        0.0591905
       9.0000000        0.0658285
      10.0000000        0.0699877
      11.0000000        0.0720923
      12.0000000        0.0742094
      13.0000000        0.0771440
      14.0000000        0.0803626
      15.0000000        0.0822406
      16.0000000        0.0825710
       1.0000000        0.0018874
       2.0000000        0.0122734
       3.0000000        0.0240039
       4.0000000        0.0324004
       5.0000000        0.0393142
       6.0000000        0.0467028
       7.0000000        0.0537917
       8.0000000        0.0603865
       9.0000000        0.0662367
      10.0000000        0.0702591
      11.0000000        0.0732568
      12.0000000        0.0760795
      13.0000000        0.0777017
      14.0000000        0.0769083
      15.0000000        0.0758216
      16.0000000        0.0757531
       1.0000000        0.0020165
       2.0000000        0.0124600
       3.0000000        0.0241638
       4.0000000        0.0333517
       5.0000000        0.0405655
       6.0000000        0.0472192
       7.0000000        0.0531535
       8.0000000        0.0591762
       9.0000000        0.0651133
      10.0000000        0.0693709
      11.0000000        0.0720015
      12.0000000        0.0740354
      13.0000000        0.0754840
      14.0000000        0.0766755
      15.0000000        0.0777041
      16.0000000        0.0782824
       1.0000000        0.0021665
       2.0000000        0.0137460
       3.0000000        0.0257992
       4.0000000        0.0353516
       5.0000000        0.0424094
       6.0000000        0.0483149
       7.0000000        0.0540690
       8.0000000        0.0598442
       9.0000000        0.0649148
      10.0000000        0.0695473
      11.0000000        0.0733926
      12.0000000        0.0754800
      13.0000000        0.0771193
      14.0000000        0.0797864
      15.0000000        0.0827027
      16.0000000        0.0840504
       1.0000000        0.0024515
       2.0000000        0.0147123
       3.0000000        0.0272344
       4.0000000        0.0366922
       5.0000000        0.0443670
       6.0000000        0.0506170
       7.0000000        0.0546791
       8.0000000        0.0577296
       9.0000000        0.0621292
      10.0000000        0.0684253
      11.0000000        0.0751427
      12.0000000        0.0803315
      13.0000000        0.0831893
      14.0000000        0.0839514
      15.0000000        0.0838384
      16.0000000        0.0837696
       1.0000000        0.0023397
       2.0000000        0.0145213
       3.0000000        0.0263654
       4.0000000        0.0357102
       5.0000000        0.0432988
       6.0000000        0.0483226
       7.0000000        0.0521125
       8.0000000        0.0563773
       9.0000000        0.0621888
      10.0000000        0.0692288
      11.0000000        0.0752577
      12.0000000        0.0790093
      13.0000000        0.0805434
      14.0000000        0.0806185
      15.0000000        0.0796250
      16.0000000        0.0792048
       1.0000000        0.0021933
       2.0000000        0.0134828
       3.0000000        0.0241962
       4.0000000        0.0325437
       5.0000000        0.0406718
       6.0000000        0.0480559
       7.0000000        0.0535731
       8.0000000        0.0575146
       9.0000000        0.0611272
      10.0000000        0.0662241
      11.0000000        0.0721285
      12.0000000        0.0765625
      13.0000000        0.0793560
      14.0000000        0.0809597
      15.0000000        0.0820946
      16.0000000        0.0825204
       1.0000000        0.0021509
       2.0000000        0.0140382
       3.0000000        0.0264787
       4.0000000        0.0349016
       5.0000000        0.0409285
       6.0000000        0.0458201
       7.0000000        0.0497807
       8.0000000        0.0528717
       9.0000000        0.0559935
      10.0000000        0.0602920
      11.0000000        0.0662166
      12.0000000        0.0720264
      13.0000000        0.0753036
      14.0000000        0.0771723
      15.0000000        0.0787738
      16.0000000        0.0796901
       1.0000000        0.0024335
       2.0000000        0.0156207
       3.0000000        0.0281758
       4.0000000        0.0351750
       5.0000000        0.0399905
       6.0000000        0.0455141
       7.0000000        0.0507553
       8.0000000        0.0548080
       9.0000000        0.0586494
      10.0000000        0.0631371
      11.0000000        0.0677724
      12.0000000        0.0717533
      13.0000000        0.0755741
      14.0000000        0.0785236
      15.0000000        0.0794475
      16.0000000        0.0794078
       1.0000000        0.0022042
       2.0000000        0.0145261
       3.0000000        0.0267220
       4.0000000        0.0334358
       5.0000000        0.0393687
       6.0000000        0.0467910
       7.0000000        0.0537337
       8.0000000        0.0587356
       9.0000000        0.0627677
      10.0000000        0.0669769
      11.0000000        0.0714343
      12.0000000        0.0751463
      13.0000000        0.0781254
      14.0000000        0.0798889
      15.0000000        0.0803381
      16.0000000        0.0803867
       1.0000000        0.0019728
       2.0000000        0.0130517
       3.0000000        0.0244601
       4.0000000        0.0315886
       5.0000000        0.0372151
       6.0000000        0.0431045
       7.0000000        0.0493968
       8.0000000        0.0553984
       9.0000000        0.0606283
      10.0000000        0.0656753
      11.0000000        0.0710030
      12.0000000        0.0762811
      13.0000000        0.0798690
      14.0000000        0.0823332
      15.0000000        0.0849853
      16.0000000        0.0863581
       1.0000000        0.0017723
       2.0000000        0.0126425
       3.0000000        0.0252572
       4.0000000        0.0351186
       5.0000000        0.0429258
       6.0000000        0.0490803
       7.0000000        0.0547940
       8.0000000        0.0612488
       9.0000000        0.0681509
      10.0000000        0.0751566
      11.0000000        0.0806778
      12.0000000        0.0834272
      13.0000000        0.0841726
      14.0000000        0.0863093
      15.0000000        0.0896541
      16.0000000        0.0909677
       1.0000000        0.0019784
       2.0000000        0.0138578
       3.0000000        0.0271141
       4.0000000        0.0366993
       5.0000000        0.0448905
       6.0000000        0.0526027
       7.0000000        0.0588208
       8.0000000        0.0636481
       9.0000000        0.0678019
      10.0000000        0.0729216
      11.0000000        0.0771705
      12.0000000        0.0787346
      13.0000000        0.0797551
      14.0000000        0.0822358
      15.0000000        0.0855691
      16.0000000        0.0872432
       1.0000000        0.0021638
       2.0000000        0.0155566
       3.0000000        0.0308658
       4.0000000        0.0408856
       5.0000000        0.0476008
       6.0000000        0.0522947
       7.0000000        0.0555080
       8.0000000        0.0587917
       9.0000000        0.0633580
      10.0000000        0.0691398
      11.0000000        0.0748005
      12.0000000        0.0789764
      13.0000000        0.0812041
      14.0000000        0.0820839
      15.0000000        0.0824587
      16.0000000        0.0826833
       1.0000000        0.0020925
       2.0000000        0.0145066
       3.0000000        0.0286004
       4.0000000        0.0382301
       5.0000000        0.0456575
       6.0000000        0.0529392
       7.0000000        0.0600383
       8.0000000        0.0667852
       9.0000000        0.0729336
      10.0000000        0.0778641
      11.0000000        0.0806710
      12.0000000        0.0822313
      13.0000000        0.0838692
      14.0000000        0.0844242
      15.0000000        0.0829774
      16.0000000        0.0819389
       1.0000000        0.0018276
       2.0000000        0.0129177
       3.0000000        0.0256210
       4.0000000        0.0356300
       5.0000000        0.0447730
       6.0000000        0.0539012
       7.0000000        0.0621474
       8.0000000        0.0688997
       9.0000000        0.0742121
      10.0000000        0.0778285
      11.0000000        0.0805902
      12.0000000        0.0833687
      13.0000000        0.0860384
      14.0000000        0.0884466
      15.0000000        0.0905394
      16.0000000        0.0915485
       1.0000000        0.0017152
       2.0000000        0.0123046
       3.0000000        0.0252314
       4.0000000        0.0358542
       5.0000000        0.0461046
       6.0000000        0.0560375
       7.0000000        0.0643616
       8.0000000        0.0710568
       9.0000000        0.0764806
      10.0000000        0.0807877
      11.0000000        0.0853220
      12.0000000        0.0905219
      13.0000000        0.0957658
      14.0000000        0.0999087
      15.0000000        0.1024678
      16.0000000        0.1033003
       1.0000000        0.0016306
       2.0000000        0.0122879
       3.0000000        0.0256957
       4.0000000        0.0359932
       5.0000000        0.0445828
       6.0000000        0.0523755
       7.0000000        0.0594497
       8.0000000        0.0660798
       9.0000000        0.0718427
      10.0000000        0.0767008
      11.0000000        0.0821660
      12.0000000        0.0885486
      13.0000000        0.0943915
      14.0000000        0.0991608
      15.0000000        0.1031158
      16.0000000        0.1048072
       1.0000000        0.0015908
       2.0000000        0.0114098
       3.0000000        0.0229248
       4.0000000        0.0316445
       5.0000000        0.0394785
       6.0000000        0.0471291
       7.0000000        0.0537919
       8.0000000        0.0594566
       9.0000000        0.0646268
      10.0000000        0.0700704
      11.0000000        0.0762782
      12.0000000        0.0827331
      13.0000000        0.0880311
      14.0000000        0.0912601
      15.0000000        0.0929954
      16.0000000        0.0936644
       1.0000000        0.0015136
       2.0000000        0.0106836
       3.0000000        0.0219347
       4.0000000        0.0310990
       5.0000000        0.0397310
       6.0000000        0.0483041
       7.0000000        0.0562627
       8.0000000        0.0630224
       9.0000000        0.0686629
      10.0000000        0.0742080
      11.0000000        0.0790983
      12.0000000        0.0815056
      13.0000000        0.0823719
      14.0000000        0.0831200
      15.0000000        0.0836459
      16.0000000        0.0838462
       1.0000000        0.0014097
       2.0000000        0.0100933
       3.0000000        0.0210324
       4.0000000        0.0305754
       5.0000000        0.0400591
       6.0000000        0.0498795
       7.0000000        0.0590482
       8.0000000        0.0671495
       9.0000000        0.0734612
      10.0000000        0.0785409
      11.0000000        0.0834415
      12.0000000        0.0872366
      13.0000000        0.0882810
      14.0000000        0.0876568
      15.0000000        0.0875160
      16.0000000        0.0877661
       1.0000000        0.0016626
       2.0000000        0.0115930
       3.0000000        0.0230757
       4.0000000        0.0324474
       5.0000000        0.0417057
       6.0000000        0.0508082
       7.0000000        0.0594602
       8.0000000        0.0673323
       9.0000000        0.0740295
      10.0000000        0.0800571
      11.0000000        0.0860805
      12.0000000        0.0913710
      13.0000000        0.0946458
      14.0000000        0.0957221
      15.0000000        0.0955641
      16.0000000        0.0951958
       1.0000000        0.0016505
       2.0000000        0.0116493
       3.0000000        0.0230978
       4.0000000        0.0326604
       5.0000000        0.0428238
       6.0000000        0.0529400
       7.0000000        0.0614536
       8.0000000        0.0686451
       9.0000000        0.0749555
      10.0000000        0.0810595
      11.0000000        0.0875132
      12.0000000        0.0936492
      13.0000000        0.0986951
      14.0000000        0.1027546
      15.0000000        0.1055628
      16.0000000        0.1065748
       1.0000000        0.0015971
       2.0000000        0.0115465
       3.0000000        0.0236740
       4.0000000        0.0331338
       5.0000000        0.0407024
       6.0000000        0.0478883
       7.0000000        0.0558580
       8.0000000        0.0643953
       9.0000000        0.0723999
      10.0000000        0.0792960
      11.0000000        0.0857462
      12.0000000        0.0924345
      13.0000000        0.0986824
      14.0000000        0.1041327
      15.0000000        0.1087173
      16.0000000        0.1107119
       1.0000000        0.0014554
       2.0000000        0.0105869
       3.0000000        0.0213489
       4.0000000        0.0291175
       5.0000000        0.0362001
       6.0000000        0.0434468
       7.0000000        0.0492609
       8.0000000        0.0543618
       9.0000000        0.0605870
      10.0000000        0.0678994
      11.0000000        0.0751741
      12.0000000        0.0818100
      13.0000000        0.0876002
      14.0000000        0.0918698
      15.0000000        0.0945694
      16.0000000        0.0955260
       1.0000000        0.0015492
       2.0000000        0.0105649
       3.0000000        0.0207690
       4.0000000        0.0280994
       5.0000000        0.0341127
       6.0000000        0.0405323
       7.0000000        0.0470953
       8.0000000        0.0531276
       9.0000000        0.0584420
      10.0000000        0.0643763
      11.0000000        0.0712956
      12.0000000        0.0784036
      13.0000000        0.0846476
      14.0000000        0.0887997
      15.0000000        0.0905606
      16.0000000        0.0909441
       1.0000000        0.0016441
       2.0000000        0.0106210
       3.0000000        0.0198062
       4.0000000        0.0264589
       5.0000000        0.0318584
       6.0000000        0.0364188
       7.0000000        0.0416034
       8.0000000        0.0483207
       9.0000000        0.0557011
      10.0000000        0.0629056
      11.0000000        0.0687311
      12.0000000        0.0735498
      13.0000000        0.0780872
      14.0000000        0.0814762
      15.0000000        0.0829495
      16.0000000        0.0832822
       1.0000000        0.0018621
       2.0000000        0.0116696
       3.0000000        0.0207201
       4.0000000        0.0258712
       5.0000000        0.0300983
       6.0000000        0.0357778
       7.0000000        0.0424762
       8.0000000        0.0505967
       9.0000000        0.0593582
      10.0000000        0.0664799
      11.0000000        0.0716275
      12.0000000        0.0753325
      13.0000000        0.0785866
      14.0000000        0.0818349
      15.0000000        0.0848533
      16.0000000        0.0862347
       1.0000000        0.0016128
       2.0000000        0.0103985
       3.0000000        0.0190539
       4.0000000        0.0246922
       5.0000000        0.0307821
       6.0000000        0.0384498
       7.0000000        0.0476561
       8.0000000        0.0568984
       9.0000000        0.0637123
      10.0000000        0.0682517
      11.0000000        0.0720086
      12.0000000        0.0748700
      13.0000000        0.0765058
      14.0000000        0.0774393
      15.0000000        0.0781315
      16.0000000        0.0784644
       1.0000000        0.0012188
       2.0000000        0.0086773
       3.0000000        0.0176577
       4.0000000        0.0248837
       5.0000000        0.0321151
       6.0000000        0.0400158
       7.0000000        0.0478669
       8.0000000        0.0559492
       9.0000000        0.0637811
      10.0000000        0.0700691
      11.0000000        0.0751040
      12.0000000        0.0792335
      13.0000000        0.0825442
      14.0000000        0.0854690
      15.0000000        0.0877509
      16.0000000        0.0887882
       1.0000000        0.0009744
       2.0000000        0.0071737
       3.0000000        0.0156949
       4.0000000        0.0240036
       5.0000000        0.0326094
       6.0000000        0.0410256
       7.0000000        0.0492233
       8.0000000        0.0577520
       9.0000000        0.0654432
      10.0000000        0.0719087
      11.0000000        0.0779741
      12.0000000        0.0831591
      13.0000000        0.0865060
      14.0000000        0.0882842
      15.0000000        0.0891062
      16.0000000        0.0893285
       1.0000000        0.0010181
       2.0000000        0.0076409
       3.0000000        0.0165603
       4.0000000        0.0245965
       5.0000000        0.0326888
       6.0000000        0.0410950
       7.0000000        0.0492288
       8.0000000        0.0571400
       9.0000000        0.0642664
      10.0000000        0.0703081
      11.0000000        0.0754831
      12.0000000        0.0788127
      13.0000000        0.0797313
      14.0000000        0.0794974
      15.0000000        0.0793342
      16.0000000        0.0793283
       1.0000000        0.0013750
       2.0000000        0.0092646
       3.0000000        0.0180710
       4.0000000        0.0257975
       5.0000000        0.0346279
       6.0000000        0.0445495
       7.0000000        0.0541358
       8.0000000        0.0629470
       9.0000000        0.0701330
      10.0000000        0.0749953
      11.0000000        0.0781095
      12.0000000        0.0800414
      13.0000000        0.0815173
      14.0000000        0.0828712
      15.0000000        0.0838791
      16.0000000        0.0842001
       1.0000000        0.0014444
       2.0000000        0.0100901
       3.0000000        0.0200008
       4.0000000        0.0275711
       5.0000000        0.0350452
       6.0000000        0.0431756
       7.0000000        0.0503689
       8.0000000        0.0567755
       9.0000000        0.0631553
      10.0000000        0.0690958
      11.0000000        0.0739653
      12.0000000        0.0776503
      13.0000000        0.0803445
      14.0000000        0.0822391
      15.0000000        0.0834978
      16.0000000        0.0839752
       1.0000000        0.0016920
       2.0000000        0.0120049
       3.0000000        0.0239251
       4.0000000        0.0331848
       5.0000000        0.0423524
       6.0000000        0.0511362
       7.0000000        0.0583485
       8.0000000        0.0648161
       9.0000000        0.0704121
      10.0000000        0.0745778
      11.0000000        0.0773848
      12.0000000        0.0791919
      13.0000000        0.0803199
      14.0000000        0.0805088
      15.0000000        0.0802443
      16.0000000        0.0800983
       1.0000000        0.0016478
       2.0000000        0.0118740
       3.0000000        0.0251618
       4.0000000        0.0360504
       5.0000000        0.0455016
       6.0000000        0.0539886
       7.0000000        0.0608223
       8.0000000        0.0657573
       9.0000000        0.0689917
      10.0000000        0.0714212
      11.0000000        0.0739187
      12.0000000        0.0769576
      13.0000000        0.0795683
      14.0000000        0.0810998
      15.0000000        0.0820904
      16.0000000        0.0824366
       1.0000000        0.0016055
       2.0000000        0.0122896
       3.0000000        0.0266604
       4.0000000        0.0385737
       5.0000000        0.0483814
       6.0000000        0.0570122
       7.0000000        0.0644942
       8.0000000        0.0708713
       9.0000000        0.0763383
      10.0000000        0.0806243
      11.0000000        0.0824902
      12.0000000        0.0819711
      13.0000000        0.0812203
      14.0000000        0.0817938
      15.0000000        0.0833687
      16.0000000        0.0841027
       1.0000000        0.0018091
       2.0000000        0.0136159
       3.0000000        0.0290428
       4.0000000        0.0420579
       5.0000000        0.0535261
       6.0000000        0.0630582
       7.0000000        0.0705043
       8.0000000        0.0764554
       9.0000000        0.0800462
      10.0000000        0.0815695
      11.0000000        0.0829023
      12.0000000        0.0849159
      13.0000000        0.0870158
      14.0000000        0.0889289
      15.0000000        0.0909847
      16.0000000        0.0921793
       1.0000000        0.0021761
       2.0000000        0.0166464
       3.0000000        0.0348346
       4.0000000        0.0477158
       5.0000000        0.0566458
       6.0000000        0.0636549
       7.0000000        0.0692280
       8.0000000        0.0731296
       9.0000000        0.0758536
      10.0000000        0.0782142
      11.0000000        0.0805751
      12.0000000        0.0830329
      13.0000000        0.0847617
      14.0000000        0.0847465
      15.0000000        0.0835682
      16.0000000        0.0828916
       1.0000000        0.0023698
       2.0000000        0.0175567
       3.0000000        0.0359736
       4.0000000        0.0481365
       5.0000000        0.0562396
       6.0000000        0.0624593
       7.0000000        0.0675429
       8.0000000        0.0723355
       9.0000000        0.0758018
      10.0000000        0.0773846
      11.0000000        0.0778496
      12.0000000        0.0782263
      13.0000000        0.0795407
      14.0000000        0.0816270
      15.0000000        0.0832057
      16.0000000        0.0836632
       1.0000000        0.0022730
       2.0000000        0.0167377
       3.0000000        0.0341255
       4.0000000        0.0462647
       5.0000000        0.0556452
       6.0000000        0.0638325
       7.0000000        0.0699823
       8.0000000        0.0743817
       9.0000000        0.0776833
      10.0000000        0.0799331
      11.0000000        0.0815563
      12.0000000        0.0828362
      13.0000000        0.0841346
      14.0000000        0.0851096
      15.0000000        0.0845220
      16.0000000        0.0837874
       1.0000000        0.0026667
       2.0000000        0.0190543
       3.0000000        0.0385087
       4.0000000        0.0519259
       5.0000000        0.0617008
       6.0000000        0.0690448
       7.0000000        0.0742004
       8.0000000        0.0792898
       9.0000000        0.0839346
      10.0000000        0.0859459
      11.0000000        0.0853967
      12.0000000        0.0838719
      13.0000000        0.0827021
      14.0000000        0.0821349
      15.0000000        0.0822227
      16.0000000        0.0826504
       1.0000000        0.0030396
       2.0000000        0.0214351
       3.0000000        0.0435838
       4.0000000        0.0590724
       5.0000000        0.0688807
       6.0000000        0.0758045
       7.0000000        0.0807098
       8.0000000        0.0846898
       9.0000000        0.0875451
      10.0000000        0.0883207
      11.0000000        0.0867100
      12.0000000        0.0843484
      13.0000000        0.0819136
      14.0000000        0.0806964
      15.0000000        0.0810490
      16.0000000        0.0816243
       1.0000000        0.0028339
       2.0000000        0.0213269
       3.0000000        0.0447772
       4.0000000        0.0603752
       5.0000000        0.0708958
       6.0000000        0.0794498
       7.0000000        0.0849570
       8.0000000        0.0868007
       9.0000000        0.0859749
      10.0000000        0.0843421
      11.0000000        0.0827445
      12.0000000        0.0811616
      13.0000000        0.0788365
      14.0000000        0.0760368
      15.0000000        0.0738264
      16.0000000        0.0729652
       1.0000000        0.0027173
       2.0000000        0.0199112
       3.0000000        0.0408193
       4.0000000        0.0564685
       5.0000000        0.0686106
       6.0000000        0.0771031
       7.0000000        0.0817739
       8.0000000        0.0833051
       9.0000000        0.0829176
      10.0000000        0.0829705
      11.0000000        0.0832494
      12.0000000        0.0821212
      13.0000000        0.0807406
      14.0000000        0.0799709
      15.0000000        0.0795058
      16.0000000        0.0793337
       1.0000000        0.0027097
       2.0000000        0.0199900
       3.0000000        0.0419413
       4.0000000        0.0600946
       5.0000000        0.0760628
       6.0000000        0.0877654
       7.0000000        0.0932328
       8.0000000        0.0941321
       9.0000000        0.0917533
      10.0000000        0.0886133
      11.0000000        0.0872514
      12.0000000        0.0875915
      13.0000000        0.0886476
      14.0000000        0.0896291
      15.0000000        0.0899873
      16.0000000        0.0899768
       1.0000000        0.0027996
       2.0000000        0.0205334
       3.0000000        0.0428176
       4.0000000        0.0608184
       5.0000000        0.0750230
       6.0000000        0.0844233
       7.0000000        0.0885915
       8.0000000        0.0901290
       9.0000000        0.0907171
      10.0000000        0.0909360
      11.0000000        0.0907550
      12.0000000        0.0907172
      13.0000000        0.0918285
      14.0000000        0.0939136
      15.0000000        0.0955206
      16.0000000        0.0956756
       1.0000000        0.0028064
       2.0000000        0.0210292
       3.0000000        0.0440479
       4.0000000        0.0616404
       5.0000000        0.0758934
       6.0000000        0.0869870
       7.0000000        0.0934277
       8.0000000        0.0949791
       9.0000000        0.0929235
      10.0000000        0.0916719
      11.0000000        0.0922606
      12.0000000        0.0923779
      13.0000000        0.0922925
      14.0000000        0.0927367
      15.0000000        0.0928933
      16.0000000        0.0926846
       1.0000000        0.0027618
       2.0000000        0.0208351
       3.0000000        0.0434258
       4.0000000        0.0600518
       5.0000000        0.0730444
       6.0000000        0.0829003
       7.0000000        0.0891431
       8.0000000        0.0933844
       9.0000000        0.0968273
      10.0000000        0.1005254
      11.0000000        0.1045175
      12.0000000        0.1061920
      13.0000000        0.1040953
      14.0000000        0.1001885
      15.0000000        0.0971033
      16.0000000        0.0961745
       1.0000000        0.0025867
       2.0000000        0.0196353
       3.0000000        0.0428417
       4.0000000        0.0616515
       5.0000000        0.0736239
       6.0000000        0.0804382
       7.0000000        0.0862393
       8.0000000        0.0927750
       9.0000000        0.0987823
      10.0000000        0.1036745
      11.0000000        0.1071253
      12.0000000        0.1082065
      13.0000000        0.1069483
      14.0000000        0.1043059
      15.0000000        0.1010446
      16.0000000        0.0994776
       1.0000000        0.0028119
       2.0000000        0.0215858
       3.0000000        0.0454215
       4.0000000        0.0620096
       5.0000000        0.0714679
       6.0000000        0.0759738
       7.0000000        0.0802273
       8.0000000        0.0868047
       9.0000000        0.0934403
      10.0000000        0.0992193
      11.0000000        0.1038808
      12.0000000        0.1061057
      13.0000000        0.1059725
      14.0000000        0.1047229
      15.0000000        0.1037938
      16.0000000        0.1035323
       1.0000000        0.0029208
       2.0000000        0.0205935
       3.0000000        0.0399661
       4.0000000        0.0523353
       5.0000000        0.0607467
       6.0000000        0.0670208
       7.0000000        0.0726949
       8.0000000        0.0791655
       9.0000000        0.0858561
      10.0000000        0.0907277
      11.0000000        0.0934744
      12.0000000        0.0940240
      13.0000000        0.0941402
      14.0000000        0.0950968
      15.0000000        0.0959161
      16.0000000        0.0960710
       1.0000000        0.0026155
       2.0000000        0.0177862
       3.0000000        0.0335367
       4.0000000        0.0442844
       5.0000000        0.0533667
       6.0000000        0.0622784
       7.0000000        0.0704653
       8.0000000        0.0772167
       9.0000000        0.0834478
      10.0000000        0.0900541
      11.0000000        0.0948031
      12.0000000        0.0967291
      13.0000000        0.0976680
      14.0000000        0.0990200
      15.0000000        0.1003707
      16.0000000        0.1009010
       1.0000000        0.0022699
       2.0000000        0.0161812
       3.0000000        0.0337235
       4.0000000        0.0487715
       5.0000000        0.0626863
       6.0000000        0.0746234
       7.0000000        0.0826249
       8.0000000        0.0880855
       9.0000000        0.0926683
      10.0000000        0.0962825
      11.0000000        0.0990665
      12.0000000        0.1009941
      13.0000000        0.1020868
      14.0000000        0.1028212
      15.0000000        0.1036354
      16.0000000        0.1041602
       1.0000000        0.0025740
       2.0000000        0.0184018
       3.0000000        0.0373317
       4.0000000        0.0520831
       5.0000000        0.0651864
       6.0000000        0.0773629
       7.0000000        0.0867162
       8.0000000        0.0928290
       9.0000000        0.0969523
      10.0000000        0.1003520
      11.0000000        0.1037260
      12.0000000        0.1067341
      13.0000000        0.1086290
      14.0000000        0.1084246
      15.0000000        0.1060731
      16.0000000        0.1045721
       1.0000000        0.0022362
       2.0000000        0.0160861
       3.0000000        0.0330674
       4.0000000        0.0463702
       5.0000000        0.0576862
       6.0000000        0.0674259
       7.0000000        0.0762677
       8.0000000        0.0848268
       9.0000000        0.0929453
      10.0000000        0.1000312
      11.0000000        0.1056800
      12.0000000        0.1097597
      13.0000000        0.1117931
      14.0000000        0.1121852
      15.0000000        0.1124437
      16.0000000        0.1126986
       1.0000000        0.0020621
       2.0000000        0.0155896
       3.0000000        0.0329774
       4.0000000        0.0466523
       5.0000000        0.0580355
       6.0000000        0.0681852
       7.0000000        0.0778034
       8.0000000        0.0883824
       9.0000000        0.0992787
      10.0000000        0.1076558
      11.0000000        0.1123596
      12.0000000        0.1145865
      13.0000000        0.1152857
      14.0000000        0.1150206
      15.0000000        0.1143916
      16.0000000        0.1140725
       1.0000000        0.0021121
       2.0000000        0.0165528
       3.0000000        0.0359198
       4.0000000        0.0511445
       5.0000000        0.0636293
       6.0000000        0.0752043
       7.0000000        0.0850520
       8.0000000        0.0924074
       9.0000000        0.0977456
      10.0000000        0.1016707
      11.0000000        0.1042241
      12.0000000        0.1064890
      13.0000000        0.1081336
      14.0000000        0.1081384
      15.0000000        0.1072794
      16.0000000        0.1068621
       1.0000000        0.0020849
       2.0000000        0.0157680
       3.0000000        0.0342913
       4.0000000        0.0502486
       5.0000000        0.0650248
       6.0000000        0.0787295
       7.0000000        0.0899814
       8.0000000        0.0979185
       9.0000000        0.1031515
      10.0000000        0.1062111
      11.0000000        0.1071784
      12.0000000        0.1068456
      13.0000000        0.1070837
      14.0000000        0.1081363
      15.0000000        0.1089247
      16.0000000        0.1091844
       1.0000000        0.0021836
       2.0000000        0.0168368
       3.0000000        0.0363194
       4.0000000        0.0522561
       5.0000000        0.0669257
       6.0000000        0.0806952
       7.0000000        0.0918581
       8.0000000        0.1010632
       9.0000000        0.1091872
      10.0000000        0.1153799
      11.0000000        0.1191040
      12.0000000        0.1206019
      13.0000000        0.1218681
      14.0000000        0.1251223
      15.0000000        0.1286214
      16.0000000        0.1299097
       1.0000000        0.0025501
       2.0000000        0.0200924
       3.0000000        0.0436883
       4.0000000        0.0624832
       5.0000000        0.0775808
       6.0000000        0.0903938
       7.0000000        0.1009201
       8.0000000        0.1088027
       9.0000000        0.1144938
      10.0000000        0.1190634
      11.0000000        0.1228430
      12.0000000        0.1254011
      13.0000000        0.1264461
      14.0000000        0.1267732
      15.0000000        0.1269243
      16.0000000        0.1270512
       1.0000000        0.0027182
       2.0000000        0.0213275
       3.0000000        0.0461712
       4.0000000        0.0652929
       5.0000000        0.0782135
       6.0000000        0.0868369
       7.0000000        0.0935384
       8.0000000        0.0994301
       9.0000000        0.1046211
      10.0000000        0.1092322
      11.0000000        0.1121520
      12.0000000        0.1132541
      13.0000000        0.1139100
      14.0000000        0.1150724
      15.0000000        0.1163788
      16.0000000        0.1169713
       1.0000000        0.0025410
       2.0000000        0.0196342
       3.0000000        0.0412574
       4.0000000        0.0556253
       5.0000000        0.0643783
       6.0000000        0.0705477
       7.0000000        0.0757314
       8.0000000        0.0810352
       9.0000000        0.0869489
      10.0000000        0.0922769
      11.0000000        0.0951823
      12.0000000        0.0954434
      13.0000000        0.0949839
      14.0000000        0.0956012
      15.0000000        0.0967590
      16.0000000        0.0972337
       1.0000000        0.0025415
       2.0000000        0.0181556
       3.0000000        0.0362397
       4.0000000        0.0478151
       5.0000000        0.0557364
       6.0000000        0.0620351
       7.0000000        0.0669540
       8.0000000        0.0712469
       9.0000000        0.0749232
      10.0000000        0.0774919
      11.0000000        0.0802500
      12.0000000        0.0841630
      13.0000000        0.0875819
      14.0000000        0.0894122
      15.0000000        0.0902163
      16.0000000        0.0904248
       1.0000000        0.0022265
       2.0000000        0.0169600
       3.0000000        0.0349845
       4.0000000        0.0471273
       5.0000000        0.0547932
       6.0000000        0.0600105
       7.0000000        0.0634761
       8.0000000        0.0668449
       9.0000000        0.0707045
      10.0000000        0.0737009
      11.0000000        0.0759471
      12.0000000        0.0786913
      13.0000000        0.0813921
      14.0000000        0.0835073
      15.0000000        0.0848416
      16.0000000        0.0852794
       1.0000000        0.0022420
       2.0000000        0.0167322
       3.0000000        0.0342801
       4.0000000        0.0461738
       5.0000000        0.0547640
       6.0000000        0.0618139
       7.0000000        0.0666666
       8.0000000        0.0699472
       9.0000000        0.0726858
      10.0000000        0.0754538
      11.0000000        0.0793990
      12.0000000        0.0848271
      13.0000000        0.0891203
      14.0000000        0.0903079
      15.0000000        0.0903928
      16.0000000        0.0903844
       1.0000000        0.0021403
       2.0000000        0.0161336
       3.0000000        0.0329434
       4.0000000        0.0433511
       5.0000000        0.0498337
       6.0000000        0.0548892
       7.0000000        0.0589821
       8.0000000        0.0635569
       9.0000000        0.0693142
      10.0000000        0.0747972
      11.0000000        0.0784888
      12.0000000        0.0815194
      13.0000000        0.0843792
      14.0000000        0.0862139
      15.0000000        0.0866599
      16.0000000        0.0868397
       1.0000000        0.0020086
       2.0000000        0.0143716
       3.0000000        0.0276209
       4.0000000        0.0367182
       5.0000000        0.0451466
       6.0000000        0.0523551
       7.0000000        0.0565527
       8.0000000        0.0595875
       9.0000000        0.0634354
      10.0000000        0.0667691
      11.0000000        0.0683831
      12.0000000        0.0698928
      13.0000000        0.0717781
      14.0000000        0.0740751
      15.0000000        0.0764783
      16.0000000        0.0777017
       1.0000000        0.0018264
       2.0000000        0.0127214
       3.0000000        0.0248095
       4.0000000        0.0322507
       5.0000000        0.0382242
       6.0000000        0.0451766
       7.0000000        0.0515368
       8.0000000        0.0559751
       9.0000000        0.0590128
      10.0000000        0.0617751
      11.0000000        0.0650344
      12.0000000        0.0689730
      13.0000000        0.0722098
      14.0000000        0.0735460
      15.0000000        0.0732776
      16.0000000        0.0730277
       1.0000000        0.0017177
       2.0000000        0.0122950
       3.0000000        0.0242395
       4.0000000        0.0324241
       5.0000000        0.0387559
       6.0000000        0.0442216
       7.0000000        0.0480173
       8.0000000        0.0511015
       9.0000000        0.0549094
      10.0000000        0.0592467
      11.0000000        0.0634020
      12.0000000        0.0672599
      13.0000000        0.0702034
      14.0000000        0.0714338
      15.0000000        0.0716830
      16.0000000        0.0717238
       1.0000000        0.0014694
       2.0000000        0.0109187
       3.0000000        0.0225570
       4.0000000        0.0308108
       5.0000000        0.0373333
       6.0000000        0.0426230
       7.0000000        0.0462612
       8.0000000        0.0495564
       9.0000000        0.0538186
      10.0000000        0.0588893
      11.0000000        0.0636371
      12.0000000        0.0671671
      13.0000000        0.0689649
      14.0000000        0.0687833
      15.0000000        0.0672799
      16.0000000        0.0663847
       1.0000000        0.0015957
       2.0000000        0.0104148
       3.0000000        0.0199883
       4.0000000        0.0268367
       5.0000000        0.0327914
       6.0000000        0.0375805
       7.0000000        0.0412646
       8.0000000        0.0460126
       9.0000000        0.0509448
      10.0000000        0.0548293
      11.0000000        0.0585862
      12.0000000        0.0624607
      13.0000000        0.0645909
      14.0000000        0.0649423
      15.0000000        0.0646545
      16.0000000        0.0644398
       1.0000000        0.0013876
       2.0000000        0.0095139
       3.0000000        0.0191909
       4.0000000        0.0268284
       5.0000000        0.0339299
       6.0000000        0.0404659
       7.0000000        0.0453512
       8.0000000        0.0492733
       9.0000000        0.0528765
      10.0000000        0.0561867
      11.0000000        0.0590113
      12.0000000        0.0609634
      13.0000000        0.0617585
      14.0000000        0.0620614
      15.0000000        0.0624166
      16.0000000        0.0626716
       1.0000000        0.0015174
       2.0000000        0.0102275
       3.0000000        0.0196759
       4.0000000        0.0271307
       5.0000000        0.0342253
       6.0000000        0.0403011
       7.0000000        0.0450436
       8.0000000        0.0493447
       9.0000000        0.0533540
      10.0000000        0.0565268
      11.0000000        0.0587745
      12.0000000        0.0601116
      13.0000000        0.0604416
      14.0000000        0.0601825
      15.0000000        0.0596448
      16.0000000        0.0594324
       1.0000000        0.0015205
       2.0000000        0.0106019
       3.0000000        0.0212896
       4.0000000        0.0298141
       5.0000000        0.0373063
       6.0000000        0.0442031
       7.0000000        0.0500717
       8.0000000        0.0542950
       9.0000000        0.0568595
      10.0000000        0.0586939
      11.0000000        0.0603560
      12.0000000        0.0620532
      13.0000000        0.0631830
      14.0000000        0.0631063
      15.0000000        0.0625347
      16.0000000        0.0623820
       1.0000000        0.0015533
       2.0000000        0.0117317
       3.0000000        0.0251891
       4.0000000        0.0363167
       5.0000000        0.0456325
       6.0000000        0.0539100
       7.0000000        0.0608662
       8.0000000        0.0653945
       9.0000000        0.0674060
      10.0000000        0.0680242
      11.0000000        0.0687649
      12.0000000        0.0703839
      13.0000000        0.0718785
      14.0000000        0.0717788
      15.0000000        0.0704594
      16.0000000        0.0696738
       1.0000000        0.0016758
       2.0000000        0.0135567
       3.0000000        0.0298565
       4.0000000        0.0420947
       5.0000000        0.0518920
       6.0000000        0.0609586
       7.0000000        0.0680968
       8.0000000        0.0723945
       9.0000000        0.0739720
      10.0000000        0.0743785
      11.0000000        0.0750014
      12.0000000        0.0761268
      13.0000000        0.0770613
      14.0000000        0.0772251
      15.0000000        0.0765451
      16.0000000        0.0761306
       1.0000000        0.0018185
       2.0000000        0.0136267
       3.0000000        0.0287251
       4.0000000        0.0401431
       5.0000000        0.0487809
       6.0000000        0.0557312
       7.0000000        0.0614846
       8.0000000        0.0661352
       9.0000000        0.0691403
      10.0000000        0.0707150
      11.0000000        0.0716941
      12.0000000        0.0727942
      13.0000000        0.0734711
      14.0000000        0.0728070
      15.0000000        0.0716345
      16.0000000        0.0711654
       1.0000000        0.0018769
       2.0000000        0.0136194
       3.0000000        0.0275575
       4.0000000        0.0369309
       5.0000000        0.0443774
       6.0000000        0.0520212
       7.0000000        0.0586984
       8.0000000        0.0634570
       9.0000000        0.0672915
      10.0000000        0.0709166
      11.0000000        0.0736092
      12.0000000        0.0749800
      13.0000000        0.0754960
      14.0000000        0.0758410
      15.0000000        0.0763054
      16.0000000        0.0765806
       1.0000000        0.0016354
       2.0000000        0.0125338
       3.0000000        0.0266580
       4.0000000        0.0378173
       5.0000000        0.0469041
       6.0000000        0.0546285
       7.0000000        0.0608948
       8.0000000        0.0663688
       9.0000000        0.0714235
      10.0000000        0.0753129
      11.0000000        0.0771579
      12.0000000        0.0785250
      13.0000000        0.0806125
      14.0000000        0.0828789
      15.0000000        0.0841104
      16.0000000        0.0843502
       1.0000000        0.0020202
       2.0000000        0.0147383
       3.0000000        0.0293194
       4.0000000        0.0390706
       5.0000000        0.0469953
       6.0000000        0.0543561
       7.0000000        0.0606432
       8.0000000        0.0660693
       9.0000000        0.0709834
      10.0000000        0.0755664
      11.0000000        0.0796420
      12.0000000        0.0825214
      13.0000000        0.0845895
      14.0000000        0.0865307
      15.0000000        0.0879882
      16.0000000        0.0885665
       1.0000000        0.0019936
       2.0000000        0.0134666
       3.0000000        0.0257523
       4.0000000        0.0351704
       5.0000000        0.0442535
       6.0000000        0.0508247
       7.0000000        0.0547184
       8.0000000        0.0577682
       9.0000000        0.0607083
      10.0000000        0.0639497
      11.0000000        0.0675480
      12.0000000        0.0709095
      13.0000000        0.0734508
      14.0000000        0.0753351
      15.0000000        0.0767267
      16.0000000        0.0773030
       1.0000000        0.0017379
       2.0000000        0.0126308
       3.0000000        0.0268799
       4.0000000        0.0373797
       5.0000000        0.0444645
       6.0000000        0.0500044
       7.0000000        0.0550139
       8.0000000        0.0598971
       9.0000000        0.0643694
      10.0000000        0.0685855
      11.0000000        0.0726488
      12.0000000        0.0764259
      13.0000000        0.0794619
      14.0000000        0.0812613
      15.0000000        0.0822498
      16.0000000        0.0826228
       1.0000000        0.0018084
       2.0000000        0.0141236
       3.0000000        0.0297272
       4.0000000        0.0398934
       5.0000000        0.0465411
       6.0000000        0.0517450
       7.0000000        0.0559397
       8.0000000        0.0602131
       9.0000000        0.0650121
      10.0000000        0.0698451
      11.0000000        0.0741268
      12.0000000        0.0773556
      13.0000000        0.0799016
      14.0000000        0.0830732
      15.0000000        0.0871738
      16.0000000        0.0893190
       1.0000000        0.0018503
       2.0000000        0.0139820
       3.0000000        0.0292091
       4.0000000        0.0401869
       5.0000000        0.0484629
       6.0000000        0.0550302
       7.0000000        0.0596059
       8.0000000        0.0631861
       9.0000000        0.0663597
      10.0000000        0.0689256
      11.0000000        0.0708112
      12.0000000        0.0720306
      13.0000000        0.0723922
      14.0000000        0.0724837
      15.0000000        0.0727652
      16.0000000        0.0728628
       1.0000000        0.0019955
       2.0000000        0.0138669
       3.0000000        0.0283840
       4.0000000        0.0400633
       5.0000000        0.0489005
       6.0000000        0.0558025
       7.0000000        0.0617900
       8.0000000        0.0670686
       9.0000000        0.0704714
      10.0000000        0.0713701
      11.0000000        0.0703851
      12.0000000        0.0691412
      13.0000000        0.0690626
      14.0000000        0.0707327
      15.0000000        0.0727348
      16.0000000        0.0735035
       1.0000000        0.0019342
       2.0000000        0.0139924
       3.0000000        0.0292573
       4.0000000        0.0407712
       5.0000000        0.0494695
       6.0000000        0.0556777
       7.0000000        0.0599321
       8.0000000        0.0635768
       9.0000000        0.0673709
      10.0000000        0.0705275
      11.0000000        0.0720728
      12.0000000        0.0735435
      13.0000000        0.0759937
      14.0000000        0.0786671
      15.0000000        0.0803047
      16.0000000        0.0807680
       1.0000000        0.0017495
       2.0000000        0.0130932
       3.0000000        0.0263009
       4.0000000        0.0352867
       5.0000000        0.0427006
       6.0000000        0.0501486
       7.0000000        0.0564511
       8.0000000        0.0612833
       9.0000000        0.0649747
      10.0000000        0.0681162
      11.0000000        0.0715150
      12.0000000        0.0750543
      13.0000000        0.0782962
      14.0000000        0.0806218
      15.0000000        0.0816286
      16.0000000        0.0817890
       1.0000000        0.0019542
       2.0000000        0.0140364
       3.0000000        0.0279102
       4.0000000        0.0377183
       5.0000000        0.0451028
       6.0000000        0.0514263
       7.0000000        0.0559762
       8.0000000        0.0593793
       9.0000000        0.0629642
      10.0000000        0.0660500
      11.0000000        0.0677785
      12.0000000        0.0695831
      13.0000000        0.0719116
      14.0000000        0.0743028
      15.0000000        0.0761886
      16.0000000        0.0770189
       1.0000000        0.0019997
       2.0000000        0.0132310
       3.0000000        0.0252561
       4.0000000        0.0337963
       5.0000000        0.0409408
       6.0000000        0.0469277
       7.0000000        0.0509927
       8.0000000        0.0546017
       9.0000000        0.0583815
      10.0000000        0.0618595
      11.0000000        0.0650764
      12.0000000        0.0681614
      13.0000000        0.0706013
      14.0000000        0.0720848
      15.0000000        0.0729601
      16.0000000        0.0733688
       1.0000000        0.0017125
       2.0000000        0.0123457
       3.0000000        0.0243171
       4.0000000        0.0323950
       5.0000000        0.0394363
       6.0000000        0.0459886
       7.0000000        0.0512787
       8.0000000        0.0561510
       9.0000000        0.0610127
      10.0000000        0.0648380
      11.0000000        0.0674905
      12.0000000        0.0696036
      13.0000000        0.0713982
      14.0000000        0.0718575
      15.0000000        0.0707081
      16.0000000        0.0698674
       1.0000000        0.0017894
       2.0000000        0.0126202
       3.0000000        0.0244225
       4.0000000        0.0320269
       5.0000000        0.0380928
       6.0000000        0.0438379
       7.0000000        0.0480965
       8.0000000        0.0514434
       9.0000000        0.0544449
      10.0000000        0.0570304
      11.0000000        0.0596617
      12.0000000        0.0625684
      13.0000000        0.0651834
      14.0000000        0.0656158
      15.0000000        0.0638715
      16.0000000        0.0627887
       1.0000000        0.0016274
       2.0000000        0.0110359
       3.0000000        0.0211719
       4.0000000        0.0285227
       5.0000000        0.0350005
       6.0000000        0.0410948
       7.0000000        0.0457152
       8.0000000        0.0490324
       9.0000000        0.0511856
      10.0000000        0.0529563
      11.0000000        0.0553123
      12.0000000        0.0577423
      13.0000000        0.0593770
      14.0000000        0.0605982
      15.0000000        0.0620034
      16.0000000        0.0628877
       1.0000000        0.0014291
       2.0000000        0.0100661
       3.0000000        0.0201692
       4.0000000        0.0285398
       5.0000000        0.0361202
       6.0000000        0.0420289
       7.0000000        0.0454235
       8.0000000        0.0472205
       9.0000000        0.0482889
      10.0000000        0.0490585
      11.0000000        0.0499009
      12.0000000        0.0511306
      13.0000000        0.0522133
      14.0000000        0.0526800
      15.0000000        0.0529422
      16.0000000        0.0530574
       1.0000000        0.0012798
       2.0000000        0.0097608
       3.0000000        0.0213710
       4.0000000        0.0308253
       5.0000000        0.0382212
       6.0000000        0.0436281
       7.0000000        0.0470713
       8.0000000        0.0489504
       9.0000000        0.0500996
      10.0000000        0.0512927
      11.0000000        0.0521846
      12.0000000        0.0525218
      13.0000000        0.0526051
      14.0000000        0.0521019
      15.0000000        0.0510775
      16.0000000        0.0505430
       1.0000000        0.0013461
       2.0000000        0.0102191
       3.0000000        0.0221057
       4.0000000        0.0314426
       5.0000000        0.0389449
       6.0000000        0.0446262
       7.0000000        0.0479010
       8.0000000        0.0497926
       9.0000000        0.0513651
      10.0000000        0.0528024
      11.0000000        0.0529084
      12.0000000        0.0518026
      13.0000000        0.0504165
      14.0000000        0.0492508
      15.0000000        0.0487086
      16.0000000        0.0486178
       1.0000000        0.0013004
       2.0000000        0.0094064
       3.0000000        0.0196003
       4.0000000        0.0286089
       5.0000000        0.0371111
       6.0000000        0.0440556
       7.0000000        0.0485242
       8.0000000        0.0512722
       9.0000000        0.0526131
      10.0000000        0.0522605
      11.0000000        0.0503505
      12.0000000        0.0482806
      13.0000000        0.0471377
      14.0000000        0.0465510
      15.0000000        0.0462500
      16.0000000        0.0461251
       1.0000000        0.0016448
       2.0000000        0.0099306
       3.0000000        0.0196895
       4.0000000        0.0295088
       5.0000000        0.0387241
       6.0000000        0.0454824
       7.0000000        0.0495764
       8.0000000        0.0525442
       9.0000000        0.0547966
      10.0000000        0.0558788
      11.0000000        0.0550541
      12.0000000        0.0533274
      13.0000000        0.0518601
      14.0000000        0.0513419
      15.0000000        0.0515229
      16.0000000        0.0517317
       1.0000000        0.0013274
       2.0000000        0.0097217
       3.0000000        0.0209623
       4.0000000        0.0306818
       5.0000000        0.0395887
       6.0000000        0.0473677
       7.0000000        0.0527127
       8.0000000        0.0558696
       9.0000000        0.0579238
      10.0000000        0.0594237
      11.0000000        0.0599794
      12.0000000        0.0597588
      13.0000000        0.0593487
      14.0000000        0.0583098
      15.0000000        0.0568896
      16.0000000        0.0562312
       1.0000000        0.0012974
       2.0000000        0.0098224
       3.0000000        0.0211093
       4.0000000        0.0307550
       5.0000000        0.0394524
       6.0000000        0.0465872
       7.0000000        0.0518055
       8.0000000        0.0554274
       9.0000000        0.0576182
      10.0000000        0.0586135
      11.0000000        0.0591396
      12.0000000        0.0599079
      13.0000000        0.0601029
      14.0000000        0.0591259
      15.0000000        0.0575177
      16.0000000        0.0567226
       1.0000000        0.0017483
       2.0000000        0.0126113
       3.0000000        0.0256008
       4.0000000        0.0340267
       5.0000000        0.0397020
       6.0000000        0.0448585
       7.0000000        0.0501970
       8.0000000        0.0555212
       9.0000000        0.0598466
      10.0000000        0.0626527
      11.0000000        0.0643961
      12.0000000        0.0653478
      13.0000000        0.0649130
      14.0000000        0.0636069
      15.0000000        0.0627771
      16.0000000        0.0626071
       1.0000000        0.0017999
       2.0000000        0.0132492
       3.0000000        0.0267538
       4.0000000        0.0356502
       5.0000000        0.0418711
       6.0000000        0.0469976
       7.0000000        0.0515386
       8.0000000        0.0562673
       9.0000000        0.0612355
      10.0000000        0.0658986
      11.0000000        0.0689117
      12.0000000        0.0699679
      13.0000000        0.0699761
      14.0000000        0.0699024
      15.0000000        0.0698160
      16.0000000        0.0696555
       1.0000000        0.0020063
       2.0000000        0.0137010
       3.0000000        0.0262170
       4.0000000        0.0342677
       5.0000000        0.0406915
       6.0000000        0.0462688
       7.0000000        0.0511119
       8.0000000        0.0560989
       9.0000000        0.0608058
      10.0000000        0.0648637
      11.0000000        0.0689535
      12.0000000        0.0728554
      13.0000000        0.0751994
      14.0000000        0.0763655
      15.0000000        0.0776698
      16.0000000        0.0785262
       1.0000000        0.0017991
       2.0000000        0.0129555
       3.0000000        0.0256823
       4.0000000        0.0340560
       5.0000000        0.0405589
       6.0000000        0.0467992
       7.0000000        0.0532838
       8.0000000        0.0597870
       9.0000000        0.0647407
      10.0000000        0.0678020
      11.0000000        0.0698253
      12.0000000        0.0710274
      13.0000000        0.0716740
      14.0000000        0.0723938
      15.0000000        0.0730096
      16.0000000        0.0731775
       1.0000000        0.0021547
       2.0000000        0.0148625
       3.0000000        0.0280471
       4.0000000        0.0360218
       5.0000000        0.0436678
       6.0000000        0.0515807
       7.0000000        0.0581297
       8.0000000        0.0635018
       9.0000000        0.0673791
      10.0000000        0.0694288
      11.0000000        0.0698270
      12.0000000        0.0694706
      13.0000000        0.0688277
      14.0000000        0.0680055
      15.0000000        0.0675173
      16.0000000        0.0674636
       1.0000000        0.0020943
       2.0000000        0.0143117
       3.0000000        0.0273835
       4.0000000        0.0367183
       5.0000000        0.0455239
       6.0000000        0.0541899
       7.0000000        0.0619148
       8.0000000        0.0682636
       9.0000000        0.0727035
      10.0000000        0.0740992
      11.0000000        0.0731980
      12.0000000        0.0720140
      13.0000000        0.0708771
      14.0000000        0.0688903
      15.0000000        0.0667172
      16.0000000        0.0657744
       1.0000000        0.0018430
       2.0000000        0.0132804
       3.0000000        0.0266305
       4.0000000        0.0367424
       5.0000000        0.0465406
       6.0000000        0.0559920
       7.0000000        0.0631412
       8.0000000        0.0682773
       9.0000000        0.0717729
      10.0000000        0.0731617
      11.0000000        0.0735326
      12.0000000        0.0734989
      13.0000000        0.0729086
      14.0000000        0.0716545
      15.0000000        0.0700263
      16.0000000        0.0692481
       1.0000000        0.0018647
       2.0000000        0.0128485
       3.0000000        0.0262930
       4.0000000        0.0378228
       5.0000000        0.0477726
       6.0000000        0.0563130
       7.0000000        0.0633481
       8.0000000        0.0692439
       9.0000000        0.0732854
      10.0000000        0.0753321
      11.0000000        0.0759546
      12.0000000        0.0759939
      13.0000000        0.0759753
      14.0000000        0.0762985
      15.0000000        0.0769067
      16.0000000        0.0772918
       1.0000000        0.0018980
       2.0000000        0.0134361
       3.0000000        0.0277135
       4.0000000        0.0390660
       5.0000000        0.0487144
       6.0000000        0.0572797
       7.0000000        0.0643733
       8.0000000        0.0703194
       9.0000000        0.0750377
      10.0000000        0.0786319
      11.0000000        0.0813026
      12.0000000        0.0825524
      13.0000000        0.0820227
      14.0000000        0.0810540
      15.0000000        0.0805922
      16.0000000        0.0804478
       1.0000000        0.0018470
       2.0000000        0.0140486
       3.0000000        0.0301018
       4.0000000        0.0428668
       5.0000000        0.0529756
       6.0000000        0.0607909
       7.0000000        0.0661508
       8.0000000        0.0696508
       9.0000000        0.0725393
      10.0000000        0.0766511
      11.0000000        0.0819156
      12.0000000        0.0862236
      13.0000000        0.0889194
      14.0000000        0.0913320
      15.0000000        0.0939729
      16.0000000        0.0951929
       1.0000000        0.0019528
       2.0000000        0.0143795
       3.0000000        0.0295838
       4.0000000        0.0409901
       5.0000000        0.0500209
       6.0000000        0.0574330
       7.0000000        0.0634499
       8.0000000        0.0689509
       9.0000000        0.0744187
      10.0000000        0.0792240
      11.0000000        0.0831691
      12.0000000        0.0873599
      13.0000000        0.0924938
      14.0000000        0.0979328
      15.0000000        0.1018861
      16.0000000        0.1032093
       1.0000000        0.0019132
       2.0000000        0.0143461
       3.0000000        0.0305089
       4.0000000        0.0429473
       5.0000000        0.0522706
       6.0000000        0.0605653
       7.0000000        0.0678921
       8.0000000        0.0743076
       9.0000000        0.0802573
      10.0000000        0.0855234
      11.0000000        0.0905865
      12.0000000        0.0952347
      13.0000000        0.0980421
      14.0000000        0.0983689
      15.0000000        0.0976076
      16.0000000        0.0972704
       1.0000000        0.0022510
       2.0000000        0.0153515
       3.0000000        0.0298297
       4.0000000        0.0414317
       5.0000000        0.0518701
       6.0000000        0.0609936
       7.0000000        0.0685317
       8.0000000        0.0761314
       9.0000000        0.0831489
      10.0000000        0.0875816
      11.0000000        0.0890594
      12.0000000        0.0889024
      13.0000000        0.0890603
      14.0000000        0.0903786
      15.0000000        0.0918636
      16.0000000        0.0923579
       1.0000000        0.0025695
       2.0000000        0.0161189
       3.0000000        0.0307967
       4.0000000        0.0422988
       5.0000000        0.0523365
       6.0000000        0.0608340
       7.0000000        0.0674992
       8.0000000        0.0731574
       9.0000000        0.0775209
      10.0000000        0.0802170
      11.0000000        0.0817744
      12.0000000        0.0819455
      13.0000000        0.0808593
      14.0000000        0.0786461
      15.0000000        0.0756758
      16.0000000        0.0742512
       1.0000000        0.0027810
       2.0000000        0.0179751
       3.0000000        0.0332708
       4.0000000        0.0444109
       5.0000000        0.0550285
       6.0000000        0.0643071
       7.0000000        0.0719477
       8.0000000        0.0787037
       9.0000000        0.0829893
      10.0000000        0.0842743
      11.0000000        0.0837438
      12.0000000        0.0820474
      13.0000000        0.0794389
      14.0000000        0.0764550
      15.0000000        0.0742163
      16.0000000        0.0735072
       1.0000000        0.0031300
       2.0000000        0.0218286
       3.0000000        0.0425877
       4.0000000        0.0561019
       5.0000000        0.0651386
       6.0000000        0.0726301
       7.0000000        0.0811420
       8.0000000        0.0893940
       9.0000000        0.0934863
      10.0000000        0.0923963
      11.0000000        0.0869508
      12.0000000        0.0803981
      13.0000000        0.0748426
      14.0000000        0.0709477
      15.0000000        0.0688161
      16.0000000        0.0680064
       1.0000000        0.0033305
       2.0000000        0.0251223
       3.0000000        0.0505893
       4.0000000        0.0662932
       5.0000000        0.0771129
       6.0000000        0.0862183
       7.0000000        0.0933159
       8.0000000        0.0962451
       9.0000000        0.0925030
      10.0000000        0.0860150
      11.0000000        0.0808980
      12.0000000        0.0762301
      13.0000000        0.0710467
      14.0000000        0.0677623
      15.0000000        0.0667534
      16.0000000        0.0667426
       1.0000000        0.0034994
       2.0000000        0.0257196
       3.0000000        0.0535367
       4.0000000        0.0742676
       5.0000000        0.0890994
       6.0000000        0.0993126
       7.0000000        0.1056225
       8.0000000        0.1066776
       9.0000000        0.1036646
      10.0000000        0.0981687
      11.0000000        0.0914440
      12.0000000        0.0861476
      13.0000000        0.0825360
      14.0000000        0.0792524
      15.0000000        0.0765819
      16.0000000        0.0757581
       1.0000000        0.0047979
       2.0000000        0.0344456
       3.0000000        0.0675131
       4.0000000        0.0896310
       5.0000000        0.1062616
       6.0000000        0.1175390
       7.0000000        0.1234289
       8.0000000        0.1249121
       9.0000000        0.1234386
      10.0000000        0.1202778
      11.0000000        0.1151739
      12.0000000        0.1089684
      13.0000000        0.1049099
      14.0000000        0.1039082
      15.0000000        0.1038716
      16.0000000        0.1037160
       1.0000000        0.0048205
       2.0000000        0.0334758
       3.0000000        0.0661131
       4.0000000        0.0881938
       5.0000000        0.1031134
       6.0000000        0.1107633
       7.0000000        0.1146235
       8.0000000        0.1184965
       9.0000000        0.1220266
      10.0000000        0.1243752
      11.0000000        0.1237388
      12.0000000        0.1199758
      13.0000000        0.1147547
      14.0000000        0.1103216
      15.0000000        0.1075867
      16.0000000        0.1064077
       1.0000000        0.0047188
       2.0000000        0.0330145
       3.0000000        0.0639844
       4.0000000        0.0847267
       5.0000000        0.0979403
       6.0000000        0.1058424
       7.0000000        0.1117488
       8.0000000        0.1171400
       9.0000000        0.1198220
      10.0000000        0.1194414
      11.0000000        0.1180572
      12.0000000        0.1163799
      13.0000000        0.1146236
      14.0000000        0.1122544
      15.0000000        0.1108214
      16.0000000        0.1107485
       1.0000000        0.0050672
       2.0000000        0.0350474
       3.0000000        0.0672491
       4.0000000        0.0861304
       5.0000000        0.0981218
       6.0000000        0.1064469
       7.0000000        0.1119798
       8.0000000        0.1158948
       9.0000000        0.1192579
      10.0000000        0.1221651
      11.0000000        0.1233745
      12.0000000        0.1236799
      13.0000000        0.1236645
      14.0000000        0.1242953
      15.0000000        0.1240750
      16.0000000        0.1232442
       1.0000000        0.0056703
       2.0000000        0.0381941
       3.0000000        0.0716307
       4.0000000        0.0917583
       5.0000000        0.1055346
       6.0000000        0.1155485
       7.0000000        0.1229160
       8.0000000        0.1284449
       9.0000000        0.1302127
      10.0000000        0.1286122
      11.0000000        0.1269007
      12.0000000        0.1271964
      13.0000000        0.1311518
      14.0000000        0.1385315
      15.0000000        0.1459321
      16.0000000        0.1486415
       1.0000000        0.0062135
       2.0000000        0.0425350
       3.0000000        0.0807606
       4.0000000        0.1062161
       5.0000000        0.1244905
       6.0000000        0.1344784
       7.0000000        0.1387237
       8.0000000        0.1416045
       9.0000000        0.1443242
      10.0000000        0.1480961
      11.0000000        0.1537355
      12.0000000        0.1581510
      13.0000000        0.1600342
      14.0000000        0.1606986
      15.0000000        0.1623428
      16.0000000        0.1637311
       1.0000000        0.0073655
       2.0000000        0.0501275
       3.0000000        0.0968364
       4.0000000        0.1248253
       5.0000000        0.1398739
       6.0000000        0.1491736
       7.0000000        0.1609651
       8.0000000        0.1737918
       9.0000000        0.1811382
      10.0000000        0.1837575
      11.0000000        0.1845623
      12.0000000        0.1844648
      13.0000000        0.1851611
      14.0000000        0.1888523
      15.0000000        0.1942086
      16.0000000        0.1965524
       1.0000000        0.0087766
       2.0000000        0.0567474
       3.0000000        0.1009455
       4.0000000        0.1276256
       5.0000000        0.1482679
       6.0000000        0.1671466
       7.0000000        0.1849200
       8.0000000        0.2000330
       9.0000000        0.2084308
      10.0000000        0.2120411
      11.0000000        0.2144185
      12.0000000        0.2129757
      13.0000000        0.2122031
      14.0000000        0.2149982
      15.0000000        0.2168525
      16.0000000        0.2171256
       1.0000000        0.0093963
       2.0000000        0.0587828
       3.0000000        0.1053013
       4.0000000        0.1315551
       5.0000000        0.1537368
       6.0000000        0.1767369
       7.0000000        0.1966805
       8.0000000        0.2115945
       9.0000000        0.2204802
      10.0000000        0.2248923
      11.0000000        0.2285416
      12.0000000        0.2307226
      13.0000000        0.2321450
      14.0000000        0.2352728
      15.0000000        0.2383583
      16.0000000        0.2392468
       1.0000000        0.0086934
       2.0000000        0.0569743
       3.0000000        0.1059181
       4.0000000        0.1363241
       5.0000000        0.1581469
       6.0000000        0.1734713
       7.0000000        0.1842880
       8.0000000        0.1914150
       9.0000000        0.1971606
      10.0000000        0.2053491
      11.0000000        0.2163098
      12.0000000        0.2303241
      13.0000000        0.2435106
      14.0000000        0.2516889
      15.0000000        0.2569101
      16.0000000        0.2594898
       1.0000000        0.0080429
       2.0000000        0.0543171
       3.0000000        0.1013571
       4.0000000        0.1298310
       5.0000000        0.1473870
       6.0000000        0.1580828
       7.0000000        0.1661302
       8.0000000        0.1751789
       9.0000000        0.1862280
      10.0000000        0.1988972
      11.0000000        0.2124562
      12.0000000        0.2233053
      13.0000000        0.2323435
      14.0000000        0.2432985
      15.0000000        0.2519789
      16.0000000        0.2552037
       1.0000000        0.0069349
       2.0000000        0.0482711
       3.0000000        0.0935263
       4.0000000        0.1215301
       5.0000000        0.1406383
       6.0000000        0.1592731
       7.0000000        0.1770071
       8.0000000        0.1918355
       9.0000000        0.2011616
      10.0000000        0.2059783
      11.0000000        0.2126772
      12.0000000        0.2221800
      13.0000000        0.2300690
      14.0000000        0.2357672
      15.0000000        0.2410160
      16.0000000        0.2430787
       1.0000000        0.0070344
       2.0000000        0.0480825
       3.0000000        0.0890891
       4.0000000        0.1131570
       5.0000000        0.1327731
       6.0000000        0.1521114
       7.0000000        0.1673672
       8.0000000        0.1792190
       9.0000000        0.1905117
      10.0000000        0.2044477
      11.0000000        0.2177954
      12.0000000        0.2285946
      13.0000000        0.2387299
      14.0000000        0.2462084
      15.0000000        0.2490912
      16.0000000        0.2496326
       1.0000000        0.0065776
       2.0000000        0.0446348
       3.0000000        0.0829937
       4.0000000        0.1047797
       5.0000000        0.1190861
       6.0000000        0.1321730
       7.0000000        0.1467163
       8.0000000        0.1616313
       9.0000000        0.1758640
      10.0000000        0.1891249
      11.0000000        0.2013817
      12.0000000        0.2115511
      13.0000000        0.2208188
      14.0000000        0.2306081
      15.0000000        0.2392842
      16.0000000        0.2429717
       1.0000000        0.0056023
       2.0000000        0.0387433
       3.0000000        0.0752271
       4.0000000        0.0994961
       5.0000000        0.1180952
       6.0000000        0.1338665
       7.0000000        0.1452988
       8.0000000        0.1542830
       9.0000000        0.1642149
      10.0000000        0.1741049
      11.0000000        0.1819595
      12.0000000        0.1881664
      13.0000000        0.1943997
      14.0000000        0.2007560
      15.0000000        0.2058435
      16.0000000        0.2077322
       1.0000000        0.0048426
       2.0000000        0.0356322
       3.0000000        0.0727660
       4.0000000        0.0985416
       5.0000000        0.1166202
       6.0000000        0.1305587
       7.0000000        0.1423171
       8.0000000        0.1531554
       9.0000000        0.1637564
      10.0000000        0.1747694
      11.0000000        0.1853677
      12.0000000        0.1937421
      13.0000000        0.1986092
      14.0000000        0.2010564
      15.0000000        0.2020658
      16.0000000        0.2024867
       1.0000000        0.0050714
       2.0000000        0.0371310
       3.0000000        0.0746196
       4.0000000        0.0991793
       5.0000000        0.1156732
       6.0000000        0.1293786
       7.0000000        0.1421493
       8.0000000        0.1544389
       9.0000000        0.1660637
      10.0000000        0.1757278
      11.0000000        0.1830988
      12.0000000        0.1883329
      13.0000000        0.1922452
      14.0000000        0.1966625
      15.0000000        0.2005633
      16.0000000        0.2019928
       1.0000000        0.0048301
       2.0000000        0.0352873
       3.0000000        0.0700383
       4.0000000        0.0928921
       5.0000000        0.1096468
       6.0000000        0.1233423
       7.0000000        0.1357086
       8.0000000        0.1485212
       9.0000000        0.1611682
      10.0000000        0.1708624
      11.0000000        0.1772647
      12.0000000        0.1816412
      13.0000000        0.1847248
      14.0000000        0.1862578
      15.0000000        0.1861479
      16.0000000        0.1860493
       1.0000000        0.0045843
       2.0000000        0.0332100
       3.0000000        0.0671104
       4.0000000        0.0903609
       5.0000000        0.1068176
       6.0000000        0.1200500
       7.0000000        0.1318018
       8.0000000        0.1429715
       9.0000000        0.1526129
      10.0000000        0.1620997
      11.0000000        0.1708751
      12.0000000        0.1768837
      13.0000000        0.1809628
      14.0000000        0.1833867
      15.0000000        0.1843590
      16.0000000        0.1847255
       1.0000000        0.0041838
       2.0000000        0.0303188
       3.0000000        0.0602020
       4.0000000        0.0789148
       5.0000000        0.0931248
       6.0000000        0.1068784
       7.0000000        0.1187101
       8.0000000        0.1275755
       9.0000000        0.1343205
      10.0000000        0.1418767
      11.0000000        0.1511150
      12.0000000        0.1603585
      13.0000000        0.1670015
      14.0000000        0.1706935
      15.0000000        0.1729918
      16.0000000        0.1741254
       1.0000000        0.0038261
       2.0000000        0.0273931
       3.0000000        0.0548873
       4.0000000        0.0752490
       5.0000000        0.0925371
       6.0000000        0.1074831
       7.0000000        0.1193810
       8.0000000        0.1290461
       9.0000000        0.1349593
      10.0000000        0.1388442
      11.0000000        0.1438450
      12.0000000        0.1495512
      13.0000000        0.1551517
      14.0000000        0.1591111
      15.0000000        0.1610571
      16.0000000        0.1617849
       1.0000000        0.0035563
       2.0000000        0.0270147
       3.0000000        0.0563515
       4.0000000        0.0790369
       5.0000000        0.0975333
       6.0000000        0.1124497
       7.0000000        0.1228138
       8.0000000        0.1306140
       9.0000000        0.1384419
      10.0000000        0.1435824
      11.0000000        0.1449593
      12.0000000        0.1461786
      13.0000000        0.1488633
      14.0000000        0.1521182
      15.0000000        0.1545668
      16.0000000        0.1552910
       1.0000000        0.0036355
       2.0000000        0.0265256
       3.0000000        0.0537302
       4.0000000        0.0747998
       5.0000000        0.0932160
       6.0000000        0.1080254
       7.0000000        0.1184379
       8.0000000        0.1264005
       9.0000000        0.1335474
      10.0000000        0.1391400
      11.0000000        0.1434539
      12.0000000        0.1468962
      13.0000000        0.1486023
      14.0000000        0.1488764
      15.0000000        0.1483102
      16.0000000        0.1480603
       1.0000000        0.0035375
       2.0000000        0.0268425
       3.0000000        0.0560364
       4.0000000        0.0763836
       5.0000000        0.0905633
       6.0000000        0.1020030
       7.0000000        0.1121887
       8.0000000        0.1206279
       9.0000000        0.1261717
      10.0000000        0.1287047
      11.0000000        0.1301103
      12.0000000        0.1324501
      13.0000000        0.1365053
      14.0000000        0.1417069
      15.0000000        0.1462363
      16.0000000        0.1482687
       1.0000000        0.0035411
       2.0000000        0.0252873
       3.0000000        0.0505300
       4.0000000        0.0686416
       5.0000000        0.0839711
       6.0000000        0.0962280
       7.0000000        0.1042322
       8.0000000        0.1100875
       9.0000000        0.1132646
      10.0000000        0.1124140
      11.0000000        0.1107811
      12.0000000        0.1117593
      13.0000000        0.1137955
      14.0000000        0.1155790
      15.0000000        0.1174461
      16.0000000        0.1183049
       1.0000000        0.0030878
       2.0000000        0.0232457
       3.0000000        0.0478962
       4.0000000        0.0670176
       5.0000000        0.0836133
       6.0000000        0.0945030
       7.0000000        0.0988134
       8.0000000        0.0996702
       9.0000000        0.0992729
      10.0000000        0.0990386
      11.0000000        0.0980776
      12.0000000        0.0969785
      13.0000000        0.0966339
      14.0000000        0.0946540
      15.0000000        0.0915462
      16.0000000        0.0899281
       1.0000000        0.0031823
       2.0000000        0.0238536
       3.0000000        0.0490290
       4.0000000        0.0668077
       5.0000000        0.0795175
       6.0000000        0.0873610
       7.0000000        0.0911467
       8.0000000        0.0928911
       9.0000000        0.0932334
      10.0000000        0.0913062
      11.0000000        0.0871421
      12.0000000        0.0833092
      13.0000000        0.0811454
      14.0000000        0.0789771
      15.0000000        0.0766621
      16.0000000        0.0755259
       1.0000000        0.0039951
       2.0000000        0.0283503
       3.0000000        0.0544871
       4.0000000        0.0705047
       5.0000000        0.0835992
       6.0000000        0.0938788
       7.0000000        0.1001565
       8.0000000        0.1044720
       9.0000000        0.1041442
      10.0000000        0.1003743
      11.0000000        0.0970859
      12.0000000        0.0935626
      13.0000000        0.0876374
      14.0000000        0.0809242
      15.0000000        0.0761140
      16.0000000        0.0745165
       1.0000000        0.0036733
       2.0000000        0.0261294
       3.0000000        0.0506510
       4.0000000        0.0661943
       5.0000000        0.0781222
       6.0000000        0.0868997
       7.0000000        0.0918535
       8.0000000        0.0930017
       9.0000000        0.0913548
      10.0000000        0.0903516
      11.0000000        0.0904274
      12.0000000        0.0893904
      13.0000000        0.0881020
      14.0000000        0.0876431
      15.0000000        0.0865862
      16.0000000        0.0855199
       1.0000000        0.0043411
       2.0000000        0.0310729
       3.0000000        0.0607948
       4.0000000        0.0779760
       5.0000000        0.0858496
       6.0000000        0.0886041
       7.0000000        0.0907123
       8.0000000        0.0936130
       9.0000000        0.0960118
      10.0000000        0.0980519
      11.0000000        0.1003288
      12.0000000        0.1029559
      13.0000000        0.1046208
      14.0000000        0.1062060
      15.0000000        0.1094329
      16.0000000        0.1113525
       1.0000000        0.0047142
       2.0000000        0.0353521
       3.0000000        0.0688965
       4.0000000        0.0837720
       5.0000000        0.0889462
       6.0000000        0.0922811
       7.0000000        0.0948149
       8.0000000        0.0982230
       9.0000000        0.1044308
      10.0000000        0.1109372
      11.0000000        0.1159109
      12.0000000        0.1211358
      13.0000000        0.1259671
      14.0000000        0.1290882
      15.0000000        0.1298005
      16.0000000        0.1289274
       1.0000000        0.0053207
       2.0000000        0.0380274
       3.0000000        0.0730812
       4.0000000        0.0901694
       5.0000000        0.0967828
       6.0000000        0.1003745
       7.0000000        0.1031256
       8.0000000        0.1061494
       9.0000000        0.1106307
      10.0000000        0.1177399
      11.0000000        0.1263556
      12.0000000        0.1341519
      13.0000000        0.1379632
      14.0000000        0.1378799
      15.0000000        0.1363085
      16.0000000        0.1353116
       1.0000000        0.0054875
       2.0000000        0.0373973
       3.0000000        0.0690938
       4.0000000        0.0865881
       5.0000000        0.0973920
       6.0000000        0.1036566
       7.0000000        0.1083582
       8.0000000        0.1140411
       9.0000000        0.1199780
      10.0000000        0.1251859
      11.0000000        0.1290106
      12.0000000        0.1337734
      13.0000000        0.1398691
      14.0000000        0.1444595
      15.0000000        0.1466855
      16.0000000        0.1473428
       1.0000000        0.0048814
       2.0000000        0.0319696
       3.0000000        0.0591531
       4.0000000        0.0781089
       5.0000000        0.0923042
       6.0000000        0.1019426
       7.0000000        0.1094530
       8.0000000        0.1172177
       9.0000000        0.1236296
      10.0000000        0.1261171
      11.0000000        0.1273799
      12.0000000        0.1307186
      13.0000000        0.1350721
      14.0000000        0.1403714
      15.0000000        0.1460356
      16.0000000        0.1484708
       1.0000000        0.0046684
       2.0000000        0.0309162
       3.0000000        0.0582600
       4.0000000        0.0758442
       5.0000000        0.0885297
       6.0000000        0.0981733
       7.0000000        0.1067355
       8.0000000        0.1157717
       9.0000000        0.1225317
      10.0000000        0.1263588
      11.0000000        0.1302063
      12.0000000        0.1337174
      13.0000000        0.1343531
      14.0000000        0.1327543
      15.0000000        0.1304969
      16.0000000        0.1293111
       1.0000000        0.0044120
       2.0000000        0.0309083
       3.0000000        0.0582174
       4.0000000        0.0745237
       5.0000000        0.0863853
       6.0000000        0.0981960
       7.0000000        0.1097087
       8.0000000        0.1175362
       9.0000000        0.1201998
      10.0000000        0.1204766
      11.0000000        0.1212213
      12.0000000        0.1220959
      13.0000000        0.1227273
      14.0000000        0.1231965
      15.0000000        0.1228137
      16.0000000        0.1223959
       1.0000000        0.0044609
       2.0000000        0.0320089
       3.0000000        0.0626800
       4.0000000        0.0811840
       5.0000000        0.0949039
       6.0000000        0.1075249
       7.0000000        0.1173339
       8.0000000        0.1239249
       9.0000000        0.1264241
      10.0000000        0.1256738
      11.0000000        0.1239392
      12.0000000        0.1227054
      13.0000000        0.1208478
      14.0000000        0.1175756
      15.0000000        0.1143965
      16.0000000        0.1131392
       1.0000000        0.0047929
       2.0000000        0.0349613
       3.0000000        0.0685168
       4.0000000        0.0879342
       5.0000000        0.1016947
       6.0000000        0.1142995
       7.0000000        0.1241101
       8.0000000        0.1296192
       9.0000000        0.1306837
      10.0000000        0.1276776
      11.0000000        0.1216767
      12.0000000        0.1150768
      13.0000000        0.1109762
      14.0000000        0.1095016
      15.0000000        0.1095035
      16.0000000        0.1095110
       1.0000000        0.0050299
       2.0000000        0.0374572
       3.0000000        0.0760629
       4.0000000        0.0995944
       5.0000000        0.1142286
       6.0000000        0.1245922
       7.0000000        0.1306612
       8.0000000        0.1317487
       9.0000000        0.1291943
      10.0000000        0.1266653
      11.0000000        0.1243024
      12.0000000        0.1209811
      13.0000000        0.1183355
      14.0000000        0.1155388
      15.0000000        0.1117874
      16.0000000        0.1098254
       1.0000000        0.0048909
       2.0000000        0.0357229
       3.0000000        0.0711900
       4.0000000        0.0950251
       5.0000000        0.1114826
       6.0000000        0.1219131
       7.0000000        0.1271817
       8.0000000        0.1294800
       9.0000000        0.1282471
      10.0000000        0.1235010
      11.0000000        0.1183383
      12.0000000        0.1143840
      13.0000000        0.1102043
      14.0000000        0.1049469
      15.0000000        0.0998490
      16.0000000        0.0978005
       1.0000000        0.0045060
       2.0000000        0.0330786
       3.0000000        0.0664816
       4.0000000        0.0877880
       5.0000000        0.1018429
       6.0000000        0.1125082
       7.0000000        0.1207173
       8.0000000        0.1262377
       9.0000000        0.1287017
      10.0000000        0.1260974
      11.0000000        0.1200057
      12.0000000        0.1134096
      13.0000000        0.1068816
      14.0000000        0.1011943
      15.0000000        0.0973928
      16.0000000        0.0960170
       1.0000000        0.0040424
       2.0000000        0.0290992
       3.0000000        0.0584078
       4.0000000        0.0775713
       5.0000000        0.0903847
       6.0000000        0.1011774
       7.0000000        0.1107465
       8.0000000        0.1187820
       9.0000000        0.1237009
      10.0000000        0.1232570
      11.0000000        0.1173766
      12.0000000        0.1080004
      13.0000000        0.0988783
      14.0000000        0.0918238
      15.0000000        0.0874129
      16.0000000        0.0858962
       1.0000000        0.0036071
       2.0000000        0.0263361
       3.0000000        0.0536055
       4.0000000        0.0740491
       5.0000000        0.0900380
       6.0000000        0.1027842
       7.0000000        0.1129016
       8.0000000        0.1202440
       9.0000000        0.1243060
      10.0000000        0.1246588
      11.0000000        0.1215123
      12.0000000        0.1150498
      13.0000000        0.1071144
      14.0000000        0.1008488
      15.0000000        0.0966620
      16.0000000        0.0946292
       1.0000000        0.0038786
       2.0000000        0.0277371
       3.0000000        0.0561888
       4.0000000        0.0767019
       5.0000000        0.0912745
       6.0000000        0.1028566
       7.0000000        0.1131312
       8.0000000        0.1216847
       9.0000000        0.1276115
      10.0000000        0.1296539
      11.0000000        0.1283763
      12.0000000        0.1264828
      13.0000000        0.1247706
      14.0000000        0.1223220
      15.0000000        0.1192676
      16.0000000        0.1179584
       1.0000000        0.0036440
       2.0000000        0.0252822
       3.0000000        0.0499342
       4.0000000        0.0680894
       5.0000000        0.0846723
       6.0000000        0.0996083
       7.0000000        0.1103680
       8.0000000        0.1178382
       9.0000000        0.1230918
      10.0000000        0.1260327
      11.0000000        0.1265016
      12.0000000        0.1251869
      13.0000000        0.1234473
      14.0000000        0.1225088
      15.0000000        0.1225502
      16.0000000        0.1226877
       1.0000000        0.0035169
       2.0000000        0.0243077
       3.0000000        0.0483429
       4.0000000        0.0661221
       5.0000000        0.0808747
       6.0000000        0.0919385
       7.0000000        0.0991348
       8.0000000        0.1059445
       9.0000000        0.1122512
      10.0000000        0.1171311
      11.0000000        0.1203574
      12.0000000        0.1218543
      13.0000000        0.1218080
      14.0000000        0.1200691
      15.0000000        0.1172606
      16.0000000        0.1157559
       1.0000000        0.0040435
       2.0000000        0.0268769
       3.0000000        0.0499298
       4.0000000        0.0659912
       5.0000000        0.0792781
       6.0000000        0.0876658
       7.0000000        0.0922808
       8.0000000        0.0971139
       9.0000000        0.1025378
      10.0000000        0.1070343
      11.0000000        0.1096378
      12.0000000        0.1108463
      13.0000000        0.1103146
      14.0000000        0.1085249
      15.0000000        0.1062666
      16.0000000        0.1051919
       1.0000000        0.0042844
       2.0000000        0.0278595
       3.0000000        0.0511844
       4.0000000        0.0669752
       5.0000000        0.0813664
       6.0000000        0.0910998
       7.0000000        0.0958231
       8.0000000        0.1000740
       9.0000000        0.1028532
      10.0000000        0.1041764
      11.0000000        0.1057533
      12.0000000        0.1066833
      13.0000000        0.1077924
      14.0000000        0.1101879
      15.0000000        0.1124501
      16.0000000        0.1131382
       1.0000000        0.0044628
       2.0000000        0.0301304
       3.0000000        0.0549490
       4.0000000        0.0692899
       5.0000000        0.0802781
       6.0000000        0.0886043
       7.0000000        0.0935668
       8.0000000        0.0975725
       9.0000000        0.1021114
      10.0000000        0.1076444
      11.0000000        0.1125496
      12.0000000        0.1122245
      13.0000000        0.1078465
      14.0000000        0.1041668
      15.0000000        0.1030216
      16.0000000        0.1027981
       1.0000000        0.0043875
       2.0000000        0.0303927
       3.0000000        0.0587404
       4.0000000        0.0766508
       5.0000000        0.0881228
       6.0000000        0.0962946
       7.0000000        0.1034953
       8.0000000        0.1076961
       9.0000000        0.1074578
      10.0000000        0.1055774
      11.0000000        0.1038908
      12.0000000        0.1009088
      13.0000000        0.0983204
      14.0000000        0.0991259
      15.0000000        0.1020916
      16.0000000        0.1035642
       1.0000000        0.0045418
       2.0000000        0.0334745
       3.0000000        0.0666482
       4.0000000        0.0892311
       5.0000000        0.1050543
       6.0000000        0.1136285
       7.0000000        0.1159784
       8.0000000        0.1150333
       9.0000000        0.1121467
      10.0000000        0.1101685
      11.0000000        0.1098222
      12.0000000        0.1088255
      13.0000000        0.1085813
      14.0000000        0.1106759
      15.0000000        0.1145038
      16.0000000        0.1164225
       1.0000000        0.0044956
       2.0000000        0.0340541
       3.0000000        0.0683935
       4.0000000        0.0885286
       5.0000000        0.1000203
       6.0000000        0.1062647
       7.0000000        0.1076782
       8.0000000        0.1061233
       9.0000000        0.1029105
      10.0000000        0.1000205
      11.0000000        0.0992329
      12.0000000        0.0991752
      13.0000000        0.1002048
      14.0000000        0.1043048
      15.0000000        0.1097483
      16.0000000        0.1123566
       1.0000000        0.0047016
       2.0000000        0.0349757
       3.0000000        0.0701129
       4.0000000        0.0895545
       5.0000000        0.0981859
       6.0000000        0.1001158
       7.0000000        0.1004425
       8.0000000        0.1014538
       9.0000000        0.1014778
      10.0000000        0.1005406
      11.0000000        0.0999469
      12.0000000        0.1009154
      13.0000000        0.1022774
      14.0000000        0.1029749
      15.0000000        0.1024560
      16.0000000        0.1018274
       1.0000000        0.0044464
       2.0000000        0.0331086
       3.0000000        0.0651884
       4.0000000        0.0817664
       5.0000000        0.0889976
       6.0000000        0.0931506
       7.0000000        0.0960047
       8.0000000        0.0990341
       9.0000000        0.1011983
      10.0000000        0.1019214
      11.0000000        0.1015036
      12.0000000        0.0993205
      13.0000000        0.0960398
      14.0000000        0.0925397
      15.0000000        0.0905957
      16.0000000        0.0900681
       1.0000000        0.0039135
       2.0000000        0.0284089
       3.0000000        0.0555545
       4.0000000        0.0705463
       5.0000000        0.0798957
       6.0000000        0.0879461
       7.0000000        0.0944578
       8.0000000        0.0989211
       9.0000000        0.0997141
      10.0000000        0.0967695
      11.0000000        0.0918075
      12.0000000        0.0863534
      13.0000000        0.0811014
      14.0000000        0.0775689
      15.0000000        0.0761864
      16.0000000        0.0756932
       1.0000000        0.0034763
       2.0000000        0.0261606
       3.0000000        0.0535487
       4.0000000        0.0708936
       5.0000000        0.0812322
       6.0000000        0.0874601
       7.0000000        0.0903338
       8.0000000        0.0909292
       9.0000000        0.0895888
      10.0000000        0.0857964
      11.0000000        0.0802023
      12.0000000        0.0744599
      13.0000000        0.0702668
      14.0000000        0.0672808
      15.0000000        0.0643880
      16.0000000        0.0629863
       1.0000000        0.0030368
       2.0000000        0.0237497
       3.0000000        0.0510241
       4.0000000        0.0687551
       5.0000000        0.0769470
       6.0000000        0.0797242
       7.0000000        0.0803800
       8.0000000        0.0799564
       9.0000000        0.0767478
      10.0000000        0.0710205
      11.0000000        0.0654646
      12.0000000        0.0613775
      13.0000000        0.0581734
      14.0000000        0.0551952
      15.0000000        0.0527737
      16.0000000        0.0519261
       1.0000000        0.0026443
       2.0000000        0.0209151
       3.0000000        0.0442102
       4.0000000        0.0587912
       5.0000000        0.0674922
       6.0000000        0.0717539
       7.0000000        0.0710774
       8.0000000        0.0687671
       9.0000000        0.0668752
      10.0000000        0.0649035
      11.0000000        0.0623366
      12.0000000        0.0592622
      13.0000000        0.0564278
      14.0000000        0.0542215
      15.0000000        0.0529720
      16.0000000        0.0526175
       1.0000000        0.0021468
       2.0000000        0.0170846
       3.0000000        0.0371746
       4.0000000        0.0527592
       5.0000000        0.0638190
       6.0000000        0.0693868
       7.0000000        0.0703547
       8.0000000        0.0691517
       9.0000000        0.0664352
      10.0000000        0.0632922
      11.0000000        0.0610065
      12.0000000        0.0592256
      13.0000000        0.0571166
      14.0000000        0.0544806
      15.0000000        0.0520566
      16.0000000        0.0511303
       1.0000000        0.0022881
       2.0000000        0.0175641
       3.0000000        0.0370208
       4.0000000        0.0516401
       5.0000000        0.0629633
       6.0000000        0.0706947
       7.0000000        0.0749991
       8.0000000        0.0764948
       9.0000000        0.0751521
      10.0000000        0.0727247
      11.0000000        0.0706427
      12.0000000        0.0693338
      13.0000000        0.0684053
      14.0000000        0.0671066
      15.0000000        0.0658872
      16.0000000        0.0654630
       1.0000000        0.0020583
       2.0000000        0.0160541
       3.0000000        0.0336251
       4.0000000        0.0455875
       5.0000000        0.0552441
       6.0000000        0.0640414
       7.0000000        0.0701934
       8.0000000        0.0732889
       9.0000000        0.0738902
      10.0000000        0.0726884
      11.0000000        0.0707436
      12.0000000        0.0698676
      13.0000000        0.0703150
      14.0000000        0.0707610
      15.0000000        0.0707712
      16.0000000        0.0706467
       1.0000000        0.0021509
       2.0000000        0.0163460
       3.0000000        0.0333416
       4.0000000        0.0454120
       5.0000000        0.0555096
       6.0000000        0.0638492
       7.0000000        0.0694509
       8.0000000        0.0731281
       9.0000000        0.0753464
      10.0000000        0.0758503
      11.0000000        0.0745687
      12.0000000        0.0721209
      13.0000000        0.0703665
      14.0000000        0.0699781
      15.0000000        0.0696751
      16.0000000        0.0694483
       1.0000000        0.0022331
       2.0000000        0.0166760
       3.0000000        0.0346966
       4.0000000        0.0471003
       5.0000000        0.0561641
       6.0000000        0.0628019
       7.0000000        0.0677916
       8.0000000        0.0728568
       9.0000000        0.0772475
      10.0000000        0.0792946
      11.0000000        0.0791935
      12.0000000        0.0780215
      13.0000000        0.0756855
      14.0000000        0.0729551
      15.0000000        0.0710802
      16.0000000        0.0703771
       1.0000000        0.0021336
       2.0000000        0.0169166
       3.0000000        0.0364062
       4.0000000        0.0507033
       5.0000000        0.0610973
       6.0000000        0.0694167
       7.0000000        0.0764080
       8.0000000        0.0818585
       9.0000000        0.0851250
      10.0000000        0.0861665
      11.0000000        0.0858452
      12.0000000        0.0853639
      13.0000000        0.0842052
      14.0000000        0.0813637
      15.0000000        0.0779124
      16.0000000        0.0762815
       1.0000000        0.0019819
       2.0000000        0.0159144
       3.0000000        0.0347285
       4.0000000        0.0486998
       5.0000000        0.0582623
       6.0000000        0.0655956
       7.0000000        0.0718259
       8.0000000        0.0779977
       9.0000000        0.0838460
      10.0000000        0.0879296
      11.0000000        0.0893275
      12.0000000        0.0887842
      13.0000000        0.0871721
      14.0000000        0.0850488
      15.0000000        0.0831045
      16.0000000        0.0822456
       1.0000000        0.0018675
       2.0000000        0.0143030
       3.0000000        0.0305920
       4.0000000        0.0429460
       5.0000000        0.0518444
       6.0000000        0.0593102
       7.0000000        0.0656927
       8.0000000        0.0711944
       9.0000000        0.0757197
      10.0000000        0.0784511
      11.0000000        0.0798720
      12.0000000        0.0811530
      13.0000000        0.0822473
      14.0000000        0.0819000
      15.0000000        0.0805224
      16.0000000        0.0797352
       1.0000000        0.0014343
       2.0000000        0.0111006
       3.0000000        0.0243056
       4.0000000        0.0356917
       5.0000000        0.0453017
       6.0000000        0.0539151
       7.0000000        0.0610157
       8.0000000        0.0667034
       9.0000000        0.0709294
      10.0000000        0.0737451
      11.0000000        0.0760186
      12.0000000        0.0781192
      13.0000000        0.0794811
      14.0000000        0.0793555
      15.0000000        0.0781596
      16.0000000        0.0774175
       1.0000000        0.0015394
       2.0000000        0.0114277
       3.0000000        0.0245166
       4.0000000        0.0352993
       5.0000000        0.0438866
       6.0000000        0.0512279
       7.0000000        0.0583062
       8.0000000        0.0651144
       9.0000000        0.0708463
      10.0000000        0.0753742
      11.0000000        0.0782289
      12.0000000        0.0791030
      13.0000000        0.0786063
      14.0000000        0.0776420
      15.0000000        0.0770824
      16.0000000        0.0768603
       1.0000000        0.0014155
       2.0000000        0.0107380
       3.0000000        0.0232550
       4.0000000        0.0340074
       5.0000000        0.0436632
       6.0000000        0.0524455
       7.0000000        0.0599976
       8.0000000        0.0666135
       9.0000000        0.0724977
      10.0000000        0.0774892
      11.0000000        0.0811232
      12.0000000        0.0831020
      13.0000000        0.0836066
      14.0000000        0.0837533
      15.0000000        0.0839101
      16.0000000        0.0839534
       1.0000000        0.0015094
       2.0000000        0.0121218
       3.0000000        0.0264645
       4.0000000        0.0369959
       5.0000000        0.0450341
       6.0000000        0.0530333
       7.0000000        0.0611727
       8.0000000        0.0692223
       9.0000000        0.0764800
      10.0000000        0.0823911
      11.0000000        0.0868306
      12.0000000        0.0892931
      13.0000000        0.0895234
      14.0000000        0.0883995
      15.0000000        0.0871591
      16.0000000        0.0866581
       1.0000000        0.0017806
       2.0000000        0.0130465
       3.0000000        0.0258683
       4.0000000        0.0344345
       5.0000000        0.0419349
       6.0000000        0.0504391
       7.0000000        0.0592844
       8.0000000        0.0672962
       9.0000000        0.0740159
      10.0000000        0.0802189
      11.0000000        0.0860731
      12.0000000        0.0906807
      13.0000000        0.0937868
      14.0000000        0.0961428
      15.0000000        0.0978004
      16.0000000        0.0983573
       1.0000000        0.0018606
       2.0000000        0.0127837
       3.0000000        0.0253120
       4.0000000        0.0352868
       5.0000000        0.0440810
       6.0000000        0.0525865
       7.0000000        0.0605775
       8.0000000        0.0685223
       9.0000000        0.0767573
      10.0000000        0.0845776
      11.0000000        0.0918519
      12.0000000        0.0984498
      13.0000000        0.1035551
      14.0000000        0.1066400
      15.0000000        0.1084067
      16.0000000        0.1091235
       1.0000000        0.0017419
       2.0000000        0.0125909
       3.0000000        0.0254407
       4.0000000        0.0353073
       5.0000000        0.0444401
       6.0000000        0.0531235
       7.0000000        0.0610232
       8.0000000        0.0684478
       9.0000000        0.0754647
      10.0000000        0.0828237
      11.0000000        0.0914572
      12.0000000        0.1009777
      13.0000000        0.1093378
      14.0000000        0.1148072
      15.0000000        0.1173992
      16.0000000        0.1181200
       1.0000000        0.0016602
       2.0000000        0.0129210
       3.0000000        0.0282441
       4.0000000        0.0401131
       5.0000000        0.0487171
       6.0000000        0.0562039
       7.0000000        0.0638623
       8.0000000        0.0721228
       9.0000000        0.0805551
      10.0000000        0.0890470
      11.0000000        0.0977766
      12.0000000        0.1056522
      13.0000000        0.1118504
      14.0000000        0.1173763
      15.0000000        0.1221149
      16.0000000        0.1240844
       1.0000000        0.0017660
       2.0000000        0.0132897
       3.0000000        0.0286463
       4.0000000        0.0418813
       5.0000000        0.0526343
       6.0000000        0.0614941
       7.0000000        0.0699557
       8.0000000        0.0788983
       9.0000000        0.0879558
      10.0000000        0.0972263
      11.0000000        0.1066995
      12.0000000        0.1143824
      13.0000000        0.1189116
      14.0000000        0.1214180
      15.0000000        0.1234649
      16.0000000        0.1245191
       1.0000000        0.0016995
       2.0000000        0.0125875
       3.0000000        0.0277606
       4.0000000        0.0416865
       5.0000000        0.0526312
       6.0000000        0.0608857
       7.0000000        0.0680994
       8.0000000        0.0761321
       9.0000000        0.0851526
      10.0000000        0.0944353
      11.0000000        0.1028897
      12.0000000        0.1105242
      13.0000000        0.1184250
      14.0000000        0.1258916
      15.0000000        0.1308035
      16.0000000        0.1323365
       1.0000000        0.0018459
       2.0000000        0.0131474
       3.0000000        0.0273055
       4.0000000        0.0389939
       5.0000000        0.0488666
       6.0000000        0.0581067
       7.0000000        0.0669852
       8.0000000        0.0753514
       9.0000000        0.0831737
      10.0000000        0.0899976
      11.0000000        0.0959444
      12.0000000        0.1017989
      13.0000000        0.1079047
      14.0000000        0.1136308
      15.0000000        0.1178076
      16.0000000        0.1194681
       1.0000000        0.0017274
       2.0000000        0.0121151
       3.0000000        0.0247306
       4.0000000        0.0355365
       5.0000000        0.0451859
       6.0000000        0.0542517
       7.0000000        0.0627467
       8.0000000        0.0706408
       9.0000000        0.0774549
      10.0000000        0.0821886
      11.0000000        0.0856006
      12.0000000        0.0890777
      13.0000000        0.0936658
      14.0000000        0.0983980
      15.0000000        0.1016009
      16.0000000        0.1026243
       1.0000000        0.0016237
       2.0000000        0.0114296
       3.0000000        0.0238075
       4.0000000        0.0341656
       5.0000000        0.0421356
       6.0000000        0.0486222
       7.0000000        0.0545986
       8.0000000        0.0606058
       9.0000000        0.0664512
      10.0000000        0.0713560
      11.0000000        0.0748947
      12.0000000        0.0774892
      13.0000000        0.0790682
      14.0000000        0.0800914
      15.0000000        0.0804717
      16.0000000        0.0803945
       1.0000000        0.0015828
       2.0000000        0.0111837
       3.0000000        0.0233535
       4.0000000        0.0332238
       5.0000000        0.0410933
       6.0000000        0.0478141
       7.0000000        0.0528092
       8.0000000        0.0567833
       9.0000000        0.0604572
      10.0000000        0.0638263
      11.0000000        0.0661120
      12.0000000        0.0672136
      13.0000000        0.0673899
      14.0000000        0.0668072
      15.0000000        0.0660511
      16.0000000        0.0658501
       1.0000000        0.0015670
       2.0000000        0.0113709
       3.0000000        0.0239476
       4.0000000        0.0340276
       5.0000000        0.0414710
       6.0000000        0.0475451
       7.0000000        0.0526451
       8.0000000        0.0568937
       9.0000000        0.0605525
      10.0000000        0.0631634
      11.0000000        0.0645014
      12.0000000        0.0646985
      13.0000000        0.0645605
      14.0000000        0.0648963
      15.0000000        0.0656099
      16.0000000        0.0659339
       1.0000000        0.0019161
       2.0000000        0.0135677
       3.0000000        0.0274881
       4.0000000        0.0379056
       5.0000000        0.0458573
       6.0000000        0.0525392
       7.0000000        0.0582467
       8.0000000        0.0627833
       9.0000000        0.0658782
      10.0000000        0.0673669
      11.0000000        0.0683220
      12.0000000        0.0692510
      13.0000000        0.0697815
      14.0000000        0.0702454
      15.0000000        0.0707372
      16.0000000        0.0710529
       1.0000000        0.0017259
       2.0000000        0.0124328
       3.0000000        0.0256429
       4.0000000        0.0354120
       5.0000000        0.0424987
       6.0000000        0.0478241
       7.0000000        0.0519949
       8.0000000        0.0557366
       9.0000000        0.0591176
      10.0000000        0.0622170
      11.0000000        0.0645347
      12.0000000        0.0660447
      13.0000000        0.0672815
      14.0000000        0.0681087
      15.0000000        0.0688115
      16.0000000        0.0692046
       1.0000000        0.0015839
       2.0000000        0.0111906
       3.0000000        0.0228888
       4.0000000        0.0317471
       5.0000000        0.0384195
       6.0000000        0.0433619
       7.0000000        0.0467300
       8.0000000        0.0500429
       9.0000000        0.0541827
      10.0000000        0.0578301
      11.0000000        0.0597349
      12.0000000        0.0609975
      13.0000000        0.0626389
      14.0000000        0.0642742
      15.0000000        0.0650037
      16.0000000        0.0651090
       1.0000000        0.0013110
       2.0000000        0.0098651
       3.0000000        0.0208113
       4.0000000        0.0293523
       5.0000000        0.0362671
       6.0000000        0.0421164
       7.0000000        0.0465414
       8.0000000        0.0501553
       9.0000000        0.0536312
      10.0000000        0.0566393
      11.0000000        0.0590418
      12.0000000        0.0609916
      13.0000000        0.0627070
      14.0000000        0.0635362
      15.0000000        0.0629208
      16.0000000        0.0623570
       1.0000000        0.0013071
       2.0000000        0.0105601
       3.0000000        0.0236697
       4.0000000        0.0338925
       5.0000000        0.0411891
       6.0000000        0.0467076
       7.0000000        0.0505373
       8.0000000        0.0536367
       9.0000000        0.0568569
      10.0000000        0.0591223
      11.0000000        0.0600157
      12.0000000        0.0611081
      13.0000000        0.0627229
      14.0000000        0.0643160
      15.0000000        0.0652108
      16.0000000        0.0654152
       1.0000000        0.0014077
       2.0000000        0.0109595
       3.0000000        0.0238927
       4.0000000        0.0336903
       5.0000000        0.0404233
       6.0000000        0.0455415
       7.0000000        0.0495597
       8.0000000        0.0525480
       9.0000000        0.0551533
      10.0000000        0.0577190
      11.0000000        0.0602066
      12.0000000        0.0622935
      13.0000000        0.0640394
      14.0000000        0.0654900
      15.0000000        0.0668478
      16.0000000        0.0674980
       1.0000000        0.0015209
       2.0000000        0.0112697
       3.0000000        0.0234797
       4.0000000        0.0329394
       5.0000000        0.0400371
       6.0000000        0.0453341
       7.0000000        0.0493154
       8.0000000        0.0528801
       9.0000000        0.0561039
      10.0000000        0.0586356
      11.0000000        0.0611238
      12.0000000        0.0640153
      13.0000000        0.0660921
      14.0000000        0.0665404
      15.0000000        0.0659619
      16.0000000        0.0656231
       1.0000000        0.0015619
       2.0000000        0.0112516
       3.0000000        0.0227553
       4.0000000        0.0315655
       5.0000000        0.0391647
       6.0000000        0.0456448
       7.0000000        0.0504853
       8.0000000        0.0539032
       9.0000000        0.0566044
      10.0000000        0.0591641
      11.0000000        0.0613360
      12.0000000        0.0633584
      13.0000000        0.0652210
      14.0000000        0.0659987
      15.0000000        0.0653946
      16.0000000        0.0648490
       1.0000000        0.0018213
       2.0000000        0.0134432
       3.0000000        0.0270577
       4.0000000        0.0363999
       5.0000000        0.0433962
       6.0000000        0.0490998
       7.0000000        0.0535173
       8.0000000        0.0574018
       9.0000000        0.0614279
      10.0000000        0.0659135
      11.0000000        0.0704025
      12.0000000        0.0736391
      13.0000000        0.0752458
      14.0000000        0.0755219
      15.0000000        0.0748715
      16.0000000        0.0743377
       1.0000000        0.0023294
       2.0000000        0.0162589
       3.0000000        0.0308574
       4.0000000        0.0394006
       5.0000000        0.0457089
       6.0000000        0.0513039
       7.0000000        0.0562752
       8.0000000        0.0617351
       9.0000000        0.0671138
      10.0000000        0.0712684
      11.0000000        0.0748236
      12.0000000        0.0780468
      13.0000000        0.0805128
      14.0000000        0.0828116
      15.0000000        0.0854077
      16.0000000        0.0866823
       1.0000000        0.0023470
       2.0000000        0.0149467
       3.0000000        0.0269413
       4.0000000        0.0355198
       5.0000000        0.0428186
       6.0000000        0.0492101
       7.0000000        0.0553887
       8.0000000        0.0616814
       9.0000000        0.0676785
      10.0000000        0.0730047
      11.0000000        0.0782565
      12.0000000        0.0833315
      13.0000000        0.0876126
      14.0000000        0.0904023
      15.0000000        0.0916927
      16.0000000        0.0919890
       1.0000000        0.0018284
       2.0000000        0.0129332
       3.0000000        0.0259820
       4.0000000        0.0354173
       5.0000000        0.0431463
       6.0000000        0.0498065
       7.0000000        0.0550314
       8.0000000        0.0599927
       9.0000000        0.0663331
      10.0000000        0.0741066
      11.0000000        0.0825188
      12.0000000        0.0902252
      13.0000000        0.0957490
      14.0000000        0.0984496
      15.0000000        0.0989553
      16.0000000        0.0988886
       1.0000000        0.0021119
       2.0000000        0.0136326
       3.0000000        0.0256334
       4.0000000        0.0333661
       5.0000000        0.0393756
       6.0000000        0.0456656
       7.0000000        0.0532594
       8.0000000        0.0616407
       9.0000000        0.0693850
      10.0000000        0.0760289
      11.0000000        0.0816035
      12.0000000        0.0872371
      13.0000000        0.0933591
      14.0000000        0.0989069
      15.0000000        0.1022781
      16.0000000        0.1033569
       1.0000000        0.0020713
       2.0000000        0.0135412
       3.0000000        0.0261111
       4.0000000        0.0354656
       5.0000000        0.0430466
       6.0000000        0.0508501
       7.0000000        0.0593540
       8.0000000        0.0675721
       9.0000000        0.0749212
      10.0000000        0.0807777
      11.0000000        0.0847152
      12.0000000        0.0875288
      13.0000000        0.0900097
      14.0000000        0.0917019
      15.0000000        0.0920132
      16.0000000        0.0918359
       1.0000000        0.0020319
       2.0000000        0.0144346
       3.0000000        0.0287070
       4.0000000        0.0381432
       5.0000000        0.0456417
       6.0000000        0.0530476
       7.0000000        0.0591442
       8.0000000        0.0646920
       9.0000000        0.0705799
      10.0000000        0.0764367
      11.0000000        0.0814018
      12.0000000        0.0853111
      13.0000000        0.0882235
      14.0000000        0.0897383
      15.0000000        0.0899297
      16.0000000        0.0898427
       1.0000000        0.0022717
       2.0000000        0.0158585
       3.0000000        0.0307002
       4.0000000        0.0397754
       5.0000000        0.0456973
       6.0000000        0.0514771
       7.0000000        0.0574859
       8.0000000        0.0641599
       9.0000000        0.0712813
      10.0000000        0.0774421
      11.0000000        0.0823741
      12.0000000        0.0863374
      13.0000000        0.0889761
      14.0000000        0.0898514
      15.0000000        0.0895361
      16.0000000        0.0891676
       1.0000000        0.0022326
       2.0000000        0.0154246
       3.0000000        0.0294706
       4.0000000        0.0374361
       5.0000000        0.0425790
       6.0000000        0.0470364
       7.0000000        0.0520332
       8.0000000        0.0589566
       9.0000000        0.0664143
      10.0000000        0.0719220
      11.0000000        0.0759751
      12.0000000        0.0802128
      13.0000000        0.0845711
      14.0000000        0.0887849
      15.0000000        0.0929354
      16.0000000        0.0948616
       1.0000000        0.0020588
       2.0000000        0.0135477
       3.0000000        0.0248530
       4.0000000        0.0320800
       5.0000000        0.0376546
       6.0000000        0.0430918
       7.0000000        0.0494434
       8.0000000        0.0556779
       9.0000000        0.0603546
      10.0000000        0.0641778
      11.0000000        0.0688038
      12.0000000        0.0737497
      13.0000000        0.0775297
      14.0000000        0.0800246
      15.0000000        0.0814617
      16.0000000        0.0819062
       1.0000000        0.0020108
       2.0000000        0.0122220
       3.0000000        0.0217726
       4.0000000        0.0283667
       5.0000000        0.0346239
       6.0000000        0.0408389
       7.0000000        0.0470519
       8.0000000        0.0529736
       9.0000000        0.0579551
      10.0000000        0.0624786
      11.0000000        0.0663155
      12.0000000        0.0688983
      13.0000000        0.0711665
      14.0000000        0.0737063
      15.0000000        0.0763860
      16.0000000        0.0776233
       1.0000000        0.0017301
       2.0000000        0.0112311
       3.0000000        0.0208992
       4.0000000        0.0277243
       5.0000000        0.0337230
       6.0000000        0.0395854
       7.0000000        0.0451123
       8.0000000        0.0512248
       9.0000000        0.0573337
      10.0000000        0.0615778
      11.0000000        0.0637595
      12.0000000        0.0649326
      13.0000000        0.0665798
      14.0000000        0.0693591
      15.0000000        0.0723770
      16.0000000        0.0738081
       1.0000000        0.0016337
       2.0000000        0.0112384
       3.0000000        0.0222457
       4.0000000        0.0303936
       5.0000000        0.0377585
       6.0000000        0.0456463
       7.0000000        0.0529223
       8.0000000        0.0590600
       9.0000000        0.0637921
      10.0000000        0.0671938
      11.0000000        0.0692379
      12.0000000        0.0694853
      13.0000000        0.0689247
      14.0000000        0.0683818
      15.0000000        0.0678350
      16.0000000        0.0675031
       1.0000000        0.0017225
       2.0000000        0.0123124
       3.0000000        0.0247939
       4.0000000        0.0346632
       5.0000000        0.0440157
       6.0000000        0.0534185
       7.0000000        0.0614956
       8.0000000        0.0680202
       9.0000000        0.0734658
      10.0000000        0.0775296
      11.0000000        0.0794990
      12.0000000        0.0793892
      13.0000000        0.0778815
      14.0000000        0.0762916
      15.0000000        0.0751908
      16.0000000        0.0747248
       1.0000000        0.0019029
       2.0000000        0.0137017
       3.0000000        0.0286048
       4.0000000        0.0410515
       5.0000000        0.0522496
       6.0000000        0.0626684
       7.0000000        0.0717160
       8.0000000        0.0792624
       9.0000000        0.0844477
      10.0000000        0.0868952
      11.0000000        0.0873788
      12.0000000        0.0875222
      13.0000000        0.0887080
      14.0000000        0.0902712
      15.0000000        0.0907190
      16.0000000        0.0905126
       1.0000000        0.0021665
       2.0000000        0.0144666
       3.0000000        0.0297335
       4.0000000        0.0424567
       5.0000000        0.0534004
       6.0000000        0.0639238
       7.0000000        0.0726429
       8.0000000        0.0789766
       9.0000000        0.0828903
      10.0000000        0.0854603
      11.0000000        0.0874558
      12.0000000        0.0887250
      13.0000000        0.0881863
      14.0000000        0.0857067
      15.0000000        0.0834725
      16.0000000        0.0828505
       1.0000000        0.0022691
       2.0000000        0.0150227
       3.0000000        0.0299394
       4.0000000        0.0422166
       5.0000000        0.0531254
       6.0000000        0.0624154
       7.0000000        0.0692836
       8.0000000        0.0755890
       9.0000000        0.0820032
      10.0000000        0.0865256
      11.0000000        0.0875021
      12.0000000        0.0856925
      13.0000000        0.0828863
      14.0000000        0.0809098
      15.0000000        0.0802236
      16.0000000        0.0800014
       1.0000000        0.0022623
       2.0000000        0.0156092
       3.0000000        0.0313006
       4.0000000        0.0438000
       5.0000000        0.0553401
       6.0000000        0.0663809
       7.0000000        0.0758398
       8.0000000        0.0832776
       9.0000000        0.0884824
      10.0000000        0.0908172
      11.0000000        0.0898839
      12.0000000        0.0874344
      13.0000000        0.0858854
      14.0000000        0.0859731
      15.0000000        0.0868748
      16.0000000        0.0872468
       1.0000000        0.0025911
       2.0000000        0.0180845
       3.0000000        0.0368117
       4.0000000        0.0516417
       5.0000000        0.0641897
       6.0000000        0.0750585
       7.0000000        0.0838709
       8.0000000        0.0912217
       9.0000000        0.0966175
      10.0000000        0.0991842
      11.0000000        0.0994997
      12.0000000        0.0988819
      13.0000000        0.0980968
      14.0000000        0.0969841
      15.0000000        0.0957039
      16.0000000        0.0950860
       1.0000000        0.0025616
       2.0000000        0.0186594
       3.0000000        0.0390337
       4.0000000        0.0559125
       5.0000000        0.0699763
       6.0000000        0.0805013
       7.0000000        0.0873496
       8.0000000        0.0912127
       9.0000000        0.0922328
      10.0000000        0.0920496
      11.0000000        0.0929682
      12.0000000        0.0949489
      13.0000000        0.0964487
      14.0000000        0.0971476
      15.0000000        0.0975639
      16.0000000        0.0978447
       1.0000000        0.0026380
       2.0000000        0.0193524
       3.0000000        0.0406025
       4.0000000        0.0575837
       5.0000000        0.0723084
       6.0000000        0.0841269
       7.0000000        0.0912832
       8.0000000        0.0937581
       9.0000000        0.0930950
      10.0000000        0.0921848
      11.0000000        0.0927805
      12.0000000        0.0943281
      13.0000000        0.0961493
      14.0000000        0.0985539
      15.0000000        0.1015061
      16.0000000        0.1029585
       1.0000000        0.0025078
       2.0000000        0.0188908
       3.0000000        0.0398908
       4.0000000        0.0562604
       5.0000000        0.0695785
       6.0000000        0.0799281
       7.0000000        0.0867455
       8.0000000        0.0907472
       9.0000000        0.0924455
      10.0000000        0.0934073
      11.0000000        0.0950967
      12.0000000        0.0972150
      13.0000000        0.0984632
      14.0000000        0.0985323
      15.0000000        0.0982257
      16.0000000        0.0981662
