       1.0000000        0.0057276
       2.0000000        0.0396130
       3.0000000        0.0775140
       4.0000000        0.1054991
       5.0000000        0.1284191
       6.0000000        0.1434463
       7.0000000        0.1500037
       8.0000000        0.1529820
       9.0000000        0.1548263
      10.0000000        0.1566326
      11.0000000        0.1583791
      12.0000000        0.1605220
      13.0000000        0.1640679
      14.0000000        0.1672747
      15.0000000        0.1683755
      16.0000000        0.1683044
       1.0000000        0.0053701
       2.0000000        0.0374551
       3.0000000        0.0723304
       4.0000000        0.0971083
       5.0000000        0.1190324
       6.0000000        0.1366514
       7.0000000        0.1488732
       8.0000000        0.1586631
       9.0000000        0.1661653
      10.0000000        0.1703338
      11.0000000        0.1734159
      12.0000000        0.1770921
      13.0000000        0.1800382
      14.0000000        0.1823104
      15.0000000        0.1840325
      16.0000000        0.1845782
       1.0000000        0.0049675
       2.0000000        0.0350363
       3.0000000        0.0674718
       4.0000000        0.0914640
       5.0000000        0.1148554
       6.0000000        0.1348948
       7.0000000        0.1472364
       8.0000000        0.1566246
       9.0000000        0.1657895
      10.0000000        0.1737701
      11.0000000        0.1802640
      12.0000000        0.1838629
      13.0000000        0.1866516
      14.0000000        0.1902637
      15.0000000        0.1920405
      16.0000000        0.1917054
       1.0000000        0.0042439
       2.0000000        0.0309568
       3.0000000        0.0614974
       4.0000000        0.0846096
       5.0000000        0.1046315
       6.0000000        0.1220763
       7.0000000        0.1372645
       8.0000000        0.1496326
       9.0000000        0.1579846
      10.0000000        0.1649621
      11.0000000        0.1718509
      12.0000000        0.1773007
      13.0000000        0.1816870
      14.0000000        0.1852259
      15.0000000        0.1869017
      16.0000000        0.1871108
       1.0000000        0.0038757
       2.0000000        0.0287612
       3.0000000        0.0584318
       4.0000000        0.0797324
       5.0000000        0.0970525
       6.0000000        0.1125522
       7.0000000        0.1280980
       8.0000000        0.1451001
       9.0000000        0.1594400
      10.0000000        0.1679314
      11.0000000        0.1715735
      12.0000000        0.1735480
      13.0000000        0.1755663
      14.0000000        0.1759171
      15.0000000        0.1739224
      16.0000000        0.1726907
       1.0000000        0.0040504
       2.0000000        0.0292080
       3.0000000        0.0574571
       4.0000000        0.0766709
       5.0000000        0.0915105
       6.0000000        0.1058235
       7.0000000        0.1225104
       8.0000000        0.1391186
       9.0000000        0.1520287
      10.0000000        0.1603497
      11.0000000        0.1652048
      12.0000000        0.1691387
      13.0000000        0.1726357
      14.0000000        0.1728797
      15.0000000        0.1696992
      16.0000000        0.1676363
       1.0000000        0.0041216
       2.0000000        0.0280140
       3.0000000        0.0535306
       4.0000000        0.0714996
       5.0000000        0.0882447
       6.0000000        0.1060182
       7.0000000        0.1221106
       8.0000000        0.1346586
       9.0000000        0.1437169
      10.0000000        0.1512874
      11.0000000        0.1589683
      12.0000000        0.1639902
      13.0000000        0.1668339
      14.0000000        0.1701034
      15.0000000        0.1720539
      16.0000000        0.1720326
       1.0000000        0.0041246
       2.0000000        0.0288140
       3.0000000        0.0555185
       4.0000000        0.0743846
       5.0000000        0.0917727
       6.0000000        0.1091129
       7.0000000        0.1254458
       8.0000000        0.1395286
       9.0000000        0.1502081
      10.0000000        0.1580123
      11.0000000        0.1644472
      12.0000000        0.1699371
      13.0000000        0.1745903
      14.0000000        0.1779321
      15.0000000        0.1790668
      16.0000000        0.1789296
       1.0000000        0.0038584
       2.0000000        0.0279417
       3.0000000        0.0569796
       4.0000000        0.0797964
       5.0000000        0.0989664
       6.0000000        0.1168705
       7.0000000        0.1333662
       8.0000000        0.1457503
       9.0000000        0.1556193
      10.0000000        0.1645044
      11.0000000        0.1720008
      12.0000000        0.1772256
      13.0000000        0.1794697
      14.0000000        0.1803753
      15.0000000        0.1816296
      16.0000000        0.1824712
       1.0000000        0.0036611
       2.0000000        0.0283085
       3.0000000        0.0614925
       4.0000000        0.0873883
       5.0000000        0.1066381
       6.0000000        0.1215867
       7.0000000        0.1332127
       8.0000000        0.1431841
       9.0000000        0.1523170
      10.0000000        0.1603663
      11.0000000        0.1688657
      12.0000000        0.1779396
      13.0000000        0.1837889
      14.0000000        0.1843582
      15.0000000        0.1828697
      16.0000000        0.1821391
       1.0000000        0.0041953
       2.0000000        0.0334327
       3.0000000        0.0703914
       4.0000000        0.0961575
       5.0000000        0.1146550
       6.0000000        0.1280279
       7.0000000        0.1370550
       8.0000000        0.1456277
       9.0000000        0.1551700
      10.0000000        0.1638990
      11.0000000        0.1722082
      12.0000000        0.1817867
      13.0000000        0.1890125
      14.0000000        0.1891635
      15.0000000        0.1832380
      16.0000000        0.1789655
       1.0000000        0.0045746
       2.0000000        0.0345373
       3.0000000        0.0692715
       4.0000000        0.0926396
       5.0000000        0.1097678
       6.0000000        0.1218664
       7.0000000        0.1301180
       8.0000000        0.1365723
       9.0000000        0.1424251
      10.0000000        0.1490691
      11.0000000        0.1566705
      12.0000000        0.1633268
      13.0000000        0.1682250
      14.0000000        0.1714246
      15.0000000        0.1722123
      16.0000000        0.1719439
       1.0000000        0.0041467
       2.0000000        0.0305379
       3.0000000        0.0634767
       4.0000000        0.0874029
       5.0000000        0.1048857
       6.0000000        0.1175553
       7.0000000        0.1262196
       8.0000000        0.1324200
       9.0000000        0.1359774
      10.0000000        0.1378370
      11.0000000        0.1404340
      12.0000000        0.1442593
      13.0000000        0.1491010
      14.0000000        0.1548013
      15.0000000        0.1600160
      16.0000000        0.1622051
       1.0000000        0.0044362
       2.0000000        0.0313684
       3.0000000        0.0608338
       4.0000000        0.0815802
       5.0000000        0.1000338
       6.0000000        0.1152551
       7.0000000        0.1260572
       8.0000000        0.1333375
       9.0000000        0.1357329
      10.0000000        0.1349446
      11.0000000        0.1346856
      12.0000000        0.1362260
      13.0000000        0.1387039
      14.0000000        0.1423942
      15.0000000        0.1467508
      16.0000000        0.1489554
       1.0000000        0.0044904
       2.0000000        0.0314607
       3.0000000        0.0618390
       4.0000000        0.0856403
       5.0000000        0.1041029
       6.0000000        0.1182835
       7.0000000        0.1289572
       8.0000000        0.1340344
       9.0000000        0.1356580
      10.0000000        0.1383214
      11.0000000        0.1420884
      12.0000000        0.1446183
      13.0000000        0.1474401
      14.0000000        0.1536410
      15.0000000        0.1608191
      16.0000000        0.1640881
       1.0000000        0.0040515
       2.0000000        0.0281583
       3.0000000        0.0572325
       4.0000000        0.0790383
       5.0000000        0.0958416
       6.0000000        0.1097428
       7.0000000        0.1215249
       8.0000000        0.1314228
       9.0000000        0.1395945
      10.0000000        0.1458293
      11.0000000        0.1497774
      12.0000000        0.1526925
      13.0000000        0.1568723
      14.0000000        0.1619670
      15.0000000        0.1652289
      16.0000000        0.1661378
       1.0000000        0.0039405
       2.0000000        0.0272296
       3.0000000        0.0547463
       4.0000000        0.0767239
       5.0000000        0.0947027
       6.0000000        0.1089381
       7.0000000        0.1206257
       8.0000000        0.1309745
       9.0000000        0.1400011
      10.0000000        0.1471618
      11.0000000        0.1523369
      12.0000000        0.1546930
      13.0000000        0.1552966
      14.0000000        0.1566559
      15.0000000        0.1592903
      16.0000000        0.1608979
       1.0000000        0.0041754
       2.0000000        0.0289574
       3.0000000        0.0569023
       4.0000000        0.0805345
       5.0000000        0.1028734
       6.0000000        0.1204529
       7.0000000        0.1303260
       8.0000000        0.1361862
       9.0000000        0.1428680
      10.0000000        0.1500885
      11.0000000        0.1544620
      12.0000000        0.1551517
      13.0000000        0.1529473
      14.0000000        0.1495055
      15.0000000        0.1474102
      16.0000000        0.1470039
       1.0000000        0.0042290
       2.0000000        0.0298798
       3.0000000        0.0609097
       4.0000000        0.0862807
       5.0000000        0.1085285
       6.0000000        0.1261986
       7.0000000        0.1375837
       8.0000000        0.1453643
       9.0000000        0.1522993
      10.0000000        0.1574418
      11.0000000        0.1599167
      12.0000000        0.1594685
      13.0000000        0.1555852
      14.0000000        0.1509892
      15.0000000        0.1494657
      16.0000000        0.1497817
       1.0000000        0.0042953
       2.0000000        0.0306467
       3.0000000        0.0622729
       4.0000000        0.0863314
       5.0000000        0.1065182
       6.0000000        0.1242924
       7.0000000        0.1382982
       8.0000000        0.1500244
       9.0000000        0.1596457
      10.0000000        0.1670799
      11.0000000        0.1710277
      12.0000000        0.1715401
      13.0000000        0.1688278
      14.0000000        0.1638852
      15.0000000        0.1600630
      16.0000000        0.1590032
       1.0000000        0.0044862
       2.0000000        0.0332706
       3.0000000        0.0682008
       4.0000000        0.0958087
       5.0000000        0.1193369
       6.0000000        0.1392580
       7.0000000        0.1570173
       8.0000000        0.1739141
       9.0000000        0.1882964
      10.0000000        0.1960401
      11.0000000        0.1975668
      12.0000000        0.1972044
      13.0000000        0.1967378
      14.0000000        0.1971551
      15.0000000        0.1990476
      16.0000000        0.2003619
       1.0000000        0.0047487
       2.0000000        0.0346056
       3.0000000        0.0755456
       4.0000000        0.1123522
       5.0000000        0.1414941
       6.0000000        0.1641092
       7.0000000        0.1841322
       8.0000000        0.2010585
       9.0000000        0.2108506
      10.0000000        0.2119637
      11.0000000        0.2077286
      12.0000000        0.1985835
      13.0000000        0.1849606
      14.0000000        0.1716390
      15.0000000        0.1636059
      16.0000000        0.1612211
       1.0000000        0.0055442
       2.0000000        0.0406032
       3.0000000        0.0871020
       4.0000000        0.1249848
       5.0000000        0.1543031
       6.0000000        0.1773877
       7.0000000        0.1948174
       8.0000000        0.2086723
       9.0000000        0.2173080
      10.0000000        0.2170362
      11.0000000        0.2085777
      12.0000000        0.1917020
      13.0000000        0.1704247
      14.0000000        0.1551383
      15.0000000        0.1489591
      16.0000000        0.1475777
       1.0000000        0.0058761
       2.0000000        0.0439946
       3.0000000        0.0928165
       4.0000000        0.1324419
       5.0000000        0.1653090
       6.0000000        0.1923413
       7.0000000        0.2133608
       8.0000000        0.2284636
       9.0000000        0.2352463
      10.0000000        0.2309594
      11.0000000        0.2158640
      12.0000000        0.1920450
      13.0000000        0.1681240
      14.0000000        0.1547824
      15.0000000        0.1535815
      16.0000000        0.1550815
       1.0000000        0.0067227
       2.0000000        0.0469200
       3.0000000        0.0940300
       4.0000000        0.1312373
       5.0000000        0.1639073
       6.0000000        0.1914209
       7.0000000        0.2137905
       8.0000000        0.2306134
       9.0000000        0.2376593
      10.0000000        0.2323329
      11.0000000        0.2179044
      12.0000000        0.2004322
      13.0000000        0.1834848
      14.0000000        0.1701452
      15.0000000        0.1639912
      16.0000000        0.1632115
       1.0000000        0.0068210
       2.0000000        0.0491689
       3.0000000        0.0997237
       4.0000000        0.1384789
       5.0000000        0.1707848
       6.0000000        0.1948496
       7.0000000        0.2117851
       8.0000000        0.2229719
       9.0000000        0.2259417
      10.0000000        0.2208055
      11.0000000        0.2137965
      12.0000000        0.2074479
      13.0000000        0.2015277
      14.0000000        0.1946481
      15.0000000        0.1870737
      16.0000000        0.1838890
       1.0000000        0.0068146
       2.0000000        0.0516897
       3.0000000        0.1066408
       4.0000000        0.1469937
       5.0000000        0.1764921
       6.0000000        0.1966542
       7.0000000        0.2140318
       8.0000000        0.2276549
       9.0000000        0.2319836
      10.0000000        0.2285930
      11.0000000        0.2222485
      12.0000000        0.2170922
      13.0000000        0.2160286
      14.0000000        0.2182820
      15.0000000        0.2211187
      16.0000000        0.2217317
       1.0000000        0.0068888
       2.0000000        0.0527357
       3.0000000        0.1090906
       4.0000000        0.1506635
       5.0000000        0.1806451
       6.0000000        0.1999625
       7.0000000        0.2135499
       8.0000000        0.2264268
       9.0000000        0.2351259
      10.0000000        0.2373978
      11.0000000        0.2356205
      12.0000000        0.2345609
      13.0000000        0.2394814
      14.0000000        0.2491308
      15.0000000        0.2594270
      16.0000000        0.2641858
       1.0000000        0.0066837
       2.0000000        0.0504383
       3.0000000        0.1054406
       4.0000000        0.1475222
       5.0000000        0.1767322
       6.0000000        0.1940711
       7.0000000        0.2082280
       8.0000000        0.2224014
       9.0000000        0.2273394
      10.0000000        0.2243520
      11.0000000        0.2225012
      12.0000000        0.2252286
      13.0000000        0.2320530
      14.0000000        0.2401270
      15.0000000        0.2451590
      16.0000000        0.2463062
       1.0000000        0.0061937
       2.0000000        0.0475606
       3.0000000        0.0983079
       4.0000000        0.1355934
       5.0000000        0.1621611
       6.0000000        0.1812023
       7.0000000        0.1947970
       8.0000000        0.2016994
       9.0000000        0.2019587
      10.0000000        0.1995741
      11.0000000        0.1974723
      12.0000000        0.1980110
      13.0000000        0.1999697
      14.0000000        0.2044258
      15.0000000        0.2109762
      16.0000000        0.2143585
       1.0000000        0.0065864
       2.0000000        0.0484678
       3.0000000        0.0941002
       4.0000000        0.1225876
       5.0000000        0.1426387
       6.0000000        0.1582941
       7.0000000        0.1688762
       8.0000000        0.1751493
       9.0000000        0.1777174
      10.0000000        0.1774717
      11.0000000        0.1790733
      12.0000000        0.1830521
      13.0000000        0.1880766
      14.0000000        0.1930633
      15.0000000        0.1982872
      16.0000000        0.2012063
       1.0000000        0.0062815
       2.0000000        0.0437118
       3.0000000        0.0851891
       4.0000000        0.1120688
       5.0000000        0.1311010
       6.0000000        0.1460786
       7.0000000        0.1592917
       8.0000000        0.1689943
       9.0000000        0.1744536
      10.0000000        0.1769124
      11.0000000        0.1784036
      12.0000000        0.1811097
      13.0000000        0.1857601
      14.0000000        0.1899967
      15.0000000        0.1940763
      16.0000000        0.1962025
       1.0000000        0.0061224
       2.0000000        0.0444630
       3.0000000        0.0869258
       4.0000000        0.1150480
       5.0000000        0.1341068
       6.0000000        0.1510671
       7.0000000        0.1645873
       8.0000000        0.1733724
       9.0000000        0.1786368
      10.0000000        0.1824048
      11.0000000        0.1869718
      12.0000000        0.1898642
      13.0000000        0.1860641
      14.0000000        0.1785660
      15.0000000        0.1718101
      16.0000000        0.1692448
       1.0000000        0.0065917
       2.0000000        0.0472884
       3.0000000        0.0915922
       4.0000000        0.1151656
       5.0000000        0.1282282
       6.0000000        0.1414246
       7.0000000        0.1542013
       8.0000000        0.1635965
       9.0000000        0.1681243
      10.0000000        0.1694105
      11.0000000        0.1710226
      12.0000000        0.1719783
      13.0000000        0.1690634
      14.0000000        0.1617991
      15.0000000        0.1558173
      16.0000000        0.1542874
       1.0000000        0.0064023
       2.0000000        0.0440886
       3.0000000        0.0849192
       4.0000000        0.1076807
       5.0000000        0.1186190
       6.0000000        0.1279332
       7.0000000        0.1391627
       8.0000000        0.1483795
       9.0000000        0.1540826
      10.0000000        0.1569573
      11.0000000        0.1584912
      12.0000000        0.1585510
      13.0000000        0.1570320
      14.0000000        0.1531718
      15.0000000        0.1470533
      16.0000000        0.1437375
       1.0000000        0.0061558
       2.0000000        0.0424959
       3.0000000        0.0807905
       4.0000000        0.1028653
       5.0000000        0.1145245
       6.0000000        0.1208517
       7.0000000        0.1264455
       8.0000000        0.1342370
       9.0000000        0.1440351
      10.0000000        0.1509090
      11.0000000        0.1532076
      12.0000000        0.1548184
      13.0000000        0.1549559
      14.0000000        0.1532550
      15.0000000        0.1517555
      16.0000000        0.1510502
       1.0000000        0.0058421
       2.0000000        0.0396973
       3.0000000        0.0721758
       4.0000000        0.0907546
       5.0000000        0.1045012
       6.0000000        0.1144687
       7.0000000        0.1221929
       8.0000000        0.1310925
       9.0000000        0.1390573
      10.0000000        0.1418751
      11.0000000        0.1434106
      12.0000000        0.1455291
      13.0000000        0.1459186
      14.0000000        0.1452875
      15.0000000        0.1455388
      16.0000000        0.1464368
       1.0000000        0.0048596
       2.0000000        0.0330190
       3.0000000        0.0629262
       4.0000000        0.0815042
       5.0000000        0.0947245
       6.0000000        0.1062856
       7.0000000        0.1169263
       8.0000000        0.1262944
       9.0000000        0.1311240
      10.0000000        0.1313103
      11.0000000        0.1300100
      12.0000000        0.1302311
      13.0000000        0.1323574
      14.0000000        0.1355190
      15.0000000        0.1380343
      16.0000000        0.1386950
       1.0000000        0.0050071
       2.0000000        0.0343805
       3.0000000        0.0655618
       4.0000000        0.0839045
       5.0000000        0.0967321
       6.0000000        0.1078916
       7.0000000        0.1175392
       8.0000000        0.1241306
       9.0000000        0.1275003
      10.0000000        0.1294044
      11.0000000        0.1301950
      12.0000000        0.1314573
      13.0000000        0.1356274
      14.0000000        0.1393691
      15.0000000        0.1396003
      16.0000000        0.1391217
       1.0000000        0.0052138
       2.0000000        0.0357161
       3.0000000        0.0676898
       4.0000000        0.0883981
       5.0000000        0.1022205
       6.0000000        0.1130136
       7.0000000        0.1210644
       8.0000000        0.1275567
       9.0000000        0.1338282
      10.0000000        0.1392381
      11.0000000        0.1423348
      12.0000000        0.1449521
      13.0000000        0.1489264
      14.0000000        0.1526728
      15.0000000        0.1543602
      16.0000000        0.1548962
       1.0000000        0.0051091
       2.0000000        0.0367207
       3.0000000        0.0750083
       4.0000000        0.1003534
       5.0000000        0.1147378
       6.0000000        0.1228717
       7.0000000        0.1288250
       8.0000000        0.1345948
       9.0000000        0.1398656
      10.0000000        0.1440405
      11.0000000        0.1486753
      12.0000000        0.1541679
      13.0000000        0.1584976
      14.0000000        0.1615478
      15.0000000        0.1643009
      16.0000000        0.1659123
       1.0000000        0.0057168
       2.0000000        0.0404733
       3.0000000        0.0783873
       4.0000000        0.1030285
       5.0000000        0.1200669
       6.0000000        0.1296998
       7.0000000        0.1320750
       8.0000000        0.1315901
       9.0000000        0.1320695
      10.0000000        0.1350295
      11.0000000        0.1403213
      12.0000000        0.1468520
      13.0000000        0.1529223
      14.0000000        0.1570304
      15.0000000        0.1594229
      16.0000000        0.1600978
       1.0000000        0.0060165
       2.0000000        0.0412811
       3.0000000        0.0760519
       4.0000000        0.0969791
       5.0000000        0.1128739
       6.0000000        0.1237785
       7.0000000        0.1292506
       8.0000000        0.1299989
       9.0000000        0.1286354
      10.0000000        0.1288744
      11.0000000        0.1323453
      12.0000000        0.1369409
      13.0000000        0.1407977
      14.0000000        0.1438410
      15.0000000        0.1451484
      16.0000000        0.1453905
       1.0000000        0.0057072
       2.0000000        0.0396980
       3.0000000        0.0761548
       4.0000000        0.1000506
       5.0000000        0.1168772
       6.0000000        0.1294694
       7.0000000        0.1380133
       8.0000000        0.1434224
       9.0000000        0.1466013
      10.0000000        0.1486865
      11.0000000        0.1508443
      12.0000000        0.1516071
      13.0000000        0.1520228
      14.0000000        0.1524573
      15.0000000        0.1520436
      16.0000000        0.1514935
       1.0000000        0.0058152
       2.0000000        0.0405450
       3.0000000        0.0804811
       4.0000000        0.1106577
       5.0000000        0.1322827
       6.0000000        0.1464453
       7.0000000        0.1563382
       8.0000000        0.1639332
       9.0000000        0.1702529
      10.0000000        0.1754235
      11.0000000        0.1792348
      12.0000000        0.1809960
      13.0000000        0.1816903
      14.0000000        0.1816268
      15.0000000        0.1786003
      16.0000000        0.1762845
       1.0000000        0.0064578
       2.0000000        0.0452794
       3.0000000        0.0895858
       4.0000000        0.1224265
       5.0000000        0.1434842
       6.0000000        0.1546921
       7.0000000        0.1618655
       8.0000000        0.1707757
       9.0000000        0.1827057
      10.0000000        0.1925150
      11.0000000        0.1973626
      12.0000000        0.1979061
      13.0000000        0.1951666
      14.0000000        0.1894664
      15.0000000        0.1830094
      16.0000000        0.1801053
       1.0000000        0.0070379
       2.0000000        0.0497052
       3.0000000        0.0974270
       4.0000000        0.1289799
       5.0000000        0.1489296
       6.0000000        0.1622789
       7.0000000        0.1715500
       8.0000000        0.1786992
       9.0000000        0.1862669
      10.0000000        0.1963624
      11.0000000        0.2057420
      12.0000000        0.2080331
      13.0000000        0.2026106
      14.0000000        0.1959556
      15.0000000        0.1918665
      16.0000000        0.1906640
       1.0000000        0.0068978
       2.0000000        0.0516480
       3.0000000        0.1047136
       4.0000000        0.1402111
       5.0000000        0.1616629
       6.0000000        0.1746268
       7.0000000        0.1822996
       8.0000000        0.1873565
       9.0000000        0.1944981
      10.0000000        0.2040290
      11.0000000        0.2123767
      12.0000000        0.2136201
      13.0000000        0.2079723
      14.0000000        0.1999016
      15.0000000        0.1913945
      16.0000000        0.1873751
       1.0000000        0.0080789
       2.0000000        0.0569420
       3.0000000        0.1107953
       4.0000000        0.1479229
       5.0000000        0.1754052
       6.0000000        0.1946312
       7.0000000        0.2052767
       8.0000000        0.2114404
       9.0000000        0.2149802
      10.0000000        0.2164513
      11.0000000        0.2164209
      12.0000000        0.2128427
      13.0000000        0.2062466
      14.0000000        0.1988064
      15.0000000        0.1935909
      16.0000000        0.1920936
       1.0000000        0.0086448
       2.0000000        0.0614002
       3.0000000        0.1190323
       4.0000000        0.1576104
       5.0000000        0.1870801
       6.0000000        0.2100359
       7.0000000        0.2201940
       8.0000000        0.2207574
       9.0000000        0.2186591
      10.0000000        0.2157448
      11.0000000        0.2135124
      12.0000000        0.2104449
      13.0000000        0.2070767
      14.0000000        0.2068972
      15.0000000        0.2083097
      16.0000000        0.2088321
       1.0000000        0.0087482
       2.0000000        0.0633067
       3.0000000        0.1238387
       4.0000000        0.1628194
       5.0000000        0.1899977
       6.0000000        0.2077582
       7.0000000        0.2160547
       8.0000000        0.2167487
       9.0000000        0.2128892
      10.0000000        0.2087546
      11.0000000        0.2053187
      12.0000000        0.2016261
      13.0000000        0.2003869
      14.0000000        0.2041152
      15.0000000        0.2080008
      16.0000000        0.2087360
       1.0000000        0.0075067
       2.0000000        0.0553623
       3.0000000        0.1114893
       4.0000000        0.1476484
       5.0000000        0.1714379
       6.0000000        0.1875347
       7.0000000        0.1954787
       8.0000000        0.1974154
       9.0000000        0.1971761
      10.0000000        0.1955667
      11.0000000        0.1924813
      12.0000000        0.1866959
      13.0000000        0.1813153
      14.0000000        0.1801615
      15.0000000        0.1817861
      16.0000000        0.1828549
       1.0000000        0.0070909
       2.0000000        0.0517324
       3.0000000        0.1026569
       4.0000000        0.1355615
       5.0000000        0.1587574
       6.0000000        0.1777640
       7.0000000        0.1900019
       8.0000000        0.1951774
       9.0000000        0.1957567
      10.0000000        0.1936488
      11.0000000        0.1891959
      12.0000000        0.1835242
      13.0000000        0.1757341
      14.0000000        0.1665494
      15.0000000        0.1617034
      16.0000000        0.1606694
       1.0000000        0.0074186
       2.0000000        0.0504010
       3.0000000        0.0989767
       4.0000000        0.1360379
       5.0000000        0.1657933
       6.0000000        0.1878692
       7.0000000        0.2021397
       8.0000000        0.2091587
       9.0000000        0.2102274
      10.0000000        0.2055345
      11.0000000        0.1977303
      12.0000000        0.1875160
      13.0000000        0.1756442
      14.0000000        0.1665604
      15.0000000        0.1620509
      16.0000000        0.1605929
       1.0000000        0.0072952
       2.0000000        0.0508499
       3.0000000        0.1007237
       4.0000000        0.1392621
       5.0000000        0.1732775
       6.0000000        0.1997063
       7.0000000        0.2142908
       8.0000000        0.2231307
       9.0000000        0.2252475
      10.0000000        0.2207477
      11.0000000        0.2117573
      12.0000000        0.1997660
      13.0000000        0.1869697
      14.0000000        0.1752207
      15.0000000        0.1659977
      16.0000000        0.1619942
       1.0000000        0.0066973
       2.0000000        0.0491834
       3.0000000        0.1004822
       4.0000000        0.1403423
       5.0000000        0.1721489
       6.0000000        0.1957972
       7.0000000        0.2150946
       8.0000000        0.2293548
       9.0000000        0.2325061
      10.0000000        0.2256054
      11.0000000        0.2153363
      12.0000000        0.2055483
      13.0000000        0.1945447
      14.0000000        0.1817053
      15.0000000        0.1733371
      16.0000000        0.1712816
       1.0000000        0.0067215
       2.0000000        0.0492947
       3.0000000        0.0977640
       4.0000000        0.1312259
       5.0000000        0.1581063
       6.0000000        0.1827787
       7.0000000        0.2059215
       8.0000000        0.2246076
       9.0000000        0.2281931
      10.0000000        0.2179206
      11.0000000        0.2066072
      12.0000000        0.2001859
      13.0000000        0.1937188
      14.0000000        0.1842987
      15.0000000        0.1774057
      16.0000000        0.1759267
       1.0000000        0.0063027
       2.0000000        0.0451672
       3.0000000        0.0883237
       4.0000000        0.1177630
       5.0000000        0.1424052
       6.0000000        0.1636445
       7.0000000        0.1817664
       8.0000000        0.1966906
       9.0000000        0.2027926
      10.0000000        0.1997543
      11.0000000        0.1951895
      12.0000000        0.1922764
      13.0000000        0.1891325
      14.0000000        0.1858905
      15.0000000        0.1820930
      16.0000000        0.1800544
       1.0000000        0.0061998
       2.0000000        0.0439862
       3.0000000        0.0863446
       4.0000000        0.1151241
       5.0000000        0.1367397
       6.0000000        0.1527467
       7.0000000        0.1657040
       8.0000000        0.1776600
       9.0000000        0.1855651
      10.0000000        0.1900418
      11.0000000        0.1926192
      12.0000000        0.1917562
      13.0000000        0.1888844
      14.0000000        0.1866329
      15.0000000        0.1841690
      16.0000000        0.1824120
       1.0000000        0.0066924
       2.0000000        0.0477661
       3.0000000        0.0926780
       4.0000000        0.1229465
       5.0000000        0.1438023
       6.0000000        0.1580260
       7.0000000        0.1697567
       8.0000000        0.1799545
       9.0000000        0.1864597
      10.0000000        0.1894406
      11.0000000        0.1909821
      12.0000000        0.1905740
      13.0000000        0.1874398
      14.0000000        0.1821424
      15.0000000        0.1760518
      16.0000000        0.1730053
       1.0000000        0.0071165
       2.0000000        0.0493988
       3.0000000        0.0939129
       4.0000000        0.1245671
       5.0000000        0.1492562
       6.0000000        0.1678168
       7.0000000        0.1777439
       8.0000000        0.1846722
       9.0000000        0.1910645
      10.0000000        0.1939637
      11.0000000        0.1924496
      12.0000000        0.1867977
      13.0000000        0.1786895
      14.0000000        0.1720982
      15.0000000        0.1665908
      16.0000000        0.1639412
       1.0000000        0.0068319
       2.0000000        0.0486103
       3.0000000        0.0939768
       4.0000000        0.1246649
       5.0000000        0.1494852
       6.0000000        0.1687015
       7.0000000        0.1797987
       8.0000000        0.1873937
       9.0000000        0.1918890
      10.0000000        0.1919767
      11.0000000        0.1884384
      12.0000000        0.1817067
      13.0000000        0.1722840
      14.0000000        0.1621946
      15.0000000        0.1521784
      16.0000000        0.1475667
       1.0000000        0.0064671
       2.0000000        0.0443184
       3.0000000        0.0862622
       4.0000000        0.1144357
       5.0000000        0.1351652
       6.0000000        0.1501827
       7.0000000        0.1620711
       8.0000000        0.1735438
       9.0000000        0.1806444
      10.0000000        0.1808468
      11.0000000        0.1764432
      12.0000000        0.1693364
      13.0000000        0.1606930
      14.0000000        0.1521186
      15.0000000        0.1440346
      16.0000000        0.1401346
       1.0000000        0.0063524
       2.0000000        0.0416388
       3.0000000        0.0783943
       4.0000000        0.1033716
       5.0000000        0.1211020
       6.0000000        0.1333811
       7.0000000        0.1421830
       8.0000000        0.1510959
       9.0000000        0.1580126
      10.0000000        0.1601014
      11.0000000        0.1588893
      12.0000000        0.1568564
      13.0000000        0.1550222
      14.0000000        0.1530729
      15.0000000        0.1508195
      16.0000000        0.1491998
       1.0000000        0.0057556
       2.0000000        0.0384962
       3.0000000        0.0733227
       4.0000000        0.0980148
       5.0000000        0.1148493
       6.0000000        0.1242751
       7.0000000        0.1301391
       8.0000000        0.1369501
       9.0000000        0.1419996
      10.0000000        0.1462887
      11.0000000        0.1494870
      12.0000000        0.1532134
      13.0000000        0.1556029
      14.0000000        0.1555115
      15.0000000        0.1549393
      16.0000000        0.1542860
       1.0000000        0.0051061
       2.0000000        0.0362669
       3.0000000        0.0701357
       4.0000000        0.0927725
       5.0000000        0.1084457
       6.0000000        0.1185016
       7.0000000        0.1267994
       8.0000000        0.1351709
       9.0000000        0.1420178
      10.0000000        0.1463038
      11.0000000        0.1486698
      12.0000000        0.1512770
      13.0000000        0.1527773
      14.0000000        0.1525813
      15.0000000        0.1514771
      16.0000000        0.1509385
       1.0000000        0.0048133
       2.0000000        0.0343522
       3.0000000        0.0669980
       4.0000000        0.0885051
       5.0000000        0.1054950
       6.0000000        0.1209581
       7.0000000        0.1328349
       8.0000000        0.1415042
       9.0000000        0.1478704
      10.0000000        0.1517489
      11.0000000        0.1528932
      12.0000000        0.1527350
      13.0000000        0.1508368
      14.0000000        0.1473979
      15.0000000        0.1460282
      16.0000000        0.1463280
       1.0000000        0.0046910
       2.0000000        0.0340313
       3.0000000        0.0678687
       4.0000000        0.0899917
       5.0000000        0.1066057
       6.0000000        0.1225105
       7.0000000        0.1354325
       8.0000000        0.1448405
       9.0000000        0.1522948
      10.0000000        0.1573852
      11.0000000        0.1581878
      12.0000000        0.1555073
      13.0000000        0.1510178
      14.0000000        0.1468392
      15.0000000        0.1455141
      16.0000000        0.1457947
       1.0000000        0.0044680
       2.0000000        0.0326301
       3.0000000        0.0658236
       4.0000000        0.0876432
       5.0000000        0.1027986
       6.0000000        0.1167242
       7.0000000        0.1288429
       8.0000000        0.1375501
       9.0000000        0.1424758
      10.0000000        0.1459168
      11.0000000        0.1497534
      12.0000000        0.1520552
      13.0000000        0.1502342
      14.0000000        0.1475803
      15.0000000        0.1475815
      16.0000000        0.1486761
       1.0000000        0.0048078
       2.0000000        0.0338270
       3.0000000        0.0659024
       4.0000000        0.0868111
       5.0000000        0.1022304
       6.0000000        0.1148710
       7.0000000        0.1251889
       8.0000000        0.1328494
       9.0000000        0.1370072
      10.0000000        0.1399556
      11.0000000        0.1437488
      12.0000000        0.1460437
      13.0000000        0.1457179
      14.0000000        0.1442875
      15.0000000        0.1425457
      16.0000000        0.1416751
       1.0000000        0.0051382
       2.0000000        0.0354186
       3.0000000        0.0676451
       4.0000000        0.0882623
       5.0000000        0.1035734
       6.0000000        0.1160284
       7.0000000        0.1250727
       8.0000000        0.1316660
       9.0000000        0.1352340
      10.0000000        0.1363912
      11.0000000        0.1367255
      12.0000000        0.1360756
      13.0000000        0.1356407
      14.0000000        0.1352256
      15.0000000        0.1352029
      16.0000000        0.1350774
       1.0000000        0.0047952
       2.0000000        0.0333033
       3.0000000        0.0638208
       4.0000000        0.0844612
       5.0000000        0.1001851
       6.0000000        0.1101839
       7.0000000        0.1155010
       8.0000000        0.1191384
       9.0000000        0.1226868
      10.0000000        0.1271475
      11.0000000        0.1295379
      12.0000000        0.1297575
      13.0000000        0.1300677
      14.0000000        0.1306401
      15.0000000        0.1302869
      16.0000000        0.1295904
       1.0000000        0.0040935
       2.0000000        0.0295638
       3.0000000        0.0582186
       4.0000000        0.0785275
       5.0000000        0.0941506
       6.0000000        0.1028116
       7.0000000        0.1043066
       8.0000000        0.1038760
       9.0000000        0.1068596
      10.0000000        0.1138917
      11.0000000        0.1196757
      12.0000000        0.1208950
      13.0000000        0.1201586
      14.0000000        0.1223800
      15.0000000        0.1268303
      16.0000000        0.1290733
       1.0000000        0.0036341
       2.0000000        0.0258852
       3.0000000        0.0517837
       4.0000000        0.0704677
       5.0000000        0.0844308
       6.0000000        0.0918698
       7.0000000        0.0931970
       8.0000000        0.0935735
       9.0000000        0.0972713
      10.0000000        0.1045534
      11.0000000        0.1119580
      12.0000000        0.1160127
      13.0000000        0.1173656
      14.0000000        0.1196668
      15.0000000        0.1230580
      16.0000000        0.1248103
       1.0000000        0.0035558
       2.0000000        0.0239499
       3.0000000        0.0458966
       4.0000000        0.0625099
       5.0000000        0.0760145
       6.0000000        0.0840619
       7.0000000        0.0884485
       8.0000000        0.0929573
       9.0000000        0.0992567
      10.0000000        0.1070528
      11.0000000        0.1142772
      12.0000000        0.1190283
      13.0000000        0.1215007
      14.0000000        0.1215190
      15.0000000        0.1196696
      16.0000000        0.1183255
       1.0000000        0.0040104
       2.0000000        0.0255475
       3.0000000        0.0469290
       4.0000000        0.0637725
       5.0000000        0.0774603
       6.0000000        0.0866908
       7.0000000        0.0936949
       8.0000000        0.1000413
       9.0000000        0.1060120
      10.0000000        0.1137381
      11.0000000        0.1226762
      12.0000000        0.1279434
      13.0000000        0.1298995
      14.0000000        0.1301510
      15.0000000        0.1281760
      16.0000000        0.1265570
       1.0000000        0.0044159
       2.0000000        0.0281326
       3.0000000        0.0519731
       4.0000000        0.0704700
       5.0000000        0.0857049
       6.0000000        0.0967054
       7.0000000        0.1054204
       8.0000000        0.1143688
       9.0000000        0.1230191
      10.0000000        0.1322741
      11.0000000        0.1411767
      12.0000000        0.1449610
      13.0000000        0.1446525
      14.0000000        0.1432293
      15.0000000        0.1397609
      16.0000000        0.1373414
       1.0000000        0.0042266
       2.0000000        0.0287322
       3.0000000        0.0548024
       4.0000000        0.0735266
       5.0000000        0.0886295
       6.0000000        0.1014111
       7.0000000        0.1126821
       8.0000000        0.1235107
       9.0000000        0.1335677
      10.0000000        0.1416373
      11.0000000        0.1475555
      12.0000000        0.1501601
      13.0000000        0.1498336
      14.0000000        0.1479619
      15.0000000        0.1452295
      16.0000000        0.1436883
       1.0000000        0.0041751
       2.0000000        0.0288111
       3.0000000        0.0556570
       4.0000000        0.0756355
       5.0000000        0.0918152
       6.0000000        0.1052409
       7.0000000        0.1176737
       8.0000000        0.1312464
       9.0000000        0.1439542
      10.0000000        0.1529195
      11.0000000        0.1598219
      12.0000000        0.1638196
      13.0000000        0.1642392
      14.0000000        0.1624376
      15.0000000        0.1589886
      16.0000000        0.1570252
       1.0000000        0.0033412
       2.0000000        0.0255607
       3.0000000        0.0533077
       4.0000000        0.0742311
       5.0000000        0.0909722
       6.0000000        0.1057977
       7.0000000        0.1189669
       8.0000000        0.1321695
       9.0000000        0.1461011
      10.0000000        0.1593042
      11.0000000        0.1684802
      12.0000000        0.1718511
      13.0000000        0.1716030
      14.0000000        0.1701511
      15.0000000        0.1690303
      16.0000000        0.1686744
       1.0000000        0.0028548
       2.0000000        0.0221402
       3.0000000        0.0482502
       4.0000000        0.0701518
       5.0000000        0.0884284
       6.0000000        0.1039092
       7.0000000        0.1177407
       8.0000000        0.1308507
       9.0000000        0.1442282
      10.0000000        0.1578850
      11.0000000        0.1694191
      12.0000000        0.1768546
      13.0000000        0.1803748
      14.0000000        0.1811141
      15.0000000        0.1800065
      16.0000000        0.1792708
       1.0000000        0.0024470
       2.0000000        0.0196980
       3.0000000        0.0450969
       4.0000000        0.0676777
       5.0000000        0.0866773
       6.0000000        0.1040626
       7.0000000        0.1202131
       8.0000000        0.1341996
       9.0000000        0.1472620
      10.0000000        0.1592306
      11.0000000        0.1700734
      12.0000000        0.1795284
      13.0000000        0.1855313
      14.0000000        0.1871721
      15.0000000        0.1866383
      16.0000000        0.1862376
       1.0000000        0.0024105
       2.0000000        0.0193811
       3.0000000        0.0445183
       4.0000000        0.0680032
       5.0000000        0.0889003
       6.0000000        0.1076180
       7.0000000        0.1239658
       8.0000000        0.1378364
       9.0000000        0.1500036
      10.0000000        0.1612642
      11.0000000        0.1717641
      12.0000000        0.1803301
      13.0000000        0.1854122
      14.0000000        0.1877725
      15.0000000        0.1890786
      16.0000000        0.1895501
       1.0000000        0.0028437
       2.0000000        0.0206917
       3.0000000        0.0452643
       4.0000000        0.0697672
       5.0000000        0.0923699
       6.0000000        0.1108009
       7.0000000        0.1266468
       8.0000000        0.1406200
       9.0000000        0.1520468
      10.0000000        0.1613873
      11.0000000        0.1684657
      12.0000000        0.1734080
      13.0000000        0.1782601
      14.0000000        0.1838028
      15.0000000        0.1876045
      16.0000000        0.1886453
       1.0000000        0.0029729
       2.0000000        0.0217224
       3.0000000        0.0481481
       4.0000000        0.0730017
       5.0000000        0.0937215
       6.0000000        0.1111783
       7.0000000        0.1277736
       8.0000000        0.1422323
       9.0000000        0.1533685
      10.0000000        0.1615767
      11.0000000        0.1667741
      12.0000000        0.1701531
      13.0000000        0.1742667
      14.0000000        0.1800220
      15.0000000        0.1851198
      16.0000000        0.1869234
       1.0000000        0.0030312
       2.0000000        0.0222958
       3.0000000        0.0486659
       4.0000000        0.0725554
       5.0000000        0.0931932
       6.0000000        0.1105879
       7.0000000        0.1255103
       8.0000000        0.1381601
       9.0000000        0.1478958
      10.0000000        0.1552462
      11.0000000        0.1610371
      12.0000000        0.1659104
      13.0000000        0.1695573
      14.0000000        0.1722306
      15.0000000        0.1749316
      16.0000000        0.1764176
       1.0000000        0.0029561
       2.0000000        0.0220691
       3.0000000        0.0478873
       4.0000000        0.0712159
       5.0000000        0.0928899
       6.0000000        0.1115584
       7.0000000        0.1261187
       8.0000000        0.1378717
       9.0000000        0.1484603
      10.0000000        0.1577799
      11.0000000        0.1644902
      12.0000000        0.1689280
      13.0000000        0.1726467
      14.0000000        0.1766638
      15.0000000        0.1811097
      16.0000000        0.1832403
       1.0000000        0.0029152
       2.0000000        0.0225683
       3.0000000        0.0509242
       4.0000000        0.0772869
       5.0000000        0.0999295
       6.0000000        0.1186989
       7.0000000        0.1347379
       8.0000000        0.1487342
       9.0000000        0.1611808
      10.0000000        0.1711853
      11.0000000        0.1782782
      12.0000000        0.1844435
      13.0000000        0.1919399
      14.0000000        0.2001798
      15.0000000        0.2067933
      16.0000000        0.2093829
       1.0000000        0.0029899
       2.0000000        0.0241977
       3.0000000        0.0560685
       4.0000000        0.0844991
       5.0000000        0.1062500
       6.0000000        0.1231330
       7.0000000        0.1384293
       8.0000000        0.1539835
       9.0000000        0.1684409
      10.0000000        0.1786841
      11.0000000        0.1850514
      12.0000000        0.1910606
      13.0000000        0.1993041
      14.0000000        0.2085879
      15.0000000        0.2152152
      16.0000000        0.2174608
       1.0000000        0.0032440
       2.0000000        0.0262631
       3.0000000        0.0593399
       4.0000000        0.0868108
       5.0000000        0.1088799
       6.0000000        0.1288474
       7.0000000        0.1469042
       8.0000000        0.1630301
       9.0000000        0.1748476
      10.0000000        0.1809466
      11.0000000        0.1826853
      12.0000000        0.1828804
      13.0000000        0.1839995
      14.0000000        0.1871583
      15.0000000        0.1918898
      16.0000000        0.1943301
       1.0000000        0.0035472
       2.0000000        0.0281781
       3.0000000        0.0607569
       4.0000000        0.0861978
       5.0000000        0.1082381
       6.0000000        0.1297376
       7.0000000        0.1491603
       8.0000000        0.1647183
       9.0000000        0.1741380
      10.0000000        0.1778154
      11.0000000        0.1773220
      12.0000000        0.1745523
      13.0000000        0.1716758
      14.0000000        0.1702839
      15.0000000        0.1704664
      16.0000000        0.1709981
       1.0000000        0.0036023
       2.0000000        0.0280455
       3.0000000        0.0585976
       4.0000000        0.0819848
       5.0000000        0.1028108
       6.0000000        0.1243331
       7.0000000        0.1446823
       8.0000000        0.1602042
       9.0000000        0.1685105
      10.0000000        0.1713991
      11.0000000        0.1722960
      12.0000000        0.1734582
      13.0000000        0.1736279
      14.0000000        0.1723470
      15.0000000        0.1722501
      16.0000000        0.1727709
       1.0000000        0.0035485
       2.0000000        0.0264969
       3.0000000        0.0552269
       4.0000000        0.0784238
       5.0000000        0.0991961
       6.0000000        0.1189914
       7.0000000        0.1360528
       8.0000000        0.1488886
       9.0000000        0.1571161
      10.0000000        0.1612668
      11.0000000        0.1640848
      12.0000000        0.1679911
      13.0000000        0.1717402
      14.0000000        0.1752638
      15.0000000        0.1790984
      16.0000000        0.1810194
       1.0000000        0.0036632
       2.0000000        0.0266123
       3.0000000        0.0558505
       4.0000000        0.0798947
       5.0000000        0.1002399
       6.0000000        0.1169441
       7.0000000        0.1312561
       8.0000000        0.1440399
       9.0000000        0.1521866
      10.0000000        0.1557595
      11.0000000        0.1601942
      12.0000000        0.1672322
      13.0000000        0.1763465
      14.0000000        0.1867589
      15.0000000        0.1959964
      16.0000000        0.1998661
       1.0000000        0.0034731
       2.0000000        0.0259648
       3.0000000        0.0556223
       4.0000000        0.0800596
       5.0000000        0.0989862
       6.0000000        0.1132378
       7.0000000        0.1261988
       8.0000000        0.1398158
       9.0000000        0.1522962
      10.0000000        0.1625944
      11.0000000        0.1712815
      12.0000000        0.1790158
      13.0000000        0.1880614
      14.0000000        0.1983889
      15.0000000        0.2057077
      16.0000000        0.2078527
       1.0000000        0.0031091
       2.0000000        0.0243798
       3.0000000        0.0522666
       4.0000000        0.0742699
       5.0000000        0.0913857
       6.0000000        0.1061172
       7.0000000        0.1210072
       8.0000000        0.1381380
       9.0000000        0.1558873
      10.0000000        0.1717017
      11.0000000        0.1844010
      12.0000000        0.1946506
      13.0000000        0.2035480
      14.0000000        0.2112417
      15.0000000        0.2171871
      16.0000000        0.2194666
       1.0000000        0.0028110
       2.0000000        0.0218316
       3.0000000        0.0480256
       4.0000000        0.0701127
       5.0000000        0.0884419
       6.0000000        0.1057512
       7.0000000        0.1242695
       8.0000000        0.1448150
       9.0000000        0.1652660
      10.0000000        0.1833905
      11.0000000        0.1988420
      12.0000000        0.2119984
      13.0000000        0.2229161
      14.0000000        0.2309684
      15.0000000        0.2360529
      16.0000000        0.2379083
       1.0000000        0.0026667
       2.0000000        0.0209314
       3.0000000        0.0476210
       4.0000000        0.0723813
       5.0000000        0.0944312
       6.0000000        0.1145867
       7.0000000        0.1333137
       8.0000000        0.1524321
       9.0000000        0.1719739
      10.0000000        0.1907522
      11.0000000        0.2081162
      12.0000000        0.2234768
      13.0000000        0.2367282
      14.0000000        0.2485572
      15.0000000        0.2569234
      16.0000000        0.2596897
       1.0000000        0.0028490
       2.0000000        0.0227233
       3.0000000        0.0516942
       4.0000000        0.0773710
       5.0000000        0.0988635
       6.0000000        0.1174157
       7.0000000        0.1354829
       8.0000000        0.1548344
       9.0000000        0.1746412
      10.0000000        0.1938245
      11.0000000        0.2108009
      12.0000000        0.2246838
      13.0000000        0.2368422
      14.0000000        0.2465223
      15.0000000        0.2515809
      16.0000000        0.2528138
       1.0000000        0.0033497
       2.0000000        0.0260456
       3.0000000        0.0573182
       4.0000000        0.0832669
       5.0000000        0.1036978
       6.0000000        0.1223717
       7.0000000        0.1423100
       8.0000000        0.1628258
       9.0000000        0.1822682
      10.0000000        0.2007241
      11.0000000        0.2170147
      12.0000000        0.2290941
      13.0000000        0.2375829
      14.0000000        0.2434391
      15.0000000        0.2466353
      16.0000000        0.2474397
       1.0000000        0.0033062
       2.0000000        0.0257906
       3.0000000        0.0563783
       4.0000000        0.0816469
       5.0000000        0.1050499
       6.0000000        0.1292430
       7.0000000        0.1528846
       8.0000000        0.1748518
       9.0000000        0.1942050
      10.0000000        0.2106667
      11.0000000        0.2235968
      12.0000000        0.2330548
      13.0000000        0.2410575
      14.0000000        0.2486334
      15.0000000        0.2548205
      16.0000000        0.2573177
       1.0000000        0.0029006
       2.0000000        0.0235489
       3.0000000        0.0536367
       4.0000000        0.0807142
       5.0000000        0.1054199
       6.0000000        0.1296864
       7.0000000        0.1543226
       8.0000000        0.1783977
       9.0000000        0.1986170
      10.0000000        0.2142842
      11.0000000        0.2265133
      12.0000000        0.2364854
      13.0000000        0.2452031
      14.0000000        0.2520056
      15.0000000        0.2563530
      16.0000000        0.2579337
       1.0000000        0.0031016
       2.0000000        0.0251830
       3.0000000        0.0573118
       4.0000000        0.0862954
       5.0000000        0.1115468
       6.0000000        0.1345284
       7.0000000        0.1570280
       8.0000000        0.1785080
       9.0000000        0.1966903
      10.0000000        0.2118576
      11.0000000        0.2253556
      12.0000000        0.2371981
      13.0000000        0.2469133
      14.0000000        0.2529787
      15.0000000        0.2546972
      16.0000000        0.2546800
       1.0000000        0.0034389
       2.0000000        0.0277132
       3.0000000        0.0640576
       4.0000000        0.0960183
       5.0000000        0.1232635
       6.0000000        0.1476380
       7.0000000        0.1667477
       8.0000000        0.1802199
       9.0000000        0.1930910
      10.0000000        0.2083002
      11.0000000        0.2229969
      12.0000000        0.2349340
      13.0000000        0.2440075
      14.0000000        0.2485736
      15.0000000        0.2485509
      16.0000000        0.2476382
       1.0000000        0.0039966
       2.0000000        0.0320375
       3.0000000        0.0710515
       4.0000000        0.1051765
       5.0000000        0.1346713
       6.0000000        0.1578736
       7.0000000        0.1740118
       8.0000000        0.1872101
       9.0000000        0.2004722
      10.0000000        0.2131894
      11.0000000        0.2231976
      12.0000000        0.2305864
      13.0000000        0.2370864
      14.0000000        0.2430929
      15.0000000        0.2479475
      16.0000000        0.2498491
       1.0000000        0.0046682
       2.0000000        0.0362701
       3.0000000        0.0770713
       4.0000000        0.1093533
       5.0000000        0.1376479
       6.0000000        0.1607772
       7.0000000        0.1778611
       8.0000000        0.1931796
       9.0000000        0.2062680
      10.0000000        0.2152512
      11.0000000        0.2189294
      12.0000000        0.2200993
      13.0000000        0.2234348
      14.0000000        0.2306348
      15.0000000        0.2400984
      16.0000000        0.2447783
       1.0000000        0.0048143
       2.0000000        0.0359201
       3.0000000        0.0746650
       4.0000000        0.1055165
       5.0000000        0.1327071
       6.0000000        0.1577762
       7.0000000        0.1784356
       8.0000000        0.1930521
       9.0000000        0.2004115
      10.0000000        0.2028799
      11.0000000        0.2027681
      12.0000000        0.2027952
      13.0000000        0.2053008
      14.0000000        0.2100198
      15.0000000        0.2131433
      16.0000000        0.2136925
       1.0000000        0.0051784
       2.0000000        0.0367575
       3.0000000        0.0749573
       4.0000000        0.1058411
       5.0000000        0.1299407
       6.0000000        0.1504249
       7.0000000        0.1661785
       8.0000000        0.1757239
       9.0000000        0.1803361
      10.0000000        0.1811153
      11.0000000        0.1814649
      12.0000000        0.1826370
      13.0000000        0.1842320
      14.0000000        0.1856164
      15.0000000        0.1863474
      16.0000000        0.1864416
       1.0000000        0.0057161
       2.0000000        0.0387858
       3.0000000        0.0780772
       4.0000000        0.1071215
       5.0000000        0.1283676
       6.0000000        0.1448435
       7.0000000        0.1559339
       8.0000000        0.1618289
       9.0000000        0.1649812
      10.0000000        0.1657831
      11.0000000        0.1663858
      12.0000000        0.1686316
      13.0000000        0.1711570
      14.0000000        0.1719952
      15.0000000        0.1726867
      16.0000000        0.1733450
       1.0000000        0.0060895
       2.0000000        0.0422333
       3.0000000        0.0827855
       4.0000000        0.1109269
       5.0000000        0.1302999
       6.0000000        0.1446402
       7.0000000        0.1520067
       8.0000000        0.1531880
       9.0000000        0.1533408
      10.0000000        0.1551799
      11.0000000        0.1598196
      12.0000000        0.1632802
      13.0000000        0.1658732
      14.0000000        0.1662664
      15.0000000        0.1645541
      16.0000000        0.1631368
       1.0000000        0.0060953
       2.0000000        0.0451110
       3.0000000        0.0899810
       4.0000000        0.1184747
       5.0000000        0.1356395
       6.0000000        0.1446759
       7.0000000        0.1472600
       8.0000000        0.1487979
       9.0000000        0.1508365
      10.0000000        0.1558338
      11.0000000        0.1619201
      12.0000000        0.1651737
      13.0000000        0.1643548
      14.0000000        0.1652225
      15.0000000        0.1653807
      16.0000000        0.1648705
       1.0000000        0.0061872
       2.0000000        0.0447850
       3.0000000        0.0879929
       4.0000000        0.1135464
       5.0000000        0.1276260
       6.0000000        0.1354501
       7.0000000        0.1398931
       8.0000000        0.1431130
       9.0000000        0.1478636
      10.0000000        0.1542588
      11.0000000        0.1601200
      12.0000000        0.1646419
      13.0000000        0.1680449
      14.0000000        0.1694300
      15.0000000        0.1690545
      16.0000000        0.1685684
       1.0000000        0.0060936
       2.0000000        0.0416340
       3.0000000        0.0782634
       4.0000000        0.1014240
       5.0000000        0.1171297
       6.0000000        0.1290957
       7.0000000        0.1378592
       8.0000000        0.1427830
       9.0000000        0.1454405
      10.0000000        0.1485568
      11.0000000        0.1526858
      12.0000000        0.1569233
      13.0000000        0.1597238
      14.0000000        0.1613500
      15.0000000        0.1608943
      16.0000000        0.1598573
       1.0000000        0.0062700
       2.0000000        0.0416732
       3.0000000        0.0776468
       4.0000000        0.1023700
       5.0000000        0.1192352
       6.0000000        0.1299367
       7.0000000        0.1375346
       8.0000000        0.1443881
       9.0000000        0.1517890
      10.0000000        0.1571106
      11.0000000        0.1596188
      12.0000000        0.1610787
      13.0000000        0.1612520
      14.0000000        0.1613584
      15.0000000        0.1619369
      16.0000000        0.1617031
       1.0000000        0.0064481
       2.0000000        0.0439119
       3.0000000        0.0819628
       4.0000000        0.1042610
       5.0000000        0.1178527
       6.0000000        0.1277845
       7.0000000        0.1347087
       8.0000000        0.1421697
       9.0000000        0.1552011
      10.0000000        0.1669747
      11.0000000        0.1697651
      12.0000000        0.1688223
      13.0000000        0.1680939
      14.0000000        0.1671713
      15.0000000        0.1662343
      16.0000000        0.1655513
       1.0000000        0.0067769
       2.0000000        0.0443191
       3.0000000        0.0813997
       4.0000000        0.1029729
       5.0000000        0.1148561
       6.0000000        0.1206675
       7.0000000        0.1269407
       8.0000000        0.1369777
       9.0000000        0.1500950
      10.0000000        0.1608445
      11.0000000        0.1669186
      12.0000000        0.1701074
      13.0000000        0.1708325
      14.0000000        0.1723090
      15.0000000        0.1762394
      16.0000000        0.1786017
       1.0000000        0.0061929
       2.0000000        0.0401662
       3.0000000        0.0751694
       4.0000000        0.0974501
       5.0000000        0.1095103
       6.0000000        0.1131153
       7.0000000        0.1157795
       8.0000000        0.1233421
       9.0000000        0.1363398
      10.0000000        0.1506461
      11.0000000        0.1607573
      12.0000000        0.1666104
      13.0000000        0.1702847
      14.0000000        0.1731349
      15.0000000        0.1761271
      16.0000000        0.1778587
       1.0000000        0.0055801
       2.0000000        0.0372443
       3.0000000        0.0699430
       4.0000000        0.0915138
       5.0000000        0.1053153
       6.0000000        0.1129607
       7.0000000        0.1191978
       8.0000000        0.1261360
       9.0000000        0.1327540
      10.0000000        0.1406671
      11.0000000        0.1509936
      12.0000000        0.1613128
      13.0000000        0.1689044
      14.0000000        0.1734242
      15.0000000        0.1740247
      16.0000000        0.1732485
       1.0000000        0.0054227
       2.0000000        0.0377765
       3.0000000        0.0718272
       4.0000000        0.0922226
       5.0000000        0.1060424
       6.0000000        0.1182405
       7.0000000        0.1289910
       8.0000000        0.1389824
       9.0000000        0.1467905
      10.0000000        0.1523471
      11.0000000        0.1584111
      12.0000000        0.1662367
      13.0000000        0.1719043
      14.0000000        0.1744852
      15.0000000        0.1745895
      16.0000000        0.1740941
       1.0000000        0.0052618
       2.0000000        0.0374940
       3.0000000        0.0715872
       4.0000000        0.0919818
       5.0000000        0.1071507
       6.0000000        0.1210749
       7.0000000        0.1339338
       8.0000000        0.1471411
       9.0000000        0.1582879
      10.0000000        0.1650181
      11.0000000        0.1693431
      12.0000000        0.1721962
      13.0000000        0.1720783
      14.0000000        0.1700842
      15.0000000        0.1687765
      16.0000000        0.1686428
       1.0000000        0.0053122
       2.0000000        0.0372014
       3.0000000        0.0730950
       4.0000000        0.0986133
       5.0000000        0.1168207
       6.0000000        0.1299333
       7.0000000        0.1418387
       8.0000000        0.1534885
       9.0000000        0.1642341
      10.0000000        0.1742557
      11.0000000        0.1816191
      12.0000000        0.1862162
      13.0000000        0.1894798
      14.0000000        0.1912072
      15.0000000        0.1918336
      16.0000000        0.1917481
       1.0000000        0.0050845
       2.0000000        0.0363932
       3.0000000        0.0726373
       4.0000000        0.0989080
       5.0000000        0.1193671
       6.0000000        0.1348643
       7.0000000        0.1465301
       8.0000000        0.1569991
       9.0000000        0.1674796
      10.0000000        0.1775878
      11.0000000        0.1872547
      12.0000000        0.1967390
      13.0000000        0.2055322
      14.0000000        0.2126688
      15.0000000        0.2159565
      16.0000000        0.2159979
       1.0000000        0.0044302
       2.0000000        0.0318185
       3.0000000        0.0631573
       4.0000000        0.0867983
       5.0000000        0.1081779
       6.0000000        0.1278980
       7.0000000        0.1451549
       8.0000000        0.1599505
       9.0000000        0.1726674
      10.0000000        0.1834412
      11.0000000        0.1932921
      12.0000000        0.2027946
      13.0000000        0.2116721
      14.0000000        0.2182308
      15.0000000        0.2201179
      16.0000000        0.2200001
       1.0000000        0.0040588
       2.0000000        0.0286006
       3.0000000        0.0583006
       4.0000000        0.0832274
       5.0000000        0.1050833
       6.0000000        0.1257416
       7.0000000        0.1450363
       8.0000000        0.1626372
       9.0000000        0.1783167
      10.0000000        0.1907542
      11.0000000        0.2000274
      12.0000000        0.2069435
      13.0000000        0.2139839
      14.0000000        0.2230366
      15.0000000        0.2310178
      16.0000000        0.2339963
       1.0000000        0.0039003
       2.0000000        0.0284880
       3.0000000        0.0593543
       4.0000000        0.0842847
       5.0000000        0.1049095
       6.0000000        0.1250083
       7.0000000        0.1456538
       8.0000000        0.1659152
       9.0000000        0.1835461
      10.0000000        0.1980565
      11.0000000        0.2098891
      12.0000000        0.2185441
      13.0000000        0.2245253
      14.0000000        0.2296662
      15.0000000        0.2332874
      16.0000000        0.2345121
       1.0000000        0.0037620
       2.0000000        0.0290499
       3.0000000        0.0615299
       4.0000000        0.0857587
       5.0000000        0.1057687
       6.0000000        0.1261643
       7.0000000        0.1480510
       8.0000000        0.1704491
       9.0000000        0.1897356
      10.0000000        0.2058809
      11.0000000        0.2185004
      12.0000000        0.2260911
      13.0000000        0.2283263
      14.0000000        0.2284015
      15.0000000        0.2291611
      16.0000000        0.2297794
       1.0000000        0.0036700
       2.0000000        0.0284442
       3.0000000        0.0610820
       4.0000000        0.0865449
       5.0000000        0.1075488
       6.0000000        0.1279801
       7.0000000        0.1479958
       8.0000000        0.1665290
       9.0000000        0.1836735
      10.0000000        0.1993891
      11.0000000        0.2102658
      12.0000000        0.2141692
      13.0000000        0.2143342
      14.0000000        0.2148488
      15.0000000        0.2144412
      16.0000000        0.2137388
       1.0000000        0.0035968
       2.0000000        0.0274549
       3.0000000        0.0581881
       4.0000000        0.0839056
       5.0000000        0.1071536
       6.0000000        0.1295518
       7.0000000        0.1505919
       8.0000000        0.1689070
       9.0000000        0.1837133
      10.0000000        0.1943985
      11.0000000        0.2007433
      12.0000000        0.2029759
      13.0000000        0.2026006
      14.0000000        0.2025954
      15.0000000        0.2039860
      16.0000000        0.2048371
       1.0000000        0.0037667
       2.0000000        0.0281833
       3.0000000        0.0600675
       4.0000000        0.0868695
       5.0000000        0.1110299
       6.0000000        0.1339078
       7.0000000        0.1543662
       8.0000000        0.1708909
       9.0000000        0.1815072
      10.0000000        0.1866739
      11.0000000        0.1893761
      12.0000000        0.1917086
      13.0000000        0.1945120
      14.0000000        0.1965656
      15.0000000        0.1966634
      16.0000000        0.1961284
       1.0000000        0.0040493
       2.0000000        0.0297842
       3.0000000        0.0623940
       4.0000000        0.0909892
       5.0000000        0.1181592
       6.0000000        0.1417847
       7.0000000        0.1599770
       8.0000000        0.1726093
       9.0000000        0.1792865
      10.0000000        0.1812209
      11.0000000        0.1833432
      12.0000000        0.1870041
      13.0000000        0.1913155
      14.0000000        0.1975394
      15.0000000        0.2034607
      16.0000000        0.2056770
       1.0000000        0.0039473
       2.0000000        0.0299704
       3.0000000        0.0655749
       4.0000000        0.0978622
       5.0000000        0.1250508
       6.0000000        0.1447864
       7.0000000        0.1591389
       8.0000000        0.1701317
       9.0000000        0.1780168
      10.0000000        0.1838122
      11.0000000        0.1874462
      12.0000000        0.1894398
      13.0000000        0.1921773
      14.0000000        0.1971246
      15.0000000        0.2014191
      16.0000000        0.2026697
       1.0000000        0.0043239
       2.0000000        0.0338041
       3.0000000        0.0723896
       4.0000000        0.1017381
       5.0000000        0.1247492
       6.0000000        0.1441870
       7.0000000        0.1595993
       8.0000000        0.1716776
       9.0000000        0.1810630
      10.0000000        0.1861038
      11.0000000        0.1870773
      12.0000000        0.1873162
      13.0000000        0.1898571
      14.0000000        0.1939673
      15.0000000        0.1977623
      16.0000000        0.1994250
       1.0000000        0.0051087
       2.0000000        0.0371091
       3.0000000        0.0744313
       4.0000000        0.1001440
       5.0000000        0.1219988
       6.0000000        0.1420815
       7.0000000        0.1573415
       8.0000000        0.1694002
       9.0000000        0.1780763
      10.0000000        0.1824912
      11.0000000        0.1840045
      12.0000000        0.1843335
      13.0000000        0.1859168
      14.0000000        0.1884004
      15.0000000        0.1902950
      16.0000000        0.1910961
       1.0000000        0.0057620
       2.0000000        0.0382750
       3.0000000        0.0722063
       4.0000000        0.0964170
       5.0000000        0.1198065
       6.0000000        0.1411211
       7.0000000        0.1563117
       8.0000000        0.1663575
       9.0000000        0.1747952
      10.0000000        0.1816489
      11.0000000        0.1849003
      12.0000000        0.1866192
      13.0000000        0.1870289
      14.0000000        0.1866038
      15.0000000        0.1870844
      16.0000000        0.1876712
       1.0000000        0.0058553
       2.0000000        0.0370671
       3.0000000        0.0701901
       4.0000000        0.0975140
       5.0000000        0.1240858
       6.0000000        0.1455095
       7.0000000        0.1605488
       8.0000000        0.1716983
       9.0000000        0.1787070
      10.0000000        0.1828735
      11.0000000        0.1876414
      12.0000000        0.1908695
      13.0000000        0.1917230
      14.0000000        0.1926721
      15.0000000        0.1950763
      16.0000000        0.1965374
       1.0000000        0.0058381
       2.0000000        0.0387865
       3.0000000        0.0759592
       4.0000000        0.1054797
       5.0000000        0.1300568
       6.0000000        0.1492666
       7.0000000        0.1628373
       8.0000000        0.1730425
       9.0000000        0.1801481
      10.0000000        0.1831829
      11.0000000        0.1850976
      12.0000000        0.1877286
      13.0000000        0.1903273
      14.0000000        0.1952226
      15.0000000        0.2016943
      16.0000000        0.2046306
       1.0000000        0.0060304
       2.0000000        0.0416166
       3.0000000        0.0791722
       4.0000000        0.1057582
       5.0000000        0.1284129
       6.0000000        0.1474631
       7.0000000        0.1635056
       8.0000000        0.1760018
       9.0000000        0.1838779
      10.0000000        0.1871113
      11.0000000        0.1882496
      12.0000000        0.1915013
      13.0000000        0.1962218
      14.0000000        0.2009300
      15.0000000        0.2044967
      16.0000000        0.2053229
       1.0000000        0.0058849
       2.0000000        0.0398444
       3.0000000        0.0756807
       4.0000000        0.1003682
       5.0000000        0.1210230
       6.0000000        0.1381382
       7.0000000        0.1531151
       8.0000000        0.1663603
       9.0000000        0.1764043
      10.0000000        0.1843223
      11.0000000        0.1915872
      12.0000000        0.1979451
      13.0000000        0.2035500
      14.0000000        0.2079361
      15.0000000        0.2096658
      16.0000000        0.2094000
       1.0000000        0.0054682
       2.0000000        0.0371759
       3.0000000        0.0705546
       4.0000000        0.0937112
       5.0000000        0.1113635
       6.0000000        0.1258379
       7.0000000        0.1395597
       8.0000000        0.1532778
       9.0000000        0.1674084
      10.0000000        0.1816557
      11.0000000        0.1940245
      12.0000000        0.2039893
      13.0000000        0.2130813
      14.0000000        0.2203180
      15.0000000        0.2236863
      16.0000000        0.2245068
       1.0000000        0.0052326
       2.0000000        0.0348979
       3.0000000        0.0689361
       4.0000000        0.0941903
       5.0000000        0.1118670
       6.0000000        0.1245259
       7.0000000        0.1367513
       8.0000000        0.1508267
       9.0000000        0.1652290
      10.0000000        0.1787265
      11.0000000        0.1928209
      12.0000000        0.2069820
      13.0000000        0.2186119
      14.0000000        0.2267611
      15.0000000        0.2314600
      16.0000000        0.2330696
       1.0000000        0.0058331
       2.0000000        0.0393206
       3.0000000        0.0769831
       4.0000000        0.1035113
       5.0000000        0.1222551
       6.0000000        0.1372462
       7.0000000        0.1494281
       8.0000000        0.1622883
       9.0000000        0.1757158
      10.0000000        0.1877318
      11.0000000        0.1991428
      12.0000000        0.2107751
      13.0000000        0.2214679
      14.0000000        0.2281696
      15.0000000        0.2297784
      16.0000000        0.2294938
       1.0000000        0.0059123
       2.0000000        0.0411775
       3.0000000        0.0811253
       4.0000000        0.1093534
       5.0000000        0.1303294
       6.0000000        0.1467868
       7.0000000        0.1585048
       8.0000000        0.1693655
       9.0000000        0.1796217
      10.0000000        0.1897095
      11.0000000        0.2024180
      12.0000000        0.2158635
      13.0000000        0.2252285
      14.0000000        0.2299838
      15.0000000        0.2324197
      16.0000000        0.2333248
       1.0000000        0.0057115
       2.0000000        0.0395295
       3.0000000        0.0786250
       4.0000000        0.1075203
       5.0000000        0.1306057
       6.0000000        0.1482969
       7.0000000        0.1601083
       8.0000000        0.1690073
       9.0000000        0.1764134
      10.0000000        0.1846720
      11.0000000        0.1962660
      12.0000000        0.2093722
      13.0000000        0.2203537
      14.0000000        0.2296959
      15.0000000        0.2370131
      16.0000000        0.2394358
       1.0000000        0.0053934
       2.0000000        0.0363298
       3.0000000        0.0708551
       4.0000000        0.0976689
       5.0000000        0.1203317
       6.0000000        0.1360351
       7.0000000        0.1460059
       8.0000000        0.1555517
       9.0000000        0.1663058
      10.0000000        0.1768958
      11.0000000        0.1856807
      12.0000000        0.1945232
      13.0000000        0.2048569
      14.0000000        0.2160428
      15.0000000        0.2229646
      16.0000000        0.2245347
       1.0000000        0.0050209
       2.0000000        0.0348823
       3.0000000        0.0669232
       4.0000000        0.0908508
       5.0000000        0.1112682
       6.0000000        0.1268263
       7.0000000        0.1381106
       8.0000000        0.1474093
       9.0000000        0.1555765
      10.0000000        0.1620487
      11.0000000        0.1676025
      12.0000000        0.1745002
      13.0000000        0.1832731
      14.0000000        0.1925364
      15.0000000        0.2001259
      16.0000000        0.2028809
       1.0000000        0.0048424
       2.0000000        0.0352074
       3.0000000        0.0704523
       4.0000000        0.0950023
       5.0000000        0.1141934
       6.0000000        0.1300497
       7.0000000        0.1411681
       8.0000000        0.1484594
       9.0000000        0.1520055
      10.0000000        0.1514629
      11.0000000        0.1533233
      12.0000000        0.1621327
      13.0000000        0.1736078
      14.0000000        0.1828679
      15.0000000        0.1875335
      16.0000000        0.1885492
       1.0000000        0.0050603
       2.0000000        0.0367256
       3.0000000        0.0735825
       4.0000000        0.1019197
       5.0000000        0.1250731
       6.0000000        0.1414601
       7.0000000        0.1510798
       8.0000000        0.1572449
       9.0000000        0.1595886
      10.0000000        0.1588411
      11.0000000        0.1587619
      12.0000000        0.1615294
      13.0000000        0.1673980
      14.0000000        0.1739583
      15.0000000        0.1759426
      16.0000000        0.1754310
       1.0000000        0.0046745
       2.0000000        0.0343436
       3.0000000        0.0720486
       4.0000000        0.1024908
       5.0000000        0.1267200
       6.0000000        0.1434891
       7.0000000        0.1526122
       8.0000000        0.1579550
       9.0000000        0.1623419
      10.0000000        0.1646246
      11.0000000        0.1653828
      12.0000000        0.1652889
      13.0000000        0.1654578
      14.0000000        0.1680438
      15.0000000        0.1702612
      16.0000000        0.1705390
       1.0000000        0.0041125
       2.0000000        0.0315432
       3.0000000        0.0670244
       4.0000000        0.0951662
       5.0000000        0.1171624
       6.0000000        0.1325506
       7.0000000        0.1428315
       8.0000000        0.1511403
       9.0000000        0.1579416
      10.0000000        0.1622931
      11.0000000        0.1638394
      12.0000000        0.1626475
      13.0000000        0.1622801
      14.0000000        0.1648808
      15.0000000        0.1665982
      16.0000000        0.1667098
       1.0000000        0.0044194
       2.0000000        0.0333449
       3.0000000        0.0686853
       4.0000000        0.0947282
       5.0000000        0.1134513
       6.0000000        0.1271956
       7.0000000        0.1379986
       8.0000000        0.1468357
       9.0000000        0.1533364
      10.0000000        0.1575101
      11.0000000        0.1604983
      12.0000000        0.1620260
      13.0000000        0.1618878
      14.0000000        0.1608531
      15.0000000        0.1592357
      16.0000000        0.1582913
       1.0000000        0.0050589
       2.0000000        0.0350914
       3.0000000        0.0689551
       4.0000000        0.0937319
       5.0000000        0.1146832
       6.0000000        0.1323273
       7.0000000        0.1456450
       8.0000000        0.1539793
       9.0000000        0.1585276
      10.0000000        0.1612230
      11.0000000        0.1633951
      12.0000000        0.1640334
      13.0000000        0.1632816
      14.0000000        0.1629181
      15.0000000        0.1622954
      16.0000000        0.1619001
       1.0000000        0.0046333
       2.0000000        0.0343443
       3.0000000        0.0691029
       4.0000000        0.0930658
       5.0000000        0.1115626
       6.0000000        0.1267681
       7.0000000        0.1379912
       8.0000000        0.1456273
       9.0000000        0.1519867
      10.0000000        0.1588334
      11.0000000        0.1657097
      12.0000000        0.1700985
      13.0000000        0.1706632
      14.0000000        0.1689382
      15.0000000        0.1669848
      16.0000000        0.1661861
       1.0000000        0.0045306
       2.0000000        0.0332193
       3.0000000        0.0673253
       4.0000000        0.0916704
       5.0000000        0.1096531
       6.0000000        0.1214430
       7.0000000        0.1285289
       8.0000000        0.1334728
       9.0000000        0.1376399
      10.0000000        0.1426316
      11.0000000        0.1475506
      12.0000000        0.1501525
      13.0000000        0.1525835
      14.0000000        0.1558968
      15.0000000        0.1575426
      16.0000000        0.1579134
       1.0000000        0.0045206
       2.0000000        0.0322678
       3.0000000        0.0632451
       4.0000000        0.0840525
       5.0000000        0.0996297
       6.0000000        0.1115336
       7.0000000        0.1195138
       8.0000000        0.1255070
       9.0000000        0.1301861
      10.0000000        0.1333333
      11.0000000        0.1351435
      12.0000000        0.1355857
      13.0000000        0.1361082
      14.0000000        0.1371607
      15.0000000        0.1382687
      16.0000000        0.1387205
       1.0000000        0.0044057
       2.0000000        0.0307495
       3.0000000        0.0606206
       4.0000000        0.0810535
       5.0000000        0.0956224
       6.0000000        0.1073955
       7.0000000        0.1165521
       8.0000000        0.1233363
       9.0000000        0.1277182
      10.0000000        0.1288524
      11.0000000        0.1271851
      12.0000000        0.1261895
      13.0000000        0.1278621
      14.0000000        0.1313207
      15.0000000        0.1341400
      16.0000000        0.1350081
       1.0000000        0.0044372
       2.0000000        0.0321089
       3.0000000        0.0640976
       4.0000000        0.0860906
       5.0000000        0.1019045
       6.0000000        0.1139097
       7.0000000        0.1233266
       8.0000000        0.1305597
       9.0000000        0.1348304
      10.0000000        0.1349924
      11.0000000        0.1318174
      12.0000000        0.1295944
      13.0000000        0.1308220
      14.0000000        0.1339418
      15.0000000        0.1361979
      16.0000000        0.1367498
       1.0000000        0.0047434
       2.0000000        0.0346198
       3.0000000        0.0691097
       4.0000000        0.0932774
       5.0000000        0.1122775
       6.0000000        0.1272085
       7.0000000        0.1373440
       8.0000000        0.1435256
       9.0000000        0.1474210
      10.0000000        0.1478574
      11.0000000        0.1448605
      12.0000000        0.1412317
      13.0000000        0.1399092
      14.0000000        0.1414909
      15.0000000        0.1445395
      16.0000000        0.1462810
       1.0000000        0.0048316
       2.0000000        0.0359480
       3.0000000        0.0724804
       4.0000000        0.0984992
       5.0000000        0.1205995
       6.0000000        0.1361980
       7.0000000        0.1446064
       8.0000000        0.1499691
       9.0000000        0.1532337
      10.0000000        0.1530089
      11.0000000        0.1499151
      12.0000000        0.1464394
      13.0000000        0.1466927
      14.0000000        0.1492686
      15.0000000        0.1498371
      16.0000000        0.1498802
       1.0000000        0.0047421
       2.0000000        0.0359061
       3.0000000        0.0734022
       4.0000000        0.1003048
       5.0000000        0.1192373
       6.0000000        0.1313128
       7.0000000        0.1385238
       8.0000000        0.1416186
       9.0000000        0.1422569
      10.0000000        0.1425843
      11.0000000        0.1428639
      12.0000000        0.1435916
      13.0000000        0.1464705
      14.0000000        0.1497489
      15.0000000        0.1539322
      16.0000000        0.1571543
       1.0000000        0.0043035
       2.0000000        0.0324953
       3.0000000        0.0675910
       4.0000000        0.0924451
       5.0000000        0.1096025
       6.0000000        0.1214423
       7.0000000        0.1283266
       8.0000000        0.1308353
       9.0000000        0.1307857
      10.0000000        0.1300718
      11.0000000        0.1312975
      12.0000000        0.1352780
      13.0000000        0.1405222
      14.0000000        0.1450393
      15.0000000        0.1472497
      16.0000000        0.1476964
       1.0000000        0.0036244
       2.0000000        0.0281520
       3.0000000        0.0595151
       4.0000000        0.0824055
       5.0000000        0.0988894
       6.0000000        0.1110386
       7.0000000        0.1186013
       8.0000000        0.1215328
       9.0000000        0.1222113
      10.0000000        0.1225921
      11.0000000        0.1247615
      12.0000000        0.1282523
      13.0000000        0.1309927
      14.0000000        0.1316017
      15.0000000        0.1303873
      16.0000000        0.1295467
       1.0000000        0.0034224
       2.0000000        0.0267791
       3.0000000        0.0567575
       4.0000000        0.0803642
       5.0000000        0.0987513
       6.0000000        0.1118427
       7.0000000        0.1188166
       8.0000000        0.1207881
       9.0000000        0.1212914
      10.0000000        0.1220814
      11.0000000        0.1227650
      12.0000000        0.1232908
      13.0000000        0.1248627
      14.0000000        0.1281713
      15.0000000        0.1312544
      16.0000000        0.1323608
       1.0000000        0.0039312
       2.0000000        0.0289303
       3.0000000        0.0592081
       4.0000000        0.0835916
       5.0000000        0.1029792
       6.0000000        0.1162195
       7.0000000        0.1229662
       8.0000000        0.1253912
       9.0000000        0.1248116
      10.0000000        0.1230881
      11.0000000        0.1232899
      12.0000000        0.1258022
      13.0000000        0.1289625
      14.0000000        0.1320802
      15.0000000        0.1344723
      16.0000000        0.1351516
       1.0000000        0.0039459
       2.0000000        0.0282062
       3.0000000        0.0577423
       4.0000000        0.0815839
       5.0000000        0.1001218
       6.0000000        0.1123230
       7.0000000        0.1197398
       8.0000000        0.1231770
       9.0000000        0.1237845
      10.0000000        0.1244542
      11.0000000        0.1262022
      12.0000000        0.1276141
      13.0000000        0.1275031
      14.0000000        0.1268084
      15.0000000        0.1273295
      16.0000000        0.1282841
       1.0000000        0.0040954
       2.0000000        0.0289347
       3.0000000        0.0593391
       4.0000000        0.0843832
       5.0000000        0.1033356
       6.0000000        0.1159077
       7.0000000        0.1222044
       8.0000000        0.1253766
       9.0000000        0.1291710
      10.0000000        0.1335274
      11.0000000        0.1359127
      12.0000000        0.1351844
      13.0000000        0.1331537
      14.0000000        0.1326039
      15.0000000        0.1336645
      16.0000000        0.1344129
       1.0000000        0.0045987
       2.0000000        0.0329055
       3.0000000        0.0673935
       4.0000000        0.0940397
       5.0000000        0.1133097
       6.0000000        0.1261221
       7.0000000        0.1330871
       8.0000000        0.1381686
       9.0000000        0.1437597
      10.0000000        0.1465647
      11.0000000        0.1457126
      12.0000000        0.1436191
      13.0000000        0.1424425
      14.0000000        0.1412729
      15.0000000        0.1387271
      16.0000000        0.1372466
       1.0000000        0.0053654
       2.0000000        0.0392522
       3.0000000        0.0783828
       4.0000000        0.1070171
       5.0000000        0.1288072
       6.0000000        0.1433306
       7.0000000        0.1505345
       8.0000000        0.1549846
       9.0000000        0.1587656
      10.0000000        0.1595726
      11.0000000        0.1561933
      12.0000000        0.1497819
      13.0000000        0.1451411
      14.0000000        0.1417356
      15.0000000        0.1377767
      16.0000000        0.1360687
       1.0000000        0.0058241
       2.0000000        0.0424820
       3.0000000        0.0848535
       4.0000000        0.1124966
       5.0000000        0.1305972
       6.0000000        0.1432421
       7.0000000        0.1526335
       8.0000000        0.1588525
       9.0000000        0.1602108
      10.0000000        0.1573319
      11.0000000        0.1552722
      12.0000000        0.1535508
      13.0000000        0.1481753
      14.0000000        0.1408505
      15.0000000        0.1364070
      16.0000000        0.1351155
       1.0000000        0.0061343
       2.0000000        0.0437124
       3.0000000        0.0836949
       4.0000000        0.1086036
       5.0000000        0.1265020
       6.0000000        0.1414409
       7.0000000        0.1543643
       8.0000000        0.1624171
       9.0000000        0.1618451
      10.0000000        0.1559795
      11.0000000        0.1522160
      12.0000000        0.1507414
      13.0000000        0.1473562
      14.0000000        0.1427144
      15.0000000        0.1405802
      16.0000000        0.1403416
       1.0000000        0.0056688
       2.0000000        0.0405091
       3.0000000        0.0780132
       4.0000000        0.1013723
       5.0000000        0.1179330
       6.0000000        0.1311139
       7.0000000        0.1413188
       8.0000000        0.1484151
       9.0000000        0.1523580
      10.0000000        0.1523938
      11.0000000        0.1493977
      12.0000000        0.1452809
      13.0000000        0.1417042
      14.0000000        0.1385902
      15.0000000        0.1357765
      16.0000000        0.1343242
       1.0000000        0.0059882
       2.0000000        0.0412978
       3.0000000        0.0789869
       4.0000000        0.1009450
       5.0000000        0.1125780
       6.0000000        0.1197678
       7.0000000        0.1251401
       8.0000000        0.1304852
       9.0000000        0.1347987
      10.0000000        0.1382602
      11.0000000        0.1411143
      12.0000000        0.1425818
      13.0000000        0.1414396
      14.0000000        0.1394461
      15.0000000        0.1373056
      16.0000000        0.1362125
       1.0000000        0.0068258
       2.0000000        0.0436087
       3.0000000        0.0807862
       4.0000000        0.1027000
       5.0000000        0.1146992
       6.0000000        0.1199280
       7.0000000        0.1232135
       8.0000000        0.1283878
       9.0000000        0.1333457
      10.0000000        0.1365507
      11.0000000        0.1403587
      12.0000000        0.1433872
      13.0000000        0.1432451
      14.0000000        0.1415716
      15.0000000        0.1397436
      16.0000000        0.1391877
       1.0000000        0.0068862
       2.0000000        0.0430762
       3.0000000        0.0787771
       4.0000000        0.1006001
       5.0000000        0.1154548
       6.0000000        0.1260705
       7.0000000        0.1319704
       8.0000000        0.1348269
       9.0000000        0.1377659
      10.0000000        0.1389191
      11.0000000        0.1383945
      12.0000000        0.1372761
      13.0000000        0.1369429
      14.0000000        0.1379115
      15.0000000        0.1380674
      16.0000000        0.1379080
       1.0000000        0.0064231
       2.0000000        0.0401645
       3.0000000        0.0737583
       4.0000000        0.0964266
       5.0000000        0.1140273
       6.0000000        0.1272595
       7.0000000        0.1348797
       8.0000000        0.1380153
       9.0000000        0.1398027
      10.0000000        0.1396849
      11.0000000        0.1377234
      12.0000000        0.1349577
      13.0000000        0.1343359
      14.0000000        0.1368082
      15.0000000        0.1384271
      16.0000000        0.1384811
       1.0000000        0.0059408
       2.0000000        0.0379312
       3.0000000        0.0715688
       4.0000000        0.0967577
       5.0000000        0.1146557
       6.0000000        0.1256851
       7.0000000        0.1333377
       8.0000000        0.1387499
       9.0000000        0.1409731
      10.0000000        0.1417990
      11.0000000        0.1419295
      12.0000000        0.1402661
      13.0000000        0.1374637
      14.0000000        0.1358255
      15.0000000        0.1353266
      16.0000000        0.1349191
       1.0000000        0.0057837
       2.0000000        0.0384944
       3.0000000        0.0736598
       4.0000000        0.0989002
       5.0000000        0.1163442
       6.0000000        0.1263717
       7.0000000        0.1334155
       8.0000000        0.1395468
       9.0000000        0.1435294
      10.0000000        0.1455420
      11.0000000        0.1469007
      12.0000000        0.1465477
      13.0000000        0.1434727
      14.0000000        0.1390220
      15.0000000        0.1366360
      16.0000000        0.1365777
       1.0000000        0.0057549
       2.0000000        0.0405347
       3.0000000        0.0782147
       4.0000000        0.1030429
       5.0000000        0.1192192
       6.0000000        0.1299493
       7.0000000        0.1377200
       8.0000000        0.1443212
       9.0000000        0.1487564
      10.0000000        0.1510383
      11.0000000        0.1523773
      12.0000000        0.1531257
      13.0000000        0.1525494
      14.0000000        0.1498891
      15.0000000        0.1475656
      16.0000000        0.1469818
       1.0000000        0.0057762
       2.0000000        0.0408534
       3.0000000        0.0781322
       4.0000000        0.1011470
       5.0000000        0.1185606
       6.0000000        0.1314929
       7.0000000        0.1393684
       8.0000000        0.1445135
       9.0000000        0.1474226
      10.0000000        0.1496325
      11.0000000        0.1537220
      12.0000000        0.1581970
      13.0000000        0.1593846
      14.0000000        0.1573522
      15.0000000        0.1545899
      16.0000000        0.1534414
       1.0000000        0.0055569
       2.0000000        0.0376336
       3.0000000        0.0736094
       4.0000000        0.0999742
       5.0000000        0.1207791
       6.0000000        0.1362445
       7.0000000        0.1461125
       8.0000000        0.1529336
       9.0000000        0.1561264
      10.0000000        0.1560517
      11.0000000        0.1571837
      12.0000000        0.1599839
      13.0000000        0.1616876
      14.0000000        0.1617082
      15.0000000        0.1625839
      16.0000000        0.1640546
       1.0000000        0.0051788
       2.0000000        0.0364868
       3.0000000        0.0734427
       4.0000000        0.1026198
       5.0000000        0.1260125
       6.0000000        0.1430815
       7.0000000        0.1530065
       8.0000000        0.1587333
       9.0000000        0.1606929
      10.0000000        0.1613144
      11.0000000        0.1634664
      12.0000000        0.1672968
      13.0000000        0.1706031
      14.0000000        0.1722971
      15.0000000        0.1735958
      16.0000000        0.1749506
       1.0000000        0.0050086
       2.0000000        0.0357979
       3.0000000        0.0740860
       4.0000000        0.1042381
       5.0000000        0.1284080
       6.0000000        0.1461793
       7.0000000        0.1578377
       8.0000000        0.1654562
       9.0000000        0.1706260
      10.0000000        0.1746594
      11.0000000        0.1788381
      12.0000000        0.1825583
      13.0000000        0.1850571
      14.0000000        0.1861119
      15.0000000        0.1866310
      16.0000000        0.1869631
       1.0000000        0.0047496
       2.0000000        0.0358399
       3.0000000        0.0754515
       4.0000000        0.1060519
       5.0000000        0.1301455
       6.0000000        0.1492169
       7.0000000        0.1638583
       8.0000000        0.1760364
       9.0000000        0.1848498
      10.0000000        0.1912606
      11.0000000        0.1978934
      12.0000000        0.2035525
      13.0000000        0.2051309
      14.0000000        0.2011328
      15.0000000        0.1967092
      16.0000000        0.1952070
       1.0000000        0.0052057
       2.0000000        0.0376845
       3.0000000        0.0775997
       4.0000000        0.1086717
       5.0000000        0.1345423
       6.0000000        0.1565725
       7.0000000        0.1751143
       8.0000000        0.1908307
       9.0000000        0.2034469
      10.0000000        0.2130938
      11.0000000        0.2196083
      12.0000000        0.2213644
      13.0000000        0.2199384
      14.0000000        0.2160269
      15.0000000        0.2132878
      16.0000000        0.2129368
       1.0000000        0.0053755
       2.0000000        0.0377143
       3.0000000        0.0763652
       4.0000000        0.1068550
       5.0000000        0.1339341
       6.0000000        0.1600237
       7.0000000        0.1816323
       8.0000000        0.1961510
       9.0000000        0.2016183
      10.0000000        0.2015212
      11.0000000        0.2017107
      12.0000000        0.2034427
      13.0000000        0.2061954
      14.0000000        0.2086488
      15.0000000        0.2106299
      16.0000000        0.2112533
       1.0000000        0.0054483
       2.0000000        0.0391100
       3.0000000        0.0777199
       4.0000000        0.1066146
       5.0000000        0.1312599
       6.0000000        0.1529490
       7.0000000        0.1704279
       8.0000000        0.1825729
       9.0000000        0.1877562
      10.0000000        0.1890107
      11.0000000        0.1910105
      12.0000000        0.1938179
      13.0000000        0.1960010
      14.0000000        0.1986372
      15.0000000        0.2013411
      16.0000000        0.2021897
       1.0000000        0.0057098
       2.0000000        0.0412608
       3.0000000        0.0821633
       4.0000000        0.1111412
       5.0000000        0.1321404
       6.0000000        0.1474846
       7.0000000        0.1592209
       8.0000000        0.1689076
       9.0000000        0.1770707
      10.0000000        0.1860859
      11.0000000        0.1960351
      12.0000000        0.2023444
      13.0000000        0.2033275
      14.0000000        0.2023978
      15.0000000        0.2008775
      16.0000000        0.1999444
       1.0000000        0.0054633
       2.0000000        0.0408284
       3.0000000        0.0828262
       4.0000000        0.1104670
       5.0000000        0.1282942
       6.0000000        0.1390284
       7.0000000        0.1473814
       8.0000000        0.1580844
       9.0000000        0.1680252
      10.0000000        0.1756627
      11.0000000        0.1850089
      12.0000000        0.1950126
      13.0000000        0.1992873
      14.0000000        0.1973815
      15.0000000        0.1928191
      16.0000000        0.1902575
       1.0000000        0.0052824
       2.0000000        0.0395315
       3.0000000        0.0814998
       4.0000000        0.1082732
       5.0000000        0.1249967
       6.0000000        0.1367936
       7.0000000        0.1442098
       8.0000000        0.1503442
       9.0000000        0.1580328
      10.0000000        0.1666094
      11.0000000        0.1768275
      12.0000000        0.1860889
      13.0000000        0.1902130
      14.0000000        0.1913485
      15.0000000        0.1922195
      16.0000000        0.1926422
       1.0000000        0.0052493
       2.0000000        0.0404300
       3.0000000        0.0820346
       4.0000000        0.1080146
       5.0000000        0.1248820
       6.0000000        0.1367842
       7.0000000        0.1440852
       8.0000000        0.1498402
       9.0000000        0.1562446
      10.0000000        0.1622616
      11.0000000        0.1675177
      12.0000000        0.1718546
      13.0000000        0.1750598
      14.0000000        0.1770599
      15.0000000        0.1799916
      16.0000000        0.1822623
       1.0000000        0.0053509
       2.0000000        0.0408431
       3.0000000        0.0810519
       4.0000000        0.1073034
       5.0000000        0.1252034
       6.0000000        0.1397333
       7.0000000        0.1511296
       8.0000000        0.1588612
       9.0000000        0.1616296
      10.0000000        0.1607887
      11.0000000        0.1616966
      12.0000000        0.1660962
      13.0000000        0.1714698
      14.0000000        0.1764710
      15.0000000        0.1807276
      16.0000000        0.1825517
       1.0000000        0.0056874
       2.0000000        0.0425591
       3.0000000        0.0830938
       4.0000000        0.1110327
       5.0000000        0.1319099
       6.0000000        0.1499666
       7.0000000        0.1620395
       8.0000000        0.1679579
       9.0000000        0.1699906
      10.0000000        0.1716868
      11.0000000        0.1759813
      12.0000000        0.1806418
      13.0000000        0.1829010
      14.0000000        0.1846160
      15.0000000        0.1867174
      16.0000000        0.1876450
       1.0000000        0.0062986
       2.0000000        0.0440546
       3.0000000        0.0849207
       4.0000000        0.1132600
       5.0000000        0.1368495
       6.0000000        0.1569238
       7.0000000        0.1698017
       8.0000000        0.1763609
       9.0000000        0.1786935
      10.0000000        0.1802176
      11.0000000        0.1822823
      12.0000000        0.1825309
      13.0000000        0.1822810
      14.0000000        0.1821940
      15.0000000        0.1806227
      16.0000000        0.1791800
       1.0000000        0.0060255
       2.0000000        0.0431595
       3.0000000        0.0844961
       4.0000000        0.1132523
       5.0000000        0.1369501
       6.0000000        0.1572450
       7.0000000        0.1711986
       8.0000000        0.1791096
       9.0000000        0.1822099
      10.0000000        0.1815606
      11.0000000        0.1783952
      12.0000000        0.1758595
      13.0000000        0.1757989
      14.0000000        0.1740798
      15.0000000        0.1694573
      16.0000000        0.1669672
       1.0000000        0.0058658
       2.0000000        0.0423666
       3.0000000        0.0841388
       4.0000000        0.1135517
       5.0000000        0.1373658
       6.0000000        0.1595489
       7.0000000        0.1751368
       8.0000000        0.1804612
       9.0000000        0.1812277
      10.0000000        0.1813913
      11.0000000        0.1793312
      12.0000000        0.1766913
      13.0000000        0.1747600
      14.0000000        0.1721530
      15.0000000        0.1695645
      16.0000000        0.1687216
       1.0000000        0.0054967
       2.0000000        0.0412936
       3.0000000        0.0854115
       4.0000000        0.1163594
       5.0000000        0.1401400
       6.0000000        0.1607627
       7.0000000        0.1741350
       8.0000000        0.1778367
       9.0000000        0.1778417
      10.0000000        0.1775221
      11.0000000        0.1764683
      12.0000000        0.1743998
      13.0000000        0.1717371
      14.0000000        0.1678766
      15.0000000        0.1630004
      16.0000000        0.1605642
       1.0000000        0.0049295
       2.0000000        0.0384894
       3.0000000        0.0824181
       4.0000000        0.1141557
       5.0000000        0.1361752
       6.0000000        0.1524097
       7.0000000        0.1637189
       8.0000000        0.1703128
       9.0000000        0.1724898
      10.0000000        0.1717533
      11.0000000        0.1682597
      12.0000000        0.1638443
      13.0000000        0.1602335
      14.0000000        0.1574121
      15.0000000        0.1551410
      16.0000000        0.1541135
       1.0000000        0.0047102
       2.0000000        0.0385836
       3.0000000        0.0844064
       4.0000000        0.1138066
       5.0000000        0.1294134
       6.0000000        0.1421333
       7.0000000        0.1542882
       8.0000000        0.1630051
       9.0000000        0.1672973
      10.0000000        0.1673527
      11.0000000        0.1637371
      12.0000000        0.1584243
      13.0000000        0.1543790
      14.0000000        0.1523056
      15.0000000        0.1509355
      16.0000000        0.1505065
       1.0000000        0.0052945
       2.0000000        0.0422652
       3.0000000        0.0872006
       4.0000000        0.1109913
       5.0000000        0.1259608
       6.0000000        0.1422125
       7.0000000        0.1531707
       8.0000000        0.1580641
       9.0000000        0.1628121
      10.0000000        0.1669126
      11.0000000        0.1698079
      12.0000000        0.1695473
      13.0000000        0.1683156
      14.0000000        0.1681444
      15.0000000        0.1677465
      16.0000000        0.1673959
       1.0000000        0.0054678
       2.0000000        0.0416081
       3.0000000        0.0840224
       4.0000000        0.1091305
       5.0000000        0.1284910
       6.0000000        0.1431603
       7.0000000        0.1486944
       8.0000000        0.1545391
       9.0000000        0.1633402
      10.0000000        0.1706741
      11.0000000        0.1749592
      12.0000000        0.1784619
      13.0000000        0.1815028
      14.0000000        0.1836452
      15.0000000        0.1856979
      16.0000000        0.1867486
       1.0000000        0.0055316
       2.0000000        0.0404671
       3.0000000        0.0809963
       4.0000000        0.1092775
       5.0000000        0.1319473
       6.0000000        0.1479862
       7.0000000        0.1541025
       8.0000000        0.1572732
       9.0000000        0.1633218
      10.0000000        0.1706605
      11.0000000        0.1769228
      12.0000000        0.1844201
      13.0000000        0.1917156
      14.0000000        0.1972125
      15.0000000        0.2022969
      16.0000000        0.2051245
       1.0000000        0.0052696
       2.0000000        0.0388957
       3.0000000        0.0793097
       4.0000000        0.1108847
       5.0000000        0.1352749
       6.0000000        0.1493302
       7.0000000        0.1531484
       8.0000000        0.1546769
       9.0000000        0.1605105
      10.0000000        0.1689698
      11.0000000        0.1781378
      12.0000000        0.1866962
      13.0000000        0.1931188
      14.0000000        0.1981187
      15.0000000        0.2012878
      16.0000000        0.2026236
       1.0000000        0.0048207
       2.0000000        0.0370350
       3.0000000        0.0780380
       4.0000000        0.1115603
       5.0000000        0.1385787
       6.0000000        0.1550032
       7.0000000        0.1602283
       8.0000000        0.1628581
       9.0000000        0.1699717
      10.0000000        0.1797196
      11.0000000        0.1891213
      12.0000000        0.1970578
      13.0000000        0.2032433
      14.0000000        0.2062582
      15.0000000        0.2064701
      16.0000000        0.2066874
       1.0000000        0.0045640
       2.0000000        0.0350861
       3.0000000        0.0758494
       4.0000000        0.1114790
       5.0000000        0.1429974
       6.0000000        0.1654474
       7.0000000        0.1745022
       8.0000000        0.1747865
       9.0000000        0.1756132
      10.0000000        0.1800734
      11.0000000        0.1870857
      12.0000000        0.1956771
      13.0000000        0.2049952
      14.0000000        0.2132315
      15.0000000        0.2173983
      16.0000000        0.2182166
       1.0000000        0.0045062
       2.0000000        0.0350854
       3.0000000        0.0774126
       4.0000000        0.1160119
       5.0000000        0.1506151
       6.0000000        0.1732645
       7.0000000        0.1809342
       8.0000000        0.1813492
       9.0000000        0.1817537
      10.0000000        0.1837042
      11.0000000        0.1881694
      12.0000000        0.1960692
      13.0000000        0.2060463
      14.0000000        0.2163656
      15.0000000        0.2244941
      16.0000000        0.2275176
       1.0000000        0.0048743
       2.0000000        0.0368560
       3.0000000        0.0814049
       4.0000000        0.1220201
       5.0000000        0.1556427
       6.0000000        0.1769412
       7.0000000        0.1864041
       8.0000000        0.1909333
       9.0000000        0.1942121
      10.0000000        0.1964293
      11.0000000        0.1983618
      12.0000000        0.2032325
      13.0000000        0.2132297
      14.0000000        0.2248744
      15.0000000        0.2319314
      16.0000000        0.2336161
       1.0000000        0.0054113
       2.0000000        0.0411703
       3.0000000        0.0890009
       4.0000000        0.1293751
       5.0000000        0.1603635
       6.0000000        0.1815098
       7.0000000        0.1947542
       8.0000000        0.2028673
       9.0000000        0.2069189
      10.0000000        0.2092036
      11.0000000        0.2117430
      12.0000000        0.2158995
      13.0000000        0.2215170
      14.0000000        0.2266553
      15.0000000        0.2290566
      16.0000000        0.2295783
       1.0000000        0.0058940
       2.0000000        0.0442055
       3.0000000        0.0947235
       4.0000000        0.1365677
       5.0000000        0.1677279
       6.0000000        0.1900250
       7.0000000        0.2058394
       8.0000000        0.2159657
       9.0000000        0.2192477
      10.0000000        0.2183079
      11.0000000        0.2171199
      12.0000000        0.2171596
      13.0000000        0.2166262
      14.0000000        0.2142686
      15.0000000        0.2115100
      16.0000000        0.2104377
       1.0000000        0.0066090
       2.0000000        0.0472445
       3.0000000        0.1011285
       4.0000000        0.1483620
       5.0000000        0.1847188
       6.0000000        0.2086705
       7.0000000        0.2216958
       8.0000000        0.2263708
       9.0000000        0.2244146
      10.0000000        0.2196556
      11.0000000        0.2149968
      12.0000000        0.2101477
      13.0000000        0.2066072
      14.0000000        0.2051641
      15.0000000        0.2038620
      16.0000000        0.2030171
       1.0000000        0.0068840
       2.0000000        0.0485281
       3.0000000        0.1014604
       4.0000000        0.1476784
       5.0000000        0.1846000
       6.0000000        0.2080505
       7.0000000        0.2171853
       8.0000000        0.2191392
       9.0000000        0.2184343
      10.0000000        0.2156724
      11.0000000        0.2117318
      12.0000000        0.2084896
      13.0000000        0.2041715
      14.0000000        0.1979727
      15.0000000        0.1923998
      16.0000000        0.1902169
       1.0000000        0.0071253
       2.0000000        0.0496982
       3.0000000        0.1017944
       4.0000000        0.1441614
       5.0000000        0.1763557
       6.0000000        0.1969689
       7.0000000        0.2077168
       8.0000000        0.2135741
       9.0000000        0.2152802
      10.0000000        0.2131136
      11.0000000        0.2092382
      12.0000000        0.2025847
      13.0000000        0.1920173
      14.0000000        0.1796602
      15.0000000        0.1697417
      16.0000000        0.1661884
       1.0000000        0.0073018
       2.0000000        0.0520457
       3.0000000        0.1051815
       4.0000000        0.1456035
       5.0000000        0.1742506
       6.0000000        0.1932979
       7.0000000        0.2055425
       8.0000000        0.2132734
       9.0000000        0.2164224
      10.0000000        0.2145328
      11.0000000        0.2064696
      12.0000000        0.1930818
      13.0000000        0.1791656
      14.0000000        0.1673021
      15.0000000        0.1579361
      16.0000000        0.1542366
       1.0000000        0.0076714
       2.0000000        0.0552282
       3.0000000        0.1105473
       4.0000000        0.1499591
       5.0000000        0.1789020
       6.0000000        0.1962451
       7.0000000        0.2049161
       8.0000000        0.2114819
       9.0000000        0.2126900
      10.0000000        0.2065503
      11.0000000        0.1971838
      12.0000000        0.1863941
      13.0000000        0.1760830
      14.0000000        0.1683933
      15.0000000        0.1650129
      16.0000000        0.1641915
       1.0000000        0.0074861
       2.0000000        0.0549096
       3.0000000        0.1104021
       4.0000000        0.1486001
       5.0000000        0.1756655
       6.0000000        0.1929249
       7.0000000        0.2028290
       8.0000000        0.2075807
       9.0000000        0.2058493
      10.0000000        0.1996934
      11.0000000        0.1908099
      12.0000000        0.1814271
      13.0000000        0.1740074
      14.0000000        0.1708824
      15.0000000        0.1710477
      16.0000000        0.1712486
       1.0000000        0.0068546
       2.0000000        0.0530247
       3.0000000        0.1082105
       4.0000000        0.1418121
       5.0000000        0.1629250
       6.0000000        0.1786381
       7.0000000        0.1913771
       8.0000000        0.2013241
       9.0000000        0.2057056
      10.0000000        0.2019657
      11.0000000        0.1899761
      12.0000000        0.1774000
      13.0000000        0.1726307
      14.0000000        0.1722720
      15.0000000        0.1696195
      16.0000000        0.1672666
       1.0000000        0.0069318
       2.0000000        0.0529245
       3.0000000        0.1070122
       4.0000000        0.1391791
       5.0000000        0.1598281
       6.0000000        0.1750467
       7.0000000        0.1860358
       8.0000000        0.1949863
       9.0000000        0.1998638
      10.0000000        0.1985469
      11.0000000        0.1917024
      12.0000000        0.1830046
      13.0000000        0.1767622
      14.0000000        0.1719005
      15.0000000        0.1674337
      16.0000000        0.1653900
       1.0000000        0.0071717
       2.0000000        0.0549099
       3.0000000        0.1108885
       4.0000000        0.1444355
       5.0000000        0.1629175
       6.0000000        0.1734911
       7.0000000        0.1815870
       8.0000000        0.1876888
       9.0000000        0.1907301
      10.0000000        0.1925983
      11.0000000        0.1903169
      12.0000000        0.1857805
      13.0000000        0.1841175
      14.0000000        0.1834525
      15.0000000        0.1831076
      16.0000000        0.1833678
       1.0000000        0.0078299
       2.0000000        0.0589498
       3.0000000        0.1147221
       4.0000000        0.1448207
       5.0000000        0.1609801
       6.0000000        0.1687607
       7.0000000        0.1768997
       8.0000000        0.1857020
       9.0000000        0.1897074
      10.0000000        0.1893334
      11.0000000        0.1885979
      12.0000000        0.1896794
      13.0000000        0.1929997
      14.0000000        0.1989316
      15.0000000        0.2043121
      16.0000000        0.2057976
       1.0000000        0.0081629
       2.0000000        0.0571234
       3.0000000        0.1070673
       4.0000000        0.1333561
       5.0000000        0.1508431
       6.0000000        0.1644217
       7.0000000        0.1778073
       8.0000000        0.1871841
       9.0000000        0.1888331
      10.0000000        0.1879869
      11.0000000        0.1895224
      12.0000000        0.1920748
      13.0000000        0.1961799
      14.0000000        0.2023952
      15.0000000        0.2093507
      16.0000000        0.2123634
       1.0000000        0.0076088
       2.0000000        0.0536160
       3.0000000        0.1012651
       4.0000000        0.1297239
       5.0000000        0.1517929
       6.0000000        0.1685527
       7.0000000        0.1796164
       8.0000000        0.1903970
       9.0000000        0.1978242
      10.0000000        0.1985727
      11.0000000        0.1954142
      12.0000000        0.1938382
      13.0000000        0.1960231
      14.0000000        0.2019443
      15.0000000        0.2088597
      16.0000000        0.2118654
       1.0000000        0.0067741
       2.0000000        0.0477791
       3.0000000        0.0931031
       4.0000000        0.1242316
       5.0000000        0.1493638
       6.0000000        0.1685812
       7.0000000        0.1821552
       8.0000000        0.1921474
       9.0000000        0.1986638
      10.0000000        0.1993889
      11.0000000        0.1946233
      12.0000000        0.1892303
      13.0000000        0.1868131
      14.0000000        0.1874386
      15.0000000        0.1878202
      16.0000000        0.1873960
       1.0000000        0.0062967
       2.0000000        0.0440550
       3.0000000        0.0886082
       4.0000000        0.1211067
       5.0000000        0.1453901
       6.0000000        0.1636957
       7.0000000        0.1781867
       8.0000000        0.1895820
       9.0000000        0.1961079
      10.0000000        0.1959971
      11.0000000        0.1910640
      12.0000000        0.1847372
      13.0000000        0.1814697
      14.0000000        0.1822606
      15.0000000        0.1829174
      16.0000000        0.1828338
       1.0000000        0.0066345
       2.0000000        0.0478978
       3.0000000        0.0949248
       4.0000000        0.1276924
       5.0000000        0.1504809
       6.0000000        0.1647892
       7.0000000        0.1757704
       8.0000000        0.1881366
       9.0000000        0.1982493
      10.0000000        0.2030184
      11.0000000        0.2028038
      12.0000000        0.1982450
      13.0000000        0.1941238
      14.0000000        0.1931655
      15.0000000        0.1932619
      16.0000000        0.1930485
       1.0000000        0.0070456
       2.0000000        0.0513498
       3.0000000        0.1013203
       4.0000000        0.1339489
       5.0000000        0.1564757
       6.0000000        0.1690690
       7.0000000        0.1761237
       8.0000000        0.1864130
       9.0000000        0.1976632
      10.0000000        0.2046338
      11.0000000        0.2052050
      12.0000000        0.2009009
      13.0000000        0.1945534
      14.0000000        0.1874639
      15.0000000        0.1822678
      16.0000000        0.1805999
       1.0000000        0.0071323
       2.0000000        0.0524299
       3.0000000        0.1039432
       4.0000000        0.1385654
       5.0000000        0.1629308
       6.0000000        0.1762341
       7.0000000        0.1823838
       8.0000000        0.1892864
       9.0000000        0.1953756
      10.0000000        0.1974082
      11.0000000        0.1970659
      12.0000000        0.1942692
      13.0000000        0.1881082
      14.0000000        0.1803506
      15.0000000        0.1751714
      16.0000000        0.1734841
       1.0000000        0.0070260
       2.0000000        0.0512121
       3.0000000        0.1012748
       4.0000000        0.1341927
       5.0000000        0.1570143
       6.0000000        0.1726448
       7.0000000        0.1832669
       8.0000000        0.1893257
       9.0000000        0.1890666
      10.0000000        0.1842332
      11.0000000        0.1800961
      12.0000000        0.1774730
      13.0000000        0.1749764
      14.0000000        0.1728583
      15.0000000        0.1729650
      16.0000000        0.1735396
       1.0000000        0.0064913
       2.0000000        0.0483954
       3.0000000        0.0975910
       4.0000000        0.1308627
       5.0000000        0.1544283
       6.0000000        0.1708181
       7.0000000        0.1793440
       8.0000000        0.1798273
       9.0000000        0.1758537
      10.0000000        0.1699964
      11.0000000        0.1640096
      12.0000000        0.1621968
      13.0000000        0.1641930
      14.0000000        0.1657330
      15.0000000        0.1664185
      16.0000000        0.1665530
       1.0000000        0.0063870
       2.0000000        0.0464785
       3.0000000        0.0951426
       4.0000000        0.1307767
       5.0000000        0.1566231
       6.0000000        0.1715061
       7.0000000        0.1736837
       8.0000000        0.1708823
       9.0000000        0.1675891
      10.0000000        0.1633071
      11.0000000        0.1593745
      12.0000000        0.1578383
      13.0000000        0.1587934
      14.0000000        0.1598892
      15.0000000        0.1590944
      16.0000000        0.1585899
       1.0000000        0.0062403
       2.0000000        0.0457231
       3.0000000        0.0942383
       4.0000000        0.1315494
       5.0000000        0.1595354
       6.0000000        0.1737196
       7.0000000        0.1737865
       8.0000000        0.1685230
       9.0000000        0.1642036
      10.0000000        0.1620858
      11.0000000        0.1614141
      12.0000000        0.1612708
      13.0000000        0.1609513
      14.0000000        0.1608452
      15.0000000        0.1615737
      16.0000000        0.1620990
       1.0000000        0.0060448
       2.0000000        0.0443555
       3.0000000        0.0894345
       4.0000000        0.1233905
       5.0000000        0.1495625
       6.0000000        0.1623541
       7.0000000        0.1620681
       8.0000000        0.1600066
       9.0000000        0.1612327
      10.0000000        0.1636737
      11.0000000        0.1647939
      12.0000000        0.1639298
      13.0000000        0.1625472
      14.0000000        0.1626496
      15.0000000        0.1632129
      16.0000000        0.1631658
       1.0000000        0.0058968
       2.0000000        0.0424800
       3.0000000        0.0840527
       4.0000000        0.1151429
       5.0000000        0.1374004
       6.0000000        0.1477154
       7.0000000        0.1512360
       8.0000000        0.1561994
       9.0000000        0.1626807
      10.0000000        0.1675488
      11.0000000        0.1691589
      12.0000000        0.1685612
      13.0000000        0.1668565
      14.0000000        0.1643788
      15.0000000        0.1612625
      16.0000000        0.1595606
       1.0000000        0.0059216
       2.0000000        0.0412292
       3.0000000        0.0806810
       4.0000000        0.1114988
       5.0000000        0.1360178
       6.0000000        0.1521935
       7.0000000        0.1623130
       8.0000000        0.1695212
       9.0000000        0.1741638
      10.0000000        0.1760785
      11.0000000        0.1772408
      12.0000000        0.1773626
      13.0000000        0.1733346
      14.0000000        0.1651109
      15.0000000        0.1571426
      16.0000000        0.1541358
       1.0000000        0.0063958
       2.0000000        0.0437015
       3.0000000        0.0826454
       4.0000000        0.1137666
       5.0000000        0.1415564
       6.0000000        0.1599208
       7.0000000        0.1691309
       8.0000000        0.1762986
       9.0000000        0.1811505
      10.0000000        0.1821508
      11.0000000        0.1811558
      12.0000000        0.1791026
      13.0000000        0.1752625
      14.0000000        0.1682220
      15.0000000        0.1611698
      16.0000000        0.1581982
       1.0000000        0.0064091
       2.0000000        0.0447962
       3.0000000        0.0867588
       4.0000000        0.1178476
       5.0000000        0.1437097
       6.0000000        0.1627113
       7.0000000        0.1738807
       8.0000000        0.1819045
       9.0000000        0.1873347
      10.0000000        0.1890190
      11.0000000        0.1891712
      12.0000000        0.1878024
      13.0000000        0.1851140
      14.0000000        0.1798278
      15.0000000        0.1720512
      16.0000000        0.1682823
       1.0000000        0.0063042
       2.0000000        0.0465606
       3.0000000        0.0937815
       4.0000000        0.1259470
       5.0000000        0.1487314
       6.0000000        0.1648751
       7.0000000        0.1748612
       8.0000000        0.1823283
       9.0000000        0.1880848
      10.0000000        0.1911337
      11.0000000        0.1931036
      12.0000000        0.1960168
      13.0000000        0.1983754
      14.0000000        0.1956784
      15.0000000        0.1892502
      16.0000000        0.1859788
       1.0000000        0.0064933
       2.0000000        0.0476645
       3.0000000        0.0939633
       4.0000000        0.1233922
       5.0000000        0.1430475
       6.0000000        0.1577317
       7.0000000        0.1690577
       8.0000000        0.1788075
       9.0000000        0.1851465
      10.0000000        0.1888219
      11.0000000        0.1915940
      12.0000000        0.1933730
      13.0000000        0.1945247
      14.0000000        0.1943708
      15.0000000        0.1917935
      16.0000000        0.1899832
       1.0000000        0.0062645
       2.0000000        0.0445128
       3.0000000        0.0860033
       4.0000000        0.1114154
       5.0000000        0.1318849
       6.0000000        0.1491721
       7.0000000        0.1608376
       8.0000000        0.1701621
       9.0000000        0.1784104
      10.0000000        0.1855145
      11.0000000        0.1892369
      12.0000000        0.1896865
      13.0000000        0.1906415
      14.0000000        0.1926095
      15.0000000        0.1931385
      16.0000000        0.1927802
       1.0000000        0.0054989
       2.0000000        0.0396028
       3.0000000        0.0784180
       4.0000000        0.1056195
       5.0000000        0.1269621
       6.0000000        0.1443146
       7.0000000        0.1566024
       8.0000000        0.1659180
       9.0000000        0.1751826
      10.0000000        0.1839376
      11.0000000        0.1898032
      12.0000000        0.1941299
      13.0000000        0.1976563
      14.0000000        0.1993747
      15.0000000        0.1993193
      16.0000000        0.1990616
       1.0000000        0.0053962
       2.0000000        0.0392099
       3.0000000        0.0801404
       4.0000000        0.1112940
       5.0000000        0.1354663
       6.0000000        0.1533781
       7.0000000        0.1654217
       8.0000000        0.1748078
       9.0000000        0.1839434
      10.0000000        0.1924805
      11.0000000        0.1992873
      12.0000000        0.2043377
      13.0000000        0.2076994
      14.0000000        0.2091933
      15.0000000        0.2097190
      16.0000000        0.2099472
       1.0000000        0.0057745
       2.0000000        0.0415318
       3.0000000        0.0847908
       4.0000000        0.1191324
       5.0000000        0.1449329
       6.0000000        0.1636714
       7.0000000        0.1779198
       8.0000000        0.1877827
       9.0000000        0.1944777
      10.0000000        0.2011289
      11.0000000        0.2075878
      12.0000000        0.2123887
      13.0000000        0.2157278
      14.0000000        0.2169105
      15.0000000        0.2166037
      16.0000000        0.2164186
       1.0000000        0.0062189
       2.0000000        0.0437820
       3.0000000        0.0874302
       4.0000000        0.1199107
       5.0000000        0.1449095
       6.0000000        0.1655518
       7.0000000        0.1833394
       8.0000000        0.1969771
       9.0000000        0.2058534
      10.0000000        0.2125164
      11.0000000        0.2172220
      12.0000000        0.2196725
      13.0000000        0.2206438
      14.0000000        0.2210108
      15.0000000        0.2212836
      16.0000000        0.2214130
       1.0000000        0.0060917
       2.0000000        0.0437762
       3.0000000        0.0865623
       4.0000000        0.1156433
       5.0000000        0.1394632
       6.0000000        0.1605183
       7.0000000        0.1782441
       8.0000000        0.1923182
       9.0000000        0.2015868
      10.0000000        0.2072312
      11.0000000        0.2107243
      12.0000000        0.2120577
      13.0000000        0.2114394
      14.0000000        0.2095863
      15.0000000        0.2068923
      16.0000000        0.2051607
       1.0000000        0.0057591
       2.0000000        0.0413197
       3.0000000        0.0812619
       4.0000000        0.1088662
       5.0000000        0.1315199
       6.0000000        0.1504013
       7.0000000        0.1638094
       8.0000000        0.1760698
       9.0000000        0.1890347
      10.0000000        0.1986793
      11.0000000        0.2029014
      12.0000000        0.2023947
      13.0000000        0.1999855
      14.0000000        0.1974418
      15.0000000        0.1942469
      16.0000000        0.1920992
       1.0000000        0.0054885
       2.0000000        0.0387935
       3.0000000        0.0765526
       4.0000000        0.1016373
       5.0000000        0.1203598
       6.0000000        0.1351428
       7.0000000        0.1473364
       8.0000000        0.1602432
       9.0000000        0.1745206
      10.0000000        0.1871713
      11.0000000        0.1952609
      12.0000000        0.1970969
      13.0000000        0.1950354
      14.0000000        0.1934297
      15.0000000        0.1927752
      16.0000000        0.1920756
       1.0000000        0.0052484
       2.0000000        0.0377193
       3.0000000        0.0753180
       4.0000000        0.1005553
       5.0000000        0.1175174
       6.0000000        0.1300146
       7.0000000        0.1421068
       8.0000000        0.1552654
       9.0000000        0.1675439
      10.0000000        0.1789989
      11.0000000        0.1898864
      12.0000000        0.1954316
      13.0000000        0.1953846
      14.0000000        0.1944962
      15.0000000        0.1937186
      16.0000000        0.1931902
       1.0000000        0.0052161
       2.0000000        0.0366348
       3.0000000        0.0731595
       4.0000000        0.0993167
       5.0000000        0.1178185
       6.0000000        0.1324815
       7.0000000        0.1459384
       8.0000000        0.1595654
       9.0000000        0.1721889
      10.0000000        0.1818647
      11.0000000        0.1887262
      12.0000000        0.1933781
      13.0000000        0.1955584
      14.0000000        0.1955964
      15.0000000        0.1958987
      16.0000000        0.1965035
       1.0000000        0.0052632
       2.0000000        0.0363719
       3.0000000        0.0730050
       4.0000000        0.1002773
       5.0000000        0.1207568
       6.0000000        0.1367786
       7.0000000        0.1508096
       8.0000000        0.1654116
       9.0000000        0.1796294
      10.0000000        0.1902624
      11.0000000        0.1960377
      12.0000000        0.1975199
      13.0000000        0.1979175
      14.0000000        0.1984535
      15.0000000        0.1984029
      16.0000000        0.1982186
       1.0000000        0.0048603
       2.0000000        0.0354541
       3.0000000        0.0722235
       4.0000000        0.1000195
       5.0000000        0.1217485
       6.0000000        0.1382532
       7.0000000        0.1536172
       8.0000000        0.1696627
       9.0000000        0.1854935
      10.0000000        0.1995185
      11.0000000        0.2080931
      12.0000000        0.2088024
      13.0000000        0.2055812
      14.0000000        0.2030958
      15.0000000        0.2009443
      16.0000000        0.1995728
       1.0000000        0.0044634
       2.0000000        0.0331923
       3.0000000        0.0686445
       4.0000000        0.0967177
       5.0000000        0.1182221
       6.0000000        0.1358111
       7.0000000        0.1541345
       8.0000000        0.1724046
       9.0000000        0.1877958
      10.0000000        0.1994861
      11.0000000        0.2078206
      12.0000000        0.2124093
      13.0000000        0.2110221
      14.0000000        0.2054865
      15.0000000        0.2018845
      16.0000000        0.2010999
       1.0000000        0.0039202
       2.0000000        0.0301826
       3.0000000        0.0640222
       4.0000000        0.0914386
       5.0000000        0.1131791
       6.0000000        0.1313988
       7.0000000        0.1490468
       8.0000000        0.1660747
       9.0000000        0.1811474
      10.0000000        0.1926993
      11.0000000        0.2010744
      12.0000000        0.2055674
      13.0000000        0.2047539
      14.0000000        0.2018687
      15.0000000        0.2011334
      16.0000000        0.2016204
       1.0000000        0.0036088
       2.0000000        0.0272816
       3.0000000        0.0581550
       4.0000000        0.0830841
       5.0000000        0.1045574
       6.0000000        0.1241083
       7.0000000        0.1415401
       8.0000000        0.1583777
       9.0000000        0.1734436
      10.0000000        0.1846806
      11.0000000        0.1916432
      12.0000000        0.1940258
      13.0000000        0.1942092
      14.0000000        0.1960882
      15.0000000        0.1996572
      16.0000000        0.2013524
       1.0000000        0.0033365
       2.0000000        0.0250573
       3.0000000        0.0522041
       4.0000000        0.0750352
       5.0000000        0.0965180
       6.0000000        0.1166952
       7.0000000        0.1345157
       8.0000000        0.1511395
       9.0000000        0.1657721
      10.0000000        0.1754455
      11.0000000        0.1810097
      12.0000000        0.1858120
      13.0000000        0.1915283
      14.0000000        0.1975525
      15.0000000        0.2032490
      16.0000000        0.2057365
       1.0000000        0.0029881
       2.0000000        0.0230262
       3.0000000        0.0494831
       4.0000000        0.0714032
       5.0000000        0.0911972
       6.0000000        0.1108321
       7.0000000        0.1284171
       8.0000000        0.1431380
       9.0000000        0.1561294
      10.0000000        0.1664033
      11.0000000        0.1742372
      12.0000000        0.1814837
      13.0000000        0.1888791
      14.0000000        0.1951162
      15.0000000        0.2000542
      16.0000000        0.2022910
       1.0000000        0.0026410
       2.0000000        0.0210981
       3.0000000        0.0470122
       4.0000000        0.0692081
       5.0000000        0.0879416
       6.0000000        0.1053478
       7.0000000        0.1214767
       8.0000000        0.1355814
       9.0000000        0.1477136
      10.0000000        0.1570289
      11.0000000        0.1641124
      12.0000000        0.1707070
      13.0000000        0.1770658
      14.0000000        0.1829948
      15.0000000        0.1880929
      16.0000000        0.1902920
       1.0000000        0.0024819
       2.0000000        0.0203715
       3.0000000        0.0467645
       4.0000000        0.0713639
       5.0000000        0.0925041
       6.0000000        0.1110952
       7.0000000        0.1273890
       8.0000000        0.1406302
       9.0000000        0.1504407
      10.0000000        0.1576501
      11.0000000        0.1630905
      12.0000000        0.1664262
      13.0000000        0.1689016
      14.0000000        0.1724319
      15.0000000        0.1759740
      16.0000000        0.1773430
       1.0000000        0.0024810
       2.0000000        0.0207478
       3.0000000        0.0487874
       4.0000000        0.0757355
       5.0000000        0.0992957
       6.0000000        0.1201125
       7.0000000        0.1370597
       8.0000000        0.1488283
       9.0000000        0.1566659
      10.0000000        0.1624567
      11.0000000        0.1662109
      12.0000000        0.1674268
      13.0000000        0.1676494
      14.0000000        0.1672127
      15.0000000        0.1657320
      16.0000000        0.1648297
       1.0000000        0.0026399
       2.0000000        0.0219334
       3.0000000        0.0520272
       4.0000000        0.0809443
       5.0000000        0.1057256
       6.0000000        0.1256706
       7.0000000        0.1410276
       8.0000000        0.1531603
       9.0000000        0.1621353
      10.0000000        0.1682510
      11.0000000        0.1711490
      12.0000000        0.1706400
      13.0000000        0.1677473
      14.0000000        0.1643589
      15.0000000        0.1619577
      16.0000000        0.1610986
       1.0000000        0.0031338
       2.0000000        0.0247453
       3.0000000        0.0564323
       4.0000000        0.0862939
       5.0000000        0.1112693
       6.0000000        0.1299530
       7.0000000        0.1436292
       8.0000000        0.1541581
       9.0000000        0.1621417
      10.0000000        0.1674806
      11.0000000        0.1696100
      12.0000000        0.1685840
      13.0000000        0.1656781
      14.0000000        0.1632893
      15.0000000        0.1619834
      16.0000000        0.1616474
       1.0000000        0.0040110
       2.0000000        0.0298559
       3.0000000        0.0632869
       4.0000000        0.0933560
       5.0000000        0.1185185
       6.0000000        0.1367868
       7.0000000        0.1477925
       8.0000000        0.1549334
       9.0000000        0.1602390
      10.0000000        0.1637367
      11.0000000        0.1649017
      12.0000000        0.1640985
      13.0000000        0.1644683
      14.0000000        0.1660698
      15.0000000        0.1654181
      16.0000000        0.1644194
       1.0000000        0.0045781
       2.0000000        0.0321794
       3.0000000        0.0665197
       4.0000000        0.0970519
       5.0000000        0.1219245
       6.0000000        0.1389174
       7.0000000        0.1476135
       8.0000000        0.1523014
       9.0000000        0.1563066
      10.0000000        0.1579001
      11.0000000        0.1573319
      12.0000000        0.1571315
      13.0000000        0.1592914
      14.0000000        0.1604480
      15.0000000        0.1586255
      16.0000000        0.1570863
       1.0000000        0.0046944
       2.0000000        0.0327600
       3.0000000        0.0666550
       4.0000000        0.0957885
       5.0000000        0.1223799
       6.0000000        0.1407862
       7.0000000        0.1484717
       8.0000000        0.1515556
       9.0000000        0.1534998
      10.0000000        0.1526460
      11.0000000        0.1504574
      12.0000000        0.1496119
      13.0000000        0.1496492
      14.0000000        0.1493131
      15.0000000        0.1502172
      16.0000000        0.1508520
       1.0000000        0.0044221
       2.0000000        0.0309937
       3.0000000        0.0639961
       4.0000000        0.0930684
       5.0000000        0.1194737
       6.0000000        0.1382985
       7.0000000        0.1461272
       8.0000000        0.1478334
       9.0000000        0.1476826
      10.0000000        0.1459970
      11.0000000        0.1425930
      12.0000000        0.1405463
      13.0000000        0.1407128
      14.0000000        0.1417398
      15.0000000        0.1444983
      16.0000000        0.1465498
       1.0000000        0.0040811
       2.0000000        0.0298235
       3.0000000        0.0623751
       4.0000000        0.0903227
       5.0000000        0.1137566
       6.0000000        0.1307105
       7.0000000        0.1405007
       8.0000000        0.1469719
       9.0000000        0.1510706
      10.0000000        0.1500939
      11.0000000        0.1448255
      12.0000000        0.1409647
      13.0000000        0.1413905
      14.0000000        0.1446661
      15.0000000        0.1497770
      16.0000000        0.1525802
       1.0000000        0.0038993
       2.0000000        0.0294425
       3.0000000        0.0628784
       4.0000000        0.0904900
       5.0000000        0.1127187
       6.0000000        0.1311918
       7.0000000        0.1467324
       8.0000000        0.1583204
       9.0000000        0.1633359
      10.0000000        0.1621754
      11.0000000        0.1591535
      12.0000000        0.1558067
      13.0000000        0.1519158
      14.0000000        0.1502772
      15.0000000        0.1515484
      16.0000000        0.1526827
       1.0000000        0.0036225
       2.0000000        0.0278604
       3.0000000        0.0610951
       4.0000000        0.0891632
       5.0000000        0.1120558
       6.0000000        0.1318180
       7.0000000        0.1501166
       8.0000000        0.1640612
       9.0000000        0.1698274
      10.0000000        0.1701677
      11.0000000        0.1694326
      12.0000000        0.1663132
      13.0000000        0.1604338
      14.0000000        0.1545773
      15.0000000        0.1512520
      16.0000000        0.1503207
       1.0000000        0.0034435
       2.0000000        0.0271130
       3.0000000        0.0598420
       4.0000000        0.0872960
       5.0000000        0.1106466
       6.0000000        0.1319796
       7.0000000        0.1499745
       8.0000000        0.1623175
       9.0000000        0.1673431
      10.0000000        0.1666789
      11.0000000        0.1644229
      12.0000000        0.1615132
      13.0000000        0.1575110
      14.0000000        0.1528405
      15.0000000        0.1489038
      16.0000000        0.1472813
       1.0000000        0.0035156
       2.0000000        0.0270374
       3.0000000        0.0590543
       4.0000000        0.0864714
       5.0000000        0.1111687
       6.0000000        0.1320623
       7.0000000        0.1467808
       8.0000000        0.1547714
       9.0000000        0.1574885
      10.0000000        0.1591072
      11.0000000        0.1598864
      12.0000000        0.1564046
      13.0000000        0.1513307
      14.0000000        0.1474651
      15.0000000        0.1441909
      16.0000000        0.1425018
       1.0000000        0.0035380
       2.0000000        0.0276989
       3.0000000        0.0605408
       4.0000000        0.0892053
       5.0000000        0.1137053
       6.0000000        0.1334409
       7.0000000        0.1462415
       8.0000000        0.1528716
       9.0000000        0.1560532
      10.0000000        0.1580102
      11.0000000        0.1576753
      12.0000000        0.1534529
      13.0000000        0.1491282
      14.0000000        0.1463581
      15.0000000        0.1435907
      16.0000000        0.1419467
       1.0000000        0.0035961
       2.0000000        0.0287603
       3.0000000        0.0641905
       4.0000000        0.0940942
       5.0000000        0.1173925
       6.0000000        0.1346182
       7.0000000        0.1463456
       8.0000000        0.1540221
       9.0000000        0.1594127
      10.0000000        0.1608160
      11.0000000        0.1575998
      12.0000000        0.1523265
      13.0000000        0.1476630
      14.0000000        0.1447914
      15.0000000        0.1432419
      16.0000000        0.1426223
       1.0000000        0.0038016
       2.0000000        0.0314009
       3.0000000        0.0702318
       4.0000000        0.0996491
       5.0000000        0.1200326
       6.0000000        0.1339799
       7.0000000        0.1434448
       8.0000000        0.1508738
       9.0000000        0.1561350
      10.0000000        0.1566114
      11.0000000        0.1530794
      12.0000000        0.1489536
      13.0000000        0.1461839
      14.0000000        0.1447464
      15.0000000        0.1437383
      16.0000000        0.1430619
       1.0000000        0.0044407
       2.0000000        0.0337884
       3.0000000        0.0716752
       4.0000000        0.0993948
       5.0000000        0.1196326
       6.0000000        0.1320486
       7.0000000        0.1378270
       8.0000000        0.1430173
       9.0000000        0.1487299
      10.0000000        0.1498327
      11.0000000        0.1470644
      12.0000000        0.1448032
      13.0000000        0.1436702
      14.0000000        0.1419583
      15.0000000        0.1394471
      16.0000000        0.1381372
       1.0000000        0.0045937
       2.0000000        0.0345256
       3.0000000        0.0714056
       4.0000000        0.0983579
       5.0000000        0.1166894
       6.0000000        0.1259716
       7.0000000        0.1298677
       8.0000000        0.1356263
       9.0000000        0.1423051
      10.0000000        0.1445720
      11.0000000        0.1427196
      12.0000000        0.1413878
      13.0000000        0.1410782
      14.0000000        0.1404919
      15.0000000        0.1408794
      16.0000000        0.1414573
       1.0000000        0.0047970
       2.0000000        0.0337078
       3.0000000        0.0678144
       4.0000000        0.0927177
       5.0000000        0.1095504
       6.0000000        0.1192274
       7.0000000        0.1255340
       8.0000000        0.1315976
       9.0000000        0.1359800
      10.0000000        0.1373900
      11.0000000        0.1366067
      12.0000000        0.1351113
      13.0000000        0.1346471
      14.0000000        0.1352740
      15.0000000        0.1372299
      16.0000000        0.1385098
       1.0000000        0.0045558
       2.0000000        0.0325231
       3.0000000        0.0667314
       4.0000000        0.0920843
       5.0000000        0.1090961
       6.0000000        0.1193413
       7.0000000        0.1263434
       8.0000000        0.1321481
       9.0000000        0.1356738
      10.0000000        0.1376407
      11.0000000        0.1386032
      12.0000000        0.1385434
      13.0000000        0.1374216
      14.0000000        0.1354670
      15.0000000        0.1349753
      16.0000000        0.1351512
       1.0000000        0.0047474
       2.0000000        0.0348393
       3.0000000        0.0712875
       4.0000000        0.0975747
       5.0000000        0.1151769
       6.0000000        0.1252032
       7.0000000        0.1315593
       8.0000000        0.1358892
       9.0000000        0.1381806
      10.0000000        0.1392757
      11.0000000        0.1394123
      12.0000000        0.1386285
      13.0000000        0.1367320
      14.0000000        0.1345538
      15.0000000        0.1330906
      16.0000000        0.1325039
       1.0000000        0.0051818
       2.0000000        0.0376495
       3.0000000        0.0769216
       4.0000000        0.1053363
       5.0000000        0.1245491
       6.0000000        0.1356086
       7.0000000        0.1401314
       8.0000000        0.1414307
       9.0000000        0.1424636
      10.0000000        0.1433575
      11.0000000        0.1421167
      12.0000000        0.1403821
      13.0000000        0.1397058
      14.0000000        0.1390035
      15.0000000        0.1384465
      16.0000000        0.1380292
       1.0000000        0.0051907
       2.0000000        0.0394351
       3.0000000        0.0817281
       4.0000000        0.1113545
       5.0000000        0.1297431
       6.0000000        0.1394107
       7.0000000        0.1422501
       8.0000000        0.1421463
       9.0000000        0.1434227
      10.0000000        0.1460731
      11.0000000        0.1482391
      12.0000000        0.1498772
      13.0000000        0.1504965
      14.0000000        0.1498377
      15.0000000        0.1492307
      16.0000000        0.1488496
       1.0000000        0.0050654
       2.0000000        0.0390195
       3.0000000        0.0816986
       4.0000000        0.1116051
       5.0000000        0.1282658
       6.0000000        0.1364991
       7.0000000        0.1396835
       8.0000000        0.1415088
       9.0000000        0.1432944
      10.0000000        0.1458381
      11.0000000        0.1500730
      12.0000000        0.1545792
      13.0000000        0.1579177
      14.0000000        0.1592660
      15.0000000        0.1585239
      16.0000000        0.1578934
       1.0000000        0.0048596
       2.0000000        0.0366349
       3.0000000        0.0763102
       4.0000000        0.1038173
       5.0000000        0.1205401
       6.0000000        0.1283763
       7.0000000        0.1323160
       8.0000000        0.1369374
       9.0000000        0.1406623
      10.0000000        0.1426991
      11.0000000        0.1453332
      12.0000000        0.1489946
      13.0000000        0.1528605
      14.0000000        0.1558316
      15.0000000        0.1565886
      16.0000000        0.1563670
       1.0000000        0.0046825
       2.0000000        0.0344798
       3.0000000        0.0703054
       4.0000000        0.0963246
       5.0000000        0.1140313
       6.0000000        0.1247576
       7.0000000        0.1313446
       8.0000000        0.1365669
       9.0000000        0.1409742
      10.0000000        0.1454760
      11.0000000        0.1500139
      12.0000000        0.1525838
      13.0000000        0.1535084
      14.0000000        0.1539598
      15.0000000        0.1547097
      16.0000000        0.1551725
       1.0000000        0.0045664
       2.0000000        0.0330706
       3.0000000        0.0685588
       4.0000000        0.0976620
       5.0000000        0.1182808
       6.0000000        0.1312164
       7.0000000        0.1393223
       8.0000000        0.1456959
       9.0000000        0.1531081
      10.0000000        0.1609109
      11.0000000        0.1652912
      12.0000000        0.1669711
      13.0000000        0.1688867
      14.0000000        0.1706645
      15.0000000        0.1721780
      16.0000000        0.1729271
       1.0000000        0.0046065
       2.0000000        0.0331416
       3.0000000        0.0706399
       4.0000000        0.1025586
       5.0000000        0.1248235
       6.0000000        0.1382028
       7.0000000        0.1484996
       8.0000000        0.1595597
       9.0000000        0.1702999
      10.0000000        0.1787306
      11.0000000        0.1844945
      12.0000000        0.1873665
      13.0000000        0.1892709
      14.0000000        0.1927837
      15.0000000        0.1978729
      16.0000000        0.2006660
       1.0000000        0.0048895
       2.0000000        0.0358879
       3.0000000        0.0763069
       4.0000000        0.1083252
       5.0000000        0.1289068
       6.0000000        0.1424965
       7.0000000        0.1559218
       8.0000000        0.1715781
       9.0000000        0.1864760
      10.0000000        0.1973950
      11.0000000        0.2033481
      12.0000000        0.2061280
      13.0000000        0.2091877
      14.0000000        0.2132112
      15.0000000        0.2172579
      16.0000000        0.2189953
       1.0000000        0.0053907
       2.0000000        0.0384097
       3.0000000        0.0788959
       4.0000000        0.1098721
       5.0000000        0.1312494
       6.0000000        0.1463256
       7.0000000        0.1603898
       8.0000000        0.1762200
       9.0000000        0.1903350
      10.0000000        0.1992470
      11.0000000        0.2048254
      12.0000000        0.2096475
      13.0000000        0.2150332
      14.0000000        0.2205878
      15.0000000        0.2238424
      16.0000000        0.2245623
       1.0000000        0.0058986
       2.0000000        0.0426362
       3.0000000        0.0868689
       4.0000000        0.1204285
       5.0000000        0.1445810
       6.0000000        0.1621051
       7.0000000        0.1762588
       8.0000000        0.1896316
       9.0000000        0.2018169
      10.0000000        0.2122611
      11.0000000        0.2205639
      12.0000000        0.2252928
      13.0000000        0.2281055
      14.0000000        0.2323284
      15.0000000        0.2355686
      16.0000000        0.2359540
       1.0000000        0.0063078
       2.0000000        0.0471087
       3.0000000        0.0993056
       4.0000000        0.1392274
       5.0000000        0.1672296
       6.0000000        0.1849488
       7.0000000        0.1968586
       8.0000000        0.2086343
       9.0000000        0.2197889
      10.0000000        0.2285081
      11.0000000        0.2362050
      12.0000000        0.2438413
      13.0000000        0.2505056
      14.0000000        0.2552516
      15.0000000        0.2576256
      16.0000000        0.2582861
       1.0000000        0.0064040
       2.0000000        0.0512427
       3.0000000        0.1112384
       4.0000000        0.1543727
       5.0000000        0.1840463
       6.0000000        0.2034487
       7.0000000        0.2182594
       8.0000000        0.2306444
       9.0000000        0.2373296
      10.0000000        0.2415537
      11.0000000        0.2479489
      12.0000000        0.2558493
      13.0000000        0.2623295
      14.0000000        0.2648472
      15.0000000        0.2643416
      16.0000000        0.2635495
       1.0000000        0.0070166
       2.0000000        0.0551164
       3.0000000        0.1156838
       4.0000000        0.1600730
       5.0000000        0.1947495
       6.0000000        0.2201752
       7.0000000        0.2337164
       8.0000000        0.2377684
       9.0000000        0.2395925
      10.0000000        0.2462279
      11.0000000        0.2552488
      12.0000000        0.2612810
      13.0000000        0.2648830
      14.0000000        0.2663203
      15.0000000        0.2655349
      16.0000000        0.2648320
       1.0000000        0.0071214
       2.0000000        0.0533804
       3.0000000        0.1119686
       4.0000000        0.1584721
       5.0000000        0.1960117
       6.0000000        0.2223104
       7.0000000        0.2356982
       8.0000000        0.2404321
       9.0000000        0.2442374
      10.0000000        0.2515785
      11.0000000        0.2594263
      12.0000000        0.2647795
      13.0000000        0.2682247
      14.0000000        0.2699421
      15.0000000        0.2703718
      16.0000000        0.2704623
       1.0000000        0.0070911
       2.0000000        0.0533618
       3.0000000        0.1115277
       4.0000000        0.1563066
       5.0000000        0.1908239
       6.0000000        0.2177046
       7.0000000        0.2353598
       8.0000000        0.2450957
       9.0000000        0.2535317
      10.0000000        0.2641584
      11.0000000        0.2726079
      12.0000000        0.2758682
      13.0000000        0.2768973
      14.0000000        0.2761383
      15.0000000        0.2721569
      16.0000000        0.2697402
       1.0000000        0.0067617
       2.0000000        0.0510567
       3.0000000        0.1068371
       4.0000000        0.1476506
       5.0000000        0.1797156
       6.0000000        0.2063591
       7.0000000        0.2237275
       8.0000000        0.2351709
       9.0000000        0.2469442
      10.0000000        0.2603703
      11.0000000        0.2712122
      12.0000000        0.2763083
      13.0000000        0.2772088
      14.0000000        0.2757157
      15.0000000        0.2720681
      16.0000000        0.2692156
       1.0000000        0.0061795
       2.0000000        0.0467200
       3.0000000        0.0976222
       4.0000000        0.1368487
       5.0000000        0.1689322
       6.0000000        0.1938691
       7.0000000        0.2109651
       8.0000000        0.2235827
       9.0000000        0.2339300
      10.0000000        0.2430795
      11.0000000        0.2513742
      12.0000000        0.2593875
      13.0000000        0.2636757
      14.0000000        0.2641826
      15.0000000        0.2636500
      16.0000000        0.2632208
       1.0000000        0.0054817
       2.0000000        0.0415155
       3.0000000        0.0884226
       4.0000000        0.1285733
       5.0000000        0.1624636
       6.0000000        0.1869397
       7.0000000        0.2001824
       8.0000000        0.2068177
       9.0000000        0.2131404
      10.0000000        0.2216309
      11.0000000        0.2308709
      12.0000000        0.2382033
      13.0000000        0.2436128
      14.0000000        0.2479189
      15.0000000        0.2512563
      16.0000000        0.2525612
       1.0000000        0.0050487
       2.0000000        0.0383884
       3.0000000        0.0841761
       4.0000000        0.1240535
       5.0000000        0.1559862
       6.0000000        0.1786748
       7.0000000        0.1906087
       8.0000000        0.1956394
       9.0000000        0.2005364
      10.0000000        0.2071933
      11.0000000        0.2139951
      12.0000000        0.2192251
      13.0000000        0.2229891
      14.0000000        0.2255204
      15.0000000        0.2260857
      16.0000000        0.2258994
       1.0000000        0.0046961
       2.0000000        0.0371203
       3.0000000        0.0817303
       4.0000000        0.1173242
       5.0000000        0.1437714
       6.0000000        0.1635918
       7.0000000        0.1763098
       8.0000000        0.1844018
       9.0000000        0.1900433
      10.0000000        0.1945886
      11.0000000        0.1980615
      12.0000000        0.2005023
      13.0000000        0.2042585
      14.0000000        0.2084962
      15.0000000        0.2093503
      16.0000000        0.2086342
       1.0000000        0.0045696
       2.0000000        0.0358652
       3.0000000        0.0774189
       4.0000000        0.1097597
       5.0000000        0.1338598
       6.0000000        0.1526967
       7.0000000        0.1662042
       8.0000000        0.1756878
       9.0000000        0.1831519
      10.0000000        0.1897510
      11.0000000        0.1948980
      12.0000000        0.1981444
      13.0000000        0.2014658
      14.0000000        0.2045172
      15.0000000        0.2057798
      16.0000000        0.2060243
       1.0000000        0.0045078
       2.0000000        0.0359585
       3.0000000        0.0770967
       4.0000000        0.1075074
       5.0000000        0.1294771
       6.0000000        0.1451223
       7.0000000        0.1557811
       8.0000000        0.1658228
       9.0000000        0.1762188
      10.0000000        0.1857052
      11.0000000        0.1934092
      12.0000000        0.1985191
      13.0000000        0.1995140
      14.0000000        0.1966008
      15.0000000        0.1921706
      16.0000000        0.1899418
       1.0000000        0.0043253
       2.0000000        0.0348143
       3.0000000        0.0752106
       4.0000000        0.1043985
       5.0000000        0.1238287
       6.0000000        0.1371499
       7.0000000        0.1477504
       8.0000000        0.1593427
       9.0000000        0.1707694
      10.0000000        0.1788542
      11.0000000        0.1834054
      12.0000000        0.1858172
      13.0000000        0.1855462
      14.0000000        0.1822697
      15.0000000        0.1783268
      16.0000000        0.1767214
       1.0000000        0.0042638
       2.0000000        0.0339073
       3.0000000        0.0731911
       4.0000000        0.1005098
       5.0000000        0.1179541
       6.0000000        0.1303289
       7.0000000        0.1406493
       8.0000000        0.1508362
       9.0000000        0.1605494
      10.0000000        0.1665753
      11.0000000        0.1691868
      12.0000000        0.1703579
      13.0000000        0.1685147
      14.0000000        0.1649250
      15.0000000        0.1625746
      16.0000000        0.1617762
       1.0000000        0.0041818
       2.0000000        0.0332522
       3.0000000        0.0715866
       4.0000000        0.0976650
       5.0000000        0.1149460
       6.0000000        0.1279159
       7.0000000        0.1377987
       8.0000000        0.1474260
       9.0000000        0.1566014
      10.0000000        0.1615276
      11.0000000        0.1623160
      12.0000000        0.1606274
      13.0000000        0.1565796
      14.0000000        0.1530745
      15.0000000        0.1530809
      16.0000000        0.1538781
       1.0000000        0.0041198
       2.0000000        0.0322237
       3.0000000        0.0693054
       4.0000000        0.0970071
       5.0000000        0.1164088
       6.0000000        0.1308815
       7.0000000        0.1430340
       8.0000000        0.1533312
       9.0000000        0.1601777
      10.0000000        0.1619970
      11.0000000        0.1603447
      12.0000000        0.1582077
      13.0000000        0.1565786
      14.0000000        0.1568605
      15.0000000        0.1603039
      16.0000000        0.1626313
       1.0000000        0.0036870
       2.0000000        0.0302411
       3.0000000        0.0679987
       4.0000000        0.0979419
       5.0000000        0.1178994
       6.0000000        0.1314205
       7.0000000        0.1425055
       8.0000000        0.1525245
       9.0000000        0.1603118
      10.0000000        0.1659174
      11.0000000        0.1691729
      12.0000000        0.1699188
      13.0000000        0.1693061
      14.0000000        0.1699113
      15.0000000        0.1726587
      16.0000000        0.1744588
       1.0000000        0.0035382
       2.0000000        0.0289396
       3.0000000        0.0658291
       4.0000000        0.0970700
       5.0000000        0.1188193
       6.0000000        0.1318202
       7.0000000        0.1409747
       8.0000000        0.1512721
       9.0000000        0.1630403
      10.0000000        0.1730633
      11.0000000        0.1802806
      12.0000000        0.1845353
      13.0000000        0.1855170
      14.0000000        0.1855493
      15.0000000        0.1859088
      16.0000000        0.1859560
       1.0000000        0.0033117
       2.0000000        0.0273974
       3.0000000        0.0635525
       4.0000000        0.0959321
       5.0000000        0.1201220
       6.0000000        0.1359432
       7.0000000        0.1463403
       8.0000000        0.1564143
       9.0000000        0.1672065
      10.0000000        0.1769696
      11.0000000        0.1851068
      12.0000000        0.1916623
      13.0000000        0.1969279
      14.0000000        0.1997218
      15.0000000        0.1999556
      16.0000000        0.1997845
       1.0000000        0.0032115
       2.0000000        0.0272960
       3.0000000        0.0638906
       4.0000000        0.0955467
       5.0000000        0.1207799
       6.0000000        0.1410593
       7.0000000        0.1536278
       8.0000000        0.1606845
       9.0000000        0.1676279
      10.0000000        0.1761869
      11.0000000        0.1865976
      12.0000000        0.1969579
      13.0000000        0.2045369
      14.0000000        0.2085734
      15.0000000        0.2103136
      16.0000000        0.2109108
       1.0000000        0.0034489
       2.0000000        0.0288954
       3.0000000        0.0668220
       4.0000000        0.0994574
       5.0000000        0.1255388
       6.0000000        0.1454079
       7.0000000        0.1574110
       8.0000000        0.1645085
       9.0000000        0.1715033
      10.0000000        0.1795217
      11.0000000        0.1884103
      12.0000000        0.1968406
      13.0000000        0.2032508
      14.0000000        0.2078263
      15.0000000        0.2107202
      16.0000000        0.2116324
       1.0000000        0.0034560
       2.0000000        0.0288423
       3.0000000        0.0678613
       4.0000000        0.1023060
       5.0000000        0.1287876
       6.0000000        0.1492464
       7.0000000        0.1631649
       8.0000000        0.1714520
       9.0000000        0.1779622
      10.0000000        0.1829091
      11.0000000        0.1859111
      12.0000000        0.1882926
      13.0000000        0.1915677
      14.0000000        0.1956104
      15.0000000        0.1993422
      16.0000000        0.2009680
       1.0000000        0.0035055
       2.0000000        0.0300038
       3.0000000        0.0731852
       4.0000000        0.1128560
       5.0000000        0.1422806
       6.0000000        0.1609114
       7.0000000        0.1704187
       8.0000000        0.1766227
       9.0000000        0.1825171
      10.0000000        0.1868830
      11.0000000        0.1873820
      12.0000000        0.1861383
      13.0000000        0.1882304
      14.0000000        0.1944287
      15.0000000        0.2011443
      16.0000000        0.2041468
       1.0000000        0.0038071
       2.0000000        0.0339430
       3.0000000        0.0842822
       4.0000000        0.1281909
       5.0000000        0.1544468
       6.0000000        0.1669496
       7.0000000        0.1731162
       8.0000000        0.1775640
       9.0000000        0.1819011
      10.0000000        0.1865019
      11.0000000        0.1899178
      12.0000000        0.1919045
      13.0000000        0.1954383
      14.0000000        0.2009728
      15.0000000        0.2068380
      16.0000000        0.2095579
       1.0000000        0.0042990
       2.0000000        0.0369789
       3.0000000        0.0868446
       4.0000000        0.1253126
       5.0000000        0.1476003
       6.0000000        0.1607290
       7.0000000        0.1686216
       8.0000000        0.1734673
       9.0000000        0.1767698
      10.0000000        0.1809395
      11.0000000        0.1870560
      12.0000000        0.1932542
      13.0000000        0.1981205
      14.0000000        0.2006523
      15.0000000        0.2007252
      16.0000000        0.2002891
       1.0000000        0.0041803
       2.0000000        0.0341634
       3.0000000        0.0767683
       4.0000000        0.1102519
       5.0000000        0.1335755
       6.0000000        0.1492115
       7.0000000        0.1585144
       8.0000000        0.1635032
       9.0000000        0.1671525
      10.0000000        0.1732177
      11.0000000        0.1803855
      12.0000000        0.1849277
      13.0000000        0.1860657
      14.0000000        0.1849174
      15.0000000        0.1822730
      16.0000000        0.1805521
       1.0000000        0.0039858
       2.0000000        0.0313880
       3.0000000        0.0699673
       4.0000000        0.1016982
       5.0000000        0.1249303
       6.0000000        0.1399061
       7.0000000        0.1488655
       8.0000000        0.1561443
       9.0000000        0.1636922
      10.0000000        0.1704361
      11.0000000        0.1743894
      12.0000000        0.1754298
      13.0000000        0.1743693
      14.0000000        0.1739992
      15.0000000        0.1747521
      16.0000000        0.1753000
       1.0000000        0.0042805
       2.0000000        0.0329444
       3.0000000        0.0717374
       4.0000000        0.1034730
       5.0000000        0.1274488
       6.0000000        0.1430781
       7.0000000        0.1522103
       8.0000000        0.1598885
       9.0000000        0.1678806
      10.0000000        0.1740827
      11.0000000        0.1768959
      12.0000000        0.1771303
      13.0000000        0.1759866
      14.0000000        0.1757745
      15.0000000        0.1774269
      16.0000000        0.1787327
       1.0000000        0.0050326
       2.0000000        0.0374167
       3.0000000        0.0792053
       4.0000000        0.1135133
       5.0000000        0.1399105
       6.0000000        0.1585442
       7.0000000        0.1707094
       8.0000000        0.1793957
       9.0000000        0.1855354
      10.0000000        0.1879344
      11.0000000        0.1865793
      12.0000000        0.1835246
      13.0000000        0.1817030
      14.0000000        0.1823379
      15.0000000        0.1849984
      16.0000000        0.1868272
       1.0000000        0.0055073
       2.0000000        0.0414890
       3.0000000        0.0874162
       4.0000000        0.1241292
       5.0000000        0.1520202
       6.0000000        0.1718357
       7.0000000        0.1828904
       8.0000000        0.1881705
       9.0000000        0.1899149
      10.0000000        0.1885222
      11.0000000        0.1849088
      12.0000000        0.1814010
      13.0000000        0.1797427
      14.0000000        0.1803849
      15.0000000        0.1828764
      16.0000000        0.1845372
       1.0000000        0.0054013
       2.0000000        0.0411233
       3.0000000        0.0879031
       4.0000000        0.1251977
       5.0000000        0.1533198
       6.0000000        0.1721750
       7.0000000        0.1824093
       8.0000000        0.1870880
       9.0000000        0.1873358
      10.0000000        0.1839047
      11.0000000        0.1787019
      12.0000000        0.1736214
      13.0000000        0.1697503
      14.0000000        0.1685213
      15.0000000        0.1687486
      16.0000000        0.1688337
       1.0000000        0.0052679
       2.0000000        0.0401289
       3.0000000        0.0859536
       4.0000000        0.1229357
       5.0000000        0.1494641
       6.0000000        0.1669104
       7.0000000        0.1771716
       8.0000000        0.1810649
       9.0000000        0.1799947
      10.0000000        0.1772225
      11.0000000        0.1742385
      12.0000000        0.1711335
      13.0000000        0.1673455
      14.0000000        0.1640767
      15.0000000        0.1616335
      16.0000000        0.1605074
       1.0000000        0.0051392
       2.0000000        0.0382840
       3.0000000        0.0810693
       4.0000000        0.1162390
       5.0000000        0.1429421
       6.0000000        0.1613227
       7.0000000        0.1723662
       8.0000000        0.1771209
       9.0000000        0.1775904
      10.0000000        0.1765017
      11.0000000        0.1739531
      12.0000000        0.1703017
      13.0000000        0.1666595
      14.0000000        0.1622727
      15.0000000        0.1573244
      16.0000000        0.1550472
       1.0000000        0.0049392
       2.0000000        0.0361817
       3.0000000        0.0764595
       4.0000000        0.1102923
       5.0000000        0.1362965
       6.0000000        0.1546500
       7.0000000        0.1666058
       8.0000000        0.1740294
       9.0000000        0.1775867
      10.0000000        0.1771838
      11.0000000        0.1743311
      12.0000000        0.1707346
      13.0000000        0.1678821
      14.0000000        0.1648943
      15.0000000        0.1623576
      16.0000000        0.1616277
       1.0000000        0.0048433
       2.0000000        0.0352140
       3.0000000        0.0739895
       4.0000000        0.1077664
       5.0000000        0.1327451
       6.0000000        0.1475818
       7.0000000        0.1553250
       8.0000000        0.1610869
       9.0000000        0.1655651
      10.0000000        0.1672687
      11.0000000        0.1677089
      12.0000000        0.1687724
      13.0000000        0.1709446
      14.0000000        0.1724886
      15.0000000        0.1731341
      16.0000000        0.1735208
       1.0000000        0.0044889
       2.0000000        0.0342676
       3.0000000        0.0749434
       4.0000000        0.1097926
       5.0000000        0.1348341
       6.0000000        0.1486471
       7.0000000        0.1546758
       8.0000000        0.1599337
       9.0000000        0.1654990
      10.0000000        0.1690440
      11.0000000        0.1717350
      12.0000000        0.1756607
      13.0000000        0.1803345
      14.0000000        0.1842257
      15.0000000        0.1871900
      16.0000000        0.1884056
       1.0000000        0.0042898
       2.0000000        0.0332775
       3.0000000        0.0730284
       4.0000000        0.1071412
       5.0000000        0.1325322
       6.0000000        0.1481360
       7.0000000        0.1570293
       8.0000000        0.1642595
       9.0000000        0.1708393
      10.0000000        0.1751038
      11.0000000        0.1781000
      12.0000000        0.1828212
      13.0000000        0.1889647
      14.0000000        0.1934195
      15.0000000        0.1937835
      16.0000000        0.1927800
       1.0000000        0.0042160
       2.0000000        0.0319646
       3.0000000        0.0699482
       4.0000000        0.1014661
       5.0000000        0.1250357
       6.0000000        0.1422387
       7.0000000        0.1547972
       8.0000000        0.1641405
       9.0000000        0.1698569
      10.0000000        0.1725996
      11.0000000        0.1748734
      12.0000000        0.1803579
      13.0000000        0.1862010
      14.0000000        0.1888437
      15.0000000        0.1888971
      16.0000000        0.1886007
       1.0000000        0.0038776
       2.0000000        0.0295408
       3.0000000        0.0648090
       4.0000000        0.0945296
       5.0000000        0.1163889
       6.0000000        0.1314811
       7.0000000        0.1427638
       8.0000000        0.1526802
       9.0000000        0.1609779
      10.0000000        0.1675522
      11.0000000        0.1735083
      12.0000000        0.1794200
      13.0000000        0.1833804
      14.0000000        0.1831868
      15.0000000        0.1820982
      16.0000000        0.1818047
       1.0000000        0.0036641
       2.0000000        0.0279451
       3.0000000        0.0612362
       4.0000000        0.0901444
       5.0000000        0.1138021
       6.0000000        0.1311049
       7.0000000        0.1434735
       8.0000000        0.1530371
       9.0000000        0.1621422
      10.0000000        0.1709300
      11.0000000        0.1778324
      12.0000000        0.1820556
      13.0000000        0.1835214
      14.0000000        0.1832212
      15.0000000        0.1833032
      16.0000000        0.1838046
       1.0000000        0.0034679
       2.0000000        0.0282077
       3.0000000        0.0634381
       4.0000000        0.0949259
       5.0000000        0.1204088
       6.0000000        0.1390787
       7.0000000        0.1523021
       8.0000000        0.1626720
       9.0000000        0.1716584
      10.0000000        0.1772363
      11.0000000        0.1791041
      12.0000000        0.1791011
      13.0000000        0.1788655
      14.0000000        0.1800449
      15.0000000        0.1827136
      16.0000000        0.1843318
       1.0000000        0.0033440
       2.0000000        0.0283792
       3.0000000        0.0663352
       4.0000000        0.0994084
       5.0000000        0.1239669
       6.0000000        0.1425884
       7.0000000        0.1583829
       8.0000000        0.1709443
       9.0000000        0.1773294
      10.0000000        0.1785817
      11.0000000        0.1783783
      12.0000000        0.1778143
      13.0000000        0.1775329
      14.0000000        0.1796120
      15.0000000        0.1835375
      16.0000000        0.1855446
       1.0000000        0.0031890
       2.0000000        0.0274474
       3.0000000        0.0649454
       4.0000000        0.0971131
       5.0000000        0.1208775
       6.0000000        0.1393447
       7.0000000        0.1545966
       8.0000000        0.1652376
       9.0000000        0.1702938
      10.0000000        0.1721394
      11.0000000        0.1738593
      12.0000000        0.1768470
      13.0000000        0.1813461
      14.0000000        0.1850410
      15.0000000        0.1873797
      16.0000000        0.1884074
       1.0000000        0.0031232
       2.0000000        0.0263451
       3.0000000        0.0618116
       4.0000000        0.0927250
       5.0000000        0.1164984
       6.0000000        0.1346247
       7.0000000        0.1477037
       8.0000000        0.1562010
       9.0000000        0.1612907
      10.0000000        0.1653158
      11.0000000        0.1694207
      12.0000000        0.1725931
      13.0000000        0.1745660
      14.0000000        0.1757183
      15.0000000        0.1764100
      16.0000000        0.1765917
       1.0000000        0.0032397
       2.0000000        0.0265014
       3.0000000        0.0605415
       4.0000000        0.0896779
       5.0000000        0.1125398
       6.0000000        0.1296566
       7.0000000        0.1406302
       8.0000000        0.1467836
       9.0000000        0.1517688
      10.0000000        0.1579591
      11.0000000        0.1630176
      12.0000000        0.1641265
      13.0000000        0.1630779
      14.0000000        0.1631810
      15.0000000        0.1647628
      16.0000000        0.1656348
       1.0000000        0.0036384
       2.0000000        0.0290432
       3.0000000        0.0647671
       4.0000000        0.0941864
       5.0000000        0.1158645
       6.0000000        0.1312153
       7.0000000        0.1407278
       8.0000000        0.1461315
       9.0000000        0.1499103
      10.0000000        0.1544636
      11.0000000        0.1593887
      12.0000000        0.1628699
      13.0000000        0.1639589
      14.0000000        0.1623728
      15.0000000        0.1589854
      16.0000000        0.1570315
       1.0000000        0.0039881
       2.0000000        0.0324716
       3.0000000        0.0712506
       4.0000000        0.1012976
       5.0000000        0.1225652
       6.0000000        0.1362005
       7.0000000        0.1441507
       8.0000000        0.1500980
       9.0000000        0.1546447
      10.0000000        0.1572149
      11.0000000        0.1582487
      12.0000000        0.1588224
      13.0000000        0.1586126
      14.0000000        0.1566510
      15.0000000        0.1534689
      16.0000000        0.1517483
       1.0000000        0.0043356
       2.0000000        0.0345067
       3.0000000        0.0741237
       4.0000000        0.1037691
       5.0000000        0.1242343
       6.0000000        0.1351146
       7.0000000        0.1410426
       8.0000000        0.1476128
       9.0000000        0.1525465
      10.0000000        0.1526102
      11.0000000        0.1503430
      12.0000000        0.1497781
      13.0000000        0.1510573
      14.0000000        0.1512350
      15.0000000        0.1494204
      16.0000000        0.1480463
       1.0000000        0.0045622
       2.0000000        0.0356184
       3.0000000        0.0760856
       4.0000000        0.1052697
       5.0000000        0.1235463
       6.0000000        0.1353874
       7.0000000        0.1442579
       8.0000000        0.1507987
       9.0000000        0.1533161
      10.0000000        0.1515436
      11.0000000        0.1487292
      12.0000000        0.1467761
      13.0000000        0.1458918
      14.0000000        0.1462027
      15.0000000        0.1475884
      16.0000000        0.1484983
       1.0000000        0.0048354
       2.0000000        0.0369972
       3.0000000        0.0775479
       4.0000000        0.1059888
       5.0000000        0.1244999
       6.0000000        0.1376118
       7.0000000        0.1470401
       8.0000000        0.1534892
       9.0000000        0.1561095
      10.0000000        0.1549331
      11.0000000        0.1521450
      12.0000000        0.1490848
      13.0000000        0.1465925
      14.0000000        0.1452603
      15.0000000        0.1455311
      16.0000000        0.1460668
       1.0000000        0.0048265
       2.0000000        0.0367378
       3.0000000        0.0759932
       4.0000000        0.1033525
       5.0000000        0.1223183
       6.0000000        0.1359814
       7.0000000        0.1451643
       8.0000000        0.1518438
       9.0000000        0.1557700
      10.0000000        0.1554057
      11.0000000        0.1517171
      12.0000000        0.1468330
      13.0000000        0.1419302
      14.0000000        0.1381897
      15.0000000        0.1363972
      16.0000000        0.1359570
       1.0000000        0.0050125
       2.0000000        0.0371298
       3.0000000        0.0761095
       4.0000000        0.1040927
       5.0000000        0.1248375
       6.0000000        0.1400570
       7.0000000        0.1511764
       8.0000000        0.1590533
       9.0000000        0.1619945
      10.0000000        0.1601032
      11.0000000        0.1555171
      12.0000000        0.1495886
      13.0000000        0.1423413
      14.0000000        0.1363908
      15.0000000        0.1331722
      16.0000000        0.1323149
       1.0000000        0.0051549
       2.0000000        0.0375475
       3.0000000        0.0769938
       4.0000000        0.1057270
       5.0000000        0.1286647
       6.0000000        0.1473516
       7.0000000        0.1606669
       8.0000000        0.1698672
       9.0000000        0.1728020
      10.0000000        0.1691461
      11.0000000        0.1617178
      12.0000000        0.1525990
      13.0000000        0.1441056
      14.0000000        0.1396305
      15.0000000        0.1389752
      16.0000000        0.1391213
       1.0000000        0.0051913
       2.0000000        0.0385720
       3.0000000        0.0809700
       4.0000000        0.1136779
       5.0000000        0.1395071
       6.0000000        0.1587995
       7.0000000        0.1699769
       8.0000000        0.1740556
       9.0000000        0.1723630
      10.0000000        0.1686543
      11.0000000        0.1631316
      12.0000000        0.1547344
      13.0000000        0.1472021
      14.0000000        0.1445571
      15.0000000        0.1451350
      16.0000000        0.1455885
       1.0000000        0.0051881
       2.0000000        0.0399991
       3.0000000        0.0870923
       4.0000000        0.1238918
       5.0000000        0.1485785
       6.0000000        0.1603385
       7.0000000        0.1623254
       8.0000000        0.1620291
       9.0000000        0.1628553
      10.0000000        0.1628705
      11.0000000        0.1600292
      12.0000000        0.1536425
      13.0000000        0.1471339
      14.0000000        0.1437159
      15.0000000        0.1422828
      16.0000000        0.1418403
       1.0000000        0.0050483
       2.0000000        0.0401914
       3.0000000        0.0881305
       4.0000000        0.1227948
       5.0000000        0.1418547
       6.0000000        0.1491426
       7.0000000        0.1515167
       8.0000000        0.1541100
       9.0000000        0.1568191
      10.0000000        0.1575731
      11.0000000        0.1558015
      12.0000000        0.1507205
      13.0000000        0.1450271
      14.0000000        0.1413136
      15.0000000        0.1393980
      16.0000000        0.1389014
       1.0000000        0.0051833
       2.0000000        0.0411096
       3.0000000        0.0877338
       4.0000000        0.1177173
       5.0000000        0.1313152
       6.0000000        0.1395084
       7.0000000        0.1469919
       8.0000000        0.1534006
       9.0000000        0.1574577
      10.0000000        0.1564864
      11.0000000        0.1527958
      12.0000000        0.1485901
      13.0000000        0.1459993
      14.0000000        0.1458170
      15.0000000        0.1454460
      16.0000000        0.1448097
       1.0000000        0.0054371
       2.0000000        0.0425598
       3.0000000        0.0883850
       4.0000000        0.1146004
       5.0000000        0.1271314
       6.0000000        0.1362424
       7.0000000        0.1438295
       8.0000000        0.1491808
       9.0000000        0.1512842
      10.0000000        0.1503814
      11.0000000        0.1486011
      12.0000000        0.1474788
      13.0000000        0.1492663
      14.0000000        0.1529296
      15.0000000        0.1535456
      16.0000000        0.1525030
       1.0000000        0.0053547
       2.0000000        0.0408511
       3.0000000        0.0824886
       4.0000000        0.1070186
       5.0000000        0.1217352
       6.0000000        0.1316158
       7.0000000        0.1367130
       8.0000000        0.1389012
       9.0000000        0.1393360
      10.0000000        0.1397057
      11.0000000        0.1422867
      12.0000000        0.1470929
      13.0000000        0.1530141
      14.0000000        0.1554332
      15.0000000        0.1529612
      16.0000000        0.1511279
       1.0000000        0.0051545
       2.0000000        0.0388023
       3.0000000        0.0783454
       4.0000000        0.1028572
       5.0000000        0.1179988
       6.0000000        0.1273602
       7.0000000        0.1314771
       8.0000000        0.1329482
       9.0000000        0.1331967
      10.0000000        0.1359835
      11.0000000        0.1428192
      12.0000000        0.1490424
      13.0000000        0.1516953
      14.0000000        0.1501585
      15.0000000        0.1461312
      16.0000000        0.1440476
       1.0000000        0.0052793
       2.0000000        0.0384785
       3.0000000        0.0784711
       4.0000000        0.1042262
       5.0000000        0.1175528
       6.0000000        0.1238686
       7.0000000        0.1282163
       8.0000000        0.1326391
       9.0000000        0.1360859
      10.0000000        0.1391538
      11.0000000        0.1427629
      12.0000000        0.1452116
      13.0000000        0.1450949
      14.0000000        0.1423499
      15.0000000        0.1384878
      16.0000000        0.1368846
       1.0000000        0.0053914
       2.0000000        0.0399661
       3.0000000        0.0814397
       4.0000000        0.1064353
       5.0000000        0.1177249
       6.0000000        0.1218572
       7.0000000        0.1244457
       8.0000000        0.1296001
       9.0000000        0.1348176
      10.0000000        0.1378040
      11.0000000        0.1391826
      12.0000000        0.1390208
      13.0000000        0.1366581
      14.0000000        0.1319957
      15.0000000        0.1273327
      16.0000000        0.1251597
       1.0000000        0.0056312
       2.0000000        0.0416892
       3.0000000        0.0838790
       4.0000000        0.1078283
       5.0000000        0.1194740
       6.0000000        0.1240214
       7.0000000        0.1257341
       8.0000000        0.1299620
       9.0000000        0.1350584
      10.0000000        0.1379367
      11.0000000        0.1376309
      12.0000000        0.1343307
      13.0000000        0.1295817
      14.0000000        0.1252801
      15.0000000        0.1228227
      16.0000000        0.1218777
       1.0000000        0.0058407
       2.0000000        0.0418035
       3.0000000        0.0823458
       4.0000000        0.1062867
       5.0000000        0.1187640
       6.0000000        0.1238922
       7.0000000        0.1277254
       8.0000000        0.1342831
       9.0000000        0.1409358
      10.0000000        0.1426443
      11.0000000        0.1385336
      12.0000000        0.1303295
      13.0000000        0.1222831
      14.0000000        0.1165376
      15.0000000        0.1131962
      16.0000000        0.1120388
       1.0000000        0.0058355
       2.0000000        0.0416730
       3.0000000        0.0788238
       4.0000000        0.1003512
       5.0000000        0.1111453
       6.0000000        0.1173302
       7.0000000        0.1265825
       8.0000000        0.1397124
       9.0000000        0.1491610
      10.0000000        0.1485933
      11.0000000        0.1397400
      12.0000000        0.1275999
      13.0000000        0.1178326
      14.0000000        0.1118834
      15.0000000        0.1086327
      16.0000000        0.1073207
       1.0000000        0.0059194
       2.0000000        0.0403982
       3.0000000        0.0767803
       4.0000000        0.0988818
       5.0000000        0.1111995
       6.0000000        0.1193854
       7.0000000        0.1305520
       8.0000000        0.1437446
       9.0000000        0.1520149
      10.0000000        0.1516342
      11.0000000        0.1434669
      12.0000000        0.1322227
      13.0000000        0.1225247
      14.0000000        0.1163507
      15.0000000        0.1108665
      16.0000000        0.1079709
       1.0000000        0.0060538
       2.0000000        0.0400132
       3.0000000        0.0751551
       4.0000000        0.0998166
       5.0000000        0.1162307
       6.0000000        0.1280875
       7.0000000        0.1389696
       8.0000000        0.1491814
       9.0000000        0.1555497
      10.0000000        0.1560983
      11.0000000        0.1496144
      12.0000000        0.1398447
      13.0000000        0.1314912
      14.0000000        0.1256847
      15.0000000        0.1196789
      16.0000000        0.1163866
       1.0000000        0.0053046
       2.0000000        0.0373977
       3.0000000        0.0757942
       4.0000000        0.1029683
       5.0000000        0.1214876
       6.0000000        0.1350808
       7.0000000        0.1457851
       8.0000000        0.1529035
       9.0000000        0.1550102
      10.0000000        0.1538933
      11.0000000        0.1494015
      12.0000000        0.1423731
      13.0000000        0.1353213
      14.0000000        0.1297525
      15.0000000        0.1269229
      16.0000000        0.1264456
       1.0000000        0.0050884
       2.0000000        0.0373573
       3.0000000        0.0769270
       4.0000000        0.1042402
       5.0000000        0.1237450
       6.0000000        0.1387750
       7.0000000        0.1490100
       8.0000000        0.1548987
       9.0000000        0.1566177
      10.0000000        0.1538234
      11.0000000        0.1480281
      12.0000000        0.1413990
      13.0000000        0.1339192
      14.0000000        0.1277126
      15.0000000        0.1250816
      16.0000000        0.1248099
       1.0000000        0.0052448
       2.0000000        0.0385815
       3.0000000        0.0783061
       4.0000000        0.1051383
       5.0000000        0.1247469
       6.0000000        0.1397951
       7.0000000        0.1498158
       8.0000000        0.1551526
       9.0000000        0.1562156
      10.0000000        0.1524383
      11.0000000        0.1459960
      12.0000000        0.1386818
      13.0000000        0.1313798
      14.0000000        0.1267987
      15.0000000        0.1260056
      16.0000000        0.1260948
       1.0000000        0.0053701
       2.0000000        0.0403752
       3.0000000        0.0808536
       4.0000000        0.1072784
       5.0000000        0.1252761
       6.0000000        0.1393659
       7.0000000        0.1489360
       8.0000000        0.1528815
       9.0000000        0.1522747
      10.0000000        0.1496797
      11.0000000        0.1454140
      12.0000000        0.1404921
      13.0000000        0.1363930
      14.0000000        0.1347865
      15.0000000        0.1344707
      16.0000000        0.1342126
       1.0000000        0.0057624
       2.0000000        0.0412361
       3.0000000        0.0816472
       4.0000000        0.1060426
       5.0000000        0.1221082
       6.0000000        0.1348239
       7.0000000        0.1444800
       8.0000000        0.1483499
       9.0000000        0.1472872
      10.0000000        0.1461922
      11.0000000        0.1452258
      12.0000000        0.1445118
      13.0000000        0.1444818
      14.0000000        0.1452604
      15.0000000        0.1457343
      16.0000000        0.1456260
       1.0000000        0.0059223
       2.0000000        0.0406930
       3.0000000        0.0779266
       4.0000000        0.1015063
       5.0000000        0.1183564
       6.0000000        0.1326569
       7.0000000        0.1421867
       8.0000000        0.1454386
       9.0000000        0.1446547
      10.0000000        0.1452184
      11.0000000        0.1476929
      12.0000000        0.1484821
      13.0000000        0.1471393
      14.0000000        0.1476512
      15.0000000        0.1501453
      16.0000000        0.1511030
       1.0000000        0.0057871
       2.0000000        0.0376142
       3.0000000        0.0703070
       4.0000000        0.0951000
       5.0000000        0.1161290
       6.0000000        0.1321318
       7.0000000        0.1411973
       8.0000000        0.1453764
       9.0000000        0.1461348
      10.0000000        0.1479288
      11.0000000        0.1512999
      12.0000000        0.1515537
      13.0000000        0.1488826
      14.0000000        0.1477377
      15.0000000        0.1480004
      16.0000000        0.1479546
       1.0000000        0.0052371
       2.0000000        0.0351767
       3.0000000        0.0676721
       4.0000000        0.0933654
       5.0000000        0.1157641
       6.0000000        0.1309526
       7.0000000        0.1386075
       8.0000000        0.1437713
       9.0000000        0.1473940
      10.0000000        0.1506493
      11.0000000        0.1543483
      12.0000000        0.1550374
      13.0000000        0.1520993
      14.0000000        0.1487875
      15.0000000        0.1466389
      16.0000000        0.1459575
       1.0000000        0.0048359
       2.0000000        0.0340071
       3.0000000        0.0677668
       4.0000000        0.0936572
       5.0000000        0.1138266
       6.0000000        0.1267048
       7.0000000        0.1352352
       8.0000000        0.1438100
       9.0000000        0.1507742
      10.0000000        0.1554207
      11.0000000        0.1588610
      12.0000000        0.1602891
      13.0000000        0.1579830
      14.0000000        0.1534035
      15.0000000        0.1506431
      16.0000000        0.1502197
       1.0000000        0.0047016
       2.0000000        0.0333675
       3.0000000        0.0678960
       4.0000000        0.0944440
       5.0000000        0.1138663
       6.0000000        0.1271689
       7.0000000        0.1357048
       8.0000000        0.1426763
       9.0000000        0.1510762
      10.0000000        0.1586661
      11.0000000        0.1627298
      12.0000000        0.1637191
      13.0000000        0.1634471
      14.0000000        0.1623712
      15.0000000        0.1600680
      16.0000000        0.1585642
       1.0000000        0.0047587
       2.0000000        0.0324862
       3.0000000        0.0644069
       4.0000000        0.0883509
       5.0000000        0.1069764
       6.0000000        0.1206725
       7.0000000        0.1296882
       8.0000000        0.1368058
       9.0000000        0.1437678
      10.0000000        0.1495754
      11.0000000        0.1540508
      12.0000000        0.1590185
      13.0000000        0.1639552
      14.0000000        0.1660782
      15.0000000        0.1645254
      16.0000000        0.1631924
       1.0000000        0.0037797
       2.0000000        0.0271281
       3.0000000        0.0559996
       4.0000000        0.0769207
       5.0000000        0.0918419
       6.0000000        0.1039994
       7.0000000        0.1155921
       8.0000000        0.1271951
       9.0000000        0.1363383
      10.0000000        0.1414700
      11.0000000        0.1449060
      12.0000000        0.1490984
      13.0000000        0.1540711
      14.0000000        0.1583159
      15.0000000        0.1609564
      16.0000000        0.1619402
       1.0000000        0.0031253
       2.0000000        0.0235983
       3.0000000        0.0497631
       4.0000000        0.0688381
       5.0000000        0.0832603
       6.0000000        0.0968395
       7.0000000        0.1101242
       8.0000000        0.1225314
       9.0000000        0.1332291
      10.0000000        0.1412919
      11.0000000        0.1460189
      12.0000000        0.1484004
      13.0000000        0.1500064
      14.0000000        0.1510771
      15.0000000        0.1516945
      16.0000000        0.1520034
       1.0000000        0.0025516
       2.0000000        0.0208492
       3.0000000        0.0462731
       4.0000000        0.0668596
       5.0000000        0.0841302
       6.0000000        0.1009666
       7.0000000        0.1164344
       8.0000000        0.1296897
       9.0000000        0.1411570
      10.0000000        0.1496491
      11.0000000        0.1547422
      12.0000000        0.1583977
      13.0000000        0.1614236
      14.0000000        0.1626857
      15.0000000        0.1622619
      16.0000000        0.1618057
       1.0000000        0.0022875
       2.0000000        0.0193715
       3.0000000        0.0456754
       4.0000000        0.0697509
       5.0000000        0.0912922
       6.0000000        0.1112165
       7.0000000        0.1286943
       8.0000000        0.1440589
       9.0000000        0.1579033
      10.0000000        0.1679490
      11.0000000        0.1736536
      12.0000000        0.1774058
      13.0000000        0.1805349
      14.0000000        0.1821975
      15.0000000        0.1820469
      16.0000000        0.1816710
       1.0000000        0.0024492
       2.0000000        0.0207890
       3.0000000        0.0500125
       4.0000000        0.0784033
       5.0000000        0.1044141
       6.0000000        0.1272896
       7.0000000        0.1457009
       8.0000000        0.1602650
       9.0000000        0.1710389
      10.0000000        0.1774535
      11.0000000        0.1811900
      12.0000000        0.1850141
      13.0000000        0.1886402
      14.0000000        0.1900723
      15.0000000        0.1896459
      16.0000000        0.1892629
       1.0000000        0.0027948
       2.0000000        0.0240103
       3.0000000        0.0578163
       4.0000000        0.0902286
       5.0000000        0.1186361
       6.0000000        0.1418448
       7.0000000        0.1576982
       8.0000000        0.1666406
       9.0000000        0.1726583
      10.0000000        0.1776975
      11.0000000        0.1811764
      12.0000000        0.1825621
      13.0000000        0.1828216
      14.0000000        0.1826477
      15.0000000        0.1821873
      16.0000000        0.1818713
       1.0000000        0.0034761
       2.0000000        0.0291237
       3.0000000        0.0682664
       4.0000000        0.1047354
       5.0000000        0.1355155
       6.0000000        0.1592188
       7.0000000        0.1744327
       8.0000000        0.1809853
       9.0000000        0.1814305
      10.0000000        0.1811320
      11.0000000        0.1821586
      12.0000000        0.1826984
      13.0000000        0.1812819
      14.0000000        0.1770999
      15.0000000        0.1709142
      16.0000000        0.1676153
       1.0000000        0.0044049
       2.0000000        0.0358805
       3.0000000        0.0807379
       4.0000000        0.1206066
       5.0000000        0.1545816
       6.0000000        0.1797967
       7.0000000        0.1924652
       8.0000000        0.1933012
       9.0000000        0.1874285
      10.0000000        0.1813273
      11.0000000        0.1778822
      12.0000000        0.1759391
      13.0000000        0.1728227
      14.0000000        0.1679078
      15.0000000        0.1636889
      16.0000000        0.1622629
       1.0000000        0.0050835
       2.0000000        0.0396922
       3.0000000        0.0877585
       4.0000000        0.1287763
       5.0000000        0.1614226
       6.0000000        0.1824550
       7.0000000        0.1902964
       8.0000000        0.1900778
       9.0000000        0.1872605
      10.0000000        0.1837002
      11.0000000        0.1796297
      12.0000000        0.1753646
      13.0000000        0.1704985
      14.0000000        0.1645236
      15.0000000        0.1589069
      16.0000000        0.1565833
       1.0000000        0.0052378
       2.0000000        0.0410242
       3.0000000        0.0911536
       4.0000000        0.1325765
       5.0000000        0.1604955
       6.0000000        0.1742645
       7.0000000        0.1789927
       8.0000000        0.1815026
       9.0000000        0.1859141
      10.0000000        0.1902339
      11.0000000        0.1903637
      12.0000000        0.1848427
      13.0000000        0.1770421
      14.0000000        0.1705342
      15.0000000        0.1658376
      16.0000000        0.1639935
       1.0000000        0.0056126
       2.0000000        0.0434301
       3.0000000        0.0935510
       4.0000000        0.1327583
       5.0000000        0.1612159
       6.0000000        0.1781802
       7.0000000        0.1861205
       8.0000000        0.1920843
       9.0000000        0.1986022
      10.0000000        0.2032005
      11.0000000        0.2040151
      12.0000000        0.1999577
      13.0000000        0.1934399
      14.0000000        0.1879877
      15.0000000        0.1840850
      16.0000000        0.1825384
       1.0000000        0.0063658
       2.0000000        0.0471482
       3.0000000        0.0976338
       4.0000000        0.1357050
       5.0000000        0.1647815
       6.0000000        0.1874658
       7.0000000        0.2014664
       8.0000000        0.2094035
       9.0000000        0.2128031
      10.0000000        0.2134935
      11.0000000        0.2122223
      12.0000000        0.2090513
      13.0000000        0.2051767
      14.0000000        0.2010406
      15.0000000        0.1962385
      16.0000000        0.1938040
       1.0000000        0.0077963
       2.0000000        0.0550317
       3.0000000        0.1095918
       4.0000000        0.1506079
       5.0000000        0.1802142
       6.0000000        0.2007053
       7.0000000        0.2149749
       8.0000000        0.2252814
       9.0000000        0.2318291
      10.0000000        0.2313671
      11.0000000        0.2262035
      12.0000000        0.2199073
      13.0000000        0.2129624
      14.0000000        0.2070531
      15.0000000        0.2039727
      16.0000000        0.2033015
       1.0000000        0.0093513
       2.0000000        0.0629445
       3.0000000        0.1203084
       4.0000000        0.1600741
       5.0000000        0.1868543
       6.0000000        0.2032386
       7.0000000        0.2134789
       8.0000000        0.2220068
       9.0000000        0.2283925
      10.0000000        0.2307567
      11.0000000        0.2292008
      12.0000000        0.2243177
      13.0000000        0.2187901
      14.0000000        0.2134270
      15.0000000        0.2106454
      16.0000000        0.2106506
       1.0000000        0.0085678
       2.0000000        0.0618653
       3.0000000        0.1248157
       4.0000000        0.1652299
       5.0000000        0.1902917
       6.0000000        0.2037006
       7.0000000        0.2106689
       8.0000000        0.2155432
       9.0000000        0.2204968
      10.0000000        0.2230249
      11.0000000        0.2200252
      12.0000000        0.2168861
      13.0000000        0.2178769
      14.0000000        0.2190426
      15.0000000        0.2181097
      16.0000000        0.2172001
       1.0000000        0.0079831
       2.0000000        0.0594672
       3.0000000        0.1195825
       4.0000000        0.1607792
       5.0000000        0.1875835
       6.0000000        0.2001477
       7.0000000        0.2048093
       8.0000000        0.2068930
       9.0000000        0.2072813
      10.0000000        0.2071775
      11.0000000        0.2078260
      12.0000000        0.2110562
      13.0000000        0.2166434
      14.0000000        0.2189353
      15.0000000        0.2143991
      16.0000000        0.2108475
       1.0000000        0.0078076
       2.0000000        0.0565555
       3.0000000        0.1117280
       4.0000000        0.1490060
       5.0000000        0.1737408
       6.0000000        0.1855992
       7.0000000        0.1908395
       8.0000000        0.1951506
       9.0000000        0.1969822
      10.0000000        0.1957512
      11.0000000        0.1960381
      12.0000000        0.2030591
      13.0000000        0.2114159
      14.0000000        0.2102126
      15.0000000        0.2017263
      16.0000000        0.1973449
       1.0000000        0.0080276
       2.0000000        0.0549241
       3.0000000        0.1044497
       4.0000000        0.1351274
       5.0000000        0.1574011
       6.0000000        0.1716288
       7.0000000        0.1784282
       8.0000000        0.1820558
       9.0000000        0.1826622
      10.0000000        0.1823533
      11.0000000        0.1856963
      12.0000000        0.1939805
      13.0000000        0.2031300
      14.0000000        0.2038856
      15.0000000        0.1970978
      16.0000000        0.1930099
       1.0000000        0.0089095
       2.0000000        0.0575472
       3.0000000        0.1029490
       4.0000000        0.1287281
       5.0000000        0.1487201
       6.0000000        0.1616370
       7.0000000        0.1668762
       8.0000000        0.1698061
       9.0000000        0.1737417
      10.0000000        0.1786180
      11.0000000        0.1821309
      12.0000000        0.1836892
      13.0000000        0.1854411
      14.0000000        0.1869501
      15.0000000        0.1845290
      16.0000000        0.1819256
       1.0000000        0.0095504
       2.0000000        0.0602175
       3.0000000        0.1024645
       4.0000000        0.1238072
       5.0000000        0.1398027
       6.0000000        0.1523512
       7.0000000        0.1624998
       8.0000000        0.1721695
       9.0000000        0.1802665
      10.0000000        0.1851657
      11.0000000        0.1866348
      12.0000000        0.1836666
      13.0000000        0.1796252
      14.0000000        0.1780668
      15.0000000        0.1767309
      16.0000000        0.1756078
       1.0000000        0.0091914
       2.0000000        0.0572903
       3.0000000        0.0980767
       4.0000000        0.1180865
       5.0000000        0.1307588
       6.0000000        0.1445598
       7.0000000        0.1596531
       8.0000000        0.1740103
       9.0000000        0.1835409
      10.0000000        0.1870463
      11.0000000        0.1862866
      12.0000000        0.1835139
      13.0000000        0.1827640
      14.0000000        0.1839141
      15.0000000        0.1849081
      16.0000000        0.1851386
       1.0000000        0.0080138
       2.0000000        0.0520560
       3.0000000        0.0939670
       4.0000000        0.1145052
       5.0000000        0.1275864
       6.0000000        0.1402497
       7.0000000        0.1523603
       8.0000000        0.1644938
       9.0000000        0.1740767
      10.0000000        0.1789327
      11.0000000        0.1788630
      12.0000000        0.1755264
      13.0000000        0.1738395
      14.0000000        0.1767561
      15.0000000        0.1803497
      16.0000000        0.1814099
       1.0000000        0.0069618
       2.0000000        0.0499990
       3.0000000        0.0940815
       4.0000000        0.1176241
       5.0000000        0.1320936
       6.0000000        0.1434777
       7.0000000        0.1537715
       8.0000000        0.1633385
       9.0000000        0.1689135
      10.0000000        0.1700931
      11.0000000        0.1671423
      12.0000000        0.1613898
      13.0000000        0.1577038
      14.0000000        0.1598599
      15.0000000        0.1647705
      16.0000000        0.1669692
       1.0000000        0.0066758
       2.0000000        0.0481364
       3.0000000        0.0936081
       4.0000000        0.1206227
       5.0000000        0.1365813
       6.0000000        0.1485047
       7.0000000        0.1594866
       8.0000000        0.1693431
       9.0000000        0.1745769
      10.0000000        0.1739727
      11.0000000        0.1702266
      12.0000000        0.1646995
      13.0000000        0.1589746
      14.0000000        0.1562590
      15.0000000        0.1564319
      16.0000000        0.1573878
       1.0000000        0.0066648
       2.0000000        0.0485119
       3.0000000        0.0946783
       4.0000000        0.1220315
       5.0000000        0.1387765
       6.0000000        0.1514745
       7.0000000        0.1621457
       8.0000000        0.1704547
       9.0000000        0.1751759
      10.0000000        0.1770794
      11.0000000        0.1758943
      12.0000000        0.1698264
      13.0000000        0.1602650
      14.0000000        0.1513110
      15.0000000        0.1466190
      16.0000000        0.1457276
       1.0000000        0.0068225
       2.0000000        0.0495991
       3.0000000        0.0961623
       4.0000000        0.1233369
       5.0000000        0.1378668
       6.0000000        0.1473486
       7.0000000        0.1558668
       8.0000000        0.1632662
       9.0000000        0.1703493
      10.0000000        0.1752707
      11.0000000        0.1747732
      12.0000000        0.1686448
      13.0000000        0.1587955
      14.0000000        0.1491282
      15.0000000        0.1435378
      16.0000000        0.1423971
       1.0000000        0.0068481
       2.0000000        0.0488264
       3.0000000        0.0938988
       4.0000000        0.1207479
       5.0000000        0.1380131
       6.0000000        0.1507024
       7.0000000        0.1590758
       8.0000000        0.1651002
       9.0000000        0.1714958
      10.0000000        0.1766445
      11.0000000        0.1772879
      12.0000000        0.1717831
      13.0000000        0.1623701
      14.0000000        0.1523463
      15.0000000        0.1440137
      16.0000000        0.1400956
       1.0000000        0.0063544
       2.0000000        0.0470274
       3.0000000        0.0948796
       4.0000000        0.1276577
       5.0000000        0.1497654
       6.0000000        0.1629022
       7.0000000        0.1680187
       8.0000000        0.1709704
       9.0000000        0.1743276
      10.0000000        0.1763956
      11.0000000        0.1772405
      12.0000000        0.1750518
      13.0000000        0.1686224
      14.0000000        0.1607365
      15.0000000        0.1533574
      16.0000000        0.1496832
       1.0000000        0.0061803
       2.0000000        0.0465365
       3.0000000        0.0980236
       4.0000000        0.1366560
       5.0000000        0.1597657
       6.0000000        0.1686567
       7.0000000        0.1698011
       8.0000000        0.1701044
       9.0000000        0.1719884
      10.0000000        0.1757344
      11.0000000        0.1787500
      12.0000000        0.1772793
      13.0000000        0.1718460
      14.0000000        0.1662977
      15.0000000        0.1631093
      16.0000000        0.1616556
       1.0000000        0.0066511
       2.0000000        0.0493649
       3.0000000        0.1016478
       4.0000000        0.1388598
       5.0000000        0.1628142
       6.0000000        0.1740232
       7.0000000        0.1774184
       8.0000000        0.1808499
       9.0000000        0.1858978
      10.0000000        0.1892428
      11.0000000        0.1874746
      12.0000000        0.1827494
      13.0000000        0.1798323
      14.0000000        0.1804091
      15.0000000        0.1819457
      16.0000000        0.1825655
       1.0000000        0.0074678
       2.0000000        0.0526764
       3.0000000        0.1038463
       4.0000000        0.1411797
       5.0000000        0.1711013
       6.0000000        0.1879775
       7.0000000        0.1939911
       8.0000000        0.1982020
       9.0000000        0.2002964
      10.0000000        0.1960980
      11.0000000        0.1898871
      12.0000000        0.1868181
      13.0000000        0.1870852
      14.0000000        0.1911845
      15.0000000        0.1970071
      16.0000000        0.1996222
       1.0000000        0.0080759
       2.0000000        0.0561536
       3.0000000        0.1099051
       4.0000000        0.1501990
       5.0000000        0.1833484
       6.0000000        0.2036489
       7.0000000        0.2123093
       8.0000000        0.2139734
       9.0000000        0.2086192
      10.0000000        0.2032771
      11.0000000        0.2007747
      12.0000000        0.1974323
      13.0000000        0.1969710
      14.0000000        0.2043330
      15.0000000        0.2125299
      16.0000000        0.2152219
       1.0000000        0.0082598
       2.0000000        0.0591726
       3.0000000        0.1185030
       4.0000000        0.1604668
       5.0000000        0.1922295
       6.0000000        0.2145100
       7.0000000        0.2254794
       8.0000000        0.2268288
       9.0000000        0.2221847
      10.0000000        0.2161663
      11.0000000        0.2118078
      12.0000000        0.2102616
      13.0000000        0.2136248
      14.0000000        0.2215908
      15.0000000        0.2302894
      16.0000000        0.2342668
       1.0000000        0.0082566
       2.0000000        0.0614379
       3.0000000        0.1264572
       4.0000000        0.1719406
       5.0000000        0.2024673
       6.0000000        0.2211543
       7.0000000        0.2293260
       8.0000000        0.2305562
       9.0000000        0.2269822
      10.0000000        0.2222224
      11.0000000        0.2198675
      12.0000000        0.2175648
      13.0000000        0.2165591
      14.0000000        0.2207657
      15.0000000        0.2266893
      16.0000000        0.2287834
       1.0000000        0.0079706
       2.0000000        0.0598646
       3.0000000        0.1264565
       4.0000000        0.1758929
       5.0000000        0.2045594
       6.0000000        0.2162695
       7.0000000        0.2230270
       8.0000000        0.2292854
       9.0000000        0.2305978
      10.0000000        0.2281779
      11.0000000        0.2267906
      12.0000000        0.2242912
      13.0000000        0.2189525
      14.0000000        0.2136849
      15.0000000        0.2106142
      16.0000000        0.2091493
       1.0000000        0.0071277
       2.0000000        0.0527592
       3.0000000        0.1133958
       4.0000000        0.1634744
       5.0000000        0.1968750
       6.0000000        0.2148575
       7.0000000        0.2237161
       8.0000000        0.2286251
       9.0000000        0.2305618
      10.0000000        0.2290133
      11.0000000        0.2252745
      12.0000000        0.2194189
      13.0000000        0.2093819
      14.0000000        0.1971106
      15.0000000        0.1876762
      16.0000000        0.1841047
       1.0000000        0.0060687
       2.0000000        0.0475116
       3.0000000        0.1043168
       4.0000000        0.1523271
       5.0000000        0.1883970
       6.0000000        0.2108076
       7.0000000        0.2201561
       8.0000000        0.2205238
       9.0000000        0.2155432
      10.0000000        0.2107654
      11.0000000        0.2062224
      12.0000000        0.1984247
      13.0000000        0.1881281
      14.0000000        0.1793289
      15.0000000        0.1738857
      16.0000000        0.1719352
       1.0000000        0.0059973
       2.0000000        0.0450796
       3.0000000        0.0982346
       4.0000000        0.1417308
       5.0000000        0.1750919
       6.0000000        0.1977850
       7.0000000        0.2094448
       8.0000000        0.2098842
       9.0000000        0.2018344
      10.0000000        0.1929565
      11.0000000        0.1870794
      12.0000000        0.1830808
      13.0000000        0.1794227
      14.0000000        0.1758119
      15.0000000        0.1721905
      16.0000000        0.1701939
       1.0000000        0.0055878
       2.0000000        0.0426467
       3.0000000        0.0928337
       4.0000000        0.1355264
       5.0000000        0.1686490
       6.0000000        0.1910615
       7.0000000        0.2014169
       8.0000000        0.1993616
       9.0000000        0.1889769
      10.0000000        0.1793772
      11.0000000        0.1769045
      12.0000000        0.1796099
      13.0000000        0.1827637
      14.0000000        0.1858587
      15.0000000        0.1880354
      16.0000000        0.1886564
       1.0000000        0.0056619
       2.0000000        0.0423770
       3.0000000        0.0953508
       4.0000000        0.1408002
       5.0000000        0.1740719
       6.0000000        0.1941212
       7.0000000        0.2019624
       8.0000000        0.1987540
       9.0000000        0.1888526
      10.0000000        0.1799442
      11.0000000        0.1783847
      12.0000000        0.1838753
      13.0000000        0.1918602
      14.0000000        0.2006925
      15.0000000        0.2080242
      16.0000000        0.2107669
       1.0000000        0.0058834
       2.0000000        0.0437605
       3.0000000        0.0971400
       4.0000000        0.1437323
       5.0000000        0.1780494
       6.0000000        0.2001689
       7.0000000        0.2087311
       8.0000000        0.2066675
       9.0000000        0.2002507
      10.0000000        0.1950987
      11.0000000        0.1936732
      12.0000000        0.1971366
      13.0000000        0.2034645
      14.0000000        0.2091879
      15.0000000        0.2131577
      16.0000000        0.2145887
       1.0000000        0.0054445
       2.0000000        0.0422083
       3.0000000        0.0900732
       4.0000000        0.1295918
       5.0000000        0.1582104
       6.0000000        0.1787621
       7.0000000        0.1899129
       8.0000000        0.1937598
       9.0000000        0.1963100
      10.0000000        0.1992097
      11.0000000        0.2002371
      12.0000000        0.2010388
      13.0000000        0.2037292
      14.0000000        0.2067704
      15.0000000        0.2097214
      16.0000000        0.2116390
       1.0000000        0.0052360
       2.0000000        0.0393639
       3.0000000        0.0824691
       4.0000000        0.1141004
       5.0000000        0.1354124
       6.0000000        0.1507036
       7.0000000        0.1631818
       8.0000000        0.1735414
       9.0000000        0.1826018
      10.0000000        0.1910735
      11.0000000        0.1974617
      12.0000000        0.2016472
      13.0000000        0.2034157
      14.0000000        0.2027051
      15.0000000        0.2035103
      16.0000000        0.2050619
       1.0000000        0.0049262
       2.0000000        0.0375767
       3.0000000        0.0763600
       4.0000000        0.1027567
       5.0000000        0.1207734
       6.0000000        0.1348560
       7.0000000        0.1481586
       8.0000000        0.1618862
       9.0000000        0.1743332
      10.0000000        0.1834878
      11.0000000        0.1896990
      12.0000000        0.1970063
      13.0000000        0.2041735
      14.0000000        0.2047755
      15.0000000        0.1998293
      16.0000000        0.1969771
       1.0000000        0.0045823
       2.0000000        0.0348428
       3.0000000        0.0709412
       4.0000000        0.0968863
       5.0000000        0.1179637
       6.0000000        0.1347767
       7.0000000        0.1485212
       8.0000000        0.1611127
       9.0000000        0.1725306
      10.0000000        0.1829218
      11.0000000        0.1933457
      12.0000000        0.2041036
      13.0000000        0.2122588
      14.0000000        0.2153796
      15.0000000        0.2158022
      16.0000000        0.2156880
       1.0000000        0.0042194
       2.0000000        0.0330980
       3.0000000        0.0693168
       4.0000000        0.0969399
       5.0000000        0.1198431
       6.0000000        0.1376686
       7.0000000        0.1509345
       8.0000000        0.1632745
       9.0000000        0.1766085
      10.0000000        0.1905646
      11.0000000        0.2039775
      12.0000000        0.2133481
      13.0000000        0.2184274
      14.0000000        0.2225177
      15.0000000        0.2249262
      16.0000000        0.2253847
       1.0000000        0.0041921
       2.0000000        0.0330236
       3.0000000        0.0706804
       4.0000000        0.1006025
       5.0000000        0.1245728
       6.0000000        0.1433239
       7.0000000        0.1588635
       8.0000000        0.1729669
       9.0000000        0.1835138
      10.0000000        0.1906572
      11.0000000        0.1954125
      12.0000000        0.1991349
      13.0000000        0.2031898
      14.0000000        0.2081859
      15.0000000        0.2116485
      16.0000000        0.2127433
       1.0000000        0.0043779
       2.0000000        0.0340521
       3.0000000        0.0735921
       4.0000000        0.1049558
       5.0000000        0.1288181
       6.0000000        0.1477369
       7.0000000        0.1630444
       8.0000000        0.1755641
       9.0000000        0.1831873
      10.0000000        0.1861349
      11.0000000        0.1887965
      12.0000000        0.1926855
      13.0000000        0.1962771
      14.0000000        0.1991868
      15.0000000        0.2020081
      16.0000000        0.2036080
       1.0000000        0.0044939
       2.0000000        0.0337461
       3.0000000        0.0709673
       4.0000000        0.1004447
       5.0000000        0.1247994
       6.0000000        0.1450116
       7.0000000        0.1599160
       8.0000000        0.1699311
       9.0000000        0.1765255
      10.0000000        0.1815014
      11.0000000        0.1863938
      12.0000000        0.1929810
      13.0000000        0.2009438
      14.0000000        0.2078294
      15.0000000        0.2113903
      16.0000000        0.2120938
       1.0000000        0.0045050
       2.0000000        0.0328418
       3.0000000        0.0678309
       4.0000000        0.0970486
       5.0000000        0.1229534
       6.0000000        0.1420735
       7.0000000        0.1509005
       8.0000000        0.1566705
       9.0000000        0.1679707
      10.0000000        0.1827438
      11.0000000        0.1957177
      12.0000000        0.2071747
      13.0000000        0.2171358
      14.0000000        0.2233308
      15.0000000        0.2261893
      16.0000000        0.2271416
       1.0000000        0.0044099
       2.0000000        0.0326489
       3.0000000        0.0669466
       4.0000000        0.0947166
       5.0000000        0.1187831
       6.0000000        0.1387919
       7.0000000        0.1502699
       8.0000000        0.1577288
       9.0000000        0.1683198
      10.0000000        0.1817634
      11.0000000        0.1942923
      12.0000000        0.2037894
      13.0000000        0.2089259
      14.0000000        0.2102289
      15.0000000        0.2110727
      16.0000000        0.2118191
       1.0000000        0.0042529
       2.0000000        0.0315756
       3.0000000        0.0654793
       4.0000000        0.0920437
       5.0000000        0.1131323
       6.0000000        0.1309387
       7.0000000        0.1444723
       8.0000000        0.1543723
       9.0000000        0.1649245
      10.0000000        0.1784959
      11.0000000        0.1903713
      12.0000000        0.1957123
      13.0000000        0.1971947
      14.0000000        0.2008588
      15.0000000        0.2061463
      16.0000000        0.2085335
       1.0000000        0.0042319
       2.0000000        0.0315577
       3.0000000        0.0658820
       4.0000000        0.0911465
       5.0000000        0.1104543
       6.0000000        0.1285498
       7.0000000        0.1455276
       8.0000000        0.1596597
       9.0000000        0.1718233
      10.0000000        0.1851862
      11.0000000        0.1978144
      12.0000000        0.2056180
      13.0000000        0.2073712
      14.0000000        0.2056990
      15.0000000        0.2043692
      16.0000000        0.2040408
       1.0000000        0.0043001
       2.0000000        0.0320518
       3.0000000        0.0678044
       4.0000000        0.0951536
       5.0000000        0.1158651
       6.0000000        0.1333140
       7.0000000        0.1495918
       8.0000000        0.1664803
       9.0000000        0.1833849
      10.0000000        0.1977913
      11.0000000        0.2076705
      12.0000000        0.2127846
      13.0000000        0.2114031
      14.0000000        0.2056105
      15.0000000        0.2017617
      16.0000000        0.2012716
       1.0000000        0.0041556
       2.0000000        0.0335061
       3.0000000        0.0749418
       4.0000000        0.1067431
       5.0000000        0.1286857
       6.0000000        0.1452190
       7.0000000        0.1586171
       8.0000000        0.1729843
       9.0000000        0.1892833
      10.0000000        0.2040617
      11.0000000        0.2133757
      12.0000000        0.2159582
      13.0000000        0.2141887
      14.0000000        0.2110133
      15.0000000        0.2099891
      16.0000000        0.2104481
       1.0000000        0.0047682
       2.0000000        0.0388865
       3.0000000        0.0847312
       4.0000000        0.1155882
       5.0000000        0.1349949
       6.0000000        0.1500085
       7.0000000        0.1629601
       8.0000000        0.1755326
       9.0000000        0.1876992
      10.0000000        0.1990966
      11.0000000        0.2101158
      12.0000000        0.2187226
      13.0000000        0.2227804
      14.0000000        0.2239589
      15.0000000        0.2249056
      16.0000000        0.2254414
       1.0000000        0.0055076
       2.0000000        0.0433626
       3.0000000        0.0883763
       4.0000000        0.1164312
       5.0000000        0.1343674
       6.0000000        0.1480448
       7.0000000        0.1630354
       8.0000000        0.1771828
       9.0000000        0.1881796
      10.0000000        0.1992321
      11.0000000        0.2103052
      12.0000000        0.2202913
      13.0000000        0.2291159
      14.0000000        0.2340748
      15.0000000        0.2347810
      16.0000000        0.2341092
       1.0000000        0.0057276
       2.0000000        0.0429769
       3.0000000        0.0872739
       4.0000000        0.1148868
       5.0000000        0.1324187
       6.0000000        0.1480455
       7.0000000        0.1654008
       8.0000000        0.1802128
       9.0000000        0.1904735
      10.0000000        0.1974871
      11.0000000        0.2020216
      12.0000000        0.2074417
      13.0000000        0.2161210
      14.0000000        0.2260239
      15.0000000        0.2315783
      16.0000000        0.2322296
       1.0000000        0.0056728
       2.0000000        0.0430900
       3.0000000        0.0887029
       4.0000000        0.1177229
       5.0000000        0.1346749
       6.0000000        0.1476524
       7.0000000        0.1604942
       8.0000000        0.1724177
       9.0000000        0.1789892
      10.0000000        0.1803034
      11.0000000        0.1816272
      12.0000000        0.1880677
      13.0000000        0.1992951
      14.0000000        0.2134542
      15.0000000        0.2259051
      16.0000000        0.2308685
       1.0000000        0.0058129
       2.0000000        0.0432490
       3.0000000        0.0872572
       4.0000000        0.1147926
       5.0000000        0.1319966
       6.0000000        0.1446617
       7.0000000        0.1551258
       8.0000000        0.1634658
       9.0000000        0.1678620
      10.0000000        0.1686814
      11.0000000        0.1711495
      12.0000000        0.1785153
      13.0000000        0.1901638
      14.0000000        0.2047356
      15.0000000        0.2182790
      16.0000000        0.2239224
       1.0000000        0.0061317
       2.0000000        0.0426147
       3.0000000        0.0798411
       4.0000000        0.1048383
       5.0000000        0.1258597
       6.0000000        0.1405708
       7.0000000        0.1487370
       8.0000000        0.1538581
       9.0000000        0.1577388
      10.0000000        0.1629478
      11.0000000        0.1699754
      12.0000000        0.1755612
      13.0000000        0.1811956
      14.0000000        0.1920162
      15.0000000        0.2035404
      16.0000000        0.2078805
       1.0000000        0.0064509
       2.0000000        0.0414248
       3.0000000        0.0738427
       4.0000000        0.0996101
       5.0000000        0.1230534
       6.0000000        0.1388907
       7.0000000        0.1472813
       8.0000000        0.1517928
       9.0000000        0.1526697
      10.0000000        0.1532010
      11.0000000        0.1566970
      12.0000000        0.1609669
      13.0000000        0.1669545
      14.0000000        0.1777383
      15.0000000        0.1887856
      16.0000000        0.1933126
       1.0000000        0.0064031
       2.0000000        0.0409558
       3.0000000        0.0735508
       4.0000000        0.0999456
       5.0000000        0.1230376
       6.0000000        0.1397980
       7.0000000        0.1489576
       8.0000000        0.1520581
       9.0000000        0.1509742
      10.0000000        0.1503655
      11.0000000        0.1525232
      12.0000000        0.1567542
      13.0000000        0.1639610
      14.0000000        0.1723749
      15.0000000        0.1778530
      16.0000000        0.1800454
       1.0000000        0.0059317
       2.0000000        0.0394012
       3.0000000        0.0742717
       4.0000000        0.0996873
       5.0000000        0.1226478
       6.0000000        0.1413624
       7.0000000        0.1517483
       8.0000000        0.1552235
       9.0000000        0.1564287
      10.0000000        0.1579281
      11.0000000        0.1614762
      12.0000000        0.1663275
      13.0000000        0.1697478
      14.0000000        0.1705518
      15.0000000        0.1714967
      16.0000000        0.1723421
       1.0000000        0.0057664
       2.0000000        0.0377265
       3.0000000        0.0703814
       4.0000000        0.0942462
       5.0000000        0.1138192
       6.0000000        0.1297556
       7.0000000        0.1425461
       8.0000000        0.1523118
       9.0000000        0.1591730
      10.0000000        0.1630013
      11.0000000        0.1662422
      12.0000000        0.1699427
      13.0000000        0.1711410
      14.0000000        0.1693668
      15.0000000        0.1669313
      16.0000000        0.1657498
       1.0000000        0.0056383
       2.0000000        0.0371759
       3.0000000        0.0694520
       4.0000000        0.0902034
       5.0000000        0.1056898
       6.0000000        0.1196853
       7.0000000        0.1335926
       8.0000000        0.1468143
       9.0000000        0.1575235
      10.0000000        0.1648145
      11.0000000        0.1704083
      12.0000000        0.1742776
      13.0000000        0.1753257
      14.0000000        0.1720071
      15.0000000        0.1665342
      16.0000000        0.1637297
       1.0000000        0.0050783
       2.0000000        0.0348001
       3.0000000        0.0661515
       4.0000000        0.0873801
       5.0000000        0.1049193
       6.0000000        0.1202512
       7.0000000        0.1320990
       8.0000000        0.1421500
       9.0000000        0.1526939
      10.0000000        0.1622767
      11.0000000        0.1689716
      12.0000000        0.1722434
      13.0000000        0.1727212
      14.0000000        0.1694061
      15.0000000        0.1641955
      16.0000000        0.1615901
       1.0000000        0.0048150
       2.0000000        0.0332244
       3.0000000        0.0668332
       4.0000000        0.0932949
       5.0000000        0.1136819
       6.0000000        0.1282283
       7.0000000        0.1378292
       8.0000000        0.1451901
       9.0000000        0.1526698
      10.0000000        0.1596026
      11.0000000        0.1644601
      12.0000000        0.1684423
      13.0000000        0.1720622
      14.0000000        0.1737988
      15.0000000        0.1750253
      16.0000000        0.1760888
       1.0000000        0.0045746
       2.0000000        0.0325564
       3.0000000        0.0667893
       4.0000000        0.0957648
       5.0000000        0.1186676
       6.0000000        0.1335787
       7.0000000        0.1435774
       8.0000000        0.1515526
       9.0000000        0.1570601
      10.0000000        0.1600534
      11.0000000        0.1626319
      12.0000000        0.1676866
      13.0000000        0.1745370
      14.0000000        0.1798017
      15.0000000        0.1815856
      16.0000000        0.1816482
       1.0000000        0.0045532
       2.0000000        0.0328365
       3.0000000        0.0673476
       4.0000000        0.0960841
       5.0000000        0.1188683
       6.0000000        0.1348120
       7.0000000        0.1448314
       8.0000000        0.1509329
       9.0000000        0.1549186
      10.0000000        0.1595831
      11.0000000        0.1664087
      12.0000000        0.1733161
      13.0000000        0.1770863
      14.0000000        0.1777272
      15.0000000        0.1770610
      16.0000000        0.1765027
       1.0000000        0.0050794
       2.0000000        0.0356707
       3.0000000        0.0711221
       4.0000000        0.1000995
       5.0000000        0.1240138
       6.0000000        0.1427115
       7.0000000        0.1558754
       8.0000000        0.1618132
       9.0000000        0.1640186
      10.0000000        0.1679199
      11.0000000        0.1741632
      12.0000000        0.1790810
      13.0000000        0.1786527
      14.0000000        0.1750520
      15.0000000        0.1726913
      16.0000000        0.1722794
       1.0000000        0.0054469
       2.0000000        0.0377896
       3.0000000        0.0757181
       4.0000000        0.1056516
       5.0000000        0.1295930
       6.0000000        0.1493680
       7.0000000        0.1629788
       8.0000000        0.1696600
       9.0000000        0.1720170
      10.0000000        0.1749397
      11.0000000        0.1807525
      12.0000000        0.1861343
      13.0000000        0.1883470
      14.0000000        0.1877093
      15.0000000        0.1866879
      16.0000000        0.1865211
       1.0000000        0.0052704
       2.0000000        0.0372737
       3.0000000        0.0762474
       4.0000000        0.1055936
       5.0000000        0.1248831
       6.0000000        0.1402671
       7.0000000        0.1548043
       8.0000000        0.1667007
       9.0000000        0.1736610
      10.0000000        0.1772974
      11.0000000        0.1820441
      12.0000000        0.1876637
      13.0000000        0.1926003
      14.0000000        0.1966085
      15.0000000        0.1982334
      16.0000000        0.1982255
       1.0000000        0.0045926
       2.0000000        0.0353285
       3.0000000        0.0738053
       4.0000000        0.1015577
       5.0000000        0.1217815
       6.0000000        0.1378345
       7.0000000        0.1510398
       8.0000000        0.1624610
       9.0000000        0.1707193
      10.0000000        0.1761526
      11.0000000        0.1836459
      12.0000000        0.1927698
      13.0000000        0.1996193
      14.0000000        0.2033195
      15.0000000        0.2038417
      16.0000000        0.2031019
       1.0000000        0.0043142
       2.0000000        0.0338230
       3.0000000        0.0721724
       4.0000000        0.1006407
       5.0000000        0.1215236
       6.0000000        0.1357272
       7.0000000        0.1457696
       8.0000000        0.1556666
       9.0000000        0.1656835
      10.0000000        0.1758101
      11.0000000        0.1857052
      12.0000000        0.1933066
      13.0000000        0.1972738
      14.0000000        0.1980158
      15.0000000        0.1984941
      16.0000000        0.1991559
       1.0000000        0.0044216
       2.0000000        0.0333379
       3.0000000        0.0688980
       4.0000000        0.0941742
       5.0000000        0.1131026
       6.0000000        0.1276138
       7.0000000        0.1405178
       8.0000000        0.1541834
       9.0000000        0.1686769
      10.0000000        0.1814580
      11.0000000        0.1901320
      12.0000000        0.1948940
      13.0000000        0.1963675
      14.0000000        0.1956553
      15.0000000        0.1939221
      16.0000000        0.1929157
       1.0000000        0.0047213
       2.0000000        0.0339598
       3.0000000        0.0671915
       4.0000000        0.0897972
       5.0000000        0.1079698
       6.0000000        0.1247192
       7.0000000        0.1410737
       8.0000000        0.1591584
       9.0000000        0.1773163
      10.0000000        0.1907657
      11.0000000        0.1979168
      12.0000000        0.2016225
      13.0000000        0.2034409
      14.0000000        0.2043060
      15.0000000        0.2060381
      16.0000000        0.2075561
       1.0000000        0.0050061
       2.0000000        0.0341955
       3.0000000        0.0661747
       4.0000000        0.0890646
       5.0000000        0.1074387
       6.0000000        0.1242260
       7.0000000        0.1417004
       8.0000000        0.1603826
       9.0000000        0.1765956
      10.0000000        0.1879335
      11.0000000        0.1961095
      12.0000000        0.2035997
      13.0000000        0.2096077
      14.0000000        0.2129152
      15.0000000        0.2149332
      16.0000000        0.2159912
       1.0000000        0.0044164
       2.0000000        0.0306697
       3.0000000        0.0606741
       4.0000000        0.0836418
       5.0000000        0.1040030
       6.0000000        0.1221887
       7.0000000        0.1383956
       8.0000000        0.1525039
       9.0000000        0.1660729
      10.0000000        0.1786999
      11.0000000        0.1895104
      12.0000000        0.1979961
      13.0000000        0.2038442
      14.0000000        0.2063296
      15.0000000        0.2069447
      16.0000000        0.2072505
       1.0000000        0.0041303
       2.0000000        0.0289824
       3.0000000        0.0580817
       4.0000000        0.0809504
       5.0000000        0.1007362
       6.0000000        0.1175751
       7.0000000        0.1315422
       8.0000000        0.1455445
       9.0000000        0.1620393
      10.0000000        0.1773421
      11.0000000        0.1871743
      12.0000000        0.1931186
      13.0000000        0.1969126
      14.0000000        0.1985197
      15.0000000        0.1987158
      16.0000000        0.1986335
       1.0000000        0.0038945
       2.0000000        0.0279814
       3.0000000        0.0570243
       4.0000000        0.0793923
       5.0000000        0.0976859
       6.0000000        0.1138942
       7.0000000        0.1284158
       8.0000000        0.1415346
       9.0000000        0.1554312
      10.0000000        0.1702252
      11.0000000        0.1822841
      12.0000000        0.1878458
      13.0000000        0.1891270
      14.0000000        0.1903664
      15.0000000        0.1927265
      16.0000000        0.1940843
       1.0000000        0.0041272
       2.0000000        0.0303608
       3.0000000        0.0629041
       4.0000000        0.0865354
       5.0000000        0.1038296
       6.0000000        0.1194178
       7.0000000        0.1332161
       8.0000000        0.1435025
       9.0000000        0.1530530
      10.0000000        0.1641347
      11.0000000        0.1749703
      12.0000000        0.1835273
      13.0000000        0.1897398
      14.0000000        0.1928581
      15.0000000        0.1942200
      16.0000000        0.1947533
       1.0000000        0.0045583
       2.0000000        0.0335236
       3.0000000        0.0678051
       4.0000000        0.0910058
       5.0000000        0.1070315
       6.0000000        0.1189567
       7.0000000        0.1278373
       8.0000000        0.1369261
       9.0000000        0.1486079
      10.0000000        0.1610876
      11.0000000        0.1708418
      12.0000000        0.1786363
      13.0000000        0.1847557
      14.0000000        0.1879498
      15.0000000        0.1889541
      16.0000000        0.1893068
       1.0000000        0.0049430
       2.0000000        0.0346729
       3.0000000        0.0655597
       4.0000000        0.0853950
       5.0000000        0.1006499
       6.0000000        0.1112623
       7.0000000        0.1190100
       8.0000000        0.1282400
       9.0000000        0.1408303
      10.0000000        0.1522821
      11.0000000        0.1592433
      12.0000000        0.1659819
      13.0000000        0.1729143
      14.0000000        0.1778322
      15.0000000        0.1805121
      16.0000000        0.1813365
       1.0000000        0.0051472
       2.0000000        0.0326337
       3.0000000        0.0616360
       4.0000000        0.0822795
       5.0000000        0.0985206
       6.0000000        0.1115443
       7.0000000        0.1213202
       8.0000000        0.1296277
       9.0000000        0.1382502
      10.0000000        0.1462233
      11.0000000        0.1537406
      12.0000000        0.1615094
      13.0000000        0.1677500
      14.0000000        0.1711513
      15.0000000        0.1722047
      16.0000000        0.1723219
       1.0000000        0.0055640
       2.0000000        0.0349995
       3.0000000        0.0652800
       4.0000000        0.0834494
       5.0000000        0.0973681
       6.0000000        0.1136913
       7.0000000        0.1290525
       8.0000000        0.1405596
       9.0000000        0.1494759
      10.0000000        0.1554474
      11.0000000        0.1588662
      12.0000000        0.1629376
      13.0000000        0.1688448
      14.0000000        0.1741452
      15.0000000        0.1770139
      16.0000000        0.1777414
       1.0000000        0.0058568
       2.0000000        0.0365456
       3.0000000        0.0657256
       4.0000000        0.0825242
       5.0000000        0.0979836
       6.0000000        0.1157233
       7.0000000        0.1308847
       8.0000000        0.1429282
       9.0000000        0.1522712
      10.0000000        0.1571507
      11.0000000        0.1600632
      12.0000000        0.1648219
      13.0000000        0.1715102
      14.0000000        0.1762346
      15.0000000        0.1780645
      16.0000000        0.1785342
       1.0000000        0.0055516
       2.0000000        0.0377928
       3.0000000        0.0669801
       4.0000000        0.0855418
       5.0000000        0.1041899
       6.0000000        0.1193437
       7.0000000        0.1299360
       8.0000000        0.1387787
       9.0000000        0.1467497
      10.0000000        0.1561265
      11.0000000        0.1671499
      12.0000000        0.1741300
      13.0000000        0.1765403
      14.0000000        0.1787079
      15.0000000        0.1829747
      16.0000000        0.1854647
       1.0000000        0.0055315
       2.0000000        0.0364101
       3.0000000        0.0670139
       4.0000000        0.0869764
       5.0000000        0.1050334
       6.0000000        0.1202746
       7.0000000        0.1309654
       8.0000000        0.1396286
       9.0000000        0.1488542
      10.0000000        0.1606612
      11.0000000        0.1736285
      12.0000000        0.1834022
      13.0000000        0.1872243
      14.0000000        0.1870832
      15.0000000        0.1859287
      16.0000000        0.1854110
       1.0000000        0.0052068
       2.0000000        0.0353004
       3.0000000        0.0665732
       4.0000000        0.0865642
       5.0000000        0.1034095
       6.0000000        0.1198227
       7.0000000        0.1341217
       8.0000000        0.1458562
       9.0000000        0.1576653
      10.0000000        0.1704720
      11.0000000        0.1818612
      12.0000000        0.1874445
      13.0000000        0.1881551
      14.0000000        0.1888903
      15.0000000        0.1929328
      16.0000000        0.1957712
       1.0000000        0.0051810
       2.0000000        0.0341308
       3.0000000        0.0636409
       4.0000000        0.0832785
       5.0000000        0.1001622
       6.0000000        0.1145460
       7.0000000        0.1272583
       8.0000000        0.1414852
       9.0000000        0.1548141
      10.0000000        0.1647757
      11.0000000        0.1712629
      12.0000000        0.1743099
      13.0000000        0.1738789
      14.0000000        0.1739936
      15.0000000        0.1760888
      16.0000000        0.1774814
       1.0000000        0.0048665
       2.0000000        0.0328201
       3.0000000        0.0602393
       4.0000000        0.0780256
       5.0000000        0.0942259
       6.0000000        0.1076501
       7.0000000        0.1189725
       8.0000000        0.1318589
       9.0000000        0.1433544
      10.0000000        0.1494284
      11.0000000        0.1529811
      12.0000000        0.1569639
      13.0000000        0.1598304
      14.0000000        0.1606558
      15.0000000        0.1609286
      16.0000000        0.1613286
       1.0000000        0.0048259
       2.0000000        0.0328349
       3.0000000        0.0617080
       4.0000000        0.0815743
       5.0000000        0.0980424
       6.0000000        0.1118004
       7.0000000        0.1213403
       8.0000000        0.1294598
       9.0000000        0.1380157
      10.0000000        0.1451124
      11.0000000        0.1499267
      12.0000000        0.1521995
      13.0000000        0.1532432
      14.0000000        0.1554284
      15.0000000        0.1588238
      16.0000000        0.1609083
       1.0000000        0.0054952
       2.0000000        0.0367533
       3.0000000        0.0686859
       4.0000000        0.0911001
       5.0000000        0.1099176
       6.0000000        0.1250944
       7.0000000        0.1351161
       8.0000000        0.1415150
       9.0000000        0.1456683
      10.0000000        0.1492418
      11.0000000        0.1511222
      12.0000000        0.1529730
      13.0000000        0.1553737
      14.0000000        0.1579162
      15.0000000        0.1582955
      16.0000000        0.1575848
       1.0000000        0.0068632
       2.0000000        0.0423988
       3.0000000        0.0731149
       4.0000000        0.0913648
       5.0000000        0.1097255
       6.0000000        0.1279204
       7.0000000        0.1413115
       8.0000000        0.1471737
       9.0000000        0.1508124
      10.0000000        0.1529765
      11.0000000        0.1528699
      12.0000000        0.1524491
      13.0000000        0.1539785
      14.0000000        0.1567065
      15.0000000        0.1569518
      16.0000000        0.1555324
       1.0000000        0.0075146
       2.0000000        0.0451424
       3.0000000        0.0732010
       4.0000000        0.0905038
       5.0000000        0.1078440
       6.0000000        0.1227298
       7.0000000        0.1340735
       8.0000000        0.1410901
       9.0000000        0.1449272
      10.0000000        0.1470159
      11.0000000        0.1478630
      12.0000000        0.1470951
      13.0000000        0.1462279
      14.0000000        0.1467383
      15.0000000        0.1486452
      16.0000000        0.1495481
       1.0000000        0.0072959
       2.0000000        0.0426321
       3.0000000        0.0712205
       4.0000000        0.0898338
       5.0000000        0.1066169
       6.0000000        0.1177531
       7.0000000        0.1271443
       8.0000000        0.1354720
       9.0000000        0.1391627
      10.0000000        0.1397666
      11.0000000        0.1399144
      12.0000000        0.1374055
      13.0000000        0.1331837
      14.0000000        0.1325114
      15.0000000        0.1350740
      16.0000000        0.1367635
       1.0000000        0.0065070
       2.0000000        0.0401124
       3.0000000        0.0721985
       4.0000000        0.0930526
       5.0000000        0.1093683
       6.0000000        0.1215781
       7.0000000        0.1320104
       8.0000000        0.1402465
       9.0000000        0.1461687
      10.0000000        0.1499062
      11.0000000        0.1501649
      12.0000000        0.1472428
      13.0000000        0.1444658
      14.0000000        0.1444225
      15.0000000        0.1438317
      16.0000000        0.1427129
       1.0000000        0.0062660
       2.0000000        0.0412876
       3.0000000        0.0785916
       4.0000000        0.1014342
       5.0000000        0.1144590
       6.0000000        0.1260919
       7.0000000        0.1388407
       8.0000000        0.1491245
       9.0000000        0.1578311
      10.0000000        0.1636803
      11.0000000        0.1669727
      12.0000000        0.1678230
      13.0000000        0.1674213
      14.0000000        0.1648858
      15.0000000        0.1624235
      16.0000000        0.1616391
       1.0000000        0.0054419
       2.0000000        0.0372265
       3.0000000        0.0726234
       4.0000000        0.0966038
       5.0000000        0.1125575
       6.0000000        0.1264068
       7.0000000        0.1413353
       8.0000000        0.1547081
       9.0000000        0.1647115
      10.0000000        0.1712661
      11.0000000        0.1742483
      12.0000000        0.1741496
      13.0000000        0.1730030
      14.0000000        0.1734496
      15.0000000        0.1743377
      16.0000000        0.1748232
       1.0000000        0.0049935
       2.0000000        0.0326277
       3.0000000        0.0646948
       4.0000000        0.0908160
       5.0000000        0.1092725
       6.0000000        0.1239542
       7.0000000        0.1389995
       8.0000000        0.1521983
       9.0000000        0.1624570
      10.0000000        0.1704354
      11.0000000        0.1742438
      12.0000000        0.1747953
      13.0000000        0.1765716
      14.0000000        0.1812672
      15.0000000        0.1855265
      16.0000000        0.1868971
       1.0000000        0.0046317
       2.0000000        0.0317043
       3.0000000        0.0640929
       4.0000000        0.0898809
       5.0000000        0.1105728
       6.0000000        0.1288153
       7.0000000        0.1433872
       8.0000000        0.1535465
       9.0000000        0.1615069
      10.0000000        0.1677361
      11.0000000        0.1735641
      12.0000000        0.1809985
      13.0000000        0.1895782
      14.0000000        0.1964043
      15.0000000        0.1990883
      16.0000000        0.1995406
       1.0000000        0.0043338
       2.0000000        0.0316970
       3.0000000        0.0658349
       4.0000000        0.0924751
       5.0000000        0.1139114
       6.0000000        0.1313547
       7.0000000        0.1445681
       8.0000000        0.1553829
       9.0000000        0.1655691
      10.0000000        0.1761313
      11.0000000        0.1876163
      12.0000000        0.1979672
      13.0000000        0.2050071
      14.0000000        0.2095863
      15.0000000        0.2119715
      16.0000000        0.2123749
       1.0000000        0.0043081
       2.0000000        0.0318968
       3.0000000        0.0648653
       4.0000000        0.0885873
       5.0000000        0.1085491
       6.0000000        0.1285031
       7.0000000        0.1452902
       8.0000000        0.1578661
       9.0000000        0.1687176
      10.0000000        0.1806079
      11.0000000        0.1936910
      12.0000000        0.2049940
      13.0000000        0.2113671
      14.0000000        0.2140150
      15.0000000        0.2143610
      16.0000000        0.2138760
       1.0000000        0.0045787
       2.0000000        0.0334042
       3.0000000        0.0658575
       4.0000000        0.0878207
       5.0000000        0.1070662
       6.0000000        0.1264398
       7.0000000        0.1430777
       8.0000000        0.1585641
       9.0000000        0.1727929
      10.0000000        0.1850998
      11.0000000        0.1972097
      12.0000000        0.2070406
      13.0000000        0.2119448
      14.0000000        0.2123823
      15.0000000        0.2115550
      16.0000000        0.2110366
       1.0000000        0.0045944
       2.0000000        0.0344041
       3.0000000        0.0711872
       4.0000000        0.0985044
       5.0000000        0.1194462
       6.0000000        0.1355993
       7.0000000        0.1489790
       8.0000000        0.1634164
       9.0000000        0.1791460
      10.0000000        0.1922891
      11.0000000        0.2012396
      12.0000000        0.2067059
      13.0000000        0.2084142
      14.0000000        0.2076361
      15.0000000        0.2057397
      16.0000000        0.2044164
       1.0000000        0.0045232
       2.0000000        0.0354120
       3.0000000        0.0767806
       4.0000000        0.1098665
       5.0000000        0.1350068
       6.0000000        0.1523050
       7.0000000        0.1656322
       8.0000000        0.1800361
       9.0000000        0.1946601
      10.0000000        0.2045572
      11.0000000        0.2090828
      12.0000000        0.2093678
      13.0000000        0.2055156
      14.0000000        0.2015589
      15.0000000        0.2018379
      16.0000000        0.2031546
       1.0000000        0.0047292
       2.0000000        0.0381680
       3.0000000        0.0850560
       4.0000000        0.1231131
       5.0000000        0.1502412
       6.0000000        0.1666753
       7.0000000        0.1775098
       8.0000000        0.1879366
       9.0000000        0.1984546
      10.0000000        0.2070006
      11.0000000        0.2104143
      12.0000000        0.2077673
      13.0000000        0.2035779
      14.0000000        0.2012885
      15.0000000        0.2001261
      16.0000000        0.2000291
       1.0000000        0.0052779
       2.0000000        0.0419139
       3.0000000        0.0937087
       4.0000000        0.1332190
       5.0000000        0.1573345
       6.0000000        0.1714461
       7.0000000        0.1805001
       8.0000000        0.1888163
       9.0000000        0.1979503
      10.0000000        0.2041660
      11.0000000        0.2042282
      12.0000000        0.2004604
      13.0000000        0.1980496
      14.0000000        0.1998049
      15.0000000        0.2030218
      16.0000000        0.2042008
       1.0000000        0.0057147
       2.0000000        0.0435238
       3.0000000        0.0923830
       4.0000000        0.1307006
       5.0000000        0.1563260
       6.0000000        0.1705206
       7.0000000        0.1785128
       8.0000000        0.1853776
       9.0000000        0.1922917
      10.0000000        0.1941056
      11.0000000        0.1922967
      12.0000000        0.1910430
      13.0000000        0.1920234
      14.0000000        0.1957050
      15.0000000        0.2008369
      16.0000000        0.2037268
       1.0000000        0.0058782
       2.0000000        0.0423291
       3.0000000        0.0867532
       4.0000000        0.1226382
       5.0000000        0.1504476
       6.0000000        0.1644788
       7.0000000        0.1679687
       8.0000000        0.1745555
       9.0000000        0.1818591
      10.0000000        0.1833151
      11.0000000        0.1831998
      12.0000000        0.1866937
      13.0000000        0.1918130
      14.0000000        0.1953643
      15.0000000        0.1969391
      16.0000000        0.1969384
       1.0000000        0.0061682
       2.0000000        0.0414389
       3.0000000        0.0807931
       4.0000000        0.1118912
       5.0000000        0.1369967
       6.0000000        0.1509800
       7.0000000        0.1597946
       8.0000000        0.1698266
       9.0000000        0.1780242
      10.0000000        0.1820695
      11.0000000        0.1862828
      12.0000000        0.1916790
      13.0000000        0.1972495
      14.0000000        0.2026495
      15.0000000        0.2070732
      16.0000000        0.2088727
       1.0000000        0.0061275
       2.0000000        0.0397759
       3.0000000        0.0762774
       4.0000000        0.1028101
       5.0000000        0.1252852
       6.0000000        0.1434438
       7.0000000        0.1567649
       8.0000000        0.1680647
       9.0000000        0.1764848
      10.0000000        0.1820629
      11.0000000        0.1886441
      12.0000000        0.1968336
      13.0000000        0.2040287
      14.0000000        0.2088740
      15.0000000        0.2119534
      16.0000000        0.2132184
       1.0000000        0.0054108
       2.0000000        0.0371040
       3.0000000        0.0730065
       4.0000000        0.1005049
       5.0000000        0.1234701
       6.0000000        0.1408820
       7.0000000        0.1521426
       8.0000000        0.1615884
       9.0000000        0.1713552
      10.0000000        0.1810408
      11.0000000        0.1890054
      12.0000000        0.1969014
      13.0000000        0.2059206
      14.0000000        0.2107413
      15.0000000        0.2096771
      16.0000000        0.2081270
       1.0000000        0.0054103
       2.0000000        0.0383226
       3.0000000        0.0754326
       4.0000000        0.1021434
       5.0000000        0.1254098
       6.0000000        0.1429596
       7.0000000        0.1545647
       8.0000000        0.1651654
       9.0000000        0.1754307
      10.0000000        0.1831869
      11.0000000        0.1876204
      12.0000000        0.1925057
      13.0000000        0.2002361
      14.0000000        0.2060677
      15.0000000        0.2067944
      16.0000000        0.2057412
       1.0000000        0.0051670
       2.0000000        0.0375192
       3.0000000        0.0746440
       4.0000000        0.1003323
       5.0000000        0.1212160
       6.0000000        0.1375588
       7.0000000        0.1505337
       8.0000000        0.1639210
       9.0000000        0.1759620
      10.0000000        0.1819459
      11.0000000        0.1854554
      12.0000000        0.1906268
      13.0000000        0.1955518
      14.0000000        0.1977013
      15.0000000        0.1963756
      16.0000000        0.1947383
       1.0000000        0.0047904
       2.0000000        0.0348479
       3.0000000        0.0704177
       4.0000000        0.0963327
       5.0000000        0.1169733
       6.0000000        0.1330387
       7.0000000        0.1478401
       8.0000000        0.1629526
       9.0000000        0.1733267
      10.0000000        0.1786235
      11.0000000        0.1842929
      12.0000000        0.1909279
      13.0000000        0.1954754
      14.0000000        0.1962713
      15.0000000        0.1945051
      16.0000000        0.1934267
       1.0000000        0.0048112
       2.0000000        0.0351475
       3.0000000        0.0718957
       4.0000000        0.0999497
       5.0000000        0.1234882
       6.0000000        0.1425235
       7.0000000        0.1566348
       8.0000000        0.1687567
       9.0000000        0.1769020
      10.0000000        0.1801270
      11.0000000        0.1847101
      12.0000000        0.1897744
      13.0000000        0.1909039
      14.0000000        0.1894619
      15.0000000        0.1873333
      16.0000000        0.1862122
       1.0000000        0.0049256
       2.0000000        0.0353076
       3.0000000        0.0720951
       4.0000000        0.0999009
       5.0000000        0.1240896
       6.0000000        0.1441449
       7.0000000        0.1573307
       8.0000000        0.1657230
       9.0000000        0.1717123
      10.0000000        0.1746288
      11.0000000        0.1771470
      12.0000000        0.1788018
      13.0000000        0.1787059
      14.0000000        0.1803040
      15.0000000        0.1840740
      16.0000000        0.1863008
       1.0000000        0.0051974
       2.0000000        0.0361144
       3.0000000        0.0699984
       4.0000000        0.0957609
       5.0000000        0.1196385
       6.0000000        0.1388859
       7.0000000        0.1494753
       8.0000000        0.1539842
       9.0000000        0.1582328
      10.0000000        0.1633219
      11.0000000        0.1678960
      12.0000000        0.1705487
      13.0000000        0.1723279
      14.0000000        0.1756447
      15.0000000        0.1784323
      16.0000000        0.1790201
       1.0000000        0.0055721
       2.0000000        0.0382449
       3.0000000        0.0739118
       4.0000000        0.0999888
       5.0000000        0.1222686
       6.0000000        0.1382394
       7.0000000        0.1468875
       8.0000000        0.1519765
       9.0000000        0.1569862
      10.0000000        0.1628723
      11.0000000        0.1671842
      12.0000000        0.1691204
      13.0000000        0.1698716
      14.0000000        0.1703249
      15.0000000        0.1686875
      16.0000000        0.1667719
       1.0000000        0.0057374
       2.0000000        0.0414856
       3.0000000        0.0823899
       4.0000000        0.1118603
       5.0000000        0.1339835
       6.0000000        0.1488400
       7.0000000        0.1595766
       8.0000000        0.1662371
       9.0000000        0.1707584
      10.0000000        0.1762322
      11.0000000        0.1797961
      12.0000000        0.1773439
      13.0000000        0.1730437
      14.0000000        0.1706086
      15.0000000        0.1680521
      16.0000000        0.1661598
       1.0000000        0.0064017
       2.0000000        0.0464070
       3.0000000        0.0929996
       4.0000000        0.1277458
       5.0000000        0.1535435
       6.0000000        0.1715641
       7.0000000        0.1843335
       8.0000000        0.1940988
       9.0000000        0.2002652
      10.0000000        0.2033000
      11.0000000        0.2029391
      12.0000000        0.1997747
      13.0000000        0.1948818
      14.0000000        0.1920894
      15.0000000        0.1904561
      16.0000000        0.1893524
       1.0000000        0.0062253
       2.0000000        0.0454520
       3.0000000        0.0917217
       4.0000000        0.1262526
       5.0000000        0.1544209
       6.0000000        0.1746320
       7.0000000        0.1893644
       8.0000000        0.2036536
       9.0000000        0.2161690
      10.0000000        0.2209432
      11.0000000        0.2195718
      12.0000000        0.2169661
      13.0000000        0.2138843
      14.0000000        0.2103652
      15.0000000        0.2071919
      16.0000000        0.2054828
       1.0000000        0.0058167
       2.0000000        0.0426967
       3.0000000        0.0861721
       4.0000000        0.1233507
       5.0000000        0.1524469
       6.0000000        0.1727744
       7.0000000        0.1890932
       8.0000000        0.2046438
       9.0000000        0.2174943
      10.0000000        0.2260393
      11.0000000        0.2300993
      12.0000000        0.2307593
      13.0000000        0.2282186
      14.0000000        0.2248488
      15.0000000        0.2241548
      16.0000000        0.2250434
       1.0000000        0.0058675
       2.0000000        0.0409306
       3.0000000        0.0861748
       4.0000000        0.1247061
       5.0000000        0.1549769
       6.0000000        0.1765356
       7.0000000        0.1902372
       8.0000000        0.1985820
       9.0000000        0.2044644
      10.0000000        0.2092661
      11.0000000        0.2121003
      12.0000000        0.2128536
      13.0000000        0.2128895
      14.0000000        0.2152120
      15.0000000        0.2184022
      16.0000000        0.2198689
       1.0000000        0.0056082
       2.0000000        0.0419014
       3.0000000        0.0893564
       4.0000000        0.1312459
       5.0000000        0.1625042
       6.0000000        0.1809500
       7.0000000        0.1921774
       8.0000000        0.2004361
       9.0000000        0.2046454
      10.0000000        0.2023130
      11.0000000        0.1981651
      12.0000000        0.1963470
      13.0000000        0.1974335
      14.0000000        0.1988889
      15.0000000        0.1978420
      16.0000000        0.1966803
       1.0000000        0.0055380
       2.0000000        0.0442616
       3.0000000        0.0971999
       4.0000000        0.1378530
       5.0000000        0.1659396
       6.0000000        0.1864469
       7.0000000        0.2014250
       8.0000000        0.2082679
       9.0000000        0.2077229
      10.0000000        0.2034153
      11.0000000        0.1973584
      12.0000000        0.1902187
      13.0000000        0.1854440
      14.0000000        0.1831673
      15.0000000        0.1799580
      16.0000000        0.1777966
       1.0000000        0.0056483
       2.0000000        0.0450366
       3.0000000        0.0968273
       4.0000000        0.1349865
       5.0000000        0.1629001
       6.0000000        0.1813423
       7.0000000        0.1918246
       8.0000000        0.1970609
       9.0000000        0.1968843
      10.0000000        0.1932020
      11.0000000        0.1860130
      12.0000000        0.1761011
      13.0000000        0.1692924
      14.0000000        0.1705328
      15.0000000        0.1762549
      16.0000000        0.1790459
       1.0000000        0.0057884
       2.0000000        0.0445541
       3.0000000        0.0940453
       4.0000000        0.1309270
       5.0000000        0.1563858
       6.0000000        0.1735949
       7.0000000        0.1840056
       8.0000000        0.1863064
       9.0000000        0.1811919
      10.0000000        0.1720143
      11.0000000        0.1631337
      12.0000000        0.1587081
      13.0000000        0.1589969
      14.0000000        0.1605934
      15.0000000        0.1612150
      16.0000000        0.1610835
       1.0000000        0.0058472
       2.0000000        0.0454086
       3.0000000        0.0956074
       4.0000000        0.1317099
       5.0000000        0.1571106
       6.0000000        0.1730893
       7.0000000        0.1802381
       8.0000000        0.1799469
       9.0000000        0.1736161
      10.0000000        0.1652037
      11.0000000        0.1582663
      12.0000000        0.1535931
      13.0000000        0.1526905
      14.0000000        0.1555089
      15.0000000        0.1579076
      16.0000000        0.1586214
       1.0000000        0.0065272
       2.0000000        0.0512959
       3.0000000        0.1091454
       4.0000000        0.1483649
       5.0000000        0.1700371
       6.0000000        0.1795103
       7.0000000        0.1821401
       8.0000000        0.1812286
       9.0000000        0.1776644
      10.0000000        0.1717108
      11.0000000        0.1663108
      12.0000000        0.1631027
      13.0000000        0.1638194
      14.0000000        0.1662253
      15.0000000        0.1661243
      16.0000000        0.1650720
       1.0000000        0.0083020
       2.0000000        0.0614770
       3.0000000        0.1210338
       4.0000000        0.1544186
       5.0000000        0.1739237
       6.0000000        0.1882377
       7.0000000        0.1954195
       8.0000000        0.1900341
       9.0000000        0.1772085
      10.0000000        0.1689427
      11.0000000        0.1648261
      12.0000000        0.1622790
      13.0000000        0.1603036
      14.0000000        0.1599557
      15.0000000        0.1610035
      16.0000000        0.1616027
       1.0000000        0.0085674
       2.0000000        0.0621811
       3.0000000        0.1165513
       4.0000000        0.1465391
       5.0000000        0.1682119
       6.0000000        0.1826335
       7.0000000        0.1828828
       8.0000000        0.1728315
       9.0000000        0.1608996
      10.0000000        0.1560724
      11.0000000        0.1563491
      12.0000000        0.1539137
      13.0000000        0.1510556
      14.0000000        0.1511270
      15.0000000        0.1499200
      16.0000000        0.1483463
       1.0000000        0.0077759
       2.0000000        0.0533620
       3.0000000        0.1001176
       4.0000000        0.1290433
       5.0000000        0.1489975
       6.0000000        0.1595183
       7.0000000        0.1611944
       8.0000000        0.1581760
       9.0000000        0.1545628
      10.0000000        0.1533764
      11.0000000        0.1528782
      12.0000000        0.1518605
      13.0000000        0.1540480
      14.0000000        0.1575856
      15.0000000        0.1569585
      16.0000000        0.1553051
       1.0000000        0.0073595
       2.0000000        0.0501714
       3.0000000        0.0932454
       4.0000000        0.1200739
       5.0000000        0.1394679
       6.0000000        0.1496622
       7.0000000        0.1529638
       8.0000000        0.1561641
       9.0000000        0.1591995
      10.0000000        0.1615868
      11.0000000        0.1632845
      12.0000000        0.1648083
      13.0000000        0.1665028
      14.0000000        0.1691917
      15.0000000        0.1711119
      16.0000000        0.1716836
       1.0000000        0.0071219
       2.0000000        0.0494947
       3.0000000        0.0943268
       4.0000000        0.1226955
       5.0000000        0.1409349
       6.0000000        0.1513277
       7.0000000        0.1563595
       8.0000000        0.1588147
       9.0000000        0.1604542
      10.0000000        0.1630946
      11.0000000        0.1661853
      12.0000000        0.1688205
      13.0000000        0.1731065
      14.0000000        0.1803074
      15.0000000        0.1873619
      16.0000000        0.1902395
       1.0000000        0.0064629
       2.0000000        0.0464353
       3.0000000        0.0931990
       4.0000000        0.1252876
       5.0000000        0.1446518
       6.0000000        0.1546874
       7.0000000        0.1601050
       8.0000000        0.1653453
       9.0000000        0.1697373
      10.0000000        0.1707293
      11.0000000        0.1702977
      12.0000000        0.1732486
      13.0000000        0.1808712
      14.0000000        0.1891064
      15.0000000        0.1932287
      16.0000000        0.1939462
       1.0000000        0.0065955
       2.0000000        0.0484669
       3.0000000        0.0973804
       4.0000000        0.1311624
       5.0000000        0.1539032
       6.0000000        0.1675475
       7.0000000        0.1748153
       8.0000000        0.1789410
       9.0000000        0.1795693
      10.0000000        0.1770183
      11.0000000        0.1768640
      12.0000000        0.1820741
      13.0000000        0.1893683
      14.0000000        0.1929210
      15.0000000        0.1935904
      16.0000000        0.1941660
       1.0000000        0.0078351
       2.0000000        0.0538428
       3.0000000        0.1031462
       4.0000000        0.1374893
       5.0000000        0.1616728
       6.0000000        0.1761204
       7.0000000        0.1818036
       8.0000000        0.1814317
       9.0000000        0.1776140
      10.0000000        0.1743494
      11.0000000        0.1738380
      12.0000000        0.1760217
      13.0000000        0.1814179
      14.0000000        0.1883539
      15.0000000        0.1926022
      16.0000000        0.1934590
       1.0000000        0.0089915
       2.0000000        0.0597371
       3.0000000        0.1122961
       4.0000000        0.1459588
       5.0000000        0.1665312
       6.0000000        0.1752881
       7.0000000        0.1767311
       8.0000000        0.1752384
       9.0000000        0.1722739
      10.0000000        0.1697935
      11.0000000        0.1685588
      12.0000000        0.1709169
      13.0000000        0.1758574
      14.0000000        0.1819251
      15.0000000        0.1860132
      16.0000000        0.1874531
       1.0000000        0.0095855
       2.0000000        0.0619641
       3.0000000        0.1161063
       4.0000000        0.1519871
       5.0000000        0.1705499
       6.0000000        0.1749620
       7.0000000        0.1747320
       8.0000000        0.1737066
       9.0000000        0.1726079
      10.0000000        0.1714930
      11.0000000        0.1706261
      12.0000000        0.1729383
      13.0000000        0.1766266
      14.0000000        0.1796326
      15.0000000        0.1781802
      16.0000000        0.1761042
       1.0000000        0.0089932
       2.0000000        0.0596389
       3.0000000        0.1134246
       4.0000000        0.1478447
       5.0000000        0.1660808
       6.0000000        0.1759526
       7.0000000        0.1805815
       8.0000000        0.1789122
       9.0000000        0.1739525
      10.0000000        0.1714653
      11.0000000        0.1727094
      12.0000000        0.1752997
      13.0000000        0.1780474
      14.0000000        0.1787595
      15.0000000        0.1769484
      16.0000000        0.1753556
       1.0000000        0.0085390
       2.0000000        0.0566311
       3.0000000        0.1047683
       4.0000000        0.1337067
       5.0000000        0.1519978
       6.0000000        0.1625937
       7.0000000        0.1706497
       8.0000000        0.1764416
       9.0000000        0.1771936
      10.0000000        0.1751712
      11.0000000        0.1754496
      12.0000000        0.1761579
      13.0000000        0.1751792
      14.0000000        0.1754514
      15.0000000        0.1772748
      16.0000000        0.1784095
       1.0000000        0.0081721
       2.0000000        0.0543958
       3.0000000        0.0976841
       4.0000000        0.1214190
       5.0000000        0.1356939
       6.0000000        0.1453004
       7.0000000        0.1534818
       8.0000000        0.1621926
       9.0000000        0.1697323
      10.0000000        0.1722155
      11.0000000        0.1709486
      12.0000000        0.1698434
      13.0000000        0.1705583
      14.0000000        0.1718391
      15.0000000        0.1745287
      16.0000000        0.1765894
       1.0000000        0.0080963
       2.0000000        0.0522345
       3.0000000        0.0922337
       4.0000000        0.1121132
       5.0000000        0.1258880
       6.0000000        0.1381639
       7.0000000        0.1465725
       8.0000000        0.1525509
       9.0000000        0.1578085
      10.0000000        0.1618996
      11.0000000        0.1649288
      12.0000000        0.1670416
      13.0000000        0.1684325
      14.0000000        0.1671123
      15.0000000        0.1649004
      16.0000000        0.1632026
       1.0000000        0.0080972
       2.0000000        0.0504877
       3.0000000        0.0876347
       4.0000000        0.1098757
       5.0000000        0.1257328
       6.0000000        0.1359603
       7.0000000        0.1421789
       8.0000000        0.1492132
       9.0000000        0.1553081
      10.0000000        0.1562591
      11.0000000        0.1557642
      12.0000000        0.1562962
      13.0000000        0.1562949
      14.0000000        0.1553443
      15.0000000        0.1561480
      16.0000000        0.1572431
       1.0000000        0.0080456
       2.0000000        0.0494893
       3.0000000        0.0855484
       4.0000000        0.1053426
       5.0000000        0.1184791
       6.0000000        0.1295437
       7.0000000        0.1394480
       8.0000000        0.1471771
       9.0000000        0.1497650
      10.0000000        0.1494314
      11.0000000        0.1497621
      12.0000000        0.1492494
      13.0000000        0.1469277
      14.0000000        0.1446086
      15.0000000        0.1444108
      16.0000000        0.1450238
       1.0000000        0.0077437
       2.0000000        0.0481459
       3.0000000        0.0811593
       4.0000000        0.0981165
       5.0000000        0.1129237
       6.0000000        0.1283559
       7.0000000        0.1411384
       8.0000000        0.1470841
       9.0000000        0.1489726
      10.0000000        0.1515203
      11.0000000        0.1526407
      12.0000000        0.1506447
      13.0000000        0.1464004
      14.0000000        0.1409343
      15.0000000        0.1364791
      16.0000000        0.1350574
       1.0000000        0.0076857
       2.0000000        0.0458717
       3.0000000        0.0771141
       4.0000000        0.0958032
       5.0000000        0.1139404
       6.0000000        0.1310526
       7.0000000        0.1434148
       8.0000000        0.1490731
       9.0000000        0.1498695
      10.0000000        0.1500753
      11.0000000        0.1499303
      12.0000000        0.1476533
      13.0000000        0.1438577
      14.0000000        0.1397423
      15.0000000        0.1361137
      16.0000000        0.1346658
       1.0000000        0.0063618
       2.0000000        0.0426374
       3.0000000        0.0781808
       4.0000000        0.0997805
       5.0000000        0.1168045
       6.0000000        0.1318832
       7.0000000        0.1424726
       8.0000000        0.1487534
       9.0000000        0.1504534
      10.0000000        0.1487956
      11.0000000        0.1469627
      12.0000000        0.1434527
      13.0000000        0.1377991
      14.0000000        0.1347336
      15.0000000        0.1350421
      16.0000000        0.1356322
       1.0000000        0.0058371
       2.0000000        0.0418660
       3.0000000        0.0817348
       4.0000000        0.1052982
       5.0000000        0.1218952
       6.0000000        0.1355673
       7.0000000        0.1454275
       8.0000000        0.1490069
       9.0000000        0.1492130
      10.0000000        0.1506568
      11.0000000        0.1512126
      12.0000000        0.1473950
      13.0000000        0.1409711
      14.0000000        0.1384139
      15.0000000        0.1411700
      16.0000000        0.1434557
       1.0000000        0.0057249
       2.0000000        0.0430055
       3.0000000        0.0855835
       4.0000000        0.1104388
       5.0000000        0.1268059
       6.0000000        0.1403529
       7.0000000        0.1480201
       8.0000000        0.1508613
       9.0000000        0.1530139
      10.0000000        0.1549416
      11.0000000        0.1545321
      12.0000000        0.1506244
      13.0000000        0.1449196
      14.0000000        0.1406193
      15.0000000        0.1390959
      16.0000000        0.1393557
       1.0000000        0.0058670
       2.0000000        0.0433990
       3.0000000        0.0864131
       4.0000000        0.1124425
       5.0000000        0.1302982
       6.0000000        0.1421683
       7.0000000        0.1472415
       8.0000000        0.1496470
       9.0000000        0.1520597
      10.0000000        0.1531177
      11.0000000        0.1518141
      12.0000000        0.1463782
      13.0000000        0.1379474
      14.0000000        0.1309477
      15.0000000        0.1267635
      16.0000000        0.1254043
       1.0000000        0.0057333
       2.0000000        0.0424169
       3.0000000        0.0853979
       4.0000000        0.1146549
       5.0000000        0.1363497
       6.0000000        0.1504215
       7.0000000        0.1555529
       8.0000000        0.1576334
       9.0000000        0.1592431
      10.0000000        0.1571204
      11.0000000        0.1503369
      12.0000000        0.1414404
      13.0000000        0.1321977
      14.0000000        0.1242727
      15.0000000        0.1190247
      16.0000000        0.1169916
       1.0000000        0.0054786
       2.0000000        0.0409544
       3.0000000        0.0847014
       4.0000000        0.1174829
       5.0000000        0.1402772
       6.0000000        0.1547058
       7.0000000        0.1628267
       8.0000000        0.1664073
       9.0000000        0.1666839
      10.0000000        0.1632503
      11.0000000        0.1548113
      12.0000000        0.1427724
      13.0000000        0.1309537
      14.0000000        0.1215935
      15.0000000        0.1158313
      16.0000000        0.1139310
       1.0000000        0.0050342
       2.0000000        0.0387953
       3.0000000        0.0828142
       4.0000000        0.1154676
       5.0000000        0.1357176
       6.0000000        0.1490787
       7.0000000        0.1602635
       8.0000000        0.1677631
       9.0000000        0.1694252
      10.0000000        0.1647493
      11.0000000        0.1550845
      12.0000000        0.1437792
      13.0000000        0.1335308
      14.0000000        0.1245322
      15.0000000        0.1169128
      16.0000000        0.1138389
       1.0000000        0.0052300
       2.0000000        0.0398782
       3.0000000        0.0827683
       4.0000000        0.1115314
       5.0000000        0.1309510
       6.0000000        0.1477073
       7.0000000        0.1623220
       8.0000000        0.1702616
       9.0000000        0.1684863
      10.0000000        0.1594577
      11.0000000        0.1484822
      12.0000000        0.1395562
      13.0000000        0.1335916
      14.0000000        0.1283385
      15.0000000        0.1231694
      16.0000000        0.1207979
       1.0000000        0.0056867
       2.0000000        0.0415376
       3.0000000        0.0809872
       4.0000000        0.1058937
       5.0000000        0.1255970
       6.0000000        0.1440452
       7.0000000        0.1580747
       8.0000000        0.1637825
       9.0000000        0.1612252
      10.0000000        0.1537809
      11.0000000        0.1446571
      12.0000000        0.1365296
      13.0000000        0.1305799
      14.0000000        0.1261590
      15.0000000        0.1221849
      16.0000000        0.1203212
       1.0000000        0.0061331
       2.0000000        0.0440373
       3.0000000        0.0845624
       4.0000000        0.1086668
       5.0000000        0.1242690
       6.0000000        0.1400642
       7.0000000        0.1534911
       8.0000000        0.1588882
       9.0000000        0.1576058
      10.0000000        0.1525221
      11.0000000        0.1455684
      12.0000000        0.1375202
      13.0000000        0.1285195
      14.0000000        0.1217176
      15.0000000        0.1188790
      16.0000000        0.1182341
       1.0000000        0.0064295
       2.0000000        0.0478843
       3.0000000        0.0920656
       4.0000000        0.1160832
       5.0000000        0.1311641
       6.0000000        0.1433945
       7.0000000        0.1501539
       8.0000000        0.1521941
       9.0000000        0.1525934
      10.0000000        0.1508310
      11.0000000        0.1452357
      12.0000000        0.1370303
      13.0000000        0.1284994
      14.0000000        0.1237793
      15.0000000        0.1228936
      16.0000000        0.1227676
       1.0000000        0.0064786
       2.0000000        0.0484969
       3.0000000        0.0951742
       4.0000000        0.1214205
       5.0000000        0.1371983
       6.0000000        0.1462607
       7.0000000        0.1497931
       8.0000000        0.1522934
       9.0000000        0.1531124
      10.0000000        0.1494243
      11.0000000        0.1415073
      12.0000000        0.1328158
      13.0000000        0.1263827
      14.0000000        0.1225784
      15.0000000        0.1207173
      16.0000000        0.1203946
       1.0000000        0.0059878
       2.0000000        0.0455142
       3.0000000        0.0912583
       4.0000000        0.1189377
       5.0000000        0.1351566
       6.0000000        0.1433261
       7.0000000        0.1470754
       8.0000000        0.1498648
       9.0000000        0.1511758
      10.0000000        0.1482732
      11.0000000        0.1408796
      12.0000000        0.1319669
      13.0000000        0.1250511
      14.0000000        0.1199554
      15.0000000        0.1160710
      16.0000000        0.1145476
       1.0000000        0.0054376
       2.0000000        0.0419901
       3.0000000        0.0865306
       4.0000000        0.1144727
       5.0000000        0.1299314
       6.0000000        0.1399786
       7.0000000        0.1462302
       8.0000000        0.1478044
       9.0000000        0.1450398
      10.0000000        0.1415142
      11.0000000        0.1387419
      12.0000000        0.1339761
      13.0000000        0.1275412
      14.0000000        0.1214892
      15.0000000        0.1170721
      16.0000000        0.1156120
       1.0000000        0.0052715
       2.0000000        0.0404266
       3.0000000        0.0829698
       4.0000000        0.1097944
       5.0000000        0.1258222
       6.0000000        0.1375997
       7.0000000        0.1434354
       8.0000000        0.1422547
       9.0000000        0.1388333
      10.0000000        0.1377363
      11.0000000        0.1384867
      12.0000000        0.1368147
      13.0000000        0.1311686
      14.0000000        0.1248044
      15.0000000        0.1203163
      16.0000000        0.1188179
       1.0000000        0.0050168
       2.0000000        0.0385093
       3.0000000        0.0777804
       4.0000000        0.1032270
       5.0000000        0.1190757
       6.0000000        0.1295733
       7.0000000        0.1351108
       8.0000000        0.1378711
       9.0000000        0.1395786
      10.0000000        0.1401694
      11.0000000        0.1381577
      12.0000000        0.1336188
      13.0000000        0.1292251
      14.0000000        0.1261292
      15.0000000        0.1240112
      16.0000000        0.1230560
       1.0000000        0.0045175
       2.0000000        0.0351005
       3.0000000        0.0726922
       4.0000000        0.0975994
       5.0000000        0.1126205
       6.0000000        0.1209756
       7.0000000        0.1252736
       8.0000000        0.1285416
       9.0000000        0.1322289
      10.0000000        0.1356603
      11.0000000        0.1372417
      12.0000000        0.1352511
      13.0000000        0.1303035
      14.0000000        0.1252863
      15.0000000        0.1222442
      16.0000000        0.1214856
       1.0000000        0.0041593
       2.0000000        0.0325798
       3.0000000        0.0678641
       4.0000000        0.0912578
       5.0000000        0.1052469
       6.0000000        0.1122964
       7.0000000        0.1144028
       8.0000000        0.1168645
       9.0000000        0.1216978
      10.0000000        0.1273060
      11.0000000        0.1313514
      12.0000000        0.1325689
      13.0000000        0.1309668
      14.0000000        0.1272563
      15.0000000        0.1227268
      16.0000000        0.1205745
       1.0000000        0.0042192
       2.0000000        0.0323282
       3.0000000        0.0673729
       4.0000000        0.0895384
       5.0000000        0.1017907
       6.0000000        0.1087716
       7.0000000        0.1126568
       8.0000000        0.1156593
       9.0000000        0.1193107
      10.0000000        0.1237945
      11.0000000        0.1280596
      12.0000000        0.1296076
      13.0000000        0.1291138
      14.0000000        0.1291856
      15.0000000        0.1285432
      16.0000000        0.1277286
       1.0000000        0.0042270
       2.0000000        0.0326652
       3.0000000        0.0665858
       4.0000000        0.0879604
       5.0000000        0.1012840
       6.0000000        0.1096944
       7.0000000        0.1154562
       8.0000000        0.1211197
       9.0000000        0.1272584
      10.0000000        0.1319356
      11.0000000        0.1336963
      12.0000000        0.1326002
      13.0000000        0.1307479
      14.0000000        0.1297106
      15.0000000        0.1300886
      16.0000000        0.1302986
       1.0000000        0.0043372
       2.0000000        0.0329208
       3.0000000        0.0667606
       4.0000000        0.0889288
       5.0000000        0.1041826
       6.0000000        0.1155264
       7.0000000        0.1235420
       8.0000000        0.1299188
       9.0000000        0.1352295
      10.0000000        0.1367873
      11.0000000        0.1339801
      12.0000000        0.1302615
      13.0000000        0.1274812
      14.0000000        0.1264990
      15.0000000        0.1270501
      16.0000000        0.1272924
       1.0000000        0.0042369
       2.0000000        0.0331749
       3.0000000        0.0701226
       4.0000000        0.0951442
       5.0000000        0.1128039
       6.0000000        0.1270985
       7.0000000        0.1371285
       8.0000000        0.1434129
       9.0000000        0.1462727
      10.0000000        0.1445739
      11.0000000        0.1396947
      12.0000000        0.1344710
      13.0000000        0.1302574
      14.0000000        0.1281663
      15.0000000        0.1269712
      16.0000000        0.1261269
       1.0000000        0.0042488
       2.0000000        0.0340453
       3.0000000        0.0727954
       4.0000000        0.0997085
       5.0000000        0.1201080
       6.0000000        0.1396315
       7.0000000        0.1545491
       8.0000000        0.1607279
       9.0000000        0.1588595
      10.0000000        0.1530331
      11.0000000        0.1473159
      12.0000000        0.1426710
      13.0000000        0.1374587
      14.0000000        0.1311276
      15.0000000        0.1249280
      16.0000000        0.1221345
       1.0000000        0.0040807
       2.0000000        0.0322118
       3.0000000        0.0704363
       4.0000000        0.1000511
       5.0000000        0.1237266
       6.0000000        0.1444490
       7.0000000        0.1606852
       8.0000000        0.1687104
       9.0000000        0.1671537
      10.0000000        0.1597996
      11.0000000        0.1513454
      12.0000000        0.1427846
      13.0000000        0.1333727
      14.0000000        0.1241104
      15.0000000        0.1175343
      16.0000000        0.1153046
       1.0000000        0.0037290
       2.0000000        0.0304823
       3.0000000        0.0672447
       4.0000000        0.0982018
       5.0000000        0.1241024
       6.0000000        0.1446792
       7.0000000        0.1570603
       8.0000000        0.1615240
       9.0000000        0.1598879
      10.0000000        0.1545287
      11.0000000        0.1463728
      12.0000000        0.1365865
      13.0000000        0.1280960
      14.0000000        0.1228062
      15.0000000        0.1206469
      16.0000000        0.1201223
       1.0000000        0.0035804
       2.0000000        0.0287704
       3.0000000        0.0646031
       4.0000000        0.0958380
       5.0000000        0.1212007
       6.0000000        0.1370173
       7.0000000        0.1428163
       8.0000000        0.1432146
       9.0000000        0.1416739
      10.0000000        0.1395938
      11.0000000        0.1351418
      12.0000000        0.1279314
      13.0000000        0.1224841
      14.0000000        0.1207254
      15.0000000        0.1206155
      16.0000000        0.1207388
       1.0000000        0.0034767
       2.0000000        0.0280795
       3.0000000        0.0630219
       4.0000000        0.0914826
       5.0000000        0.1109467
       6.0000000        0.1223146
       7.0000000        0.1278381
       8.0000000        0.1288020
       9.0000000        0.1263877
      10.0000000        0.1237359
      11.0000000        0.1221546
      12.0000000        0.1204841
      13.0000000        0.1188648
      14.0000000        0.1184064
      15.0000000        0.1181989
      16.0000000        0.1179662
       1.0000000        0.0030863
       2.0000000        0.0251823
       3.0000000        0.0559442
       4.0000000        0.0797615
       5.0000000        0.0961575
       6.0000000        0.1060946
       7.0000000        0.1113989
       8.0000000        0.1135459
       9.0000000        0.1124595
      10.0000000        0.1098012
      11.0000000        0.1083446
      12.0000000        0.1087832
      13.0000000        0.1100693
      14.0000000        0.1116690
      15.0000000        0.1134318
      16.0000000        0.1142407
       1.0000000        0.0027352
       2.0000000        0.0219218
       3.0000000        0.0475605
       4.0000000        0.0676094
       5.0000000        0.0828756
       6.0000000        0.0941844
       7.0000000        0.1013076
       8.0000000        0.1045759
       9.0000000        0.1048197
      10.0000000        0.1034366
      11.0000000        0.1023529
      12.0000000        0.1017063
      13.0000000        0.1016869
      14.0000000        0.1024797
      15.0000000        0.1036644
      16.0000000        0.1043292
       1.0000000        0.0026720
       2.0000000        0.0216809
       3.0000000        0.0473235
       4.0000000        0.0662194
       5.0000000        0.0797033
       6.0000000        0.0900859
       7.0000000        0.0987330
       8.0000000        0.1051434
       9.0000000        0.1082006
      10.0000000        0.1078043
      11.0000000        0.1052381
      12.0000000        0.1021441
      13.0000000        0.0990992
      14.0000000        0.0965595
      15.0000000        0.0952939
      16.0000000        0.0949927
       1.0000000        0.0028384
       2.0000000        0.0226127
       3.0000000        0.0492987
       4.0000000        0.0686512
       5.0000000        0.0817658
       6.0000000        0.0920371
       7.0000000        0.1014485
       8.0000000        0.1094781
       9.0000000        0.1140565
      10.0000000        0.1144813
      11.0000000        0.1115015
      12.0000000        0.1075157
      13.0000000        0.1036804
      14.0000000        0.1001208
      15.0000000        0.0976132
      16.0000000        0.0967673
       1.0000000        0.0030203
       2.0000000        0.0238617
       3.0000000        0.0507720
       4.0000000        0.0697790
       5.0000000        0.0837295
       6.0000000        0.0951794
       7.0000000        0.1041684
       8.0000000        0.1114934
       9.0000000        0.1166194
      10.0000000        0.1182021
      11.0000000        0.1160843
      12.0000000        0.1122926
      13.0000000        0.1085552
      14.0000000        0.1047141
      15.0000000        0.1009877
      16.0000000        0.0992412
       1.0000000        0.0031015
       2.0000000        0.0241495
       3.0000000        0.0500502
       4.0000000        0.0696021
       5.0000000        0.0850602
       6.0000000        0.0964876
       7.0000000        0.1052866
       8.0000000        0.1122053
       9.0000000        0.1159946
      10.0000000        0.1163496
      11.0000000        0.1133305
      12.0000000        0.1090108
      13.0000000        0.1053899
      14.0000000        0.1013848
      15.0000000        0.0970017
      16.0000000        0.0950293
       1.0000000        0.0030873
       2.0000000        0.0239546
       3.0000000        0.0507977
       4.0000000        0.0714122
       5.0000000        0.0876212
       6.0000000        0.1004925
       7.0000000        0.1100361
       8.0000000        0.1152501
       9.0000000        0.1165969
      10.0000000        0.1156966
      11.0000000        0.1131121
      12.0000000        0.1094200
      13.0000000        0.1057692
      14.0000000        0.1026833
      15.0000000        0.1001519
      16.0000000        0.0991082
       1.0000000        0.0031575
       2.0000000        0.0248564
       3.0000000        0.0533464
       4.0000000        0.0750578
       5.0000000        0.0916935
       6.0000000        0.1053459
       7.0000000        0.1159390
       8.0000000        0.1222142
       9.0000000        0.1238123
      10.0000000        0.1228736
      11.0000000        0.1197361
      12.0000000        0.1147398
      13.0000000        0.1096375
      14.0000000        0.1047393
      15.0000000        0.1006565
      16.0000000        0.0992893
       1.0000000        0.0034073
       2.0000000        0.0266925
       3.0000000        0.0571507
       4.0000000        0.0800157
       5.0000000        0.0978765
       6.0000000        0.1132707
       7.0000000        0.1256552
       8.0000000        0.1319440
       9.0000000        0.1323140
      10.0000000        0.1307665
      11.0000000        0.1279221
      12.0000000        0.1230118
      13.0000000        0.1172709
      14.0000000        0.1120076
      15.0000000        0.1084533
      16.0000000        0.1073322
       1.0000000        0.0036552
       2.0000000        0.0283955
       3.0000000        0.0605499
       4.0000000        0.0857337
       5.0000000        0.1065065
       6.0000000        0.1239162
       7.0000000        0.1358023
       8.0000000        0.1407010
       9.0000000        0.1397076
      10.0000000        0.1372303
      11.0000000        0.1355775
      12.0000000        0.1341202
      13.0000000        0.1315275
      14.0000000        0.1282876
      15.0000000        0.1265922
      16.0000000        0.1266267
       1.0000000        0.0037232
       2.0000000        0.0290030
       3.0000000        0.0628668
       4.0000000        0.0911946
       5.0000000        0.1146644
       6.0000000        0.1329978
       7.0000000        0.1452709
       8.0000000        0.1512940
       9.0000000        0.1513049
      10.0000000        0.1478754
      11.0000000        0.1444304
      12.0000000        0.1426327
      13.0000000        0.1427232
      14.0000000        0.1440552
      15.0000000        0.1460103
      16.0000000        0.1471538
       1.0000000        0.0037382
       2.0000000        0.0283321
       3.0000000        0.0616155
       4.0000000        0.0916244
       5.0000000        0.1164005
       6.0000000        0.1351802
       7.0000000        0.1485109
       8.0000000        0.1569695
       9.0000000        0.1597021
      10.0000000        0.1580998
      11.0000000        0.1554050
      12.0000000        0.1525283
      13.0000000        0.1499766
      14.0000000        0.1488381
      15.0000000        0.1484551
      16.0000000        0.1482060
       1.0000000        0.0036454
       2.0000000        0.0279587
       3.0000000        0.0613871
       4.0000000        0.0917094
       5.0000000        0.1163681
       6.0000000        0.1342037
       7.0000000        0.1473236
       8.0000000        0.1555414
       9.0000000        0.1588304
      10.0000000        0.1608051
      11.0000000        0.1613480
      12.0000000        0.1585611
      13.0000000        0.1544857
      14.0000000        0.1510335
      15.0000000        0.1491012
      16.0000000        0.1483927
       1.0000000        0.0034971
       2.0000000        0.0275022
       3.0000000        0.0623419
       4.0000000        0.0923738
       5.0000000        0.1139833
       6.0000000        0.1279534
       7.0000000        0.1381078
       8.0000000        0.1452352
       9.0000000        0.1493094
      10.0000000        0.1520426
      11.0000000        0.1530212
      12.0000000        0.1524710
      13.0000000        0.1525977
      14.0000000        0.1539237
      15.0000000        0.1544497
      16.0000000        0.1541671
       1.0000000        0.0034950
       2.0000000        0.0280773
       3.0000000        0.0629032
       4.0000000        0.0910412
       5.0000000        0.1096762
       6.0000000        0.1219699
       7.0000000        0.1311964
       8.0000000        0.1382899
       9.0000000        0.1429210
      10.0000000        0.1448939
      11.0000000        0.1454386
      12.0000000        0.1471629
      13.0000000        0.1508067
      14.0000000        0.1539203
      15.0000000        0.1538804
      16.0000000        0.1530467
       1.0000000        0.0034667
       2.0000000        0.0282734
       3.0000000        0.0633358
       4.0000000        0.0909815
       5.0000000        0.1087791
       6.0000000        0.1194661
       7.0000000        0.1267569
       8.0000000        0.1326301
       9.0000000        0.1371073
      10.0000000        0.1399554
      11.0000000        0.1414216
      12.0000000        0.1424033
      13.0000000        0.1442540
      14.0000000        0.1461742
      15.0000000        0.1471941
      16.0000000        0.1475493
       1.0000000        0.0035224
       2.0000000        0.0281747
       3.0000000        0.0619039
       4.0000000        0.0887055
       5.0000000        0.1070705
       6.0000000        0.1180941
       7.0000000        0.1247156
       8.0000000        0.1300867
       9.0000000        0.1334246
      10.0000000        0.1350526
      11.0000000        0.1359513
      12.0000000        0.1357029
      13.0000000        0.1361374
      14.0000000        0.1389937
      15.0000000        0.1425017
      16.0000000        0.1442161
       1.0000000        0.0035687
       2.0000000        0.0274222
       3.0000000        0.0593166
       4.0000000        0.0864777
       5.0000000        0.1068342
       6.0000000        0.1186666
       7.0000000        0.1249517
       8.0000000        0.1292064
       9.0000000        0.1315771
      10.0000000        0.1313734
      11.0000000        0.1288526
      12.0000000        0.1257111
      13.0000000        0.1241642
      14.0000000        0.1256532
      15.0000000        0.1283551
      16.0000000        0.1296667
       1.0000000        0.0038235
       2.0000000        0.0297775
       3.0000000        0.0639332
       4.0000000        0.0912667
       5.0000000        0.1099812
       6.0000000        0.1196571
       7.0000000        0.1230729
       8.0000000        0.1239728
       9.0000000        0.1230903
      10.0000000        0.1212667
      11.0000000        0.1197848
      12.0000000        0.1189322
      13.0000000        0.1194571
      14.0000000        0.1202032
      15.0000000        0.1205871
      16.0000000        0.1208528
       1.0000000        0.0044670
       2.0000000        0.0344640
       3.0000000        0.0731625
       4.0000000        0.1009551
       5.0000000        0.1168047
       6.0000000        0.1229051
       7.0000000        0.1228818
       8.0000000        0.1200639
       9.0000000        0.1166788
      10.0000000        0.1151621
      11.0000000        0.1158418
      12.0000000        0.1174617
      13.0000000        0.1188719
      14.0000000        0.1198378
      15.0000000        0.1197104
      16.0000000        0.1192544
       1.0000000        0.0044474
       2.0000000        0.0347600
       3.0000000        0.0750190
       4.0000000        0.1051801
       5.0000000        0.1236434
       6.0000000        0.1307907
       7.0000000        0.1288034
       8.0000000        0.1232138
       9.0000000        0.1195158
      10.0000000        0.1187862
      11.0000000        0.1198535
      12.0000000        0.1228042
      13.0000000        0.1264218
      14.0000000        0.1271540
      15.0000000        0.1251026
      16.0000000        0.1236986
       1.0000000        0.0044275
       2.0000000        0.0353655
       3.0000000        0.0778684
       4.0000000        0.1109769
       5.0000000        0.1323942
       6.0000000        0.1416382
       7.0000000        0.1400458
       8.0000000        0.1333862
       9.0000000        0.1286506
      10.0000000        0.1281639
      11.0000000        0.1289438
      12.0000000        0.1293440
      13.0000000        0.1288338
      14.0000000        0.1274356
      15.0000000        0.1263742
      16.0000000        0.1258594
       1.0000000        0.0043309
       2.0000000        0.0352507
       3.0000000        0.0795158
       4.0000000        0.1158525
       5.0000000        0.1406870
       6.0000000        0.1531951
       7.0000000        0.1534892
       8.0000000        0.1476239
       9.0000000        0.1423902
      10.0000000        0.1396390
      11.0000000        0.1385985
      12.0000000        0.1383391
      13.0000000        0.1385210
      14.0000000        0.1392088
      15.0000000        0.1401727
      16.0000000        0.1405723
       1.0000000        0.0049762
       2.0000000        0.0397218
       3.0000000        0.0877355
       4.0000000        0.1261899
       5.0000000        0.1534462
       6.0000000        0.1693985
       7.0000000        0.1739801
       8.0000000        0.1719486
       9.0000000        0.1675321
      10.0000000        0.1606976
      11.0000000        0.1527801
      12.0000000        0.1467098
      13.0000000        0.1443350
      14.0000000        0.1452241
      15.0000000        0.1464831
      16.0000000        0.1470336
       1.0000000        0.0057535
       2.0000000        0.0440778
       3.0000000        0.0938760
       4.0000000        0.1330048
       5.0000000        0.1619650
       6.0000000        0.1799015
       7.0000000        0.1876002
       8.0000000        0.1895316
       9.0000000        0.1864679
      10.0000000        0.1775117
      11.0000000        0.1653960
      12.0000000        0.1556575
      13.0000000        0.1508420
      14.0000000        0.1504257
      15.0000000        0.1504404
      16.0000000        0.1501271
       1.0000000        0.0055917
       2.0000000        0.0423585
       3.0000000        0.0903915
       4.0000000        0.1297134
       5.0000000        0.1592248
       6.0000000        0.1785301
       7.0000000        0.1884245
       8.0000000        0.1892915
       9.0000000        0.1843297
      10.0000000        0.1759464
      11.0000000        0.1651485
      12.0000000        0.1538822
      13.0000000        0.1447165
      14.0000000        0.1407370
      15.0000000        0.1404506
      16.0000000        0.1408116
       1.0000000        0.0050895
       2.0000000        0.0386832
       3.0000000        0.0848232
       4.0000000        0.1244028
       5.0000000        0.1557007
       6.0000000        0.1755587
       7.0000000        0.1831051
       8.0000000        0.1817067
       9.0000000        0.1749132
      10.0000000        0.1655902
      11.0000000        0.1568856
      12.0000000        0.1495599
      13.0000000        0.1439297
      14.0000000        0.1405564
      15.0000000        0.1384456
      16.0000000        0.1374240
       1.0000000        0.0045899
       2.0000000        0.0352250
       3.0000000        0.0770344
       4.0000000        0.1130376
       5.0000000        0.1423598
       6.0000000        0.1621235
       7.0000000        0.1697961
       8.0000000        0.1681764
       9.0000000        0.1623805
      10.0000000        0.1573010
      11.0000000        0.1542200
      12.0000000        0.1501991
      13.0000000        0.1442823
      14.0000000        0.1376555
      15.0000000        0.1322365
      16.0000000        0.1301763
       1.0000000        0.0041961
       2.0000000        0.0320234
       3.0000000        0.0686965
       4.0000000        0.1015982
       5.0000000        0.1288924
       6.0000000        0.1466618
       7.0000000        0.1545301
       8.0000000        0.1556762
       9.0000000        0.1535486
      10.0000000        0.1523791
      11.0000000        0.1529142
      12.0000000        0.1508770
      13.0000000        0.1444823
      14.0000000        0.1358822
      15.0000000        0.1287699
      16.0000000        0.1261567
       1.0000000        0.0041674
       2.0000000        0.0302972
       3.0000000        0.0644856
       4.0000000        0.0955010
       5.0000000        0.1200972
       6.0000000        0.1360569
       7.0000000        0.1439440
       8.0000000        0.1467538
       9.0000000        0.1472047
      10.0000000        0.1483843
      11.0000000        0.1498430
      12.0000000        0.1475174
      13.0000000        0.1411344
      14.0000000        0.1357246
      15.0000000        0.1334656
      16.0000000        0.1333163
       1.0000000        0.0041099
       2.0000000        0.0309102
       3.0000000        0.0649833
       4.0000000        0.0917885
       5.0000000        0.1117437
       6.0000000        0.1257175
       7.0000000        0.1341691
       8.0000000        0.1387251
       9.0000000        0.1403087
      10.0000000        0.1399509
      11.0000000        0.1379743
      12.0000000        0.1351031
      13.0000000        0.1318837
      14.0000000        0.1294406
      15.0000000        0.1287149
      16.0000000        0.1288349
       1.0000000        0.0049140
       2.0000000        0.0349851
       3.0000000        0.0685136
       4.0000000        0.0921040
       5.0000000        0.1102440
       6.0000000        0.1240395
       7.0000000        0.1306412
       8.0000000        0.1322642
       9.0000000        0.1332628
      10.0000000        0.1342187
      11.0000000        0.1338324
      12.0000000        0.1319525
      13.0000000        0.1285241
      14.0000000        0.1251974
      15.0000000        0.1230959
      16.0000000        0.1220583
       1.0000000        0.0050128
       2.0000000        0.0340486
       3.0000000        0.0653459
       4.0000000        0.0869381
       5.0000000        0.1021385
       6.0000000        0.1117205
       7.0000000        0.1168443
       8.0000000        0.1197472
       9.0000000        0.1195326
      10.0000000        0.1181366
      11.0000000        0.1183752
      12.0000000        0.1188725
      13.0000000        0.1189450
      14.0000000        0.1196998
      15.0000000        0.1201665
      16.0000000        0.1201137
       1.0000000        0.0046358
       2.0000000        0.0310206
       3.0000000        0.0587588
       4.0000000        0.0768440
       5.0000000        0.0892508
       6.0000000        0.0967901
       7.0000000        0.1018160
       8.0000000        0.1070756
       9.0000000        0.1110200
      10.0000000        0.1130737
      11.0000000        0.1160074
      12.0000000        0.1197525
      13.0000000        0.1222816
      14.0000000        0.1237652
      15.0000000        0.1246110
      16.0000000        0.1248679
       1.0000000        0.0042175
       2.0000000        0.0305521
       3.0000000        0.0597728
       4.0000000        0.0776648
       5.0000000        0.0881912
       6.0000000        0.0953356
       7.0000000        0.1025445
       8.0000000        0.1119622
       9.0000000        0.1211910
      10.0000000        0.1272501
      11.0000000        0.1309264
      12.0000000        0.1329650
      13.0000000        0.1326459
      14.0000000        0.1317262
      15.0000000        0.1316771
      16.0000000        0.1317772
       1.0000000        0.0046172
       2.0000000        0.0336513
       3.0000000        0.0657526
       4.0000000        0.0846200
       5.0000000        0.0954020
       6.0000000        0.1033669
       7.0000000        0.1104871
       8.0000000        0.1192044
       9.0000000        0.1281763
      10.0000000        0.1352556
      11.0000000        0.1411761
      12.0000000        0.1453241
      13.0000000        0.1463957
      14.0000000        0.1451078
      15.0000000        0.1431559
      16.0000000        0.1422803
       1.0000000        0.0049423
       2.0000000        0.0353796
       3.0000000        0.0697730
       4.0000000        0.0908471
       5.0000000        0.1026795
       6.0000000        0.1095480
       7.0000000        0.1144919
       8.0000000        0.1202445
       9.0000000        0.1268447
      10.0000000        0.1332300
      11.0000000        0.1399927
      12.0000000        0.1465886
      13.0000000        0.1505355
      14.0000000        0.1517949
      15.0000000        0.1533668
      16.0000000        0.1546676
       1.0000000        0.0046158
       2.0000000        0.0353189
       3.0000000        0.0738029
       4.0000000        0.0986724
       5.0000000        0.1114416
       6.0000000        0.1178962
       7.0000000        0.1217084
       8.0000000        0.1252424
       9.0000000        0.1297307
      10.0000000        0.1360604
      11.0000000        0.1425054
      12.0000000        0.1465264
      13.0000000        0.1487790
      14.0000000        0.1511212
      15.0000000        0.1528200
      16.0000000        0.1529691
       1.0000000        0.0042698
       2.0000000        0.0339526
       3.0000000        0.0734173
       4.0000000        0.1005746
       5.0000000        0.1158598
       6.0000000        0.1239024
       7.0000000        0.1293174
       8.0000000        0.1350572
       9.0000000        0.1401485
      10.0000000        0.1438177
      11.0000000        0.1476680
      12.0000000        0.1508745
      13.0000000        0.1517836
      14.0000000        0.1510107
      15.0000000        0.1483212
      16.0000000        0.1464845
       1.0000000        0.0042720
       2.0000000        0.0332803
       3.0000000        0.0711575
       4.0000000        0.0997448
       5.0000000        0.1184262
       6.0000000        0.1300163
       7.0000000        0.1379818
       8.0000000        0.1450097
       9.0000000        0.1495107
      10.0000000        0.1514411
      11.0000000        0.1533986
      12.0000000        0.1550340
      13.0000000        0.1549325
      14.0000000        0.1534038
      15.0000000        0.1506121
      16.0000000        0.1489621
       1.0000000        0.0038147
       2.0000000        0.0296073
       3.0000000        0.0644289
       4.0000000        0.0920776
       5.0000000        0.1115486
       6.0000000        0.1245743
       7.0000000        0.1334765
       8.0000000        0.1404822
       9.0000000        0.1456081
      10.0000000        0.1474255
      11.0000000        0.1466673
      12.0000000        0.1458415
      13.0000000        0.1455679
      14.0000000        0.1462034
      15.0000000        0.1474340
      16.0000000        0.1478398
       1.0000000        0.0036188
       2.0000000        0.0274962
       3.0000000        0.0587888
       4.0000000        0.0838419
       5.0000000        0.1031232
       6.0000000        0.1167931
       7.0000000        0.1261954
       8.0000000        0.1338465
       9.0000000        0.1405730
      10.0000000        0.1455979
      11.0000000        0.1477416
      12.0000000        0.1477838
      13.0000000        0.1480916
      14.0000000        0.1498721
      15.0000000        0.1520955
      16.0000000        0.1532876
       1.0000000        0.0030428
       2.0000000        0.0247770
       3.0000000        0.0561634
       4.0000000        0.0816641
       5.0000000        0.0995478
       6.0000000        0.1121518
       7.0000000        0.1223744
       8.0000000        0.1327387
       9.0000000        0.1436191
      10.0000000        0.1527261
      11.0000000        0.1584882
      12.0000000        0.1622458
      13.0000000        0.1652705
      14.0000000        0.1676373
      15.0000000        0.1685811
      16.0000000        0.1687323
       1.0000000        0.0028473
       2.0000000        0.0241038
       3.0000000        0.0559346
       4.0000000        0.0812201
       5.0000000        0.0983078
       6.0000000        0.1126638
       7.0000000        0.1266084
       8.0000000        0.1408966
       9.0000000        0.1546288
      10.0000000        0.1645089
      11.0000000        0.1689922
      12.0000000        0.1697844
      13.0000000        0.1701008
      14.0000000        0.1716863
      15.0000000        0.1732632
      16.0000000        0.1737136
       1.0000000        0.0030308
       2.0000000        0.0246826
       3.0000000        0.0553067
       4.0000000        0.0792273
       5.0000000        0.0970113
       6.0000000        0.1126883
       7.0000000        0.1275744
       8.0000000        0.1410740
       9.0000000        0.1520205
      10.0000000        0.1597365
      11.0000000        0.1638911
      12.0000000        0.1655971
      13.0000000        0.1662413
      14.0000000        0.1650765
      15.0000000        0.1631379
      16.0000000        0.1622691
       1.0000000        0.0030992
       2.0000000        0.0241149
       3.0000000        0.0517442
       4.0000000        0.0734468
       5.0000000        0.0912980
       6.0000000        0.1071035
       7.0000000        0.1210472
       8.0000000        0.1330092
       9.0000000        0.1425254
      10.0000000        0.1500235
      11.0000000        0.1549858
      12.0000000        0.1566733
      13.0000000        0.1558540
      14.0000000        0.1536988
      15.0000000        0.1511473
      16.0000000        0.1498617
       1.0000000        0.0031132
       2.0000000        0.0236662
       3.0000000        0.0504800
       4.0000000        0.0716201
       5.0000000        0.0892716
       6.0000000        0.1056380
       7.0000000        0.1203275
       8.0000000        0.1328020
       9.0000000        0.1431133
      10.0000000        0.1507981
      11.0000000        0.1546331
      12.0000000        0.1556445
      13.0000000        0.1555079
      14.0000000        0.1547239
      15.0000000        0.1528875
      16.0000000        0.1515971
       1.0000000        0.0031234
       2.0000000        0.0239391
       3.0000000        0.0512274
       4.0000000        0.0734336
       5.0000000        0.0926763
       6.0000000        0.1105249
       7.0000000        0.1247075
       8.0000000        0.1345027
       9.0000000        0.1417684
      10.0000000        0.1473485
      11.0000000        0.1513733
      12.0000000        0.1554686
      13.0000000        0.1607112
      14.0000000        0.1643802
      15.0000000        0.1648142
      16.0000000        0.1642044
       1.0000000        0.0031159
       2.0000000        0.0248809
       3.0000000        0.0548930
       4.0000000        0.0784867
       5.0000000        0.0956519
       6.0000000        0.1094388
       7.0000000        0.1220885
       8.0000000        0.1330733
       9.0000000        0.1419771
      10.0000000        0.1498704
      11.0000000        0.1570137
      12.0000000        0.1621054
      13.0000000        0.1642281
      14.0000000        0.1645520
      15.0000000        0.1643661
      16.0000000        0.1641482
       1.0000000        0.0029799
       2.0000000        0.0243702
       3.0000000        0.0546849
       4.0000000        0.0785074
       5.0000000        0.0939163
       6.0000000        0.1052846
       7.0000000        0.1185027
       8.0000000        0.1331556
       9.0000000        0.1458567
      10.0000000        0.1553855
      11.0000000        0.1622618
      12.0000000        0.1672527
      13.0000000        0.1695020
      14.0000000        0.1710382
      15.0000000        0.1739541
      16.0000000        0.1756797
       1.0000000        0.0028836
       2.0000000        0.0216922
       3.0000000        0.0468108
       4.0000000        0.0676252
       5.0000000        0.0842202
       6.0000000        0.0992602
       7.0000000        0.1140607
       8.0000000        0.1281149
       9.0000000        0.1406935
      10.0000000        0.1503231
      11.0000000        0.1583157
      12.0000000        0.1650796
      13.0000000        0.1690481
      14.0000000        0.1704451
      15.0000000        0.1715071
      16.0000000        0.1721695
       1.0000000        0.0023717
       2.0000000        0.0184016
       3.0000000        0.0405537
       4.0000000        0.0595508
       5.0000000        0.0755211
       6.0000000        0.0906551
       7.0000000        0.1052731
       8.0000000        0.1187340
       9.0000000        0.1306502
      10.0000000        0.1408930
      11.0000000        0.1505115
      12.0000000        0.1583797
      13.0000000        0.1619677
      14.0000000        0.1621844
      15.0000000        0.1612912
      16.0000000        0.1607441
       1.0000000        0.0022311
       2.0000000        0.0171496
       3.0000000        0.0386011
       4.0000000        0.0582127
       5.0000000        0.0759093
       6.0000000        0.0925990
       7.0000000        0.1074768
       8.0000000        0.1202342
       9.0000000        0.1318026
      10.0000000        0.1426621
      11.0000000        0.1515904
      12.0000000        0.1567800
      13.0000000        0.1578730
      14.0000000        0.1564780
      15.0000000        0.1550053
      16.0000000        0.1544023
       1.0000000        0.0024031
       2.0000000        0.0178756
       3.0000000        0.0387851
       4.0000000        0.0579949
       5.0000000        0.0750882
       6.0000000        0.0898692
       7.0000000        0.1037342
       8.0000000        0.1173867
       9.0000000        0.1297533
      10.0000000        0.1401011
      11.0000000        0.1489082
      12.0000000        0.1548219
      13.0000000        0.1563582
      14.0000000        0.1560429
      15.0000000        0.1567930
      16.0000000        0.1575381
       1.0000000        0.0024017
       2.0000000        0.0185697
       3.0000000        0.0409863
       4.0000000        0.0594447
       5.0000000        0.0741575
       6.0000000        0.0867556
       7.0000000        0.0985267
       8.0000000        0.1101101
       9.0000000        0.1211284
      10.0000000        0.1317679
      11.0000000        0.1419034
      12.0000000        0.1507165
      13.0000000        0.1568591
      14.0000000        0.1600168
      15.0000000        0.1610194
      16.0000000        0.1611370
       1.0000000        0.0024968
       2.0000000        0.0203232
       3.0000000        0.0460711
       4.0000000        0.0675790
       5.0000000        0.0832202
       6.0000000        0.0940931
       7.0000000        0.1031944
       8.0000000        0.1113658
       9.0000000        0.1181368
      10.0000000        0.1260649
      11.0000000        0.1362559
      12.0000000        0.1458551
      13.0000000        0.1531712
      14.0000000        0.1585398
      15.0000000        0.1624799
      16.0000000        0.1641202
       1.0000000        0.0028507
       2.0000000        0.0236225
       3.0000000        0.0540283
       4.0000000        0.0796889
       5.0000000        0.0992208
       6.0000000        0.1137737
       7.0000000        0.1234681
       8.0000000        0.1282330
       9.0000000        0.1302675
      10.0000000        0.1325874
      11.0000000        0.1362618
      12.0000000        0.1407747
      13.0000000        0.1452152
      14.0000000        0.1488048
      15.0000000        0.1506060
      16.0000000        0.1511789
       1.0000000        0.0035582
       2.0000000        0.0286559
       3.0000000        0.0637015
       4.0000000        0.0924667
       5.0000000        0.1122242
       6.0000000        0.1227520
       7.0000000        0.1275167
       8.0000000        0.1309893
       9.0000000        0.1343799
      10.0000000        0.1364406
      11.0000000        0.1374564
      12.0000000        0.1391601
      13.0000000        0.1409575
      14.0000000        0.1420545
      15.0000000        0.1425270
      16.0000000        0.1427527
       1.0000000        0.0042138
       2.0000000        0.0337618
       3.0000000        0.0730550
       4.0000000        0.0998511
       5.0000000        0.1143149
       6.0000000        0.1197975
       7.0000000        0.1214268
       8.0000000        0.1230939
       9.0000000        0.1242430
      10.0000000        0.1252736
      11.0000000        0.1292001
      12.0000000        0.1353426
      13.0000000        0.1406252
      14.0000000        0.1429066
      15.0000000        0.1425778
      16.0000000        0.1420228
       1.0000000        0.0048147
       2.0000000        0.0352585
       3.0000000        0.0706358
       4.0000000        0.0933280
       5.0000000        0.1059921
       6.0000000        0.1116034
       7.0000000        0.1136215
       8.0000000        0.1151927
       9.0000000        0.1182492
      10.0000000        0.1237539
      11.0000000        0.1311242
      12.0000000        0.1358679
      13.0000000        0.1358953
      14.0000000        0.1333421
      15.0000000        0.1305855
      16.0000000        0.1292408
       1.0000000        0.0044376
       2.0000000        0.0330116
       3.0000000        0.0679229
       4.0000000        0.0925056
       5.0000000        0.1064084
       6.0000000        0.1116904
       7.0000000        0.1134946
       8.0000000        0.1160713
       9.0000000        0.1203613
      10.0000000        0.1251223
      11.0000000        0.1306833
      12.0000000        0.1348343
      13.0000000        0.1341356
      14.0000000        0.1293446
      15.0000000        0.1237772
      16.0000000        0.1212578
