1 -0.0006335073333334
2 -0.0022175073333334
3 -0.0059639073333334
4 -0.0059304073333334
5 -0.0068290073333334
6 -0.0086515073333334
7 -0.0084991073333334
8 -0.0120777073333334
9 -0.0108149073333334
10 -0.0087681073333334
11 -0.0081607073333334
12 -0.0080348073333334
13 -0.0086678073333334
14 -0.0087163073333334
15 -0.0067136073333334
16 -0.0052997073333334
17 -0.0079281073333334
18 -0.0076906073333334
19 -0.0069827073333334
20 -0.0055675073333334
21 -0.0088661073333334
22 -0.0093846073333334
23 -0.0044432073333334
24 -0.0003730073333334
25 -0.0039093073333334
26 -0.0023482073333334
27 -0.0042129073333334
28 0.0017477926666666
29 0.0002087926666666
30 -0.0043727073333334
31 -0.0046860073333334
32 -0.0034329073333334
33 -0.0098830073333334
34 -0.0118666073333334
35 -0.0112387073333334
36 -0.0144397073333334
37 -0.0114453073333334
38 -0.0124975073333334
39 -0.0104748073333334
40 -0.0079280073333334
41 -0.0127081073333334
42 -0.0114952073333334
43 -0.0101055073333334
44 -0.0107677073333334
45 -0.0164869073333334
46 -0.0159976073333334
47 -0.0155218073333334
48 -0.0168701073333334
49 -0.0166532073333334
50 -0.0208811073333334
51 -0.0220878073333334
52 -0.0232275073333334
53 -0.0248248073333334
54 -0.0254273073333334
55 -0.0246233073333334
56 -0.0255337073333334
57 -0.0251058073333334
58 -0.0281581073333334
59 -0.0307567073333334
60 -0.0294096073333334
61 -0.0310749073333334
62 -0.0294221073333334
63 -0.0279324073333334
64 -0.0310341073333334
65 -0.0259877073333334
66 -0.0229055073333334
67 -0.0231981073333334
68 -0.0245550073333334
69 -0.0210063073333334
70 -0.0193937073333334
71 -0.0198263073333334
72 -0.0201148073333334
73 -0.0212769073333334
74 -0.0203270073333334
75 -0.0170093073333334
76 -0.0152482073333334
77 -0.0156950073333334
78 -0.0214914073333334
79 -0.0208156073333334
80 -0.0193888073333334
81 -0.0181692073333334
82 -0.0181429073333334
83 -0.0174212073333334
84 -0.0201044073333334
85 -0.0229896073333334
86 -0.0226563073333334
87 -0.0221612073333334
88 -0.0226155073333334
89 -0.0207881073333334
90 -0.0204435073333334
91 -0.0209795073333334
92 -0.0193340073333334
93 -0.0145849073333334
94 -0.0172982073333334
95 -0.0212392073333334
96 -0.0220345073333334
97 -0.0212691073333334
98 -0.0237574073333334
99 -0.0264600073333334
100 -0.0271955073333334
101 -0.0290407073333334
102 -0.0293954073333334
103 -0.0288123073333334
104 -0.0295270073333334
105 -0.0299965073333334
106 -0.0305793073333334
107 -0.0314911073333334
108 -0.0302644073333334
109 -0.0318268073333334
110 -0.0320482073333334
111 -0.0334835073333334
112 -0.0310900073333334
113 -0.0333977073333334
114 -0.0338502073333334
115 -0.0341715073333334
116 -0.0331869073333334
117 -0.0315807073333334
118 -0.0310007073333334
119 -0.0293875073333334
120 -0.0281754073333334
121 -0.0268117073333334
122 -0.0231162073333334
123 -0.0234840073333334
124 -0.0270564073333334
125 -0.0251611073333334
126 -0.0185561073333334
127 -0.0149541073333334
128 -0.0165301073333334
129 -0.0193658073333334
130 -0.0153199073333334
131 -0.0166349073333334
132 -0.0165821073333334
133 -0.0171414073333334
134 -0.0176517073333334
135 -0.0193805073333334
136 -0.0185873073333334
137 -0.0180977073333334
138 -0.0190292073333334
139 -0.0155789073333334
140 -0.0153047073333334
141 -0.0154192073333334
142 -0.0159420073333334
143 -0.0154482073333334
144 -0.0100152073333334
145 -0.0125691073333334
146 -0.0137576073333334
147 -0.0137621073333334
148 -0.0153742073333334
149 -0.0147987073333334
150 -0.0137796073333334
151 -0.0137415073333334
152 -0.0148272073333334
153 -0.0152208073333334
154 -0.0129472073333334
155 -0.0094214073333334
156 -0.0063874073333334
157 -0.0077295073333334
158 -0.0053803073333334
159 -0.0081788073333334
160 -0.0059780073333334
161 -0.0030627073333334
162 -0.0040144073333334
163 -0.0042401073333334
164 -0.0055964073333334
165 -0.0097414073333334
166 -0.0138214073333334
167 -0.0129703073333334
168 -0.0139615073333334
169 -0.0154636073333334
170 -0.0202404073333334
171 -0.0211699073333334
172 -0.0195591073333334
173 -0.0199986073333334
174 -0.0215441073333334
175 -0.0232463073333334
176 -0.0247300073333334
177 -0.0232932073333334
178 -0.0237463073333334
179 -0.0279084073333334
180 -0.0262089073333334
181 -0.0259797073333334
182 -0.0249337073333334
183 -0.0240373073333334
184 -0.0220031073333334
185 -0.0213207073333334
186 -0.0199094073333334
187 -0.0202896073333334
188 -0.0211164073333334
189 -0.0195423073333334
190 -0.0224628073333334
191 -0.0225655073333334
192 -0.0200861073333334
193 -0.0213008073333334
194 -0.0218109073333334
195 -0.0195896073333334
196 -0.0167563073333334
197 -0.0120983073333334
198 -0.0148571073333334
199 -0.0131631073333334
200 -0.0146634073333334
201 -0.0153648073333334
202 -0.0188170073333334
203 -0.0182916073333334
204 -0.0150527073333334
205 -0.0111225073333334
206 -0.0107009073333334
207 -0.0079602073333334
208 -0.0054100073333334
209 -0.0044081073333334
210 0.0008810926666666
211 -0.0038115073333334
212 -0.0088371073333334
213 -0.0056412073333334
214 -0.0022410073333334
215 -0.0040226073333334
216 -0.0022593073333334
217 -0.0042561073333334
218 -0.0060840073333334
219 -0.0063794073333334
220 -0.0071840073333334
221 -0.0086058073333334
222 -0.0112667073333334
223 -0.0085784073333334
224 -0.0055856073333334
225 -0.0090118073333334
226 -0.0115911073333334
227 -0.0100997073333334
228 -0.0144741073333334
229 -0.0192632073333334
230 -0.0196869073333334
231 -0.0207577073333334
232 -0.0163696073333334
233 -0.0169426073333334
234 -0.0171321073333334
235 -0.0186999073333334
236 -0.0203434073333334
237 -0.0233591073333334
238 -0.0229375073333334
239 -0.0239729073333334
240 -0.0237752073333334
241 -0.0207723073333334
242 -0.0263542073333334
243 -0.0287335073333334
244 -0.0282904073333334
245 -0.0264418073333334
246 -0.0255142073333334
247 -0.0248614073333334
248 -0.0227306073333334
249 -0.0231255073333334
250 -0.0194618073333334
251 -0.0172399073333334
252 -0.0179058073333334
253 -0.0154459073333334
254 -0.0182140073333334
255 -0.0206110073333334
256 -0.0214142073333334
257 -0.0207358073333334
258 -0.0222721073333334
259 -0.0240655073333334
260 -0.0244927073333334
261 -0.0223544073333334
262 -0.0198307073333334
263 -0.0182586073333334
264 -0.0191856073333334
265 -0.0202954073333334
266 -0.0185228073333334
267 -0.0218098073333334
268 -0.0219042073333334
269 -0.0240055073333334
270 -0.0254311073333334
271 -0.0266877073333334
272 -0.0268078073333334
273 -0.0267869073333334
274 -0.0259771073333334
275 -0.0260834073333334
276 -0.0240796073333334
277 -0.0247696073333334
278 -0.0219164073333334
279 -0.0186711073333334
280 -0.0185805073333334
281 -0.0175727073333334
282 -0.0176255073333334
283 -0.0187104073333334
284 -0.0182103073333334
285 -0.0182174073333334
286 -0.0170582073333334
287 -0.0155876073333334
288 -0.0200945073333334
289 -0.0186902073333334
290 -0.0190950073333334
291 -0.0143284073333334
292 -0.0101294073333334
293 -0.0127593073333334
294 -0.0148044073333334
295 -0.0130129073333334
296 -0.0146430073333334
297 -0.0094219073333334
298 -0.0095475073333334
299 -0.0098419073333334
300 -0.0089338073333334
301 -0.0074347073333334
302 -0.0105483073333334
303 -0.0085882073333334
304 -0.0120967073333334
305 -0.0093222073333334
306 -0.0083905073333334
307 -0.0133716073333334
308 -0.0133016073333334
309 -0.0147105073333334
310 -0.0177997073333334
311 -0.0181154073333334
312 -0.0192112073333334
313 -0.0226243073333334
314 -0.0254823073333334
315 -0.0274785073333334
316 -0.0270555073333334
317 -0.0248846073333334
318 -0.0291962073333334
319 -0.0300262073333334
320 -0.0324816073333334
321 -0.0320947073333334
322 -0.0319436073333334
323 -0.0318674073333334
324 -0.0338995073333334
325 -0.0364690073333334
326 -0.0377125073333334
327 -0.0375201073333334
328 -0.0354592073333334
329 -0.0354445073333334
330 -0.0365751073333334
331 -0.0366383073333334
332 -0.0368956073333334
333 -0.0370361073333334
334 -0.0384996073333334
335 -0.0390720073333334
336 -0.0393024073333334
337 -0.0382256073333334
338 -0.0378586073333334
339 -0.0370848073333334
340 -0.0357780073333334
341 -0.0346025073333334
342 -0.0358313073333334
343 -0.0376605073333334
344 -0.0379318073333334
345 -0.0376512073333334
346 -0.0361163073333334
347 -0.0396114073333334
348 -0.0420679073333334
349 -0.0404882073333334
350 -0.0383002073333334
351 -0.0378712073333334
352 -0.0352417073333334
353 -0.0335724073333334
354 -0.0337846073333334
355 -0.0325955073333334
356 -0.0310369073333334
357 -0.0318002073333334
358 -0.0294066073333334
359 -0.0272320073333334
360 -0.0293550073333334
361 -0.0259630073333334
362 -0.0201500073333334
363 -0.0161143073333334
364 -0.0133740073333334
365 -0.0149634073333334
366 -0.0125497073333334
367 -0.0140331073333334
368 -0.0057369073333334
369 -0.0019252073333334
370 -0.0026724073333334
371 -0.0038598073333334
372 -0.0017089073333334
373 -0.0008655073333334
374 -0.0018174073333334
375 -0.0005719073333334
376 0.0030797926666666
377 0.0000376926666666
378 -0.0021928073333334
379 -0.0038564073333334
380 -0.0048172073333334
381 -0.0054716073333334
382 -0.0029419073333334
383 -0.0051578073333334
384 -0.0055500073333334
385 -0.0104007073333334
386 -0.0127621073333334
387 -0.0152506073333334
388 -0.0204448073333334
389 -0.0203420073333334
390 -0.0220571073333334
391 -0.0237457073333334
392 -0.0246815073333334
393 -0.0273347073333334
394 -0.0276981073333334
395 -0.0293251073333334
396 -0.0280893073333334
397 -0.0312191073333334
398 -0.0323195073333334
399 -0.0316403073333334
400 -0.0320420073333334
401 -0.0324380073333334
402 -0.0260735073333334
403 -0.0262568073333334
404 -0.0254436073333334
405 -0.0211033073333334
406 -0.0164948073333334
407 -0.0128690073333334
408 -0.0117950073333334
409 -0.0131353073333334
410 -0.0096662073333334
411 -0.0112644073333334
412 -0.0078504073333334
413 -0.0052683073333334
414 -0.0085301073333334
415 -0.0140773073333334
416 -0.0066594073333334
417 -0.0063885073333334
418 -0.0053679073333334
419 -0.0041172073333334
420 -0.0000559073333334
421 -0.0023366073333334
422 -0.0052104073333334
423 -0.0058361073333334
424 -0.0114170073333334
425 -0.0185077073333334
426 -0.0143942073333334
427 -0.0139886073333334
428 -0.0129890073333334
429 -0.0145541073333334
430 -0.0149438073333334
431 -0.0189319073333334
432 -0.0204604073333334
433 -0.0214414073333334
434 -0.0237388073333334
435 -0.0223504073333334
436 -0.0257877073333334
437 -0.0218289073333334
438 -0.0192319073333334
439 -0.0211687073333334
440 -0.0207830073333334
441 -0.0211238073333334
442 -0.0244584073333334
443 -0.0219901073333334
444 -0.0205148073333334
445 -0.0162826073333334
446 -0.0144481073333334
447 -0.0156347073333334
448 -0.0104018073333334
449 -0.0085373073333334
450 -0.0036057073333334
451 -0.0040438073333334
452 -0.0099684073333334
453 -0.0115574073333334
454 -0.0138029073333334
455 -0.0150794073333334
456 -0.0130606073333334
457 -0.0099434073333334
458 -0.0115785073333334
459 -0.0145049073333334
460 -0.0153963073333334
461 -0.0167499073333334
462 -0.0168468073333334
463 -0.0154054073333334
464 -0.0165615073333334
465 -0.0151122073333334
466 -0.0134450073333334
467 -0.0115183073333334
468 -0.0025562073333334
469 -0.0065651073333334
470 -0.0078175073333334
471 -0.0083624073333334
472 -0.0097052073333334
473 -0.0100806073333334
474 -0.0098664073333334
475 -0.0134520073333334
476 -0.0129527073333334
477 -0.0093389073333334
478 -0.0059581073333334
479 -0.0094667073333334
480 -0.0116839073333334
481 -0.0084411073333334
482 -0.0105482073333334
483 -0.0105014073333334
484 -0.0095906073333334
485 -0.0092682073333334
486 -0.0076320073333334
487 -0.0076796073333334
488 -0.0074635073333334
489 -0.0087984073333334
490 -0.0052792073333334
491 -0.0080555073333334
492 -0.0101798073333334
493 -0.0124736073333334
494 -0.0131754073333334
495 -0.0153729073333334
496 -0.0138860073333334
497 -0.0146856073333334
498 -0.0132720073333334
499 -0.0142241073333334
500 -0.0146174073333334
501 -0.0193567073333334
502 -0.0217803073333334
503 -0.0236445073333334
504 -0.0242472073333334
505 -0.0211695073333334
506 -0.0200044073333334
507 -0.0204562073333334
508 -0.0190453073333334
509 -0.0223134073333334
510 -0.0235046073333334
511 -0.0232764073333334
512 -0.0214163073333334
513 -0.0221292073333334
514 -0.0225220073333334
515 -0.0213260073333334
516 -0.0208510073333334
517 -0.0149465073333334
518 -0.0146660073333334
519 -0.0166909073333334
520 -0.0144106073333334
521 -0.0072349073333334
522 -0.0018516073333334
523 -0.0005010073333334
524 -0.0016053073333334
525 0.0001151926666666
526 -0.0067562073333334
527 -0.0024480073333334
528 0.0007382926666666
529 -0.0039112073333334
530 -0.0032849073333334
531 -0.0054832073333334
532 -0.0020566073333334
533 -0.0008457073333334
534 -0.0011024073333334
535 -0.0064643073333334
536 -0.0109343073333334
537 -0.0109702073333334
538 -0.0099812073333334
539 -0.0133809073333334
540 -0.0127426073333334
541 -0.0146374073333334
542 -0.0117857073333334
543 -0.0101932073333334
544 -0.0106033073333334
545 -0.0129878073333334
546 -0.0136297073333334
547 -0.0140906073333334
548 -0.0153722073333334
549 -0.0173648073333334
550 -0.0171187073333334
551 -0.0169979073333334
552 -0.0148306073333334
553 -0.0145073073333334
554 -0.0193088073333334
555 -0.0160180073333334
556 -0.0142649073333334
557 -0.0181137073333334
558 -0.0198272073333334
559 -0.0224645073333334
560 -0.0202382073333334
561 -0.0198477073333334
562 -0.0210792073333334
563 -0.0204161073333334
564 -0.0231489073333334
565 -0.0244150073333334
566 -0.0268647073333334
567 -0.0276651073333334
568 -0.0240008073333334
569 -0.0258034073333334
570 -0.0291189073333334
571 -0.0275830073333334
572 -0.0277959073333334
573 -0.0272918073333334
574 -0.0271523073333334
575 -0.0310154073333334
576 -0.0327123073333334
577 -0.0342187073333334
578 -0.0339537073333334
579 -0.0343116073333334
580 -0.0356698073333334
581 -0.0350105073333334
582 -0.0361382073333334
583 -0.0365837073333334
584 -0.0355011073333334
585 -0.0364491073333334
586 -0.0371267073333334
587 -0.0361609073333334
588 -0.0358057073333334
589 -0.0377163073333334
590 -0.0379785073333334
591 -0.0380758073333334
592 -0.0382307073333334
593 -0.0381945073333334
594 -0.0380550073333334
595 -0.0372002073333334
596 -0.0356606073333334
597 -0.0354547073333334
598 -0.0346337073333334
599 -0.0322141073333334
600 -0.0305544073333334
1 -0.0012614073333334
2 -0.0054882073333334
3 -0.0021655073333334
4 -0.0060991073333334
5 -0.0088497073333334
6 -0.0069941073333334
7 -0.0106449073333334
8 -0.0042732073333334
9 -0.0063677073333334
10 -0.0066860073333334
11 -0.0069211073333334
12 -0.0076175073333334
13 -0.0104126073333334
14 -0.0082534073333334
15 -0.0100481073333334
16 -0.0146939073333334
17 -0.0184325073333334
18 -0.0179349073333334
19 -0.0181549073333334
20 -0.0209709073333334
21 -0.0232372073333334
22 -0.0227900073333334
23 -0.0242877073333334
24 -0.0228725073333334
25 -0.0193832073333334
26 -0.0204232073333334
27 -0.0183319073333334
28 -0.0221664073333334
29 -0.0187548073333334
30 -0.0171520073333334
31 -0.0197356073333334
32 -0.0197420073333334
33 -0.0174844073333334
34 -0.0160656073333334
35 -0.0170716073333334
36 -0.0162976073333334
37 -0.0191342073333334
38 -0.0180747073333334
39 -0.0143944073333334
40 -0.0116281073333334
41 -0.0120293073333334
42 -0.0102969073333334
43 -0.0097800073333334
44 -0.0110368073333334
45 -0.0108316073333334
46 -0.0094189073333334
47 -0.0120493073333334
48 -0.0128413073333334
49 -0.0089808073333334
50 -0.0126651073333334
51 -0.0145622073333334
52 -0.0145394073333334
53 -0.0144718073333334
54 -0.0123212073333334
55 -0.0153978073333334
56 -0.0189109073333334
57 -0.0214158073333334
58 -0.0201219073333334
59 -0.0212262073333334
60 -0.0172923073333334
61 -0.0132676073333334
62 -0.0131715073333334
63 -0.0069774073333334
64 -0.0030791073333334
65 -0.0026519073333334
66 -0.0061257073333334
67 -0.0018301073333334
68 0.0046242926666666
69 0.0055329926666666
70 0.0035730926666666
71 0.0064947926666666
72 0.0040108926666666
73 0.0023423926666666
74 -0.0003283073333334
75 0.0093720926666666
76 0.0071333926666666
77 0.0105717926666666
78 0.0120022926666666
79 0.0117032926666666
80 0.0081044926666666
81 0.0036516926666666
82 0.0100108926666666
83 0.0066076926666666
84 0.0071192926666666
85 0.0103682926666666
86 0.0120801926666666
87 0.0091825926666666
88 0.0174743926666666
89 0.0249946926666666
90 0.0288488926666666
91 0.0263285926666666
92 0.0243325926666666
93 0.0242324926666666
94 0.0258516926666666
95 0.0242392926666666
96 0.0240264926666666
97 0.0174464926666666
98 0.0127340926666666
99 0.0037476926666666
100 0.0032720926666666
101 0.0011564926666666
102 0.0060040926666666
103 0.0020404926666666
104 0.0003837926666666
105 0.0010113926666666
106 -0.0023471073333334
107 -0.0076502073333334
108 -0.0098928073333334
109 -0.0133687073333334
110 -0.0101744073333334
111 -0.0096628073333334
112 -0.0121478073333334
113 -0.0074596073333334
114 -0.0085379073333334
115 -0.0061815073333334
116 -0.0067242073333334
117 -0.0084206073333334
118 -0.0065412073333334
119 -0.0057830073333334
120 -0.0073434073333334
121 -0.0100634073333334
122 -0.0076426073333334
123 -0.0073280073333334
124 -0.0020367073333334
125 -0.0001890073333334
126 0.0013641926666666
127 0.0004201926666666
128 -0.0001247073333334
129 -0.0012418073333334
130 -0.0012201073333334
131 0.0010163926666666
132 -0.0016017073333334
133 0.0029132926666666
134 0.0061177926666666
135 0.0116307926666666
136 0.0179705926666666
137 0.0250584926666666
138 0.0337411926666666
139 0.0371459926666666
140 0.0316854926666666
141 0.0324337926666666
142 0.0263194926666666
143 0.0242866926666666
144 0.0303952926666666
145 0.0239523926666666
146 0.0189748926666666
147 0.0178737926666666
148 0.0120405926666666
149 0.0135465926666666
150 0.0146261926666666
151 0.0175281926666666
152 0.0165141926666666
153 0.0092136926666666
154 0.0153338926666666
155 0.0178245926666666
156 0.0131425926666666
157 0.0220699926666666
158 0.0269312926666666
159 0.0194858926666666
160 0.0163279926666666
161 0.0230106926666666
162 0.0253154926666666
163 0.0297860926666666
164 0.0252409926666666
165 0.0309565926666666
166 0.0372014926666666
167 0.0366547926666666
168 0.0429862926666666
169 0.0447698926666666
170 0.0438359926666666
171 0.0413650926666666
172 0.0328747926666666
173 0.0339618926666666
174 0.0342352926666666
175 0.0336683926666666
176 0.0333088926666666
177 0.0414131926666666
178 0.0382688926666666
179 0.0365960926666666
180 0.0344161926666666
181 0.0418170926666666
182 0.0434366926666666
183 0.0497128926666666
184 0.0531906926666666
185 0.0447833926666666
186 0.0408488926666666
187 0.0564893926666666
188 0.0451573926666666
189 0.0476590926666666
190 0.0580252926666666
191 0.0492563926666666
192 0.0495834926666666
193 0.0466885926666666
194 0.0444598926666666
195 0.0385574926666666
196 0.0248869926666666
197 0.0260939926666666
198 0.0207088926666666
199 0.0096920926666666
200 0.0104975926666666
201 0.0036569926666666
202 0.0032344926666666
203 -0.0027350073333334
204 -0.0097815073333334
205 -0.0119970073333334
206 -0.0167097073333334
207 -0.0174468073333334
208 -0.0182041073333334
209 -0.0183447073333334
210 -0.0168494073333334
211 -0.0191630073333334
212 -0.0180482073333334
213 -0.0184946073333334
214 -0.0180442073333334
215 -0.0183083073333334
216 -0.0181425073333334
217 -0.0177631073333334
218 -0.0146442073333334
219 -0.0123607073333334
220 -0.0120554073333334
221 -0.0124676073333334
222 -0.0131013073333334
223 -0.0137572073333334
224 -0.0178116073333334
225 -0.0137257073333334
226 -0.0144718073333334
227 -0.0165729073333334
228 -0.0156116073333334
229 -0.0149711073333334
230 -0.0124187073333334
231 -0.0130901073333334
232 -0.0149742073333334
233 -0.0166985073333334
234 -0.0153608073333334
235 -0.0157127073333334
236 -0.0206395073333334
237 -0.0217227073333334
238 -0.0205943073333334
239 -0.0180415073333334
240 -0.0223359073333334
241 -0.0240215073333334
242 -0.0249637073333334
243 -0.0218280073333334
244 -0.0193983073333334
245 -0.0192497073333334
246 -0.0195266073333334
247 -0.0202888073333334
248 -0.0192383073333334
249 -0.0193758073333334
250 -0.0211967073333334
251 -0.0217962073333334
252 -0.0194391073333334
253 -0.0169681073333334
254 -0.0153545073333334
255 -0.0176673073333334
256 -0.0242443073333334
257 -0.0241713073333334
258 -0.0206569073333334
259 -0.0210596073333334
260 -0.0208877073333334
261 -0.0244341073333334
262 -0.0222580073333334
263 -0.0222723073333334
264 -0.0243468073333334
265 -0.0280022073333334
266 -0.0289998073333334
267 -0.0309571073333334
268 -0.0279054073333334
269 -0.0254088073333334
270 -0.0193866073333334
271 -0.0201337073333334
272 -0.0208297073333334
273 -0.0184754073333334
274 -0.0216623073333334
275 -0.0196751073333334
276 -0.0160937073333334
277 -0.0190858073333334
278 -0.0210356073333334
279 -0.0194558073333334
280 -0.0173416073333334
281 -0.0196332073333334
282 -0.0207255073333334
283 -0.0183640073333334
284 -0.0207739073333334
285 -0.0240905073333334
286 -0.0255345073333334
287 -0.0289377073333334
288 -0.0282135073333334
289 -0.0286131073333334
290 -0.0307317073333334
291 -0.0333837073333334
292 -0.0319834073333334
293 -0.0311709073333334
294 -0.0305973073333334
295 -0.0311424073333334
296 -0.0331875073333334
297 -0.0328427073333334
298 -0.0321463073333334
299 -0.0338829073333334
300 -0.0344327073333334
301 -0.0345011073333334
302 -0.0335123073333334
303 -0.0341024073333334
304 -0.0341445073333334
305 -0.0340924073333334
306 -0.0314958073333334
307 -0.0293575073333334
308 -0.0285041073333334
309 -0.0269450073333334
310 -0.0274250073333334
311 -0.0257284073333334
312 -0.0222110073333334
313 -0.0237858073333334
314 -0.0267823073333334
315 -0.0252436073333334
316 -0.0256993073333334
317 -0.0251066073333334
318 -0.0241568073333334
319 -0.0251892073333334
320 -0.0269037073333334
321 -0.0259245073333334
322 -0.0249451073333334
323 -0.0245765073333334
324 -0.0254450073333334
325 -0.0245674073333334
326 -0.0224987073333334
327 -0.0240537073333334
328 -0.0241570073333334
329 -0.0261212073333334
330 -0.0276498073333334
331 -0.0270387073333334
332 -0.0272126073333334
333 -0.0290644073333334
334 -0.0274380073333334
335 -0.0280053073333334
336 -0.0287230073333334
337 -0.0287668073333334
338 -0.0296549073333334
339 -0.0320515073333334
340 -0.0322352073333334
341 -0.0318494073333334
342 -0.0321337073333334
343 -0.0315991073333334
344 -0.0284191073333334
345 -0.0276087073333334
346 -0.0292149073333334
347 -0.0303905073333334
348 -0.0327915073333334
349 -0.0329291073333334
350 -0.0342820073333334
351 -0.0351591073333334
352 -0.0359514073333334
353 -0.0368885073333334
354 -0.0358768073333334
355 -0.0343921073333334
356 -0.0297432073333334
357 -0.0300369073333334
358 -0.0313654073333334
359 -0.0305710073333334
360 -0.0287109073333334
361 -0.0296108073333334
362 -0.0313389073333334
363 -0.0317614073333334
364 -0.0305857073333334
365 -0.0333658073333334
366 -0.0308916073333334
367 -0.0291158073333334
368 -0.0287208073333334
369 -0.0303858073333334
370 -0.0291195073333334
371 -0.0290709073333334
372 -0.0287598073333334
373 -0.0267803073333334
374 -0.0262339073333334
375 -0.0203254073333334
376 -0.0197980073333334
377 -0.0209016073333334
378 -0.0221947073333334
379 -0.0187926073333334
380 -0.0136679073333334
381 -0.0152713073333334
382 -0.0153942073333334
383 -0.0141277073333334
384 -0.0106510073333334
385 -0.0104421073333334
386 -0.0090118073333334
387 -0.0090459073333334
388 -0.0041894073333334
389 0.0005958926666666
390 0.0001405926666666
391 -0.0019876073333334
392 -0.0050956073333334
393 -0.0042171073333334
394 -0.0034883073333334
395 -0.0034602073333334
396 -0.0053580073333334
397 -0.0133565073333334
398 -0.0217523073333334
399 -0.0264075073333334
400 -0.0298884073333334
401 -0.0321794073333334
402 -0.0355162073333334
403 -0.0371877073333334
404 -0.0388874073333334
405 -0.0385864073333334
406 -0.0403993073333334
407 -0.0401895073333334
408 -0.0414623073333334
409 -0.0401049073333334
410 -0.0395665073333334
411 -0.0406477073333334
412 -0.0408939073333334
413 -0.0401873073333334
414 -0.0401731073333334
415 -0.0392875073333334
416 -0.0394126073333334
417 -0.0367094073333334
418 -0.0350019073333334
419 -0.0347229073333334
420 -0.0345031073333334
421 -0.0364562073333334
422 -0.0351269073333334
423 -0.0315525073333334
424 -0.0307790073333334
425 -0.0295344073333334
426 -0.0287262073333334
427 -0.0254537073333334
428 -0.0193926073333334
429 -0.0161959073333334
430 -0.0147546073333334
431 -0.0081268073333334
432 -0.0035591073333334
433 0.0023158926666666
434 0.0045415926666666
435 0.0075521926666666
436 0.0129291926666666
437 0.0179632926666666
438 0.0181883926666666
439 0.0210148926666666
440 0.0195475926666666
441 0.0255467926666666
442 0.0270416926666666
443 0.0235808926666666
444 0.0221016926666666
445 0.0232945926666666
446 0.0229198926666666
447 0.0189223926666666
448 0.0190067926666666
449 0.0124907926666666
450 0.0066118926666666
451 0.0036706926666666
452 -0.0022178073333334
453 -0.0076662073333334
454 -0.0050647073333334
455 -0.0099275073333334
456 -0.0143552073333334
457 -0.0179911073333334
458 -0.0192840073333334
459 -0.0208393073333334
460 -0.0267744073333334
461 -0.0287482073333334
462 -0.0306874073333334
463 -0.0340214073333334
464 -0.0359181073333334
465 -0.0383000073333334
466 -0.0425451073333334
467 -0.0446459073333334
468 -0.0433532073333334
469 -0.0430695073333334
470 -0.0446508073333334
471 -0.0462099073333334
472 -0.0464676073333334
473 -0.0447573073333334
474 -0.0465118073333334
475 -0.0480984073333334
476 -0.0485409073333334
477 -0.0480696073333334
478 -0.0480233073333334
479 -0.0481876073333334
480 -0.0475483073333334
481 -0.0473519073333334
482 -0.0479184073333334
483 -0.0481835073333334
484 -0.0484056073333334
485 -0.0486487073333334
486 -0.0472812073333334
487 -0.0463837073333334
488 -0.0468558073333334
489 -0.0483558073333334
490 -0.0482798073333334
491 -0.0495052073333334
492 -0.0498045073333334
493 -0.0494481073333334
494 -0.0493979073333334
495 -0.0470478073333334
496 -0.0449909073333334
497 -0.0447332073333334
498 -0.0436751073333334
499 -0.0416450073333334
500 -0.0404757073333334
501 -0.0376447073333334
502 -0.0366182073333334
503 -0.0356167073333334
504 -0.0320359073333334
505 -0.0316311073333334
506 -0.0324805073333334
507 -0.0327405073333334
508 -0.0319191073333334
509 -0.0326446073333334
510 -0.0327192073333334
511 -0.0305726073333334
512 -0.0330053073333334
513 -0.0335787073333334
514 -0.0321738073333334
515 -0.0336386073333334
516 -0.0348025073333334
517 -0.0353621073333334
518 -0.0341103073333334
519 -0.0341106073333334
520 -0.0355790073333334
521 -0.0360156073333334
522 -0.0370656073333334
523 -0.0371404073333334
524 -0.0362050073333334
525 -0.0339124073333334
526 -0.0328029073333334
527 -0.0328607073333334
528 -0.0344016073333334
529 -0.0361813073333334
530 -0.0355116073333334
531 -0.0365575073333334
532 -0.0350466073333334
533 -0.0342352073333334
534 -0.0331912073333334
535 -0.0321025073333334
536 -0.0315177073333334
537 -0.0319174073333334
538 -0.0282562073333334
539 -0.0280573073333334
540 -0.0275910073333334
541 -0.0308930073333334
542 -0.0308677073333334
543 -0.0299886073333334
544 -0.0269943073333334
545 -0.0254698073333334
546 -0.0270172073333334
547 -0.0238465073333334
548 -0.0244803073333334
549 -0.0237788073333334
550 -0.0199613073333334
551 -0.0188413073333334
552 -0.0176120073333334
553 -0.0168278073333334
554 -0.0168531073333334
555 -0.0133484073333334
556 -0.0102894073333334
557 -0.0113046073333334
558 -0.0117499073333334
559 -0.0064824073333334
560 -0.0094347073333334
561 -0.0129397073333334
562 -0.0166060073333334
563 -0.0157405073333334
564 -0.0161317073333334
565 -0.0135417073333334
566 -0.0127144073333334
567 -0.0145868073333334
568 -0.0192541073333334
569 -0.0182144073333334
570 -0.0149976073333334
571 -0.0123644073333334
572 -0.0099195073333334
573 -0.0117602073333334
574 -0.0120984073333334
575 -0.0133661073333334
576 -0.0170036073333334
577 -0.0154285073333334
578 -0.0146926073333334
579 -0.0159319073333334
580 -0.0186863073333334
581 -0.0194116073333334
582 -0.0225198073333334
583 -0.0244772073333334
584 -0.0223029073333334
585 -0.0247120073333334
586 -0.0253379073333334
587 -0.0271278073333334
588 -0.0260869073333334
589 -0.0257214073333334
590 -0.0270519073333334
591 -0.0296827073333334
592 -0.0282762073333334
593 -0.0308641073333334
594 -0.0303879073333334
595 -0.0304751073333334
596 -0.0295400073333334
597 -0.0283664073333334
598 -0.0244116073333334
599 -0.0239129073333334
600 -0.0212789073333334
1 0.0037168926666666
2 0.0000054926666666
3 -0.0004574073333334
4 -0.0052921073333334
5 -0.0025960073333334
6 -0.0073936073333334
7 -0.0091635073333334
8 -0.0076809073333334
9 -0.0132915073333334
10 -0.0124950073333334
11 -0.0091828073333334
12 -0.0110305073333334
13 -0.0063627073333334
14 -0.0048629073333334
15 -0.0035483073333334
16 -0.0002975073333334
17 -0.0026274073333334
18 -0.0055347073333334
19 -0.0014773073333334
20 0.0011090926666666
21 0.0001336926666666
22 -0.0049590073333334
23 -0.0057391073333334
24 -0.0059961073333334
25 -0.0083649073333334
26 -0.0095254073333334
27 -0.0098740073333334
28 -0.0097384073333334
29 -0.0102639073333334
30 -0.0153393073333334
31 -0.0123440073333334
32 -0.0072812073333334
33 -0.0100561073333334
34 -0.0169661073333334
35 -0.0159530073333334
36 -0.0144941073333334
37 -0.0183077073333334
38 -0.0188107073333334
39 -0.0205822073333334
40 -0.0169508073333334
41 -0.0177037073333334
42 -0.0205084073333334
43 -0.0185860073333334
44 -0.0207785073333334
45 -0.0179618073333334
46 -0.0145958073333334
47 -0.0134175073333334
48 -0.0177343073333334
49 -0.0200537073333334
50 -0.0165427073333334
51 -0.0184143073333334
52 -0.0190120073333334
53 -0.0187361073333334
54 -0.0195155073333334
55 -0.0208437073333334
56 -0.0186676073333334
57 -0.0150727073333334
58 -0.0107594073333334
59 -0.0117251073333334
60 -0.0111226073333334
61 -0.0124945073333334
62 -0.0128302073333334
63 -0.0128194073333334
64 -0.0131149073333334
65 -0.0133071073333334
66 -0.0058602073333334
67 -0.0023389073333334
68 -0.0069527073333334
69 -0.0133306073333334
70 -0.0096659073333334
71 -0.0027651073333334
72 -0.0060272073333334
73 -0.0085246073333334
74 -0.0088437073333334
75 -0.0033607073333334
76 -0.0041567073333334
77 -0.0083154073333334
78 -0.0115155073333334
79 -0.0141516073333334
80 -0.0142081073333334
81 -0.0130117073333334
82 -0.0105103073333334
83 -0.0127855073333334
84 -0.0152431073333334
85 -0.0173256073333334
86 -0.0241523073333334
87 -0.0293592073333334
88 -0.0320526073333334
89 -0.0338437073333334
90 -0.0330178073333334
91 -0.0320430073333334
92 -0.0339407073333334
93 -0.0330329073333334
94 -0.0331162073333334
95 -0.0338634073333334
96 -0.0347676073333334
97 -0.0328588073333334
98 -0.0319080073333334
99 -0.0312115073333334
100 -0.0322928073333334
101 -0.0293930073333334
102 -0.0285768073333334
103 -0.0282494073333334
104 -0.0265166073333334
105 -0.0245035073333334
106 -0.0179734073333334
107 -0.0152455073333334
108 -0.0203973073333334
109 -0.0189382073333334
110 -0.0136617073333334
111 -0.0098354073333334
112 -0.0101883073333334
113 -0.0076486073333334
114 -0.0130232073333334
115 -0.0057217073333334
116 -0.0013244073333334
117 0.0072055926666666
118 0.0032387926666666
119 0.0064645926666666
120 0.0092831926666666
121 0.0103060926666666
122 0.0085231926666666
123 0.0110223926666666
124 0.0115043926666666
125 0.0074883926666666
126 0.0080737926666666
127 0.0045788926666666
128 -0.0007705073333334
129 0.0009024926666666
130 0.0006432926666666
131 -0.0078356073333334
132 -0.0096616073333334
133 -0.0109392073333334
134 -0.0119995073333334
135 -0.0106605073333334
136 -0.0148622073333334
137 -0.0218074073333334
138 -0.0229043073333334
139 -0.0218543073333334
140 -0.0218412073333334
141 -0.0255628073333334
142 -0.0227789073333334
143 -0.0224433073333334
144 -0.0253621073333334
145 -0.0256459073333334
146 -0.0274566073333334
147 -0.0288738073333334
148 -0.0278648073333334
149 -0.0274204073333334
150 -0.0271951073333334
151 -0.0285180073333334
152 -0.0310063073333334
153 -0.0295928073333334
154 -0.0291326073333334
155 -0.0299843073333334
156 -0.0299673073333334
157 -0.0308600073333334
158 -0.0289336073333334
159 -0.0309162073333334
160 -0.0321896073333334
161 -0.0319254073333334
162 -0.0298815073333334
163 -0.0292959073333334
164 -0.0311660073333334
165 -0.0307208073333334
166 -0.0315330073333334
167 -0.0297635073333334
168 -0.0291725073333334
169 -0.0298503073333334
170 -0.0274109073333334
171 -0.0281858073333334
172 -0.0269034073333334
173 -0.0275135073333334
174 -0.0285448073333334
175 -0.0302862073333334
176 -0.0330438073333334
177 -0.0346620073333334
178 -0.0327660073333334
179 -0.0329979073333334
180 -0.0343961073333334
181 -0.0318946073333334
182 -0.0309059073333334
183 -0.0308963073333334
184 -0.0313545073333334
185 -0.0299101073333334
186 -0.0287426073333334
187 -0.0286849073333334
188 -0.0273459073333334
189 -0.0255596073333334
190 -0.0227532073333334
191 -0.0194714073333334
192 -0.0182814073333334
193 -0.0199681073333334
194 -0.0237736073333334
195 -0.0213507073333334
196 -0.0206179073333334
197 -0.0231953073333334
198 -0.0240738073333334
199 -0.0247901073333334
200 -0.0180471073333334
201 -0.0168299073333334
202 -0.0181098073333334
203 -0.0174434073333334
204 -0.0169263073333334
205 -0.0245554073333334
206 -0.0242164073333334
207 -0.0163691073333334
208 -0.0142277073333334
209 -0.0103904073333334
210 -0.0092353073333334
211 -0.0073214073333334
212 -0.0042197073333334
213 -0.0025542073333334
214 -0.0035681073333334
215 -0.0037529073333334
216 -0.0017972073333334
217 -0.0018204073333334
218 -0.0067267073333334
219 -0.0049632073333334
220 -0.0070350073333334
221 -0.0066819073333334
222 -0.0091304073333334
223 -0.0061634073333334
224 -0.0067673073333334
225 -0.0053151073333334
226 -0.0038588073333334
227 -0.0048820073333334
228 -0.0016714073333334
229 -0.0064896073333334
230 -0.0032793073333334
231 -0.0091645073333334
232 -0.0077693073333334
233 -0.0015583073333334
234 -0.0014854073333334
235 -0.0035970073333334
236 -0.0063137073333334
237 -0.0064017073333334
238 -0.0102517073333334
239 -0.0092196073333334
240 -0.0079045073333334
241 -0.0091130073333334
242 -0.0070181073333334
243 -0.0099296073333334
244 -0.0150399073333334
245 -0.0132874073333334
246 -0.0138326073333334
247 -0.0106293073333334
248 -0.0112742073333334
249 -0.0152099073333334
250 -0.0134215073333334
251 -0.0098476073333334
252 -0.0108743073333334
253 -0.0108726073333334
254 -0.0120165073333334
255 -0.0123779073333334
256 -0.0092535073333334
257 -0.0046895073333334
258 -0.0065570073333334
259 -0.0057451073333334
260 0.0019438926666666
261 0.0091769926666666
262 0.0126541926666666
263 0.0131213926666666
264 0.0147894926666666
265 0.0174921926666666
266 0.0163939926666666
267 0.0127602926666666
268 0.0149146926666666
269 0.0209711926666666
270 0.0236918926666666
271 0.0186047926666666
272 0.0197783926666666
273 0.0174083926666666
274 0.0106125926666666
275 0.0114232926666666
276 0.0131801926666666
277 0.0128718926666666
278 0.0127655926666666
279 0.0085855926666666
280 0.0054862926666666
281 0.0030737926666666
282 -0.0043578073333334
283 -0.0041308073333334
284 -0.0050593073333334
285 -0.0084883073333334
286 -0.0077638073333334
287 -0.0137385073333334
288 -0.0118827073333334
289 -0.0170072073333334
290 -0.0198946073333334
291 -0.0187547073333334
292 -0.0205307073333334
293 -0.0220495073333334
294 -0.0223010073333334
295 -0.0277392073333334
296 -0.0297655073333334
297 -0.0320817073333334
298 -0.0354037073333334
299 -0.0361926073333334
300 -0.0373619073333334
301 -0.0391836073333334
302 -0.0390475073333334
303 -0.0410463073333334
304 -0.0432648073333334
305 -0.0417432073333334
306 -0.0419015073333334
307 -0.0429878073333334
308 -0.0443335073333334
309 -0.0452016073333334
310 -0.0447515073333334
311 -0.0437139073333334
312 -0.0437893073333334
313 -0.0445692073333334
314 -0.0455936073333334
315 -0.0452295073333334
316 -0.0438689073333334
317 -0.0428505073333334
318 -0.0403936073333334
319 -0.0401668073333334
320 -0.0397430073333334
321 -0.0395302073333334
322 -0.0404393073333334
323 -0.0375743073333334
324 -0.0304703073333334
325 -0.0255239073333334
326 -0.0249239073333334
327 -0.0200159073333334
328 -0.0165326073333334
329 -0.0089292073333334
330 -0.0016019073333334
331 -0.0021100073333334
332 0.0018102926666666
333 0.0067637926666666
334 0.0071678926666666
335 0.0066556926666666
336 0.0021912926666666
337 0.0013050926666666
338 0.0027792926666666
339 -0.0022362073333334
340 -0.0046299073333334
341 -0.0068815073333334
342 -0.0061567073333334
343 -0.0084565073333334
344 -0.0108938073333334
345 -0.0064076073333334
346 -0.0098124073333334
347 -0.0119074073333334
348 -0.0161596073333334
349 -0.0151612073333334
350 -0.0156060073333334
351 -0.0161436073333334
352 -0.0150175073333334
353 -0.0168573073333334
354 -0.0187179073333334
355 -0.0182727073333334
356 -0.0182182073333334
357 -0.0185547073333334
358 -0.0196887073333334
359 -0.0210628073333334
360 -0.0235620073333334
361 -0.0232510073333334
362 -0.0246662073333334
363 -0.0270099073333334
364 -0.0279291073333334
365 -0.0238411073333334
366 -0.0244559073333334
367 -0.0281656073333334
368 -0.0314318073333334
369 -0.0342761073333334
370 -0.0360568073333334
371 -0.0349252073333334
372 -0.0358842073333334
373 -0.0374915073333334
374 -0.0384599073333334
375 -0.0389593073333334
376 -0.0375138073333334
377 -0.0382289073333334
378 -0.0392198073333334
379 -0.0374496073333334
380 -0.0395249073333334
381 -0.0395251073333334
382 -0.0394850073333334
383 -0.0405022073333334
384 -0.0420282073333334
385 -0.0435739073333334
386 -0.0436810073333334
387 -0.0430009073333334
388 -0.0418789073333334
389 -0.0414398073333334
390 -0.0401374073333334
391 -0.0391374073333334
392 -0.0389337073333334
393 -0.0395152073333334
394 -0.0394212073333334
395 -0.0405858073333334
396 -0.0414348073333334
397 -0.0393254073333334
398 -0.0389044073333334
399 -0.0372109073333334
400 -0.0355297073333334
401 -0.0328792073333334
402 -0.0301750073333334
403 -0.0300856073333334
404 -0.0290386073333334
405 -0.0280948073333334
406 -0.0261963073333334
407 -0.0283900073333334
408 -0.0275552073333334
409 -0.0253231073333334
410 -0.0232709073333334
411 -0.0260418073333334
412 -0.0256278073333334
413 -0.0235627073333334
414 -0.0201323073333334
415 -0.0194148073333334
416 -0.0169236073333334
417 -0.0185464073333334
418 -0.0145962073333334
419 -0.0132052073333334
420 -0.0128488073333334
421 -0.0063939073333334
422 -0.0066949073333334
423 -0.0021510073333334
424 0.0036274926666666
425 0.0118497926666666
426 0.0206183926666666
427 0.0253426926666666
428 0.0333861926666666
429 0.0358354926666666
430 0.0384471926666666
431 0.0478676926666666
432 0.0392859926666666
433 0.0313879926666666
434 0.0247316926666666
435 0.0277755926666666
436 0.0299354926666666
437 0.0233759926666666
438 0.0212053926666666
439 0.0290091926666666
440 0.0310269926666666
441 0.0293177926666666
442 0.0284965926666666
443 0.0134933926666666
444 0.0163821926666666
445 0.0203480926666666
446 0.0227383926666666
447 0.0267671926666666
448 0.0221143926666666
449 0.0143920926666666
450 0.0160410926666666
451 0.0126480926666666
452 0.0098969926666666
453 0.0065380926666666
454 0.0004740926666666
455 0.0011173926666666
456 -0.0026301073333334
457 -0.0039234073333334
458 -0.0023158073333334
459 -0.0045878073333334
460 -0.0072640073333334
461 -0.0103041073333334
462 -0.0077427073333334
463 -0.0030713073333334
464 -0.0065598073333334
465 -0.0061272073333334
466 -0.0108014073333334
467 -0.0134903073333334
468 -0.0126991073333334
469 -0.0136881073333334
470 -0.0125589073333334
471 -0.0092766073333334
472 -0.0105399073333334
473 -0.0068891073333334
474 -0.0065499073333334
475 -0.0044362073333334
476 -0.0041845073333334
477 -0.0044000073333334
478 -0.0079808073333334
479 -0.0090123073333334
480 -0.0086330073333334
481 -0.0116859073333334
482 -0.0094554073333334
483 -0.0077298073333334
484 -0.0068867073333334
485 -0.0019639073333334
486 0.0007188926666666
487 0.0028535926666666
488 0.0015506926666666
489 -0.0012869073333334
490 -0.0067120073333334
491 -0.0058274073333334
492 -0.0100519073333334
493 -0.0103837073333334
494 -0.0141744073333334
495 -0.0149432073333334
496 -0.0154711073333334
497 -0.0173922073333334
498 -0.0180748073333334
499 -0.0213784073333334
500 -0.0263126073333334
501 -0.0246544073333334
502 -0.0231014073333334
503 -0.0256047073333334
504 -0.0290623073333334
505 -0.0330518073333334
506 -0.0324120073333334
507 -0.0321154073333334
508 -0.0328945073333334
509 -0.0309355073333334
510 -0.0312721073333334
511 -0.0311257073333334
512 -0.0311132073333334
513 -0.0319341073333334
514 -0.0327451073333334
515 -0.0334481073333334
516 -0.0306386073333334
517 -0.0287959073333334
518 -0.0255210073333334
519 -0.0241777073333334
520 -0.0216266073333334
521 -0.0214618073333334
522 -0.0191142073333334
523 -0.0192723073333334
524 -0.0215647073333334
525 -0.0191946073333334
526 -0.0203255073333334
527 -0.0229906073333334
528 -0.0227369073333334
529 -0.0191415073333334
530 -0.0195970073333334
531 -0.0173386073333334
532 -0.0199805073333334
533 -0.0204933073333334
534 -0.0190593073333334
535 -0.0188306073333334
536 -0.0195056073333334
537 -0.0154268073333334
538 -0.0179093073333334
539 -0.0210678073333334
540 -0.0166073073333334
541 -0.0157478073333334
542 -0.0103269073333334
543 -0.0074983073333334
544 -0.0052109073333334
545 -0.0045841073333334
546 -0.0010901073333334
547 -0.0075326073333334
548 0.0007897926666666
549 0.0018675926666666
550 0.0008621926666666
551 0.0028644926666666
552 0.0084202926666666
553 0.0100198926666666
554 0.0037571926666666
555 0.0084840926666666
556 0.0033918926666666
557 0.0050768926666666
558 0.0042147926666666
559 0.0069509926666666
560 0.0023542926666666
561 0.0088590926666666
562 0.0061299926666666
563 0.0041808926666666
564 0.0045723926666666
565 0.0030343926666666
566 -0.0010290073333334
567 -0.0038888073333334
568 -0.0058427073333334
569 -0.0040602073333334
570 -0.0038326073333334
571 -0.0036637073333334
572 -0.0063340073333334
573 -0.0134912073333334
574 -0.0187974073333334
575 -0.0225399073333334
576 -0.0198424073333334
577 -0.0231781073333334
578 -0.0258839073333334
579 -0.0257461073333334
580 -0.0266712073333334
581 -0.0312512073333334
582 -0.0364791073333334
583 -0.0374813073333334
584 -0.0387702073333334
585 -0.0391741073333334
586 -0.0401484073333334
587 -0.0407904073333334
588 -0.0406627073333334
589 -0.0424373073333334
590 -0.0432689073333334
591 -0.0418900073333334
592 -0.0400441073333334
593 -0.0398229073333334
594 -0.0387522073333334
595 -0.0373148073333334
596 -0.0368825073333334
597 -0.0343968073333334
598 -0.0322434073333334
599 -0.0336196073333334
600 -0.0347335073333334
1 0.0015536926666666
2 0.0004156926666666
3 -0.0097336073333334
4 -0.0114064073333334
5 -0.0096852073333334
6 -0.0093597073333334
7 -0.0125397073333334
8 -0.0109893073333334
9 -0.0119439073333334
10 -0.0081994073333334
11 -0.0074492073333334
12 -0.0058593073333334
13 -0.0054110073333334
14 -0.0042311073333334
15 -0.0049270073333334
16 -0.0084615073333334
17 -0.0085691073333334
18 -0.0090905073333334
19 -0.0027526073333334
20 0.0047804926666666
21 0.0025427926666666
22 0.0039704926666666
23 0.0055173926666666
24 0.0101767926666666
25 0.0117979926666666
26 0.0160762926666666
27 0.0168686926666666
28 0.0157923926666666
29 0.0094562926666666
30 0.0055521926666666
31 0.0061475926666666
32 0.0083383926666666
33 0.0033837926666666
34 0.0020375926666666
35 -0.0033291073333334
36 -0.0059499073333334
37 -0.0107177073333334
38 -0.0116291073333334
39 -0.0104393073333334
40 -0.0115763073333334
41 -0.0081100073333334
42 -0.0128904073333334
43 -0.0146458073333334
44 -0.0140870073333334
45 -0.0129208073333334
46 -0.0143003073333334
47 -0.0102722073333334
48 -0.0087993073333334
49 -0.0097084073333334
50 -0.0089231073333334
51 -0.0087351073333334
52 -0.0084909073333334
53 -0.0102099073333334
54 -0.0076615073333334
55 -0.0086949073333334
56 -0.0082927073333334
57 -0.0104448073333334
58 -0.0076622073333334
59 -0.0097377073333334
60 -0.0104931073333334
61 -0.0129213073333334
62 -0.0110506073333334
63 -0.0125401073333334
64 -0.0113006073333334
65 -0.0139035073333334
66 -0.0163415073333334
67 -0.0164170073333334
68 -0.0177118073333334
69 -0.0189088073333334
70 -0.0187504073333334
71 -0.0203906073333334
72 -0.0188097073333334
73 -0.0239277073333334
74 -0.0256089073333334
75 -0.0254073073333334
76 -0.0249680073333334
77 -0.0259236073333334
78 -0.0230434073333334
79 -0.0224014073333334
80 -0.0180047073333334
81 -0.0131449073333334
82 -0.0143345073333334
83 -0.0169066073333334
84 -0.0126952073333334
85 -0.0092456073333334
86 -0.0076499073333334
87 -0.0073574073333334
88 -0.0099469073333334
89 -0.0081967073333334
90 -0.0091143073333334
91 -0.0017924073333334
92 0.0005861926666666
93 0.0093924926666666
94 0.0127321926666666
95 0.0120907926666666
96 0.0093035926666666
97 0.0083803926666666
98 0.0141992926666666
99 0.0172435926666666
100 0.0110634926666666
101 0.0073328926666666
102 0.0053809926666666
103 0.0062563926666666
104 0.0032091926666666
105 -0.0001898073333334
106 -0.0020418073333334
107 -0.0076936073333334
108 -0.0082370073333334
109 -0.0093294073333334
110 -0.0123309073333334
111 -0.0145800073333334
112 -0.0152434073333334
113 -0.0144463073333334
114 -0.0193022073333334
115 -0.0227001073333334
116 -0.0232904073333334
117 -0.0243709073333334
118 -0.0253120073333334
119 -0.0230653073333334
120 -0.0257479073333334
121 -0.0286949073333334
122 -0.0300437073333334
123 -0.0293832073333334
124 -0.0270344073333334
125 -0.0269939073333334
126 -0.0282785073333334
127 -0.0276500073333334
128 -0.0273671073333334
129 -0.0301857073333334
130 -0.0332593073333334
131 -0.0308265073333334
132 -0.0321497073333334
133 -0.0302087073333334
134 -0.0293355073333334
135 -0.0284428073333334
136 -0.0263630073333334
137 -0.0202641073333334
138 -0.0161884073333334
139 -0.0190569073333334
140 -0.0173536073333334
141 -0.0146426073333334
142 -0.0171014073333334
143 -0.0186704073333334
144 -0.0173810073333334
145 -0.0175336073333334
146 -0.0185758073333334
147 -0.0188881073333334
148 -0.0212344073333334
149 -0.0194663073333334
150 -0.0184894073333334
151 -0.0205466073333334
152 -0.0220186073333334
153 -0.0217707073333334
154 -0.0205835073333334
155 -0.0177515073333334
156 -0.0190541073333334
157 -0.0202691073333334
158 -0.0241856073333334
159 -0.0223877073333334
160 -0.0201044073333334
161 -0.0167736073333334
162 -0.0178092073333334
163 -0.0180963073333334
164 -0.0155113073333334
165 -0.0114900073333334
166 -0.0067015073333334
167 -0.0081408073333334
168 -0.0086838073333334
169 -0.0042542073333334
170 -0.0084811073333334
171 -0.0081555073333334
172 -0.0042493073333334
173 -0.0009809073333334
174 0.0056506926666666
175 -0.0008830073333334
176 -0.0006857073333334
177 0.0000778926666666
178 0.0001682926666666
179 0.0010274926666666
180 -0.0029961073333334
181 -0.0025561073333334
182 0.0014023926666666
183 -0.0010865073333334
184 -0.0030761073333334
185 0.0002045926666666
186 -0.0014657073333334
187 -0.0054668073333334
188 -0.0012089073333334
189 -0.0026923073333334
190 -0.0021087073333334
191 0.0011752926666666
192 -0.0013109073333334
193 0.0006430926666666
194 0.0000777926666666
195 0.0028773926666666
196 0.0062799926666666
197 0.0077185926666666
198 0.0078141926666666
199 0.0070840926666666
200 0.0021867926666666
201 0.0084979926666666
202 0.0116369926666666
203 0.0148540926666666
204 0.0157977926666666
205 0.0109608926666666
206 0.0170664926666666
207 0.0228390926666666
208 0.0220042926666666
209 0.0202416926666666
210 0.0261048926666666
211 0.0195944926666666
212 0.0221256926666666
213 0.0166289926666666
214 0.0259698926666666
215 0.0267991926666666
216 0.0241383926666666
217 0.0217806926666666
218 0.0212785926666666
219 0.0219710926666666
220 0.0211413926666666
221 0.0206873926666666
222 0.0222553926666666
223 0.0134338926666666
224 0.0129876926666666
225 0.0125066926666666
226 0.0119439926666666
227 0.0090197926666666
228 0.0026723926666666
229 0.0014831926666666
230 -0.0011400073333334
231 -0.0035393073333334
232 -0.0055600073333334
233 -0.0064038073333334
234 -0.0063284073333334
235 -0.0017274073333334
236 -0.0080642073333334
237 -0.0088335073333334
238 -0.0121859073333334
239 -0.0138844073333334
240 -0.0129740073333334
241 -0.0112316073333334
242 -0.0112579073333334
243 -0.0142710073333334
244 -0.0196036073333334
245 -0.0195099073333334
246 -0.0126327073333334
247 -0.0099756073333334
248 -0.0104111073333334
249 -0.0127425073333334
250 -0.0134358073333334
251 -0.0148798073333334
252 -0.0079453073333334
253 -0.0087362073333334
254 -0.0095116073333334
255 -0.0089247073333334
256 -0.0095862073333334
257 -0.0110937073333334
258 -0.0102739073333334
259 -0.0178770073333334
260 -0.0169494073333334
261 -0.0155757073333334
262 -0.0188474073333334
263 -0.0202643073333334
264 -0.0163504073333334
265 -0.0137665073333334
266 -0.0125489073333334
267 -0.0152163073333334
268 -0.0127432073333334
269 -0.0132911073333334
270 -0.0136039073333334
271 -0.0134264073333334
272 -0.0078185073333334
273 -0.0022148073333334
274 0.0029456926666666
275 0.0082237926666666
276 0.0141001926666666
277 0.0049485926666666
278 0.0094998926666666
279 0.0084833926666666
280 0.0090018926666666
281 0.0102785926666666
282 0.0120051926666666
283 0.0180284926666666
284 0.0151971926666666
285 0.0169285926666666
286 0.0172796926666666
287 0.0177208926666666
288 0.0183369926666666
289 0.0199431926666666
290 0.0199844926666666
291 0.0159090926666666
292 0.0032716926666666
293 -0.0029958073333334
294 -0.0022447073333334
295 -0.0033465073333334
296 -0.0088607073333334
297 -0.0082165073333334
298 -0.0014451073333334
299 -0.0047164073333334
300 -0.0010795073333334
301 -0.0088020073333334
302 -0.0143601073333334
303 -0.0096982073333334
304 -0.0150053073333334
305 -0.0103810073333334
306 -0.0076081073333334
307 -0.0103149073333334
308 -0.0063652073333334
309 -0.0107093073333334
310 -0.0093403073333334
311 -0.0067595073333334
312 -0.0088097073333334
313 -0.0058991073333334
314 -0.0075939073333334
315 -0.0072742073333334
316 -0.0066994073333334
317 -0.0058579073333334
318 -0.0026822073333334
319 0.0017391926666666
320 0.0025950926666666
321 0.0020748926666666
322 0.0139760926666666
323 0.0139089926666666
324 0.0153024926666666
325 0.0236244926666666
326 0.0189569926666666
327 0.0190940926666666
328 0.0273644926666666
329 0.0247908926666666
330 0.0119375926666666
331 0.0119155926666666
332 0.0106491926666666
333 0.0083286926666666
334 0.0057855926666666
335 0.0103556926666666
336 0.0079252926666666
337 0.0013737926666666
338 -0.0029649073333334
339 -0.0031563073333334
340 -0.0013553073333334
341 0.0033303926666666
342 0.0032879926666666
343 -0.0010571073333334
344 -0.0003557073333334
345 -0.0047899073333334
346 -0.0060603073333334
347 -0.0079919073333334
348 -0.0086570073333334
349 -0.0040164073333334
350 -0.0022013073333334
351 -0.0019668073333334
352 -0.0056734073333334
353 -0.0041848073333334
354 -0.0024633073333334
355 -0.0032864073333334
356 -0.0019580073333334
357 0.0019042926666666
358 0.0007355926666666
359 -0.0026741073333334
360 -0.0074486073333334
361 -0.0071673073333334
362 -0.0067601073333334
363 -0.0080499073333334
364 -0.0088290073333334
365 -0.0135496073333334
366 -0.0119740073333334
367 -0.0123160073333334
368 -0.0080187073333334
369 -0.0058676073333334
370 -0.0003120073333334
371 -0.0046028073333334
372 -0.0050724073333334
373 -0.0027031073333334
374 -0.0063554073333334
375 0.0042548926666666
376 0.0036852926666666
377 0.0006100926666666
378 0.0003129926666666
379 -0.0050640073333334
380 -0.0046009073333334
381 -0.0024208073333334
382 -0.0017059073333334
383 -0.0022719073333334
384 -0.0062160073333334
385 -0.0017595073333334
386 -0.0033177073333334
387 -0.0077123073333334
388 -0.0082646073333334
389 -0.0064261073333334
390 -0.0113403073333334
391 -0.0120392073333334
392 -0.0103408073333334
393 -0.0062243073333334
394 -0.0061794073333334
395 -0.0059581073333334
396 -0.0095304073333334
397 -0.0146971073333334
398 -0.0135121073333334
399 -0.0092692073333334
400 -0.0090467073333334
401 -0.0094169073333334
402 -0.0150178073333334
403 -0.0109668073333334
404 -0.0083941073333334
405 -0.0068261073333334
406 -0.0069547073333334
407 -0.0052026073333334
408 0.0039387926666666
409 0.0073234926666666
410 -0.0004760073333334
411 0.0014175926666666
412 0.0070649926666666
413 0.0117490926666666
414 0.0103724926666666
415 0.0133652926666666
416 0.0145255926666666
417 0.0158170926666666
418 0.0057198926666666
419 0.0056062926666666
420 -0.0027158073333334
421 0.0016396926666666
422 0.0029279926666666
423 0.0060790926666666
424 0.0011487926666666
425 0.0002502926666666
426 0.0025916926666666
427 0.0080507926666666
428 -0.0000740073333334
429 -0.0012571073333334
430 -0.0022150073333334
431 -0.0005182073333334
432 0.0059575926666666
433 0.0086550926666666
434 0.0108515926666666
435 0.0088881926666666
436 0.0098212926666666
437 0.0121309926666666
438 0.0197583926666666
439 0.0158984926666666
440 0.0163694926666666
441 0.0123793926666666
442 0.0087732926666666
443 0.0076366926666666
444 0.0111328926666666
445 0.0069254926666666
446 0.0099650926666666
447 0.0049551926666666
448 0.0024433926666666
449 -0.0006935073333334
450 0.0027657926666666
451 0.0032069926666666
452 0.0044114926666666
453 -0.0018996073333334
454 -0.0018749073333334
455 -0.0020178073333334
456 0.0042582926666666
457 0.0043996926666666
458 0.0100908926666666
459 0.0171218926666666
460 0.0090376926666666
461 0.0031252926666666
462 0.0082416926666666
463 0.0120479926666666
464 0.0155799926666666
465 0.0142273926666666
466 0.0160545926666666
467 0.0112035926666666
468 0.0108129926666666
469 0.0067697926666666
470 0.0029385926666666
471 0.0020265926666666
472 0.0007326926666666
473 0.0026454926666666
474 0.0023816926666666
475 -0.0068153073333334
476 -0.0095576073333334
477 -0.0141390073333334
478 -0.0150876073333334
479 -0.0197018073333334
480 -0.0220647073333334
481 -0.0216967073333334
482 -0.0243082073333334
483 -0.0258456073333334
484 -0.0270171073333334
485 -0.0242716073333334
486 -0.0203058073333334
487 -0.0176814073333334
488 -0.0199126073333334
489 -0.0182478073333334
490 -0.0172124073333334
491 -0.0214594073333334
492 -0.0240590073333334
493 -0.0229188073333334
494 -0.0205571073333334
495 -0.0243687073333334
496 -0.0248949073333334
497 -0.0219227073333334
498 -0.0219167073333334
499 -0.0217927073333334
500 -0.0218902073333334
501 -0.0226388073333334
502 -0.0209764073333334
503 -0.0203906073333334
504 -0.0204611073333334
505 -0.0192806073333334
506 -0.0186926073333334
507 -0.0244040073333334
508 -0.0289284073333334
509 -0.0266498073333334
510 -0.0244632073333334
511 -0.0228520073333334
512 -0.0198618073333334
513 -0.0158120073333334
514 -0.0108746073333334
515 -0.0052937073333334
516 -0.0005412073333334
517 0.0022041926666666
518 0.0064298926666666
519 0.0167056926666666
520 0.0183474926666666
521 0.0168127926666666
522 0.0130590926666666
523 0.0144279926666666
524 0.0083666926666666
525 0.0018339926666666
526 0.0125440926666666
527 0.0179740926666666
528 0.0198042926666666
529 0.0166561926666666
530 0.0189451926666666
531 0.0213942926666666
532 0.0291963926666666
533 0.0276791926666666
534 0.0305117926666666
535 0.0352289926666666
536 0.0451317926666666
537 0.0454502926666666
538 0.0426942926666666
539 0.0410405926666666
540 0.0349628926666666
541 0.0416254926666666
542 0.0475952926666666
543 0.0508963926666666
544 0.0483997926666666
545 0.0503736926666666
546 0.0529603926666666
547 0.0474991926666666
548 0.0542706926666666
549 0.0528290926666666
550 0.0568132926666666
551 0.0544588926666666
552 0.0464380926666666
553 0.0451336926666666
554 0.0357431926666666
555 0.0283605926666666
556 0.0257373926666666
557 0.0157760926666666
558 0.0189106926666666
559 0.0223512926666666
560 0.0231922926666666
561 0.0223517926666666
562 0.0243520926666666
563 0.0090397926666666
564 0.0129185926666666
565 0.0206529926666666
566 0.0160808926666666
567 0.0138618926666666
568 0.0170569926666666
569 0.0253957926666666
570 0.0337500926666666
571 0.0244263926666666
572 0.0254203926666666
573 0.0294684926666666
574 0.0256393926666666
575 0.0367760926666666
576 0.0364767926666666
577 0.0426983926666666
578 0.0395458926666666
579 0.0440316926666666
580 0.0371583926666666
581 0.0501486926666666
582 0.0467355926666666
583 0.0444989926666666
584 0.0490441926666666
585 0.0468649926666666
586 0.0422466926666666
587 0.0456557926666666
588 0.0458129926666666
589 0.0421431926666666
590 0.0384474926666666
591 0.0383371926666666
592 0.0306995926666666
593 0.0187331926666666
594 0.0124052926666666
595 0.0129604926666666
596 0.0097071926666666
597 0.0066589926666666
598 0.0084786926666666
599 0.0022370926666666
600 0.0012725926666666
1 -0.0000883073333334
2 -0.0059298073333334
3 -0.0043121073333334
4 -0.0080362073333334
5 -0.0094343073333334
6 -0.0124037073333334
7 -0.0110835073333334
8 -0.0161433073333334
9 -0.0150858073333334
10 -0.0070647073333334
11 -0.0087632073333334
12 -0.0102447073333334
13 -0.0118266073333334
14 -0.0106524073333334
15 -0.0060864073333334
16 -0.0033861073333334
17 -0.0019773073333334
18 0.0019812926666666
19 0.0015378926666666
20 -0.0001620073333334
21 0.0024408926666666
22 -0.0031326073333334
23 -0.0026435073333334
24 -0.0050926073333334
25 -0.0054941073333334
26 -0.0066601073333334
27 -0.0113783073333334
28 -0.0126767073333334
29 -0.0152730073333334
30 -0.0164357073333334
31 -0.0165326073333334
32 -0.0209808073333334
33 -0.0224074073333334
34 -0.0230133073333334
35 -0.0265714073333334
36 -0.0299292073333334
37 -0.0308233073333334
38 -0.0323327073333334
39 -0.0321634073333334
40 -0.0328354073333334
41 -0.0329993073333334
42 -0.0344158073333334
43 -0.0352225073333334
44 -0.0358815073333334
45 -0.0361879073333334
46 -0.0378625073333334
47 -0.0372489073333334
48 -0.0361391073333334
49 -0.0363531073333334
50 -0.0352919073333334
51 -0.0352534073333334
52 -0.0355004073333334
53 -0.0329884073333334
54 -0.0311395073333334
55 -0.0300219073333334
56 -0.0293249073333334
57 -0.0266904073333334
58 -0.0228013073333334
59 -0.0219424073333334
60 -0.0185533073333334
61 -0.0140147073333334
62 -0.0066298073333334
63 0.0049289926666666
64 0.0056532926666666
65 0.0110379926666666
66 0.0108449926666666
67 0.0118621926666666
68 0.0129562926666666
69 0.0150290926666666
70 0.0256184926666666
71 0.0223717926666666
72 0.0230916926666666
73 0.0189486926666666
74 0.0199944926666666
75 0.0193086926666666
76 0.0168920926666666
77 0.0197029926666666
78 0.0160083926666666
79 0.0090852926666666
80 0.0071187926666666
81 0.0106895926666666
82 0.0135317926666666
83 0.0189734926666666
84 0.0151906926666666
85 0.0223547926666666
86 0.0172357926666666
87 0.0195600926666666
88 0.0181332926666666
89 0.0183716926666666
90 0.0245535926666666
91 0.0235922926666666
92 0.0332273926666666
93 0.0320476926666666
94 0.0335220926666666
95 0.0365087926666666
96 0.0284352926666666
97 0.0297401926666666
98 0.0314316926666666
99 0.0298934926666666
100 0.0273964926666666
101 0.0251070926666666
102 0.0350899926666666
103 0.0354552926666666
104 0.0310369926666666
105 0.0363783926666666
106 0.0297787926666666
107 0.0223862926666666
108 0.0198503926666666
109 0.0175472926666666
110 0.0095626926666666
111 0.0034421926666666
112 0.0031846926666666
113 -0.0024551073333334
114 0.0001963926666666
115 -0.0093266073333334
116 -0.0135105073333334
117 -0.0116239073333334
118 -0.0162740073333334
119 -0.0156753073333334
120 -0.0160333073333334
121 -0.0173993073333334
122 -0.0205623073333334
123 -0.0227366073333334
124 -0.0207493073333334
125 -0.0178631073333334
126 -0.0177254073333334
127 -0.0189728073333334
128 -0.0144859073333334
129 -0.0142735073333334
130 -0.0174245073333334
131 -0.0173260073333334
132 -0.0099245073333334
133 -0.0077950073333334
134 -0.0038998073333334
135 -0.0043879073333334
136 0.0003210926666666
137 0.0141691926666666
138 0.0183029926666666
139 0.0180939926666666
140 0.0110231926666666
141 0.0109289926666666
142 0.0083599926666666
143 0.0067653926666666
144 0.0070883926666666
145 0.0106902926666666
146 0.0071705926666666
147 0.0158437926666666
148 0.0181182926666666
149 0.0125747926666666
150 0.0174405926666666
151 0.0216601926666666
152 0.0220326926666666
153 0.0180608926666666
154 0.0142135926666666
155 0.0127274926666666
156 0.0152952926666666
157 0.0091115926666666
158 0.0075286926666666
159 0.0061970926666666
160 0.0009231926666666
161 0.0043276926666666
162 0.0001181926666666
163 -0.0003925073333334
164 -0.0063389073333334
165 -0.0074610073333334
166 -0.0076838073333334
167 -0.0044672073333334
168 -0.0044289073333334
169 -0.0102478073333334
170 -0.0154478073333334
171 -0.0160890073333334
172 -0.0128775073333334
173 -0.0154918073333334
174 -0.0171341073333334
175 -0.0146843073333334
176 -0.0185092073333334
177 -0.0187830073333334
178 -0.0216332073333334
179 -0.0204831073333334
180 -0.0203354073333334
181 -0.0232701073333334
182 -0.0248520073333334
183 -0.0246502073333334
184 -0.0230850073333334
185 -0.0222278073333334
186 -0.0242714073333334
187 -0.0238063073333334
188 -0.0245564073333334
189 -0.0211153073333334
190 -0.0163990073333334
191 -0.0160196073333334
192 -0.0172582073333334
193 -0.0159394073333334
194 -0.0136563073333334
195 -0.0113814073333334
196 -0.0114417073333334
197 -0.0114197073333334
198 -0.0079209073333334
199 -0.0058310073333334
200 -0.0061681073333334
201 -0.0027966073333334
202 -0.0062477073333334
203 -0.0058671073333334
204 -0.0052337073333334
205 -0.0092932073333334
206 -0.0102767073333334
207 -0.0112844073333334
208 -0.0110846073333334
209 -0.0106870073333334
210 -0.0138892073333334
211 -0.0166373073333334
212 -0.0162913073333334
213 -0.0185360073333334
214 -0.0202447073333334
215 -0.0218497073333334
216 -0.0185701073333334
217 -0.0215177073333334
218 -0.0212623073333334
219 -0.0220146073333334
220 -0.0228116073333334
221 -0.0233112073333334
222 -0.0245847073333334
223 -0.0238496073333334
224 -0.0253798073333334
225 -0.0240078073333334
226 -0.0231694073333334
227 -0.0277624073333334
228 -0.0284698073333334
229 -0.0275399073333334
230 -0.0299836073333334
231 -0.0282355073333334
232 -0.0277109073333334
233 -0.0296604073333334
234 -0.0278160073333334
235 -0.0263726073333334
236 -0.0276735073333334
237 -0.0239861073333334
238 -0.0206929073333334
239 -0.0221829073333334
240 -0.0237813073333334
241 -0.0238830073333334
242 -0.0224635073333334
243 -0.0271444073333334
244 -0.0288043073333334
245 -0.0309628073333334
246 -0.0313575073333334
247 -0.0279530073333334
248 -0.0287999073333334
249 -0.0274960073333334
250 -0.0305273073333334
251 -0.0303797073333334
252 -0.0282470073333334
253 -0.0307622073333334
254 -0.0311128073333334
255 -0.0280764073333334
256 -0.0290220073333334
257 -0.0291472073333334
258 -0.0304771073333334
259 -0.0315954073333334
260 -0.0319248073333334
261 -0.0317051073333334
262 -0.0303830073333334
263 -0.0278072073333334
264 -0.0279930073333334
265 -0.0287086073333334
266 -0.0311605073333334
267 -0.0324143073333334
268 -0.0314203073333334
269 -0.0321677073333334
270 -0.0353046073333334
271 -0.0391359073333334
272 -0.0410622073333334
273 -0.0423272073333334
274 -0.0431157073333334
275 -0.0429434073333334
276 -0.0443232073333334
277 -0.0460684073333334
278 -0.0462908073333334
279 -0.0470003073333334
280 -0.0473471073333334
281 -0.0485147073333334
282 -0.0489687073333334
283 -0.0495995073333334
284 -0.0510023073333334
285 -0.0509109073333334
286 -0.0514387073333334
287 -0.0524291073333334
288 -0.0524023073333334
289 -0.0529939073333334
290 -0.0535957073333334
291 -0.0533473073333334
292 -0.0534762073333334
293 -0.0535520073333334
294 -0.0539229073333334
295 -0.0543552073333334
296 -0.0550508073333334
297 -0.0558174073333334
298 -0.0563616073333334
299 -0.0562725073333334
300 -0.0557924073333334
301 -0.0557067073333334
302 -0.0554484073333334
303 -0.0547765073333334
304 -0.0545064073333334
305 -0.0546984073333334
306 -0.0545152073333334
307 -0.0547822073333334
308 -0.0545079073333334
309 -0.0538193073333334
310 -0.0532092073333334
311 -0.0522165073333334
312 -0.0510870073333334
313 -0.0504528073333334
314 -0.0498178073333334
315 -0.0504044073333334
316 -0.0498133073333334
317 -0.0481810073333334
318 -0.0477048073333334
319 -0.0481308073333334
320 -0.0487838073333334
321 -0.0491352073333334
322 -0.0473431073333334
323 -0.0455585073333334
324 -0.0447613073333334
325 -0.0439497073333334
326 -0.0426471073333334
327 -0.0399063073333334
328 -0.0374019073333334
329 -0.0348091073333334
330 -0.0334877073333334
331 -0.0319376073333334
332 -0.0313272073333334
333 -0.0290201073333334
334 -0.0244707073333334
335 -0.0202320073333334
336 -0.0201389073333334
337 -0.0208502073333334
338 -0.0215859073333334
339 -0.0201944073333334
340 -0.0211744073333334
341 -0.0187215073333334
342 -0.0201370073333334
343 -0.0198272073333334
344 -0.0210822073333334
345 -0.0223274073333334
346 -0.0259860073333334
347 -0.0295145073333334
348 -0.0299297073333334
349 -0.0330376073333334
350 -0.0348647073333334
351 -0.0352276073333334
352 -0.0351789073333334
353 -0.0344499073333334
354 -0.0350196073333334
355 -0.0356128073333334
356 -0.0364531073333334
357 -0.0371079073333334
358 -0.0378659073333334
359 -0.0391687073333334
360 -0.0392468073333334
361 -0.0396547073333334
362 -0.0396255073333334
363 -0.0419424073333334
364 -0.0447349073333334
365 -0.0450293073333334
366 -0.0461381073333334
367 -0.0459391073333334
368 -0.0448133073333334
369 -0.0454614073333334
370 -0.0438521073333334
371 -0.0433600073333334
372 -0.0409112073333334
373 -0.0375655073333334
374 -0.0381684073333334
375 -0.0378911073333334
376 -0.0375402073333334
377 -0.0379162073333334
378 -0.0351382073333334
379 -0.0330379073333334
380 -0.0295738073333334
381 -0.0266423073333334
382 -0.0291499073333334
383 -0.0277615073333334
384 -0.0272754073333334
385 -0.0239502073333334
386 -0.0214107073333334
387 -0.0173915073333334
388 -0.0156139073333334
389 -0.0109274073333334
390 -0.0052055073333334
391 0.0043399926666666
392 0.0044696926666666
393 0.0052658926666666
394 0.0084800926666666
395 0.0090486926666666
396 0.0178675926666666
397 0.0159605926666666
398 0.0144756926666666
399 0.0167749926666666
400 0.0127958926666666
401 0.0039359926666666
402 0.0018032926666666
403 0.0025460926666666
404 0.0032791926666666
405 0.0088402926666666
406 0.0096453926666666
407 0.0114391926666666
408 0.0121362926666666
409 0.0150847926666666
410 0.0221410926666666
411 0.0235965926666666
412 0.0290516926666666
413 0.0243878926666666
414 0.0229129926666666
415 0.0203338926666666
416 0.0123831926666666
417 0.0164026926666666
418 0.0162505926666666
419 0.0104681926666666
420 0.0105042926666666
421 0.0037196926666666
422 -0.0017638073333334
423 -0.0021383073333334
424 -0.0037011073333334
425 -0.0036289073333334
426 -0.0005179073333334
427 -0.0051410073333334
428 -0.0042275073333334
429 -0.0061722073333334
430 -0.0076719073333334
431 -0.0072736073333334
432 -0.0066735073333334
433 -0.0073474073333334
434 -0.0059959073333334
435 -0.0106283073333334
436 -0.0135717073333334
437 -0.0171315073333334
438 -0.0205177073333334
439 -0.0200985073333334
440 -0.0207267073333334
441 -0.0228918073333334
442 -0.0229377073333334
443 -0.0259453073333334
444 -0.0249484073333334
445 -0.0270587073333334
446 -0.0281213073333334
447 -0.0293042073333334
448 -0.0320950073333334
449 -0.0337920073333334
450 -0.0315999073333334
451 -0.0302293073333334
452 -0.0303193073333334
453 -0.0308341073333334
454 -0.0300260073333334
455 -0.0277873073333334
456 -0.0287010073333334
457 -0.0291909073333334
458 -0.0278815073333334
459 -0.0225992073333334
460 -0.0208028073333334
461 -0.0220992073333334
462 -0.0209753073333334
463 -0.0131663073333334
464 -0.0107029073333334
465 -0.0050003073333334
466 -0.0031263073333334
467 -0.0054746073333334
468 -0.0059205073333334
469 -0.0055961073333334
470 -0.0002412073333334
471 -0.0025599073333334
472 -0.0031764073333334
473 -0.0007180073333334
474 -0.0019160073333334
475 0.0050489926666666
476 0.0072818926666666
477 0.0045804926666666
478 0.0100557926666666
479 0.0131530926666666
480 0.0085731926666666
481 0.0021344926666666
482 0.0019193926666666
483 0.0048098926666666
484 0.0027674926666666
485 0.0030282926666666
486 -0.0013791073333334
487 -0.0054789073333334
488 -0.0032539073333334
489 -0.0058499073333334
490 -0.0068650073333334
491 -0.0111404073333334
492 -0.0099156073333334
493 -0.0077056073333334
494 -0.0131771073333334
495 -0.0143240073333334
496 -0.0136363073333334
497 -0.0162260073333334
498 -0.0146449073333334
499 -0.0171581073333334
500 -0.0169105073333334
501 -0.0191566073333334
502 -0.0213727073333334
503 -0.0226581073333334
504 -0.0251731073333334
505 -0.0264134073333334
506 -0.0276362073333334
507 -0.0310355073333334
508 -0.0291653073333334
509 -0.0296583073333334
510 -0.0282463073333334
511 -0.0263795073333334
512 -0.0231655073333334
513 -0.0175830073333334
514 -0.0158664073333334
515 -0.0133697073333334
516 -0.0159575073333334
517 -0.0157039073333334
518 -0.0129673073333334
519 -0.0073627073333334
520 -0.0127700073333334
521 -0.0150743073333334
522 -0.0151610073333334
523 -0.0154163073333334
524 -0.0161094073333334
525 -0.0156626073333334
526 -0.0155111073333334
527 -0.0124763073333334
528 -0.0138856073333334
529 -0.0163003073333334
530 -0.0195363073333334
531 -0.0212993073333334
532 -0.0250135073333334
533 -0.0264670073333334
534 -0.0294268073333334
535 -0.0303225073333334
536 -0.0267404073333334
537 -0.0252336073333334
538 -0.0278812073333334
539 -0.0248187073333334
540 -0.0256157073333334
541 -0.0243133073333334
542 -0.0271965073333334
543 -0.0277130073333334
544 -0.0259386073333334
545 -0.0250201073333334
546 -0.0249500073333334
547 -0.0267810073333334
548 -0.0213730073333334
549 -0.0169994073333334
550 -0.0162000073333334
551 -0.0124734073333334
552 -0.0041636073333334
553 -0.0027213073333334
554 -0.0033673073333334
555 0.0030983926666666
556 -0.0000541073333334
557 -0.0026098073333334
558 0.0013913926666666
559 0.0012743926666666
560 -0.0021852073333334
561 -0.0025767073333334
562 -0.0018509073333334
563 -0.0037726073333334
564 -0.0004087073333334
565 0.0038582926666666
566 -0.0014694073333334
567 -0.0001235073333334
568 -0.0048644073333334
569 -0.0011800073333334
570 -0.0001107073333334
571 -0.0017695073333334
572 -0.0014809073333334
573 -0.0022129073333334
574 -0.0057838073333334
575 -0.0078951073333334
576 -0.0061480073333334
577 -0.0104478073333334
578 -0.0105955073333334
579 -0.0127154073333334
580 -0.0147727073333334
581 -0.0143804073333334
582 -0.0161044073333334
583 -0.0156459073333334
584 -0.0153079073333334
585 -0.0170943073333334
586 -0.0168249073333334
587 -0.0172224073333334
588 -0.0118955073333334
589 -0.0157581073333334
590 -0.0201986073333334
591 -0.0202688073333334
592 -0.0170285073333334
593 -0.0192548073333334
594 -0.0182875073333334
595 -0.0198547073333334
596 -0.0214008073333334
597 -0.0207942073333334
598 -0.0226485073333334
599 -0.0240476073333334
600 -0.0241937073333334
1 -0.0038339073333334
2 -0.0079609073333334
3 -0.0053547073333334
4 -0.0043130073333334
5 -0.0076511073333334
6 -0.0089186073333334
7 -0.0103510073333334
8 -0.0088339073333334
9 -0.0068218073333334
10 -0.0040966073333334
11 -0.0041569073333334
12 -0.0041771073333334
13 -0.0053379073333334
14 -0.0045610073333334
15 -0.0025746073333334
16 -0.0011615073333334
17 0.0014351926666666
18 0.0005716926666666
19 -0.0014686073333334
20 -0.0008227073333334
21 0.0025691926666666
22 0.0035264926666666
23 0.0032437926666666
24 0.0019814926666666
25 -0.0025600073333334
26 -0.0087407073333334
27 -0.0094782073333334
28 -0.0074669073333334
29 -0.0159174073333334
30 -0.0182887073333334
31 -0.0185215073333334
32 -0.0192554073333334
33 -0.0199374073333334
34 -0.0229065073333334
35 -0.0207729073333334
36 -0.0205281073333334
37 -0.0213388073333334
38 -0.0249327073333334
39 -0.0238613073333334
40 -0.0229237073333334
41 -0.0262597073333334
42 -0.0277852073333334
43 -0.0249830073333334
44 -0.0233226073333334
45 -0.0238691073333334
46 -0.0222706073333334
47 -0.0216356073333334
48 -0.0214824073333334
49 -0.0241555073333334
50 -0.0229361073333334
51 -0.0222957073333334
52 -0.0216584073333334
53 -0.0245040073333334
54 -0.0242243073333334
55 -0.0247189073333334
56 -0.0247619073333334
57 -0.0257357073333334
58 -0.0266527073333334
59 -0.0229709073333334
60 -0.0226656073333334
61 -0.0222937073333334
62 -0.0206812073333334
63 -0.0192240073333334
64 -0.0186431073333334
65 -0.0180320073333334
66 -0.0207168073333334
67 -0.0204329073333334
68 -0.0176699073333334
69 -0.0165562073333334
70 -0.0177597073333334
71 -0.0175491073333334
72 -0.0175461073333334
73 -0.0171867073333334
74 -0.0114120073333334
75 -0.0133112073333334
76 -0.0204426073333334
77 -0.0238915073333334
78 -0.0237353073333334
79 -0.0273979073333334
80 -0.0321509073333334
81 -0.0306353073333334
82 -0.0311982073333334
83 -0.0350180073333334
84 -0.0360668073333334
85 -0.0364806073333334
86 -0.0347800073333334
87 -0.0333239073333334
88 -0.0355912073333334
89 -0.0345048073333334
90 -0.0335777073333334
91 -0.0344431073333334
92 -0.0338600073333334
93 -0.0354238073333334
94 -0.0344386073333334
95 -0.0304833073333334
96 -0.0295630073333334
97 -0.0223919073333334
98 -0.0234294073333334
99 -0.0201140073333334
100 -0.0184656073333334
101 -0.0168563073333334
102 -0.0158903073333334
103 -0.0153204073333334
104 -0.0145504073333334
105 -0.0158098073333334
106 -0.0126601073333334
107 -0.0081782073333334
108 -0.0060995073333334
109 -0.0034887073333334
110 -0.0015786073333334
111 -0.0030942073333334
112 -0.0052433073333334
113 -0.0042366073333334
114 -0.0052973073333334
115 -0.0066296073333334
116 -0.0107994073333334
117 -0.0083479073333334
118 -0.0061789073333334
119 -0.0065940073333334
120 -0.0062215073333334
121 -0.0114014073333334
122 -0.0088460073333334
123 -0.0138825073333334
124 -0.0168325073333334
125 -0.0145900073333334
126 -0.0128629073333334
127 -0.0168144073333334
128 -0.0188662073333334
129 -0.0199738073333334
130 -0.0114191073333334
131 -0.0069884073333334
132 -0.0022905073333334
133 -0.0036139073333334
134 0.0011617926666666
135 0.0117069926666666
136 0.0141489926666666
137 0.0080883926666666
138 0.0105057926666666
139 0.0106825926666666
140 0.0101572926666666
141 0.0042784926666666
142 0.0025736926666666
143 0.0029678926666666
144 0.0026361926666666
145 -0.0003527073333334
146 -0.0044241073333334
147 -0.0022888073333334
148 -0.0021930073333334
149 -0.0060076073333334
150 -0.0076956073333334
151 -0.0106641073333334
152 -0.0127267073333334
153 -0.0136936073333334
154 -0.0135445073333334
155 -0.0167913073333334
156 -0.0199481073333334
157 -0.0242856073333334
158 -0.0253626073333334
159 -0.0228377073333334
160 -0.0226379073333334
161 -0.0217721073333334
162 -0.0253854073333334
163 -0.0240266073333334
164 -0.0219425073333334
165 -0.0206519073333334
166 -0.0227254073333334
167 -0.0224892073333334
168 -0.0196209073333334
169 -0.0193198073333334
170 -0.0195038073333334
171 -0.0163521073333334
172 -0.0119386073333334
173 -0.0121119073333334
174 -0.0128774073333334
175 -0.0110970073333334
176 -0.0095079073333334
177 -0.0126855073333334
178 -0.0081843073333334
179 -0.0045433073333334
180 -0.0069755073333334
181 -0.0056409073333334
182 -0.0079615073333334
183 -0.0047671073333334
184 -0.0004263073333334
185 -0.0055211073333334
186 -0.0110789073333334
187 -0.0095265073333334
188 -0.0076175073333334
189 -0.0121246073333334
190 -0.0144327073333334
191 -0.0169325073333334
192 -0.0175565073333334
193 -0.0186880073333334
194 -0.0199126073333334
195 -0.0220391073333334
196 -0.0182657073333334
197 -0.0172478073333334
198 -0.0149673073333334
199 -0.0154308073333334
200 -0.0213061073333334
201 -0.0229854073333334
202 -0.0236832073333334
203 -0.0217157073333334
204 -0.0207634073333334
205 -0.0181494073333334
206 -0.0186595073333334
207 -0.0148570073333334
208 -0.0130499073333334
209 -0.0144818073333334
210 -0.0104798073333334
211 -0.0037497073333334
212 0.0017267926666666
213 -0.0001581073333334
214 0.0016526926666666
215 0.0053979926666666
216 0.0077999926666666
217 0.0059376926666666
218 0.0089859926666666
219 0.0085031926666666
220 0.0102564926666666
221 0.0045198926666666
222 0.0061915926666666
223 0.0059137926666666
224 -0.0006000073333334
225 0.0044526926666666
226 0.0026840926666666
227 -0.0018594073333334
228 0.0015675926666666
229 -0.0005960073333334
230 -0.0051208073333334
231 -0.0038091073333334
232 -0.0041707073333334
233 -0.0082005073333334
234 -0.0091464073333334
235 -0.0045934073333334
236 -0.0061335073333334
237 -0.0085165073333334
238 -0.0056351073333334
239 -0.0036522073333334
240 -0.0047486073333334
241 -0.0052390073333334
242 -0.0004230073333334
243 -0.0000790073333334
244 -0.0005256073333334
245 -0.0036182073333334
246 -0.0067649073333334
247 -0.0105896073333334
248 -0.0121013073333334
249 -0.0106369073333334
250 -0.0077985073333334
251 -0.0079752073333334
252 -0.0058851073333334
253 -0.0125634073333334
254 -0.0101182073333334
255 -0.0085664073333334
256 -0.0111193073333334
257 -0.0087658073333334
258 -0.0118004073333334
259 -0.0172947073333334
260 -0.0176692073333334
261 -0.0223117073333334
262 -0.0241201073333334
263 -0.0213410073333334
264 -0.0202071073333334
265 -0.0209905073333334
266 -0.0170751073333334
267 -0.0122366073333334
268 -0.0138870073333334
269 -0.0143080073333334
270 -0.0120046073333334
271 -0.0130706073333334
272 -0.0134286073333334
273 -0.0128300073333334
274 -0.0126018073333334
275 -0.0116612073333334
276 -0.0131824073333334
277 -0.0162843073333334
278 -0.0191724073333334
279 -0.0190306073333334
280 -0.0201583073333334
281 -0.0177202073333334
282 -0.0126012073333334
283 -0.0137546073333334
284 -0.0153632073333334
285 -0.0102949073333334
286 -0.0131632073333334
287 -0.0112907073333334
288 -0.0041116073333334
289 -0.0055507073333334
290 -0.0052512073333334
291 -0.0057355073333334
292 -0.0014247073333334
293 -0.0012959073333334
294 -0.0022721073333334
295 0.0037877926666666
296 -0.0013485073333334
297 -0.0023971073333334
298 -0.0031639073333334
299 -0.0027461073333334
300 -0.0030171073333334
301 -0.0047513073333334
302 -0.0003343073333334
303 0.0013202926666666
304 0.0010687926666666
305 0.0054793926666666
306 -0.0020743073333334
307 -0.0002457073333334
308 0.0018344926666666
309 -0.0011755073333334
310 0.0000102926666666
311 -0.0007876073333334
312 0.0008075926666666
313 0.0032936926666666
314 0.0003677926666666
315 -0.0034377073333334
316 -0.0074955073333334
317 -0.0088345073333334
318 -0.0070792073333334
319 -0.0085648073333334
320 -0.0112039073333334
321 -0.0103174073333334
322 -0.0097006073333334
323 -0.0167953073333334
324 -0.0167256073333334
325 -0.0179402073333334
326 -0.0246563073333334
327 -0.0247872073333334
328 -0.0211880073333334
329 -0.0233354073333334
330 -0.0219350073333334
331 -0.0205199073333334
332 -0.0229269073333334
333 -0.0202744073333334
334 -0.0155529073333334
335 -0.0168039073333334
336 -0.0143067073333334
337 -0.0144142073333334
338 -0.0155051073333334
339 -0.0114755073333334
340 -0.0042802073333334
341 -0.0027192073333334
342 -0.0009273073333334
343 -0.0030705073333334
344 -0.0030095073333334
345 -0.0038877073333334
346 -0.0051110073333334
347 -0.0070780073333334
348 -0.0001667073333334
349 -0.0030368073333334
350 -0.0093947073333334
351 -0.0097675073333334
352 -0.0099242073333334
353 -0.0093123073333334
354 -0.0167571073333334
355 -0.0147887073333334
356 -0.0147792073333334
357 -0.0190969073333334
358 -0.0214925073333334
359 -0.0200070073333334
360 -0.0198349073333334
361 -0.0256321073333334
362 -0.0269763073333334
363 -0.0283656073333334
364 -0.0299584073333334
365 -0.0306822073333334
366 -0.0338619073333334
367 -0.0347735073333334
368 -0.0338967073333334
369 -0.0345129073333334
370 -0.0367659073333334
371 -0.0384023073333334
372 -0.0390854073333334
373 -0.0418902073333334
374 -0.0416302073333334
375 -0.0386852073333334
376 -0.0384868073333334
377 -0.0366009073333334
378 -0.0361091073333334
379 -0.0375051073333334
380 -0.0362225073333334
381 -0.0322061073333334
382 -0.0302353073333334
383 -0.0265092073333334
384 -0.0256720073333334
385 -0.0253974073333334
386 -0.0251817073333334
387 -0.0215691073333334
388 -0.0195314073333334
389 -0.0176598073333334
390 -0.0139694073333334
391 -0.0139620073333334
392 -0.0118654073333334
393 -0.0116195073333334
394 -0.0092458073333334
395 -0.0078916073333334
396 -0.0133873073333334
397 -0.0121066073333334
398 -0.0119157073333334
399 -0.0143516073333334
400 -0.0178693073333334
401 -0.0162725073333334
402 -0.0143230073333334
403 -0.0178330073333334
404 -0.0210777073333334
405 -0.0237258073333334
406 -0.0239514073333334
407 -0.0252100073333334
408 -0.0280095073333334
409 -0.0249857073333334
410 -0.0260265073333334
411 -0.0236317073333334
412 -0.0261194073333334
413 -0.0271394073333334
414 -0.0261708073333334
415 -0.0238396073333334
416 -0.0244246073333334
417 -0.0204996073333334
418 -0.0177214073333334
419 -0.0151770073333334
420 -0.0183247073333334
421 -0.0152793073333334
422 -0.0114362073333334
423 -0.0091646073333334
424 -0.0083561073333334
425 -0.0104596073333334
426 -0.0096067073333334
427 -0.0108396073333334
428 -0.0132445073333334
429 -0.0164541073333334
430 -0.0148693073333334
431 -0.0134355073333334
432 -0.0168170073333334
433 -0.0140804073333334
434 -0.0108304073333334
435 -0.0131469073333334
436 -0.0176865073333334
437 -0.0189368073333334
438 -0.0186916073333334
439 -0.0177651073333334
440 -0.0207199073333334
441 -0.0193656073333334
442 -0.0198711073333334
443 -0.0157219073333334
444 -0.0158203073333334
445 -0.0183223073333334
446 -0.0206609073333334
447 -0.0202016073333334
448 -0.0202337073333334
449 -0.0204782073333334
450 -0.0233096073333334
451 -0.0219076073333334
452 -0.0202156073333334
453 -0.0185623073333334
454 -0.0239585073333334
455 -0.0228914073333334
456 -0.0239504073333334
457 -0.0224770073333334
458 -0.0202632073333334
459 -0.0177679073333334
460 -0.0122336073333334
461 -0.0105387073333334
462 -0.0110887073333334
463 -0.0133256073333334
464 -0.0137892073333334
465 -0.0131488073333334
466 -0.0163446073333334
467 -0.0175829073333334
468 -0.0195890073333334
469 -0.0214163073333334
470 -0.0237028073333334
471 -0.0254211073333334
472 -0.0268398073333334
473 -0.0268822073333334
474 -0.0278605073333334
475 -0.0269554073333334
476 -0.0280520073333334
477 -0.0256761073333334
478 -0.0271697073333334
479 -0.0289495073333334
480 -0.0282975073333334
481 -0.0262808073333334
482 -0.0282045073333334
483 -0.0324522073333334
484 -0.0307719073333334
485 -0.0290230073333334
486 -0.0301269073333334
487 -0.0289904073333334
488 -0.0313206073333334
489 -0.0325718073333334
490 -0.0334358073333334
491 -0.0317279073333334
492 -0.0328095073333334
493 -0.0315912073333334
494 -0.0288555073333334
495 -0.0275975073333334
496 -0.0290943073333334
497 -0.0288500073333334
498 -0.0290679073333334
499 -0.0313741073333334
500 -0.0283956073333334
501 -0.0249194073333334
502 -0.0183772073333334
503 -0.0122535073333334
504 -0.0081278073333334
505 -0.0130509073333334
506 -0.0136255073333334
507 -0.0150327073333334
508 -0.0117356073333334
509 -0.0109563073333334
510 -0.0093700073333334
511 -0.0035065073333334
512 -0.0020261073333334
513 -0.0004682073333334
514 -0.0026723073333334
515 -0.0055205073333334
516 -0.0084711073333334
517 -0.0040517073333334
518 0.0024941926666666
519 0.0021595926666666
520 0.0005132926666666
521 0.0084001926666666
522 0.0074562926666666
523 0.0036376926666666
524 0.0042380926666666
525 0.0075356926666666
526 0.0053756926666666
527 0.0009387926666666
528 -0.0017901073333334
529 -0.0030336073333334
530 0.0035238926666666
531 0.0017196926666666
532 -0.0017407073333334
533 -0.0033758073333334
534 0.0039624926666666
535 0.0123774926666666
536 0.0142447926666666
537 0.0063606926666666
538 0.0046032926666666
539 -0.0018979073333334
540 -0.0029045073333334
541 -0.0001167073333334
542 -0.0004221073333334
543 -0.0024038073333334
544 -0.0015774073333334
545 -0.0051494073333334
546 -0.0089837073333334
547 -0.0127542073333334
548 -0.0153432073333334
549 -0.0209620073333334
550 -0.0199845073333334
551 -0.0223807073333334
552 -0.0224857073333334
553 -0.0258100073333334
554 -0.0250458073333334
555 -0.0227815073333334
556 -0.0229410073333334
557 -0.0264300073333334
558 -0.0232993073333334
559 -0.0238049073333334
560 -0.0170649073333334
561 -0.0155507073333334
562 -0.0135691073333334
563 -0.0118726073333334
564 -0.0171543073333334
565 -0.0149656073333334
566 -0.0156065073333334
567 -0.0126871073333334
568 -0.0096750073333334
569 -0.0114388073333334
570 -0.0084347073333334
571 -0.0053728073333334
572 -0.0071967073333334
573 -0.0068640073333334
574 -0.0068971073333334
575 -0.0048544073333334
576 -0.0081838073333334
577 -0.0066237073333334
578 -0.0066578073333334
579 -0.0055076073333334
580 -0.0056329073333334
581 -0.0040440073333334
582 -0.0025669073333334
583 -0.0040961073333334
584 -0.0012156073333334
585 0.0021655926666666
586 0.0033007926666666
587 0.0022169926666666
588 -0.0012940073333334
589 -0.0080536073333334
590 -0.0063434073333334
591 -0.0096763073333334
592 -0.0063313073333334
593 -0.0023917073333334
594 -0.0008129073333334
595 0.0008384926666666
596 0.0008134926666666
597 0.0033153926666666
598 -0.0040023073333334
599 -0.0071502073333334
600 -0.0056452073333334
1 -0.0123370073333334
2 -0.0100543073333334
3 -0.0078292073333334
4 -0.0118059073333334
5 -0.0113411073333334
6 -0.0146175073333334
7 -0.0138551073333334
8 -0.0154253073333334
9 -0.0171172073333334
10 -0.0176811073333334
11 -0.0151917073333334
12 -0.0144019073333334
13 -0.0148439073333334
14 -0.0105155073333334
15 -0.0082237073333334
16 0.0015880926666666
17 -0.0000849073333334
18 -0.0016234073333334
19 0.0060993926666666
20 0.0094518926666666
21 0.0094116926666666
22 0.0117363926666666
23 0.0166543926666666
24 0.0155635926666666
25 0.0144985926666666
26 0.0193410926666666
27 0.0252762926666666
28 0.0345014926666666
29 0.0394087926666666
30 0.0388252926666666
31 0.0434065926666666
32 0.0334881926666666
33 0.0379650926666666
34 0.0364505926666666
35 0.0365486926666666
36 0.0437423926666666
37 0.0379559926666666
38 0.0244030926666666
39 0.0226571926666666
40 0.0315621926666666
41 0.0347550926666666
42 0.0362286926666666
43 0.0445250926666666
44 0.0474603926666666
45 0.0496340926666666
46 0.0474504926666666
47 0.0410614926666666
48 0.0459850926666666
49 0.0434840926666666
50 0.0394990926666666
51 0.0384489926666666
52 0.0298296926666666
53 0.0453314926666666
54 0.0416137926666666
55 0.0447588926666666
56 0.0448733926666666
57 0.0440451926666666
58 0.0466770926666666
59 0.0527314926666666
60 0.0494988926666666
61 0.0500978926666666
62 0.0504223926666666
63 0.0486926926666666
64 0.0380884926666666
65 0.0422069926666666
66 0.0433722926666666
67 0.0294400926666666
68 0.0298346926666666
69 0.0301104926666666
70 0.0282514926666666
71 0.0302547926666666
72 0.0295971926666666
73 0.0335868926666666
74 0.0357479926666666
75 0.0402824926666666
76 0.0379958926666666
77 0.0367658926666666
78 0.0287961926666666
79 0.0353600926666666
80 0.0395980926666666
81 0.0386877926666666
82 0.0329707926666666
83 0.0402846926666666
84 0.0361945926666666
85 0.0318772926666666
86 0.0297615926666666
87 0.0202689926666666
88 0.0292246926666666
89 0.0317147926666666
90 0.0402770926666666
91 0.0432546926666666
92 0.0377623926666666
93 0.0396624926666666
94 0.0407073926666666
95 0.0471497926666666
96 0.0441553926666666
97 0.0427081926666666
98 0.0348984926666666
99 0.0323160926666666
100 0.0251528926666666
101 0.0190503926666666
102 0.0223421926666666
103 0.0181844926666666
104 0.0122069926666666
105 0.0084775926666666
106 0.0066710926666666
107 0.0099752926666666
108 0.0096167926666666
109 0.0099641926666666
110 0.0133811926666666
111 0.0079849926666666
112 0.0146283926666666
113 0.0103454926666666
114 0.0076976926666666
115 0.0108189926666666
116 0.0128561926666666
117 0.0108189926666666
118 -0.0037236073333334
119 -0.0089971073333334
120 -0.0054963073333334
121 -0.0060662073333334
122 -0.0115410073333334
123 -0.0094625073333334
124 -0.0140985073333334
125 -0.0165797073333334
126 -0.0207492073333334
127 -0.0189315073333334
128 -0.0208403073333334
129 -0.0239555073333334
130 -0.0218591073333334
131 -0.0232362073333334
132 -0.0252177073333334
133 -0.0259533073333334
134 -0.0278987073333334
135 -0.0259020073333334
136 -0.0223060073333334
137 -0.0207572073333334
138 -0.0197040073333334
139 -0.0188549073333334
140 -0.0190690073333334
141 -0.0173216073333334
142 -0.0167185073333334
143 -0.0183256073333334
144 -0.0160731073333334
145 -0.0125857073333334
146 -0.0087323073333334
147 -0.0068524073333334
148 -0.0115245073333334
149 -0.0046332073333334
150 -0.0027139073333334
151 -0.0058639073333334
152 -0.0060118073333334
153 -0.0073747073333334
154 -0.0119745073333334
155 -0.0148277073333334
156 -0.0135862073333334
157 -0.0143066073333334
158 -0.0135014073333334
159 -0.0123596073333334
160 -0.0139833073333334
161 -0.0129021073333334
162 -0.0145560073333334
163 -0.0217213073333334
164 -0.0165893073333334
165 -0.0163398073333334
166 -0.0155385073333334
167 -0.0127990073333334
168 -0.0110827073333334
169 -0.0116396073333334
170 -0.0089955073333334
171 -0.0051735073333334
172 -0.0012736073333334
173 -0.0002107073333334
174 0.0046616926666666
175 0.0046795926666666
176 0.0018110926666666
177 0.0028070926666666
178 0.0025774926666666
179 -0.0002387073333334
180 -0.0049582073333334
181 -0.0014781073333334
182 -0.0032871073333334
183 0.0010895926666666
184 0.0020089926666666
185 0.0012548926666666
186 0.0060115926666666
187 0.0027832926666666
188 -0.0024696073333334
189 -0.0078690073333334
190 -0.0030253073333334
191 -0.0080260073333334
192 -0.0077526073333334
193 -0.0066382073333334
194 -0.0047241073333334
195 -0.0125125073333334
196 -0.0132912073333334
197 -0.0146065073333334
198 -0.0104717073333334
199 -0.0118650073333334
200 -0.0179585073333334
201 -0.0133191073333334
202 -0.0131073073333334
203 -0.0105905073333334
204 -0.0160234073333334
205 -0.0186841073333334
206 -0.0170986073333334
207 -0.0161512073333334
208 -0.0148279073333334
209 -0.0160058073333334
210 -0.0152049073333334
211 -0.0142446073333334
212 -0.0174920073333334
213 -0.0206945073333334
214 -0.0187925073333334
215 -0.0211133073333334
216 -0.0182056073333334
217 -0.0193403073333334
218 -0.0179249073333334
219 -0.0155540073333334
220 -0.0152926073333334
221 -0.0180290073333334
222 -0.0186582073333334
223 -0.0222219073333334
224 -0.0229000073333334
225 -0.0215475073333334
226 -0.0218884073333334
227 -0.0228848073333334
228 -0.0211722073333334
229 -0.0216073073333334
230 -0.0228804073333334
231 -0.0217012073333334
232 -0.0209615073333334
233 -0.0223728073333334
234 -0.0194538073333334
235 -0.0164390073333334
236 -0.0129070073333334
237 -0.0122531073333334
238 -0.0193748073333334
239 -0.0182003073333334
240 -0.0152211073333334
241 -0.0148360073333334
242 -0.0083816073333334
243 -0.0059545073333334
244 -0.0050409073333334
245 0.0049469926666666
246 0.0011448926666666
247 0.0028357926666666
248 0.0067702926666666
249 0.0009503926666666
250 -0.0039038073333334
251 -0.0016075073333334
252 0.0017455926666666
253 0.0021866926666666
254 0.0043720926666666
255 0.0079785926666666
256 0.0051172926666666
257 0.0018450926666666
258 0.0026284926666666
259 0.0152414926666666
260 0.0041279926666666
261 0.0034554926666666
262 0.0082446926666666
263 0.0112490926666666
264 0.0100094926666666
265 0.0145525926666666
266 0.0164089926666666
267 0.0032694926666666
268 0.0009968926666666
269 0.0015515926666666
270 -0.0008814073333334
271 -0.0030919073333334
272 0.0010906926666666
273 0.0057160926666666
274 0.0072002926666666
275 0.0063958926666666
276 0.0053745926666666
277 0.0008981926666666
278 -0.0025948073333334
279 -0.0005030073333334
280 0.0008524926666666
281 -0.0015504073333334
282 -0.0073841073333334
283 -0.0110005073333334
284 -0.0161938073333334
285 -0.0100711073333334
286 -0.0061716073333334
287 -0.0064373073333334
288 -0.0060319073333334
289 -0.0113463073333334
290 -0.0098090073333334
291 -0.0065220073333334
292 -0.0050905073333334
293 -0.0057894073333334
294 -0.0048741073333334
295 -0.0044297073333334
296 -0.0095677073333334
297 -0.0060192073333334
298 -0.0089103073333334
299 -0.0112844073333334
300 -0.0039412073333334
301 0.0013530926666666
302 0.0030357926666666
303 0.0033273926666666
304 -0.0022372073333334
305 -0.0024893073333334
306 -0.0048607073333334
307 -0.0075770073333334
308 -0.0093844073333334
309 -0.0126145073333334
310 -0.0131920073333334
311 -0.0104878073333334
312 -0.0059911073333334
313 -0.0056408073333334
314 -0.0079078073333334
315 -0.0057335073333334
316 -0.0035930073333334
317 0.0044155926666666
318 0.0068865926666666
319 0.0090409926666666
320 0.0115104926666666
321 0.0151599926666666
322 0.0078010926666666
323 0.0070165926666666
324 0.0117716926666666
325 0.0086365926666666
326 0.0089973926666666
327 0.0037525926666666
328 0.0089338926666666
329 0.0151942926666666
330 0.0114946926666666
331 0.0205837926666666
332 0.0196698926666666
333 0.0148660926666666
334 0.0128795926666666
335 0.0092455926666666
336 0.0055722926666666
337 0.0015220926666666
338 0.0059662926666666
339 0.0038807926666666
340 0.0114211926666666
341 0.0116673926666666
342 0.0096256926666666
343 0.0085342926666666
344 0.0041697926666666
345 0.0022667926666666
346 -0.0037171073333334
347 -0.0081687073333334
348 -0.0086170073333334
349 -0.0115551073333334
350 -0.0123929073333334
351 -0.0154751073333334
352 -0.0191223073333334
353 -0.0240593073333334
354 -0.0250440073333334
355 -0.0269672073333334
356 -0.0260835073333334
357 -0.0273446073333334
358 -0.0279172073333334
359 -0.0295504073333334
360 -0.0292947073333334
361 -0.0296561073333334
362 -0.0290960073333334
363 -0.0290279073333334
364 -0.0286846073333334
365 -0.0257605073333334
366 -0.0220408073333334
367 -0.0196741073333334
368 -0.0175447073333334
369 -0.0155260073333334
370 -0.0134469073333334
371 -0.0142971073333334
372 -0.0108319073333334
373 -0.0062847073333334
374 -0.0099426073333334
375 -0.0102258073333334
376 -0.0127807073333334
377 -0.0140447073333334
378 -0.0176887073333334
379 -0.0199477073333334
380 -0.0215305073333334
381 -0.0264066073333334
382 -0.0277237073333334
383 -0.0279920073333334
384 -0.0274109073333334
385 -0.0278336073333334
386 -0.0296272073333334
387 -0.0315383073333334
388 -0.0308662073333334
389 -0.0298547073333334
390 -0.0305629073333334
391 -0.0309550073333334
392 -0.0314162073333334
393 -0.0319629073333334
394 -0.0305049073333334
395 -0.0332047073333334
396 -0.0351957073333334
397 -0.0362070073333334
398 -0.0368278073333334
399 -0.0387364073333334
400 -0.0397112073333334
401 -0.0409943073333334
402 -0.0432926073333334
403 -0.0445567073333334
404 -0.0439694073333334
405 -0.0422165073333334
406 -0.0419280073333334
407 -0.0428099073333334
408 -0.0441637073333334
409 -0.0433366073333334
410 -0.0427140073333334
411 -0.0443910073333334
412 -0.0443623073333334
413 -0.0436043073333334
414 -0.0429774073333334
415 -0.0435280073333334
416 -0.0435659073333334
417 -0.0425881073333334
418 -0.0432803073333334
419 -0.0424615073333334
420 -0.0421628073333334
421 -0.0432155073333334
422 -0.0428389073333334
423 -0.0430095073333334
424 -0.0421742073333334
425 -0.0414174073333334
426 -0.0414958073333334
427 -0.0399833073333334
428 -0.0393546073333334
429 -0.0380092073333334
430 -0.0369869073333334
431 -0.0336930073333334
432 -0.0318110073333334
433 -0.0346409073333334
434 -0.0329879073333334
435 -0.0325712073333334
436 -0.0321327073333334
437 -0.0307858073333334
438 -0.0309688073333334
439 -0.0323901073333334
440 -0.0308499073333334
441 -0.0304915073333334
442 -0.0278029073333334
443 -0.0248346073333334
444 -0.0229283073333334
445 -0.0214943073333334
446 -0.0180383073333334
447 -0.0163494073333334
448 -0.0176577073333334
449 -0.0190663073333334
450 -0.0202748073333334
451 -0.0216298073333334
452 -0.0190719073333334
453 -0.0172853073333334
454 -0.0147322073333334
455 -0.0136127073333334
456 -0.0171176073333334
457 -0.0161040073333334
458 -0.0169495073333334
459 -0.0184594073333334
460 -0.0202156073333334
461 -0.0205713073333334
462 -0.0200613073333334
463 -0.0222820073333334
464 -0.0277548073333334
465 -0.0320367073333334
466 -0.0307246073333334
467 -0.0327117073333334
468 -0.0356701073333334
469 -0.0368528073333334
470 -0.0386209073333334
471 -0.0410678073333334
472 -0.0417771073333334
473 -0.0425598073333334
474 -0.0431284073333334
475 -0.0440917073333334
476 -0.0449726073333334
477 -0.0454794073333334
478 -0.0449309073333334
479 -0.0452985073333334
480 -0.0459532073333334
481 -0.0456709073333334
482 -0.0454710073333334
483 -0.0456710073333334
484 -0.0446764073333334
485 -0.0439912073333334
486 -0.0434169073333334
487 -0.0431691073333334
488 -0.0434611073333334
489 -0.0433514073333334
490 -0.0444739073333334
491 -0.0440576073333334
492 -0.0436983073333334
493 -0.0435333073333334
494 -0.0438123073333334
495 -0.0447059073333334
496 -0.0453732073333334
497 -0.0450587073333334
498 -0.0454128073333334
499 -0.0458318073333334
500 -0.0458865073333334
501 -0.0459823073333334
502 -0.0464827073333334
503 -0.0453244073333334
504 -0.0445110073333334
505 -0.0442074073333334
506 -0.0442217073333334
507 -0.0432103073333334
508 -0.0420675073333334
509 -0.0404951073333334
510 -0.0387361073333334
511 -0.0382830073333334
512 -0.0355278073333334
513 -0.0344957073333334
514 -0.0320688073333334
515 -0.0285959073333334
516 -0.0273324073333334
517 -0.0222051073333334
518 -0.0213890073333334
519 -0.0203285073333334
520 -0.0154379073333334
521 -0.0115534073333334
522 -0.0107156073333334
523 -0.0155798073333334
524 -0.0152990073333334
525 -0.0155640073333334
526 -0.0163561073333334
527 -0.0105464073333334
528 -0.0070092073333334
529 -0.0084420073333334
530 -0.0065127073333334
531 -0.0038196073333334
532 -0.0034186073333334
533 0.0003314926666666
534 0.0038639926666666
535 0.0045100926666666
536 0.0028333926666666
537 0.0060714926666666
538 0.0084401926666666
539 0.0101609926666666
540 0.0090617926666666
541 0.0011726926666666
542 -0.0002082073333334
543 0.0032885926666666
544 0.0062397926666666
545 0.0093301926666666
546 0.0085880926666666
547 0.0041142926666666
548 0.0023714926666666
549 0.0016162926666666
550 -0.0016612073333334
551 -0.0076685073333334
552 -0.0109381073333334
553 -0.0089117073333334
554 -0.0088231073333334
555 -0.0098249073333334
556 -0.0130150073333334
557 -0.0127565073333334
558 -0.0128395073333334
559 -0.0158010073333334
560 -0.0167473073333334
561 -0.0132430073333334
562 -0.0196664073333334
563 -0.0195165073333334
564 -0.0203679073333334
565 -0.0223963073333334
566 -0.0209684073333334
567 -0.0204492073333334
568 -0.0217443073333334
569 -0.0213954073333334
570 -0.0208043073333334
571 -0.0221994073333334
572 -0.0242268073333334
573 -0.0262814073333334
574 -0.0285674073333334
575 -0.0277847073333334
576 -0.0287698073333334
577 -0.0298282073333334
578 -0.0323823073333334
579 -0.0343655073333334
580 -0.0352020073333334
581 -0.0366960073333334
582 -0.0360766073333334
583 -0.0366161073333334
584 -0.0375098073333334
585 -0.0379554073333334
586 -0.0369208073333334
587 -0.0362261073333334
588 -0.0371383073333334
589 -0.0384593073333334
590 -0.0381271073333334
591 -0.0400278073333334
592 -0.0408715073333334
593 -0.0422041073333334
594 -0.0433071073333334
595 -0.0427103073333334
596 -0.0399508073333334
597 -0.0414448073333334
598 -0.0380519073333334
599 -0.0336620073333334
600 -0.0324300073333334
1 -0.0060897073333334
2 -0.0020400073333334
3 -0.0051998073333334
4 -0.0087580073333334
5 -0.0140194073333334
6 -0.0103205073333334
7 -0.0064113073333334
8 -0.0056571073333334
9 -0.0050467073333334
10 -0.0018872073333334
11 -0.0010439073333334
12 -0.0012211073333334
13 -0.0054332073333334
14 -0.0056086073333334
15 -0.0067007073333334
16 -0.0123203073333334
17 -0.0099009073333334
18 -0.0105893073333334
19 -0.0150149073333334
20 -0.0175875073333334
21 -0.0143488073333334
22 -0.0132309073333334
23 -0.0127778073333334
24 -0.0087694073333334
25 -0.0073479073333334
26 -0.0063837073333334
27 -0.0068878073333334
28 -0.0013021073333334
29 -0.0060496073333334
30 -0.0007333073333334
31 -0.0001821073333334
32 0.0011237926666666
33 -0.0005483073333334
34 0.0011410926666666
35 0.0028951926666666
36 0.0032705926666666
37 0.0026936926666666
38 0.0056959926666666
39 0.0046961926666666
40 0.0039252926666666
41 0.0068122926666666
42 0.0039900926666666
43 0.0024952926666666
44 0.0038724926666666
45 0.0045636926666666
46 0.0113928926666666
47 0.0095843926666666
48 0.0194056926666666
49 0.0192328926666666
50 0.0156825926666666
51 0.0088179926666666
52 0.0097394926666666
53 0.0113986926666666
54 0.0152555926666666
55 0.0111667926666666
56 0.0090143926666666
57 -0.0000637073333334
58 -0.0063349073333334
59 -0.0055863073333334
60 -0.0052509073333334
61 -0.0086592073333334
62 -0.0126155073333334
63 -0.0179222073333334
64 -0.0221182073333334
65 -0.0217050073333334
66 -0.0227629073333334
67 -0.0200887073333334
68 -0.0197511073333334
69 -0.0248319073333334
70 -0.0248188073333334
71 -0.0248493073333334
72 -0.0224243073333334
73 -0.0239177073333334
74 -0.0212976073333334
75 -0.0213495073333334
76 -0.0149394073333334
77 -0.0129614073333334
78 -0.0125078073333334
79 -0.0135975073333334
80 -0.0201396073333334
81 -0.0165709073333334
82 -0.0134468073333334
83 -0.0136974073333334
84 -0.0125176073333334
85 -0.0123549073333334
86 -0.0155574073333334
87 -0.0135397073333334
88 -0.0108690073333334
89 -0.0141442073333334
90 -0.0147667073333334
91 -0.0161363073333334
92 -0.0136770073333334
93 -0.0098841073333334
94 -0.0140228073333334
95 -0.0155592073333334
96 -0.0117916073333334
97 -0.0154455073333334
98 -0.0153814073333334
99 -0.0148677073333334
100 -0.0173735073333334
101 -0.0157360073333334
102 -0.0177161073333334
103 -0.0162527073333334
104 -0.0197654073333334
105 -0.0123636073333334
106 -0.0108751073333334
107 -0.0074079073333334
108 -0.0010571073333334
109 0.0015699926666666
110 0.0010130926666666
111 0.0040039926666666
112 -0.0043865073333334
113 -0.0016755073333334
114 0.0040436926666666
115 0.0029595926666666
116 0.0031278926666666
117 0.0045550926666666
118 0.0064052926666666
119 0.0034417926666666
120 0.0038790926666666
121 0.0078213926666666
122 0.0065533926666666
123 0.0112235926666666
124 0.0111876926666666
125 0.0144261926666666
126 0.0040604926666666
127 0.0013446926666666
128 0.0008193926666666
129 0.0011677926666666
130 -0.0017279073333334
131 0.0019923926666666
132 0.0042657926666666
133 -0.0007883073333334
134 -0.0077589073333334
135 -0.0090144073333334
136 -0.0142397073333334
137 -0.0162036073333334
138 -0.0165647073333334
139 -0.0196632073333334
140 -0.0204494073333334
141 -0.0217335073333334
142 -0.0259119073333334
143 -0.0232079073333334
144 -0.0227053073333334
145 -0.0226690073333334
146 -0.0180629073333334
147 -0.0161651073333334
148 -0.0167703073333334
149 -0.0129035073333334
150 -0.0112159073333334
151 -0.0064520073333334
152 -0.0061165073333334
153 -0.0054427073333334
154 -0.0040344073333334
155 -0.0081832073333334
156 -0.0085671073333334
157 -0.0079363073333334
158 -0.0104419073333334
159 -0.0133698073333334
160 -0.0140148073333334
161 -0.0097928073333334
162 -0.0086151073333334
163 -0.0146051073333334
164 -0.0150386073333334
165 -0.0172255073333334
166 -0.0143128073333334
167 -0.0167618073333334
168 -0.0169649073333334
169 -0.0166977073333334
170 -0.0158604073333334
171 -0.0176921073333334
172 -0.0200419073333334
173 -0.0215247073333334
174 -0.0215731073333334
175 -0.0244902073333334
176 -0.0256482073333334
177 -0.0252038073333334
178 -0.0253749073333334
179 -0.0274998073333334
180 -0.0287301073333334
181 -0.0276377073333334
182 -0.0289860073333334
183 -0.0274257073333334
184 -0.0252954073333334
185 -0.0267601073333334
186 -0.0249566073333334
187 -0.0230801073333334
188 -0.0253503073333334
189 -0.0295617073333334
190 -0.0327689073333334
191 -0.0342890073333334
192 -0.0349860073333334
193 -0.0343255073333334
194 -0.0346816073333334
195 -0.0358904073333334
196 -0.0371500073333334
197 -0.0371760073333334
198 -0.0383878073333334
199 -0.0385347073333334
200 -0.0393429073333334
201 -0.0411032073333334
202 -0.0423170073333334
203 -0.0434283073333334
204 -0.0430892073333334
205 -0.0441334073333334
206 -0.0444329073333334
207 -0.0429406073333334
208 -0.0435503073333334
209 -0.0436625073333334
210 -0.0439293073333334
211 -0.0440973073333334
212 -0.0443898073333334
213 -0.0432842073333334
214 -0.0424161073333334
215 -0.0428667073333334
216 -0.0448949073333334
217 -0.0461663073333334
218 -0.0471947073333334
219 -0.0475714073333334
220 -0.0483242073333334
221 -0.0492593073333334
222 -0.0499146073333334
223 -0.0490743073333334
224 -0.0493377073333334
225 -0.0487072073333334
226 -0.0487082073333334
227 -0.0502643073333334
228 -0.0506014073333334
229 -0.0506409073333334
230 -0.0509921073333334
231 -0.0508404073333334
232 -0.0503118073333334
233 -0.0510298073333334
234 -0.0500215073333334
235 -0.0487311073333334
236 -0.0488004073333334
237 -0.0486519073333334
238 -0.0466175073333334
239 -0.0421605073333334
240 -0.0401600073333334
241 -0.0388838073333334
242 -0.0363648073333334
243 -0.0319934073333334
244 -0.0294297073333334
245 -0.0253993073333334
246 -0.0236042073333334
247 -0.0210948073333334
248 -0.0194056073333334
249 -0.0205642073333334
250 -0.0180293073333334
251 -0.0184142073333334
252 -0.0179144073333334
253 -0.0123695073333334
254 -0.0081084073333334
255 -0.0130973073333334
256 -0.0104391073333334
257 -0.0082165073333334
258 -0.0065667073333334
259 -0.0046487073333334
260 -0.0085585073333334
261 -0.0024938073333334
262 -0.0065017073333334
263 0.0004703926666666
264 -0.0015423073333334
265 -0.0026334073333334
266 -0.0001505073333334
267 -0.0016019073333334
268 0.0010110926666666
269 0.0016485926666666
270 -0.0025148073333334
271 -0.0014844073333334
272 0.0023262926666666
273 0.0061935926666666
274 0.0053276926666666
275 0.0041583926666666
276 0.0087716926666666
277 0.0037563926666666
278 0.0097235926666666
279 0.0103830926666666
280 0.0109420926666666
281 0.0081869926666666
282 0.0138226926666666
283 0.0087081926666666
284 0.0110848926666666
285 0.0129414926666666
286 0.0103610926666666
287 0.0138445926666666
288 0.0113258926666666
289 0.0149061926666666
290 0.0150142926666666
291 0.0136895926666666
292 0.0117919926666666
293 0.0113022926666666
294 0.0117251926666666
295 0.0115204926666666
296 0.0061459926666666
297 -0.0014201073333334
298 -0.0063588073333334
299 -0.0064868073333334
300 -0.0059744073333334
301 -0.0073355073333334
302 -0.0126378073333334
303 -0.0171824073333334
304 -0.0172626073333334
305 -0.0171862073333334
306 -0.0156788073333334
307 -0.0204098073333334
308 -0.0265453073333334
309 -0.0233367073333334
310 -0.0204081073333334
311 -0.0204272073333334
312 -0.0233412073333334
313 -0.0240335073333334
314 -0.0234188073333334
315 -0.0262219073333334
316 -0.0265350073333334
317 -0.0260229073333334
318 -0.0249203073333334
319 -0.0219632073333334
320 -0.0209043073333334
321 -0.0200831073333334
322 -0.0210021073333334
323 -0.0248327073333334
324 -0.0217645073333334
325 -0.0214423073333334
326 -0.0232898073333334
327 -0.0184468073333334
328 -0.0175598073333334
329 -0.0159305073333334
330 -0.0179023073333334
331 -0.0215871073333334
332 -0.0199522073333334
333 -0.0230066073333334
334 -0.0205336073333334
335 -0.0219789073333334
336 -0.0206669073333334
337 -0.0189664073333334
338 -0.0207284073333334
339 -0.0194130073333334
340 -0.0190910073333334
341 -0.0161038073333334
342 -0.0123671073333334
343 -0.0099514073333334
344 -0.0118775073333334
345 -0.0096775073333334
346 -0.0070874073333334
347 -0.0047516073333334
348 -0.0030479073333334
349 -0.0028795073333334
350 -0.0027664073333334
351 -0.0098039073333334
352 -0.0091084073333334
353 -0.0112817073333334
354 -0.0141486073333334
355 -0.0100337073333334
356 -0.0076843073333334
357 -0.0065750073333334
358 -0.0072429073333334
359 -0.0131003073333334
360 -0.0099539073333334
361 -0.0077621073333334
362 -0.0047460073333334
363 -0.0058625073333334
364 -0.0067516073333334
365 -0.0051787073333334
366 -0.0053014073333334
367 -0.0036324073333334
368 0.0004014926666666
369 -0.0003172073333334
370 0.0012806926666666
371 0.0066620926666666
372 0.0102030926666666
373 0.0060200926666666
374 0.0122188926666666
375 0.0099640926666666
376 0.0139772926666666
377 0.0091547926666666
378 0.0087239926666666
379 0.0063628926666666
380 0.0040858926666666
381 -0.0064614073333334
382 -0.0074861073333334
383 -0.0085251073333334
384 -0.0082262073333334
385 -0.0123205073333334
386 -0.0090251073333334
387 -0.0090274073333334
388 -0.0138135073333334
389 -0.0165762073333334
390 -0.0106487073333334
391 -0.0124992073333334
392 -0.0157860073333334
393 -0.0134624073333334
394 -0.0131495073333334
395 -0.0185877073333334
396 -0.0171073073333334
397 -0.0135170073333334
398 -0.0109953073333334
399 -0.0126377073333334
400 -0.0128192073333334
401 -0.0194492073333334
402 -0.0201379073333334
403 -0.0161026073333334
404 -0.0139494073333334
405 -0.0198533073333334
406 -0.0193010073333334
407 -0.0145063073333334
408 -0.0154340073333334
409 -0.0187439073333334
410 -0.0208489073333334
411 -0.0234264073333334
412 -0.0258160073333334
413 -0.0280353073333334
414 -0.0306302073333334
415 -0.0304787073333334
416 -0.0304495073333334
417 -0.0286161073333334
418 -0.0303740073333334
419 -0.0328761073333334
420 -0.0361991073333334
421 -0.0365575073333334
422 -0.0371482073333334
423 -0.0399091073333334
424 -0.0404831073333334
425 -0.0402506073333334
426 -0.0406897073333334
427 -0.0411659073333334
428 -0.0426886073333334
429 -0.0426558073333334
430 -0.0421443073333334
431 -0.0412105073333334
432 -0.0406580073333334
433 -0.0412493073333334
434 -0.0416632073333334
435 -0.0429536073333334
436 -0.0428592073333334
437 -0.0417317073333334
438 -0.0420480073333334
439 -0.0417225073333334
440 -0.0401461073333334
441 -0.0410550073333334
442 -0.0402358073333334
443 -0.0393859073333334
444 -0.0402993073333334
445 -0.0400283073333334
446 -0.0392519073333334
447 -0.0388651073333334
448 -0.0373925073333334
449 -0.0375891073333334
450 -0.0332813073333334
451 -0.0306879073333334
452 -0.0305976073333334
453 -0.0313710073333334
454 -0.0301586073333334
455 -0.0275056073333334
456 -0.0249540073333334
457 -0.0243161073333334
458 -0.0218054073333334
459 -0.0154135073333334
460 -0.0124061073333334
461 -0.0115230073333334
462 -0.0082875073333334
463 -0.0049013073333334
464 0.0007355926666666
465 -0.0050839073333334
466 -0.0038666073333334
467 -0.0031019073333334
468 -0.0012807073333334
469 -0.0041719073333334
470 -0.0012761073333334
471 0.0004982926666666
472 0.0076298926666666
473 0.0065438926666666
474 0.0003721926666666
475 -0.0082091073333334
476 -0.0069597073333334
477 -0.0037119073333334
478 -0.0047341073333334
479 -0.0046395073333334
480 -0.0030771073333334
481 -0.0046190073333334
482 -0.0054568073333334
483 -0.0063235073333334
484 -0.0084082073333334
485 -0.0072510073333334
486 -0.0063575073333334
487 -0.0044920073333334
488 -0.0021238073333334
489 -0.0036191073333334
490 0.0004665926666666
491 0.0058101926666666
492 0.0030365926666666
493 -0.0014540073333334
494 0.0009147926666666
495 0.0003336926666666
496 -0.0028894073333334
497 0.0016486926666666
498 0.0034988926666666
499 0.0059232926666666
500 0.0114719926666666
501 0.0146862926666666
502 0.0137340926666666
503 0.0068129926666666
504 0.0005322926666666
505 -0.0027175073333334
506 -0.0010569073333334
507 -0.0080681073333334
508 -0.0120911073333334
509 -0.0142683073333334
510 -0.0208426073333334
511 -0.0244945073333334
512 -0.0261081073333334
513 -0.0278445073333334
514 -0.0276405073333334
515 -0.0307848073333334
516 -0.0341336073333334
517 -0.0340531073333334
518 -0.0332745073333334
519 -0.0338135073333334
520 -0.0336670073333334
521 -0.0327298073333334
522 -0.0352294073333334
523 -0.0376331073333334
524 -0.0361285073333334
525 -0.0362164073333334
526 -0.0343381073333334
527 -0.0354001073333334
528 -0.0359142073333334
529 -0.0350351073333334
530 -0.0350704073333334
531 -0.0338053073333334
532 -0.0310544073333334
533 -0.0325925073333334
534 -0.0332855073333334
535 -0.0326927073333334
536 -0.0324726073333334
537 -0.0321369073333334
538 -0.0282600073333334
539 -0.0242552073333334
540 -0.0197730073333334
541 -0.0208034073333334
542 -0.0157401073333334
543 -0.0132453073333334
544 -0.0147694073333334
545 -0.0179941073333334
546 -0.0131705073333334
547 -0.0126028073333334
548 -0.0107949073333334
549 -0.0088061073333334
550 -0.0090888073333334
551 -0.0084887073333334
552 -0.0125838073333334
553 -0.0126092073333334
554 -0.0146362073333334
555 -0.0159471073333334
556 -0.0171043073333334
557 -0.0197469073333334
558 -0.0211170073333334
559 -0.0206182073333334
560 -0.0176843073333334
561 -0.0174466073333334
562 -0.0230204073333334
563 -0.0278034073333334
564 -0.0324074073333334
565 -0.0347461073333334
566 -0.0339730073333334
567 -0.0335533073333334
568 -0.0339674073333334
569 -0.0350430073333334
570 -0.0385401073333334
571 -0.0380641073333334
572 -0.0393959073333334
573 -0.0402776073333334
574 -0.0374706073333334
575 -0.0353679073333334
576 -0.0352698073333334
577 -0.0352266073333334
578 -0.0341705073333334
579 -0.0330465073333334
580 -0.0310914073333334
581 -0.0313783073333334
582 -0.0316260073333334
583 -0.0312100073333334
584 -0.0290968073333334
585 -0.0293489073333334
586 -0.0268466073333334
587 -0.0280020073333334
588 -0.0265540073333334
589 -0.0267929073333334
590 -0.0258868073333334
591 -0.0264260073333334
592 -0.0261188073333334
593 -0.0259061073333334
594 -0.0244911073333334
595 -0.0228415073333334
596 -0.0207564073333334
597 -0.0195164073333334
598 -0.0190990073333334
599 -0.0178603073333334
600 -0.0181891073333334
1 -0.0069664073333334
2 -0.0123640073333334
3 -0.0131854073333334
4 -0.0107163073333334
5 -0.0112821073333334
6 -0.0148881073333334
7 -0.0150425073333334
8 -0.0162482073333334
9 -0.0137610073333334
10 -0.0169522073333334
11 -0.0162998073333334
12 -0.0140093073333334
13 -0.0122272073333334
14 -0.0055374073333334
15 -0.0062393073333334
16 -0.0054787073333334
17 0.0004400926666666
18 0.0055849926666666
19 0.0025590926666666
20 -0.0003624073333334
21 0.0084488926666666
22 0.0062899926666666
23 0.0090866926666666
24 0.0169040926666666
25 0.0157225926666666
26 0.0129738926666666
27 0.0097853926666666
28 0.0110937926666666
29 0.0150510926666666
30 0.0074407926666666
31 0.0037999926666666
32 0.0046752926666666
33 0.0021204926666666
34 -0.0035804073333334
35 -0.0028486073333334
36 -0.0085514073333334
37 -0.0066109073333334
38 -0.0051235073333334
39 -0.0084789073333334
40 -0.0127865073333334
41 -0.0125462073333334
42 -0.0117030073333334
43 -0.0142032073333334
44 -0.0146567073333334
45 -0.0136521073333334
46 -0.0136505073333334
47 -0.0192684073333334
48 -0.0197670073333334
49 -0.0180242073333334
50 -0.0208258073333334
51 -0.0182734073333334
52 -0.0165027073333334
53 -0.0129122073333334
54 -0.0137861073333334
55 -0.0122929073333334
56 -0.0113176073333334
57 -0.0134077073333334
58 -0.0165097073333334
59 -0.0203325073333334
60 -0.0231442073333334
61 -0.0220457073333334
62 -0.0203829073333334
63 -0.0208819073333334
64 -0.0218146073333334
65 -0.0223183073333334
66 -0.0219109073333334
67 -0.0228218073333334
68 -0.0235034073333334
69 -0.0248077073333334
70 -0.0289645073333334
71 -0.0307028073333334
72 -0.0323547073333334
73 -0.0336116073333334
74 -0.0325286073333334
75 -0.0322437073333334
76 -0.0345021073333334
77 -0.0366982073333334
78 -0.0379979073333334
79 -0.0365905073333334
80 -0.0367473073333334
81 -0.0359853073333334
82 -0.0356899073333334
83 -0.0358768073333334
84 -0.0365131073333334
85 -0.0341689073333334
86 -0.0350203073333334
87 -0.0345105073333334
88 -0.0350152073333334
89 -0.0342382073333334
90 -0.0350926073333334
91 -0.0338905073333334
92 -0.0300532073333334
93 -0.0284757073333334
94 -0.0294202073333334
95 -0.0281966073333334
96 -0.0271136073333334
97 -0.0268148073333334
98 -0.0228050073333334
99 -0.0191228073333334
100 -0.0155497073333334
101 -0.0116464073333334
102 -0.0113343073333334
103 -0.0120154073333334
104 -0.0136342073333334
105 -0.0134886073333334
106 -0.0140428073333334
107 -0.0068518073333334
108 -0.0056950073333334
109 -0.0043063073333334
110 -0.0041795073333334
111 -0.0085984073333334
112 -0.0093587073333334
113 -0.0098294073333334
114 -0.0123071073333334
115 -0.0158582073333334
116 -0.0138158073333334
117 -0.0096255073333334
118 -0.0083728073333334
119 -0.0084220073333334
120 -0.0097597073333334
121 -0.0123280073333334
122 -0.0097625073333334
123 -0.0071709073333334
124 -0.0103010073333334
125 -0.0117628073333334
126 -0.0118796073333334
127 -0.0149561073333334
128 -0.0082671073333334
129 -0.0085631073333334
130 -0.0052450073333334
131 -0.0029657073333334
132 -0.0046503073333334
133 -0.0064898073333334
134 -0.0044156073333334
135 -0.0042976073333334
136 -0.0059665073333334
137 -0.0041839073333334
138 0.0037381926666666
139 0.0024200926666666
140 0.0025692926666666
141 -0.0000044073333334
142 0.0035591926666666
143 0.0104140926666666
144 0.0124031926666666
145 0.0180886926666666
146 0.0134985926666666
147 0.0038969926666666
148 0.0030947926666666
149 0.0067273926666666
150 0.0095959926666666
151 0.0069910926666666
152 0.0055470926666666
153 0.0028492926666666
154 0.0015964926666666
155 -0.0004070073333334
156 0.0010806926666666
157 -0.0047378073333334
158 -0.0057430073333334
159 -0.0104219073333334
160 -0.0069536073333334
161 -0.0055231073333334
162 -0.0025791073333334
163 -0.0047244073333334
164 -0.0052315073333334
165 -0.0063363073333334
166 -0.0011070073333334
167 -0.0006465073333334
168 -0.0044129073333334
169 -0.0055816073333334
170 -0.0037083073333334
171 -0.0063723073333334
172 -0.0059944073333334
173 -0.0083660073333334
174 -0.0167535073333334
175 -0.0201950073333334
176 -0.0235817073333334
177 -0.0255119073333334
178 -0.0257620073333334
179 -0.0268556073333334
180 -0.0275787073333334
181 -0.0272082073333334
182 -0.0282936073333334
183 -0.0245497073333334
184 -0.0217653073333334
185 -0.0195185073333334
186 -0.0189365073333334
187 -0.0160165073333334
188 -0.0155905073333334
189 -0.0181540073333334
190 -0.0192036073333334
191 -0.0174243073333334
192 -0.0185735073333334
193 -0.0157790073333334
194 -0.0159026073333334
195 -0.0127727073333334
196 -0.0087071073333334
197 -0.0090604073333334
198 -0.0086360073333334
199 0.0000882926666666
200 0.0046294926666666
201 0.0056485926666666
202 0.0134467926666666
203 0.0149207926666666
204 0.0080978926666666
205 0.0233530926666666
206 0.0217071926666666
207 0.0233192926666666
208 0.0313119926666666
209 0.0272419926666666
210 0.0323882926666666
211 0.0333898926666666
212 0.0378688926666666
213 0.0494222926666666
214 0.0370283926666666
215 0.0422662926666666
216 0.0358523926666666
217 0.0293812926666666
218 0.0338325926666666
219 0.0381877926666666
220 0.0441930926666666
221 0.0434294926666666
222 0.0349334926666666
223 0.0307042926666666
224 0.0333292926666666
225 0.0412852926666666
226 0.0456866926666666
227 0.0500059926666666
228 0.0442117926666666
229 0.0457149926666666
230 0.0427636926666666
231 0.0564090926666666
232 0.0577608926666666
233 0.0559404926666666
234 0.0712102926666666
235 0.0664515926666666
236 0.0605463926666666
237 0.0665745926666666
238 0.0575504926666666
239 0.0573514926666666
240 0.0532368926666666
241 0.0444494926666666
242 0.0436612926666666
243 0.0323131926666666
244 0.0289796926666666
245 0.0238840926666666
246 0.0202794926666666
247 0.0248825926666666
248 0.0286990926666666
249 0.0211124926666666
250 0.0152903926666666
251 0.0189082926666666
252 0.0137227926666666
253 0.0135287926666666
254 0.0111226926666666
255 0.0115779926666666
256 0.0120842926666666
257 0.0084142926666666
258 0.0084186926666666
259 0.0014189926666666
260 -0.0031803073333334
261 -0.0023949073333334
262 -0.0044454073333334
263 -0.0092075073333334
264 -0.0076668073333334
265 -0.0054136073333334
266 -0.0075586073333334
267 -0.0078607073333334
268 0.0009575926666666
269 0.0048334926666666
270 0.0028021926666666
271 0.0004899926666666
272 0.0002437926666666
273 0.0035319926666666
274 0.0153131926666666
275 0.0149818926666666
276 0.0147794926666666
277 0.0078649926666666
278 0.0081976926666666
279 0.0144452926666666
280 0.0180825926666666
281 0.0153548926666666
282 0.0188895926666666
283 0.0169636926666666
284 0.0214661926666666
285 0.0163560926666666
286 0.0198744926666666
287 0.0230148926666666
288 0.0225064926666666
289 0.0258863926666666
290 0.0242053926666666
291 0.0312325926666666
292 0.0298248926666666
293 0.0249457926666666
294 0.0163584926666666
295 0.0121939926666666
296 0.0135124926666666
297 0.0102602926666666
298 0.0134502926666666
299 0.0149730926666666
300 0.0111412926666666
301 0.0240163926666666
302 0.0260640926666666
303 0.0131995926666666
304 0.0104033926666666
305 0.0074841926666666
306 0.0121357926666666
307 0.0056773926666666
308 0.0092464926666666
309 0.0054915926666666
310 0.0063940926666666
311 -0.0003017073333334
312 0.0025457926666666
313 -0.0010623073333334
314 -0.0052802073333334
315 -0.0071982073333334
316 -0.0110041073333334
317 -0.0159577073333334
318 -0.0169076073333334
319 -0.0173583073333334
320 -0.0159793073333334
321 -0.0095674073333334
322 -0.0114510073333334
323 -0.0152342073333334
324 -0.0131534073333334
325 -0.0148539073333334
326 -0.0169970073333334
327 -0.0154886073333334
328 -0.0138595073333334
329 -0.0146316073333334
330 -0.0167556073333334
331 -0.0166729073333334
332 -0.0215400073333334
333 -0.0211906073333334
334 -0.0196366073333334
335 -0.0200627073333334
336 -0.0233769073333334
337 -0.0205528073333334
338 -0.0233532073333334
339 -0.0265015073333334
340 -0.0307659073333334
341 -0.0312141073333334
342 -0.0271495073333334
343 -0.0227514073333334
344 -0.0239159073333334
345 -0.0238491073333334
346 -0.0250479073333334
347 -0.0250616073333334
348 -0.0195112073333334
349 -0.0194172073333334
350 -0.0174255073333334
351 -0.0162474073333334
352 -0.0184914073333334
353 -0.0222593073333334
354 -0.0202748073333334
355 -0.0172074073333334
356 -0.0118652073333334
357 -0.0075856073333334
358 -0.0078264073333334
359 -0.0082729073333334
360 -0.0044989073333334
361 -0.0048302073333334
362 -0.0050238073333334
363 -0.0039196073333334
364 -0.0043720073333334
365 -0.0054698073333334
366 -0.0046163073333334
367 -0.0090072073333334
368 -0.0049906073333334
369 -0.0065692073333334
370 -0.0093006073333334
371 -0.0061987073333334
372 -0.0045838073333334
373 -0.0102964073333334
374 -0.0130249073333334
375 -0.0167186073333334
376 -0.0160138073333334
377 -0.0216372073333334
378 -0.0229955073333334
379 -0.0244456073333334
380 -0.0245428073333334
381 -0.0255786073333334
382 -0.0281287073333334
383 -0.0307197073333334
384 -0.0329228073333334
385 -0.0332801073333334
386 -0.0358896073333334
387 -0.0355947073333334
388 -0.0357489073333334
389 -0.0372559073333334
390 -0.0373278073333334
391 -0.0383725073333334
392 -0.0391549073333334
393 -0.0413322073333334
394 -0.0375579073333334
395 -0.0363677073333334
396 -0.0334909073333334
397 -0.0345044073333334
398 -0.0340979073333334
399 -0.0323490073333334
400 -0.0301930073333334
401 -0.0283977073333334
402 -0.0302155073333334
403 -0.0305370073333334
404 -0.0293376073333334
405 -0.0290667073333334
406 -0.0265198073333334
407 -0.0234226073333334
408 -0.0227761073333334
409 -0.0225383073333334
410 -0.0239115073333334
411 -0.0218316073333334
412 -0.0188514073333334
413 -0.0138308073333334
414 -0.0104105073333334
415 -0.0076580073333334
416 -0.0008287073333334
417 -0.0025169073333334
418 0.0024925926666666
419 0.0080115926666666
420 0.0100467926666666
421 0.0122501926666666
422 0.0244819926666666
423 0.0289127926666666
424 0.0209326926666666
425 0.0200257926666666
426 0.0241036926666666
427 0.0139463926666666
428 0.0168962926666666
429 0.0212356926666666
430 0.0241851926666666
431 0.0336421926666666
432 0.0359721926666666
433 0.0309952926666666
434 0.0237400926666666
435 0.0200709926666666
436 0.0285575926666666
437 0.0296921926666666
438 0.0267719926666666
439 0.0261352926666666
440 0.0260737926666666
441 0.0287761926666666
442 0.0279117926666666
443 0.0224045926666666
444 0.0204894926666666
445 0.0142571926666666
446 0.0104614926666666
447 0.0057371926666666
448 -0.0001155073333334
449 -0.0053165073333334
450 -0.0115014073333334
451 -0.0154756073333334
452 -0.0199878073333334
453 -0.0238653073333334
454 -0.0291497073333334
455 -0.0302146073333334
456 -0.0310923073333334
457 -0.0345784073333334
458 -0.0379074073333334
459 -0.0376717073333334
460 -0.0375933073333334
461 -0.0380866073333334
462 -0.0403244073333334
463 -0.0396368073333334
464 -0.0384431073333334
465 -0.0374636073333334
466 -0.0366482073333334
467 -0.0369043073333334
468 -0.0351864073333334
469 -0.0304474073333334
470 -0.0274259073333334
471 -0.0271623073333334
472 -0.0242744073333334
473 -0.0195194073333334
474 -0.0176721073333334
475 -0.0174231073333334
476 -0.0205959073333334
477 -0.0176249073333334
478 -0.0162295073333334
479 -0.0152414073333334
480 -0.0132336073333334
481 -0.0042753073333334
482 -0.0039716073333334
483 -0.0007381073333334
484 -0.0006669073333334
485 0.0036247926666666
486 0.0068078926666666
487 0.0040547926666666
488 0.0068369926666666
489 0.0086983926666666
490 0.0028745926666666
491 0.0084647926666666
492 0.0047186926666666
493 0.0014300926666666
494 -0.0043965073333334
495 -0.0012153073333334
496 -0.0010341073333334
497 -0.0056564073333334
498 -0.0087900073333334
499 -0.0088339073333334
500 -0.0137885073333334
501 -0.0158984073333334
502 -0.0168597073333334
503 -0.0172609073333334
504 -0.0124889073333334
505 -0.0116513073333334
506 -0.0126952073333334
507 -0.0100161073333334
508 -0.0123113073333334
509 -0.0180606073333334
510 -0.0159980073333334
511 -0.0161642073333334
512 -0.0139144073333334
513 -0.0166880073333334
514 -0.0183986073333334
515 -0.0153366073333334
516 -0.0177617073333334
517 -0.0213166073333334
518 -0.0213417073333334
519 -0.0213687073333334
520 -0.0228896073333334
521 -0.0239876073333334
522 -0.0251113073333334
523 -0.0272651073333334
524 -0.0286716073333334
525 -0.0309153073333334
526 -0.0317704073333334
527 -0.0332082073333334
528 -0.0285206073333334
529 -0.0286527073333334
530 -0.0300051073333334
531 -0.0286445073333334
532 -0.0239775073333334
533 -0.0208870073333334
534 -0.0206800073333334
535 -0.0228254073333334
536 -0.0196902073333334
537 -0.0144230073333334
538 -0.0102442073333334
539 -0.0110282073333334
540 -0.0119423073333334
541 -0.0126115073333334
542 -0.0128733073333334
543 -0.0108796073333334
544 -0.0136433073333334
545 -0.0101172073333334
546 -0.0060574073333334
547 -0.0096355073333334
548 -0.0147050073333334
549 -0.0145971073333334
550 -0.0112865073333334
551 -0.0113232073333334
552 -0.0115722073333334
553 -0.0125521073333334
554 -0.0121241073333334
555 -0.0141940073333334
556 -0.0173558073333334
557 -0.0152595073333334
558 -0.0139055073333334
559 -0.0172452073333334
560 -0.0219564073333334
561 -0.0226445073333334
562 -0.0237572073333334
563 -0.0264450073333334
564 -0.0301990073333334
565 -0.0302354073333334
566 -0.0320814073333334
567 -0.0314079073333334
568 -0.0340341073333334
569 -0.0328609073333334
570 -0.0352702073333334
571 -0.0370782073333334
572 -0.0359943073333334
573 -0.0344908073333334
574 -0.0350076073333334
575 -0.0326199073333334
576 -0.0309027073333334
577 -0.0292796073333334
578 -0.0274010073333334
579 -0.0256096073333334
580 -0.0246400073333334
581 -0.0205757073333334
582 -0.0215662073333334
583 -0.0197797073333334
584 -0.0158347073333334
585 -0.0181756073333334
586 -0.0170464073333334
587 -0.0130639073333334
588 -0.0120824073333334
589 -0.0142882073333334
590 -0.0132802073333334
591 -0.0148455073333334
592 -0.0154224073333334
593 -0.0130283073333334
594 -0.0124003073333334
595 -0.0151514073333334
596 -0.0163370073333334
597 -0.0198149073333334
598 -0.0214261073333334
599 -0.0223817073333334
600 -0.0256946073333334
1 0.0026140926666666
2 -0.0035151073333334
3 -0.0036648073333334
4 -0.0050858073333334
5 -0.0054948073333334
6 -0.0029123073333334
7 -0.0045628073333334
8 -0.0021785073333334
9 -0.0012452073333334
10 -0.0073204073333334
11 -0.0076456073333334
12 -0.0051272073333334
13 -0.0053564073333334
14 -0.0043065073333334
15 -0.0062358073333334
16 -0.0078424073333334
17 -0.0131050073333334
18 -0.0131512073333334
19 -0.0073099073333334
20 -0.0055872073333334
21 -0.0053556073333334
22 -0.0076729073333334
23 -0.0091224073333334
24 -0.0144942073333334
25 -0.0122664073333334
26 -0.0099616073333334
27 -0.0126000073333334
28 -0.0134487073333334
29 -0.0112272073333334
30 -0.0101520073333334
31 -0.0128502073333334
32 -0.0133842073333334
33 -0.0161126073333334
34 -0.0097915073333334
35 -0.0056022073333334
36 0.0017896926666666
37 0.0054285926666666
38 0.0095253926666666
39 0.0099849926666666
40 0.0119290926666666
41 0.0120300926666666
42 0.0064899926666666
43 0.0038097926666666
44 -0.0032520073333334
45 -0.0017100073333334
46 -0.0011224073333334
47 0.0021206926666666
48 -0.0027795073333334
49 -0.0019923073333334
50 -0.0058054073333334
51 -0.0096127073333334
52 -0.0039647073333334
53 -0.0057395073333334
54 -0.0061668073333334
55 -0.0067646073333334
56 -0.0042831073333334
57 -0.0091137073333334
58 -0.0038370073333334
59 -0.0085005073333334
60 -0.0059883073333334
61 -0.0065375073333334
62 -0.0102240073333334
63 -0.0147254073333334
64 -0.0102614073333334
65 -0.0068002073333334
66 -0.0037980073333334
67 -0.0076160073333334
68 -0.0104944073333334
69 -0.0049911073333334
70 -0.0046824073333334
71 -0.0097342073333334
72 -0.0061316073333334
73 -0.0090412073333334
74 -0.0137570073333334
75 -0.0090564073333334
76 -0.0096486073333334
77 -0.0062613073333334
78 -0.0015004073333334
79 0.0053372926666666
80 -0.0002606073333334
81 0.0056643926666666
82 0.0115308926666666
83 0.0127727926666666
84 0.0116278926666666
85 0.0069408926666666
86 0.0000023926666666
87 -0.0029835073333334
88 -0.0016769073333334
89 -0.0041391073333334
90 -0.0039322073333334
91 -0.0099232073333334
92 -0.0064448073333334
93 -0.0074903073333334
94 -0.0151792073333334
95 -0.0145966073333334
96 -0.0123368073333334
97 -0.0131553073333334
98 -0.0148257073333334
99 -0.0149077073333334
100 -0.0184312073333334
101 -0.0159045073333334
102 -0.0171579073333334
103 -0.0204353073333334
104 -0.0172130073333334
105 -0.0162586073333334
106 -0.0172197073333334
107 -0.0192076073333334
108 -0.0143817073333334
109 -0.0160513073333334
110 -0.0185372073333334
111 -0.0186809073333334
112 -0.0194063073333334
113 -0.0181377073333334
114 -0.0194911073333334
115 -0.0202317073333334
116 -0.0228686073333334
117 -0.0195329073333334
118 -0.0171328073333334
119 -0.0186956073333334
120 -0.0216827073333334
121 -0.0232346073333334
122 -0.0220304073333334
123 -0.0195289073333334
124 -0.0170214073333334
125 -0.0149490073333334
126 -0.0152837073333334
127 -0.0157360073333334
128 -0.0151141073333334
129 -0.0108383073333334
130 -0.0071689073333334
131 -0.0050758073333334
132 -0.0058426073333334
133 -0.0064984073333334
134 -0.0055391073333334
135 -0.0042914073333334
136 -0.0046824073333334
137 -0.0054325073333334
138 -0.0120157073333334
139 -0.0124420073333334
140 -0.0141519073333334
141 -0.0137186073333334
142 -0.0168592073333334
143 -0.0138556073333334
144 -0.0135753073333334
145 -0.0141008073333334
146 -0.0143303073333334
147 -0.0132339073333334
148 -0.0124682073333334
149 -0.0141286073333334
150 -0.0127088073333334
151 -0.0084504073333334
152 -0.0079752073333334
153 -0.0073879073333334
154 -0.0105141073333334
155 -0.0115097073333334
156 -0.0103162073333334
157 -0.0104919073333334
158 -0.0090305073333334
159 -0.0060743073333334
160 -0.0050549073333334
161 -0.0047148073333334
162 -0.0088547073333334
163 -0.0055399073333334
164 -0.0004549073333334
165 -0.0021908073333334
166 -0.0081823073333334
167 -0.0094108073333334
168 -0.0091334073333334
169 -0.0162934073333334
170 -0.0114248073333334
171 -0.0126142073333334
172 -0.0164967073333334
173 -0.0173181073333334
174 -0.0143649073333334
175 -0.0200894073333334
176 -0.0209297073333334
177 -0.0228404073333334
178 -0.0250214073333334
179 -0.0261481073333334
180 -0.0276156073333334
181 -0.0245126073333334
182 -0.0238282073333334
183 -0.0243673073333334
184 -0.0207786073333334
185 -0.0162287073333334
186 -0.0156252073333334
187 -0.0116374073333334
188 -0.0123163073333334
189 -0.0142187073333334
190 -0.0118265073333334
191 -0.0111428073333334
192 -0.0118705073333334
193 -0.0109534073333334
194 -0.0088973073333334
195 -0.0084868073333334
196 -0.0118504073333334
197 -0.0160614073333334
198 -0.0168909073333334
199 -0.0138968073333334
200 -0.0132435073333334
201 -0.0134128073333334
202 -0.0121095073333334
203 -0.0133870073333334
204 -0.0149069073333334
205 -0.0149838073333334
206 -0.0151869073333334
207 -0.0118160073333334
208 -0.0130207073333334
209 -0.0165159073333334
210 -0.0105710073333334
211 -0.0081987073333334
212 -0.0091413073333334
213 -0.0134908073333334
214 -0.0136207073333334
215 -0.0156168073333334
216 -0.0155859073333334
217 -0.0187455073333334
218 -0.0200675073333334
219 -0.0217892073333334
220 -0.0212110073333334
221 -0.0254552073333334
222 -0.0256633073333334
223 -0.0270976073333334
224 -0.0285853073333334
225 -0.0283749073333334
226 -0.0292010073333334
227 -0.0273525073333334
228 -0.0291539073333334
229 -0.0306550073333334
230 -0.0307096073333334
231 -0.0298995073333334
232 -0.0291778073333334
233 -0.0302810073333334
234 -0.0319384073333334
235 -0.0293643073333334
236 -0.0316019073333334
237 -0.0315731073333334
238 -0.0323736073333334
239 -0.0344257073333334
240 -0.0319696073333334
241 -0.0322006073333334
242 -0.0307155073333334
243 -0.0301658073333334
244 -0.0296351073333334
245 -0.0298865073333334
246 -0.0294354073333334
247 -0.0288066073333334
248 -0.0274981073333334
249 -0.0276268073333334
250 -0.0276165073333334
251 -0.0288279073333334
252 -0.0289580073333334
253 -0.0272102073333334
254 -0.0235479073333334
255 -0.0228780073333334
256 -0.0241684073333334
257 -0.0265129073333334
258 -0.0267531073333334
259 -0.0260251073333334
260 -0.0266653073333334
261 -0.0272024073333334
262 -0.0275835073333334
263 -0.0228766073333334
264 -0.0180683073333334
265 -0.0172458073333334
266 -0.0185622073333334
267 -0.0213058073333334
268 -0.0194460073333334
269 -0.0223995073333334
270 -0.0227667073333334
271 -0.0194303073333334
272 -0.0204339073333334
273 -0.0195685073333334
274 -0.0216968073333334
275 -0.0180375073333334
276 -0.0193561073333334
277 -0.0197446073333334
278 -0.0176567073333334
279 -0.0129580073333334
280 -0.0123781073333334
281 -0.0109382073333334
282 -0.0116713073333334
283 -0.0185261073333334
284 -0.0200698073333334
285 -0.0128489073333334
286 -0.0109941073333334
287 -0.0102110073333334
288 -0.0110819073333334
289 -0.0112419073333334
290 -0.0065635073333334
291 -0.0041423073333334
292 -0.0080650073333334
293 -0.0104853073333334
294 -0.0098614073333334
295 -0.0127428073333334
296 -0.0087382073333334
297 -0.0105311073333334
298 -0.0081446073333334
299 -0.0108330073333334
300 -0.0098715073333334
301 -0.0117471073333334
302 -0.0113129073333334
303 -0.0128399073333334
304 -0.0118641073333334
305 -0.0160943073333334
306 -0.0171417073333334
307 -0.0172184073333334
308 -0.0177336073333334
309 -0.0206886073333334
310 -0.0225831073333334
311 -0.0249959073333334
312 -0.0248558073333334
313 -0.0253960073333334
314 -0.0264091073333334
315 -0.0289585073333334
316 -0.0306056073333334
317 -0.0291795073333334
318 -0.0300610073333334
319 -0.0340405073333334
320 -0.0324599073333334
321 -0.0298166073333334
322 -0.0295402073333334
323 -0.0312783073333334
324 -0.0336642073333334
325 -0.0342625073333334
326 -0.0348411073333334
327 -0.0351427073333334
328 -0.0366893073333334
329 -0.0350416073333334
330 -0.0366164073333334
331 -0.0375890073333334
332 -0.0358132073333334
333 -0.0330354073333334
334 -0.0325128073333334
335 -0.0331685073333334
336 -0.0302667073333334
337 -0.0280666073333334
338 -0.0267755073333334
339 -0.0262119073333334
340 -0.0259546073333334
341 -0.0238003073333334
342 -0.0208098073333334
343 -0.0244786073333334
344 -0.0242203073333334
345 -0.0186945073333334
346 -0.0152730073333334
347 -0.0155089073333334
348 -0.0144844073333334
349 -0.0125230073333334
350 -0.0164636073333334
351 -0.0167491073333334
352 -0.0153797073333334
353 -0.0164357073333334
354 -0.0154184073333334
355 -0.0161755073333334
356 -0.0170863073333334
357 -0.0161093073333334
358 -0.0164848073333334
359 -0.0146031073333334
360 -0.0140426073333334
361 -0.0181647073333334
362 -0.0185328073333334
363 -0.0209237073333334
364 -0.0220616073333334
365 -0.0243996073333334
366 -0.0232359073333334
367 -0.0241284073333334
368 -0.0229942073333334
369 -0.0233396073333334
370 -0.0173768073333334
371 -0.0189246073333334
372 -0.0185530073333334
373 -0.0232557073333334
374 -0.0251344073333334
375 -0.0245926073333334
376 -0.0218870073333334
377 -0.0216725073333334
378 -0.0210108073333334
379 -0.0156060073333334
380 -0.0163424073333334
381 -0.0116148073333334
382 -0.0108663073333334
383 -0.0093381073333334
384 -0.0088776073333334
385 -0.0062588073333334
386 -0.0088353073333334
387 -0.0103038073333334
388 -0.0115754073333334
389 -0.0174447073333334
390 -0.0149533073333334
391 -0.0143121073333334
392 -0.0156294073333334
393 -0.0127366073333334
394 -0.0086612073333334
395 -0.0033026073333334
396 -0.0045075073333334
397 -0.0112633073333334
398 -0.0100884073333334
399 -0.0092808073333334
400 -0.0128261073333334
401 -0.0152145073333334
402 -0.0139117073333334
403 -0.0120399073333334
404 -0.0123474073333334
405 -0.0176758073333334
406 -0.0220791073333334
407 -0.0261952073333334
408 -0.0285214073333334
409 -0.0284134073333334
410 -0.0306974073333334
411 -0.0304982073333334
412 -0.0309266073333334
413 -0.0289610073333334
414 -0.0263211073333334
415 -0.0277274073333334
416 -0.0299511073333334
417 -0.0315471073333334
418 -0.0315301073333334
419 -0.0314109073333334
420 -0.0302223073333334
421 -0.0242177073333334
422 -0.0227719073333334
423 -0.0225979073333334
424 -0.0212849073333334
425 -0.0211575073333334
426 -0.0215679073333334
427 -0.0194172073333334
428 -0.0232968073333334
429 -0.0206370073333334
430 -0.0181699073333334
431 -0.0160250073333334
432 -0.0214479073333334
433 -0.0231170073333334
434 -0.0182210073333334
435 -0.0197453073333334
436 -0.0201933073333334
437 -0.0186046073333334
438 -0.0181220073333334
439 -0.0163450073333334
440 -0.0206677073333334
441 -0.0177249073333334
442 -0.0183596073333334
443 -0.0176062073333334
444 -0.0150917073333334
445 -0.0164529073333334
446 -0.0161967073333334
447 -0.0143305073333334
448 -0.0100505073333334
449 -0.0084522073333334
450 -0.0080654073333334
451 -0.0087437073333334
452 -0.0114621073333334
453 -0.0116291073333334
454 -0.0147815073333334
455 -0.0169511073333334
456 -0.0173157073333334
457 -0.0162505073333334
458 -0.0186959073333334
459 -0.0205626073333334
460 -0.0218081073333334
461 -0.0244833073333334
462 -0.0246263073333334
463 -0.0239493073333334
464 -0.0268678073333334
465 -0.0237493073333334
466 -0.0244555073333334
467 -0.0246388073333334
468 -0.0272625073333334
469 -0.0262408073333334
470 -0.0284014073333334
471 -0.0290402073333334
472 -0.0295902073333334
473 -0.0286869073333334
474 -0.0257811073333334
475 -0.0269189073333334
476 -0.0283152073333334
477 -0.0249885073333334
478 -0.0233285073333334
479 -0.0227237073333334
480 -0.0240247073333334
481 -0.0240743073333334
482 -0.0221301073333334
483 -0.0240767073333334
484 -0.0240154073333334
485 -0.0240682073333334
486 -0.0237148073333334
487 -0.0278793073333334
488 -0.0294021073333334
489 -0.0280423073333334
490 -0.0290039073333334
491 -0.0261304073333334
492 -0.0240846073333334
493 -0.0226747073333334
494 -0.0219084073333334
495 -0.0222121073333334
496 -0.0219694073333334
497 -0.0208406073333334
498 -0.0209398073333334
499 -0.0180338073333334
500 -0.0178092073333334
501 -0.0145887073333334
502 -0.0126843073333334
503 -0.0125371073333334
504 -0.0133860073333334
505 -0.0087141073333334
506 -0.0080327073333334
507 -0.0066581073333334
508 -0.0018773073333334
509 -0.0022238073333334
510 -0.0064357073333334
511 -0.0005878073333334
512 0.0015562926666666
513 0.0041896926666666
514 0.0079886926666666
515 0.0057922926666666
516 0.0019476926666666
517 0.0004889926666666
518 0.0034619926666666
519 0.0023750926666666
520 0.0053547926666666
521 0.0003253926666666
522 0.0014298926666666
523 0.0032526926666666
524 0.0026861926666666
525 0.0036507926666666
526 0.0072731926666666
527 0.0029849926666666
528 0.0034191926666666
529 0.0001277926666666
530 -0.0028576073333334
531 0.0046531926666666
532 0.0049576926666666
533 0.0059889926666666
534 0.0072030926666666
535 0.0090410926666666
536 0.0150069926666666
537 0.0156570926666666
538 0.0250274926666666
539 0.0235032926666666
540 0.0279234926666666
541 0.0333814926666666
542 0.0275326926666666
543 0.0226658926666666
544 0.0318453926666666
545 0.0173892926666666
546 0.0155155926666666
547 0.0145690926666666
548 0.0081580926666666
549 0.0020747926666666
550 -0.0044623073333334
551 -0.0106868073333334
552 -0.0135087073333334
553 -0.0182264073333334
554 -0.0178117073333334
555 -0.0221953073333334
556 -0.0215092073333334
557 -0.0223284073333334
558 -0.0246758073333334
559 -0.0268547073333334
560 -0.0279450073333334
561 -0.0286435073333334
562 -0.0315249073333334
563 -0.0319029073333334
564 -0.0326129073333334
565 -0.0272119073333334
566 -0.0269429073333334
567 -0.0245190073333334
568 -0.0215251073333334
569 -0.0198843073333334
570 -0.0198414073333334
571 -0.0197438073333334
572 -0.0111293073333334
573 -0.0069159073333334
574 -0.0130441073333334
575 -0.0085567073333334
576 -0.0093602073333334
577 -0.0067382073333334
578 -0.0058022073333334
579 -0.0077536073333334
580 -0.0111950073333334
581 -0.0075952073333334
582 -0.0075240073333334
583 -0.0059957073333334
584 -0.0045711073333334
585 -0.0040661073333334
586 -0.0018876073333334
587 -0.0073406073333334
588 -0.0076510073333334
589 -0.0039406073333334
590 0.0005747926666666
591 -0.0011392073333334
592 0.0042771926666666
593 0.0051924926666666
594 0.0143284926666666
595 0.0165020926666666
596 0.0146240926666666
597 0.0195029926666666
598 0.0249989926666666
599 0.0315671926666666
600 0.0301196926666666
1 -0.0047878073333334
2 -0.0042404073333334
3 -0.0031967073333334
4 -0.0098194073333334
5 -0.0147140073333334
6 -0.0166724073333334
7 -0.0198281073333334
8 -0.0232602073333334
9 -0.0202395073333334
10 -0.0178560073333334
11 -0.0128072073333334
12 -0.0117145073333334
13 -0.0122158073333334
14 -0.0102627073333334
15 -0.0047965073333334
16 -0.0014923073333334
17 -0.0039808073333334
18 -0.0016561073333334
19 0.0030321926666666
20 0.0061429926666666
21 0.0117723926666666
22 0.0088244926666666
23 0.0160564926666666
24 0.0131276926666666
25 0.0212439926666666
26 0.0216320926666666
27 0.0146398926666666
28 0.0159072926666666
29 0.0170066926666666
30 0.0150650926666666
31 0.0167888926666666
32 0.0131645926666666
33 0.0104831926666666
34 0.0070814926666666
35 0.0128915926666666
36 0.0169122926666666
37 0.0132272926666666
38 0.0192154926666666
39 0.0107766926666666
40 0.0081018926666666
41 0.0086660926666666
42 0.0047177926666666
43 0.0021503926666666
44 -0.0024277073333334
45 -0.0088734073333334
46 -0.0031120073333334
47 -0.0076235073333334
48 -0.0120823073333334
49 -0.0129592073333334
50 -0.0057569073333334
51 -0.0086302073333334
52 -0.0092801073333334
53 -0.0117469073333334
54 -0.0137115073333334
55 -0.0185328073333334
56 -0.0152496073333334
57 -0.0170835073333334
58 -0.0223703073333334
59 -0.0236578073333334
60 -0.0236476073333334
61 -0.0241472073333334
62 -0.0228220073333334
63 -0.0235747073333334
64 -0.0221399073333334
65 -0.0205908073333334
66 -0.0233113073333334
67 -0.0268321073333334
68 -0.0279705073333334
69 -0.0298517073333334
70 -0.0302425073333334
71 -0.0285050073333334
72 -0.0286857073333334
73 -0.0294331073333334
74 -0.0309322073333334
75 -0.0291439073333334
76 -0.0316250073333334
77 -0.0331995073333334
78 -0.0322585073333334
79 -0.0325845073333334
80 -0.0313945073333334
81 -0.0319763073333334
82 -0.0307792073333334
83 -0.0304936073333334
84 -0.0283563073333334
85 -0.0296157073333334
86 -0.0270543073333334
87 -0.0250426073333334
88 -0.0224417073333334
89 -0.0216500073333334
90 -0.0173706073333334
91 -0.0204486073333334
92 -0.0144484073333334
93 -0.0105415073333334
94 -0.0114056073333334
95 -0.0069698073333334
96 -0.0105248073333334
97 -0.0104467073333334
98 -0.0090902073333334
99 -0.0041864073333334
100 -0.0014050073333334
101 -0.0027700073333334
102 0.0039963926666666
103 0.0043976926666666
104 0.0073498926666666
105 0.0083082926666666
106 0.0117638926666666
107 0.0089008926666666
108 0.0105732926666666
109 0.0098054926666666
110 0.0117526926666666
111 0.0099512926666666
112 0.0104366926666666
113 0.0147454926666666
114 0.0124847926666666
115 0.0114447926666666
116 0.0133126926666666
117 0.0148046926666666
118 0.0164614926666666
119 0.0161626926666666
120 0.0107021926666666
121 0.0101803926666666
122 0.0122314926666666
123 0.0122363926666666
124 0.0107013926666666
125 0.0122802926666666
126 0.0161392926666666
127 0.0143602926666666
128 0.0147693926666666
129 0.0131285926666666
130 0.0081894926666666
131 0.0090343926666666
132 0.0020222926666666
133 0.0014603926666666
134 -0.0057625073333334
135 -0.0044234073333334
136 -0.0073422073333334
137 -0.0049020073333334
138 -0.0025064073333334
139 0.0047263926666666
140 0.0084518926666666
141 0.0091034926666666
142 0.0046830926666666
143 0.0038718926666666
144 0.0019407926666666
145 0.0086953926666666
146 0.0115955926666666
147 0.0137874926666666
148 0.0153657926666666
149 0.0171022926666666
150 0.0086764926666666
151 0.0108970926666666
152 0.0179885926666666
153 0.0102159926666666
154 0.0097162926666666
155 0.0080021926666666
156 0.0120571926666666
157 0.0105013926666666
158 0.0089966926666666
159 0.0150756926666666
160 0.0107040926666666
161 0.0105656926666666
162 0.0056750926666666
163 0.0089361926666666
164 0.0024319926666666
165 0.0056727926666666
166 0.0070857926666666
167 0.0061179926666666
168 0.0069352926666666
169 0.0061759926666666
170 0.0016521926666666
171 0.0005602926666666
172 0.0032107926666666
173 0.0041734926666666
174 0.0016314926666666
175 -0.0031035073333334
176 -0.0039223073333334
177 -0.0097913073333334
178 -0.0093521073333334
179 -0.0117582073333334
180 -0.0109119073333334
181 -0.0117809073333334
182 -0.0159723073333334
183 -0.0177121073333334
184 -0.0220513073333334
185 -0.0211109073333334
186 -0.0223480073333334
187 -0.0195960073333334
188 -0.0201019073333334
189 -0.0226218073333334
190 -0.0236649073333334
191 -0.0206938073333334
192 -0.0237032073333334
193 -0.0199671073333334
194 -0.0177191073333334
195 -0.0175552073333334
196 -0.0217511073333334
197 -0.0219845073333334
198 -0.0197478073333334
199 -0.0168177073333334
200 -0.0167977073333334
201 -0.0155824073333334
202 -0.0191620073333334
203 -0.0150991073333334
204 -0.0145996073333334
205 -0.0143825073333334
206 -0.0113746073333334
207 -0.0121906073333334
208 -0.0101989073333334
209 -0.0075628073333334
210 0.0056252926666666
211 0.0051340926666666
212 0.0001055926666666
213 0.0012618926666666
214 0.0039873926666666
215 0.0083201926666666
216 0.0095697926666666
217 0.0074717926666666
218 0.0047457926666666
219 0.0059544926666666
220 0.0010139926666666
221 0.0015594926666666
222 -0.0017638073333334
223 -0.0063287073333334
224 -0.0123691073333334
225 -0.0095602073333334
226 -0.0130359073333334
227 -0.0166420073333334
228 -0.0140630073333334
229 -0.0096074073333334
230 -0.0102173073333334
231 -0.0089015073333334
232 -0.0090733073333334
233 -0.0094708073333334
234 -0.0072639073333334
235 -0.0006251073333334
236 -0.0007442073333334
237 -0.0049973073333334
238 -0.0020133073333334
239 -0.0000464073333334
240 -0.0017922073333334
241 0.0005557926666666
242 -0.0058146073333334
243 -0.0003470073333334
244 -0.0020212073333334
245 0.0067714926666666
246 0.0124401926666666
247 0.0031799926666666
248 0.0102429926666666
249 0.0232368926666666
250 0.0301017926666666
251 0.0310845926666666
252 0.0296951926666666
253 0.0299830926666666
254 0.0390382926666666
255 0.0305544926666666
256 0.0350007926666666
257 0.0221027926666666
258 0.0241959926666666
259 0.0176591926666666
260 0.0154345926666666
261 0.0216454926666666
262 0.0132552926666666
263 0.0180694926666666
264 0.0149175926666666
265 0.0158650926666666
266 0.0150226926666666
267 0.0060172926666666
268 0.0045131926666666
269 0.0047174926666666
270 0.0050178926666666
271 -0.0009270073333334
272 -0.0056485073333334
273 -0.0052892073333334
274 -0.0104436073333334
275 -0.0117645073333334
276 -0.0123738073333334
277 -0.0156739073333334
278 -0.0164820073333334
279 -0.0187367073333334
280 -0.0193051073333334
281 -0.0248247073333334
282 -0.0223186073333334
283 -0.0239815073333334
284 -0.0228985073333334
285 -0.0232117073333334
286 -0.0293446073333334
287 -0.0307031073333334
288 -0.0286954073333334
289 -0.0304753073333334
290 -0.0323728073333334
291 -0.0299814073333334
292 -0.0262140073333334
293 -0.0277679073333334
294 -0.0315514073333334
295 -0.0297855073333334
296 -0.0259143073333334
297 -0.0256286073333334
298 -0.0269227073333334
299 -0.0245619073333334
300 -0.0237942073333334
301 -0.0240490073333334
302 -0.0244816073333334
303 -0.0221554073333334
304 -0.0206484073333334
305 -0.0219070073333334
306 -0.0174291073333334
307 -0.0150939073333334
308 -0.0189173073333334
309 -0.0235228073333334
310 -0.0260235073333334
311 -0.0222426073333334
312 -0.0215170073333334
313 -0.0213345073333334
314 -0.0246224073333334
315 -0.0279983073333334
316 -0.0299555073333334
317 -0.0293208073333334
318 -0.0311518073333334
319 -0.0350870073333334
320 -0.0351354073333334
321 -0.0337597073333334
322 -0.0312063073333334
323 -0.0315578073333334
324 -0.0309379073333334
325 -0.0266020073333334
326 -0.0287603073333334
327 -0.0296084073333334
328 -0.0268804073333334
329 -0.0247046073333334
330 -0.0225744073333334
331 -0.0210180073333334
332 -0.0194964073333334
333 -0.0159737073333334
334 -0.0114109073333334
335 -0.0080730073333334
336 -0.0047909073333334
337 -0.0062622073333334
338 -0.0042022073333334
339 0.0033142926666666
340 0.0043235926666666
341 0.0055151926666666
342 0.0055683926666666
343 0.0045393926666666
344 0.0056820926666666
345 0.0023076926666666
346 0.0022909926666666
347 0.0012082926666666
348 0.0029306926666666
349 0.0008382926666666
350 -0.0035183073333334
351 -0.0086884073333334
352 -0.0076516073333334
353 -0.0063516073333334
354 0.0000960926666666
355 0.0019108926666666
356 -0.0012538073333334
357 0.0022273926666666
358 0.0028509926666666
359 0.0051868926666666
360 0.0024256926666666
361 0.0035704926666666
362 0.0059226926666666
363 0.0033771926666666
364 0.0102977926666666
365 0.0061686926666666
366 0.0094786926666666
367 0.0086172926666666
368 0.0059945926666666
369 0.0062128926666666
370 0.0097811926666666
371 0.0069874926666666
372 0.0102499926666666
373 0.0120707926666666
374 0.0131182926666666
375 0.0122393926666666
376 0.0164437926666666
377 0.0148862926666666
378 0.0163532926666666
379 0.0174374926666666
380 0.0154936926666666
381 0.0094759926666666
382 0.0081975926666666
383 0.0131120926666666
384 0.0149062926666666
385 0.0119018926666666
386 0.0114848926666666
387 0.0159639926666666
388 0.0167994926666666
389 0.0228184926666666
390 0.0258651926666666
391 0.0206453926666666
392 0.0259572926666666
393 0.0234507926666666
394 0.0194451926666666
395 0.0207479926666666
396 0.0148784926666666
397 0.0171386926666666
398 0.0094314926666666
399 0.0188252926666666
400 0.0130704926666666
401 0.0080755926666666
402 0.0061289926666666
403 0.0026757926666666
404 0.0008937926666666
405 0.0003574926666666
406 -0.0017455073333334
407 -0.0077060073333334
408 -0.0125798073333334
409 -0.0128405073333334
410 -0.0151883073333334
411 -0.0188242073333334
412 -0.0177420073333334
413 -0.0184776073333334
414 -0.0187254073333334
415 -0.0208884073333334
416 -0.0215733073333334
417 -0.0217315073333334
418 -0.0247716073333334
419 -0.0277108073333334
420 -0.0302003073333334
421 -0.0314840073333334
422 -0.0309743073333334
423 -0.0285015073333334
424 -0.0289050073333334
425 -0.0292076073333334
426 -0.0289309073333334
427 -0.0297910073333334
428 -0.0321822073333334
429 -0.0303945073333334
430 -0.0259314073333334
431 -0.0236899073333334
432 -0.0233639073333334
433 -0.0164572073333334
434 -0.0184454073333334
435 -0.0170810073333334
436 -0.0146023073333334
437 -0.0085677073333334
438 -0.0101269073333334
439 -0.0077973073333334
440 -0.0014674073333334
441 0.0020271926666666
442 -0.0006622073333334
443 0.0005667926666666
444 -0.0007865073333334
445 -0.0051078073333334
446 -0.0063505073333334
447 -0.0021125073333334
448 0.0012294926666666
449 -0.0027589073333334
450 -0.0038312073333334
451 -0.0044600073333334
452 -0.0046015073333334
453 -0.0086078073333334
454 -0.0092400073333334
455 -0.0097769073333334
456 -0.0114545073333334
457 -0.0100365073333334
458 -0.0084238073333334
459 -0.0141424073333334
460 -0.0175959073333334
461 -0.0141169073333334
462 -0.0176265073333334
463 -0.0191896073333334
464 -0.0158920073333334
465 -0.0146858073333334
466 -0.0183818073333334
467 -0.0154124073333334
468 -0.0153080073333334
469 -0.0128915073333334
470 -0.0113647073333334
471 -0.0122771073333334
472 -0.0120487073333334
473 -0.0092844073333334
474 -0.0108627073333334
475 -0.0086289073333334
476 -0.0079804073333334
477 -0.0041250073333334
478 0.0006548926666666
479 -0.0003348073333334
480 -0.0035573073333334
481 -0.0000683073333334
482 0.0045521926666666
483 0.0057866926666666
484 0.0049449926666666
485 0.0005500926666666
486 0.0078486926666666
487 0.0114122926666666
488 0.0111963926666666
489 0.0261187926666666
490 0.0309024926666666
491 0.0316863926666666
492 0.0278242926666666
493 0.0334331926666666
494 0.0287480926666666
495 0.0213571926666666
496 0.0288654926666666
497 0.0306102926666666
498 0.0266218926666666
499 0.0312325926666666
500 0.0216760926666666
501 0.0178946926666666
502 0.0104934926666666
503 0.0176220926666666
504 0.0226185926666666
505 0.0201149926666666
506 0.0156344926666666
507 0.0135816926666666
508 0.0133922926666666
509 0.0145747926666666
510 0.0122864926666666
511 0.0132199926666666
512 0.0132210926666666
513 0.0169911926666666
514 0.0119023926666666
515 0.0120317926666666
516 0.0107923926666666
517 0.0140170926666666
518 0.0076251926666666
519 0.0030887926666666
520 0.0022723926666666
521 -0.0035203073333334
522 -0.0036281073333334
523 -0.0092370073333334
524 -0.0115163073333334
525 -0.0121004073333334
526 -0.0113272073333334
527 -0.0145389073333334
528 -0.0164632073333334
529 -0.0172769073333334
530 -0.0206103073333334
531 -0.0192533073333334
532 -0.0232974073333334
533 -0.0238108073333334
534 -0.0242724073333334
535 -0.0245069073333334
536 -0.0247230073333334
537 -0.0255312073333334
538 -0.0241444073333334
539 -0.0238260073333334
540 -0.0250451073333334
541 -0.0235153073333334
542 -0.0214322073333334
543 -0.0165755073333334
544 -0.0180614073333334
545 -0.0208850073333334
546 -0.0217414073333334
547 -0.0217697073333334
548 -0.0200746073333334
549 -0.0181721073333334
550 -0.0212494073333334
551 -0.0210318073333334
552 -0.0204343073333334
553 -0.0216068073333334
554 -0.0167700073333334
555 -0.0184939073333334
556 -0.0167095073333334
557 -0.0122632073333334
558 -0.0106660073333334
559 -0.0095978073333334
560 -0.0084049073333334
561 -0.0084444073333334
562 -0.0069175073333334
563 -0.0086925073333334
564 -0.0096481073333334
565 -0.0086684073333334
566 -0.0132886073333334
567 -0.0149473073333334
568 -0.0155383073333334
569 -0.0178039073333334
570 -0.0171568073333334
571 -0.0155142073333334
572 -0.0153202073333334
573 -0.0136972073333334
574 -0.0156974073333334
575 -0.0142670073333334
576 -0.0132926073333334
577 -0.0071290073333334
578 -0.0040533073333334
579 -0.0091100073333334
580 -0.0112566073333334
581 -0.0146266073333334
582 -0.0102694073333334
583 -0.0032721073333334
584 -0.0006479073333334
585 -0.0075441073333334
586 -0.0117001073333334
587 -0.0065429073333334
588 -0.0062937073333334
589 -0.0015603073333334
590 -0.0050598073333334
591 -0.0023522073333334
592 -0.0020645073333334
593 -0.0077660073333334
594 -0.0080521073333334
595 -0.0054040073333334
596 -0.0090942073333334
597 -0.0134068073333334
598 -0.0121672073333334
599 -0.0143810073333334
600 -0.0111454073333334
1 -0.0032642073333334
2 -0.0074420073333334
3 -0.0056812073333334
4 -0.0100135073333334
5 -0.0136062073333334
6 -0.0107789073333334
7 -0.0076747073333334
8 -0.0116932073333334
9 -0.0079702073333334
10 -0.0126363073333334
11 -0.0055991073333334
12 -0.0084423073333334
13 -0.0060711073333334
14 -0.0050924073333334
15 -0.0085610073333334
16 -0.0078631073333334
17 -0.0037309073333334
18 -0.0033447073333334
19 -0.0039405073333334
20 -0.0031330073333334
21 -0.0023373073333334
22 -0.0087535073333334
23 -0.0068655073333334
24 -0.0073289073333334
25 -0.0062170073333334
26 -0.0077730073333334
27 -0.0073652073333334
28 -0.0123492073333334
29 -0.0093774073333334
30 -0.0114911073333334
31 -0.0103725073333334
32 -0.0158054073333334
33 -0.0190477073333334
34 -0.0213236073333334
35 -0.0242036073333334
36 -0.0242493073333334
37 -0.0268763073333334
38 -0.0289746073333334
39 -0.0311807073333334
40 -0.0314272073333334
41 -0.0303779073333334
42 -0.0310640073333334
43 -0.0320443073333334
44 -0.0333087073333334
45 -0.0337976073333334
46 -0.0359301073333334
47 -0.0345559073333334
48 -0.0320703073333334
49 -0.0329253073333334
50 -0.0329728073333334
51 -0.0344643073333334
52 -0.0326525073333334
53 -0.0345195073333334
54 -0.0327016073333334
55 -0.0319539073333334
56 -0.0351226073333334
57 -0.0351196073333334
58 -0.0330599073333334
59 -0.0340585073333334
60 -0.0295496073333334
61 -0.0270337073333334
62 -0.0247996073333334
63 -0.0253597073333334
64 -0.0251348073333334
65 -0.0170757073333334
66 -0.0149712073333334
67 -0.0154045073333334
68 -0.0096402073333334
69 -0.0107365073333334
70 -0.0098026073333334
71 -0.0130773073333334
72 -0.0095163073333334
73 -0.0107724073333334
74 -0.0103747073333334
75 -0.0110891073333334
76 -0.0113525073333334
77 -0.0051924073333334
78 -0.0060524073333334
79 -0.0075531073333334
80 0.0041388926666666
81 0.0021606926666666
82 0.0045438926666666
83 0.0038825926666666
84 -0.0030964073333334
85 -0.0009914073333334
86 -0.0014929073333334
87 -0.0014542073333334
88 0.0019854926666666
89 0.0046671926666666
90 0.0078946926666666
91 0.0053603926666666
92 0.0074218926666666
93 0.0035953926666666
94 0.0020300926666666
95 0.0096684926666666
96 0.0173099926666666
97 0.0146608926666666
98 0.0106146926666666
99 0.0097073926666666
100 0.0116200926666666
101 0.0015085926666666
102 0.0035800926666666
103 0.0024297926666666
104 0.0027926926666666
105 0.0077179926666666
106 0.0058413926666666
107 0.0107320926666666
108 0.0109902926666666
109 0.0071389926666666
110 0.0011072926666666
111 -0.0065840073333334
112 -0.0043585073333334
113 -0.0019198073333334
114 -0.0039103073333334
115 -0.0000841073333334
116 0.0050720926666666
117 0.0018488926666666
118 0.0037377926666666
119 0.0029461926666666
120 0.0019937926666666
121 0.0031537926666666
122 0.0024653926666666
123 -0.0020659073333334
124 -0.0029677073333334
125 -0.0037317073333334
126 -0.0032847073333334
127 -0.0056771073333334
128 -0.0114521073333334
129 -0.0119262073333334
130 -0.0143056073333334
131 -0.0145378073333334
132 -0.0174543073333334
133 -0.0211856073333334
134 -0.0233797073333334
135 -0.0225099073333334
136 -0.0207170073333334
137 -0.0240060073333334
138 -0.0252354073333334
139 -0.0261262073333334
140 -0.0246599073333334
141 -0.0230464073333334
142 -0.0295230073333334
143 -0.0304603073333334
144 -0.0295099073333334
145 -0.0296234073333334
146 -0.0282057073333334
147 -0.0278215073333334
148 -0.0252891073333334
149 -0.0236081073333334
150 -0.0286147073333334
151 -0.0275651073333334
152 -0.0250978073333334
153 -0.0239375073333334
154 -0.0250570073333334
155 -0.0238065073333334
156 -0.0264813073333334
157 -0.0290196073333334
158 -0.0280510073333334
159 -0.0282660073333334
160 -0.0224971073333334
161 -0.0228297073333334
162 -0.0251678073333334
163 -0.0215468073333334
164 -0.0175487073333334
165 -0.0190356073333334
166 -0.0209830073333334
167 -0.0155167073333334
168 -0.0157250073333334
169 -0.0156437073333334
170 -0.0102575073333334
171 -0.0080691073333334
172 -0.0120717073333334
173 -0.0118720073333334
174 -0.0112959073333334
175 -0.0097002073333334
176 -0.0037671073333334
177 -0.0033971073333334
178 -0.0014607073333334
179 -0.0012096073333334
180 -0.0008286073333334
181 0.0051948926666666
182 0.0061499926666666
183 0.0034988926666666
184 0.0130190926666666
185 0.0042429926666666
186 -0.0035076073333334
187 -0.0002734073333334
188 0.0006517926666666
189 -0.0055835073333334
190 -0.0099483073333334
191 -0.0131039073333334
192 -0.0127625073333334
193 -0.0120282073333334
194 -0.0095017073333334
195 -0.0133783073333334
196 -0.0134089073333334
197 -0.0124401073333334
198 -0.0127370073333334
199 -0.0118499073333334
200 -0.0087729073333334
201 -0.0093587073333334
202 -0.0102796073333334
203 -0.0130848073333334
204 -0.0105864073333334
205 -0.0075661073333334
206 -0.0056115073333334
207 -0.0050928073333334
208 -0.0094737073333334
209 -0.0081370073333334
210 -0.0078908073333334
211 -0.0026766073333334
212 -0.0047492073333334
213 -0.0087518073333334
214 -0.0083431073333334
215 -0.0057770073333334
216 -0.0140453073333334
217 -0.0094551073333334
218 -0.0096446073333334
219 -0.0141090073333334
220 -0.0129621073333334
221 -0.0156187073333334
222 -0.0161668073333334
223 -0.0151723073333334
224 -0.0125162073333334
225 -0.0130533073333334
226 -0.0092862073333334
227 -0.0089820073333334
228 -0.0042864073333334
229 -0.0042803073333334
230 -0.0018824073333334
231 -0.0027337073333334
232 -0.0054666073333334
233 -0.0065824073333334
234 -0.0032521073333334
235 -0.0034033073333334
236 -0.0019907073333334
237 -0.0027246073333334
238 -0.0019965073333334
239 0.0016689926666666
240 -0.0057329073333334
241 -0.0062920073333334
242 -0.0062679073333334
243 -0.0102461073333334
244 -0.0116591073333334
245 -0.0173736073333334
246 -0.0204076073333334
247 -0.0172239073333334
248 -0.0223393073333334
249 -0.0216483073333334
250 -0.0199977073333334
251 -0.0213239073333334
252 -0.0200912073333334
253 -0.0196335073333334
254 -0.0212495073333334
255 -0.0211757073333334
256 -0.0234834073333334
257 -0.0247769073333334
258 -0.0241082073333334
259 -0.0262726073333334
260 -0.0261259073333334
261 -0.0251741073333334
262 -0.0270774073333334
263 -0.0270465073333334
264 -0.0242036073333334
265 -0.0249254073333334
266 -0.0240475073333334
267 -0.0227036073333334
268 -0.0187683073333334
269 -0.0218918073333334
270 -0.0275657073333334
271 -0.0255487073333334
272 -0.0236155073333334
273 -0.0264770073333334
274 -0.0286704073333334
275 -0.0287870073333334
276 -0.0300860073333334
277 -0.0312546073333334
278 -0.0343127073333334
279 -0.0322655073333334
280 -0.0300479073333334
281 -0.0310133073333334
282 -0.0283025073333334
283 -0.0242485073333334
284 -0.0235350073333334
285 -0.0234726073333334
286 -0.0217877073333334
287 -0.0215408073333334
288 -0.0209789073333334
289 -0.0200090073333334
290 -0.0205391073333334
291 -0.0137327073333334
292 -0.0108677073333334
293 -0.0043010073333334
294 -0.0041459073333334
295 0.0018125926666666
296 0.0065391926666666
297 0.0035804926666666
298 0.0021582926666666
299 0.0040503926666666
300 -0.0020587073333334
301 0.0012135926666666
302 0.0015093926666666
303 -0.0069401073333334
304 -0.0062269073333334
305 -0.0012530073333334
306 -0.0042366073333334
307 -0.0053260073333334
308 -0.0098681073333334
309 -0.0094418073333334
310 -0.0122456073333334
311 -0.0176845073333334
312 -0.0171047073333334
313 -0.0161056073333334
314 -0.0145315073333334
315 -0.0111390073333334
316 -0.0122826073333334
317 -0.0115380073333334
318 -0.0133645073333334
319 -0.0162950073333334
320 -0.0144540073333334
321 -0.0085793073333334
322 -0.0069846073333334
323 -0.0068960073333334
324 -0.0055157073333334
325 -0.0050003073333334
326 -0.0060543073333334
327 -0.0124338073333334
328 -0.0088420073333334
329 -0.0103798073333334
330 -0.0062273073333334
331 -0.0002803073333334
332 -0.0022694073333334
333 -0.0014265073333334
334 0.0009218926666666
335 -0.0018123073333334
336 -0.0032240073333334
337 0.0016568926666666
338 0.0085767926666666
339 0.0060488926666666
340 0.0109155926666666
341 0.0097499926666666
342 0.0078893926666666
343 0.0105273926666666
344 0.0056544926666666
345 0.0000879926666666
346 -0.0054786073333334
347 -0.0052837073333334
348 0.0005051926666666
349 -0.0038352073333334
350 -0.0094145073333334
351 -0.0104539073333334
352 -0.0077773073333334
353 -0.0082935073333334
354 -0.0060767073333334
355 -0.0043137073333334
356 -0.0049700073333334
357 -0.0085386073333334
358 -0.0107392073333334
359 -0.0118482073333334
360 -0.0169156073333334
361 -0.0217398073333334
362 -0.0244585073333334
363 -0.0259449073333334
364 -0.0230023073333334
365 -0.0251215073333334
366 -0.0267513073333334
367 -0.0274670073333334
368 -0.0274477073333334
369 -0.0276844073333334
370 -0.0285051073333334
371 -0.0305697073333334
372 -0.0312342073333334
373 -0.0342474073333334
374 -0.0341712073333334
375 -0.0313894073333334
376 -0.0302352073333334
377 -0.0290121073333334
378 -0.0266996073333334
379 -0.0273378073333334
380 -0.0287409073333334
381 -0.0302360073333334
382 -0.0334825073333334
383 -0.0294454073333334
384 -0.0313774073333334
385 -0.0300946073333334
386 -0.0297803073333334
387 -0.0308363073333334
388 -0.0342079073333334
389 -0.0347720073333334
390 -0.0353827073333334
391 -0.0339475073333334
392 -0.0321776073333334
393 -0.0320538073333334
394 -0.0301347073333334
395 -0.0241164073333334
396 -0.0240589073333334
397 -0.0276199073333334
398 -0.0219439073333334
399 -0.0230939073333334
400 -0.0195511073333334
401 -0.0170342073333334
402 -0.0172046073333334
403 -0.0165662073333334
404 -0.0181093073333334
405 -0.0206850073333334
406 -0.0180357073333334
407 -0.0181725073333334
408 -0.0202329073333334
409 -0.0194553073333334
410 -0.0196730073333334
411 -0.0181590073333334
412 -0.0155760073333334
413 -0.0168071073333334
414 -0.0190434073333334
415 -0.0227789073333334
416 -0.0200501073333334
417 -0.0191314073333334
418 -0.0201733073333334
419 -0.0232343073333334
420 -0.0266432073333334
421 -0.0282908073333334
422 -0.0285447073333334
423 -0.0264714073333334
424 -0.0272371073333334
425 -0.0242344073333334
426 -0.0236044073333334
427 -0.0243610073333334
428 -0.0189230073333334
429 -0.0139898073333334
430 -0.0158123073333334
431 -0.0181310073333334
432 -0.0150777073333334
433 -0.0163505073333334
434 -0.0189086073333334
435 -0.0219639073333334
436 -0.0217991073333334
437 -0.0248015073333334
438 -0.0270098073333334
439 -0.0277370073333334
440 -0.0240710073333334
441 -0.0223593073333334
442 -0.0222793073333334
443 -0.0199994073333334
444 -0.0199297073333334
445 -0.0172860073333334
446 -0.0157049073333334
447 -0.0148358073333334
448 -0.0111796073333334
449 -0.0120568073333334
450 -0.0101072073333334
451 -0.0086364073333334
452 0.0008753926666666
453 0.0039917926666666
454 0.0065368926666666
455 0.0059657926666666
456 0.0096562926666666
457 0.0137246926666666
458 0.0268071926666666
459 0.0212663926666666
460 0.0196915926666666
461 0.0217428926666666
462 0.0197857926666666
463 0.0101709926666666
464 0.0080433926666666
465 0.0098396926666666
466 0.0054603926666666
467 0.0001032926666666
468 0.0037168926666666
469 -0.0008782073333334
470 0.0043756926666666
471 -0.0016476073333334
472 -0.0042787073333334
473 -0.0060121073333334
474 -0.0029388073333334
475 -0.0033222073333334
476 -0.0074074073333334
477 -0.0116475073333334
478 -0.0127652073333334
479 -0.0173502073333334
480 -0.0133565073333334
481 -0.0112178073333334
482 -0.0184534073333334
483 -0.0147842073333334
484 -0.0168413073333334
485 -0.0196142073333334
486 -0.0143995073333334
487 -0.0124495073333334
488 -0.0162138073333334
489 -0.0163757073333334
490 -0.0102963073333334
491 -0.0125500073333334
492 -0.0063626073333334
493 -0.0008633073333334
494 0.0010891926666666
495 -0.0030364073333334
496 -0.0006484073333334
497 0.0001205926666666
498 0.0052347926666666
499 0.0103791926666666
500 0.0106097926666666
501 0.0110858926666666
502 0.0109343926666666
503 0.0139167926666666
504 0.0190052926666666
505 0.0248976926666666
506 0.0132414926666666
507 0.0115762926666666
508 0.0114654926666666
509 0.0091465926666666
510 0.0073110926666666
511 0.0098514926666666
512 0.0136865926666666
513 0.0070520926666666
514 0.0156130926666666
515 0.0104240926666666
516 0.0122525926666666
517 0.0065328926666666
518 0.0061302926666666
519 0.0104791926666666
520 0.0097455926666666
521 0.0130373926666666
522 0.0231198926666666
523 0.0268849926666666
524 0.0227548926666666
525 0.0252561926666666
526 0.0290317926666666
527 0.0281471926666666
528 0.0284674926666666
529 0.0297989926666666
530 0.0357001926666666
531 0.0339068926666666
532 0.0344573926666666
533 0.0358487926666666
534 0.0403566926666666
535 0.0448836926666666
536 0.0478064926666666
537 0.0418976926666666
538 0.0495157926666666
539 0.0491752926666666
540 0.0455826926666666
541 0.0516611926666666
542 0.0491690926666666
543 0.0577996926666666
544 0.0407168926666666
545 0.0402710926666666
546 0.0342186926666666
547 0.0354111926666666
548 0.0297498926666666
549 0.0227096926666666
550 0.0184785926666666
551 0.0125343926666666
552 0.0048174926666666
553 0.0061238926666666
554 0.0041312926666666
555 0.0057525926666666
556 0.0131863926666666
557 0.0125153926666666
558 0.0138684926666666
559 0.0140980926666666
560 0.0106569926666666
561 0.0045894926666666
562 -0.0030047073333334
563 -0.0088081073333334
564 -0.0127290073333334
565 -0.0169186073333334
566 -0.0147285073333334
567 -0.0128240073333334
568 -0.0142832073333334
569 -0.0123108073333334
570 -0.0151897073333334
571 -0.0191726073333334
572 -0.0224630073333334
573 -0.0225899073333334
574 -0.0245417073333334
575 -0.0250267073333334
576 -0.0298547073333334
577 -0.0316030073333334
578 -0.0328622073333334
579 -0.0326849073333334
580 -0.0350417073333334
581 -0.0356705073333334
582 -0.0352803073333334
583 -0.0376940073333334
584 -0.0379946073333334
585 -0.0364909073333334
586 -0.0364499073333334
587 -0.0349587073333334
588 -0.0335779073333334
589 -0.0328890073333334
590 -0.0311204073333334
591 -0.0308590073333334
592 -0.0297630073333334
593 -0.0280142073333334
594 -0.0276359073333334
595 -0.0240639073333334
596 -0.0242962073333334
597 -0.0241140073333334
598 -0.0198905073333334
599 -0.0185134073333334
600 -0.0108087073333334
1 -0.0046822073333334
2 -0.0062368073333334
3 -0.0104452073333334
4 -0.0059032073333334
5 -0.0043010073333334
6 -0.0072045073333334
7 -0.0119222073333334
8 -0.0119639073333334
9 -0.0091895073333334
10 -0.0083314073333334
11 -0.0057652073333334
12 -0.0052960073333334
13 -0.0089035073333334
14 -0.0095777073333334
15 -0.0096866073333334
16 -0.0095194073333334
17 -0.0121585073333334
18 -0.0127501073333334
19 -0.0155122073333334
20 -0.0115956073333334
21 -0.0077286073333334
22 -0.0070052073333334
23 -0.0061381073333334
24 -0.0091929073333334
25 -0.0106669073333334
26 -0.0109944073333334
27 -0.0103260073333334
28 -0.0139968073333334
29 -0.0121277073333334
30 -0.0134142073333334
31 -0.0135809073333334
32 -0.0177770073333334
33 -0.0196321073333334
34 -0.0180218073333334
35 -0.0184148073333334
36 -0.0169096073333334
37 -0.0141063073333334
38 -0.0166079073333334
39 -0.0164439073333334
40 -0.0177736073333334
41 -0.0174287073333334
42 -0.0189005073333334
43 -0.0181091073333334
44 -0.0194394073333334
45 -0.0200798073333334
46 -0.0228123073333334
47 -0.0240302073333334
48 -0.0254294073333334
49 -0.0278362073333334
50 -0.0275236073333334
51 -0.0281850073333334
52 -0.0273772073333334
53 -0.0268507073333334
54 -0.0259400073333334
55 -0.0272593073333334
56 -0.0261060073333334
57 -0.0282946073333334
58 -0.0323038073333334
59 -0.0344871073333334
60 -0.0339007073333334
61 -0.0300965073333334
62 -0.0313770073333334
63 -0.0316977073333334
64 -0.0311426073333334
65 -0.0322431073333334
66 -0.0289399073333334
67 -0.0290110073333334
68 -0.0292453073333334
69 -0.0313362073333334
70 -0.0283505073333334
71 -0.0300082073333334
72 -0.0277888073333334
73 -0.0294810073333334
74 -0.0233860073333334
75 -0.0138878073333334
76 -0.0037741073333334
77 -0.0035114073333334
78 0.0020997926666666
79 0.0061992926666666
80 0.0125019926666666
81 0.0090757926666666
82 0.0189515926666666
83 0.0214950926666666
84 0.0192090926666666
85 0.0296945926666666
86 0.0365219926666666
87 0.0343977926666666
88 0.0343808926666666
89 0.0347106926666666
90 0.0328318926666666
91 0.0289476926666666
92 0.0296612926666666
93 0.0307535926666666
94 0.0297049926666666
95 0.0365683926666666
96 0.0366202926666666
97 0.0345641926666666
98 0.0304950926666666
99 0.0228778926666666
100 0.0191703926666666
101 0.0193980926666666
102 0.0156530926666666
103 0.0197667926666666
104 0.0223804926666666
105 0.0180313926666666
106 0.0161229926666666
107 0.0116511926666666
108 0.0146859926666666
109 0.0131081926666666
110 0.0110076926666666
111 0.0148374926666666
112 0.0211250926666666
113 0.0197671926666666
114 0.0199918926666666
115 0.0156085926666666
116 0.0156359926666666
117 0.0190630926666666
118 0.0176820926666666
119 0.0136035926666666
120 0.0159451926666666
121 0.0220008926666666
122 0.0273085926666666
123 0.0218345926666666
124 0.0317992926666666
125 0.0441588926666666
126 0.0403332926666666
127 0.0413462926666666
128 0.0393184926666666
129 0.0335841926666666
130 0.0245472926666666
131 0.0150165926666666
132 0.0142117926666666
133 0.0103767926666666
134 0.0107376926666666
135 0.0020884926666666
136 -0.0026360073333334
137 -0.0095788073333334
138 -0.0153909073333334
139 -0.0163620073333334
140 -0.0147879073333334
141 -0.0165731073333334
142 -0.0189384073333334
143 -0.0218311073333334
144 -0.0201001073333334
145 -0.0191186073333334
146 -0.0204004073333334
147 -0.0231798073333334
148 -0.0304371073333334
149 -0.0310776073333334
150 -0.0313806073333334
151 -0.0312640073333334
152 -0.0284758073333334
153 -0.0279757073333334
154 -0.0272915073333334
155 -0.0269865073333334
156 -0.0275053073333334
157 -0.0252254073333334
158 -0.0221438073333334
159 -0.0228144073333334
160 -0.0220578073333334
161 -0.0206502073333334
162 -0.0204023073333334
163 -0.0202764073333334
164 -0.0200489073333334
165 -0.0169953073333334
166 -0.0165033073333334
167 -0.0198735073333334
168 -0.0171851073333334
169 -0.0166142073333334
170 -0.0120377073333334
171 -0.0127028073333334
172 -0.0111842073333334
173 -0.0126445073333334
174 -0.0113770073333334
175 -0.0146285073333334
176 -0.0137203073333334
177 -0.0148662073333334
178 -0.0161594073333334
179 -0.0139321073333334
180 -0.0124432073333334
181 -0.0141979073333334
182 -0.0199685073333334
183 -0.0204874073333334
184 -0.0148243073333334
185 -0.0154965073333334
186 -0.0186111073333334
187 -0.0189817073333334
188 -0.0187066073333334
189 -0.0184681073333334
190 -0.0205111073333334
191 -0.0223773073333334
192 -0.0270652073333334
193 -0.0291228073333334
194 -0.0284558073333334
195 -0.0260914073333334
196 -0.0243152073333334
197 -0.0250310073333334
198 -0.0234197073333334
199 -0.0243054073333334
200 -0.0236735073333334
201 -0.0233769073333334
202 -0.0226852073333334
203 -0.0226051073333334
204 -0.0243511073333334
205 -0.0248990073333334
206 -0.0226300073333334
207 -0.0242723073333334
208 -0.0241173073333334
209 -0.0249870073333334
210 -0.0259208073333334
211 -0.0271250073333334
212 -0.0284767073333334
213 -0.0299727073333334
214 -0.0278093073333334
215 -0.0258156073333334
216 -0.0287017073333334
217 -0.0277156073333334
218 -0.0265520073333334
219 -0.0286190073333334
220 -0.0264823073333334
221 -0.0300266073333334
222 -0.0315300073333334
223 -0.0307875073333334
224 -0.0301467073333334
225 -0.0318067073333334
226 -0.0341734073333334
227 -0.0330465073333334
228 -0.0306085073333334
229 -0.0314015073333334
230 -0.0310314073333334
231 -0.0305640073333334
232 -0.0326719073333334
233 -0.0285106073333334
234 -0.0262745073333334
235 -0.0246528073333334
236 -0.0226993073333334
237 -0.0250204073333334
238 -0.0277798073333334
239 -0.0234795073333334
240 -0.0216793073333334
241 -0.0197875073333334
242 -0.0180102073333334
243 -0.0152580073333334
244 -0.0113140073333334
245 -0.0069802073333334
246 -0.0085021073333334
247 -0.0108993073333334
248 -0.0107854073333334
249 -0.0078068073333334
250 -0.0058693073333334
251 -0.0086292073333334
252 -0.0102173073333334
253 -0.0096656073333334
254 -0.0061942073333334
255 -0.0066622073333334
256 -0.0036400073333334
257 -0.0069794073333334
258 -0.0074140073333334
259 -0.0067849073333334
260 -0.0072982073333334
261 -0.0059407073333334
262 -0.0070650073333334
263 -0.0039802073333334
264 -0.0043832073333334
265 -0.0030060073333334
266 -0.0021797073333334
267 -0.0047604073333334
268 -0.0056219073333334
269 -0.0036869073333334
270 -0.0000723073333334
271 0.0005827926666666
272 -0.0029178073333334
273 -0.0024013073333334
274 0.0052003926666666
275 0.0030740926666666
276 0.0023391926666666
277 0.0007230926666666
278 0.0007394926666666
279 0.0049962926666666
280 0.0004452926666666
281 0.0003361926666666
282 0.0018495926666666
283 0.0035884926666666
284 -0.0001086073333334
285 0.0025910926666666
286 0.0052712926666666
287 0.0066442926666666
288 0.0041321926666666
289 -0.0028571073333334
290 -0.0000380073333334
291 -0.0008229073333334
292 -0.0058277073333334
293 -0.0084343073333334
294 -0.0098912073333334
295 -0.0109560073333334
296 -0.0111651073333334
297 -0.0136476073333334
298 -0.0106768073333334
299 -0.0123468073333334
300 -0.0106010073333334
301 -0.0150058073333334
302 -0.0100944073333334
303 -0.0115993073333334
304 -0.0100624073333334
305 -0.0063794073333334
306 -0.0039289073333334
307 -0.0044223073333334
308 -0.0053756073333334
309 -0.0002567073333334
310 -0.0046985073333334
311 -0.0056066073333334
312 -0.0070804073333334
313 -0.0076086073333334
314 -0.0047985073333334
315 -0.0019371073333334
316 -0.0056714073333334
317 -0.0031579073333334
318 0.0053192926666666
319 0.0035605926666666
320 -0.0045903073333334
321 -0.0062188073333334
322 -0.0088057073333334
323 -0.0072737073333334
324 -0.0059439073333334
325 -0.0083048073333334
326 -0.0101626073333334
327 -0.0116873073333334
328 -0.0070296073333334
329 -0.0076297073333334
330 -0.0091674073333334
331 -0.0099713073333334
332 -0.0091491073333334
333 -0.0086523073333334
334 -0.0110094073333334
335 -0.0147694073333334
336 -0.0185775073333334
337 -0.0144579073333334
338 -0.0180893073333334
339 -0.0225638073333334
340 -0.0194434073333334
341 -0.0154149073333334
342 -0.0171529073333334
343 -0.0189753073333334
344 -0.0205278073333334
345 -0.0212512073333334
346 -0.0191358073333334
347 -0.0223238073333334
348 -0.0201469073333334
349 -0.0183911073333334
350 -0.0231643073333334
351 -0.0226340073333334
352 -0.0232500073333334
353 -0.0222133073333334
354 -0.0225267073333334
355 -0.0237070073333334
356 -0.0249334073333334
357 -0.0251551073333334
358 -0.0250837073333334
359 -0.0243547073333334
360 -0.0243317073333334
361 -0.0211056073333334
362 -0.0198356073333334
363 -0.0193231073333334
364 -0.0169401073333334
365 -0.0171544073333334
366 -0.0164845073333334
367 -0.0147486073333334
368 -0.0166770073333334
369 -0.0131605073333334
370 -0.0114914073333334
371 -0.0086952073333334
372 -0.0099187073333334
373 -0.0077405073333334
374 -0.0126416073333334
375 -0.0103038073333334
376 -0.0069826073333334
377 -0.0111447073333334
378 -0.0129548073333334
379 -0.0110613073333334
380 -0.0153566073333334
381 -0.0140439073333334
382 -0.0086903073333334
383 -0.0146861073333334
384 -0.0108551073333334
385 -0.0074873073333334
386 -0.0097179073333334
387 -0.0072550073333334
388 -0.0038660073333334
389 -0.0078925073333334
390 -0.0038289073333334
391 -0.0043776073333334
392 -0.0049870073333334
393 -0.0037870073333334
394 -0.0042080073333334
395 -0.0034120073333334
396 -0.0048500073333334
397 -0.0082537073333334
398 -0.0059792073333334
399 -0.0055531073333334
400 -0.0118731073333334
401 -0.0125501073333334
402 -0.0119178073333334
403 -0.0136201073333334
404 -0.0119728073333334
405 -0.0148983073333334
406 -0.0169375073333334
407 -0.0167297073333334
408 -0.0130940073333334
409 -0.0161933073333334
410 -0.0193325073333334
411 -0.0176464073333334
412 -0.0159401073333334
413 -0.0169233073333334
414 -0.0169890073333334
415 -0.0131494073333334
416 -0.0110923073333334
417 -0.0086154073333334
418 -0.0096797073333334
419 -0.0085608073333334
420 -0.0044656073333334
421 0.0009120926666666
422 0.0024403926666666
423 0.0053806926666666
424 0.0081894926666666
425 0.0129150926666666
426 0.0119043926666666
427 0.0135947926666666
428 0.0093328926666666
429 0.0092789926666666
430 0.0042167926666666
431 0.0014907926666666
432 -0.0009916073333334
433 -0.0014090073333334
434 -0.0006589073333334
435 -0.0061061073333334
436 -0.0083187073333334
437 -0.0102120073333334
438 -0.0089837073333334
439 -0.0162122073333334
440 -0.0111672073333334
441 -0.0063463073333334
442 -0.0080667073333334
443 -0.0086982073333334
444 -0.0077873073333334
445 -0.0068221073333334
446 -0.0096455073333334
447 -0.0079543073333334
448 -0.0051890073333334
449 -0.0040433073333334
450 -0.0020545073333334
451 -0.0003600073333334
452 0.0086137926666666
453 0.0092695926666666
454 0.0069970926666666
455 0.0045533926666666
456 0.0039960926666666
457 0.0085576926666666
458 0.0170360926666666
459 0.0169564926666666
460 0.0205076926666666
461 0.0195254926666666
462 0.0128529926666666
463 0.0210366926666666
464 0.0280033926666666
465 0.0340444926666666
466 0.0311004926666666
467 0.0236826926666666
468 0.0168252926666666
469 0.0059911926666666
470 0.0074955926666666
471 0.0027362926666666
472 -0.0009947073333334
473 0.0010268926666666
474 0.0003462926666666
475 -0.0017534073333334
476 -0.0011327073333334
477 -0.0026660073333334
478 -0.0075384073333334
479 -0.0108935073333334
480 -0.0140876073333334
481 -0.0167806073333334
482 -0.0177351073333334
483 -0.0170251073333334
484 -0.0199195073333334
485 -0.0233636073333334
486 -0.0221247073333334
487 -0.0231888073333334
488 -0.0238278073333334
489 -0.0269046073333334
490 -0.0290533073333334
491 -0.0300976073333334
492 -0.0281168073333334
493 -0.0314825073333334
494 -0.0335294073333334
495 -0.0338607073333334
496 -0.0341645073333334
497 -0.0356035073333334
498 -0.0330840073333334
499 -0.0339247073333334
500 -0.0317605073333334
501 -0.0315054073333334
502 -0.0308901073333334
503 -0.0322219073333334
504 -0.0319317073333334
505 -0.0322358073333334
506 -0.0320728073333334
507 -0.0301137073333334
508 -0.0271833073333334
509 -0.0297208073333334
510 -0.0301887073333334
511 -0.0302563073333334
512 -0.0253665073333334
513 -0.0236955073333334
514 -0.0198226073333334
515 -0.0168607073333334
516 -0.0149188073333334
517 -0.0126923073333334
518 -0.0104074073333334
519 -0.0052397073333334
520 0.0024147926666666
521 0.0045281926666666
522 -0.0000631073333334
523 -0.0022524073333334
524 0.0001006926666666
525 -0.0030995073333334
526 -0.0006527073333334
527 -0.0028369073333334
528 -0.0054007073333334
529 -0.0060327073333334
530 -0.0099245073333334
531 -0.0053912073333334
532 -0.0052190073333334
533 -0.0034219073333334
534 -0.0067077073333334
535 -0.0056995073333334
536 -0.0070792073333334
537 -0.0068678073333334
538 -0.0042061073333334
539 -0.0054275073333334
540 -0.0042217073333334
541 -0.0096334073333334
542 -0.0091501073333334
543 -0.0053634073333334
544 -0.0058042073333334
545 -0.0054021073333334
546 -0.0063501073333334
547 -0.0095871073333334
548 -0.0097798073333334
549 -0.0102588073333334
550 -0.0139282073333334
551 -0.0144752073333334
552 -0.0137321073333334
553 -0.0081241073333334
554 -0.0076286073333334
555 -0.0051564073333334
556 -0.0063572073333334
557 -0.0055531073333334
558 -0.0031417073333334
559 0.0034103926666666
560 0.0088025926666666
561 0.0127885926666666
562 0.0080386926666666
563 0.0059709926666666
564 0.0030174926666666
565 -0.0036945073333334
566 -0.0070224073333334
567 -0.0035646073333334
568 -0.0044099073333334
569 -0.0071465073333334
570 -0.0068933073333334
571 -0.0088070073333334
572 -0.0126239073333334
573 -0.0140089073333334
574 -0.0152965073333334
575 -0.0159749073333334
576 -0.0182541073333334
577 -0.0210053073333334
578 -0.0204747073333334
579 -0.0205868073333334
580 -0.0188935073333334
581 -0.0212346073333334
582 -0.0245471073333334
583 -0.0246017073333334
584 -0.0252537073333334
585 -0.0236876073333334
586 -0.0226031073333334
587 -0.0241064073333334
588 -0.0257546073333334
589 -0.0248779073333334
590 -0.0255863073333334
591 -0.0259465073333334
592 -0.0270448073333334
593 -0.0257503073333334
594 -0.0235370073333334
595 -0.0243754073333334
596 -0.0251177073333334
597 -0.0266168073333334
598 -0.0277181073333334
599 -0.0303954073333334
600 -0.0290194073333334
1 0.0021503926666666
2 -0.0025097073333334
3 -0.0078882073333334
4 -0.0126393073333334
5 -0.0125197073333334
6 -0.0083883073333334
7 -0.0061253073333334
8 -0.0089959073333334
9 -0.0080225073333334
10 -0.0065777073333334
11 -0.0029188073333334
12 -0.0036931073333334
13 -0.0068171073333334
14 -0.0058380073333334
15 -0.0105435073333334
16 -0.0089397073333334
17 -0.0073464073333334
18 -0.0096756073333334
19 -0.0046445073333334
20 -0.0052386073333334
21 -0.0001456073333334
22 0.0012636926666666
23 0.0058863926666666
24 0.0125903926666666
25 0.0148256926666666
26 0.0147414926666666
27 0.0057531926666666
28 0.0110625926666666
29 0.0123749926666666
30 0.0094897926666666
31 0.0049634926666666
32 -0.0031762073333334
33 -0.0061743073333334
34 -0.0058707073333334
35 -0.0092238073333334
36 -0.0060236073333334
37 -0.0074881073333334
38 -0.0085895073333334
39 -0.0065624073333334
40 -0.0069046073333334
41 -0.0090178073333334
42 -0.0126276073333334
43 -0.0143618073333334
44 -0.0144599073333334
45 -0.0138141073333334
46 -0.0143384073333334
47 -0.0170524073333334
48 -0.0135282073333334
49 -0.0165790073333334
50 -0.0174301073333334
51 -0.0169811073333334
52 -0.0208244073333334
53 -0.0184860073333334
54 -0.0180542073333334
55 -0.0219796073333334
56 -0.0227478073333334
57 -0.0194712073333334
58 -0.0232795073333334
59 -0.0243763073333334
60 -0.0254553073333334
61 -0.0252726073333334
62 -0.0248169073333334
63 -0.0268010073333334
64 -0.0289424073333334
65 -0.0313075073333334
66 -0.0297088073333334
67 -0.0262472073333334
68 -0.0251447073333334
69 -0.0225375073333334
70 -0.0193839073333334
71 -0.0185984073333334
72 -0.0140905073333334
73 -0.0088428073333334
74 -0.0059583073333334
75 -0.0049091073333334
76 0.0002164926666666
77 0.0028427926666666
78 0.0020098926666666
79 0.0014126926666666
80 0.0068735926666666
81 0.0072938926666666
82 0.0021638926666666
83 0.0032284926666666
84 0.0018013926666666
85 -0.0010563073333334
86 -0.0061092073333334
87 -0.0057035073333334
88 -0.0047929073333334
89 -0.0044939073333334
90 -0.0116098073333334
91 -0.0117275073333334
92 -0.0137903073333334
93 -0.0186946073333334
94 -0.0167911073333334
95 -0.0182027073333334
96 -0.0192302073333334
97 -0.0180539073333334
98 -0.0188320073333334
99 -0.0182689073333334
100 -0.0199998073333334
101 -0.0205007073333334
102 -0.0201206073333334
103 -0.0209855073333334
104 -0.0212890073333334
105 -0.0203970073333334
106 -0.0233666073333334
107 -0.0193819073333334
108 -0.0176938073333334
109 -0.0142385073333334
110 -0.0147616073333334
111 -0.0095397073333334
112 -0.0111603073333334
113 -0.0101481073333334
114 -0.0030652073333334
115 -0.0020035073333334
116 -0.0023652073333334
117 -0.0014834073333334
118 0.0077009926666666
119 0.0068897926666666
120 0.0096786926666666
121 0.0070723926666666
122 0.0035388926666666
123 -0.0020975073333334
124 -0.0001779073333334
125 -0.0058562073333334
126 -0.0060289073333334
127 -0.0048305073333334
128 -0.0074709073333334
129 -0.0081617073333334
130 -0.0091079073333334
131 -0.0121147073333334
132 -0.0129712073333334
133 -0.0155705073333334
134 -0.0132493073333334
135 -0.0188479073333334
136 -0.0167851073333334
137 -0.0138161073333334
138 -0.0171381073333334
139 -0.0238300073333334
140 -0.0247899073333334
141 -0.0258643073333334
142 -0.0237308073333334
143 -0.0187940073333334
144 -0.0219462073333334
145 -0.0231278073333334
146 -0.0201940073333334
147 -0.0213264073333334
148 -0.0186006073333334
149 -0.0153561073333334
150 -0.0092379073333334
151 -0.0092107073333334
152 -0.0054808073333334
153 -0.0060416073333334
154 -0.0083564073333334
155 -0.0079595073333334
156 -0.0098706073333334
157 -0.0096032073333334
158 -0.0104801073333334
159 -0.0061209073333334
160 -0.0050906073333334
161 -0.0046128073333334
162 0.0003800926666666
163 0.0010060926666666
164 -0.0001405073333334
165 -0.0007357073333334
166 0.0027516926666666
167 -0.0007440073333334
168 -0.0029972073333334
169 -0.0015259073333334
170 -0.0060285073333334
171 -0.0087718073333334
172 -0.0092045073333334
173 -0.0104852073333334
174 -0.0149373073333334
175 -0.0164789073333334
176 -0.0160174073333334
177 -0.0179192073333334
178 -0.0165629073333334
179 -0.0188080073333334
180 -0.0209146073333334
181 -0.0219319073333334
182 -0.0210413073333334
183 -0.0216580073333334
184 -0.0229792073333334
185 -0.0249630073333334
186 -0.0268033073333334
187 -0.0292273073333334
188 -0.0318963073333334
189 -0.0324267073333334
190 -0.0288962073333334
191 -0.0279928073333334
192 -0.0305200073333334
193 -0.0302636073333334
194 -0.0289590073333334
195 -0.0293549073333334
196 -0.0320126073333334
197 -0.0353443073333334
198 -0.0346444073333334
199 -0.0352909073333334
200 -0.0353264073333334
201 -0.0372247073333334
202 -0.0377206073333334
203 -0.0363616073333334
204 -0.0365793073333334
205 -0.0369994073333334
206 -0.0378622073333334
207 -0.0371223073333334
208 -0.0368417073333334
209 -0.0343995073333334
210 -0.0324942073333334
211 -0.0305804073333334
212 -0.0297842073333334
213 -0.0286418073333334
214 -0.0253021073333334
215 -0.0218442073333334
216 -0.0192797073333334
217 -0.0145194073333334
218 -0.0078860073333334
219 -0.0074585073333334
220 -0.0038725073333334
221 -0.0019950073333334
222 -0.0046773073333334
223 -0.0048450073333334
224 -0.0069805073333334
225 -0.0037394073333334
226 -0.0018693073333334
227 -0.0011134073333334
228 -0.0005954073333334
229 -0.0021207073333334
230 -0.0014596073333334
231 -0.0005239073333334
232 0.0024926926666666
233 -0.0078288073333334
234 -0.0047758073333334
235 -0.0091415073333334
236 -0.0112985073333334
237 -0.0081924073333334
238 -0.0041476073333334
239 -0.0089500073333334
240 -0.0136124073333334
241 -0.0112105073333334
242 -0.0053699073333334
243 -0.0013213073333334
244 -0.0088863073333334
245 -0.0112884073333334
246 -0.0022448073333334
247 0.0026895926666666
248 0.0002897926666666
249 0.0059407926666666
250 0.0072620926666666
251 0.0153416926666666
252 0.0105054926666666
253 0.0053051926666666
254 0.0087626926666666
255 0.0127596926666666
256 0.0124440926666666
257 0.0096433926666666
258 0.0130549926666666
259 0.0076232926666666
260 0.0157477926666666
261 0.0147133926666666
262 0.0156800926666666
263 0.0138710926666666
264 0.0047637926666666
265 0.0030023926666666
266 0.0030731926666666
267 0.0024948926666666
268 0.0031279926666666
269 0.0050273926666666
270 0.0027002926666666
271 0.0030859926666666
272 0.0004556926666666
273 0.0034467926666666
274 0.0046629926666666
275 0.0008069926666666
276 0.0010939926666666
277 -0.0022458073333334
278 -0.0025458073333334
279 -0.0041518073333334
280 -0.0121130073333334
281 -0.0112570073333334
282 -0.0131281073333334
283 -0.0135120073333334
284 -0.0133511073333334
285 -0.0096190073333334
286 -0.0104194073333334
287 -0.0130795073333334
288 -0.0194644073333334
289 -0.0196092073333334
290 -0.0177538073333334
291 -0.0202889073333334
292 -0.0224316073333334
293 -0.0196918073333334
294 -0.0177205073333334
295 -0.0179129073333334
296 -0.0135818073333334
297 -0.0145915073333334
298 -0.0170008073333334
299 -0.0143056073333334
300 -0.0066865073333334
301 -0.0066170073333334
302 -0.0023545073333334
303 0.0000293926666666
304 -0.0009028073333334
305 0.0030233926666666
306 0.0041415926666666
307 0.0087189926666666
308 0.0082773926666666
309 0.0079045926666666
310 0.0033589926666666
311 -0.0020005073333334
312 0.0013056926666666
313 0.0001484926666666
314 0.0017256926666666
315 -0.0023025073333334
316 -0.0017674073333334
317 0.0002082926666666
318 -0.0021588073333334
319 0.0019768926666666
320 -0.0015718073333334
321 -0.0059441073333334
322 -0.0102362073333334
323 -0.0149735073333334
324 -0.0151960073333334
325 -0.0170869073333334
326 -0.0134317073333334
327 -0.0125393073333334
328 -0.0119850073333334
329 -0.0098808073333334
330 -0.0066827073333334
331 -0.0045663073333334
332 -0.0000898073333334
333 0.0014758926666666
334 0.0007994926666666
335 -0.0036594073333334
336 -0.0044572073333334
337 -0.0013383073333334
338 0.0016925926666666
339 -0.0022893073333334
340 0.0020637926666666
341 0.0027865926666666
342 -0.0019465073333334
343 -0.0017212073333334
344 -0.0057614073333334
345 -0.0046154073333334
346 -0.0024192073333334
347 -0.0058472073333334
348 -0.0045896073333334
349 -0.0056461073333334
350 -0.0059331073333334
351 -0.0061323073333334
352 -0.0083614073333334
353 -0.0091480073333334
354 -0.0076946073333334
355 -0.0007669073333334
356 -0.0071245073333334
357 -0.0133925073333334
358 -0.0120954073333334
359 -0.0119675073333334
360 -0.0111445073333334
361 -0.0080024073333334
362 -0.0046001073333334
363 -0.0077548073333334
364 -0.0033212073333334
365 -0.0013458073333334
366 0.0025020926666666
367 0.0014740926666666
368 0.0075602926666666
369 0.0069582926666666
370 0.0140719926666666
371 0.0124543926666666
372 0.0106665926666666
373 0.0196611926666666
374 0.0304178926666666
375 0.0269582926666666
376 0.0320551926666666
377 0.0419543926666666
378 0.0400306926666666
379 0.0386430926666666
380 0.0379651926666666
381 0.0365608926666666
382 0.0320475926666666
383 0.0359745926666666
384 0.0329378926666666
385 0.0285689926666666
386 0.0223480926666666
387 0.0139487926666666
388 0.0148406926666666
389 0.0163636926666666
390 0.0157771926666666
391 0.0153685926666666
392 0.0107563926666666
393 0.0033245926666666
394 -0.0028654073333334
395 -0.0101895073333334
396 -0.0159309073333334
397 -0.0188317073333334
398 -0.0168352073333334
399 -0.0166390073333334
400 -0.0199623073333334
401 -0.0165887073333334
402 -0.0198212073333334
403 -0.0145269073333334
404 -0.0140451073333334
405 -0.0133223073333334
406 -0.0086772073333334
407 -0.0113165073333334
408 -0.0127277073333334
409 -0.0147893073333334
410 -0.0151738073333334
411 -0.0191248073333334
412 -0.0185416073333334
413 -0.0188145073333334
414 -0.0200463073333334
415 -0.0163197073333334
416 -0.0187049073333334
417 -0.0207331073333334
418 -0.0233596073333334
419 -0.0214485073333334
420 -0.0260493073333334
421 -0.0242096073333334
422 -0.0256085073333334
423 -0.0278217073333334
424 -0.0293158073333334
425 -0.0301533073333334
426 -0.0314265073333334
427 -0.0279400073333334
428 -0.0276944073333334
429 -0.0266485073333334
430 -0.0226597073333334
431 -0.0203000073333334
432 -0.0171034073333334
433 -0.0144602073333334
434 -0.0110619073333334
435 -0.0095689073333334
436 -0.0101981073333334
437 -0.0109127073333334
438 -0.0146535073333334
439 -0.0140943073333334
440 -0.0140708073333334
441 -0.0107337073333334
442 -0.0111879073333334
443 -0.0091969073333334
444 -0.0123238073333334
445 -0.0137146073333334
446 -0.0112817073333334
447 -0.0111862073333334
448 -0.0087530073333334
449 -0.0068013073333334
450 -0.0081823073333334
451 -0.0115913073333334
452 -0.0162006073333334
453 -0.0151977073333334
454 -0.0153015073333334
455 -0.0117938073333334
456 -0.0121388073333334
457 -0.0131666073333334
458 -0.0154672073333334
459 -0.0146899073333334
460 -0.0174606073333334
461 -0.0140507073333334
462 -0.0147866073333334
463 -0.0132757073333334
464 -0.0152099073333334
465 -0.0157771073333334
466 -0.0129250073333334
467 -0.0177191073333334
468 -0.0192455073333334
469 -0.0197755073333334
470 -0.0181709073333334
471 -0.0188616073333334
472 -0.0187429073333334
473 -0.0185384073333334
474 -0.0209193073333334
475 -0.0206204073333334
476 -0.0203455073333334
477 -0.0172939073333334
478 -0.0180992073333334
479 -0.0131329073333334
480 -0.0080467073333334
481 -0.0117596073333334
482 -0.0076778073333334
483 -0.0068233073333334
484 -0.0119721073333334
485 -0.0083202073333334
486 -0.0014053073333334
487 0.0025431926666666
488 0.0066035926666666
489 0.0085397926666666
490 0.0142495926666666
491 0.0138955926666666
492 0.0206002926666666
493 0.0262796926666666
494 0.0241497926666666
495 0.0256340926666666
496 0.0187243926666666
497 0.0157475926666666
498 0.0158887926666666
499 0.0156616926666666
500 0.0154659926666666
501 0.0149242926666666
502 0.0117793926666666
503 0.0060916926666666
504 0.0068366926666666
505 -0.0009658073333334
506 -0.0059929073333334
507 -0.0101335073333334
508 -0.0107697073333334
509 -0.0130262073333334
510 -0.0145684073333334
511 -0.0183665073333334
512 -0.0224334073333334
513 -0.0225778073333334
514 -0.0242732073333334
515 -0.0276890073333334
516 -0.0310607073333334
517 -0.0325830073333334
518 -0.0321999073333334
519 -0.0333943073333334
520 -0.0324983073333334
521 -0.0352372073333334
522 -0.0370244073333334
523 -0.0385854073333334
524 -0.0400790073333334
525 -0.0374142073333334
526 -0.0369281073333334
527 -0.0393436073333334
528 -0.0369789073333334
529 -0.0362377073333334
530 -0.0367493073333334
531 -0.0347677073333334
532 -0.0348975073333334
533 -0.0356549073333334
534 -0.0352167073333334
535 -0.0319466073333334
536 -0.0307328073333334
537 -0.0282155073333334
538 -0.0248531073333334
539 -0.0223874073333334
540 -0.0163634073333334
541 -0.0143119073333334
542 -0.0145817073333334
543 -0.0090111073333334
544 -0.0053105073333334
545 0.0025134926666666
546 0.0097502926666666
547 0.0070786926666666
548 0.0131083926666666
549 0.0103629926666666
550 0.0130507926666666
551 0.0090103926666666
552 0.0063024926666666
553 0.0072456926666666
554 0.0072217926666666
555 0.0068617926666666
556 0.0092004926666666
557 0.0100551926666666
558 0.0094785926666666
559 0.0147267926666666
560 0.0163428926666666
561 0.0113624926666666
562 0.0108563926666666
563 0.0089798926666666
564 0.0059539926666666
565 0.0016086926666666
566 -0.0044595073333334
567 -0.0064769073333334
568 -0.0097171073333334
569 -0.0125572073333334
570 -0.0145536073333334
571 -0.0160181073333334
572 -0.0166813073333334
573 -0.0189079073333334
574 -0.0204179073333334
575 -0.0226491073333334
576 -0.0241003073333334
577 -0.0233856073333334
578 -0.0258563073333334
579 -0.0249311073333334
580 -0.0255454073333334
581 -0.0271543073333334
582 -0.0323259073333334
583 -0.0318736073333334
584 -0.0284779073333334
585 -0.0315626073333334
586 -0.0321291073333334
587 -0.0279857073333334
588 -0.0255751073333334
589 -0.0248914073333334
590 -0.0254237073333334
591 -0.0219930073333334
592 -0.0211018073333334
593 -0.0189308073333334
594 -0.0178610073333334
595 -0.0204841073333334
596 -0.0204659073333334
597 -0.0155279073333334
598 -0.0091290073333334
599 -0.0094228073333334
600 -0.0139926073333334
1 0.0052625926666666
2 0.0040517926666666
3 -0.0037780073333334
4 -0.0011473073333334
5 -0.0008303073333334
6 -0.0048809073333334
7 -0.0064016073333334
8 -0.0061718073333334
9 -0.0098010073333334
10 -0.0112002073333334
11 -0.0065845073333334
12 -0.0082706073333334
13 -0.0122598073333334
14 -0.0059642073333334
15 0.0019390926666666
16 -0.0012490073333334
17 -0.0026473073333334
18 -0.0062781073333334
19 -0.0056586073333334
20 -0.0073390073333334
21 -0.0093395073333334
22 -0.0041313073333334
23 -0.0086901073333334
24 -0.0089622073333334
25 -0.0122850073333334
26 -0.0117716073333334
27 -0.0115271073333334
28 -0.0084085073333334
29 -0.0074476073333334
30 -0.0056164073333334
31 -0.0004162073333334
32 -0.0020478073333334
33 0.0002544926666666
34 0.0008771926666666
35 -0.0040563073333334
36 -0.0024477073333334
37 -0.0019353073333334
38 -0.0037967073333334
39 -0.0056425073333334
40 -0.0017864073333334
41 -0.0003207073333334
42 0.0018004926666666
43 -0.0035133073333334
44 -0.0092939073333334
45 -0.0115731073333334
46 -0.0143374073333334
47 -0.0166080073333334
48 -0.0196875073333334
49 -0.0222713073333334
50 -0.0235934073333334
51 -0.0252745073333334
52 -0.0258334073333334
53 -0.0276272073333334
54 -0.0302368073333334
55 -0.0303815073333334
56 -0.0302616073333334
57 -0.0292527073333334
58 -0.0311576073333334
59 -0.0345970073333334
60 -0.0369097073333334
61 -0.0364081073333334
62 -0.0356999073333334
63 -0.0343766073333334
64 -0.0357638073333334
65 -0.0358750073333334
66 -0.0366785073333334
67 -0.0366248073333334
68 -0.0341777073333334
69 -0.0335378073333334
70 -0.0332781073333334
71 -0.0351701073333334
72 -0.0330090073333334
73 -0.0292634073333334
74 -0.0280422073333334
75 -0.0268268073333334
76 -0.0226610073333334
77 -0.0171726073333334
78 -0.0100194073333334
79 -0.0095061073333334
80 -0.0068114073333334
81 -0.0078073073333334
82 -0.0087889073333334
83 -0.0090099073333334
84 -0.0101198073333334
85 -0.0071400073333334
86 -0.0094411073333334
87 -0.0088887073333334
88 -0.0094721073333334
89 -0.0082651073333334
90 -0.0135564073333334
91 -0.0122023073333334
92 -0.0127996073333334
93 -0.0099865073333334
94 -0.0097137073333334
95 -0.0062987073333334
96 -0.0103185073333334
97 -0.0091924073333334
98 -0.0072881073333334
99 -0.0100739073333334
100 -0.0014028073333334
101 -0.0047653073333334
102 -0.0020803073333334
103 -0.0036359073333334
104 0.0003391926666666
105 0.0028927926666666
106 -0.0022272073333334
107 -0.0042296073333334
108 -0.0055936073333334
109 -0.0082357073333334
110 -0.0097468073333334
111 -0.0091684073333334
112 -0.0095066073333334
113 -0.0081688073333334
114 -0.0089356073333334
115 -0.0081601073333334
116 -0.0128397073333334
117 -0.0118137073333334
118 -0.0125888073333334
119 -0.0146327073333334
120 -0.0118779073333334
121 -0.0143650073333334
122 -0.0167606073333334
123 -0.0142791073333334
124 -0.0189258073333334
125 -0.0179908073333334
126 -0.0196144073333334
127 -0.0186515073333334
128 -0.0150476073333334
129 -0.0139276073333334
130 -0.0152864073333334
131 -0.0125301073333334
132 -0.0132226073333334
133 -0.0160798073333334
134 -0.0131954073333334
135 -0.0125970073333334
136 -0.0108719073333334
137 -0.0073838073333334
138 -0.0052682073333334
139 -0.0085779073333334
140 -0.0056241073333334
141 -0.0031136073333334
142 -0.0065338073333334
143 -0.0080962073333334
144 -0.0151331073333334
145 -0.0151068073333334
146 -0.0135155073333334
147 -0.0126514073333334
148 -0.0177711073333334
149 -0.0171043073333334
150 -0.0190417073333334
151 -0.0214882073333334
152 -0.0242177073333334
153 -0.0252885073333334
154 -0.0272103073333334
155 -0.0277513073333334
156 -0.0296107073333334
157 -0.0295763073333334
158 -0.0298507073333334
159 -0.0305933073333334
160 -0.0289887073333334
161 -0.0312489073333334
162 -0.0333193073333334
163 -0.0333306073333334
164 -0.0347977073333334
165 -0.0359691073333334
166 -0.0381948073333334
167 -0.0378598073333334
168 -0.0395953073333334
169 -0.0404479073333334
170 -0.0401903073333334
171 -0.0406217073333334
172 -0.0416380073333334
173 -0.0423431073333334
174 -0.0427574073333334
175 -0.0422480073333334
176 -0.0407358073333334
177 -0.0402818073333334
178 -0.0420928073333334
179 -0.0417303073333334
180 -0.0410982073333334
181 -0.0417815073333334
182 -0.0413117073333334
183 -0.0394051073333334
184 -0.0393259073333334
185 -0.0402036073333334
186 -0.0392659073333334
187 -0.0374825073333334
188 -0.0388637073333334
189 -0.0394762073333334
190 -0.0392627073333334
191 -0.0417450073333334
192 -0.0421859073333334
193 -0.0428496073333334
194 -0.0436617073333334
195 -0.0431592073333334
196 -0.0410389073333334
197 -0.0415604073333334
198 -0.0428305073333334
199 -0.0434490073333334
200 -0.0443651073333334
201 -0.0461415073333334
202 -0.0455096073333334
203 -0.0455817073333334
204 -0.0452357073333334
205 -0.0441637073333334
206 -0.0445962073333334
207 -0.0460118073333334
208 -0.0461217073333334
209 -0.0455755073333334
210 -0.0469754073333334
211 -0.0456687073333334
212 -0.0450650073333334
213 -0.0453693073333334
214 -0.0453434073333334
215 -0.0447254073333334
216 -0.0441600073333334
217 -0.0453414073333334
218 -0.0460037073333334
219 -0.0439811073333334
220 -0.0404758073333334
221 -0.0394180073333334
222 -0.0385293073333334
223 -0.0385887073333334
224 -0.0374710073333334
225 -0.0368161073333334
226 -0.0342325073333334
227 -0.0332903073333334
228 -0.0335636073333334
229 -0.0325485073333334
230 -0.0306409073333334
231 -0.0267737073333334
232 -0.0243021073333334
233 -0.0252246073333334
234 -0.0227168073333334
235 -0.0202166073333334
236 -0.0191851073333334
237 -0.0212942073333334
238 -0.0201531073333334
239 -0.0178502073333334
240 -0.0125087073333334
241 -0.0099826073333334
242 -0.0039998073333334
243 0.0031072926666666
244 0.0061130926666666
245 0.0101161926666666
246 0.0108582926666666
247 0.0116584926666666
248 0.0103855926666666
249 0.0089684926666666
250 0.0058355926666666
251 0.0013754926666666
252 0.0045621926666666
253 0.0021899926666666
254 0.0005538926666666
255 0.0029476926666666
256 0.0059894926666666
257 0.0028856926666666
258 -0.0007173073333334
259 -0.0048479073333334
260 -0.0043059073333334
261 -0.0093726073333334
262 -0.0077148073333334
263 -0.0138717073333334
264 -0.0126973073333334
265 -0.0103178073333334
266 -0.0119030073333334
267 -0.0147439073333334
268 -0.0129303073333334
269 -0.0090892073333334
270 -0.0096926073333334
271 -0.0117185073333334
272 -0.0159328073333334
273 -0.0146119073333334
274 -0.0147576073333334
275 -0.0155014073333334
276 -0.0176517073333334
277 -0.0132952073333334
278 -0.0146499073333334
279 -0.0172654073333334
280 -0.0150763073333334
281 -0.0141205073333334
282 -0.0180820073333334
283 -0.0179674073333334
284 -0.0170828073333334
285 -0.0153769073333334
286 -0.0154332073333334
287 -0.0129397073333334
288 -0.0109678073333334
289 -0.0157703073333334
290 -0.0107195073333334
291 -0.0102195073333334
292 -0.0136110073333334
293 -0.0137159073333334
294 -0.0166693073333334
295 -0.0177675073333334
296 -0.0171895073333334
297 -0.0185088073333334
298 -0.0204856073333334
299 -0.0190568073333334
300 -0.0206778073333334
301 -0.0193539073333334
302 -0.0183583073333334
303 -0.0183305073333334
304 -0.0186313073333334
305 -0.0202649073333334
306 -0.0183879073333334
307 -0.0207427073333334
308 -0.0227313073333334
309 -0.0242752073333334
310 -0.0241422073333334
311 -0.0259923073333334
312 -0.0285461073333334
313 -0.0273015073333334
314 -0.0272604073333334
315 -0.0271561073333334
316 -0.0285582073333334
317 -0.0296197073333334
318 -0.0267481073333334
319 -0.0265471073333334
320 -0.0296426073333334
321 -0.0310265073333334
322 -0.0272681073333334
323 -0.0264601073333334
324 -0.0269906073333334
325 -0.0266043073333334
326 -0.0262142073333334
327 -0.0213856073333334
328 -0.0245930073333334
329 -0.0251609073333334
330 -0.0247116073333334
331 -0.0231969073333334
332 -0.0244524073333334
333 -0.0235240073333334
334 -0.0234600073333334
335 -0.0221681073333334
336 -0.0207786073333334
337 -0.0215258073333334
338 -0.0218392073333334
339 -0.0210030073333334
340 -0.0241711073333334
341 -0.0275654073333334
342 -0.0268764073333334
343 -0.0243887073333334
344 -0.0226984073333334
345 -0.0245065073333334
346 -0.0294839073333334
347 -0.0280493073333334
348 -0.0262638073333334
349 -0.0275546073333334
350 -0.0295375073333334
351 -0.0302581073333334
352 -0.0305205073333334
353 -0.0307641073333334
354 -0.0321905073333334
355 -0.0326257073333334
356 -0.0338987073333334
357 -0.0332060073333334
358 -0.0340411073333334
359 -0.0340002073333334
360 -0.0348471073333334
361 -0.0376912073333334
362 -0.0364367073333334
363 -0.0345801073333334
364 -0.0345194073333334
365 -0.0345148073333334
366 -0.0344137073333334
367 -0.0330494073333334
368 -0.0333151073333334
369 -0.0348137073333334
370 -0.0357107073333334
371 -0.0351000073333334
372 -0.0349506073333334
373 -0.0339290073333334
374 -0.0341112073333334
375 -0.0343890073333334
376 -0.0336691073333334
377 -0.0357385073333334
378 -0.0386294073333334
379 -0.0370052073333334
380 -0.0347888073333334
381 -0.0362419073333334
382 -0.0373780073333334
383 -0.0389999073333334
384 -0.0392957073333334
385 -0.0377663073333334
386 -0.0383926073333334
387 -0.0405960073333334
388 -0.0416411073333334
389 -0.0425947073333334
390 -0.0424792073333334
391 -0.0411889073333334
392 -0.0403702073333334
393 -0.0417140073333334
394 -0.0414739073333334
395 -0.0427425073333334
396 -0.0426044073333334
397 -0.0430243073333334
398 -0.0438658073333334
399 -0.0429125073333334
400 -0.0407542073333334
401 -0.0403162073333334
402 -0.0407212073333334
403 -0.0405834073333334
404 -0.0389937073333334
405 -0.0381223073333334
406 -0.0356455073333334
407 -0.0344058073333334
408 -0.0341352073333334
409 -0.0325142073333334
410 -0.0339453073333334
411 -0.0321684073333334
412 -0.0314273073333334
413 -0.0315014073333334
414 -0.0317249073333334
415 -0.0317273073333334
416 -0.0278644073333334
417 -0.0287013073333334
418 -0.0297976073333334
419 -0.0288010073333334
420 -0.0279148073333334
421 -0.0273498073333334
422 -0.0269502073333334
423 -0.0251823073333334
424 -0.0265586073333334
425 -0.0233118073333334
426 -0.0228875073333334
427 -0.0254464073333334
428 -0.0230729073333334
429 -0.0292298073333334
430 -0.0297877073333334
431 -0.0267601073333334
432 -0.0275112073333334
433 -0.0286908073333334
434 -0.0247276073333334
435 -0.0229920073333334
436 -0.0229647073333334
437 -0.0211323073333334
438 -0.0222291073333334
439 -0.0188922073333334
440 -0.0152145073333334
441 -0.0173303073333334
442 -0.0199733073333334
443 -0.0182780073333334
444 -0.0147917073333334
445 -0.0177716073333334
446 -0.0146768073333334
447 -0.0148851073333334
448 -0.0129190073333334
449 -0.0077168073333334
450 -0.0056179073333334
451 -0.0100768073333334
452 -0.0109329073333334
453 -0.0083920073333334
454 -0.0081837073333334
455 -0.0060651073333334
456 -0.0008727073333334
457 0.0005011926666666
458 0.0024737926666666
459 0.0006372926666666
460 -0.0027247073333334
461 0.0016351926666666
462 0.0064657926666666
463 -0.0001866073333334
464 0.0001808926666666
465 0.0005766926666666
466 -0.0017415073333334
467 -0.0059155073333334
468 -0.0072869073333334
469 -0.0064216073333334
470 -0.0052933073333334
471 -0.0072914073333334
472 -0.0045270073333334
473 -0.0072500073333334
474 -0.0099691073333334
475 -0.0098552073333334
476 -0.0093236073333334
477 -0.0097232073333334
478 -0.0081873073333334
479 -0.0082000073333334
480 -0.0109971073333334
481 -0.0108469073333334
482 -0.0129686073333334
483 -0.0147881073333334
484 -0.0168259073333334
485 -0.0178227073333334
486 -0.0146417073333334
487 -0.0138883073333334
488 -0.0184662073333334
489 -0.0184957073333334
490 -0.0171850073333334
491 -0.0193400073333334
492 -0.0202356073333334
493 -0.0214667073333334
494 -0.0216277073333334
495 -0.0217029073333334
496 -0.0206788073333334
497 -0.0215052073333334
498 -0.0205192073333334
499 -0.0254079073333334
500 -0.0264994073333334
501 -0.0276383073333334
502 -0.0278170073333334
503 -0.0278950073333334
504 -0.0329197073333334
505 -0.0341753073333334
506 -0.0319857073333334
507 -0.0302195073333334
508 -0.0308896073333334
509 -0.0318758073333334
510 -0.0333546073333334
511 -0.0345900073333334
512 -0.0356035073333334
513 -0.0351310073333334
514 -0.0369725073333334
515 -0.0369359073333334
516 -0.0367131073333334
517 -0.0344497073333334
518 -0.0351267073333334
519 -0.0374969073333334
520 -0.0370018073333334
521 -0.0373838073333334
522 -0.0391253073333334
523 -0.0394286073333334
524 -0.0405772073333334
525 -0.0400004073333334
526 -0.0394697073333334
527 -0.0391080073333334
528 -0.0393368073333334
529 -0.0391480073333334
530 -0.0369596073333334
531 -0.0362091073333334
532 -0.0378630073333334
533 -0.0361142073333334
534 -0.0374139073333334
535 -0.0343541073333334
536 -0.0325230073333334
537 -0.0325120073333334
538 -0.0359662073333334
539 -0.0382362073333334
540 -0.0359949073333334
541 -0.0326147073333334
542 -0.0317215073333334
543 -0.0294966073333334
544 -0.0289687073333334
545 -0.0265179073333334
546 -0.0279836073333334
547 -0.0250623073333334
548 -0.0219198073333334
549 -0.0211526073333334
550 -0.0142781073333334
551 -0.0108144073333334
552 -0.0109528073333334
553 -0.0134517073333334
554 -0.0152517073333334
555 -0.0152541073333334
556 -0.0115239073333334
557 -0.0097496073333334
558 -0.0133756073333334
559 -0.0081196073333334
560 -0.0034015073333334
561 -0.0000235073333334
562 0.0014180926666666
563 -0.0021729073333334
564 -0.0076892073333334
565 -0.0081809073333334
566 -0.0065835073333334
567 -0.0089512073333334
568 -0.0121845073333334
569 -0.0147833073333334
570 -0.0189126073333334
571 -0.0155049073333334
572 -0.0204103073333334
573 -0.0181313073333334
574 -0.0224419073333334
575 -0.0204536073333334
576 -0.0163148073333334
577 -0.0151836073333334
578 -0.0158407073333334
579 -0.0135601073333334
580 -0.0174296073333334
581 -0.0124854073333334
582 -0.0145124073333334
583 -0.0162316073333334
584 -0.0187178073333334
585 -0.0183794073333334
586 -0.0200321073333334
587 -0.0214734073333334
588 -0.0180562073333334
589 -0.0191431073333334
590 -0.0167290073333334
591 -0.0167655073333334
592 -0.0176263073333334
593 -0.0202352073333334
594 -0.0200032073333334
595 -0.0208311073333334
596 -0.0204566073333334
597 -0.0175862073333334
598 -0.0152464073333334
599 -0.0132542073333334
600 -0.0155503073333334
1 -0.0072923073333334
2 -0.0096659073333334
3 -0.0126254073333334
4 -0.0102608073333334
5 -0.0125676073333334
6 -0.0108500073333334
7 -0.0104407073333334
8 -0.0116698073333334
9 -0.0098099073333334
10 -0.0085301073333334
11 -0.0063397073333334
12 0.0001540926666666
13 -0.0024533073333334
14 -0.0077573073333334
15 -0.0085902073333334
16 -0.0128469073333334
17 -0.0115582073333334
18 -0.0131369073333334
19 -0.0216923073333334
20 -0.0196848073333334
21 -0.0203942073333334
22 -0.0169168073333334
23 -0.0187016073333334
24 -0.0193795073333334
25 -0.0243426073333334
26 -0.0229041073333334
27 -0.0224019073333334
28 -0.0268961073333334
29 -0.0251038073333334
30 -0.0222750073333334
31 -0.0264433073333334
32 -0.0204004073333334
33 -0.0185741073333334
34 -0.0154750073333334
35 -0.0082993073333334
36 -0.0080986073333334
37 -0.0039370073333334
38 -0.0044538073333334
39 0.0000109926666666
40 0.0037704926666666
41 0.0048140926666666
42 0.0102594926666666
43 0.0087866926666666
44 0.0181100926666666
45 0.0230462926666666
46 0.0218961926666666
47 0.0164454926666666
48 0.0225314926666666
49 0.0191841926666666
50 0.0257322926666666
51 0.0190149926666666
52 0.0199559926666666
53 0.0161879926666666
54 0.0179206926666666
55 0.0210672926666666
56 0.0159508926666666
57 0.0167036926666666
58 0.0123862926666666
59 0.0093625926666666
60 0.0074212926666666
61 0.0029443926666666
62 -0.0005700073333334
63 0.0043082926666666
64 0.0031928926666666
65 0.0012542926666666
66 -0.0001006073333334
67 0.0080284926666666
68 0.0096143926666666
69 0.0026357926666666
70 0.0002713926666666
71 -0.0053335073333334
72 -0.0126060073333334
73 -0.0092754073333334
74 -0.0031203073333334
75 -0.0027607073333334
76 -0.0010649073333334
77 0.0036982926666666
78 0.0096226926666666
79 0.0079175926666666
80 -0.0012979073333334
81 -0.0039924073333334
82 -0.0066017073333334
83 -0.0086310073333334
84 -0.0112238073333334
85 -0.0163390073333334
86 -0.0203666073333334
87 -0.0234516073333334
88 -0.0255359073333334
89 -0.0247827073333334
90 -0.0255381073333334
91 -0.0291231073333334
92 -0.0327042073333334
93 -0.0350235073333334
94 -0.0355678073333334
95 -0.0363746073333334
96 -0.0364385073333334
97 -0.0371465073333334
98 -0.0390752073333334
99 -0.0418531073333334
100 -0.0439106073333334
101 -0.0430825073333334
102 -0.0437186073333334
103 -0.0449051073333334
104 -0.0454764073333334
105 -0.0474570073333334
106 -0.0468583073333334
107 -0.0457475073333334
108 -0.0450976073333334
109 -0.0456018073333334
110 -0.0468523073333334
111 -0.0467507073333334
112 -0.0475697073333334
113 -0.0466602073333334
114 -0.0461310073333334
115 -0.0461524073333334
116 -0.0441728073333334
117 -0.0444674073333334
118 -0.0434023073333334
119 -0.0421102073333334
120 -0.0399854073333334
121 -0.0354672073333334
122 -0.0334773073333334
123 -0.0313160073333334
124 -0.0310487073333334
125 -0.0271042073333334
126 -0.0279137073333334
127 -0.0244053073333334
128 -0.0196714073333334
129 -0.0160482073333334
130 -0.0128350073333334
131 -0.0112421073333334
132 -0.0149015073333334
133 -0.0105932073333334
134 -0.0069400073333334
135 -0.0051376073333334
136 -0.0033279073333334
137 -0.0032525073333334
138 -0.0074732073333334
139 -0.0028167073333334
140 -0.0031326073333334
141 -0.0017334073333334
142 -0.0035278073333334
143 -0.0046296073333334
144 -0.0054812073333334
145 -0.0060589073333334
146 -0.0008853073333334
147 0.0004921926666666
148 -0.0041900073333334
149 -0.0048754073333334
150 -0.0017703073333334
151 -0.0039163073333334
152 -0.0054787073333334
153 -0.0071216073333334
154 -0.0114672073333334
155 -0.0142158073333334
156 -0.0127875073333334
157 -0.0168220073333334
158 -0.0171891073333334
159 -0.0173342073333334
160 -0.0190859073333334
161 -0.0163410073333334
162 -0.0126342073333334
163 -0.0144304073333334
164 -0.0171300073333334
165 -0.0151309073333334
166 -0.0112062073333334
167 -0.0132077073333334
168 -0.0112055073333334
169 -0.0075282073333334
170 -0.0091160073333334
171 -0.0116791073333334
172 -0.0116838073333334
173 -0.0169567073333334
174 -0.0147690073333334
175 -0.0133647073333334
176 -0.0130262073333334
177 -0.0176561073333334
178 -0.0181500073333334
179 -0.0191299073333334
180 -0.0183277073333334
181 -0.0176335073333334
182 -0.0181119073333334
183 -0.0175643073333334
184 -0.0153117073333334
185 -0.0170173073333334
186 -0.0148817073333334
187 -0.0139152073333334
188 -0.0133589073333334
189 -0.0162523073333334
190 -0.0117927073333334
191 -0.0100383073333334
192 -0.0093492073333334
193 -0.0075372073333334
194 -0.0045441073333334
195 -0.0018024073333334
196 -0.0022826073333334
197 0.0012824926666666
198 0.0003212926666666
199 0.0007507926666666
200 -0.0005782073333334
201 -0.0008885073333334
202 -0.0016768073333334
203 -0.0034472073333334
204 0.0004135926666666
205 0.0008918926666666
206 -0.0006430073333334
207 0.0000312926666666
208 -0.0027247073333334
209 -0.0078145073333334
210 -0.0100764073333334
211 -0.0134115073333334
212 -0.0146211073333334
213 -0.0141487073333334
214 -0.0158956073333334
215 -0.0176907073333334
216 -0.0219743073333334
217 -0.0243211073333334
218 -0.0254602073333334
219 -0.0286597073333334
220 -0.0269515073333334
221 -0.0260002073333334
222 -0.0271654073333334
223 -0.0303077073333334
224 -0.0293108073333334
225 -0.0287324073333334
226 -0.0290031073333334
227 -0.0331439073333334
228 -0.0349060073333334
229 -0.0363426073333334
230 -0.0335375073333334
231 -0.0338621073333334
232 -0.0328258073333334
233 -0.0302800073333334
234 -0.0284443073333334
235 -0.0285758073333334
236 -0.0278802073333334
237 -0.0268777073333334
238 -0.0229951073333334
239 -0.0204868073333334
240 -0.0237202073333334
241 -0.0245924073333334
242 -0.0262579073333334
243 -0.0260339073333334
244 -0.0247312073333334
245 -0.0237231073333334
246 -0.0267982073333334
247 -0.0301641073333334
248 -0.0315678073333334
249 -0.0295588073333334
250 -0.0279905073333334
251 -0.0301598073333334
252 -0.0284455073333334
253 -0.0275583073333334
254 -0.0258988073333334
255 -0.0259351073333334
256 -0.0262624073333334
257 -0.0254573073333334
258 -0.0263737073333334
259 -0.0269463073333334
260 -0.0261206073333334
261 -0.0233322073333334
262 -0.0240314073333334
263 -0.0270920073333334
264 -0.0233687073333334
265 -0.0184051073333334
266 -0.0150436073333334
267 -0.0146474073333334
268 -0.0161980073333334
269 -0.0164554073333334
270 -0.0153017073333334
271 -0.0145141073333334
272 -0.0158197073333334
273 -0.0159115073333334
274 -0.0149721073333334
275 -0.0163393073333334
276 -0.0132810073333334
277 -0.0144352073333334
278 -0.0080261073333334
279 -0.0017328073333334
280 -0.0057094073333334
281 -0.0020299073333334
282 0.0088302926666666
283 0.0029509926666666
284 0.0011408926666666
285 0.0033641926666666
286 0.0013298926666666
287 0.0014129926666666
288 -0.0019896073333334
289 0.0000727926666666
290 -0.0010079073333334
291 -0.0035526073333334
292 -0.0066051073333334
293 -0.0101403073333334
294 -0.0118099073333334
295 -0.0120970073333334
296 -0.0102524073333334
297 -0.0147102073333334
298 -0.0182132073333334
299 -0.0170063073333334
300 -0.0204479073333334
301 -0.0211676073333334
302 -0.0180852073333334
303 -0.0202653073333334
304 -0.0209596073333334
305 -0.0194133073333334
306 -0.0236207073333334
307 -0.0274296073333334
308 -0.0290122073333334
309 -0.0294195073333334
310 -0.0263643073333334
311 -0.0265933073333334
312 -0.0316925073333334
313 -0.0338126073333334
314 -0.0354769073333334
315 -0.0350012073333334
316 -0.0373591073333334
317 -0.0385735073333334
318 -0.0375880073333334
319 -0.0404484073333334
320 -0.0422235073333334
321 -0.0410619073333334
322 -0.0382125073333334
323 -0.0369783073333334
324 -0.0355780073333334
325 -0.0341277073333334
326 -0.0320480073333334
327 -0.0275652073333334
328 -0.0238158073333334
329 -0.0223636073333334
330 -0.0174774073333334
331 -0.0108067073333334
332 -0.0102307073333334
333 -0.0090745073333334
334 -0.0085762073333334
335 -0.0036576073333334
336 -0.0039810073333334
337 0.0033540926666666
338 0.0047826926666666
339 0.0075854926666666
340 0.0098570926666666
341 0.0106173926666666
342 0.0191597926666666
343 0.0206245926666666
344 0.0139839926666666
345 0.0169566926666666
346 0.0126800926666666
347 0.0121497926666666
348 0.0185961926666666
349 0.0127731926666666
350 0.0074397926666666
351 0.0046694926666666
352 -0.0000224073333334
353 -0.0039419073333334
354 -0.0008742073333334
355 -0.0036991073333334
356 -0.0046584073333334
357 -0.0104607073333334
358 -0.0132844073333334
359 -0.0170846073333334
360 -0.0219814073333334
361 -0.0241663073333334
362 -0.0256842073333334
363 -0.0265769073333334
364 -0.0278388073333334
365 -0.0317018073333334
366 -0.0301091073333334
367 -0.0315403073333334
368 -0.0335453073333334
369 -0.0354892073333334
370 -0.0355735073333334
371 -0.0356126073333334
372 -0.0378759073333334
373 -0.0367712073333334
374 -0.0370735073333334
375 -0.0384256073333334
376 -0.0367333073333334
377 -0.0351599073333334
378 -0.0327463073333334
379 -0.0321194073333334
380 -0.0293613073333334
381 -0.0305005073333334
382 -0.0297860073333334
383 -0.0296316073333334
384 -0.0303963073333334
385 -0.0300959073333334
386 -0.0274539073333334
387 -0.0270123073333334
388 -0.0256768073333334
389 -0.0255609073333334
390 -0.0237976073333334
391 -0.0218004073333334
392 -0.0195997073333334
393 -0.0111887073333334
394 -0.0104350073333334
395 -0.0086516073333334
396 -0.0059818073333334
397 -0.0012425073333334
398 0.0037412926666666
399 0.0078676926666666
400 0.0116144926666666
401 0.0094981926666666
402 0.0032342926666666
403 0.0041993926666666
404 0.0059555926666666
405 0.0021547926666666
406 0.0001591926666666
407 -0.0021143073333334
408 -0.0041584073333334
409 -0.0057436073333334
410 -0.0091940073333334
411 -0.0057618073333334
412 -0.0063914073333334
413 -0.0021901073333334
414 0.0071273926666666
415 0.0075792926666666
416 0.0043586926666666
417 0.0060257926666666
418 0.0080136926666666
419 0.0212699926666666
420 0.0271449926666666
421 0.0267354926666666
422 0.0340188926666666
423 0.0408510926666666
424 0.0440296926666666
425 0.0440805926666666
426 0.0505110926666666
427 0.0565529926666666
428 0.0493136926666666
429 0.0491865926666666
430 0.0473171926666666
431 0.0343283926666666
432 0.0291544926666666
433 0.0222184926666666
434 0.0263489926666666
435 0.0181764926666666
436 0.0107528926666666
437 0.0119413926666666
438 0.0115109926666666
439 0.0040583926666666
440 0.0072273926666666
441 0.0143569926666666
442 0.0102606926666666
443 0.0113779926666666
444 0.0107798926666666
445 0.0100339926666666
446 0.0130931926666666
447 0.0169167926666666
448 0.0150313926666666
449 0.0216100926666666
450 0.0350827926666666
451 0.0325852926666666
452 0.0276634926666666
453 0.0227571926666666
454 0.0242479926666666
455 0.0251781926666666
456 0.0291913926666666
457 0.0221837926666666
458 0.0244961926666666
459 0.0268031926666666
460 0.0153335926666666
461 0.0132317926666666
462 0.0092546926666666
463 0.0058862926666666
464 0.0108719926666666
465 0.0138022926666666
466 0.0078510926666666
467 0.0116770926666666
468 0.0140740926666666
469 0.0081820926666666
470 0.0031234926666666
471 0.0055667926666666
472 0.0043518926666666
473 0.0010748926666666
474 -0.0009712073333334
475 -0.0037105073333334
476 -0.0069930073333334
477 -0.0100138073333334
478 -0.0127547073333334
479 -0.0144122073333334
480 -0.0190083073333334
481 -0.0216225073333334
482 -0.0250652073333334
483 -0.0294801073333334
484 -0.0314527073333334
485 -0.0312601073333334
486 -0.0288137073333334
487 -0.0314590073333334
488 -0.0323529073333334
489 -0.0349525073333334
490 -0.0352758073333334
491 -0.0313155073333334
492 -0.0314834073333334
493 -0.0329003073333334
494 -0.0307185073333334
495 -0.0297066073333334
496 -0.0280582073333334
497 -0.0260668073333334
498 -0.0261575073333334
499 -0.0270975073333334
500 -0.0277299073333334
501 -0.0311193073333334
502 -0.0307931073333334
503 -0.0275310073333334
504 -0.0284286073333334
505 -0.0283653073333334
506 -0.0272927073333334
507 -0.0252697073333334
508 -0.0248090073333334
509 -0.0216946073333334
510 -0.0200741073333334
511 -0.0192318073333334
512 -0.0188236073333334
513 -0.0142686073333334
514 -0.0131839073333334
515 -0.0118638073333334
516 -0.0081270073333334
517 -0.0064633073333334
518 -0.0063626073333334
519 -0.0048476073333334
520 -0.0048314073333334
521 -0.0045525073333334
522 -0.0046615073333334
523 -0.0046850073333334
524 -0.0077498073333334
525 -0.0127192073333334
526 -0.0128293073333334
527 -0.0145076073333334
528 -0.0182727073333334
529 -0.0148537073333334
530 -0.0183217073333334
531 -0.0179529073333334
532 -0.0220225073333334
533 -0.0257748073333334
534 -0.0252149073333334
535 -0.0229839073333334
536 -0.0226409073333334
537 -0.0252183073333334
538 -0.0240591073333334
539 -0.0176381073333334
540 -0.0178117073333334
541 -0.0142003073333334
542 -0.0170724073333334
543 -0.0114417073333334
544 -0.0037777073333334
545 -0.0063656073333334
546 -0.0017079073333334
547 0.0019405926666666
548 0.0046212926666666
549 0.0027461926666666
550 0.0015173926666666
551 0.0127245926666666
552 0.0239589926666666
553 0.0257230926666666
554 0.0223238926666666
555 0.0225718926666666
556 0.0250170926666666
557 0.0238813926666666
558 0.0160900926666666
559 0.0111511926666666
560 0.0042188926666666
561 0.0055676926666666
562 -0.0011509073333334
563 -0.0027628073333334
564 -0.0041968073333334
565 -0.0086998073333334
566 -0.0134822073333334
567 -0.0158600073333334
568 -0.0198235073333334
569 -0.0221166073333334
570 -0.0229399073333334
571 -0.0247217073333334
572 -0.0254098073333334
573 -0.0273285073333334
574 -0.0242760073333334
575 -0.0233747073333334
576 -0.0255615073333334
577 -0.0298803073333334
578 -0.0308568073333334
579 -0.0320991073333334
580 -0.0312259073333334
581 -0.0331984073333334
582 -0.0323982073333334
583 -0.0302441073333334
584 -0.0293182073333334
585 -0.0291319073333334
586 -0.0249109073333334
587 -0.0254472073333334
588 -0.0270010073333334
589 -0.0177547073333334
590 -0.0175790073333334
591 -0.0135008073333334
592 -0.0160858073333334
593 -0.0120089073333334
594 -0.0111514073333334
595 -0.0135197073333334
596 -0.0123179073333334
597 -0.0118580073333334
598 -0.0131109073333334
599 -0.0139470073333334
600 -0.0142364073333334
1 -0.0083275073333334
2 -0.0110868073333334
3 -0.0108188073333334
4 -0.0144608073333334
5 -0.0132126073333334
6 -0.0061727073333334
7 -0.0037704073333334
8 -0.0014442073333334
9 0.0014077926666666
10 -0.0019340073333334
11 -0.0047569073333334
12 -0.0024116073333334
13 -0.0017771073333334
14 -0.0081540073333334
15 -0.0095252073333334
16 -0.0123585073333334
17 -0.0122273073333334
18 -0.0121747073333334
19 -0.0143563073333334
20 -0.0181981073333334
21 -0.0197257073333334
22 -0.0161891073333334
23 -0.0173656073333334
24 -0.0182840073333334
25 -0.0183528073333334
26 -0.0164015073333334
27 -0.0186720073333334
28 -0.0236602073333334
29 -0.0266421073333334
30 -0.0236634073333334
31 -0.0209206073333334
32 -0.0213409073333334
33 -0.0207205073333334
34 -0.0213875073333334
35 -0.0167770073333334
36 -0.0135092073333334
37 -0.0148283073333334
38 -0.0128787073333334
39 -0.0068072073333334
40 -0.0078774073333334
41 -0.0094339073333334
42 -0.0079150073333334
43 -0.0093638073333334
44 -0.0089154073333334
45 -0.0095862073333334
46 -0.0057783073333334
47 -0.0086650073333334
48 -0.0023473073333334
49 -0.0001833073333334
50 0.0005563926666666
51 0.0045338926666666
52 0.0015935926666666
53 0.0004372926666666
54 0.0043891926666666
55 0.0064451926666666
56 0.0005701926666666
57 0.0009431926666666
58 -0.0034609073333334
59 -0.0040398073333334
60 -0.0015361073333334
61 -0.0043526073333334
62 -0.0067671073333334
63 -0.0100947073333334
64 -0.0070482073333334
65 -0.0063911073333334
66 -0.0099868073333334
67 -0.0119700073333334
68 -0.0131478073333334
69 -0.0165526073333334
70 -0.0195354073333334
71 -0.0196476073333334
72 -0.0172904073333334
73 -0.0205536073333334
74 -0.0218659073333334
75 -0.0251914073333334
76 -0.0268936073333334
77 -0.0287015073333334
78 -0.0292117073333334
79 -0.0261123073333334
80 -0.0260677073333334
81 -0.0294890073333334
82 -0.0262915073333334
83 -0.0277109073333334
84 -0.0263449073333334
85 -0.0243949073333334
86 -0.0209018073333334
87 -0.0243461073333334
88 -0.0224781073333334
89 -0.0235189073333334
90 -0.0190289073333334
91 -0.0181460073333334
92 -0.0175645073333334
93 -0.0166692073333334
94 -0.0179692073333334
95 -0.0162569073333334
96 -0.0127594073333334
97 -0.0060405073333334
98 -0.0022350073333334
99 -0.0067111073333334
100 -0.0079250073333334
101 -0.0102575073333334
102 -0.0112326073333334
103 -0.0116670073333334
104 -0.0141805073333334
105 -0.0147864073333334
106 -0.0156210073333334
107 -0.0125855073333334
108 -0.0139898073333334
109 -0.0176386073333334
110 -0.0134891073333334
111 -0.0108058073333334
112 -0.0087090073333334
113 -0.0091737073333334
114 -0.0121985073333334
115 -0.0138277073333334
116 -0.0114243073333334
117 -0.0099470073333334
118 -0.0077623073333334
119 -0.0102951073333334
120 -0.0070172073333334
121 -0.0061243073333334
122 -0.0056303073333334
123 -0.0077370073333334
124 -0.0053341073333334
125 -0.0068940073333334
126 -0.0102111073333334
127 -0.0133050073333334
128 -0.0103153073333334
129 -0.0131748073333334
130 -0.0144996073333334
131 -0.0141886073333334
132 -0.0168994073333334
133 -0.0205343073333334
134 -0.0224758073333334
135 -0.0230387073333334
136 -0.0187160073333334
137 -0.0198342073333334
138 -0.0189307073333334
139 -0.0206517073333334
140 -0.0209936073333334
141 -0.0226506073333334
142 -0.0222931073333334
143 -0.0215313073333334
144 -0.0228620073333334
145 -0.0218695073333334
146 -0.0224097073333334
147 -0.0255820073333334
148 -0.0268407073333334
149 -0.0275330073333334
150 -0.0285459073333334
151 -0.0304366073333334
152 -0.0302087073333334
153 -0.0320241073333334
154 -0.0329983073333334
155 -0.0322458073333334
156 -0.0330293073333334
157 -0.0325249073333334
158 -0.0321346073333334
159 -0.0312543073333334
160 -0.0278726073333334
161 -0.0253783073333334
162 -0.0247084073333334
163 -0.0246206073333334
164 -0.0243712073333334
165 -0.0248359073333334
166 -0.0238495073333334
167 -0.0244931073333334
168 -0.0215156073333334
169 -0.0240927073333334
170 -0.0256785073333334
171 -0.0234533073333334
172 -0.0250754073333334
173 -0.0248959073333334
174 -0.0258553073333334
175 -0.0250352073333334
176 -0.0243797073333334
177 -0.0278205073333334
178 -0.0278711073333334
179 -0.0290407073333334
180 -0.0296570073333334
181 -0.0313719073333334
182 -0.0315591073333334
183 -0.0327695073333334
184 -0.0297666073333334
185 -0.0282265073333334
186 -0.0288309073333334
187 -0.0256638073333334
188 -0.0267773073333334
189 -0.0259434073333334
190 -0.0238452073333334
191 -0.0180129073333334
192 -0.0129410073333334
193 -0.0115530073333334
194 -0.0104254073333334
195 -0.0093808073333334
196 -0.0074255073333334
197 -0.0022050073333334
198 -0.0023428073333334
199 0.0077105926666666
200 0.0038505926666666
201 0.0089407926666666
202 0.0142754926666666
203 0.0091614926666666
204 0.0056329926666666
205 0.0098923926666666
206 0.0037661926666666
207 0.0001374926666666
208 -0.0010856073333334
209 0.0015075926666666
210 -0.0029470073333334
211 -0.0038935073333334
212 -0.0081787073333334
213 -0.0050628073333334
214 -0.0081215073333334
215 -0.0131247073333334
216 -0.0156223073333334
217 -0.0152159073333334
218 -0.0165439073333334
219 -0.0169559073333334
220 -0.0172972073333334
221 -0.0173383073333334
222 -0.0156241073333334
223 -0.0148004073333334
224 -0.0183244073333334
225 -0.0225355073333334
226 -0.0238106073333334
227 -0.0222283073333334
228 -0.0245791073333334
229 -0.0244181073333334
230 -0.0240125073333334
231 -0.0244110073333334
232 -0.0211622073333334
233 -0.0208347073333334
234 -0.0204080073333334
235 -0.0163796073333334
236 -0.0142331073333334
237 -0.0124657073333334
238 -0.0095202073333334
239 -0.0116936073333334
240 -0.0111402073333334
241 -0.0145101073333334
242 -0.0178503073333334
243 -0.0199660073333334
244 -0.0155312073333334
245 -0.0128749073333334
246 -0.0114156073333334
247 -0.0089738073333334
248 -0.0087106073333334
249 -0.0120069073333334
250 -0.0147845073333334
251 -0.0171144073333334
252 -0.0199288073333334
253 -0.0214793073333334
254 -0.0206631073333334
255 -0.0205326073333334
256 -0.0200990073333334
257 -0.0228618073333334
258 -0.0231645073333334
259 -0.0233876073333334
260 -0.0264440073333334
261 -0.0251803073333334
262 -0.0244059073333334
263 -0.0242633073333334
264 -0.0282258073333334
265 -0.0275757073333334
266 -0.0243182073333334
267 -0.0227345073333334
268 -0.0224738073333334
269 -0.0235471073333334
270 -0.0198778073333334
271 -0.0156425073333334
272 -0.0140864073333334
273 -0.0164179073333334
274 -0.0131004073333334
275 -0.0179801073333334
276 -0.0205643073333334
277 -0.0200858073333334
278 -0.0172892073333334
279 -0.0176047073333334
280 -0.0184481073333334
281 -0.0156387073333334
282 -0.0145350073333334
283 -0.0122167073333334
284 -0.0102751073333334
285 -0.0093023073333334
286 -0.0064920073333334
287 -0.0038755073333334
288 -0.0051314073333334
289 -0.0004100073333334
290 -0.0008244073333334
291 -0.0056070073333334
292 -0.0095210073333334
293 -0.0066911073333334
294 -0.0053186073333334
295 -0.0073999073333334
296 0.0019341926666666
297 0.0068279926666666
298 0.0045121926666666
299 0.0054894926666666
300 0.0050477926666666
301 0.0071608926666666
302 0.0044162926666666
303 -0.0011431073333334
304 0.0023761926666666
305 0.0026256926666666
306 0.0063288926666666
307 0.0057175926666666
308 0.0063598926666666
309 0.0048215926666666
310 0.0127040926666666
311 0.0140044926666666
312 0.0171454926666666
313 0.0156705926666666
314 0.0115446926666666
315 0.0099793926666666
316 0.0142678926666666
317 0.0173397926666666
318 0.0144073926666666
319 0.0097863926666666
320 0.0020335926666666
321 -0.0039221073333334
322 -0.0011973073333334
323 0.0024293926666666
324 -0.0032032073333334
325 -0.0050240073333334
326 -0.0031225073333334
327 0.0000445926666666
328 0.0035149926666666
329 0.0057398926666666
330 0.0001741926666666
331 0.0009822926666666
332 0.0026716926666666
333 0.0068782926666666
334 0.0061207926666666
335 -0.0004313073333334
336 0.0017936926666666
337 0.0017940926666666
338 0.0036203926666666
339 0.0025050926666666
340 -0.0082166073333334
341 -0.0033334073333334
342 -0.0052446073333334
343 -0.0085354073333334
344 -0.0085110073333334
345 -0.0103377073333334
346 -0.0068720073333334
347 -0.0131395073333334
348 -0.0137358073333334
349 -0.0106024073333334
350 -0.0096954073333334
351 -0.0068887073333334
352 -0.0099893073333334
353 -0.0099241073333334
354 -0.0120192073333334
355 -0.0157728073333334
356 -0.0186480073333334
357 -0.0178310073333334
358 -0.0171864073333334
359 -0.0142016073333334
360 -0.0146181073333334
361 -0.0106129073333334
362 -0.0086182073333334
363 -0.0085995073333334
364 0.0037495926666666
365 0.0077596926666666
366 0.0060354926666666
367 0.0143869926666666
368 0.0162175926666666
369 0.0133296926666666
370 0.0051465926666666
371 0.0054926926666666
372 0.0091094926666666
373 0.0052312926666666
374 0.0070457926666666
375 0.0017782926666666
376 0.0047482926666666
377 0.0034261926666666
378 -0.0017786073333334
379 -0.0011439073333334
380 -0.0010504073333334
381 -0.0041973073333334
382 -0.0018795073333334
383 -0.0054451073333334
384 -0.0079592073333334
385 -0.0073086073333334
386 -0.0084793073333334
387 -0.0077386073333334
388 -0.0070115073333334
389 -0.0090940073333334
390 -0.0109762073333334
391 -0.0149510073333334
392 -0.0103441073333334
393 -0.0143851073333334
394 -0.0145493073333334
395 -0.0108345073333334
396 -0.0111459073333334
397 -0.0111612073333334
398 -0.0140859073333334
399 -0.0139656073333334
400 -0.0119959073333334
401 -0.0054198073333334
402 -0.0062013073333334
403 -0.0135121073333334
404 -0.0132884073333334
405 -0.0149529073333334
406 -0.0153772073333334
407 -0.0152457073333334
408 -0.0122793073333334
409 -0.0083679073333334
410 -0.0109103073333334
411 -0.0138070073333334
412 -0.0198110073333334
413 -0.0173276073333334
414 -0.0144336073333334
415 -0.0165595073333334
416 -0.0135937073333334
417 -0.0112993073333334
418 -0.0130869073333334
419 -0.0147504073333334
420 -0.0156493073333334
421 -0.0136417073333334
422 -0.0116685073333334
423 -0.0131480073333334
424 -0.0098138073333334
425 -0.0119252073333334
426 -0.0111499073333334
427 -0.0042849073333334
428 -0.0046658073333334
429 -0.0080837073333334
430 -0.0059611073333334
431 -0.0049557073333334
432 -0.0071866073333334
433 -0.0073232073333334
434 -0.0076517073333334
435 -0.0069881073333334
436 -0.0094660073333334
437 -0.0059153073333334
438 -0.0060820073333334
439 -0.0052823073333334
440 -0.0098305073333334
441 -0.0083083073333334
442 -0.0090010073333334
443 -0.0121694073333334
444 -0.0146095073333334
445 -0.0150793073333334
446 -0.0136256073333334
447 -0.0118332073333334
448 -0.0067988073333334
449 -0.0065483073333334
450 -0.0100015073333334
451 -0.0138107073333334
452 -0.0125018073333334
453 -0.0098737073333334
454 -0.0171219073333334
455 -0.0181637073333334
456 -0.0185806073333334
457 -0.0151035073333334
458 -0.0172995073333334
459 -0.0188927073333334
460 -0.0166256073333334
461 -0.0165346073333334
462 -0.0171941073333334
463 -0.0146617073333334
464 -0.0126126073333334
465 -0.0044628073333334
466 -0.0015556073333334
467 0.0010957926666666
468 0.0016032926666666
469 -0.0035497073333334
470 -0.0086250073333334
471 -0.0080408073333334
472 -0.0114854073333334
473 -0.0126430073333334
474 -0.0103915073333334
475 -0.0158989073333334
476 -0.0199448073333334
477 -0.0204793073333334
478 -0.0164604073333334
479 -0.0161303073333334
480 -0.0194836073333334
481 -0.0176247073333334
482 -0.0183932073333334
483 -0.0188833073333334
484 -0.0192159073333334
485 -0.0177445073333334
486 -0.0140116073333334
487 -0.0140498073333334
488 -0.0128511073333334
489 -0.0138022073333334
490 -0.0116997073333334
491 -0.0098158073333334
492 -0.0081072073333334
493 -0.0075794073333334
494 -0.0109706073333334
495 -0.0070193073333334
496 -0.0052970073333334
497 -0.0048121073333334
498 -0.0053225073333334
499 -0.0069924073333334
500 -0.0035266073333334
501 -0.0068168073333334
502 -0.0066612073333334
503 -0.0040281073333334
504 -0.0039000073333334
505 -0.0051980073333334
506 -0.0101600073333334
507 -0.0085595073333334
508 -0.0106273073333334
509 -0.0123284073333334
510 -0.0137841073333334
511 -0.0155263073333334
512 -0.0129009073333334
513 -0.0161800073333334
514 -0.0213808073333334
515 -0.0221027073333334
516 -0.0201862073333334
517 -0.0190337073333334
518 -0.0215138073333334
519 -0.0208731073333334
520 -0.0208291073333334
521 -0.0174129073333334
522 -0.0151279073333334
523 -0.0057055073333334
524 -0.0085785073333334
525 -0.0120256073333334
526 -0.0078447073333334
527 -0.0048992073333334
528 -0.0071185073333334
529 -0.0085873073333334
530 -0.0086502073333334
531 -0.0063616073333334
532 -0.0063795073333334
533 -0.0106196073333334
534 -0.0121794073333334
535 -0.0093000073333334
536 -0.0102553073333334
537 -0.0147279073333334
538 -0.0145094073333334
539 -0.0109029073333334
540 -0.0136520073333334
541 -0.0126208073333334
542 -0.0122615073333334
543 -0.0126938073333334
544 -0.0146350073333334
545 -0.0158901073333334
546 -0.0186649073333334
547 -0.0191766073333334
548 -0.0232391073333334
549 -0.0233357073333334
550 -0.0224786073333334
551 -0.0257344073333334
552 -0.0288194073333334
553 -0.0309696073333334
554 -0.0306084073333334
555 -0.0301023073333334
556 -0.0328818073333334
557 -0.0332135073333334
558 -0.0340054073333334
559 -0.0355237073333334
560 -0.0363506073333334
561 -0.0359416073333334
562 -0.0366285073333334
563 -0.0368553073333334
564 -0.0338008073333334
565 -0.0334787073333334
566 -0.0323672073333334
567 -0.0283324073333334
568 -0.0293074073333334
569 -0.0286435073333334
570 -0.0275808073333334
571 -0.0279169073333334
572 -0.0268276073333334
573 -0.0236360073333334
574 -0.0158381073333334
575 -0.0175875073333334
576 -0.0159409073333334
577 -0.0091825073333334
578 -0.0006061073333334
579 0.0097365926666666
580 0.0110892926666666
581 0.0155891926666666
582 0.0156733926666666
583 0.0159440926666666
584 0.0057636926666666
585 0.0070525926666666
586 0.0068183926666666
587 0.0081608926666666
588 0.0107777926666666
589 0.0109620926666666
590 0.0099703926666666
591 0.0047094926666666
592 0.0041630926666666
593 0.0034633926666666
594 -0.0041576073333334
595 -0.0091495073333334
596 -0.0141881073333334
597 -0.0184145073333334
598 -0.0195735073333334
599 -0.0193542073333334
600 -0.0234135073333334
1 0.0004382926666666
2 -0.0049793073333334
3 -0.0087706073333334
4 -0.0129398073333334
5 -0.0167241073333334
6 -0.0160502073333334
7 -0.0165512073333334
8 -0.0156535073333334
9 -0.0156181073333334
10 -0.0121506073333334
11 -0.0077554073333334
12 -0.0055396073333334
13 -0.0067790073333334
14 -0.0025124073333334
15 0.0006065926666666
16 0.0012927926666666
17 0.0014931926666666
18 0.0002915926666666
19 0.0015087926666666
20 0.0034354926666666
21 0.0022984926666666
22 -0.0008810073333334
23 -0.0035515073333334
24 -0.0062521073333334
25 -0.0076397073333334
26 -0.0076888073333334
27 -0.0106517073333334
28 -0.0110432073333334
29 -0.0091801073333334
30 -0.0087002073333334
31 -0.0079743073333334
32 -0.0040875073333334
33 -0.0056545073333334
34 -0.0067258073333334
35 -0.0049156073333334
36 -0.0051822073333334
37 -0.0031242073333334
38 -0.0021485073333334
39 -0.0041521073333334
40 -0.0089812073333334
41 -0.0110712073333334
42 -0.0122931073333334
43 -0.0126170073333334
44 -0.0113994073333334
45 -0.0120570073333334
46 -0.0137904073333334
47 -0.0134518073333334
48 -0.0180615073333334
49 -0.0182575073333334
50 -0.0187524073333334
51 -0.0192232073333334
52 -0.0219860073333334
53 -0.0233992073333334
54 -0.0276361073333334
55 -0.0269868073333334
56 -0.0252138073333334
57 -0.0261432073333334
58 -0.0224149073333334
59 -0.0190796073333334
60 -0.0157470073333334
61 -0.0142791073333334
62 -0.0143951073333334
63 -0.0072148073333334
64 -0.0038996073333334
65 -0.0050493073333334
66 0.0008808926666666
67 0.0006961926666666
68 0.0048336926666666
69 0.0044630926666666
70 0.0021831926666666
71 0.0001697926666666
72 0.0023331926666666
73 0.0011082926666666
74 0.0024608926666666
75 0.0010881926666666
76 -0.0004708073333334
77 -0.0005316073333334
78 -0.0012629073333334
79 0.0053166926666666
80 0.0064250926666666
81 0.0046641926666666
82 0.0073201926666666
83 0.0074583926666666
84 0.0087236926666666
85 0.0073499926666666
86 0.0071689926666666
87 0.0133294926666666
88 0.0080785926666666
89 -0.0003730073333334
90 0.0009440926666666
91 0.0004180926666666
92 0.0056732926666666
93 0.0043133926666666
94 0.0092154926666666
95 0.0140641926666666
96 0.0101085926666666
97 0.0100129926666666
98 0.0160227926666666
99 0.0170349926666666
100 0.0164617926666666
101 0.0168690926666666
102 0.0164978926666666
103 0.0164259926666666
104 0.0111100926666666
105 0.0145070926666666
106 0.0181160926666666
107 0.0182831926666666
108 0.0168533926666666
109 0.0090769926666666
110 0.0144171926666666
111 0.0050385926666666
112 -0.0021352073333334
113 -0.0027534073333334
114 -0.0084322073333334
115 -0.0117247073333334
116 -0.0110611073333334
117 -0.0120215073333334
118 -0.0136680073333334
119 -0.0135022073333334
120 -0.0109480073333334
121 -0.0096270073333334
122 -0.0106098073333334
123 -0.0127855073333334
124 -0.0143348073333334
125 -0.0134263073333334
126 -0.0118736073333334
127 -0.0145426073333334
128 -0.0197127073333334
129 -0.0192952073333334
130 -0.0178330073333334
131 -0.0166013073333334
132 -0.0170518073333334
133 -0.0189611073333334
134 -0.0202199073333334
135 -0.0187829073333334
136 -0.0189768073333334
137 -0.0212655073333334
138 -0.0229467073333334
139 -0.0246498073333334
140 -0.0297810073333334
141 -0.0321049073333334
142 -0.0334432073333334
143 -0.0303864073333334
144 -0.0328205073333334
145 -0.0343548073333334
146 -0.0355822073333334
147 -0.0389024073333334
148 -0.0399292073333334
149 -0.0393793073333334
150 -0.0392609073333334
151 -0.0412613073333334
152 -0.0411561073333334
153 -0.0365634073333334
154 -0.0361774073333334
155 -0.0343679073333334
156 -0.0351390073333334
157 -0.0333160073333334
158 -0.0336665073333334
159 -0.0334968073333334
160 -0.0315155073333334
161 -0.0318074073333334
162 -0.0308508073333334
163 -0.0312189073333334
164 -0.0267628073333334
165 -0.0257039073333334
166 -0.0259941073333334
167 -0.0201225073333334
168 -0.0197100073333334
169 -0.0151836073333334
170 -0.0105152073333334
171 -0.0111061073333334
172 -0.0110902073333334
173 -0.0144662073333334
174 -0.0062434073333334
175 0.0004853926666666
176 0.0017989926666666
177 0.0004511926666666
178 -0.0031517073333334
179 -0.0092965073333334
180 -0.0062769073333334
181 -0.0106343073333334
182 -0.0157080073333334
183 -0.0110583073333334
184 -0.0132770073333334
185 -0.0144291073333334
186 -0.0109761073333334
187 -0.0123853073333334
188 -0.0068398073333334
189 -0.0018917073333334
190 -0.0000374073333334
191 -0.0056642073333334
192 -0.0062558073333334
193 -0.0052064073333334
194 -0.0017593073333334
195 -0.0035387073333334
196 -0.0059285073333334
197 -0.0053109073333334
198 0.0003921926666666
199 -0.0073727073333334
200 -0.0023952073333334
201 -0.0051960073333334
202 -0.0037835073333334
203 -0.0033416073333334
204 -0.0080661073333334
205 -0.0078660073333334
206 -0.0037740073333334
207 -0.0021082073333334
208 -0.0026530073333334
209 -0.0006330073333334
210 0.0007579926666666
211 -0.0051267073333334
212 -0.0018728073333334
213 0.0059389926666666
214 0.0074253926666666
215 0.0045578926666666
216 0.0007730926666666
217 0.0027176926666666
218 -0.0035103073333334
219 -0.0020035073333334
220 -0.0026449073333334
221 -0.0030032073333334
222 -0.0012843073333334
223 -0.0060056073333334
224 -0.0072815073333334
225 -0.0065473073333334
226 -0.0039699073333334
227 -0.0018381073333334
228 -0.0038625073333334
229 -0.0028971073333334
230 -0.0049151073333334
231 -0.0010833073333334
232 -0.0017542073333334
233 -0.0049540073333334
234 -0.0059912073333334
235 -0.0024194073333334
236 -0.0016659073333334
237 -0.0037174073333334
238 -0.0018517073333334
239 -0.0018507073333334
240 -0.0016815073333334
241 -0.0036228073333334
242 -0.0002168073333334
243 0.0011578926666666
244 0.0000136926666666
245 -0.0086207073333334
246 -0.0096989073333334
247 -0.0092555073333334
248 -0.0125614073333334
249 -0.0094484073333334
250 -0.0087208073333334
251 -0.0127308073333334
252 -0.0137996073333334
253 -0.0175348073333334
254 -0.0202603073333334
255 -0.0219329073333334
256 -0.0213862073333334
257 -0.0199263073333334
258 -0.0180835073333334
259 -0.0158513073333334
260 -0.0182451073333334
261 -0.0224239073333334
262 -0.0221507073333334
263 -0.0206993073333334
264 -0.0220359073333334
265 -0.0215423073333334
266 -0.0220894073333334
267 -0.0215980073333334
268 -0.0219654073333334
269 -0.0178788073333334
270 -0.0159048073333334
271 -0.0106301073333334
272 -0.0078073073333334
273 -0.0065991073333334
274 -0.0061408073333334
275 -0.0054557073333334
276 -0.0058516073333334
277 -0.0050452073333334
278 -0.0066856073333334
279 -0.0036162073333334
280 -0.0075355073333334
281 -0.0074423073333334
282 -0.0077395073333334
283 -0.0092328073333334
284 -0.0140820073333334
285 -0.0156565073333334
286 -0.0164122073333334
287 -0.0198015073333334
288 -0.0197930073333334
289 -0.0194835073333334
290 -0.0171841073333334
291 -0.0132254073333334
292 -0.0114270073333334
293 -0.0130786073333334
294 -0.0135189073333334
295 -0.0114464073333334
296 -0.0153494073333334
297 -0.0194778073333334
298 -0.0202789073333334
299 -0.0128206073333334
300 -0.0134262073333334
301 -0.0151205073333334
302 -0.0131167073333334
303 -0.0112892073333334
304 -0.0094362073333334
305 0.0018035926666666
306 0.0123321926666666
307 0.0132917926666666
308 0.0161878926666666
309 0.0183414926666666
310 0.0106991926666666
311 0.0124489926666666
312 0.0178468926666666
313 0.0192797926666666
314 0.0148582926666666
315 0.0071758926666666
316 0.0118750926666666
317 0.0109743926666666
318 0.0047716926666666
319 0.0078551926666666
320 0.0034920926666666
321 0.0072251926666666
322 0.0034504926666666
323 0.0007882926666666
324 -0.0007268073333334
325 -0.0031860073333334
326 -0.0046499073333334
327 -0.0021596073333334
328 0.0024277926666666
329 0.0018977926666666
330 0.0054023926666666
331 0.0140043926666666
332 0.0207047926666666
333 0.0081413926666666
334 0.0101377926666666
335 0.0150509926666666
336 0.0136697926666666
337 0.0113491926666666
338 0.0127166926666666
339 0.0060926926666666
340 0.0128134926666666
341 0.0167501926666666
342 0.0187225926666666
343 0.0166824926666666
344 0.0141706926666666
345 0.0232475926666666
346 0.0176897926666666
347 0.0182878926666666
348 0.0237406926666666
349 0.0240863926666666
350 0.0198710926666666
351 0.0212559926666666
352 0.0243084926666666
353 0.0216759926666666
354 0.0203932926666666
355 0.0140747926666666
356 0.0101270926666666
357 0.0012226926666666
358 -0.0021839073333334
359 -0.0015461073333334
360 -0.0037523073333334
361 -0.0097361073333334
362 -0.0133897073333334
363 -0.0145603073333334
364 -0.0170887073333334
365 -0.0205661073333334
366 -0.0201252073333334
367 -0.0219306073333334
368 -0.0239086073333334
369 -0.0247604073333334
370 -0.0273691073333334
371 -0.0275908073333334
372 -0.0283208073333334
373 -0.0286723073333334
374 -0.0321471073333334
375 -0.0328074073333334
376 -0.0319658073333334
377 -0.0312008073333334
378 -0.0296027073333334
379 -0.0297275073333334
380 -0.0311144073333334
381 -0.0300217073333334
382 -0.0283572073333334
383 -0.0263971073333334
384 -0.0288192073333334
385 -0.0266689073333334
386 -0.0263365073333334
387 -0.0254420073333334
388 -0.0255067073333334
389 -0.0260739073333334
390 -0.0273811073333334
391 -0.0291014073333334
392 -0.0309937073333334
393 -0.0305531073333334
394 -0.0284195073333334
395 -0.0279532073333334
396 -0.0287090073333334
397 -0.0276697073333334
398 -0.0245935073333334
399 -0.0235439073333334
400 -0.0244203073333334
401 -0.0244287073333334
402 -0.0287929073333334
403 -0.0302824073333334
404 -0.0302827073333334
405 -0.0326933073333334
406 -0.0312056073333334
407 -0.0290260073333334
408 -0.0291604073333334
409 -0.0295630073333334
410 -0.0278026073333334
411 -0.0287545073333334
412 -0.0311088073333334
413 -0.0303904073333334
414 -0.0295090073333334
415 -0.0247972073333334
416 -0.0265241073333334
417 -0.0270367073333334
418 -0.0266855073333334
419 -0.0289456073333334
420 -0.0258456073333334
421 -0.0220173073333334
422 -0.0211147073333334
423 -0.0207506073333334
424 -0.0183651073333334
425 -0.0152908073333334
426 -0.0140131073333334
427 -0.0142669073333334
428 -0.0141652073333334
429 -0.0128367073333334
430 -0.0110351073333334
431 -0.0155609073333334
432 -0.0165710073333334
433 -0.0165201073333334
434 -0.0165529073333334
435 -0.0130812073333334
436 -0.0137911073333334
437 -0.0186146073333334
438 -0.0205021073333334
439 -0.0273456073333334
440 -0.0299149073333334
441 -0.0343008073333334
442 -0.0364373073333334
443 -0.0383328073333334
444 -0.0391285073333334
445 -0.0408628073333334
446 -0.0428637073333334
447 -0.0446579073333334
448 -0.0453888073333334
449 -0.0447544073333334
450 -0.0447957073333334
451 -0.0461013073333334
452 -0.0458680073333334
453 -0.0458573073333334
454 -0.0462175073333334
455 -0.0464340073333334
456 -0.0474202073333334
457 -0.0477617073333334
458 -0.0478960073333334
459 -0.0473341073333334
460 -0.0473460073333334
461 -0.0476433073333334
462 -0.0469593073333334
463 -0.0474248073333334
464 -0.0473817073333334
465 -0.0463145073333334
466 -0.0454033073333334
467 -0.0455899073333334
468 -0.0462561073333334
469 -0.0446521073333334
470 -0.0425879073333334
471 -0.0429212073333334
472 -0.0434992073333334
473 -0.0419111073333334
474 -0.0420558073333334
475 -0.0421261073333334
476 -0.0421813073333334
477 -0.0420303073333334
478 -0.0418976073333334
479 -0.0428050073333334
480 -0.0429585073333334
481 -0.0416969073333334
482 -0.0403375073333334
483 -0.0400661073333334
484 -0.0394152073333334
485 -0.0374351073333334
486 -0.0364866073333334
487 -0.0343684073333334
488 -0.0278087073333334
489 -0.0273367073333334
490 -0.0242203073333334
491 -0.0188131073333334
492 -0.0180691073333334
493 -0.0151853073333334
494 -0.0126856073333334
495 -0.0166053073333334
496 -0.0151790073333334
497 -0.0076190073333334
498 -0.0045969073333334
499 -0.0102263073333334
500 -0.0071153073333334
501 -0.0079769073333334
502 -0.0047012073333334
503 -0.0044719073333334
504 -0.0011237073333334
505 -0.0075170073333334
506 -0.0097607073333334
507 -0.0061879073333334
508 -0.0083731073333334
509 -0.0087005073333334
510 -0.0062610073333334
511 -0.0037516073333334
512 -0.0053004073333334
513 -0.0089004073333334
514 -0.0151266073333334
515 -0.0145082073333334
516 -0.0166104073333334
517 -0.0172292073333334
518 -0.0159921073333334
519 -0.0184785073333334
520 -0.0191991073333334
521 -0.0217943073333334
522 -0.0216134073333334
523 -0.0204072073333334
524 -0.0197550073333334
525 -0.0236246073333334
526 -0.0248623073333334
527 -0.0225596073333334
528 -0.0205197073333334
529 -0.0180834073333334
530 -0.0200133073333334
531 -0.0146094073333334
532 -0.0128758073333334
533 -0.0145609073333334
534 -0.0110920073333334
535 -0.0091925073333334
536 -0.0107021073333334
537 -0.0095504073333334
538 -0.0035201073333334
539 -0.0017477073333334
540 0.0012191926666666
541 0.0072720926666666
542 0.0094240926666666
543 0.0158208926666666
544 0.0170040926666666
545 0.0226361926666666
546 0.0189167926666666
547 0.0139308926666666
548 0.0080320926666666
549 0.0040693926666666
550 0.0042423926666666
551 0.0021543926666666
552 -0.0021773073333334
553 -0.0063390073333334
554 -0.0086713073333334
555 -0.0072670073333334
556 -0.0043210073333334
557 -0.0067424073333334
558 -0.0136471073333334
559 -0.0140502073333334
560 -0.0135548073333334
561 -0.0132956073333334
562 -0.0152108073333334
563 -0.0173049073333334
564 -0.0175849073333334
565 -0.0173326073333334
566 -0.0160657073333334
567 -0.0169832073333334
568 -0.0132477073333334
569 -0.0064019073333334
570 -0.0013223073333334
571 -0.0053892073333334
572 0.0036718926666666
573 0.0055703926666666
574 0.0053582926666666
575 0.0004689926666666
576 0.0037269926666666
577 0.0054002926666666
578 0.0126904926666666
579 0.0205342926666666
580 0.0241860926666666
581 0.0210639926666666
582 0.0188574926666666
583 0.0305443926666666
584 0.0294141926666666
585 0.0288897926666666
586 0.0279362926666666
587 0.0306838926666666
588 0.0251071926666666
589 0.0151284926666666
590 0.0168387926666666
591 0.0180917926666666
592 0.0155378926666666
593 0.0086055926666666
594 0.0072529926666666
595 0.0057443926666666
596 0.0072893926666666
597 0.0044725926666666
598 0.0032864926666666
599 0.0053726926666666
600 0.0050200926666666
1 -0.0049173073333334
2 -0.0053650073333334
3 -0.0051745073333334
4 -0.0029224073333334
5 -0.0066292073333334
6 -0.0077162073333334
7 -0.0005050073333334
8 -0.0015714073333334
9 -0.0051346073333334
10 -0.0082768073333334
11 -0.0099101073333334
12 -0.0122248073333334
13 -0.0092639073333334
14 -0.0093153073333334
15 -0.0083041073333334
16 -0.0074715073333334
17 -0.0103033073333334
18 -0.0077305073333334
19 -0.0054614073333334
20 -0.0049786073333334
21 -0.0076719073333334
22 -0.0066162073333334
23 -0.0041923073333334
24 -0.0082626073333334
25 -0.0122439073333334
26 -0.0109178073333334
27 -0.0136879073333334
28 -0.0159906073333334
29 -0.0146987073333334
30 -0.0137391073333334
31 -0.0139557073333334
32 -0.0113824073333334
33 -0.0117188073333334
34 -0.0150608073333334
35 -0.0143907073333334
36 -0.0104665073333334
37 -0.0121239073333334
38 -0.0103179073333334
39 -0.0162976073333334
40 -0.0164619073333334
41 -0.0154212073333334
42 -0.0175657073333334
43 -0.0160390073333334
44 -0.0167467073333334
45 -0.0167819073333334
46 -0.0124895073333334
47 -0.0103248073333334
48 -0.0114839073333334
49 -0.0106161073333334
50 -0.0072680073333334
51 -0.0092338073333334
52 -0.0112454073333334
53 -0.0113179073333334
54 -0.0101537073333334
55 -0.0127221073333334
56 -0.0090658073333334
57 -0.0065489073333334
58 -0.0085672073333334
59 -0.0081517073333334
60 -0.0120919073333334
61 -0.0156659073333334
62 -0.0192466073333334
63 -0.0214480073333334
64 -0.0216732073333334
65 -0.0242432073333334
66 -0.0264020073333334
67 -0.0273603073333334
68 -0.0299414073333334
69 -0.0339111073333334
70 -0.0363827073333334
71 -0.0379334073333334
72 -0.0386952073333334
73 -0.0389658073333334
74 -0.0401558073333334
75 -0.0411068073333334
76 -0.0426669073333334
77 -0.0448869073333334
78 -0.0473637073333334
79 -0.0484767073333334
80 -0.0467685073333334
81 -0.0460886073333334
82 -0.0464819073333334
83 -0.0468664073333334
84 -0.0470966073333334
85 -0.0482248073333334
86 -0.0485261073333334
87 -0.0476988073333334
88 -0.0482273073333334
89 -0.0493592073333334
90 -0.0484947073333334
91 -0.0466229073333334
92 -0.0465700073333334
93 -0.0460250073333334
94 -0.0442149073333334
95 -0.0432935073333334
96 -0.0427694073333334
97 -0.0423558073333334
98 -0.0417767073333334
99 -0.0411566073333334
100 -0.0381930073333334
101 -0.0362394073333334
102 -0.0347930073333334
103 -0.0326430073333334
104 -0.0303125073333334
105 -0.0296273073333334
106 -0.0323448073333334
107 -0.0322376073333334
108 -0.0316842073333334
109 -0.0310116073333334
110 -0.0309307073333334
111 -0.0322246073333334
112 -0.0334157073333334
113 -0.0286363073333334
114 -0.0295272073333334
115 -0.0298891073333334
116 -0.0287083073333334
117 -0.0260607073333334
118 -0.0272753073333334
119 -0.0288625073333334
120 -0.0283822073333334
121 -0.0277464073333334
122 -0.0273000073333334
123 -0.0265308073333334
124 -0.0290165073333334
125 -0.0268897073333334
126 -0.0230361073333334
127 -0.0275307073333334
128 -0.0295777073333334
129 -0.0295972073333334
130 -0.0310007073333334
131 -0.0316900073333334
132 -0.0318871073333334
133 -0.0306233073333334
134 -0.0341936073333334
135 -0.0348211073333334
136 -0.0344899073333334
137 -0.0342779073333334
138 -0.0331619073333334
139 -0.0303152073333334
140 -0.0293427073333334
141 -0.0270911073333334
142 -0.0280685073333334
143 -0.0299017073333334
144 -0.0267560073333334
145 -0.0243615073333334
146 -0.0247206073333334
147 -0.0255088073333334
148 -0.0257163073333334
149 -0.0230466073333334
150 -0.0245038073333334
151 -0.0215411073333334
152 -0.0183111073333334
153 -0.0143033073333334
154 -0.0155954073333334
155 -0.0160485073333334
156 -0.0137662073333334
157 -0.0147793073333334
158 -0.0155062073333334
159 -0.0172768073333334
160 -0.0143237073333334
161 -0.0142190073333334
162 -0.0126629073333334
163 -0.0084258073333334
164 -0.0113558073333334
165 -0.0132046073333334
166 -0.0147489073333334
167 -0.0152948073333334
168 -0.0122584073333334
169 -0.0107042073333334
170 -0.0076102073333334
171 -0.0046029073333334
172 -0.0083158073333334
173 -0.0069239073333334
174 -0.0084443073333334
175 -0.0062386073333334
176 -0.0083481073333334
177 -0.0098426073333334
178 -0.0098031073333334
179 -0.0117969073333334
180 -0.0130538073333334
181 -0.0137478073333334
182 -0.0114110073333334
183 -0.0061568073333334
184 -0.0070033073333334
185 -0.0059917073333334
186 -0.0034311073333334
187 -0.0086570073333334
188 -0.0116679073333334
189 -0.0122823073333334
190 -0.0100289073333334
191 -0.0085461073333334
192 -0.0114308073333334
193 -0.0114563073333334
194 -0.0119727073333334
195 -0.0080237073333334
196 -0.0063387073333334
197 -0.0097458073333334
198 -0.0063644073333334
199 -0.0038176073333334
200 -0.0047078073333334
201 -0.0120577073333334
202 -0.0155049073333334
203 -0.0139995073333334
204 -0.0131650073333334
205 -0.0127290073333334
206 -0.0170633073333334
207 -0.0117165073333334
208 -0.0092639073333334
209 -0.0041685073333334
210 -0.0003027073333334
211 0.0060914926666666
212 0.0114663926666666
213 0.0078840926666666
214 0.0052681926666666
215 0.0047130926666666
216 0.0056304926666666
217 0.0000602926666666
218 0.0046684926666666
219 0.0048710926666666
220 0.0041757926666666
221 0.0029286926666666
222 0.0025788926666666
223 0.0030908926666666
224 0.0030073926666666
225 0.0085714926666666
226 0.0112225926666666
227 0.0073376926666666
228 0.0015346926666666
229 0.0076001926666666
230 0.0077584926666666
231 0.0066561926666666
232 0.0025826926666666
233 0.0001570926666666
234 0.0015456926666666
235 0.0017086926666666
236 0.0078416926666666
237 0.0025718926666666
238 0.0002710926666666
239 -0.0042817073333334
240 -0.0062561073333334
241 -0.0081709073333334
242 -0.0087051073333334
243 -0.0068378073333334
244 -0.0059912073333334
245 -0.0114050073333334
246 -0.0141782073333334
247 -0.0161722073333334
248 -0.0166849073333334
249 -0.0159426073333334
250 -0.0198452073333334
251 -0.0152404073333334
252 -0.0126384073333334
253 -0.0147517073333334
254 -0.0180980073333334
255 -0.0189837073333334
256 -0.0196604073333334
257 -0.0198584073333334
258 -0.0176174073333334
259 -0.0162990073333334
260 -0.0101408073333334
261 -0.0105877073333334
262 -0.0095841073333334
263 -0.0124875073333334
264 -0.0082234073333334
265 -0.0062998073333334
266 -0.0041351073333334
267 -0.0069353073333334
268 -0.0105213073333334
269 -0.0060335073333334
270 -0.0100480073333334
271 -0.0117664073333334
272 -0.0127687073333334
273 -0.0096693073333334
274 -0.0115844073333334
275 -0.0125228073333334
276 -0.0080840073333334
277 -0.0089317073333334
278 -0.0138453073333334
279 -0.0123728073333334
280 -0.0118986073333334
281 -0.0116184073333334
282 -0.0127819073333334
283 -0.0127342073333334
284 -0.0101748073333334
285 -0.0093344073333334
286 -0.0030654073333334
287 -0.0010123073333334
288 -0.0052584073333334
289 -0.0033014073333334
290 -0.0004841073333334
291 -0.0061775073333334
292 -0.0032243073333334
293 -0.0012329073333334
294 0.0017652926666666
295 0.0024749926666666
296 0.0012952926666666
297 0.0024652926666666
298 0.0028892926666666
299 0.0073489926666666
300 0.0109487926666666
301 0.0058910926666666
302 0.0083434926666666
303 0.0075517926666666
304 0.0044439926666666
305 0.0022311926666666
306 0.0017752926666666
307 -0.0007314073333334
308 -0.0028358073333334
309 -0.0023379073333334
310 -0.0111002073333334
311 -0.0143416073333334
312 -0.0096359073333334
313 -0.0089863073333334
314 -0.0083286073333334
315 -0.0109822073333334
316 -0.0116893073333334
317 -0.0080085073333334
318 -0.0078122073333334
319 -0.0093836073333334
320 -0.0080589073333334
321 -0.0121302073333334
322 -0.0099319073333334
323 -0.0106607073333334
324 -0.0103115073333334
325 -0.0100215073333334
326 -0.0099047073333334
327 -0.0081245073333334
328 -0.0052180073333334
329 -0.0056861073333334
330 -0.0036087073333334
331 -0.0087567073333334
332 -0.0106155073333334
333 -0.0123538073333334
334 -0.0130286073333334
335 -0.0111579073333334
336 -0.0098888073333334
337 -0.0094006073333334
338 -0.0139379073333334
339 -0.0102814073333334
340 -0.0126982073333334
341 -0.0163259073333334
342 -0.0200374073333334
343 -0.0152706073333334
344 -0.0128849073333334
345 -0.0140721073333334
346 -0.0142571073333334
347 -0.0132461073333334
348 -0.0086570073333334
349 -0.0022404073333334
350 -0.0008148073333334
351 -0.0031905073333334
352 -0.0031643073333334
353 -0.0005822073333334
354 -0.0008682073333334
355 0.0039099926666666
356 -0.0018581073333334
357 -0.0018405073333334
358 -0.0000127073333334
359 -0.0010767073333334
360 -0.0003340073333334
361 -0.0024314073333334
362 -0.0061207073333334
363 -0.0077021073333334
364 -0.0100420073333334
365 -0.0122239073333334
366 -0.0108966073333334
367 -0.0097798073333334
368 -0.0119494073333334
369 -0.0125393073333334
370 -0.0141361073333334
371 -0.0162855073333334
372 -0.0178424073333334
373 -0.0197987073333334
374 -0.0202103073333334
375 -0.0217505073333334
376 -0.0218135073333334
377 -0.0217660073333334
378 -0.0228146073333334
379 -0.0229035073333334
380 -0.0237900073333334
381 -0.0248206073333334
382 -0.0272050073333334
383 -0.0287023073333334
384 -0.0276323073333334
385 -0.0234231073333334
386 -0.0257139073333334
387 -0.0265050073333334
388 -0.0249076073333334
389 -0.0242155073333334
390 -0.0245924073333334
391 -0.0223513073333334
392 -0.0240675073333334
393 -0.0244791073333334
394 -0.0273063073333334
395 -0.0276715073333334
396 -0.0256243073333334
397 -0.0249232073333334
398 -0.0260339073333334
399 -0.0263591073333334
400 -0.0260295073333334
401 -0.0275743073333334
402 -0.0266433073333334
403 -0.0261754073333334
404 -0.0251710073333334
405 -0.0235709073333334
406 -0.0237971073333334
407 -0.0257073073333334
408 -0.0213604073333334
409 -0.0169599073333334
410 -0.0168605073333334
411 -0.0215383073333334
412 -0.0223290073333334
413 -0.0250908073333334
414 -0.0258624073333334
415 -0.0243547073333334
416 -0.0259211073333334
417 -0.0277327073333334
418 -0.0296120073333334
419 -0.0315978073333334
420 -0.0322970073333334
421 -0.0336760073333334
422 -0.0345400073333334
423 -0.0358430073333334
424 -0.0368797073333334
425 -0.0353054073333334
426 -0.0341282073333334
427 -0.0345794073333334
428 -0.0357800073333334
429 -0.0346905073333334
430 -0.0330450073333334
431 -0.0330762073333334
432 -0.0318455073333334
433 -0.0312956073333334
434 -0.0315808073333334
435 -0.0292681073333334
436 -0.0272817073333334
437 -0.0257090073333334
438 -0.0243895073333334
439 -0.0205735073333334
440 -0.0212340073333334
441 -0.0206222073333334
442 -0.0191963073333334
443 -0.0208164073333334
444 -0.0180293073333334
445 -0.0137295073333334
446 -0.0112210073333334
447 -0.0108341073333334
448 -0.0122603073333334
449 -0.0130281073333334
450 -0.0091455073333334
451 -0.0103372073333334
452 -0.0111783073333334
453 -0.0108819073333334
454 -0.0110363073333334
455 -0.0130840073333334
456 -0.0170254073333334
457 -0.0202132073333334
458 -0.0240882073333334
459 -0.0267103073333334
460 -0.0247000073333334
461 -0.0272074073333334
462 -0.0281915073333334
463 -0.0278268073333334
464 -0.0305182073333334
465 -0.0330667073333334
466 -0.0343256073333334
467 -0.0343740073333334
468 -0.0339540073333334
469 -0.0335701073333334
470 -0.0312048073333334
471 -0.0283594073333334
472 -0.0329480073333334
473 -0.0307039073333334
474 -0.0258896073333334
475 -0.0239802073333334
476 -0.0261397073333334
477 -0.0213615073333334
478 -0.0212890073333334
479 -0.0185770073333334
480 -0.0169494073333334
481 -0.0148483073333334
482 -0.0101226073333334
483 -0.0059566073333334
484 -0.0063531073333334
485 -0.0098908073333334
486 -0.0110684073333334
487 -0.0065881073333334
488 -0.0054098073333334
489 -0.0052748073333334
490 -0.0038512073333334
491 -0.0088652073333334
492 -0.0072470073333334
493 -0.0021323073333334
494 0.0011091926666666
495 0.0003665926666666
496 -0.0029963073333334
497 -0.0035102073333334
498 -0.0067835073333334
499 -0.0025973073333334
500 0.0018005926666666
501 -0.0010482073333334
502 -0.0052373073333334
503 -0.0065818073333334
504 -0.0063420073333334
505 -0.0029927073333334
506 -0.0059397073333334
507 -0.0058996073333334
508 -0.0045701073333334
509 0.0015238926666666
510 0.0013965926666666
511 0.0031984926666666
512 0.0002846926666666
513 -0.0068236073333334
514 -0.0080028073333334
515 -0.0097873073333334
516 -0.0084921073333334
517 -0.0111896073333334
518 -0.0114186073333334
519 -0.0094638073333334
520 -0.0133444073333334
521 -0.0124676073333334
522 -0.0111805073333334
523 -0.0123263073333334
524 -0.0084583073333334
525 -0.0079055073333334
526 -0.0012048073333334
527 0.0048031926666666
528 0.0027615926666666
529 0.0049821926666666
530 0.0067479926666666
531 0.0105391926666666
532 0.0092509926666666
533 0.0063165926666666
534 0.0113224926666666
535 0.0080478926666666
536 0.0093812926666666
537 0.0155338926666666
538 0.0116608926666666
539 0.0106167926666666
540 0.0122006926666666
541 0.0174167926666666
542 0.0085875926666666
543 0.0076700926666666
544 0.0057354926666666
545 0.0053756926666666
546 0.0088453926666666
547 0.0071083926666666
548 0.0110189926666666
549 0.0059171926666666
550 0.0070718926666666
551 0.0043042926666666
552 0.0033394926666666
553 0.0026342926666666
554 0.0076278926666666
555 0.0079029926666666
556 -0.0017441073333334
557 -0.0004652073333334
558 0.0021273926666666
559 0.0111697926666666
560 0.0147837926666666
561 0.0122865926666666
562 0.0146254926666666
563 0.0077784926666666
564 0.0076691926666666
565 0.0029356926666666
566 -0.0000476073333334
567 -0.0011404073333334
568 -0.0047376073333334
569 -0.0091438073333334
570 -0.0062602073333334
571 -0.0084251073333334
572 -0.0116614073333334
573 -0.0131960073333334
574 -0.0144614073333334
575 -0.0206042073333334
576 -0.0228742073333334
577 -0.0193852073333334
578 -0.0206077073333334
579 -0.0209088073333334
580 -0.0212099073333334
581 -0.0226631073333334
582 -0.0223211073333334
583 -0.0228551073333334
584 -0.0223902073333334
585 -0.0219193073333334
586 -0.0218687073333334
587 -0.0167735073333334
588 -0.0196718073333334
589 -0.0231920073333334
590 -0.0207133073333334
591 -0.0245843073333334
592 -0.0204977073333334
593 -0.0172518073333334
594 -0.0167793073333334
595 -0.0161585073333334
596 -0.0183100073333334
597 -0.0200770073333334
598 -0.0211354073333334
599 -0.0215739073333334
600 -0.0224263073333334
1 0.0054058926666666
2 0.0034172926666666
3 -0.0066273073333334
4 -0.0080321073333334
5 -0.0063192073333334
6 -0.0040647073333334
7 -0.0072555073333334
8 -0.0086664073333334
9 -0.0049564073333334
10 -0.0083943073333334
11 -0.0125918073333334
12 -0.0088357073333334
13 -0.0100402073333334
14 -0.0072881073333334
15 -0.0094291073333334
16 -0.0103769073333334
17 -0.0135431073333334
18 -0.0163581073333334
19 -0.0170600073333334
20 -0.0065316073333334
21 -0.0038692073333334
22 -0.0032788073333334
23 -0.0053427073333334
24 -0.0090050073333334
25 -0.0111032073333334
26 -0.0077982073333334
27 -0.0116706073333334
28 -0.0126286073333334
29 -0.0129327073333334
30 -0.0113169073333334
31 -0.0115394073333334
32 -0.0128900073333334
33 -0.0148461073333334
34 -0.0179302073333334
35 -0.0202997073333334
36 -0.0208096073333334
37 -0.0179730073333334
38 -0.0167504073333334
39 -0.0143756073333334
40 -0.0165319073333334
41 -0.0171442073333334
42 -0.0153886073333334
43 -0.0142542073333334
44 -0.0169587073333334
45 -0.0151402073333334
46 -0.0178407073333334
47 -0.0171200073333334
48 -0.0141884073333334
49 -0.0154887073333334
50 -0.0167855073333334
51 -0.0138802073333334
52 -0.0146825073333334
53 -0.0170777073333334
54 -0.0169399073333334
55 -0.0149442073333334
56 -0.0154474073333334
57 -0.0154083073333334
58 -0.0152995073333334
59 -0.0191863073333334
60 -0.0195500073333334
61 -0.0212578073333334
62 -0.0240104073333334
63 -0.0197933073333334
64 -0.0183712073333334
65 -0.0221279073333334
66 -0.0189626073333334
67 -0.0216749073333334
68 -0.0184373073333334
69 -0.0176522073333334
70 -0.0117537073333334
71 -0.0117893073333334
72 -0.0060101073333334
73 -0.0033933073333334
74 -0.0047473073333334
75 0.0083025926666666
76 0.0140951926666666
77 0.0136580926666666
78 0.0166342926666666
79 0.0195491926666666
80 0.0220777926666666
81 0.0194790926666666
82 0.0241617926666666
83 0.0199286926666666
84 0.0152375926666666
85 0.0151357926666666
86 0.0206628926666666
87 0.0290919926666666
88 0.0253496926666666
89 0.0271797926666666
90 0.0350509926666666
91 0.0428804926666666
92 0.0343927926666666
93 0.0260499926666666
94 0.0276724926666666
95 0.0245192926666666
96 0.0198824926666666
97 0.0174569926666666
98 0.0125899926666666
99 0.0027220926666666
100 0.0052545926666666
101 0.0096936926666666
102 -0.0012288073333334
103 -0.0056267073333334
104 -0.0092344073333334
105 -0.0074048073333334
106 -0.0124388073333334
107 -0.0166751073333334
108 -0.0162037073333334
109 -0.0145616073333334
110 -0.0199642073333334
111 -0.0181309073333334
112 -0.0210734073333334
113 -0.0210744073333334
114 -0.0208391073333334
115 -0.0228049073333334
116 -0.0211652073333334
117 -0.0236551073333334
118 -0.0236866073333334
119 -0.0216732073333334
120 -0.0215184073333334
121 -0.0246720073333334
122 -0.0219833073333334
123 -0.0236207073333334
124 -0.0245811073333334
125 -0.0236602073333334
126 -0.0175855073333334
127 -0.0180894073333334
128 -0.0189632073333334
129 -0.0198427073333334
130 -0.0197205073333334
131 -0.0101232073333334
132 -0.0114469073333334
133 -0.0061114073333334
134 -0.0044318073333334
135 0.0005014926666666
136 0.0071716926666666
137 0.0178780926666666
138 0.0193860926666666
139 0.0186507926666666
140 0.0241661926666666
141 0.0255299926666666
142 0.0276184926666666
143 0.0321771926666666
144 0.0281154926666666
145 0.0326531926666666
146 0.0400680926666666
147 0.0424555926666666
148 0.0329321926666666
149 0.0423455926666666
150 0.0432027926666666
151 0.0316898926666666
152 0.0441587926666666
153 0.0413896926666666
154 0.0446713926666666
155 0.0532634926666666
156 0.0593653926666666
157 0.0502333926666666
158 0.0522374926666666
159 0.0558922926666666
160 0.0445153926666666
161 0.0394175926666666
162 0.0379370926666666
163 0.0324005926666666
164 0.0265725926666666
165 0.0199780926666666
166 0.0157716926666666
167 0.0150569926666666
168 0.0072651926666666
169 0.0082273926666666
170 0.0060276926666666
171 -0.0015671073333334
172 -0.0028051073333334
173 -0.0099658073333334
174 -0.0095033073333334
175 -0.0098755073333334
176 -0.0080385073333334
177 -0.0104495073333334
178 -0.0141811073333334
179 -0.0181007073333334
180 -0.0126552073333334
181 -0.0160789073333334
182 -0.0140173073333334
183 -0.0083340073333334
184 -0.0081017073333334
185 -0.0095992073333334
186 -0.0072715073333334
187 -0.0054299073333334
188 -0.0050407073333334
189 -0.0094707073333334
190 -0.0038826073333334
191 -0.0054527073333334
192 -0.0098536073333334
193 -0.0135333073333334
194 -0.0141386073333334
195 -0.0128597073333334
196 -0.0150988073333334
197 -0.0151559073333334
198 -0.0100905073333334
199 -0.0116033073333334
200 -0.0091436073333334
201 -0.0086630073333334
202 -0.0014352073333334
203 -0.0074687073333334
204 0.0042759926666666
205 0.0023636926666666
206 0.0050374926666666
207 0.0057924926666666
208 0.0061856926666666
209 0.0071003926666666
210 0.0105321926666666
211 0.0100691926666666
212 0.0089860926666666
213 0.0066290926666666
214 -0.0015344073333334
215 -0.0035502073333334
216 -0.0051456073333334
217 -0.0122010073333334
218 -0.0146069073333334
219 -0.0165919073333334
220 -0.0170714073333334
221 -0.0200676073333334
222 -0.0209982073333334
223 -0.0207438073333334
224 -0.0224657073333334
225 -0.0272163073333334
226 -0.0269429073333334
227 -0.0291239073333334
228 -0.0270984073333334
229 -0.0266885073333334
230 -0.0261576073333334
231 -0.0282658073333334
232 -0.0308108073333334
233 -0.0311523073333334
234 -0.0324100073333334
235 -0.0314062073333334
236 -0.0292504073333334
237 -0.0291472073333334
238 -0.0301317073333334
239 -0.0302931073333334
240 -0.0294172073333334
241 -0.0308656073333334
242 -0.0312256073333334
243 -0.0287341073333334
244 -0.0233890073333334
245 -0.0190387073333334
246 -0.0201523073333334
247 -0.0177602073333334
248 -0.0171284073333334
249 -0.0178770073333334
250 -0.0190459073333334
251 -0.0130570073333334
252 -0.0131513073333334
253 -0.0120977073333334
254 -0.0126030073333334
255 -0.0094399073333334
256 -0.0093101073333334
257 -0.0123045073333334
258 -0.0139435073333334
259 -0.0120759073333334
260 -0.0090620073333334
261 -0.0054106073333334
262 -0.0126455073333334
263 -0.0150646073333334
264 -0.0093752073333334
265 -0.0083052073333334
266 -0.0146377073333334
267 -0.0162500073333334
268 -0.0189801073333334
269 -0.0155506073333334
270 -0.0115666073333334
271 -0.0081440073333334
272 -0.0081003073333334
273 -0.0098408073333334
274 -0.0095626073333334
275 -0.0056033073333334
276 -0.0056263073333334
277 -0.0056552073333334
278 -0.0077024073333334
279 -0.0086890073333334
280 -0.0096631073333334
281 -0.0094184073333334
282 -0.0127769073333334
283 -0.0140618073333334
284 -0.0151591073333334
285 -0.0176223073333334
286 -0.0192408073333334
287 -0.0238048073333334
288 -0.0293495073333334
289 -0.0253562073333334
290 -0.0276823073333334
291 -0.0303994073333334
292 -0.0304118073333334
293 -0.0314225073333334
294 -0.0278838073333334
295 -0.0288619073333334
296 -0.0268210073333334
297 -0.0237767073333334
298 -0.0203759073333334
299 -0.0182408073333334
300 -0.0132574073333334
301 -0.0124672073333334
302 -0.0101685073333334
303 -0.0107543073333334
304 -0.0076557073333334
305 -0.0078772073333334
306 -0.0061024073333334
307 -0.0088058073333334
308 0.0014633926666666
309 0.0032352926666666
310 0.0079397926666666
311 0.0077401926666666
312 0.0062007926666666
313 0.0078436926666666
314 0.0043349926666666
315 0.0091030926666666
316 0.0043993926666666
317 0.0066959926666666
318 0.0117539926666666
319 0.0104259926666666
320 0.0045665926666666
321 0.0132442926666666
322 0.0132156926666666
323 0.0094785926666666
324 0.0092957926666666
325 0.0063702926666666
326 0.0048333926666666
327 0.0070902926666666
328 0.0016459926666666
329 -0.0016662073333334
330 -0.0031965073333334
331 -0.0023045073333334
332 -0.0026236073333334
333 -0.0007878073333334
334 -0.0052994073333334
335 -0.0066794073333334
336 -0.0112789073333334
337 -0.0121834073333334
338 -0.0114591073333334
339 -0.0155115073333334
340 -0.0216367073333334
341 -0.0246476073333334
342 -0.0254577073333334
343 -0.0248538073333334
344 -0.0265981073333334
345 -0.0297278073333334
346 -0.0321662073333334
347 -0.0342019073333334
348 -0.0328725073333334
349 -0.0334421073333334
350 -0.0320080073333334
351 -0.0320561073333334
352 -0.0345796073333334
353 -0.0342637073333334
354 -0.0348440073333334
355 -0.0372405073333334
356 -0.0374416073333334
357 -0.0355333073333334
358 -0.0331352073333334
359 -0.0326027073333334
360 -0.0346722073333334
361 -0.0356784073333334
362 -0.0355531073333334
363 -0.0363414073333334
364 -0.0365772073333334
365 -0.0372373073333334
366 -0.0374873073333334
367 -0.0352124073333334
368 -0.0384734073333334
369 -0.0382184073333334
370 -0.0350935073333334
371 -0.0354777073333334
372 -0.0329502073333334
373 -0.0279100073333334
374 -0.0232588073333334
375 -0.0220077073333334
376 -0.0173076073333334
377 -0.0180515073333334
378 -0.0183113073333334
379 -0.0116720073333334
380 -0.0032506073333334
381 -0.0032700073333334
382 -0.0007013073333334
383 0.0060842926666666
384 0.0036829926666666
385 0.0095652926666666
386 0.0064926926666666
387 0.0064417926666666
388 0.0078890926666666
389 0.0026606926666666
390 -0.0036986073333334
391 -0.0081403073333334
392 -0.0079238073333334
393 -0.0082740073333334
394 -0.0078968073333334
395 -0.0109982073333334
396 -0.0137751073333334
397 -0.0197269073333334
398 -0.0224632073333334
399 -0.0229745073333334
400 -0.0227596073333334
401 -0.0272990073333334
402 -0.0313971073333334
403 -0.0321402073333334
404 -0.0307605073333334
405 -0.0318405073333334
406 -0.0348840073333334
407 -0.0359547073333334
408 -0.0357656073333334
409 -0.0363304073333334
410 -0.0384006073333334
411 -0.0389264073333334
412 -0.0400456073333334
413 -0.0383263073333334
414 -0.0365219073333334
415 -0.0340245073333334
416 -0.0342108073333334
417 -0.0322013073333334
418 -0.0293090073333334
419 -0.0314730073333334
420 -0.0322915073333334
421 -0.0350886073333334
422 -0.0325683073333334
423 -0.0303318073333334
424 -0.0285183073333334
425 -0.0270825073333334
426 -0.0255460073333334
427 -0.0242078073333334
428 -0.0224565073333334
429 -0.0227308073333334
430 -0.0199204073333334
431 -0.0163569073333334
432 -0.0166815073333334
433 -0.0140938073333334
434 -0.0135032073333334
435 -0.0079898073333334
436 -0.0105068073333334
437 -0.0048458073333334
438 -0.0099632073333334
439 -0.0119103073333334
440 -0.0100201073333334
441 -0.0110639073333334
442 -0.0069578073333334
443 -0.0039899073333334
444 -0.0067539073333334
445 -0.0064275073333334
446 -0.0076034073333334
447 -0.0105434073333334
448 -0.0084428073333334
449 -0.0088830073333334
450 -0.0102578073333334
451 -0.0060678073333334
452 -0.0039089073333334
453 -0.0044836073333334
454 -0.0036644073333334
455 -0.0037220073333334
456 -0.0056372073333334
457 -0.0068468073333334
458 -0.0089922073333334
459 -0.0093486073333334
460 -0.0091859073333334
461 -0.0084872073333334
462 -0.0114578073333334
463 -0.0112122073333334
464 -0.0104154073333334
465 -0.0101733073333334
466 -0.0112371073333334
467 -0.0134696073333334
468 -0.0174988073333334
469 -0.0172458073333334
470 -0.0204711073333334
471 -0.0234749073333334
472 -0.0252165073333334
473 -0.0279698073333334
474 -0.0284534073333334
475 -0.0301328073333334
476 -0.0312179073333334
477 -0.0336594073333334
478 -0.0339426073333334
479 -0.0340983073333334
480 -0.0346750073333334
481 -0.0348151073333334
482 -0.0368094073333334
483 -0.0371312073333334
484 -0.0355821073333334
485 -0.0370903073333334
486 -0.0374614073333334
487 -0.0388672073333334
488 -0.0397284073333334
489 -0.0373890073333334
490 -0.0369723073333334
491 -0.0349713073333334
492 -0.0350210073333334
493 -0.0333048073333334
494 -0.0350218073333334
495 -0.0350862073333334
496 -0.0353722073333334
497 -0.0342122073333334
498 -0.0341280073333334
499 -0.0323769073333334
500 -0.0327389073333334
501 -0.0340122073333334
502 -0.0291065073333334
503 -0.0307302073333334
504 -0.0310091073333334
505 -0.0301372073333334
506 -0.0295759073333334
507 -0.0245767073333334
508 -0.0227208073333334
509 -0.0234901073333334
510 -0.0200531073333334
511 -0.0200661073333334
512 -0.0223724073333334
513 -0.0220619073333334
514 -0.0213838073333334
515 -0.0183001073333334
516 -0.0171858073333334
517 -0.0190541073333334
518 -0.0223477073333334
519 -0.0240885073333334
520 -0.0247528073333334
521 -0.0242159073333334
522 -0.0233696073333334
523 -0.0224013073333334
524 -0.0212083073333334
525 -0.0230433073333334
526 -0.0260675073333334
527 -0.0307065073333334
528 -0.0291234073333334
529 -0.0291113073333334
530 -0.0293564073333334
531 -0.0295972073333334
532 -0.0354123073333334
533 -0.0376865073333334
534 -0.0382342073333334
535 -0.0394203073333334
536 -0.0407483073333334
537 -0.0420117073333334
538 -0.0423365073333334
539 -0.0436671073333334
540 -0.0437047073333334
541 -0.0429466073333334
542 -0.0423143073333334
543 -0.0416573073333334
544 -0.0415953073333334
545 -0.0437426073333334
546 -0.0438243073333334
547 -0.0432660073333334
548 -0.0448324073333334
549 -0.0448812073333334
550 -0.0461739073333334
551 -0.0459971073333334
552 -0.0436656073333334
553 -0.0422231073333334
554 -0.0413264073333334
555 -0.0398252073333334
556 -0.0399517073333334
557 -0.0407331073333334
558 -0.0390779073333334
559 -0.0380306073333334
560 -0.0350716073333334
561 -0.0368384073333334
562 -0.0360805073333334
563 -0.0322188073333334
564 -0.0318666073333334
565 -0.0335101073333334
566 -0.0284604073333334
567 -0.0228509073333334
568 -0.0201257073333334
569 -0.0179577073333334
570 -0.0152441073333334
571 -0.0108260073333334
572 -0.0067147073333334
573 -0.0068441073333334
574 -0.0011278073333334
575 0.0066103926666666
576 0.0073281926666666
577 0.0133552926666666
578 0.0224133926666666
579 0.0216088926666666
580 0.0208780926666666
581 0.0249853926666666
582 0.0155117926666666
583 0.0086945926666666
584 0.0113545926666666
585 0.0166369926666666
586 0.0255513926666666
587 0.0200728926666666
588 0.0207190926666666
589 0.0210386926666666
590 0.0265485926666666
591 0.0209860926666666
592 0.0147554926666666
593 0.0049441926666666
594 0.0037091926666666
595 0.0032096926666666
596 0.0030094926666666
597 0.0074808926666666
598 0.0081221926666666
599 0.0021951926666666
600 0.0028410926666666
